date,model,rebalance_number,decision_date,effective_start_date,segment_end_date,rebalance_flag,gross_portfolio_return,transaction_cost,net_portfolio_return,cash_weight_start,risky_weight_sum_start,turnover,portfolio_scaler,ex_ante_portfolio_vol,target_portfolio_vol,equity_curve,running_peak,drawdown,portfolio_log_return,realized_vol_21d
2023-12-29,EWMA,1,2023-12-28,2023-12-29,2024-01-30,1,-0.0025668244714234763,0.0007679076893232533,-0.0033347321607467297,0.23209231067674674,0.7679076893232533,0.7679076893232533,1.0,0.06950718430686924,0.1,0.9966652678392532,0.9966652678392532,0.0,-0.0033403047722654973,
2024-01-02,EWMA,1,2023-12-28,2023-12-29,2024-01-30,0,-0.0036968492948542785,0.0,-0.0036968492948542785,0.23268958399519096,0.7673104160048092,0.0,1.0,0.06950718430686924,0.1,0.9929807465466359,0.9966652678392532,-0.003696849294854254,-0.0037036995302787714,
2024-01-03,EWMA,1,2023-12-28,2023-12-29,2024-01-30,0,-0.003200446538440532,0.0,-0.003200446538440532,0.2335529942171738,0.7664470057828262,0.0,1.0,0.06950718430686924,0.1,0.9898027647536126,0.9966652678392532,-0.006885464264765995,-0.003205578920999469,
2024-01-04,EWMA,1,2023-12-28,2023-12-29,2024-01-30,0,-0.002596203946865299,0.0,-0.002596203946865299,0.23430286802007536,0.7656971319799247,0.0,1.0,0.06950718430686924,0.1,0.987233034909141,0.9966652678392532,-0.009463792142131222,-0.002599579928756421,
2024-01-05,EWMA,1,2023-12-28,2023-12-29,2024-01-30,0,7.21484154433666e-05,0.0,7.21484154433666e-05,0.2349127494273075,0.7650872505726926,0.0,1.0,0.06950718430686924,0.1,0.987304262208283,0.9966652678392532,-0.009392326524295003,7.21458128716213e-05,
2024-01-08,EWMA,1,2023-12-28,2023-12-29,2024-01-30,0,0.005312380074086981,0.0,0.005312380074086981,0.23489580206739405,0.765104197932606,0.0,1.0,0.06950718430686924,0.1,0.9925491976978996,0.9966652678392532,-0.004129842058484878,0.005298319159027969,
2024-01-09,EWMA,1,2023-12-28,2023-12-29,2024-01-30,0,-0.00196010979255487,0.0,-0.00196010979255487,0.23365454034305563,0.7663454596569444,0.0,1.0,0.06950718430686924,0.1,0.9906036922958995,0.9966652678392532,-0.006081856907179217,-0.0019620333217175365,
2024-01-10,EWMA,1,2023-12-28,2023-12-29,2024-01-30,0,0.0009212401792882734,0.0,0.0009212401792882734,0.23411342836656557,0.7658865716334344,0.0,1.0,0.06950718430686924,0.1,0.9915162762189937,0.9966652678392532,-0.00516621957883856,0.0009208160979881426,
2024-01-11,EWMA,1,2023-12-28,2023-12-29,2024-01-30,0,0.001509862263506056,0.0,0.001509862263506056,0.2338979521751685,0.7661020478248314,0.0,1.0,0.06950718430686924,0.1,0.9930133292281089,0.9966652678392532,-0.0036641575953194616,0.0015087235675173127,
2024-01-12,EWMA,1,2023-12-28,2023-12-29,2024-01-30,0,0.001605714348401877,0.0,0.001605714348401877,0.23354533089323481,0.7664546691067652,0.0,1.0,0.06950718430686924,0.1,0.9946078249790048,0.9966652678392532,-0.0020643268373432555,0.0016044265674721192,
2024-01-16,EWMA,1,2023-12-28,2023-12-29,2024-01-30,0,-0.007164435853308499,0.0,-0.007164435853308499,0.23317092499334283,0.7668290750066571,0.0,1.0,0.06950718430686924,0.1,0.9874820210177441,0.9966652678392532,-0.009213972953445282,-0.007190223667770908,
2024-01-17,EWMA,1,2023-12-28,2023-12-29,2024-01-30,0,-0.004175657738372382,0.0,-0.004175657738372382,0.23485351795767445,0.7651464820423256,0.0,1.0,0.06950718430686924,0.1,0.9833586340751778,0.9966652678392532,-0.013351156294353461,-0.004184400142492116,
2024-01-18,EWMA,1,2023-12-28,2023-12-29,2024-01-30,0,0.003860465823685025,0.0,0.003860465823685025,0.23583829797160416,0.764161702028396,0.0,1.0,0.06950718430686924,0.1,0.9871548564744504,0.9966652678392532,-0.009542232153249564,0.0038530333479018164,
2024-01-19,EWMA,1,2023-12-28,2023-12-29,2024-01-30,0,0.005383189974822029,0.0,0.005383189974822029,0.2349313535104649,0.765068646489535,0.0,1.0,0.06950718430686924,0.1,0.9924688986014206,0.9966652678392532,-0.004210409826892247,0.005368752397971842,
2024-01-22,EWMA,1,2023-12-28,2023-12-29,2024-01-30,0,0.0020018500209537547,0.0,0.0020018500209537547,0.23367344496415177,0.7663265550358482,0.0,1.0,0.06950718430686924,0.1,0.9944556724868818,0.9966652678392532,-0.00221698841493867,0.001999848989265754,
2024-01-23,EWMA,1,2023-12-28,2023-12-29,2024-01-30,0,0.0006703387739869283,0.0,0.0006703387739869283,0.23320660032640186,0.7667933996735984,0.0,1.0,0.06950718430686924,0.1,0.9951222946831612,0.9966652678392532,-0.0015481357742477275,0.0006701141973070063,
2024-01-24,EWMA,1,2023-12-28,2023-12-29,2024-01-30,0,0.0011263069699463915,0.0,0.0011263069699463915,0.23305037762198952,0.7669496223780106,0.0,1.0,0.06950718430686924,0.1,0.9962431078596118,0.9966652678392532,-0.0004235724804142471,0.0011256731621145943,
2024-01-25,EWMA,1,2023-12-28,2023-12-29,2024-01-30,0,0.00416719742911465,0.0,0.00416719742911465,0.23278818666482776,0.7672118133351724,0.0,1.0,0.06950718430686924,0.1,1.0003946495774576,1.0003946495774576,0.0,0.004158538708638178,
2024-01-26,EWMA,1,2023-12-28,2023-12-29,2024-01-30,0,-4.3878330757846367e-05,0.0,-4.3878330757846367e-05,0.23182213804714583,0.7681778619528543,0.0,1.0,0.06950718430686924,0.1,1.000350753930135,1.0003946495774576,-4.387833075780723e-05,-4.3879293439962106e-05,
2024-01-29,EWMA,1,2023-12-28,2023-12-29,2024-01-30,0,0.0038540038412512617,0.0,0.0038540038412512617,0.2318323104619446,0.7681676895380555,0.0,1.0,0.06950718430686924,0.1,1.0042061095783805,1.0042061095783805,0.0,0.003846596195078124,
2024-01-30,EWMA,1,2023-12-28,2023-12-29,2024-01-30,0,0.00048426589944499103,0.0,0.00048426589944499103,0.23094225811207342,0.7690577418879264,0.0,1.0,0.06950718430686924,0.1,1.0046924123532637,1.0046924123532637,0.0,0.00048414868055618866,0.05376396261658621
2024-01-31,EWMA,2,2024-01-30,2024-01-31,2024-02-29,1,-0.006362158125677467,7.985151267942129e-05,-0.0064420096383568885,0.16809175738444326,0.8319082426155567,0.07985151267942128,1.0,0.06650653517528991,0.1,0.9982201741493,1.0046924123532637,-0.006442009638356838,-0.006462848928597599,0.05734065688919875
2024-02-01,EWMA,2,2024-01-30,2024-01-31,2024-02-29,0,0.006742632899988572,0.0,0.006742632899988572,0.16916803114841902,0.830831968851581,0.0,1.0,0.06650653517528991,0.1,1.0049508063369514,1.0049508063369514,0.0,0.00672000301715265,0.05999513893387963
2024-02-02,EWMA,2,2024-01-30,2024-01-31,2024-02-29,0,-0.0019352500378416876,0.0,-0.0019352500378416876,0.1680350326091976,0.8319649673908026,0.0,1.0,0.06650653517528991,0.1,1.0030059752509588,1.0049508063369514,-0.0019352500378416737,-0.0019371250536696694,0.059144050454417715
2024-02-05,EWMA,2,2024-01-30,2024-01-31,2024-02-29,0,-0.003471985143170354,0.0,-0.003471985143170354,0.16836085295625222,0.8316391470437479,0.0,1.0,0.06650653517528991,0.1,0.9995235534063763,1.0049508063369514,-0.005400516021632384,-0.003478026471241838,0.05982301938976412
2024-02-06,EWMA,2,2024-01-30,2024-01-31,2024-02-29,0,0.0044999701331931395,0.0,0.0044999701331931395,0.1689474359438259,0.8310525640561741,0.0,1.0,0.06650653517528991,0.1,1.0040213795441282,1.0049508063369514,-0.0009248480492403122,0.004489875539843287,0.06128157033306451
2024-02-07,EWMA,2,2024-01-30,2024-01-31,2024-02-29,0,0.0023559259173597984,0.0,0.0023559259173597984,0.16819058334210213,0.8318094166578978,0.0,1.0,0.06650653517528991,0.1,1.0063867795337795,1.0063867795337795,0.0,0.002353155074975348,0.059376996691074456
2024-02-08,EWMA,2,2024-01-30,2024-01-31,2024-02-29,0,-7.682801474788936e-05,0.0,-7.682801474788936e-05,0.16779527011642445,0.8322047298835754,0.0,1.0,0.06650653517528991,0.1,1.0063094608354395,1.0063867795337795,-7.682801474784284e-05,-7.683096617098336e-05,0.058683421386710594
2024-02-09,EWMA,2,2024-01-30,2024-01-31,2024-02-29,0,0.001993275166626124,0.0,0.001993275166626124,0.16780816248440658,0.8321918375155931,0.0,1.0,0.06650653517528991,0.1,1.0083153124936637,1.0083153124936637,0.0,0.001991291229598669,0.05883985124931739
2024-02-12,EWMA,2,2024-01-30,2024-01-31,2024-02-29,0,0.0010066399650875005,0.0,0.0010066399650875005,0.16747434004135506,0.8325256599586448,0.0,1.0,0.06650653517528991,0.1,1.0093303229846293,1.0093303229846293,0.0,0.0010061336428388301,0.05878931529092794
2024-02-13,EWMA,2,2024-01-30,2024-01-31,2024-02-29,0,-0.01140338416047315,0.0,-0.01140338416047315,0.1673059232126534,0.8326940767873467,0.0,1.0,0.06650653517528991,0.1,0.9978205415668212,1.0093303229846293,-0.011403384160473151,-0.01146890129991688,0.07234803690980922
2024-02-14,EWMA,2,2024-01-30,2024-01-31,2024-02-29,0,0.005559135574994719,0.0,0.005559135574994719,0.16923578386981972,0.8307642161301803,0.0,1.0,0.06650653517528991,0.1,1.0033675612369057,1.0093303229846293,-0.005907641544040332,0.00554374060960397,0.06945136398022657
2024-02-15,EWMA,2,2024-01-30,2024-01-31,2024-02-29,0,0.006481670052752762,0.0,0.006481670052752762,0.16830018034995825,0.8316998196500417,0.0,1.0,0.06650653517528991,0.1,1.0098710587104787,1.0098710587104787,0.0,0.006460754359847383,0.06969191854348096
2024-02-16,EWMA,2,2024-01-30,2024-01-31,2024-02-29,0,-0.0019334801376014112,0.0,-0.0019334801376014112,0.16721633921175844,0.8327836607882414,0.0,1.0,0.06650653517528991,0.1,1.0079184930769234,1.0098710587104787,-0.0019334801376014177,-0.0019353517231607672,0.06986980827452756
2024-02-20,EWMA,2,2024-01-30,2024-01-31,2024-02-29,0,-0.0015298570161505214,0.0,-0.0015298570161505214,0.1675402750057303,0.8324597249942698,0.0,1.0,0.06650653517528991,0.1,1.0063765218985818,1.0098710587104787,-0.00346037920559783,-0.0015310284422908936,0.06849768614593998
2024-02-21,EWMA,2,2024-01-30,2024-01-31,2024-02-29,0,0.0001287895515858074,0.0,0.0001287895515858074,0.16779698039347413,0.8322030196065258,0.0,1.0,0.06650653517528991,0.1,1.0065061326795637,1.0098710587104787,-0.0033320353146981674,0.00012878125892350643,0.06834393985582458
2024-02-22,EWMA,2,2024-01-30,2024-01-31,2024-02-29,0,0.008541414097834156,0.0,0.008541414097834156,0.16777537267845977,0.8322246273215405,0.0,1.0,0.06650653517528991,0.1,1.0151031183507895,1.0151031183507895,0.0,0.008505142613935599,0.0736655250335341
2024-02-23,EWMA,2,2024-01-30,2024-01-31,2024-02-29,0,0.0008136548107691044,0.0,0.0008136548107691044,0.16635447026093525,0.8336455297390647,0.0,1.0,0.06650653517528991,0.1,1.0159290618864623,1.0159290618864623,0.0,0.0008133239731398169,0.07366390749583186
2024-02-26,EWMA,2,2024-01-30,2024-01-31,2024-02-29,0,-0.0013293757902704715,0.0,-0.0013293757902704715,0.16621922518871818,0.8337807748112819,0.0,1.0,0.06650653517528991,0.1,1.0145785103869582,1.0159290618864623,-0.0013293757902704817,-0.0013302601941566526,0.07308609322813447
2024-02-27,EWMA,2,2024-01-30,2024-01-31,2024-02-29,0,0.0009579880574397999,0.0,0.0009579880574397999,0.16644048714284668,0.8335595128571534,0.0,1.0,0.06650653517528991,0.1,1.015550464483244,1.0159290618864623,-0.00037266125896151525,0.0009575294797319773,0.07304509092851774
2024-02-28,EWMA,2,2024-01-30,2024-01-31,2024-02-29,0,-0.0019389921235442801,0.0,-0.0019389921235442801,0.16628119174697623,0.8337188082530238,0.0,1.0,0.06650653517528991,0.1,1.0135813201315493,1.0159290618864623,-0.0023109307952599023,-0.0019408744023145653,0.07267220863746718
2024-02-29,EWMA,2,2024-01-30,2024-01-31,2024-02-29,0,0.0019980408811185765,0.0,0.0019980408811185765,0.16660423604842323,0.833395763951577,0.0,1.0,0.06650653517528991,0.1,1.0156064970455103,1.0159290618864623,-0.0003175072483436736,0.001996047452297139,0.07287157561051785
2024-03-01,EWMA,3,2024-02-29,2024-03-01,2024-04-01,1,0.007584272204536134,6.641236906814548e-05,0.007517859835467988,0.15118951033400474,0.8488104896659953,0.06641236906814549,1.0,0.06445684945589258,0.1,1.023241684338289,1.023241684338289,0.0,0.007489741565420841,0.07206310198611457
2024-03-04,EWMA,3,2024-02-29,2024-03-01,2024-04-01,0,2.963470472349116e-05,0.0,2.963470472349116e-05,0.1500514790720292,0.8499485209279707,0.0,1.0,0.06445684945589258,0.1,1.0232720078034652,1.0232720078034652,0.0,2.9634265624304163e-05,0.06925323015049732
2024-03-05,EWMA,3,2024-02-29,2024-03-01,2024-04-01,0,-0.002539809539832039,0.0,-0.002539809539832039,0.15004703247252724,0.8499529675274725,0.0,1.0,0.06445684945589258,0.1,1.0206730917962028,1.0232720078034652,-0.0025398095398321274,-0.002543040327631182,0.06959259931801524
2024-03-06,EWMA,3,2024-02-29,2024-03-01,2024-04-01,0,0.005416317502679317,0.0,0.005416317502679317,0.15042909371982519,0.8495709062801747,0.0,1.0,0.06445684945589258,0.1,1.0262013813278124,1.0262013813278124,0.0,0.005401702006062648,0.06946216788818459
2024-03-07,EWMA,3,2024-02-29,2024-03-01,2024-04-01,0,0.0047323964821064934,0.0,0.0047323964821064934,0.14961871127521686,0.850381288724783,0.0,1.0,0.06445684945589258,0.1,1.0310577731347408,1.0310577731347408,0.0,0.004721233897206049,0.06960243649304773
2024-03-08,EWMA,3,2024-02-29,2024-03-01,2024-04-01,0,-0.0012884136193761291,0.0,-0.0012884136193761291,0.1489139912269978,0.8510860087730021,0.0,1.0,0.06445684945589258,0.1,1.0297293442574704,1.0310577731347408,-0.0012884136193760387,-0.001289244337819394,0.0700275247857029
2024-03-11,EWMA,3,2024-02-29,2024-03-01,2024-04-01,0,0.0002524408129896355,0.0,0.0002524408129896355,0.14910610155897852,0.8508938984410216,0.0,1.0,0.06445684945589258,0.1,1.029989289970294,1.0310577731347408,-0.0010362980545679523,0.0002524089551689674,0.0699675523521536
2024-03-12,EWMA,3,2024-02-29,2024-03-01,2024-04-01,0,0.0021960705681207796,0.0,0.0021960705681207796,0.14906847059307085,0.8509315294069292,0.0,1.0,0.06445684945589258,0.1,1.0322512191354773,1.0322512191354773,0.0,0.002193662729695054,0.07000326171326265
2024-03-13,EWMA,3,2024-02-29,2024-03-01,2024-04-01,0,0.0009707497568104727,0.0,0.0009707497568104727,0.14874182305321507,0.8512581769467851,0.0,1.0,0.06445684945589258,0.1,1.0332532767554206,1.0332532767554206,0.0,0.0009702788839737878,0.0700040886477217
2024-03-14,EWMA,3,2024-02-29,2024-03-01,2024-04-01,0,-0.003846016950101559,0.0,-0.003846016950101559,0.148597571996337,0.851402428003663,0.0,1.0,0.06445684945589258,0.1,1.0292793671392713,1.0332532767554206,-0.0038460169501015606,-0.003853431891390949,0.05640433152521887
2024-03-15,EWMA,3,2024-02-29,2024-03-01,2024-04-01,0,-0.002117638717660744,0.0,-0.002117638717660744,0.14917128729574491,0.8508287127042551,0.0,1.0,0.06445684945589258,0.1,1.0270997253001277,1.0332532767554206,-0.005955511193360019,-0.0021198840850079263,0.055687145891565155
2024-03-18,EWMA,3,2024-02-29,2024-03-01,2024-04-01,0,0.002052499778321332,0.0,0.002052499778321332,0.1494878485516577,0.8505121514483424,0.0,1.0,0.06445684945589258,0.1,1.0292078472586201,1.0332532767554206,-0.003915235100442893,0.0020503962784482405,0.052346349074177054
2024-03-19,EWMA,3,2024-02-29,2024-03-01,2024-04-01,0,0.0026777365537627848,0.0,0.0026777365537627848,0.14918165324145002,0.8508183467585498,0.0,1.0,0.06445684945589258,0.1,1.0319637947326439,1.0332532767554206,-0.0012479825148252743,0.002674157804445458,0.051627400105712366
2024-03-20,EWMA,3,2024-02-29,2024-03-01,2024-04-01,0,0.005216617297238462,0.0,0.005216617297238462,0.14878325089194902,0.851216749108051,0.0,1.0,0.06445684945589258,0.1,1.03734715491437,1.03734715491437,0.0,0.005203057884959161,0.05252839120108724
2024-03-21,EWMA,3,2024-02-29,2024-03-01,2024-04-01,0,0.0017094510713903817,0.0,0.0017094510713903817,0.14801113345299424,0.8519888665470058,0.0,1.0,0.06445684945589258,0.1,1.039120449119742,1.039120449119742,0.0,0.0017079916229081045,0.05231485458136209
2024-03-22,EWMA,3,2024-02-29,2024-03-01,2024-04-01,0,-0.0023192234109744854,0.0,-0.0023192234109744854,0.147758547445756,0.852241452554244,0.0,1.0,0.06445684945589258,0.1,1.0367104966473213,1.039120449119742,-0.002319223410974458,-0.002321916975046622,0.04730022982282412
2024-03-25,EWMA,3,2024-02-29,2024-03-01,2024-04-01,0,-0.0005662466015811371,0.0,-0.0005662466015811371,0.1481020291389479,0.8518979708610522,0.0,1.0,0.06445684945589258,0.1,1.0361234628517713,1.039120449119742,-0.0028841567601808338,-0.0005664069797332849,0.047610395032381486
2024-03-26,EWMA,3,2024-02-29,2024-03-01,2024-04-01,0,-0.0005750894061360753,0.0,-0.0005750894061360753,0.14818593892326531,0.8518140610767346,0.0,1.0,0.06445684945589258,0.1,1.0355275992248363,1.039120449119742,-0.0034575875183183724,-0.0005752548334753142,0.04722761558167452
2024-03-27,EWMA,3,2024-02-29,2024-03-01,2024-04-01,0,0.006270294528080588,0.0,0.006270294528080588,0.14827120812429256,0.8517287918757073,0.0,1.0,0.06445684945589258,0.1,1.0420206622639323,1.0420206622639323,0.0,0.006250718022366258,0.05064156204994315
2024-03-28,EWMA,3,2024-02-29,2024-03-01,2024-04-01,0,0.0020243056028544162,0.0,0.0020243056028544162,0.14734729717310063,0.8526527028268993,0.0,1.0,0.06445684945589258,0.1,1.0441300305288432,1.0441300305288432,0.0,0.0020222594571517004,0.04936433511362435
2024-04-01,EWMA,3,2024-02-29,2024-03-01,2024-04-01,0,-0.002100614635862962,0.0,-0.002100614635862962,0.14704962379575326,0.8529503762042467,0.0,1.0,0.06445684945589258,0.1,1.0419367157049704,1.0441300305288432,-0.002100614635862863,-0.0021028240213744145,0.05077722429805167
2024-04-02,EWMA,4,2024-04-01,2024-04-02,2024-04-30,1,-0.002256717024094749,9.531812339553179e-05,-0.0023520351474902806,0.07506146298653049,0.9249385370134695,0.09531812339553178,1.0,0.06227149030972317,0.1,1.0394860439281717,1.0441300305288432,-0.004447709063898353,-0.0023548055270303393,0.0467504180633556
2024-04-03,EWMA,4,2024-04-01,2024-04-02,2024-04-30,0,0.0026516328466123264,0.0,0.0026516328466123264,0.07523123860343058,0.9247687613965693,0.0,1.0,0.06227149030972317,0.1,1.0422423792658468,1.0441300305288432,-0.0018078699087318295,0.002648123470584644,0.04712051824035471
2024-04-04,EWMA,4,2024-04-01,2024-04-02,2024-04-30,0,-0.005137978298316225,0.0,-0.005137978298316225,0.07503228054378445,0.9249677194562154,0.0,1.0,0.06227149030972317,0.1,1.0368873605395934,1.0441300305288432,-0.0069365594106909345,-0.005151223095946645,0.050265408186635226
2024-04-05,EWMA,4,2024-04-01,2024-04-02,2024-04-30,0,0.004232102416329298,0.0,0.004232102416329298,0.07541978576631544,0.9245802142336844,0.0,1.0,0.06227149030972317,0.1,1.0412755740435942,1.0441300305288432,-0.0027338132242047397,0.004223172257596533,0.049042260759700806
2024-04-08,EWMA,4,2024-04-01,2024-04-02,2024-04-30,0,0.001361063445311098,0.0,0.001361063445311098,0.07510194663648415,0.9248980533635159,0.0,1.0,0.06227149030972317,0.1,1.0426928161639204,1.0441300305288432,-0.0013764706721393072,0.0013601380380568369,0.046900276352276116
2024-04-09,EWMA,4,2024-04-01,2024-04-02,2024-04-30,0,0.002126595218318093,0.0,0.002126595218318093,0.0749998670590269,0.9250001329409732,0.0,1.0,0.06227149030972317,0.1,1.044910201720949,1.044910201720949,0.0,0.002124337215378973,0.04671826833103585
2024-04-10,EWMA,4,2024-04-01,2024-04-02,2024-04-30,0,-0.00994827777506843,0.0,-0.00994827777506843,0.07484071116053738,0.9251592888394626,0.0,1.0,0.06227149030972317,0.1,1.0345151447842262,1.044910201720949,-0.00994827777506846,-0.009998092546558717,0.059651389771901736
2024-04-11,EWMA,4,2024-04-01,2024-04-02,2024-04-30,0,0.0027208185416127744,0.0,0.0027208185416127744,0.07559272862265087,0.9244072713773491,0.0,1.0,0.06227149030972317,0.1,1.0373298727717344,1.044910201720949,-0.007254526692083263,0.0027171238151141638,0.05989790828559925
2024-04-12,EWMA,4,2024-04-01,2024-04-02,2024-04-30,0,-0.008701371449284637,0.0,-0.008701371449284637,0.07538761260845786,0.9246123873915421,0.0,1.0,0.06227149030972317,0.1,1.0283036802333083,1.044910201720949,-0.01589277380993126,-0.008739449429851713,0.06737119480579028
2024-04-15,EWMA,4,2024-04-01,2024-04-02,2024-04-30,0,-0.005748215091521299,0.0,-0.005748215091521299,0.07604934621837924,0.9239506537816208,0.0,1.0,0.06227149030972317,0.1,1.0223927694999242,1.044910201720949,-0.021549633819192393,-0.00576479966489119,0.06897325841427246
2024-04-16,EWMA,4,2024-04-01,2024-04-02,2024-04-30,0,-0.003615465343911643,0.0,-0.003615465343911643,0.07648902156648336,0.9235109784335165,0.0,1.0,0.06227149030972317,0.1,1.0186963438739314,1.044910201720949,-0.02508718720885672,-0.003622016934871823,0.06966011673005681
2024-04-17,EWMA,4,2024-04-01,2024-04-02,2024-04-30,0,-0.002332778517684774,0.0,-0.002332778517684774,0.07676656843422835,0.9232334315657718,0.0,1.0,0.06227149030972317,0.1,1.0163199509268983,1.044910201720949,-0.02736144287515152,-0.002335503684456308,0.06937944968678325
2024-04-18,EWMA,4,2024-04-01,2024-04-02,2024-04-30,0,-0.0009089491468384238,0.0,-0.0009089491468384238,0.07694606656533232,0.9230539334346677,0.0,1.0,0.06227149030972317,0.1,1.0153961677745884,1.044910201720949,-0.028245521861832268,-0.0009093624916060904,0.06835152049997402
2024-04-19,EWMA,4,2024-04-01,2024-04-02,2024-04-30,0,0.0002573199869887647,0.0,0.0002573199869887647,0.07701607025668496,0.922983929743315,0.0,1.0,0.06227149030972317,0.1,1.0156574495032686,1.044910201720949,-0.027995470012161516,0.0002572868858791757,0.06496866959944785
2024-04-22,EWMA,4,2024-04-01,2024-04-02,2024-04-30,0,0.003908445215437257,0.0,0.003908445215437257,0.07699625758068612,0.9230037424193137,0.0,1.0,0.06227149030972317,0.1,1.0196270910023029,1.044910201720949,-0.024196443557547243,0.0039008270870095046,0.06654784675652482
2024-04-23,EWMA,4,2024-04-01,2024-04-02,2024-04-30,0,0.006434549369942818,0.0,0.006434549369942818,0.07669649353747875,0.9233035064625211,0.0,1.0,0.06227149030972317,0.1,1.0261879318582885,1.044910201720949,-0.017917587398252333,0.006413936034907792,0.0709349459913609
2024-04-24,EWMA,4,2024-04-01,2024-04-02,2024-04-30,0,-0.0012158436122754043,0.0,-0.0012158436122754043,0.07620614135861391,0.9237938586413861,0.0,1.0,0.06227149030972317,0.1,1.0249402478163445,1.044910201720949,-0.01911164602634219,-0.001216583349784368,0.0709799971958684
2024-04-25,EWMA,4,2024-04-01,2024-04-02,2024-04-30,0,-0.0018044064383233682,0.0,-0.0018044064383233682,0.0762989088996231,0.923701091100377,0.0,1.0,0.06227149030972317,0.1,1.0230908390342879,1.044910201720949,-0.020881567287528657,-0.0018060363405865627,0.07112068677974823
2024-04-26,EWMA,4,2024-04-01,2024-04-02,2024-04-30,0,0.004187115577911777,0.0,0.004187115577911777,0.07643683201142955,0.9235631679885705,0.0,1.0,0.06227149030972317,0.1,1.0273746386240272,1.044910201720949,-0.016781885245297667,0.004178374002309998,0.06894351401728628
2024-04-29,EWMA,4,2024-04-01,2024-04-02,2024-04-30,0,0.0032409068169301863,0.0,0.0032409068169301863,0.07611811665940367,0.9238818833405964,0.0,1.0,0.06227149030972317,0.1,1.030704264093885,1.044910201720949,-0.013595366954659904,0.0032356663978527996,0.06966580123324885
2024-04-30,EWMA,4,2024-04-01,2024-04-02,2024-04-30,0,-0.011558255723524216,0.0,-0.011558255723524216,0.07587222185836724,0.9241277781416327,0.0,1.0,0.06227149030972317,0.1,1.018791120634161,1.044910201720949,-0.02499648395026699,-0.011625571566404539,0.07936150965497958
2024-05-01,EWMA,5,2024-04-30,2024-05-01,2024-05-30,1,-0.0005614859326486961,9.180713940605842e-05,-0.0006532930720547545,0.1531267653325491,0.8468732346674509,0.09180713940605842,1.0,0.06322195251752868,0.1,1.01812555145318,1.044910201720949,-0.025633446992531228,-0.0006535065609593638,0.07923312309788572
2024-05-02,EWMA,5,2024-04-30,2024-05-01,2024-05-30,0,0.006512846218684301,0.0,0.006512846218684301,0.15321279216004877,0.8467872078399513,0.0,1.0,0.06322195251752868,0.1,1.0247564466011077,1.044910201720949,-0.0192875474721641,0.006491729273769928,0.08250714020351589
2024-05-03,EWMA,5,2024-04-30,2024-05-01,2024-05-30,0,0.006156882256671072,0.0,0.006156882256671072,0.1522213976062461,0.8477786023937539,0.0,1.0,0.06322195251752868,0.1,1.0310657513845953,1.044910201720949,-0.013249416374299106,0.006138006096351842,0.08426467165234092
2024-05-06,EWMA,5,2024-04-30,2024-05-01,2024-05-30,0,0.005686244694135249,0.0,0.005686244694135249,0.1512899233614886,0.8487100766385115,0.0,1.0,0.06322195251752868,0.1,1.0369286435427105,1.044910201720949,-0.0076385111037226006,0.005670139029763674,0.08537814487106977
2024-05-07,EWMA,5,2024-04-30,2024-05-01,2024-05-30,0,0.0007181781499112901,0.0,0.0007181781499112901,0.15043451589367338,0.8495654841063265,0.0,1.0,0.06322195251752868,0.1,1.03767334303752,1.044910201720949,-0.006925818765583958,0.0007179203833912567,0.08525925565118225
2024-05-08,EWMA,5,2024-04-30,2024-05-01,2024-05-30,0,-0.0015673666823595254,0.0,-0.0015673666823595254,0.15032655464677466,0.8496734453532254,0.0,1.0,0.06322195251752868,0.1,1.0360469284124703,1.044910201720949,-0.008482330150362372,-0.0015685962865130225,0.08493358711544835
2024-05-09,EWMA,5,2024-04-30,2024-05-01,2024-05-30,0,0.0044710164664306514,0.0,0.0044710164664306514,0.15056254135771008,0.8494374586422897,0.0,1.0,0.06322195251752868,0.1,1.0406791112893972,1.044910201720949,-0.004049238321707782,0.0044610511646207265,0.07891331634632372
2024-05-10,EWMA,5,2024-04-30,2024-05-01,2024-05-30,0,-0.00011593340337244505,0.0,-0.00011593340337244505,0.14989237010278822,0.8501076298972117,0.0,1.0,0.06322195251752868,0.1,1.0405584618182067,1.044910201720949,-0.004164702283100619,-0.00011594012416890204,0.07842090634701054
2024-05-13,EWMA,5,2024-04-30,2024-05-01,2024-05-30,0,0.0003588349015953547,0.0,0.0003588349015953547,0.14990974965026388,0.850090250349736,0.0,1.0,0.06322195251752868,0.1,1.0409318505114573,1.044910201720949,-0.0038073618220393346,0.00035877053574940085,0.07145280460705493
2024-05-14,EWMA,5,2024-04-30,2024-05-01,2024-05-30,0,0.003565448105336124,0.0,0.003565448105336124,0.14985597609582807,0.8501440239041718,0.0,1.0,0.06322195251752868,0.1,1.0446432390056475,1.044910201720949,-0.0002554886676978674,0.0035591069634451885,0.06824696252416868
2024-05-15,EWMA,5,2024-04-30,2024-05-01,2024-05-30,0,0.008652128140237837,0.0,0.008652128140237837,0.1493235706537586,0.8506764293462413,0.0,1.0,0.06322195251752868,0.1,1.0536816261703574,1.0536816261703574,0.0,0.008614912985688837,0.07086243586567693
2024-05-16,EWMA,5,2024-04-30,2024-05-01,2024-05-30,0,-0.0015610287198951742,0.0,-0.0015610287198951742,0.148042686361137,0.8519573136388627,0.0,1.0,0.06322195251752868,0.1,1.0520367988902797,1.0536816261703574,-0.0015610287198951633,-0.0015622483946908549,0.0703691546926014
2024-05-17,EWMA,5,2024-04-30,2024-05-01,2024-05-30,0,0.0025137518055632613,0.0,0.0025137518055632613,0.14827414656233875,0.8517258534376613,0.0,1.0,0.06322195251752868,0.1,1.0546813582930092,1.0546813582930092,0.0,0.0025105976162867966,0.06980007058630627
2024-05-20,EWMA,5,2024-04-30,2024-05-01,2024-05-30,0,0.0001376370446997756,0.0,0.0001376370446997756,0.14790235674602137,0.8520976432539785,0.0,1.0,0.06322195251752868,0.1,1.0548265215182646,1.0548265215182646,0.0,0.00013762757359077907,0.06983478034402098
2024-05-21,EWMA,5,2024-04-30,2024-05-01,2024-05-30,0,9.735222884421348e-05,0.0,9.735222884421348e-05,0.14788200270420487,0.8521179972957951,0.0,1.0,0.06322195251752868,0.1,1.0549292112311783,1.0549292112311783,0.0,9.734749042351106e-05,0.06963704485151298
2024-05-22,EWMA,5,2024-04-30,2024-05-01,2024-05-30,0,-0.004375787156415482,0.0,-0.004375787156415482,0.14786760746304448,0.8521323925369554,0.0,1.0,0.06322195251752868,0.1,1.0503130655377455,1.0549292112311783,-0.0043757871564154005,-0.004385388933494289,0.07031645203447587
2024-05-23,EWMA,5,2024-04-30,2024-05-01,2024-05-30,0,-0.006706444151410818,0.0,-0.006706444151410818,0.14851748838120607,0.851482511618794,0.0,1.0,0.06322195251752868,0.1,1.0432691996222194,1.0549292112311783,-0.011052885335643414,-0.006729033400325922,0.07504507112710977
2024-05-24,EWMA,5,2024-04-30,2024-05-01,2024-05-30,0,0.0037534228304910984,0.0,0.0037534228304910984,0.14952023750352916,0.850479762496471,0.0,1.0,0.06322195251752868,0.1,1.0471850300544296,1.0549292112311783,-0.007340948657313828,0.003746396315850678,0.07503941684969138
2024-05-28,EWMA,5,2024-04-30,2024-05-01,2024-05-30,0,-0.001001059545466312,0.0,-0.001001059545466312,0.14896112342202134,0.8510388765779785,0.0,1.0,0.06322195251752868,0.1,1.0461367354842241,1.0549292112311783,-0.008334659476054052,-0.001001560940218361,0.07451284232082069
2024-05-29,EWMA,5,2024-04-30,2024-05-01,2024-05-30,0,-0.007697871124702516,0.0,-0.007697871124702516,0.149110391803064,0.8508896081969359,0.0,1.0,0.06322195251752868,0.1,1.0380837097156494,1.0549292112311783,-0.01596837146624175,-0.007727652669404849,0.07961563706660021
2024-05-30,EWMA,5,2024-04-30,2024-05-01,2024-05-30,0,0.0002139428133477269,0.0,0.0002139428133477269,0.15026712879480553,0.8497328712051945,0.0,1.0,0.06322195251752868,0.1,1.0383058002649963,1.0549292112311783,-0.015757844971210244,0.0002139199308476748,0.06671450948568616
2024-05-31,EWMA,6,2024-05-30,2024-05-31,2024-07-01,1,0.004737078502203802,5.198791073971904e-05,0.004685090591464083,0.12617085984701137,0.8738291401529886,0.05198791073971904,1.0,0.06440602042234349,0.1,1.0431703570008806,1.0549292112311783,-0.011146581310962356,0.0046741497138987325,0.0676933768705839
2024-06-03,EWMA,6,2024-05-30,2024-05-31,2024-07-01,0,0.0014068180440181483,0.0,0.0014068180440181483,0.12557599649362858,0.8744240035063714,0.0,1.0,0.06440602042234349,0.1,1.0446379078820942,1.0549292112311783,-0.009755444478661723,0.0014058294026307342,0.06487751470025915
2024-06-04,EWMA,6,2024-05-30,2024-05-31,2024-07-01,0,-0.0015699620477881591,0.0,-0.0015699620477881591,0.12539958209881963,0.8746004179011804,0.0,1.0,0.06440602042234349,0.1,1.0429978660130386,1.0549292112311783,-0.011310090848858922,-0.00157119572959539,0.06251074676619003
2024-06-05,EWMA,6,2024-05-30,2024-05-31,2024-07-01,0,0.006914579771948282,0.0,0.006914579771948282,0.1255967642520203,0.8744032357479796,0.0,1.0,0.06440602042234349,0.1,1.0502097579595575,1.0549292112311783,-0.004473715602313133,0.0068907836955079994,0.0638986236352767
2024-06-06,EWMA,6,2024-05-30,2024-05-31,2024-07-01,0,0.0011491625234532998,0.0,0.0011491625234532998,0.12473427912868851,0.8752657208713116,0.0,1.0,0.06440602042234349,0.1,1.0514166196551695,1.0549292112311783,-0.0033296941051706996,0.0011485027416166431,0.0639255263277712
2024-06-07,EWMA,6,2024-05-30,2024-05-31,2024-07-01,0,-0.006270725882452614,0.0,-0.006270725882452614,0.124591103701559,0.8754088962984412,0.0,1.0,0.06440602042234349,0.1,1.044823474245057,1.0549292112311783,-0.009579540388617303,-0.006290469465004247,0.06793547001836078
2024-06-10,EWMA,6,2024-05-30,2024-05-31,2024-07-01,0,0.0020306349150200414,0.0,0.0020306349150200414,0.12537731044725287,0.8746226895527472,0.0,1.0,0.06440602042234349,0.1,1.0469451292718917,1.0549292112311783,-0.007568358022780219,0.0020285759627900243,0.06661380576661106
2024-06-11,EWMA,6,2024-05-30,2024-05-31,2024-07-01,0,0.00036849456629938355,0.0,0.00036849456629938355,0.12512323084601684,0.8748767691539833,0.0,1.0,0.06440602042234349,0.1,1.047330922863242,1.0549292112311783,-0.007202652355288053,0.00036842668885115606,0.06659812369770757
2024-06-12,EWMA,6,2024-05-30,2024-05-31,2024-07-01,0,0.005140389728848599,0.0,0.005140389728848599,0.12507714059933772,0.8749228594006624,0.0,1.0,0.06440602042234349,0.1,1.0527146119818338,1.0549292112311783,-0.002099287066626876,0.005127223027607971,0.06865972322270024
2024-06-13,EWMA,6,2024-05-30,2024-05-31,2024-07-01,0,-0.00018239994332028977,0.0,-0.00018239994332028977,0.12443748343759135,0.8755625165624087,0.0,1.0,0.06440602042234349,0.1,1.052522596896276,1.0549292112311783,-0.002281304100105186,-0.00018241658021302768,0.06780196937493867
2024-06-14,EWMA,6,2024-05-30,2024-05-31,2024-07-01,0,-0.0009416588592588645,0.0,-0.0009416588592588645,0.12446018496827518,0.8755398150317247,0.0,1.0,0.06440602042234349,0.1,1.0515314796683384,1.0549292112311783,-0.0032208147491474826,-0.0009421024984888814,0.060864891744964546
2024-06-17,EWMA,6,2024-05-30,2024-05-31,2024-07-01,0,0.0022657999141870227,0.0,0.0022657999141870227,0.12457749446960678,0.8754225055303934,0.0,1.0,0.06440602042234349,0.1,1.053914039604736,1.0549292112311783,-0.0009623125567426172,0.002263236860409341,0.06114670881760981
2024-06-18,EWMA,6,2024-05-30,2024-05-31,2024-07-01,0,0.0037149122643657232,0.0,0.0037149122643657232,0.12429586490956086,0.8757041350904389,0.0,1.0,0.06440602042234349,0.1,1.057829237796051,1.057829237796051,0.0,0.0037080290196329973,0.061881518524663115
2024-06-20,EWMA,6,2024-05-30,2024-05-31,2024-07-01,0,-3.904096383756303e-05,0.0,-3.904096383756303e-05,0.12383582568196708,0.8761641743180327,0.0,1.0,0.06440602042234349,0.1,1.0577879391230318,1.057829237796051,-3.904096383766653e-05,-3.9041725955827666e-05,0.06188469899839376
2024-06-21,EWMA,6,2024-05-30,2024-05-31,2024-07-01,0,-0.0020598068875229674,0.0,-0.0020598068875229674,0.1238406605407169,0.8761593394592833,0.0,1.0,0.06440602042234349,0.1,1.0556091002404875,1.057829237796051,-0.002098767434514315,-0.0020619312073569384,0.06235088718662085
2024-06-24,EWMA,6,2024-05-30,2024-05-31,2024-07-01,0,0.001787515123019018,0.0,0.001787515123019018,0.12409627490247695,0.875903725097523,0.0,1.0,0.06440602042234349,0.1,1.057496017471164,1.057829237796051,-0.00031500389002403484,0.0017859194191417293,0.06048041030623168
2024-06-25,EWMA,6,2024-05-30,2024-05-31,2024-07-01,0,0.00038287244956573797,0.0,0.00038287244956573797,0.12387484674056654,0.8761251532594336,0.0,1.0,0.06440602042234349,0.1,1.0579009035617792,1.0579009035617792,0.0,0.0003827991726126408,0.05477852925063506
2024-06-26,EWMA,6,2024-05-30,2024-05-31,2024-07-01,0,-0.00353907386493262,0.0,-0.00353907386493262,0.12382743662658185,0.8761725633734182,0.0,1.0,0.06440602042234349,0.1,1.0541569141222953,1.0579009035617792,-0.0035390738649324627,-0.0035453512018589753,0.05542725484160888
2024-06-27,EWMA,6,2024-05-30,2024-05-31,2024-07-01,0,0.0020016720506929524,0.0,0.0020016720506929524,0.12426722752377889,0.875732772476221,0.0,1.0,0.06440602042234349,0.1,1.0562669905543387,1.0579009035617792,-0.0015444858794801952,0.001999671374547175,0.055503351039079586
2024-06-28,EWMA,6,2024-05-30,2024-05-31,2024-07-01,0,-0.0021275207058053225,0.0,-0.0021275207058053225,0.12401898219336703,0.875981017806633,0.0,1.0,0.06440602042234349,0.1,1.0540197606610757,1.0579009035617792,-0.0036687206595971134,-0.002129787093076597,0.04797717317796896
2024-07-01,EWMA,6,2024-05-30,2024-05-31,2024-07-01,0,-0.0003251282863914769,0.0,-0.0003251282863914769,0.12428339769535174,0.8757166023046483,0.0,1.0,0.06440602042234349,0.1,1.0536770690224693,1.0579009035617792,-0.003992656141127204,-0.000325181152051841,0.048085821481064314
2024-07-02,EWMA,7,2024-07-01,2024-07-02,2024-07-31,1,0.003714026911740497,8.620953414941699e-05,0.00362781737759108,0.06634390408033386,0.9336560959196661,0.08620953414941698,1.0,0.06680097224139656,0.1,1.0574996170038382,1.0579009035617792,-0.00037932339086765854,0.003621252720256527,0.047117913057944744
2024-07-03,EWMA,7,2024-07-01,2024-07-02,2024-07-31,0,0.00498470717750513,0.0,0.00498470717750513,0.06609841279638476,0.9339015872036154,0.0,1.0,0.06680097224139656,0.1,1.0627709429349261,1.0627709429349261,0.0,0.004972324656462464,0.049403420951721636
2024-07-05,EWMA,7,2024-07-01,2024-07-02,2024-07-31,0,0.003711199346095786,0.0,0.003711199346095786,0.06577056578504745,0.9342294342149524,0.0,1.0,0.06680097224139656,0.1,1.066715097763396,1.066715097763396,0.0,0.0037043298366359577,0.049566588139033314
2024-07-08,EWMA,7,2024-07-01,2024-07-02,2024-07-31,0,-0.0012402252062782703,0.0,-0.0012402252062782703,0.06552738061296524,0.9344726193870349,0.0,1.0,0.06680097224139656,0.1,1.0653921308112322,1.066715097763396,-0.0012402252062782004,-0.001240994922039158,0.04536189073628089
2024-07-09,EWMA,7,2024-07-01,2024-07-02,2024-07-31,0,-0.0004644548849616278,0.0,-0.0004644548849616278,0.06560875023876377,0.9343912497612361,0.0,1.0,0.06680097224139656,0.1,1.0648973042316772,1.066715097763396,-0.0017041040625843662,-0.0004645627775404937,0.045497493830159004
2024-07-10,EWMA,7,2024-07-01,2024-07-02,2024-07-31,0,0.00581551467487155,0.0,0.00581551467487155,0.06563923670289559,0.9343607632971045,0.0,1.0,0.06680097224139656,0.1,1.0710902301316676,1.0710902301316676,0.0,0.00579866984542134,0.04150425355703261
2024-07-11,EWMA,7,2024-07-01,2024-07-02,2024-07-31,0,0.0032791541873621478,0.0,0.0032791541873621478,0.0652597178560259,0.9347402821439742,0.0,1.0,0.06680097224139656,0.1,1.0746025001448467,1.0746025001448467,0.0,0.003273789485859655,0.042044787786608896
2024-07-12,EWMA,7,2024-07-01,2024-07-02,2024-07-31,0,0.004200991741411597,0.0,0.004200991741411597,0.06504642061349822,0.9349535793865018,0.0,1.0,0.06680097224139656,0.1,1.0791168963732556,1.0791168963732556,0.0,0.004192192211499219,0.043117016776803754
2024-07-15,EWMA,7,2024-07-01,2024-07-02,2024-07-31,0,8.557042781090208e-05,0.0,8.557042781090208e-05,0.06477430429609465,0.9352256957039056,0.0,1.0,0.06680097224139656,0.1,1.0792092368677362,1.0792092368677362,0.0,8.556676687068821e-05,0.04115297449409295
2024-07-16,EWMA,7,2024-07-01,2024-07-02,2024-07-31,0,0.007308192944996807,0.0,0.007308192944996807,0.06476876200542106,0.935231237994579,0.0,1.0,0.06680097224139656,0.1,1.0870963061987884,1.0870963061987884,0.0,0.007281617503357358,0.04588205134667313
2024-07-17,EWMA,7,2024-07-01,2024-07-02,2024-07-31,0,-0.005061877560094561,0.0,-0.005061877560094561,0.0642988535773358,0.9357011464226641,0.0,1.0,0.06680097224139656,0.1,1.0815935578007791,1.0870963061987884,-0.005061877560094463,-0.005074732259936983,0.05068038081335629
2024-07-18,EWMA,7,2024-07-01,2024-07-02,2024-07-31,0,-0.00737023511545173,0.0,-0.00737023511545173,0.06462598238738154,0.9353740176126184,0.0,1.0,0.06680097224139656,0.1,1.0736219589804294,1.0870963061987884,-0.012394805447802693,-0.007397529491620954,0.05885793902008773
2024-07-19,EWMA,7,2024-07-01,2024-07-02,2024-07-31,0,-0.005797550336403878,0.0,-0.005797550336403878,0.06510582764450763,0.9348941723554922,0.0,1.0,0.06680097224139656,0.1,1.067397581630972,1.0870963061987884,-0.018120496275712883,-0.005814421370067944,0.06224378891254588
2024-07-22,EWMA,7,2024-07-01,2024-07-02,2024-07-31,0,0.005542424178189271,0.0,0.005542424178189271,0.06548548302867008,0.93451451697133,0.0,1.0,0.06680097224139656,0.1,1.0733135517951442,1.0870963061987884,-0.01267850357420297,0.005527121462028068,0.06465642864857177
2024-07-23,EWMA,7,2024-07-01,2024-07-02,2024-07-31,0,-0.0018685593895763743,0.0,-0.0018685593895763743,0.06512453523001789,0.9348754647699823,0.0,1.0,0.06680097224139656,0.1,1.0713080016799779,1.0870963061987884,-0.014523372426879955,-0.0018703073244253348,0.064556850682655
2024-07-24,EWMA,7,2024-07-01,2024-07-02,2024-07-31,0,-0.009989907730558235,0.0,-0.009989907730558235,0.06524645210072724,0.9347535478992728,0.0,1.0,0.06680097224139656,0.1,1.0606057335921861,1.0870963061987884,-0.02436819300695714,-0.010040141693904724,0.07431768841413672
2024-07-25,EWMA,7,2024-07-01,2024-07-02,2024-07-31,0,-0.0005927367039488298,0.0,-0.0005927367039488298,0.06590483532461781,0.9340951646753823,0.0,1.0,0.06680097224139656,0.1,1.0599770736454674,1.0870963061987884,-0.024946485788501893,-0.000592912441796547,0.07435434578658932
2024-07-26,EWMA,7,2024-07-01,2024-07-02,2024-07-31,0,0.007078521875499152,0.0,0.007078521875499152,0.06594392270800921,0.9340560772919908,0.0,1.0,0.06680097224139656,0.1,1.0674801445487945,1.0870963061987884,-0.01804454815837342,0.00705358673964839,0.07684232378351814
2024-07-29,EWMA,7,2024-07-01,2024-07-02,2024-07-31,0,-0.0014188366343881916,0.0,-0.0014188366343881916,0.065480418135818,0.9345195818641822,0.0,1.0,0.06680097224139656,0.1,1.0659655646132267,1.0870963061987884,-0.01943778252678352,-0.0014198441361854685,0.07696935491902089
2024-07-30,EWMA,7,2024-07-01,2024-07-02,2024-07-31,0,0.0001719999314489423,0.0,0.0001719999314489423,0.06557345615765793,0.9344265438423422,0.0,1.0,0.06680097224139656,0.1,1.066148910617267,1.0870963061987884,-0.019269125892596772,0.00017198514115666162,0.07641384655908505
2024-07-31,EWMA,7,2024-07-01,2024-07-02,2024-07-31,0,0.010043406420712189,0.0,0.010043406420712189,0.0655621794672839,0.9344378205327161,0.0,1.0,0.06680097224139656,0.1,1.0768566774315957,1.0870963061987884,-0.009419247134595854,0.009993306583868622,0.08300903625822785
2024-08-01,EWMA,8,2024-07-31,2024-08-01,2024-08-29,1,-0.007905683481105784,0.0001250183341604639,-0.008030701815266248,0.14116703217180226,0.8588329678281977,0.1250183341604639,1.0,0.05766609973260246,0.1,1.0682087625573642,1.0870963061987884,-0.017374305784799926,-0.008063121586757802,0.08813420252681309
2024-08-02,EWMA,8,2024-07-31,2024-08-01,2024-08-29,0,-0.007117162737786128,0.0,-0.007117162737786128,0.14229194726881977,0.8577080527311802,0.0,1.0,0.05766609973260246,0.1,1.0606061469563142,1.0870963061987884,-0.024367812760859642,-0.007142610556568675,0.09031803716117079
2024-08-05,EWMA,8,2024-07-31,2024-08-01,2024-08-29,0,-0.013352538602215256,0.0,-0.013352538602215256,0.14331192153666103,0.8566880784633389,0.0,1.0,0.05766609973260246,0.1,1.0464443624373332,1.0870963061987884,-0.037394979202533984,-0.013442485321124844,0.10021433039339957
2024-08-06,EWMA,8,2024-07-31,2024-08-01,2024-08-29,0,0.0013320809634857743,0.0,0.0013320809634857743,0.14525139641430873,0.854748603585691,0.0,1.0,0.05766609973260246,0.1,1.047838311051883,1.0870963061987884,-0.03611271137897387,0.0013311945307519246,0.10050415491348078
2024-08-07,EWMA,8,2024-07-31,2024-08-01,2024-08-29,0,-0.0014899528887471684,0.0,-0.0014899528887471684,0.14505816719119524,0.8549418328088048,0.0,1.0,0.05766609973260246,0.1,1.0462770813333913,1.0870963061987884,-0.03754885802908137,-0.0014910639723311153,0.10052503239668518
2024-08-08,EWMA,8,2024-07-31,2024-08-01,2024-08-29,0,0.01104498824763063,0.0,0.01104498824763063,0.14527461953022594,0.854725380469774,0.0,1.0,0.05766609973260246,0.1,1.057833199400484,1.0870963061987884,-0.026918596477093826,0.010984437809550662,0.10628047627329797
2024-08-09,EWMA,8,2024-07-31,2024-08-01,2024-08-29,0,0.003099637141190665,0.0,0.003099637141190665,0.14368759176782,0.8563124082321799,0.0,1.0,0.05766609973260246,0.1,1.0611120984745301,1.0870963061987884,-0.02390239721733245,0.0030948431698136695,0.10620021902428037
2024-08-12,EWMA,8,2024-07-31,2024-08-01,2024-08-29,0,0.001799066420371607,0.0,0.001799066420371607,0.1432435886202951,0.8567564113797048,0.0,1.0,0.05766609973260246,0.1,1.0630211096191455,1.0870963061987884,-0.02214633279716105,0.0017974500387407273,0.10515707975553436
2024-08-13,EWMA,8,2024-07-31,2024-08-01,2024-08-29,0,0.006852956970594813,0.0,0.006852956970594813,0.14298634668540178,0.8570136533145982,0.0,1.0,0.05766609973260246,0.1,1.0703059475421994,1.0870963061987884,-0.015445143692281671,0.006829582191115508,0.1083510669964215
2024-08-14,EWMA,8,2024-07-31,2024-08-01,2024-08-29,0,0.0016740169858394805,0.0,0.0016740169858394805,0.14201313676985877,0.8579868632301413,0.0,1.0,0.05766609973260246,0.1,1.0720976578784303,1.0870963061987884,-0.01379698213933167,0.0016726173811620066,0.10503567346939227
2024-08-15,EWMA,8,2024-07-31,2024-08-01,2024-08-29,0,0.006151569729120562,0.0,0.006151569729120562,0.14177580166968268,0.8582241983303173,0.0,1.0,0.05766609973260246,0.1,1.0786927413772962,1.0870963061987884,-0.007730285507892676,0.00613272606331786,0.10627031009231568
2024-08-16,EWMA,8,2024-07-31,2024-08-01,2024-08-29,0,0.003328409771940066,0.0,0.003328409771940066,0.14090899019106243,0.8590910098089378,0.0,1.0,0.05766609973260246,0.1,1.0822830728386172,1.0870963061987884,-0.004427605293776948,0.0033228828765878584,0.10348226582772677
2024-08-19,EWMA,8,2024-07-31,2024-08-01,2024-08-29,0,0.0044948681282170454,0.0,0.0044948681282170454,0.14044154318633467,0.8595584568136653,0.0,1.0,0.05766609973260246,0.1,1.0871477925284283,1.0871477925284283,0.0,0.004484796377986883,0.10184835040883541
2024-08-20,EWMA,8,2024-07-31,2024-08-01,2024-08-29,0,-0.0017856353233646537,0.0,-0.0017856353233646537,0.13981310173145478,0.8601868982685452,0.0,1.0,0.05766609973260246,0.1,1.0852065430283717,1.0871477925284283,-0.0017856353233646205,-0.001787231470492815,0.10078311958322797
2024-08-21,EWMA,8,2024-07-31,2024-08-01,2024-08-29,0,0.0021296502499518477,0.0,0.0021296502499518477,0.14006320353519083,0.8599367964648092,0.0,1.0,0.05766609973260246,0.1,1.0875176534139817,1.0875176534139817,0.0,0.0021273857593370267,0.10053722462550017
2024-08-22,EWMA,8,2024-07-31,2024-08-01,2024-08-29,0,-0.004182644962642096,0.0,-0.004182644962642096,0.13976555179288044,0.8602344482071196,0.0,1.0,0.05766609973260246,0.1,1.0829689531791453,1.0875176534139817,-0.00418264496264209,-0.004191416689975751,0.09451470991422194
2024-08-23,EWMA,8,2024-07-31,2024-08-01,2024-08-29,0,0.009130103699570676,0.0,0.009130103699570676,0.14035259687519422,0.859647403124806,0.0,1.0,0.05766609973260246,0.1,1.0928565720250862,1.0928565720250862,0.0,0.00908867626968527,0.09833997857676084
2024-08-26,EWMA,8,2024-07-31,2024-08-01,2024-08-29,0,-0.0009169763913909934,0.0,-0.0009169763913909934,0.139082756882039,0.860917243117961,0.0,1.0,0.05766609973260246,0.1,1.0918544483493628,1.0928565720250862,-0.0009169763913908779,-0.0009173970714309487,0.0964807710030775
2024-08-27,EWMA,8,2024-07-31,2024-08-01,2024-08-29,0,0.00021671334001968265,0.0,0.00021671334001968265,0.13921040954102398,0.860789590458976,0.0,1.0,0.05766609973260246,0.1,1.09209106777368,1.0928565720250862,-0.0007004617723878059,0.00021668986107588372,0.09611340031545647
2024-08-28,EWMA,8,2024-07-31,2024-08-01,2024-08-29,0,-0.003209603607029313,0.0,-0.003209603607029313,0.13918024732476147,0.8608197526752385,0.0,1.0,0.05766609973260246,0.1,1.088585888343349,1.0928565720250862,-0.003907817174785833,-0.0032147654325882877,0.09725817952960045
2024-08-29,EWMA,8,2024-07-31,2024-08-01,2024-08-29,0,0.0020555202827831553,0.0,0.0020555202827831553,0.13962839913827946,0.8603716008617206,0.0,1.0,0.05766609973260246,0.1,1.0908234987163903,1.0928565720250862,-0.0018603294894669054,0.002053410591480862,0.09173099036180771
2024-08-30,EWMA,9,2024-08-29,2024-08-30,2024-09-30,1,0.0008381981755723647,7.399538755976637e-05,0.0007642027880125983,0.1988121753625679,0.8011878246374321,0.07399538755976637,1.0,0.06211716728074159,0.1,1.091657109075339,1.0928565720250862,-0.0010975483704366296,0.0007639109337430942,0.08613652824377951
2024-09-03,EWMA,9,2024-08-29,2024-08-30,2024-09-30,0,-0.007759800879770573,0.0,-0.007759800879770573,0.1986456709236144,0.8013543290763857,0.0,1.0,0.06211716728074159,0.1,1.0831860672799285,1.0928565720250862,-0.008848832493396741,-0.007790064797596352,0.08693641298521451
2024-09-04,EWMA,9,2024-08-29,2024-08-30,2024-09-30,0,0.00056769031350489,0.0,0.00056769031350489,0.20019917667087436,0.7998008233291255,0.0,1.0,0.06211716728074159,0.1,1.0838009815180467,1.0928565720250862,-0.008286165576384175,0.0005675292383165328,0.06937751629690875
2024-09-05,EWMA,9,2024-08-29,2024-08-30,2024-09-30,0,5.9200419965599476e-05,0.0,5.9200419965599476e-05,0.20008559001954837,0.7999144099804516,0.0,1.0,0.06211716728074159,0.1,1.0838651429913118,1.0928565720250862,-0.008227455700900554,5.9198667689894054e-05,0.06959543859993643
2024-09-06,EWMA,9,2024-08-29,2024-08-30,2024-09-30,0,-0.007148176423811194,0.0,-0.007148176423811194,0.20007374556978655,0.7999262544302135,0.0,1.0,0.06211716728074159,0.1,1.0761174837295906,1.0928565720250862,-0.015316820819842536,-0.007173847042126613,0.07533329389126837
2024-09-09,EWMA,9,2024-08-29,2024-08-30,2024-09-30,0,0.004849041792312272,0.0,0.004849041792312272,0.20151420465657574,0.7984857953434242,0.0,1.0,0.06211716728074159,0.1,1.0813356223816335,1.0928565720250862,-0.010542050931810931,0.00483732305698346,0.06807656402341114
2024-09-10,EWMA,9,2024-08-29,2024-08-30,2024-09-30,0,-0.0005713791579518696,0.0,-0.0005713791579518696,0.200541769236444,0.799458230763556,0.0,1.0,0.06211716728074159,0.1,1.0807177697442536,1.0928565720250862,-0.011107406581578383,-0.0005715424572297725,0.06787094437631191
2024-09-11,EWMA,9,2024-08-29,2024-08-30,2024-09-30,0,0.002573283460983578,0.0,0.002573283460983578,0.2006564201328171,0.7993435798671829,0.0,1.0,0.06211716728074159,0.1,1.0834987629071275,1.0928565720250862,-0.008562705626245615,0.00256997823607111,0.06805620375369095
2024-09-12,EWMA,9,2024-08-29,2024-08-30,2024-09-30,0,0.004325173998570885,0.0,0.004325173998570885,0.2001413995794213,0.7998586004205785,0.0,1.0,0.06211716728074159,0.1,1.088185083583937,1.0928565720250862,-0.004274566819406855,0.0043158473168553105,0.06582098076706369
2024-09-13,EWMA,9,2024-08-29,2024-08-30,2024-09-30,0,0.0035286646291581673,0.0,0.0035286646291581673,0.19927948114910649,0.8007205188508936,0.0,1.0,0.06211716728074159,0.1,1.0920249237983572,1.0928565720250862,-0.0007609857029893252,0.0035224534991669634,0.06644290718163762
2024-09-16,EWMA,9,2024-08-29,2024-08-30,2024-09-30,0,0.0036573514527284525,0.0,0.0036573514527284525,0.19857876329097965,0.8014212367090204,0.0,1.0,0.06211716728074159,0.1,1.096018842739827,1.096018842739827,0.0,0.0036506796054825196,0.06449691708633254
2024-09-17,EWMA,9,2024-08-29,2024-08-30,2024-09-30,0,1.677701049565425e-05,0.0,1.677701049565425e-05,0.19785513751635442,0.8021448624836457,0.0,1.0,0.06211716728074159,0.1,1.0960372306594552,1.0960372306594552,0.0,1.677686976318771e-05,0.06385445548291563
2024-09-18,EWMA,9,2024-08-29,2024-08-30,2024-09-30,0,-0.002596398920260304,0.0,-0.002596398920260304,0.19785181815432465,0.8021481818456754,0.0,1.0,0.06211716728074159,0.1,1.0931914807772058,1.0960372306594552,-0.002596398920260423,-0.002599775409678825,0.06313770147982238
2024-09-19,EWMA,9,2024-08-29,2024-08-30,2024-09-30,0,0.008053287247448672,0.0,0.008053287247448672,0.19836685764934084,0.801633142350659,0.0,1.0,0.06211716728074159,0.1,1.1019952657883683,1.1019952657883683,0.0,0.008021032584693657,0.06807199641578872
2024-09-20,EWMA,9,2024-08-29,2024-08-30,2024-09-30,0,-0.0007913149041486649,0.0,-0.0007913149041486649,0.19678211475406596,0.8032178852459342,0.0,1.0,0.06211716728074159,0.1,1.1011232405102487,1.1019952657883683,-0.0007913149041486323,-0.0007916281590538476,0.06806857753875391
2024-09-23,EWMA,9,2024-08-29,2024-08-30,2024-09-30,0,0.0004124361237757392,0.0,0.0004124361237757392,0.19693795469280692,0.803062045307193,0.0,1.0,0.06211716728074159,0.1,1.1015773835113642,1.1019952657883683,-0.00037920514722455945,0.0004123510953760273,0.06582335173114275
2024-09-24,EWMA,9,2024-08-29,2024-08-30,2024-09-30,0,0.0033595940655574115,0.0,0.0033595940655574115,0.19685676385218467,0.8031432361478152,0.0,1.0,0.06211716728074159,0.1,1.1052782363517613,1.1052782363517613,0.0,0.003353963237421451,0.05942348473562999
2024-09-25,EWMA,9,2024-08-29,2024-08-30,2024-09-30,0,-0.0044271756127241746,0.0,-0.0044271756127241746,0.19619761949405598,0.803802380505944,0.0,1.0,0.06211716728074159,0.1,1.10038497549851,1.1052782363517613,-0.004427175612724099,-0.004437004575100071,0.06171632481067508
2024-09-26,EWMA,9,2024-08-29,2024-08-30,2024-09-30,0,0.0035597603020497918,0.0,0.0035597603020497918,0.1970700833611098,0.8029299166388902,0.0,1.0,0.06211716728074159,0.1,1.1043020822512617,1.1052782363517613,-0.0008831749946706102,0.0035534393516165664,0.06268628355062365
2024-09-27,EWMA,9,2024-08-29,2024-08-30,2024-09-30,0,0.0011474157542290702,0.0,0.0011474157542290702,0.19637104949464687,0.803628950505353,0.0,1.0,0.06211716728074159,0.1,1.1055691758578647,1.1055691758578647,0.0,0.0011467579758879492,0.06120712647807998
2024-09-30,EWMA,9,2024-08-29,2024-08-30,2024-09-30,0,-0.0007930507273199208,0.0,-0.0007930507273199208,0.1961459884973162,0.8038540115026838,0.0,1.0,0.06211716728074159,0.1,1.1046924034188481,1.1055691758578647,-0.0007930507273199439,-0.0007933653584045772,0.06123019861497009
2024-10-01,EWMA,10,2024-09-30,2024-10-01,2024-10-30,1,0.00028698326251196495,8.271954003700647e-05,0.00020426372247495849,0.1431869492900203,0.8568130507099797,0.08271954003700646,1.0,0.06965650317510359,0.1,1.1049180520013604,1.1055691758578647,-0.0005889489963385452,0.00020424286348124095,0.06124220004494177
2024-10-02,EWMA,10,2024-09-30,2024-10-01,2024-10-30,0,0.000804352552523644,0.0,0.000804352552523644,0.1431458688215708,0.8568541311784291,0.0,1.0,0.06965650317510359,0.1,1.1058067956568172,1.1058067956568172,0.0,0.0008040292343721723,0.05315339474368387
2024-10-03,EWMA,10,2024-09-30,2024-10-01,2024-10-30,0,-0.0024500690045437925,0.0,-0.0024500690045437925,0.14303082161511513,0.856969178384885,0.0,1.0,0.06965650317510359,0.1,1.1030974927017645,1.1058067956568172,-0.002450069004543809,-0.002453075335089393,0.05446548930927193
2024-10-04,EWMA,10,2024-09-30,2024-10-01,2024-10-30,0,0.001959121519254348,0.0,0.001959121519254348,0.1433821176974916,0.8566178823025083,0.0,1.0,0.06965650317510359,0.1,1.105258594737552,1.1058067956568172,-0.0004957474682000251,0.00195720494348572,0.05451931102869215
2024-10-07,EWMA,10,2024-09-30,2024-10-01,2024-10-30,0,-0.0034217639958858967,0.0,-0.0034217639958858967,0.14310176395228943,0.8568982360477105,0.0,1.0,0.06965650317510359,0.1,1.1014766606719355,1.1058067956568172,-0.003915815133248235,-0.003427631619212858,0.048740670382285176
2024-10-08,EWMA,10,2024-09-30,2024-10-01,2024-10-30,0,-0.0005132525571650624,0.0,-0.0005132525571650624,0.14359310567133304,0.8564068943286671,0.0,1.0,0.06965650317510359,0.1,1.100911324959188,1.1058067956568172,-0.004427057888282793,-0.0005133843163445333,0.04707987293312864
2024-10-09,EWMA,10,2024-09-30,2024-10-01,2024-10-30,0,0.000857172457573698,0.0,0.000857172457573698,0.1436668430459062,0.856333156954094,0.0,1.0,0.06965650317510359,0.1,1.101854995825174,1.1058067956568172,-0.0035736801827989106,0.000856805295062101,0.04679393627935611
2024-10-10,EWMA,10,2024-09-30,2024-10-01,2024-10-30,0,0.00039153961091922037,0.0,0.00039153961091922037,0.14354380125301666,0.8564561987469834,0.0,1.0,0.06965650317510359,0.1,1.1022864157015289,1.1058067956568172,-0.003183539809228031,0.00039146297928798786,0.04643459989406582
2024-10-11,EWMA,10,2024-09-30,2024-10-01,2024-10-30,0,0.00417928815270684,0.0,0.00417928815270684,0.14348762016604513,0.856512379833955,0.0,1.0,0.06965650317510359,0.1,1.1068931882595598,1.1068931882595598,0.0,0.004170579184401835,0.04629927462041091
2024-10-15,EWMA,10,2024-09-30,2024-10-01,2024-10-30,0,-0.004437669257381409,0.0,-0.004437669257381409,0.1428904398436714,0.8571095601563286,0.0,1.0,0.06965650317510359,0.1,1.1019811623868154,1.1068931882595598,-0.004437669257381427,-0.004447544939103284,0.04859461810458262
2024-10-16,EWMA,10,2024-09-30,2024-10-01,2024-10-30,0,0.003371355219551651,0.0,0.003371355219551651,0.14352736682703263,0.8564726331729675,0.0,1.0,0.06965650317510359,0.1,1.1056963323304758,1.1068931882595598,-0.0010812749972433089,0.003365684942315238,0.048366277376424315
2024-10-17,EWMA,10,2024-09-30,2024-10-01,2024-10-30,0,-0.001794927107120129,0.0,-0.001794927107120129,0.14304511094561476,0.8569548890543852,0.0,1.0,0.06965650317510359,0.1,1.1037116880113325,1.1068931882595598,-0.0028742612945606982,-0.001796539918988843,0.04896035580908504
2024-10-18,EWMA,10,2024-09-30,2024-10-01,2024-10-30,0,0.0019614019351607685,0.0,0.0019614019351607685,0.14330232817897662,0.8566976718210234,0.0,1.0,0.06965650317510359,0.1,1.1058765102520576,1.1068931882595598,-0.0009184969410651611,0.0019594808979257593,0.04805919647856795
2024-10-21,EWMA,10,2024-09-30,2024-10-01,2024-10-30,0,-0.0053613872300484824,0.0,-0.0053613872300484824,0.14302180493400887,0.856978195065991,0.0,1.0,0.06965650317510359,0.1,1.0999474780519816,1.1068931882595598,-0.0062749597533430235,-0.005375811044098415,0.04405628363847589
2024-10-22,EWMA,10,2024-09-30,2024-10-01,2024-10-30,0,0.0005587647910310732,0.0,0.0005587647910310732,0.14379273345894947,0.8562072665410505,0.0,1.0,0.06965650317510359,0.1,1.1005620899747004,1.1068931882595598,-0.005719701188887316,0.0005586087401130249,0.044033073819617574
2024-10-23,EWMA,10,2024-09-30,2024-10-01,2024-10-30,0,-0.00495603800586354,0.0,-0.00495603800586354,0.14371243201190778,0.8562875679880924,0.0,1.0,0.06965650317510359,0.1,1.0951076624289733,1.1068931882595598,-0.010647392138276479,-0.004968359890900383,0.047192505136232084
2024-10-24,EWMA,10,2024-09-30,2024-10-01,2024-10-30,0,0.0020043815420304643,0.0,0.0020043815420304643,0.14442822377807127,0.8555717762219289,0.0,1.0,0.06965650317510359,0.1,1.097302676014082,1.1068931882595598,-0.008664352032518696,0.0020023754495499986,0.046100588091474506
2024-10-25,EWMA,10,2024-09-30,2024-10-01,2024-10-30,0,-0.0012871930941955358,0.0,-0.0012871930941955358,0.14413931359841367,0.8558606864015865,0.0,1.0,0.06965650317510359,0.1,1.0958902355872744,1.1068931882595598,-0.009940392432612355,-0.0012880222388156012,0.0438124154831395
2024-10-28,EWMA,10,2024-09-30,2024-10-01,2024-10-30,0,0.0007021504290001307,0.0,0.0007021504290001307,0.14432508785481954,0.8556749121451803,0.0,1.0,0.06965650317510359,0.1,1.0966597153863291,1.1068931882595598,-0.009245221654423097,0.0007019040367172102,0.041806117757622205
2024-10-29,EWMA,10,2024-09-30,2024-10-01,2024-10-30,0,7.79519097111961e-05,0.0,7.79519097111961e-05,0.14422382103700637,0.8557761789629935,0.0,1.0,0.06965650317510359,0.1,1.0967452021054467,1.1068931882595598,-0.00916799042739569,7.794887161896466e-05,0.041492963378731686
2024-10-30,EWMA,10,2024-09-30,2024-10-01,2024-10-30,0,-0.0007919479134857931,0.0,-0.0007919479134857931,0.14421257939103846,0.8557874206089616,0.0,1.0,0.06965650317510359,0.1,1.0958766370310138,1.1068931882595598,-0.009952677769991647,-0.000792261669898058,0.04149282554733425
2024-10-31,EWMA,11,2024-10-30,2024-10-31,2024-12-02,1,-0.006871399876939289,6.705437878387391e-05,-0.006938454255723162,0.10785690000438164,0.8921430999956184,0.06705437878387391,1.0,0.06697603913713202,0.1,1.0882729471150583,1.1068931882595598,-0.01682207582628581,-0.006962637256133351,0.04724647497142448
2024-11-01,EWMA,11,2024-10-30,2024-10-31,2024-12-02,0,-0.0005900366886357538,0.0,-0.0005900366886357538,0.10860315571519825,0.8913968442848016,0.0,1.0,0.06697603913713202,0.1,1.0876308261490106,1.1068931882595598,-0.0174021868730051,-0.000590210828785476,0.04692452135165403
2024-11-04,EWMA,11,2024-10-30,2024-10-31,2024-12-02,0,0.0030075596271782437,0.0,0.0030075596271782437,0.10866727339335434,0.8913327266066456,0.0,1.0,0.06697603913713202,0.1,1.0909019407110108,1.1068931882595598,-0.014446965360490838,0.0030030459675251696,0.04827390581060052
2024-11-05,EWMA,11,2024-10-30,2024-10-31,2024-12-02,0,0.00651403998198508,0.0,0.00651403998198508,0.10834143008228814,0.891658569917712,0.0,1.0,0.06697603913713202,0.1,1.0980081195692275,1.1068931882595598,-0.008027033488482216,0.006492915311878969,0.0534926179317198
2024-11-06,EWMA,11,2024-10-30,2024-10-31,2024-12-02,0,0.0046770377272738525,0.0,0.0046770377272738525,0.10764025714358365,0.8923597428564163,0.0,1.0,0.06697603913713202,0.1,1.1031435449693057,1.1068931882595598,-0.0033875384996722158,0.004666134370047287,0.05488517916210256
2024-11-07,EWMA,11,2024-10-30,2024-10-31,2024-12-02,0,0.006778071356775011,0.0,0.006778071356775011,0.1071391632350647,0.8928608367649353,0.0,1.0,0.06697603913713202,0.1,1.1106207306338736,1.1106207306338736,0.0,0.006755203506241417,0.059490721002430816
2024-11-08,EWMA,11,2024-10-30,2024-10-31,2024-12-02,0,0.0006006224758407283,0.0,0.0006006224758407283,0.10641785541741054,0.8935821445825896,0.0,1.0,0.06697603913713202,0.1,1.111287794406827,1.111287794406827,0.0,0.0006004421743532907,0.059473528258657225
2024-11-12,EWMA,11,2024-10-30,2024-10-31,2024-12-02,0,-0.007337830300112901,0.0,-0.007337830300112901,0.10635397682853227,0.8936460231714679,0.0,1.0,0.06697603913713202,0.1,1.1031333531568828,1.111287794406827,-0.007337830300112924,-0.007364884604713185,0.06528290892980038
2024-11-13,EWMA,11,2024-10-30,2024-10-31,2024-12-02,0,-0.002511170407161341,0.0,-0.002511170407161341,0.10714015309023653,0.8928598469097633,0.0,1.0,0.06697603913713202,0.1,1.1003631973252825,1.111287794406827,-0.009830574164971906,-0.0025143286839903797,0.06404452287184606
2024-11-14,EWMA,11,2024-10-30,2024-10-31,2024-12-02,0,-0.002860110103611895,0.0,-0.002860110103611895,0.10740987759629318,0.8925901224037069,0.0,1.0,0.06697603913713202,0.1,1.09721603742697,1.111287794406827,-0.012662567744090136,-0.0028642080340676667,0.06297276386545309
2024-11-15,EWMA,11,2024-10-30,2024-10-31,2024-12-02,0,-0.00488437304414189,0.0,-0.00488437304414189,0.1077179628301241,0.8922820371698759,0.0,1.0,0.06697603913713202,0.1,1.0918568249901615,1.111287794406827,-0.017485092083673215,-0.004896340579333077,0.06356879382058205
2024-11-18,EWMA,11,2024-10-30,2024-10-31,2024-12-02,0,0.004779150637378295,0.0,0.004779150637378295,0.10824667999601448,0.8917533200039856,0.0,1.0,0.06697603913713202,0.1,1.097074973231239,1.111287794406827,-0.012789505335271234,0.004767766752762174,0.06603109614418193
2024-11-19,EWMA,11,2024-10-30,2024-10-31,2024-12-02,0,0.001442062534711683,0.0,0.001442062534711683,0.1077318134311889,0.8922681865688111,0.0,1.0,0.06697603913713202,0.1,1.0986570239479054,1.111287794406827,-0.011365886067041142,0.0014410237610657938,0.06583295567063854
2024-11-20,EWMA,11,2024-10-30,2024-10-31,2024-12-02,0,0.0006494607216988699,0.0,0.0006494607216988699,0.10757668112972309,0.8924233188702769,0.0,1.0,0.06697603913713202,0.1,1.0993705585315783,1.111287794406827,-0.010723807041910005,0.00064924991335391,0.06325133594198634
2024-11-21,EWMA,11,2024-10-30,2024-10-31,2024-12-02,0,0.003548936873897678,0.0,0.003548936873897678,0.10750685964706912,0.8924931403529306,0.0,1.0,0.06697603913713202,0.1,1.1032721552448286,1.111287794406827,-0.00721292828225184,0.003542654257448575,0.0644319074846624
2024-11-22,EWMA,11,2024-10-30,2024-10-31,2024-12-02,0,0.0027930257651309054,0.0,0.0027930257651309054,0.10712667384408583,0.8928733261559142,0.0,1.0,0.06697603913713202,0.1,1.106353622800379,1.111287794406827,-0.00444004841165524,0.0027891325162800163,0.06228532392686853
2024-11-25,EWMA,11,2024-10-30,2024-10-31,2024-12-02,0,0.002755543125932519,0.0,0.002755543125932519,0.10682829965071627,0.8931717003492837,0.0,1.0,0.06697603913713202,0.1,1.109402227920537,1.111287794406827,-0.0016967400306022729,0.002751753576887413,0.06256857290714968
2024-11-26,EWMA,11,2024-10-30,2024-10-31,2024-12-02,0,-0.0003994994044456078,0.0,-0.0003994994044456078,0.10653473858413774,0.8934652614158622,0.0,1.0,0.06697603913713202,0.1,1.1089590223911923,1.111287794406827,-0.0020955615884161727,-0.0003995792255923923,0.06231989700435698
2024-11-27,EWMA,11,2024-10-30,2024-10-31,2024-12-02,0,0.001185320637068304,0.0,0.001185320637068304,0.10657731615847045,0.8934226838415293,0.0,1.0,0.06697603913713202,0.1,1.1102734944060955,1.111287794406827,-0.0009127248637449403,0.0011846186991881892,0.062355729753693835
2024-11-29,EWMA,11,2024-10-30,2024-10-31,2024-12-02,0,0.004616857907143874,0.0,0.004616857907143874,0.10645113742843713,0.8935488625715629,0.0,1.0,0.06697603913713202,0.1,1.1153994693678366,1.1153994693678366,0.0,0.004606232908863609,0.06384477548781173
2024-12-02,EWMA,11,2024-10-30,2024-10-31,2024-12-02,0,-0.0004659323339774837,0.0,-0.0004659323339774837,0.10596192627127539,0.8940380737287247,0.0,1.0,0.06697603913713202,0.1,1.1148797686897567,1.1153994693678366,-0.00046593233397762557,-0.0004660409141760667,0.06375199653964743
2024-12-03,EWMA,12,2024-12-02,2024-12-03,2025-01-02,1,-0.00016140440482362555,0.00010378344203911335,-0.0002651878468627389,0.16838608600932892,0.8316139139906711,0.10378344203911335,1.0,0.05049542236081338,0.1,1.114584116124387,1.1153994693678366,-0.0007309966212478702,-0.00026522301537744664,0.05735236255431012
2024-12-04,EWMA,12,2024-12-02,2024-12-03,2025-01-02,0,0.0019759429027277156,0.0,0.0019759429027277156,0.16841326865272022,0.8315867313472798,0.0,1.0,0.05049542236081338,0.1,1.116786470698136,1.116786470698136,0.0,0.0019739932953364465,0.05706617532268108
2024-12-05,EWMA,12,2024-12-02,2024-12-03,2025-01-02,0,-0.0011192059326631202,0.0,-0.0011192059326631202,0.16808114989749795,0.831918850102502,0.0,1.0,0.05049542236081338,0.1,1.1155365566546127,1.116786470698136,-0.0011192059326632364,-0.0011198327113295526,0.05726602489627646
2024-12-06,EWMA,12,2024-12-02,2024-12-03,2025-01-02,0,-2.9006555964965132e-05,0.0,-2.9006555964965132e-05,0.16826947809566878,0.8317305219043314,0.0,1.0,0.05049542236081338,0.1,1.1155041987810512,1.116786470698136,-0.0011481800243186013,-2.9006976663244964e-05,0.053828092512802565
2024-12-09,EWMA,12,2024-12-02,2024-12-03,2025-01-02,0,-0.000698491365238797,0.0,-0.000698491365238797,0.16827435915528507,0.8317256408447149,0.0,1.0,0.05049542236081338,0.1,1.114725028730315,1.116786470698136,-0.0018458693957247307,-0.0006987354239876904,0.05209398321803723
2024-12-10,EWMA,12,2024-12-02,2024-12-03,2025-01-02,0,-0.0022434935304808017,0.0,-0.0022434935304808017,0.16839197949894055,0.8316080205010595,0.0,1.0,0.05049542236081338,0.1,1.1122241503400936,1.116786470698136,-0.004085221730158017,-0.0022460139324674377,0.04760848615030629
2024-12-11,EWMA,12,2024-12-02,2024-12-03,2025-01-02,0,0.0020059092343433405,0.0,0.0020059092343433405,0.168770615282462,0.8312293847175378,0.0,1.0,0.05049542236081338,0.1,1.1144551710339206,1.116786470698136,-0.002087507079807427,0.0020039000847476398,0.04805216463985446
2024-12-12,EWMA,12,2024-12-02,2024-12-03,2025-01-02,0,-0.005273927326632408,0.0,-0.005273927326632408,0.16843275446491499,0.831567245535085,0.0,1.0,0.05049542236081338,0.1,1.108577615453098,1.116786470698136,-0.007350425045807074,-0.005287883572466504,0.0443644319945747
2024-12-13,EWMA,12,2024-12-02,2024-12-03,2025-01-02,0,-0.002210253057814837,0.0,-0.002210253057814837,0.1693257662506472,0.8306742337493527,0.0,1.0,0.05049542236081338,0.1,1.1061273783887176,1.116786470698136,-0.009544431804188291,-0.002212699272271304,0.044140696298774804
2024-12-16,EWMA,12,2024-12-02,2024-12-03,2025-01-02,0,-7.661364253932107e-05,0.0,-7.661364253932107e-05,0.16970084806900554,0.8302991519309946,0.0,1.0,0.05049542236081338,0.1,1.1060426339411467,1.116786470698136,-0.009620314213041214,-7.661657751433968e-05,0.04269623831343896
2024-12-17,EWMA,12,2024-12-02,2024-12-03,2025-01-02,0,-0.002573943312473586,0.0,-0.002573943312473586,0.16971385046527906,0.8302861495347209,0.0,1.0,0.05049542236081338,0.1,1.103195742900203,1.116786470698136,-0.01216949538208234,-0.0025772615998402447,0.03973742246358605
2024-12-18,EWMA,12,2024-12-02,2024-12-03,2025-01-02,0,-0.01625217819209515,0.0,-0.01625217819209515,0.17015181158280787,0.8298481884171919,0.0,1.0,0.05049542236081338,0.1,1.0852664091058282,1.116786470698136,-0.028223892766719993,-0.01638569342537195,0.06833303647596432
2024-12-19,EWMA,12,2024-12-02,2024-12-03,2025-01-02,0,-0.002289849094473292,0.0,-0.002289849094473292,0.1729628343878897,0.8270371656121103,0.0,1.0,0.05049542236081338,0.1,1.082781312801675,1.116786470698136,-0.030449113405898842,-0.0022924748080019935,0.0682100408107731
2024-12-20,EWMA,12,2024-12-02,2024-12-03,2025-01-02,0,0.00620598737903239,0.0,0.00620598737903239,0.17335980217391572,0.8266401978260842,0.0,1.0,0.05049542236081338,0.1,1.0895010399631742,1.116786470698136,-0.024432092840366293,0.006186809543396116,0.0721658335724679
2024-12-23,EWMA,12,2024-12-02,2024-12-03,2025-01-02,0,0.0011273606349725418,0.0,0.0011273606349725418,0.17229056907669943,0.8277094309233004,0.0,1.0,0.05049542236081338,0.1,1.0907293005473904,1.116786470698136,-0.02333227598509191,0.0011267256411717666,0.07096564096123048
2024-12-24,EWMA,12,2024-12-02,2024-12-03,2025-01-02,0,0.004673043467905374,0.0,0.004673043467905374,0.17209655419608436,0.8279034458039157,0.0,1.0,0.05049542236081338,0.1,1.0958263259805665,1.116786470698136,-0.018768265257069983,0.004662158697111183,0.07235722412612344
2024-12-26,EWMA,12,2024-12-02,2024-12-03,2025-01-02,0,0.001346673905861149,0.0,0.001346673905861149,0.17129608016757944,0.8287039198324206,0.0,1.0,0.05049542236081338,0.1,1.0973020466991203,1.116786470698136,-0.017446866084288692,0.001345767953813563,0.07173326677689104
2024-12-27,EWMA,12,2024-12-02,2024-12-03,2025-01-02,0,-0.004503949268618477,0.0,-0.004503949268618477,0.17106571043914345,0.8289342895608565,0.0,1.0,0.05049542236081338,0.1,1.0923598539484363,1.116786470698136,-0.021872235553167085,-0.004514122606416568,0.07304859902129623
2024-12-30,EWMA,12,2024-12-02,2024-12-03,2025-01-02,0,-0.002417754972508229,0.0,-0.002417754972508229,0.17183966758427932,0.8281603324157207,0.0,1.0,0.05049542236081338,0.1,1.0897187954797842,1.116786470698136,-0.02423710881940666,-0.002420682461647993,0.07293285773687842
2024-12-31,EWMA,12,2024-12-02,2024-12-03,2025-01-02,0,-0.00031874364641755416,0.0,-0.00031874364641755416,0.1722561407250624,0.8277438592749375,0.0,1.0,0.05049542236081338,0.1,1.0893714545373432,1.116786470698136,-0.02454812704138054,-0.0003187944559707216,0.07020078862597082
2025-01-02,EWMA,12,2024-12-02,2024-12-03,2025-01-02,0,0.001472663456676359,0.0,0.001472663456676359,0.1723110637818503,0.8276889362181495,0.0,1.0,0.05049542236081338,0.1,1.0909757320691869,1.116786470698136,-0.023111614714327766,0.0014715801512804698,0.07074848446044996
2025-01-03,EWMA,13,2025-01-02,2025-01-03,2025-02-04,1,0.003579985660907902,0.00010125035301673525,0.0034787353078911667,0.18824333367125634,0.8117566663287437,0.10125035301673525,1.0,0.05363378483180595,0.1,1.0947709478683882,1.116786470698136,-0.019713278596565798,0.0034726985044630405,0.07242409281622529
2025-01-06,EWMA,13,2025-01-02,2025-01-03,2025-02-04,0,0.001511670855822703,0.0,0.001511670855822703,0.1875718292122861,0.812428170787714,0.0,1.0,0.05363378483180595,0.1,1.0964258812040824,1.116786470698136,-0.018231407729470184,0.0015105294315949005,0.07221354885786492
2025-01-07,EWMA,13,2025-01-02,2025-01-03,2025-02-04,0,-0.003161786449076974,0.0,-0.003161786449076974,0.18728871032725977,0.8127112896727403,0.0,1.0,0.05363378483180595,0.1,1.092959216710474,1.116786470698136,-0.0213355503606405,-0.0031667954569137772,0.07264740939150764
2025-01-08,EWMA,13,2025-01-02,2025-01-03,2025-02-04,0,0.0006584453432595555,0.0,0.0006584453432595555,0.1878827554775439,0.812117244522456,0.0,1.0,0.05363378483180595,0.1,1.0936788706170897,1.116786470698136,-0.02069115331116178,0.0006582286632339441,0.07279885452365532
2025-01-10,EWMA,13,2025-01-02,2025-01-03,2025-02-04,0,-0.005761796570770792,0.0,-0.005761796570770792,0.18775912635514086,0.8122408736448591,0.0,1.0,0.05363378483180595,0.1,1.0873773154508437,1.116786470698136,-0.026333731665738935,-0.005778459758056716,0.07468811323505074
2025-01-13,EWMA,13,2025-01-02,2025-01-03,2025-02-04,0,0.0008005540444988208,0.0,0.0008005540444988208,0.18884722565230389,0.8111527743476961,0.0,1.0,0.05363378483180595,0.1,1.0882478197586243,1.116786470698136,-0.02555425919663179,0.0008002337720286216,0.07488693321159617
2025-01-14,EWMA,13,2025-01-02,2025-01-03,2025-02-04,0,0.0020006810866850756,0.0,0.0020006810866850756,0.18869616417489227,0.8113038358251078,0.0,1.0,0.05363378483180595,0.1,1.0904250565892415,1.116786470698136,-0.02360470403300574,0.001998682389672656,0.0748842650878482
2025-01-15,EWMA,13,2025-01-02,2025-01-03,2025-02-04,0,0.011085770964713717,0.0,0.011085770964713717,0.18831939711882076,0.8116806028811795,0.0,1.0,0.05363378483180595,0.1,1.1025132590207747,1.116786470698136,-0.012780609410891985,0.011024774189285573,0.083987203590289
2025-01-16,EWMA,13,2025-01-02,2025-01-03,2025-02-04,0,0.0011007097498720465,0.0,0.0011007097498720465,0.1862546210487547,0.8137453789512453,0.0,1.0,0.05363378483180595,0.1,1.1037268061143422,1.116786470698136,-0.01169396740240769,0.0011001044130546853,0.08380113895653822
2025-01-17,EWMA,13,2025-01-02,2025-01-03,2025-02-04,0,0.002575306693498017,0.0,0.002575306693498017,0.18604983418230817,0.8139501658176918,0.0,1.0,0.05363378483180595,0.1,1.1065692411459216,1.116786470698136,-0.009148776261434621,0.0025719962735615723,0.08431253874918107
2025-01-21,EWMA,13,2025-01-02,2025-01-03,2025-02-04,0,0.0063765409963425276,0.0,0.0063765409963425276,0.18557192955001264,0.8144280704499872,0.0,1.0,0.05363378483180595,0.1,1.1136253252773802,1.116786470698136,-0.002830572811989507,0.006356296871556606,0.08649274615669623
2025-01-22,EWMA,13,2025-01-02,2025-01-03,2025-02-04,0,-0.00040965553265167725,0.0,-0.00040965553265167725,0.18439612013043447,0.8156038798695656,0.0,1.0,0.05363378483180595,0.1,1.1131691225015794,1.116786470698136,-0.0032390687848281585,-0.00040973946440224664,0.061372581676252695
2025-01-23,EWMA,13,2025-01-02,2025-01-03,2025-02-04,0,0.0018573445596509375,0.0,0.0018573445596509375,0.18447168997885188,0.815528310021148,0.0,1.0,0.05363378483180595,0.1,1.1152366611152291,1.116786470698136,-0.00138774029196298,0.0018556218280519096,0.060058931867185604
2025-01-24,EWMA,13,2025-01-02,2025-01-03,2025-02-04,0,0.0005327456667475793,0.0,0.0005327456667475793,0.18412969768658355,0.8158703023134163,0.0,1.0,0.05363378483180595,0.1,1.1158307986138365,1.116786470698136,-0.000855733937842329,0.0005326038081556574,0.057528854625419866
2025-01-27,EWMA,13,2025-01-02,2025-01-03,2025-02-04,0,-0.0032867631883077247,0.0,-0.0032867631883077247,0.18403165561950785,0.8159683443804919,0.0,1.0,0.05363378483180595,0.1,1.1121633270205726,1.116786470698136,-0.004139684531344057,-0.0032921764591163955,0.05954029181652729
2025-01-28,EWMA,13,2025-01-02,2025-01-03,2025-02-04,0,0.0015610923857733608,0.0,0.0015610923857733608,0.1846385187059342,0.8153614812940658,0.0,1.0,0.05363378483180595,0.1,1.1138995167221208,1.116786470698136,-0.002585054575572121,0.0015598751477042911,0.05803883695460875
2025-01-29,EWMA,13,2025-01-02,2025-01-03,2025-02-04,0,-0.0013987205592621737,0.0,-0.0013987205592621737,0.18435073018473105,0.8156492698152689,0.0,1.0,0.05363378483180595,0.1,1.1123414825671294,1.116786470698136,-0.003980159365852609,-0.0013996996819828449,0.058478567520904086
2025-01-30,EWMA,13,2025-01-02,2025-01-03,2025-02-04,0,0.005108223472642465,0.0,0.005108223472642465,0.18460894651364343,0.8153910534863565,0.0,1.0,0.05363378483180595,0.1,1.1180235714379727,1.1180235714379727,0.0,0.005095220760826002,0.05725142486600681
2025-01-31,EWMA,13,2025-01-02,2025-01-03,2025-02-04,0,-0.0044546890542767744,0.0,-0.0044546890542767744,0.18367071545372565,0.8163292845462743,0.0,1.0,0.05363378483180595,0.1,1.1130431240718646,1.1180235714379727,-0.004454689054276706,-0.004464640747023893,0.05924103931964562
2025-02-03,EWMA,13,2025-01-02,2025-01-03,2025-02-04,0,-0.0012722349058886138,0.0,-0.0012722349058886138,0.18449257249702353,0.8155074275029766,0.0,1.0,0.05363378483180595,0.1,1.111627071757661,1.1180235714379727,-0.005721256549255593,-0.0012730448837774736,0.0596015524211567
2025-02-04,EWMA,13,2025-01-02,2025-01-03,2025-02-04,0,0.005287901972668471,0.0,0.005287901972668471,0.1847275893843189,0.8152724106156811,0.0,1.0,0.05363378483180595,0.1,1.11750524674328,1.1180235714379727,-0.00046360802038014626,0.005273970110996601,0.061437539742328774
2025-02-05,EWMA,14,2025-02-04,2025-02-05,2025-03-06,1,0.004756003886398088,5.833615032328665e-05,0.004697667736074801,0.17783894899768948,0.8221610510023105,0.058336150323286644,1.0,0.05855230721381916,0.1,1.1227549150858003,1.1227549150858003,0.0,0.004686668129873746,0.06215699687672947
2025-02-06,EWMA,14,2025-02-04,2025-02-05,2025-03-06,0,-0.0005748571005015835,0.0,-0.0005748571005015835,0.17699714986504997,0.8230028501349503,0.0,1.0,0.05855230721381916,0.1,1.1221094914507401,1.1227549150858003,-0.0005748571005016467,-0.0005750223941944529,0.062445713644952626
2025-02-07,EWMA,14,2025-02-04,2025-02-05,2025-03-06,0,-0.003944021206020696,0.0,-0.003944021206020696,0.17709895645766102,0.8229010435423387,0.0,1.0,0.05855230721381916,0.1,1.1176838678209813,1.1227549150858003,-0.004516611057927555,-0.003951819368489485,0.0631769115146788
2025-02-10,EWMA,14,2025-02-04,2025-02-05,2025-03-06,0,0.004524644901159108,0.0,0.004524644901159108,0.17780020423359316,0.8221997957664069,0.0,1.0,0.05855230721381916,0.1,1.1227409904346253,1.1227549150858003,-1.240221796217078e-05,0.004514439467813665,0.0642667584610948
2025-02-11,EWMA,14,2025-02-04,2025-02-05,2025-03-06,0,-0.0002906144886702869,0.0,-0.0002906144886702869,0.17699934504950637,0.8230006549504933,0.0,1.0,0.05855230721381916,0.1,1.122414705635781,1.1227549150858003,-0.00030301310236824364,-0.00029065672524403787,0.05932775580297215
2025-02-12,EWMA,14,2025-02-04,2025-02-05,2025-03-06,0,-0.003459343626537159,0.0,-0.003459343626537159,0.17705079857680348,0.8229492014231966,0.0,1.0,0.05855230721381916,0.1,1.1185318874775083,1.1227549150858003,-0.003761308502460925,-0.003465340990991365,0.06176113304579763
2025-02-13,EWMA,14,2025-02-04,2025-02-05,2025-03-06,0,0.006934203361025682,0.0,0.006934203361025682,0.1776654042606888,0.8223345957393112,0.0,1.0,0.05855230721381916,0.1,1.1262880150510695,1.1262880150510695,0.0,0.006910272337597097,0.0647265520922801
2025-02-14,EWMA,14,2025-02-04,2025-02-05,2025-03-06,0,0.0004602431029510784,0.0,0.0004602431029510784,0.17644192010526905,0.8235580798947308,0.0,1.0,0.05855230721381916,0.1,1.1268063813419331,1.1268063813419331,0.0,0.0004601372235797593,0.05480870768541374
2025-02-18,EWMA,14,2025-02-04,2025-02-05,2025-03-06,0,0.002531790186610062,0.0,0.002531790186610062,0.17636075128585846,0.8236392487141415,0.0,1.0,0.05855230721381916,0.1,1.1296592186804242,1.1296592186804242,0.0,0.002528590605143663,0.05505199330842089
2025-02-19,EWMA,14,2025-02-04,2025-02-05,2025-03-06,0,0.0010590539496358477,0.0,0.0010590539496358477,0.1759153704772104,0.8240846295227897,0.0,1.0,0.05855230721381916,0.1,1.13085558873771,1.13085558873771,0.0,0.0010584935476307998,0.05479317763308932
2025-02-20,EWMA,14,2025-02-04,2025-02-05,2025-03-06,0,0.0004377609880900257,0.0,0.0004377609880900257,0.17572926370641548,0.8242707362935844,0.0,1.0,0.05855230721381916,0.1,1.131350633197623,1.131350633197623,0.0,0.0004376651987028972,0.051271908987913645
2025-02-21,EWMA,14,2025-02-04,2025-02-05,2025-03-06,0,-0.005734344241326962,0.0,-0.005734344241326962,0.17565236995138522,0.8243476300486149,0.0,1.0,0.05855230721381916,0.1,1.1248630792092247,1.131350633197623,-0.005734344241326905,-0.005750848718411275,0.05592405318694399
2025-02-24,EWMA,14,2025-02-04,2025-02-05,2025-03-06,0,-0.0007320138539187676,0.0,-0.0007320138539187676,0.17666543034452287,0.8233345696554772,0.0,1.0,0.05855230721381916,0.1,1.1240396638514818,1.131350633197623,-0.006462160475817935,-0.0007322819068802358,0.05585074075668291
2025-02-25,EWMA,14,2025-02-04,2025-02-05,2025-03-06,0,0.0001346857146322318,0.0,0.0001346857146322318,0.1767948466215513,0.8232051533784487,0.0,1.0,0.05855230721381916,0.1,1.1241910559368826,1.131350633197623,-0.006328345121887402,0.00013467664532569704,0.05585354927837731
2025-02-26,EWMA,14,2025-02-04,2025-02-05,2025-03-06,0,0.000719722917055101,0.0,0.000719722917055101,0.17677103808796013,0.8232289619120399,0.0,1.0,0.05855230721381916,0.1,1.1250001620029886,1.131350633197623,-0.005613176859843749,0.0007194640407218066,0.05425852196269584
2025-02-27,EWMA,14,2025-02-04,2025-02-05,2025-03-06,0,-0.006613401017250873,0.0,-0.006613401017250873,0.1766439034225089,0.8233560965774911,0.0,1.0,0.05855230721381916,0.1,1.1175600847871907,1.131350633197623,-0.012189455687539708,-0.00663536645146986,0.059503318733849196
2025-02-28,EWMA,14,2025-02-04,2025-02-05,2025-03-06,0,0.004629090588340372,0.0,0.004629090588340372,0.17781989771494436,0.8221801022850557,0.0,1.0,0.05855230721381916,0.1,1.122733371657584,1.131350633197623,-0.007616791193799433,0.004618409298922585,0.061149731188894475
2025-03-03,EWMA,14,2025-02-04,2025-02-05,2025-03-06,0,-0.004143161951815032,0.0,-0.004143161951815032,0.17700054615261818,0.8229994538473817,0.0,1.0,0.05855230721381916,0.1,1.1180817054700993,1.131350633197623,-0.011728395546145354,-0.004151768628089617,0.06067328176495859
2025-03-04,EWMA,14,2025-02-04,2025-02-05,2025-03-06,0,-0.003716044922111105,0.0,-0.003716044922111105,0.17773693907603005,0.8222630609239701,0.0,1.0,0.05855230721381916,0.1,1.1139268636259818,1.131350633197623,-0.015400857223542785,-0.0037229665697991105,0.06003629593722347
2025-03-05,EWMA,14,2025-02-04,2025-02-05,2025-03-06,0,0.0039433315023904994,0.0,0.0039433315023904994,0.17839988104810411,0.8216001189518959,0.0,1.0,0.05855230721381916,0.1,1.1183194465186772,1.131350633197623,-0.011518256406605643,0.003935576949884124,0.061301359025415794
2025-03-06,EWMA,14,2025-02-04,2025-02-05,2025-03-06,0,-0.00653258595719648,0.0,-0.00653258595719648,0.17769915437471018,0.82230084562529,0.0,1.0,0.05855230721381916,0.1,1.1110139286066896,1.131350633197623,-0.017975598363748957,-0.006554016679851866,0.06284805963971898
2025-03-07,EWMA,15,2025-03-06,2025-03-07,2025-04-04,1,0.0026273528225792472,5.511762908343311e-05,0.002572235193495814,0.18415273992794623,0.8158472600720538,0.05511762908343311,1.0,0.060587452007649076,0.1,1.1138717177343158,1.131350633197623,-0.015449600636988414,0.00256893265860253,0.061145550921563374
2025-03-10,EWMA,15,2025-03-06,2025-03-07,2025-04-04,0,-0.008750752720848359,0.0,-0.008750752720848359,0.1836701735789699,0.8163298264210301,0.0,1.0,0.060587452007649076,0.1,1.1041245017696761,1.131350633197623,-0.024065157723026753,-0.008789265398662318,0.06774358825857768
2025-03-11,EWMA,15,2025-03-06,2025-03-07,2025-04-04,0,-0.0024605172962664694,0.0,-0.0024605172962664694,0.18529161468028377,0.8147083853197161,0.0,1.0,0.060587452007649076,0.1,1.1014077843358403,1.131350633197623,-0.026466462282478287,-0.002463549343573454,0.06705534182186298
2025-03-12,EWMA,15,2025-03-06,2025-03-07,2025-04-04,0,0.0011580593815584393,0.0,0.0011580593815584393,0.18574865245240113,0.814251347547599,0.0,1.0,0.060587452007649076,0.1,1.1026832799534119,1.131350633197623,-0.02533905263586278,0.001157389348035346,0.06473523118847758
2025-03-13,EWMA,15,2025-03-06,2025-03-07,2025-04-04,0,-0.0030693985272747647,0.0,-0.0030693985272747647,0.18553379330247105,0.814466206697529,0.0,1.0,0.060587452007649076,0.1,1.0992987055178725,1.131350633197623,-0.0283306755122944,-0.003074118792325421,0.06514444378437456
2025-03-14,EWMA,15,2025-03-06,2025-03-07,2025-04-04,0,0.00829978372492619,0.0,0.00829978372492619,0.1861050237884056,0.8138949762115943,0.0,1.0,0.060587452007649076,0.1,1.108422647022762,1.131350633197623,-0.020266030266901325,0.008265529922242372,0.07185877591373092
2025-03-17,EWMA,15,2025-03-06,2025-03-07,2025-04-04,0,0.005817376671298223,0.0,0.005817376671298223,0.18457310691953574,0.8154268930804641,0.0,1.0,0.060587452007649076,0.1,1.1148707590714908,1.131350633197623,-0.014566548727297679,0.005800521074275952,0.07052035769552431
2025-03-18,EWMA,15,2025-03-06,2025-03-07,2025-04-04,0,-0.001540007071852739,0.0,-0.001540007071852739,0.1835055858056173,0.8164944141943828,0.0,1.0,0.060587452007649076,0.1,1.113153850218319,1.131350633197623,-0.016084123211097867,-0.0015411941015894043,0.07052310992238903
2025-03-19,EWMA,15,2025-03-06,2025-03-07,2025-04-04,0,0.005827470414262543,0.0,0.005827470414262543,0.18378862158258052,0.8162113784174195,0.0,1.0,0.060587452007649076,0.1,1.1196407213469886,1.131350633197623,-0.010350382548987347,0.005810556387396982,0.07321135272859208
2025-03-20,EWMA,15,2025-03-06,2025-03-07,2025-04-04,0,-0.0016235051407574518,0.0,-0.0016235051407574518,0.1827238040206686,0.8172761959793315,0.0,1.0,0.060587452007649076,0.1,1.1178229788800802,1.131350633197623,-0.011957083790467893,-0.0016248244533623721,0.07311665660693913
2025-03-21,EWMA,15,2025-03-06,2025-03-07,2025-04-04,0,-0.0025801743939860592,0.0,-0.0025801743939860592,0.1830209394567429,0.8169790605432573,0.0,1.0,0.060587452007649076,0.1,1.1149388006529646,1.131350633197623,-0.01450640682303106,-0.0025835087807054946,0.0733500545881249
2025-03-24,EWMA,15,2025-03-06,2025-03-07,2025-04-04,0,0.004212212979085988,0.0,0.004212212979085988,0.18349438697545709,0.8165056130245429,0.0,1.0,0.060587452007649076,0.1,1.1196351603399617,1.131350633197623,-0.01035529791904477,0.004203366443622503,0.07280959843059412
2025-03-25,EWMA,15,2025-03-06,2025-03-07,2025-04-04,0,0.00032318156780881957,0.0,0.00032318156780881957,0.18272471157376632,0.8172752884262334,0.0,1.0,0.060587452007649076,0.1,1.1199970057864543,1.131350633197623,-0.010035462992652566,0.0003231293558949164,0.07280816015226323
2025-03-26,EWMA,15,2025-03-06,2025-03-07,2025-04-04,0,-0.004833148515380391,0.0,-0.004833148515380391,0.18266567739376133,0.8173343226062385,0.0,1.0,0.060587452007649076,0.1,1.1145838939207071,1.131350633197623,-0.014820108624968742,-0.004844865947638638,0.07456640515628864
2025-03-27,EWMA,15,2025-03-06,2025-03-07,2025-04-04,0,-0.0005454775235338083,0.0,-0.0005454775235338083,0.18355281541105917,0.8164471845889407,0.0,1.0,0.060587452007649076,0.1,1.1139759134584806,1.131350633197623,-0.015357502112351318,-0.000545626350521794,0.07445393365751594
2025-03-28,EWMA,15,2025-03-06,2025-03-07,2025-04-04,0,-0.004355130804560224,0.0,-0.004355130804560224,0.18365299399141125,0.8163470060085888,0.0,1.0,0.060587452007649076,0.1,1.1091244026422395,1.131350633197623,-0.01964574898638083,-0.004364642011802674,0.07247348108618919
2025-03-31,EWMA,15,2025-03-06,2025-03-07,2025-04-04,0,0.003561324043434024,0.0,0.003561324043434024,0.18445632541632787,0.8155436745836723,0.0,1.0,0.060587452007649076,0.1,1.1130743540445287,1.131350633197623,-0.01615438982116335,0.0035549975449875883,0.07164176638041019
2025-04-01,EWMA,15,2025-03-06,2025-03-07,2025-04-04,0,0.0011161001695205583,0.0,0.0011161001695205583,0.18380174783254663,0.8161982521674535,0.0,1.0,0.060587452007649076,0.1,1.1143166565197669,1.131350633197623,-0.015056319568860665,0.001115477792773173,0.07049112657689323
2025-04-02,EWMA,15,2025-03-06,2025-03-07,2025-04-04,0,0.003263336496709427,0.0,0.003263336496709427,0.18359683537346286,0.8164031646265373,0.0,1.0,0.060587452007649076,0.1,1.117953046733879,1.131350633197623,-0.011842116909306477,0.003258023370039545,0.07019343894160882
2025-04-03,EWMA,15,2025-03-06,2025-03-07,2025-04-04,0,-0.02008375248491389,0.0,-0.02008375248491389,0.1829996459499495,0.8170003540500507,0.0,1.0,0.060587452007649076,0.1,1.0955003544535205,1.131350633197623,-0.03168803524931629,-0.020288172688880144,0.09834148511471469
2025-04-04,EWMA,15,2025-03-06,2025-03-07,2025-04-04,0,-0.02794641591715779,0.0,-0.02794641591715779,0.18675029260307488,0.8132497073969251,0.0,1.0,0.060587452007649076,0.1,1.0648850459105685,1.131350633197623,-0.0587488841537992,-0.028344348383926358,0.1357524084839719
2025-04-07,EWMA,16,2025-04-04,2025-04-07,2025-05-06,1,-0.008936041960146916,0.0002254347993660883,-0.009161476759513005,0.39977599785864126,0.6002240021413587,0.2254347993660883,1.0,0.057480157085954504,0.1,1.055129126310906,1.131350633197623,-0.06737213437648981,-0.009203701177594241,0.13685996492515592
2025-04-08,EWMA,16,2025-04-04,2025-04-07,2025-05-06,0,-0.006933597350436523,0.0,-0.006933597350436523,0.40338062404098174,0.5966193759590183,0.0,1.0,0.057480157085954504,0.1,1.0478132857963482,1.131350633197623,-0.07383860047452029,-0.006957746427936128,0.13595704026861036
2025-04-09,EWMA,16,2025-04-04,2025-04-07,2025-05-06,0,0.02752556248996058,0.0,0.02752556248996058,0.40619703069677615,0.593802969303224,0.0,1.0,0.057480157085954504,0.1,1.0766549358723465,1.131350633197623,-0.048345486996092424,0.027153545414520017,0.17038827018853933
2025-04-10,EWMA,16,2025-04-04,2025-04-07,2025-05-06,0,-0.01292361880659653,0.0,-0.01292361880659653,0.3953157425227023,0.6046842574772977,0.0,1.0,0.057480157085954504,0.1,1.0627406578948917,1.131350633197623,-0.06064430715773217,-0.013007855315533333,0.17504425482328478
2025-04-11,EWMA,16,2025-04-04,2025-04-07,2025-05-06,0,0.006907478004904731,0.0,0.006907478004904731,0.4004915425539352,0.5995084574460647,0.0,1.0,0.057480157085954504,0.1,1.0700815156142187,1.131350633197623,-0.05415572837064209,0.006883730672112854,0.17748200754165816
2025-04-14,EWMA,16,2025-04-04,2025-04-07,2025-05-06,0,0.003638426553398508,0.0,0.003638426553398508,0.39774413369883066,0.6022558663011693,0.0,1.0,0.057480157085954504,0.1,1.0739749286149303,1.131350633197623,-0.05071434345736603,0.0036318234911640775,0.17505019759687004
2025-04-15,EWMA,16,2025-04-04,2025-04-07,2025-05-06,0,0.0013989714213189452,0.0,0.0013989714213189452,0.39630221718864084,0.6036977828113592,0.0,1.0,0.057480157085954504,0.1,1.0754773888472755,1.131350633197623,-0.04938631995319498,0.0013979937724957346,0.17339214270373599
2025-04-16,EWMA,16,2025-04-04,2025-04-07,2025-05-06,0,-0.0005508532293761737,0.0,-0.0005508532293761737,0.3957485762404528,0.6042514237595472,0.0,1.0,0.057480157085954504,0.1,1.074884958654508,1.131350633197623,-0.04990996856873797,-0.0005510050047561956,0.1734384296422799
2025-04-17,EWMA,16,2025-04-04,2025-04-07,2025-05-06,0,0.0011212850635236003,0.0,0.0011212850635236003,0.39596669577354504,0.604033304226455,0.0,1.0,0.057480157085954504,0.1,1.0760902111036534,1.131350633197623,-0.04884464680749134,0.0011206568929550927,0.17164272098298136
2025-04-21,EWMA,16,2025-04-04,2025-04-07,2025-05-06,0,-0.005735189005827477,0.0,-0.005735189005827477,0.39552320151540876,0.6044767984845912,0.0,1.0,0.057480157085954504,0.1,1.0699186303556532,1.131350633197623,-0.05429970253195504,-0.00575169835538153,0.17215719752660688
2025-04-22,EWMA,16,2025-04-04,2025-04-07,2025-05-06,0,0.005883091282520601,0.0,0.005883091282520601,0.39780468658035106,0.6021953134196489,0.0,1.0,0.057480157085954504,0.1,1.076213059322905,1.131350633197623,-0.04873606135604369,0.005865853475687175,0.17432387469094912
2025-04-23,EWMA,16,2025-04-04,2025-04-07,2025-05-06,0,0.002860342579175724,0.0,0.002860342579175724,0.39547805309376693,0.6045219469062331,0.0,1.0,0.057480157085954504,0.1,1.0792913973607512,1.131350633197623,-0.046015120608305926,0.0028562595833321533,0.17381240343204551
2025-04-24,EWMA,16,2025-04-04,2025-04-07,2025-05-06,0,0.008152607190831778,0.0,0.008152607190831778,0.39435007677805745,0.6056499232219426,0.0,1.0,0.057480157085954504,0.1,1.0880904361678774,1.131350633197623,-0.03823765662063239,0.008119554212606182,0.17705079807844193
2025-04-25,EWMA,16,2025-04-04,2025-04-07,2025-05-06,0,0.0014919723922031652,0.0,0.0014919723922031652,0.3911610940300941,0.608838905969906,0.0,1.0,0.057480157085954504,0.1,1.0897138370588602,1.131350633197623,-0.03680273375644971,0.0014908605071907188,0.1768470687843689
2025-04-28,EWMA,16,2025-04-04,2025-04-07,2025-05-06,0,0.0018709024050295679,0.0,0.0018709024050295679,0.3905783618971515,0.6094216381028483,0.0,1.0,0.057480157085954504,0.1,1.0917525852974077,1.131350633197623,-0.03500068567451664,0.0018691544469580663,0.17713567513620176
2025-04-29,EWMA,16,2025-04-04,2025-04-07,2025-05-06,0,0.0011441382718878727,0.0,0.0011441382718878727,0.38984899247952326,0.6101510075204767,0.0,1.0,0.057480157085954504,0.1,1.093001701213679,1.131350633197623,-0.03389659302665127,0.0011434842445129053,0.17682896357710962
2025-04-30,EWMA,16,2025-04-04,2025-04-07,2025-05-06,0,-0.0027882352739980803,0.0,-0.0027882352739980803,0.3894034610765001,0.6105965389235001,0.0,1.0,0.057480157085954504,0.1,1.0899541553158152,1.131350633197623,-0.03659031662430401,-0.002792129642598093,0.17627186748314452
2025-05-01,EWMA,16,2025-04-04,2025-04-07,2025-05-06,0,-0.001435639751512616,0.0,-0.001435639751512616,0.39049224532914956,0.6095077546708506,0.0,1.0,0.057480157085954504,0.1,1.0883893738031174,1.131350633197623,-0.03797342586275043,-0.0014366712696378306,0.1761076590268948
2025-05-02,EWMA,16,2025-04-04,2025-04-07,2025-05-06,0,0.004312744136931957,0.0,0.004312744136931957,0.39105365750483784,0.6089463424951622,0.0,1.0,0.057480157085954504,0.1,1.093083318693686,1.131350633197623,-0.03382445139556722,0.004303470908417673,0.176472069812857
2025-05-05,EWMA,16,2025-04-04,2025-04-07,2025-05-06,0,-0.00014368517649392717,0.0,-0.00014368517649392717,0.3893743854071019,0.6106256145928981,0.0,1.0,0.057480157085954504,0.1,1.0929262588241169,1.131350633197623,-0.03396327649979247,-0.00014369550019781988,0.16203923340654502
2025-05-06,EWMA,16,2025-04-04,2025-04-07,2025-05-06,0,6.644242554103264e-05,0.0,6.644242554103264e-05,0.3894303407743481,0.6105696592256518,0.0,1.0,0.057480157085954504,0.1,1.0929988754956905,1.131350633197623,-0.03389909067672159,6.644021834084403e-05,0.12541850411008743
2025-05-07,EWMA,17,2025-05-06,2025-05-07,2025-06-05,1,-0.00011606897979270052,0.00014670637452536428,-0.00026277535431806483,0.5358023915761996,0.46419760842380037,0.14670637452536428,1.0,0.06972266808391518,0.1,1.0927116623289128,1.131350633197623,-0.034152958185476034,-0.000262809885810966,0.11973221740340319
2025-05-08,EWMA,17,2025-05-06,2025-05-07,2025-06-05,0,-4.537157724863485e-05,0.0,-4.537157724863485e-05,0.5358645888323325,0.46413541116766754,0.0,1.0,0.06972266808391518,0.1,1.092662084277315,1.131350633197623,-0.03419678018914418,-4.5372606569780595e-05,0.1157880784453284
2025-05-09,EWMA,17,2025-05-06,2025-05-07,2025-06-05,0,0.000639266296474155,0.0,0.000639266296474155,0.5358889029570897,0.4641110970429103,0.0,1.0,0.06972266808391518,0.1,1.0933605863212288,1.131350633197623,-0.0335793747416927,0.0006390620528146742,0.0709475996226152
2025-05-12,EWMA,17,2025-05-06,2025-05-07,2025-06-05,0,0.005171519445579292,0.0,0.005171519445579292,0.5355465460999748,0.4644534539000252,0.0,1.0,0.06972266808391518,0.1,1.099014921854419,1.131350633197623,-0.028581511685560446,0.0051581930642387195,0.051992178836725425
2025-05-13,EWMA,17,2025-05-06,2025-05-07,2025-06-05,0,0.0011405057354471272,0.0,0.0011405057354471272,0.532791206017621,0.46720879398237897,0.0,1.0,0.06972266808391518,0.1,1.100268354676136,1.131350633197623,-0.027473603328118323,0.0011398558528637746,0.0483119123115779
2025-05-14,EWMA,17,2025-05-06,2025-05-07,2025-06-05,0,-0.002465342518207098,0.0,-0.002465342518207098,0.5321842468317948,0.4678157531682053,0.0,1.0,0.06972266808391518,0.1,1.0975558163199153,1.131350633197623,-0.02987121400391224,-0.002468386479039697,0.049253757520060844
2025-05-15,EWMA,17,2025-05-06,2025-05-07,2025-06-05,0,0.0023291893876709775,0.0,0.0023291893876709775,0.5334995058470018,0.4665004941529982,0.0,1.0,0.06972266808391518,0.1,1.100112231679664,1.131350633197623,-0.027611600330896047,0.0023264810307713157,0.049444804839962296
2025-05-16,EWMA,17,2025-05-06,2025-05-07,2025-06-05,0,0.0010611367529072043,0.0,0.0010611367529072043,0.5322597720344949,0.46774022796550513,0.0,1.0,0.06972266808391518,0.1,1.1012796012010222,1.131350633197623,-0.026579763261906586,0.0010605741452702718,0.04908950675695534
2025-05-19,EWMA,17,2025-05-06,2025-05-07,2025-06-05,0,0.00043110475572645843,0.0,0.00043110475572645843,0.5316955703234667,0.4683044296765333,0.0,1.0,0.06972266808391518,0.1,1.1017543680744843,1.131350633197623,-0.026160117168528507,0.0004310118567697492,0.04915371065630663
2025-05-20,EWMA,17,2025-05-06,2025-05-07,2025-06-05,0,0.0001279219008765736,0.0,0.0001279219008765736,0.5314664526082381,0.4685335473917617,0.0,1.0,0.06972266808391518,0.1,1.1018953065875474,1.131350633197623,-0.026035541719567346,0.0001279137195679166,0.04257255615780754
2025-05-21,EWMA,17,2025-05-06,2025-05-07,2025-06-05,0,-0.005302220653237569,0.0,-0.005302220653237569,0.5313984751051798,0.46860152489482004,0.0,1.0,0.06972266808391518,0.1,1.0960528145352533,1.131350633197623,-0.031199716185781323,-0.005316327311671036,0.04533363355261503
2025-05-22,EWMA,17,2025-05-06,2025-05-07,2025-06-05,0,-7.754897050748694e-05,0.0,-7.754897050748694e-05,0.5342310862040526,0.46576891379594754,0.0,1.0,0.06972266808391518,0.1,1.0959678167678641,1.131350633197623,-0.03127484565041849,-7.755197758436515e-05,0.0448504878080311
2025-05-23,EWMA,17,2025-05-06,2025-05-07,2025-06-05,0,0.0004228196323845617,0.0,0.0004228196323845617,0.5342725184878316,0.4657274815121683,0.0,1.0,0.06972266808391518,0.1,1.0964312134772551,1.131350633197623,-0.03086524963677484,0.00042273026935253904,0.035905577800513816
2025-05-27,EWMA,17,2025-05-06,2025-05-07,2025-06-05,0,0.004109829647439637,0.0,0.004109829647439637,0.5340467130529424,0.4659532869470575,0.0,1.0,0.06972266808391518,0.1,1.1009373589847822,1.131350633197623,-0.026882270907368055,0.004101407365783426,0.03801506983446494
2025-05-28,EWMA,17,2025-05-06,2025-05-07,2025-06-05,0,-0.0021182133880872757,0.0,-0.0021182133880872757,0.5318608555405293,0.4681391444594707,0.0,1.0,0.06972266808391518,0.1,1.098605338731535,1.131350633197623,-0.02894354190931725,-0.002120459975127145,0.038694771432865975
2025-05-29,EWMA,17,2025-05-06,2025-05-07,2025-06-05,0,0.001727639840041764,0.0,0.001727639840041764,0.5329898417590578,0.4670101582409421,0.0,1.0,0.06972266808391518,0.1,1.1005033330832104,1.131350633197623,-0.027265906085389813,0.0017261491869607968,0.03890725177012937
2025-05-30,EWMA,17,2025-05-06,2025-05-07,2025-06-05,0,-0.0006816605508408078,0.0,-0.0006816605508408078,0.5320706153662357,0.4679293846337645,0.0,1.0,0.06972266808391518,0.1,1.0997531633749786,1.131350633197623,-0.027928980543669324,-0.000681892987028483,0.0374354260702808
2025-06-02,EWMA,17,2025-05-06,2025-05-07,2025-06-05,0,0.002145706151915363,0.0,0.002145706151915363,0.5324335543161569,0.4675664456838431,0.0,1.0,0.06972266808391518,0.1,1.1021129105032208,1.131350633197623,-0.02584320177712318,0.0021434074121628966,0.037244469842200506
2025-06-03,EWMA,17,2025-05-06,2025-05-07,2025-06-05,0,0.001186739386744844,0.0,0.001186739386744844,0.5312935544678623,0.4687064455321378,0.0,1.0,0.06972266808391518,0.1,1.103420831302755,1.131350633197623,-0.024687131535806928,0.0011860357681783781,0.03482194589926287
2025-06-04,EWMA,17,2025-05-06,2025-05-07,2025-06-05,0,0.001466149829202139,0.0,0.001466149829202139,0.5306637948414045,0.4693362051585956,0.0,1.0,0.06972266808391518,0.1,1.1050386115661075,1.131350633197623,-0.023257176740289487,0.0014650760809304054,0.03492318020480612
2025-06-05,EWMA,17,2025-05-06,2025-05-07,2025-06-05,0,-0.0006345088711010646,0.0,-0.0006345088711010646,0.529886901251638,0.47011309874836216,0.0,1.0,0.06972266808391518,0.1,1.1043374547641596,1.131350633197623,-0.0238769287264321,-0.0006347102570467695,0.03512302997640115
2025-06-06,EWMA,18,2025-06-05,2025-06-06,2025-07-08,1,0.0012646598535206582,7.91993448294546e-05,0.0011854605086912037,0.45102398783042086,0.5489760121695791,0.0791993448294546,1.0,0.08539580855546247,0.1,1.105646603205051,1.131350633197623,-0.022719773373815033,0.0011847584052048937,0.035089291200171714
2025-06-09,EWMA,18,2025-06-05,2025-06-06,2025-07-08,0,0.0009797052797870349,0.0,0.0009797052797870349,0.4504543163406997,0.5495456836593003,0.0,1.0,0.08539580855546247,0.1,1.1067298110197896,1.131350633197623,-0.021762326775957797,0.0009792256817869817,0.035045906326650195
2025-06-10,EWMA,18,2025-06-05,2025-06-06,2025-07-08,0,0.002221492471588267,0.0,0.002221492471588267,0.4500134358016697,0.5499865641983304,0.0,1.0,0.08539580855546247,0.1,1.1091884029630523,1.131350633197623,-0.019589179149466673,0.0022190286054862216,0.035487480484501524
2025-06-11,EWMA,18,2025-06-05,2025-06-06,2025-07-08,0,0.0013137040478092762,0.0,0.0013137040478092762,0.4490159502485694,0.5509840497514306,0.0,1.0,0.08539580855546247,0.1,1.110645548257808,1.131350633197623,-0.018301209485599323,0.0013128418936410038,0.031674583404922324
2025-06-12,EWMA,18,2025-06-05,2025-06-06,2025-07-08,0,0.0024285108515530213,0.0,0.0024285108515530213,0.4484268500804723,0.5515731499195277,0.0,1.0,0.08539580855546247,0.1,1.113342763023981,1.131350633197623,-0.0159171433198787,0.0024255667845773277,0.032307974618497666
2025-06-13,EWMA,18,2025-06-05,2025-06-06,2025-07-08,0,-0.002286302793703718,0.0,-0.002286302793703718,0.44734047887318984,0.55265952112681,0.0,1.0,0.08539580855546247,0.1,1.1107973243545295,1.131350633197623,-0.018167054704342323,-0.002288920374418438,0.03210115755307115
2025-06-16,EWMA,18,2025-06-05,2025-06-06,2025-07-08,0,0.0009659640221823841,0.0,0.0009659640221823841,0.4483655783475665,0.5516344216524335,0.0,1.0,0.08539580855546247,0.1,1.1118703146057924,1.131350633197623,-0.01721863940339341,0.0009654977791614745,0.0315040707726036
2025-06-17,EWMA,18,2025-06-05,2025-06-06,2025-07-08,0,-0.0005598100138271036,0.0,-0.0005598100138271036,0.447932891290228,0.5520671087097719,0.0,1.0,0.08539580855546247,0.1,1.111247878469599,1.131350633197623,-0.017768810250458067,-0.0005599667659565653,0.03164464002713549
2025-06-18,EWMA,18,2025-06-05,2025-06-06,2025-07-08,0,0.0002187545812940956,0.0,0.0002187545812940956,0.4481837890633807,0.5518162109366193,0.0,1.0,0.08539580855546247,0.1,1.1114909690339676,1.131350633197623,-0.017553942677810297,0.0002187306579995003,0.031653020450708606
2025-06-20,EWMA,18,2025-06-05,2025-06-06,2025-07-08,0,-0.0001438252832604072,0.0,-0.0001438252832604072,0.44808576824876367,0.5519142317512364,0.0,1.0,0.08539580855546247,0.1,1.1113311085305049,1.131350633197623,-0.017695243260292814,-0.00014383562710827612,0.031698471718501084
2025-06-23,EWMA,18,2025-06-05,2025-06-06,2025-07-08,0,0.00037381091655810527,0.0,0.00037381091655810527,0.4481502235816134,0.5518497764183865,0.0,1.0,0.08539580855546247,0.1,1.1117465362307841,1.131350633197623,-0.017328047018836612,0.00037374106666399607,0.02393297557348925
2025-06-24,EWMA,18,2025-06-05,2025-06-06,2025-07-08,0,0.0027064633182295184,0.0,0.0027064633182295184,0.4479827627344734,0.5520172372655265,0.0,1.0,0.08539580855546247,0.1,1.1147554374502613,1.131350633197623,-0.014668481424240265,0.002702807441228806,0.024752471485624206
2025-06-25,EWMA,18,2025-06-05,2025-06-06,2025-07-08,0,-0.0004132779621269812,0.0,-0.0004132779621269812,0.44677358641129744,0.5532264135887026,0.0,1.0,0.08539580855546247,0.1,1.114294733594802,1.131350633197623,-0.015075697226256679,-0.0004133633850003759,0.0250842630900036
2025-06-26,EWMA,18,2025-06-05,2025-06-06,2025-07-08,0,0.003218832184016123,0.0,0.003218832184016123,0.4469583044285073,0.5530416955714927,0.0,1.0,0.08539580855546247,0.1,1.1178814613457766,1.131350633197623,-0.01190539118166889,0.0032136628335789953,0.023751640568860515
2025-06-27,EWMA,18,2025-06-05,2025-06-06,2025-07-08,0,-0.0009678479372147772,0.0,-0.0009678479372147772,0.445524236676733,0.554475763323267,0.0,1.0,0.08539580855546247,0.1,1.1167995220793623,1.131350633197623,-0.012861716510586874,-0.0009683166044530448,0.022302188928055463
2025-06-30,EWMA,18,2025-06-05,2025-06-06,2025-07-08,0,0.0026593481219130514,0.0,0.0026593481219130514,0.44595585413024186,0.5540441458697583,0.0,1.0,0.08539580855546247,0.1,1.1197694807909575,1.131350633197623,-0.010236572170320812,0.002655818312306437,0.02301899920131482
2025-07-01,EWMA,18,2025-06-05,2025-06-06,2025-07-08,0,0.0012733654001919213,0.0,0.0012733654001919213,0.4447730477610011,0.555226952238999,0.0,1.0,0.08539580855546247,0.1,1.1211953565039876,1.131350633197623,-0.008976241666947105,0.0012725553580508885,0.022392505232243308
2025-07-02,EWMA,18,2025-06-05,2025-06-06,2025-07-08,0,0.001911712837635719,0.0,0.001911712837635719,0.44420740941534265,0.5557925905846572,0.0,1.0,0.08539580855546247,0.1,1.123338760060514,1.131350633197623,-0.007081688825739674,0.0019098878401927926,0.022245817295612084
2025-07-03,EWMA,18,2025-06-05,2025-06-06,2025-07-08,0,0.0008632992117204669,0.0,0.0008632992117204669,0.44335983273141805,0.556640167268582,0.0,1.0,0.08539580855546247,0.1,1.1243085375265693,1.131350633197623,-0.006224503230400025,0.0008629267832853581,0.022223151566672972
2025-07-07,EWMA,18,2025-06-05,2025-06-06,2025-07-08,0,-0.003951258161647888,0.0,-0.003951258161647888,0.4429774106819663,0.5570225893180336,0.0,1.0,0.08539580855546247,0.1,1.119866104241457,1.131350633197623,-0.010151166772856657,-0.003959085006236608,0.02772598784511627
2025-07-08,EWMA,18,2025-06-05,2025-06-06,2025-07-08,0,0.0006948342015836792,0.0,0.0006948342015836792,0.44473467218520585,0.5552653278147941,0.0,1.0,0.08539580855546247,0.1,1.1206442255118785,1.131350633197623,-0.009463385949132541,0.0006945929160623197,0.027338826973232
2025-07-09,EWMA,19,2025-07-08,2025-07-09,2025-08-06,1,0.0028913915419507244,0.00011143593336175997,0.0027799556085889646,0.3448874464304261,0.6551125535695739,0.11143593336175997,1.0,0.08010591908426277,0.1,1.1237595667118232,1.131350633197623,-0.006709738133389043,0.002776098678405741,0.02823684485604723
2025-07-10,EWMA,19,2025-07-08,2025-07-09,2025-08-06,0,0.0007665399578241664,0.0,0.0007665399578241664,0.34389311678122975,0.6561068832187701,0.0,1.0,0.08010591908426277,0.1,1.124620973322695,1.131350633197623,-0.0059483414579505345,0.0007662463161198475,0.028226957255286466
2025-07-11,EWMA,19,2025-07-08,2025-07-09,2025-08-06,0,-0.002563845015583561,0.0,-0.002563845015583561,0.3436297108771469,0.6563702891228531,0.0,1.0,0.08010591908426277,0.1,1.1217376194458208,1.131350633197623,-0.008496935847936204,-0.0025671372946816967,0.029935158738285898
2025-07-14,EWMA,19,2025-07-08,2025-07-09,2025-08-06,0,-0.0001369457791949399,0.0,-0.0001369457791949399,0.3445129887862503,0.6554870112137497,0.0,1.0,0.08010591908426277,0.1,1.1215840022134735,1.131350633197623,-0.008632718007630769,-0.0001369551571243479,0.02988218543644787
2025-07-15,EWMA,19,2025-07-08,2025-07-09,2025-08-06,0,-0.003695381751017572,0.0,-0.003695381751017572,0.3445601748478744,0.6554398251521256,0.0,1.0,0.08010591908426277,0.1,1.1174393211594607,1.131350633197623,-0.012296198570061145,-0.00370222654210762,0.032265355390244416
2025-07-16,EWMA,19,2025-07-08,2025-07-09,2025-08-06,0,0.0022009679843782914,0.0,0.0022009679843782914,0.34583817894314606,0.6541618210568539,0.0,1.0,0.08010591908426277,0.1,1.119898769329818,1.131350633197623,-0.010122294125065268,0.002198549402508199,0.0316872732491314
2025-07-17,EWMA,19,2025-07-08,2025-07-09,2025-08-06,0,0.002085857170919887,0.0,0.002085857170919887,0.3450786718343468,0.6549213281656531,0.0,1.0,0.08010591908426277,0.1,1.1222347182085288,1.131350633197623,-0.008057550613932318,0.002083684791175888,0.03217676018686289
2025-07-18,EWMA,19,2025-07-08,2025-07-09,2025-08-06,0,-0.00036764097364037885,0.0,-0.00036764097364037885,0.3443603852553812,0.6556396147446188,0.0,1.0,0.08010591908426277,0.1,1.1218221387440737,1.131350633197623,-0.008422229301819795,-0.00036770857015113416,0.03210815856162129
2025-07-21,EWMA,19,2025-07-08,2025-07-09,2025-08-06,0,0.001529591558878928,0.0,0.001529591558878928,0.3444870328035276,0.6555129671964726,0.0,1.0,0.08010591908426277,0.1,1.12353806841806,1.131350633197623,-0.006905520313787994,0.0015284229252467481,0.03230869867321594
2025-07-22,EWMA,19,2025-07-08,2025-07-09,2025-08-06,0,0.0022013649044432836,0.0,0.0022013649044432836,0.34396091309427423,0.6560390869057257,0.0,1.0,0.08010591908426277,0.1,1.1260113856906815,1.131350633197623,-0.004719356979410394,0.00219894545080497,0.03272486000081398
2025-07-23,EWMA,19,2025-07-08,2025-07-09,2025-08-06,0,0.0030886305655433944,0.0,0.0030886305655433944,0.3432053927875761,0.6567946072124241,0.0,1.0,0.08010591908426277,0.1,1.1294892188736756,1.131350633197623,-0.0016453027640833673,0.0030838705449363814,0.03379201552261697
2025-07-24,EWMA,19,2025-07-08,2025-07-09,2025-08-06,0,-0.0013529028433696617,0.0,-0.0013529028433696617,0.3421486220954135,0.6578513779045864,0.0,1.0,0.08010591908426277,0.1,1.127961129697906,1.131350633197623,-0.0029959796726652943,-0.0013538188426867256,0.0337661175070389
2025-07-25,EWMA,19,2025-07-08,2025-07-09,2025-08-06,0,0.0006174379388274906,0.0,0.0006174379388274906,0.3426121430379025,0.6573878569620974,0.0,1.0,0.08010591908426277,0.1,1.1286575756929043,1.131350633197623,-0.002380391565351636,0.0006172474024488973,0.03357970220582805
2025-07-28,EWMA,19,2025-07-08,2025-07-09,2025-08-06,0,-0.0014642979370162379,0.0,-0.0014642979370162379,0.3424007318357848,0.6575992681642151,0.0,1.0,0.08010591908426277,0.1,1.1270048847332195,1.131350633197623,-0.0038412038999093845,-0.0014653710689582708,0.03291350985954632
2025-07-29,EWMA,19,2025-07-08,2025-07-09,2025-08-06,0,0.001606154491412613,0.0,0.001606154491412613,0.34290284376250324,0.6570971562374968,0.0,1.0,0.08010591908426277,0.1,1.1288150286906775,1.131350633197623,-0.0022412189753932,0.0016048660047753643,0.03278515124422412
2025-07-30,EWMA,19,2025-07-08,2025-07-09,2025-08-06,0,-0.002819687057384007,0.0,-0.002819687057384007,0.3423529719988788,0.6576470280011213,0.0,1.0,0.08010591908426277,0.1,1.1256321235640978,1.131350633197623,-0.005054586496639479,-0.002823669863541309,0.03374619830768302
2025-07-31,EWMA,19,2025-07-08,2025-07-09,2025-08-06,0,-0.0029015417991717146,0.0,-0.0029015417991717146,0.3433210298633121,0.6566789701366877,0.0,1.0,0.08010591908426277,0.1,1.1223660549070862,1.131350633197623,-0.007941462201813687,-0.0029057594319788667,0.03522068179171697
2025-08-01,EWMA,19,2025-07-08,2025-07-09,2025-08-06,0,-0.002010136104025748,0.0,-0.002010136104025748,0.3443200889938222,0.6556799110061777,0.0,1.0,0.08010591908426277,0.1,1.1201099463781845,1.131350633197623,-0.00993563488594884,-0.002012159139109295,0.03523113208894831
2025-08-04,EWMA,19,2025-07-08,2025-07-09,2025-08-06,0,0.004970727989717167,0.0,0.004970727989717167,0.3450136133143258,0.6549863866856744,0.0,1.0,0.08010591908426277,0.1,1.125677708240207,1.131350633197623,-0.005014294234654937,0.004958414708466999,0.03931557883630893
2025-08-05,EWMA,19,2025-07-08,2025-07-09,2025-08-06,0,-0.00071362074642711,0.0,-0.00071362074642711,0.3433071269692303,0.6566928730307695,0.0,1.0,0.08010591908426277,0.1,1.1248744012738163,1.131350633197623,-0.00572433667668748,-0.0007138754949150564,0.036654887050861236
2025-08-06,EWMA,19,2025-07-08,2025-07-09,2025-08-06,0,0.0003608229164865354,0.0,0.0003608229164865354,0.3435522930130071,0.656447706986993,0.0,1.0,0.08010591908426277,0.1,1.1252802817359648,1.131350633197623,-0.005365579232055717,0.00036075783555266207,0.03661778696070934
2025-08-07,EWMA,20,2025-08-06,2025-08-07,2025-09-05,1,-8.59873712328641e-05,0.00010820978503803353,-0.00019419715627089763,0.235330534974329,0.764669465025671,0.10820978503803352,1.0,0.04501036379391637,0.1,1.125061755505244,1.131350633197623,-0.005558734408097954,-0.00019421601498022747,0.035406983309691636
2025-08-08,EWMA,20,2025-08-06,2025-08-07,2025-09-05,0,0.00168823141235874,0.0,0.00168823141235874,0.23535077216854536,0.7646492278314546,0.0,1.0,0.04501036379391637,0.1,1.1269611201017313,1.131350633197623,-0.0038798874257800486,0.0016868079515701925,0.03578155725395469
2025-08-11,EWMA,20,2025-08-06,2025-08-07,2025-09-05,0,-0.0013011015637711119,0.0,-0.0013011015637711119,0.2349541152507162,0.7650458847492839,0.0,1.0,0.04501036379391637,0.1,1.1254948292260578,1.131350633197623,-0.005175940861954165,-0.0013019487313244845,0.03485003547677348
2025-08-12,EWMA,20,2025-08-06,2025-08-07,2025-09-05,0,0.0045264658989585815,0.0,0.0045264658989585815,0.235260212681329,0.7647397873186712,0.0,1.0,0.04501036379391637,0.1,1.1305893431900038,1.131350633197623,-0.0006729036828021506,0.0045162522617139145,0.03794235061806854
2025-08-13,EWMA,20,2025-08-06,2025-08-07,2025-09-05,0,0.004486881944563845,0.0,0.004486881944563845,0.23420011385244363,0.7657998861475563,0.0,1.0,0.04501036379391637,0.1,1.1356621641006792,1.1356621641006792,0.0,0.004476845898941513,0.037427566780441596
2025-08-14,EWMA,20,2025-08-06,2025-08-07,2025-09-05,0,-0.0020833396510076185,0.0,-0.0020833396510076185,0.2331539794716491,0.7668460205283509,0.0,1.0,0.04501036379391637,0.1,1.1332961940840591,1.1356621641006792,-0.0020833396510075985,-0.0020855128218849822,0.03829972215862489
2025-08-15,EWMA,20,2025-08-06,2025-08-07,2025-09-05,0,-0.0006924001342635227,0.0,-0.0006924001342635227,0.23364073247370204,0.766359267526298,0.0,1.0,0.04501036379391637,0.1,1.132511499647115,1.1356621641006792,-0.0027742972806170663,-0.0006926399539436624,0.038120891193384555
2025-08-18,EWMA,20,2025-08-06,2025-08-07,2025-09-05,0,-0.00033650918285893695,0.0,-0.00033650918285893695,0.23380261743740685,0.7661973825625931,0.0,1.0,0.04501036379391637,0.1,1.1321303991277905,1.1356621641006792,-0.0031098728869650705,-0.0003365658147791416,0.03811278971111371
2025-08-19,EWMA,20,2025-08-06,2025-08-07,2025-09-05,0,-0.001772423289605247,0.0,-0.001772423289605247,0.23388132064950462,0.7661186793504956,0.0,1.0,0.04501036379391637,0.1,1.1301237848415062,1.1356621641006792,-0.0048767841654377975,-0.0017739958902480719,0.03863298868616859
2025-08-20,EWMA,20,2025-08-06,2025-08-07,2025-09-05,0,0.0011138894539783524,0.0,0.0011138894539783524,0.2342965933883012,0.7657034066116988,0.0,1.0,0.04501036379391637,0.1,1.1313826178071313,1.1356621641006792,-0.00376832690991058,0.0011132695394219956,0.03813273327227077
2025-08-21,EWMA,20,2025-08-06,2025-08-07,2025-09-05,0,-0.0016979045818221546,0.0,-0.0016979045818221546,0.23403590326380333,0.7659640967361967,0.0,1.0,0.04501036379391637,0.1,1.1294616380765627,1.1356621641006792,-0.005459833232206557,-0.0016993476555055857,0.03720550368146264
2025-08-22,EWMA,20,2025-08-06,2025-08-07,2025-09-05,0,0.009608950014033857,0.0,0.009608950014033857,0.2344339497412036,0.7655660502587965,0.0,1.0,0.04501036379391637,0.1,1.1403145784996094,1.1403145784996094,0.0,0.009563077676407888,0.0494193236638486
2025-08-25,EWMA,20,2025-08-06,2025-08-07,2025-09-05,0,-0.0030283555654496298,0.0,-0.0030283555654496298,0.23220272536009598,0.767797274639904,0.0,1.0,0.04501036379391637,0.1,1.1368613004994468,1.1403145784996094,-0.0030283555654495586,-0.0030329503128624204,0.05092240190320186
2025-08-26,EWMA,20,2025-08-06,2025-08-07,2025-09-05,0,0.0014746770149535308,0.0,0.0014746770149535308,0.232908053760941,0.7670919462390592,0.0,1.0,0.04501036379391637,0.1,1.1385378037284837,1.1403145784996094,-0.0015581443968413211,0.001473590746603159,0.05062283239547911
2025-08-27,EWMA,20,2025-08-06,2025-08-07,2025-09-05,0,0.0009076756658287381,0.0,0.0009076756658287381,0.23256509536033262,0.7674349046396672,0.0,1.0,0.04501036379391637,0.1,1.1395712267875542,1.1403145784996094,-0.0006518830207654647,0.0009072639773724642,0.050485849823842195
2025-08-28,EWMA,20,2025-08-06,2025-08-07,2025-09-05,0,0.0023978255681583174,0.0,0.0023978255681583174,0.2323541931133903,0.7676458068866095,0.0,1.0,0.04501036379391637,0.1,1.1423037198118828,1.1423037198118828,0.0,0.0023949553716687173,0.04944593762038414
2025-08-29,EWMA,20,2025-08-06,2025-08-07,2025-09-05,0,-0.001915975691833971,0.0,-0.001915975691833971,0.231798381028702,0.7682016189712979,0.0,1.0,0.04501036379391637,0.1,1.1401150936520317,1.1423037198118828,-0.0019159756918339932,-0.0019178135211258478,0.04865018670598977
2025-09-02,EWMA,20,2025-08-06,2025-08-07,2025-09-05,0,-0.001146501291979052,0.0,-0.001146501291979052,0.23224335364888327,0.7677566463511167,0.0,1.0,0.04501036379391637,0.1,1.1388079502241548,1.1423037198118828,-0.003060280315206998,-0.0011471590273630127,0.04812142846531558
2025-09-03,EWMA,20,2025-08-06,2025-08-07,2025-09-05,0,0.0015295118385984493,0.0,0.0015295118385984493,0.23250992658010528,0.7674900734198945,0.0,1.0,0.04501036379391637,0.1,1.1405497704659127,1.1423037198118828,-0.0015354492115801088,0.0015283433267163369,0.045786512928588055
2025-09-04,EWMA,20,2025-08-06,2025-08-07,2025-09-05,0,0.003393386915843199,0.0,0.003393386915843199,0.23215484299934985,0.7678451570006501,0.0,1.0,0.04501036379391637,0.1,1.1444200971338796,1.1444200971338796,0.0,0.003387642370438067,0.046474612828047795
2025-09-05,EWMA,20,2025-08-06,2025-08-07,2025-09-05,0,0.0014731229847471795,0.0,0.0014731229847471795,0.23136971603224366,0.7686302839677561,0.0,1.0,0.04501036379391637,0.1,1.146105968683174,1.146105968683174,0.0,0.001472039003510951,0.04649558431970173
2025-09-08,EWMA,21,2025-09-05,2025-09-08,2025-10-06,1,0.0037200960219435737,7.946047422832217e-05,0.0036406355477152513,0.15334919002176384,0.8466508099782362,0.07946047422832217,1.0,0.04492144849799049,0.1,1.1502785228142105,1.1502785228142105,0.0,0.003634024474932056,0.04727288521903288
2025-09-09,EWMA,21,2025-09-05,2025-09-08,2025-10-06,0,0.00014940313947636638,0.0,0.00014940313947636638,0.15278083066139114,0.8472191693386089,0.0,1.0,0.04492144849799049,0.1,1.1504503780367912,1.1504503780367912,0.0,0.00014939197993882314,0.04731418406817728
2025-09-10,EWMA,21,2025-09-05,2025-09-08,2025-10-06,0,0.0025582632659805404,0.0,0.0025582632659805404,0.15275800813539556,0.8472419918646042,0.0,1.0,0.04492144849799049,0.1,1.1533935329782563,1.1533935329782563,0.0,0.0025549964808562597,0.04685215671013031
2025-09-11,EWMA,21,2025-09-05,2025-09-08,2025-10-06,0,0.005263925436344176,0.0,0.005263925436344176,0.15236821014048996,0.84763178985951,0.0,1.0,0.04492144849799049,0.1,1.1594649105346155,1.1594649105346155,0.0,0.005250119408917132,0.047576730731249545
2025-09-12,EWMA,21,2025-09-05,2025-09-08,2025-10-06,0,-0.0016307564206401383,0.0,-0.0016307564206401383,0.1515703550929206,0.8484296449070793,0.0,1.0,0.04492144849799049,0.1,1.1575741056872542,1.1594649105346155,-0.0016307564206402558,-0.0016320875512552352,0.046979390990251765
2025-09-15,EWMA,21,2025-09-05,2025-09-08,2025-10-06,0,0.0032224226591003194,0.0,0.0032224226591003194,0.15181793316219316,0.8481820668378067,0.0,1.0,0.04492144849799049,0.1,1.1613042987150084,1.1613042987150084,0.0,0.003217241782203116,0.0463055173970867
2025-09-16,EWMA,21,2025-09-05,2025-09-08,2025-10-06,0,0.0009748019876254592,0.0,0.0009748019876254592,0.15133028302915197,0.848669716970848,0.0,1.0,0.04492144849799049,0.1,1.1624363404536338,1.1624363404536338,0.0,0.0009743271767072851,0.04582155144281128
2025-09-17,EWMA,21,2025-09-05,2025-09-08,2025-10-06,0,-0.0009591730437328674,0.0,-0.0009591730437328674,0.15118290962835126,0.8488170903716489,0.0,1.0,0.04492144849799049,0.1,1.1613213628508152,1.1624363404536338,-0.0009591730437328305,-0.0009596333445590811,0.046141710512602324
2025-09-18,EWMA,21,2025-09-05,2025-09-08,2025-10-06,0,0.0014178774851969964,0.0,0.0014178774851969964,0.1513280594237109,0.8486719405762891,0.0,1.0,0.04492144849799049,0.1,1.1629679742642796,1.1629679742642796,0.0,0.0014168732460621118,0.04484543770440889
2025-09-19,EWMA,21,2025-09-05,2025-09-08,2025-10-06,0,-0.00013298724136216397,0.0,-0.00013298724136216397,0.15111379857101445,0.8488862014289855,0.0,1.0,0.04492144849799049,0.1,1.1628133143615897,1.1629679742642796,-0.00013298724136201479,-0.0001329960849494114,0.0451401380396347
2025-09-22,EWMA,21,2025-09-05,2025-09-08,2025-10-06,0,0.0021113101630720454,0.0,0.0021113101630720454,0.15113389745111278,0.8488661025488872,0.0,1.0,0.04492144849799049,0.1,1.165268373929957,1.165268373929957,0.0,0.002109084479957391,0.04385614405049006
2025-09-23,EWMA,21,2025-09-05,2025-09-08,2025-10-06,0,0.0006293036756351624,0.0,0.0006293036756351624,0.15081547919713528,0.8491845208028646,0.0,1.0,0.04492144849799049,0.1,1.1660016816007723,1.1660016816007723,0.0,0.0006291057471108238,0.03259994409588159
2025-09-24,EWMA,21,2025-09-05,2025-09-08,2025-10-06,0,-0.0022154870199717464,0.0,-0.0022154870199717464,0.15072063015058748,0.8492793698494125,0.0,1.0,0.04492144849799049,0.1,1.1634184200099207,1.1660016816007723,-0.0022154870199716514,-0.0022179448421927417,0.031410978723270956
2025-09-25,EWMA,21,2025-09-05,2025-09-08,2025-10-06,0,-0.0021888159946404253,0.0,-0.0021888159946404253,0.15105529118751146,0.8489447088124886,0.0,1.0,0.04492144849799049,0.1,1.1608719111637438,1.1660016816007723,-0.004399453721186775,-0.0021912149535953675,0.0333658351525047
2025-09-26,EWMA,21,2025-09-05,2025-09-08,2025-10-06,0,0.0030700787702082435,0.0,0.0030700787702082435,0.15138664870557325,0.8486133512944269,0.0,1.0,0.04492144849799049,0.1,1.1644358793731386,1.1660016816007723,-0.0013428816204484884,0.0030653757017822998,0.03417893661434866
2025-09-29,EWMA,21,2025-09-05,2025-09-08,2025-10-06,0,0.0024723587434788375,0.0,0.0024723587434788375,0.15092330227931577,0.8490766977206841,0.0,1.0,0.04492144849799049,0.1,1.167314782600727,1.167314782600727,0.0,0.002469307492756744,0.03421735775791969
2025-09-30,EWMA,21,2025-09-05,2025-09-08,2025-10-06,0,0.0013157588668803516,0.0,0.0013157588668803516,0.1505510859855392,0.8494489140144608,0.0,1.0,0.04492144849799049,0.1,1.1688506873763747,1.1688506873763747,0.0,0.0013148940147239378,0.03249582128356919
2025-10-01,EWMA,21,2025-09-05,2025-09-08,2025-10-06,0,0.0036118098198802315,0.0,0.0036118098198802315,0.1503532573540113,0.8496467426459887,0.0,1.0,0.04492144849799049,0.1,1.1730723537670145,1.1730723537670145,0.0,0.0036053028979290973,0.03236767868206501
2025-10-02,EWMA,21,2025-09-05,2025-09-08,2025-10-06,0,0.0003302884837261594,0.0,0.0003302884837261594,0.14981216430782682,0.8501878356921734,0.0,1.0,0.04492144849799049,0.1,1.1734598060560413,1.1734598060560413,0.0,0.0003302339504923873,0.03257864810545549
2025-10-03,EWMA,21,2025-09-05,2025-09-08,2025-10-06,0,0.00159965094576396,0.0,0.00159965094576396,0.14976269941291898,0.850237300587081,0.0,1.0,0.04492144849799049,0.1,1.1753369321446148,1.1753369321446148,0.0,0.0015983728669948889,0.03175084215507414
2025-10-06,EWMA,21,2025-09-05,2025-09-08,2025-10-06,0,0.0020454755588783314,0.0,0.0020454755588783314,0.14952351398236313,0.8504764860176367,0.0,1.0,0.04492144849799049,0.1,1.1777410551127636,1.1777410551127636,0.0,0.002043386422114398,0.031858299092912046
2025-10-07,EWMA,22,2025-10-06,2025-10-07,2025-11-05,1,-0.0012925029096775057,0.0001523543979534457,-0.0014448573076309514,0.0059105997200624705,0.9940894002799375,0.15235439795344569,1.0,0.049219515496226496,0.1,1.1760393873427868,1.1777410551127636,-0.0014448573076311089,-0.0014459021204755772,0.03202175806939102
2025-10-08,EWMA,22,2025-10-06,2025-10-07,2025-11-05,0,0.003028601408378966,0.0,0.003028601408378966,0.005918249074211083,0.994081750925789,0.0,1.0,0.049219515496226496,0.1,1.1796011418876022,1.1796011418876022,0.0,0.003024024434025626,0.032541904596402015
2025-10-09,EWMA,22,2025-10-06,2025-10-07,2025-11-05,0,-0.00498128165240548,0.0,-0.00498128165240548,0.005900379177524064,0.994099620822476,0.0,1.0,0.049219515496226496,0.1,1.1737252163623608,1.1796011418876022,-0.004981281652405634,-0.004993729590852708,0.03851508866785352
2025-10-10,EWMA,22,2025-10-06,2025-10-07,2025-11-05,0,-0.01389076394349037,0.0,-0.01389076394349037,0.005929917768102587,0.9940700822318975,0.0,1.0,0.049219515496226496,0.1,1.157421276447349,1.1796011418876022,-0.018802851788326413,-0.013988143440368894,0.06150502112773103
2025-10-14,EWMA,22,2025-10-06,2025-10-07,2025-11-05,0,0.000642710492390754,0.0,0.000642710492390754,0.006013449171023451,0.9939865508289767,0.0,1.0,0.049219515496226496,0.1,1.158165163245838,1.1796011418876022,-0.018172226086066834,0.0006425040424558628,0.061287986037377194
2025-10-15,EWMA,22,2025-10-06,2025-10-07,2025-11-05,0,0.0045091035243746865,0.0,0.0045091035243746865,0.0060095867465664995,0.9939904132534335,0.0,1.0,0.049219515496226496,0.1,1.163387449865238,1.1796011418876022,-0.013745063010382585,0.00449896797382118,0.06228211026275726
2025-10-16,EWMA,22,2025-10-06,2025-10-07,2025-11-05,0,-0.0016179806889748375,0.0,-0.0016179806889748375,0.0059826105363122535,0.9940173894636879,0.0,1.0,0.049219515496226496,0.1,1.1615051114375603,1.1796011418876022,-0.015340804452837808,-0.0016192910333284287,0.06246343111299855
2025-10-17,EWMA,22,2025-10-06,2025-10-07,2025-11-05,0,0.0008118644381822239,0.0,0.0008118644381822239,0.0059923059716568226,0.9940076940283433,0.0,1.0,0.049219515496226496,0.1,1.1624480961323034,1.1796011418876022,-0.014541394668244001,0.0008115350545137666,0.06243553699496805
2025-10-20,EWMA,22,2025-10-06,2025-10-07,2025-11-05,0,0.009125266237921016,0.0,0.009125266237921016,0.005987444978003608,0.9940125550219966,0.0,1.0,0.049219515496226496,0.1,1.1730557444972751,1.1796011418876022,-0.005548822528141262,0.009083882563475714,0.06977408360960835
2025-10-21,EWMA,22,2025-10-06,2025-10-07,2025-11-05,0,-0.005349221531085216,0.0,-0.005349221531085216,0.005933302017424614,0.9940666979825753,0.0,1.0,0.049219515496226496,0.1,1.1667808094516472,1.1796011418876022,-0.010868362178286683,-0.005363579843331953,0.07258423697754673
2025-10-22,EWMA,22,2025-10-06,2025-10-07,2025-11-05,0,-0.0008402711790067778,0.0,-0.0008402711790067778,0.005965211253901456,0.9940347887460985,0.0,1.0,0.049219515496226496,0.1,1.1658003971652469,1.1796011418876022,-0.011699500985791977,-0.0008406244047180307,0.07230604150568254
2025-10-23,EWMA,22,2025-10-06,2025-10-07,2025-11-05,0,0.004417384652990953,0.0,0.004417384652990953,0.005970227864307937,0.9940297721356919,0.0,1.0,0.049219515496226496,0.1,1.1709501859481353,1.1796011418876022,-0.007333797528903396,0.00440765664711288,0.07387371929682592
2025-10-24,EWMA,22,2025-10-06,2025-10-07,2025-11-05,0,0.0037530535697512957,0.0,0.0037530535697512957,0.005943971057779481,0.9940560289422208,0.0,1.0,0.049219515496226496,0.1,1.1753448247235088,1.1796011418876022,-0.0036082680941479373,0.003746028435852139,0.07430010411601358
2025-10-27,EWMA,22,2025-10-06,2025-10-07,2025-11-05,0,0.0038197995491765645,0.0,0.0038197995491765645,0.0059217464262154105,0.9940782535737845,0.0,1.0,0.049219515496226496,0.1,1.1798344063551147,1.1798344063551147,0.0,0.0038125226398818125,0.07448521542036077
2025-10-28,EWMA,22,2025-10-06,2025-10-07,2025-11-05,0,-0.0010834936156554063,0.0,-0.0010834936156554063,0.005899212616522321,0.9941007873834776,0.0,1.0,0.049219515496226496,0.1,1.1785560633082983,1.1798344063551147,-0.0010834936156554065,-0.001084081019199982,0.07426174783234595
2025-10-29,EWMA,22,2025-10-06,2025-10-07,2025-11-05,0,-0.002785238990807242,0.0,-0.002785238990807242,0.00590561130867181,0.9940943886913284,0.0,1.0,0.049219515496226496,0.1,1.1752735030079198,1.1798344063551147,-0.0038657148177980716,-0.002789124986219753,0.07480283408002035
2025-10-30,EWMA,22,2025-10-06,2025-10-07,2025-11-05,0,-0.004036815178929142,0.0,-0.004036815178929142,0.005922105788621965,0.994077894211378,0.0,1.0,0.049219515496226496,0.1,1.1705291410915841,1.1798344063551147,-0.007886924820473373,-0.004044985111741841,0.07619911859479121
2025-10-31,EWMA,22,2025-10-06,2025-10-07,2025-11-05,0,0.00029366504390784077,0.0,0.00029366504390784077,0.00594610913222249,0.9940538908677774,0.0,1.0,0.049219515496226496,0.1,1.1708728845831982,1.1798344063551147,-0.007595575890689266,0.0002936219327687839,0.07511815185797903
2025-11-03,EWMA,22,2025-10-06,2025-10-07,2025-11-05,0,5.654610754930598e-05,0.0,5.654610754930598e-05,0.005944363480459997,0.9940556365195399,0.0,1.0,0.049219515496226496,0.1,1.1709390928872563,1.1798344063551147,-0.00753945928339117,5.6544508878431946e-05,0.0751048708599639
2025-11-04,EWMA,22,2025-10-06,2025-10-07,2025-11-05,0,-0.006609285624442046,0.0,-0.006609285624442046,0.005944027368849122,0.994055972631151,0.0,1.0,0.049219515496226496,0.1,1.1632000219735392,1.1798344063551147,-0.01409891446797562,-0.006631223669305837,0.0781072365461602
2025-11-05,EWMA,22,2025-10-06,2025-10-07,2025-11-05,0,0.0022263130806106594,0.0,0.0022263130806106594,0.005983574521919622,0.9940164254780802,0.0,1.0,0.049219515496226496,0.1,1.1657896693978254,1.1798344063551147,-0.011903989985067476,0.0022238385177314286,0.07818357212802014
2025-11-06,EWMA,23,2025-11-05,2025-11-06,2025-12-08,1,-0.0015256037153967476,0.0001240241116471091,-0.0016496278270438567,0.07435866489664067,0.9256413351033593,0.12402411164710908,1.0,0.05420663171533181,0.1,1.1638665503187064,1.1798344063551147,-0.01353398065897915,-0.0016509899612434998,0.0782185287987679
2025-11-07,EWMA,23,2025-11-05,2025-11-06,2025-12-08,0,0.0011592417965358708,0.0,0.0011592417965358708,0.07447228008383062,0.9255277199161696,0.0,1.0,0.05420663171533181,0.1,1.1652157530694258,1.1798344063551147,-0.012390428018496769,0.0011585703945924885,0.07742382259178024
2025-11-10,EWMA,23,2025-11-05,2025-11-06,2025-12-08,0,0.007708832374779499,0.0,0.007708832374779499,0.07438604866713652,0.9256139513328634,0.0,1.0,0.05420663171533181,0.1,1.1741982059902907,1.1798344063551147,-0.0047771113763634965,0.0076792711509720574,0.08070632496495538
2025-11-12,EWMA,23,2025-11-05,2025-11-06,2025-12-08,0,0.0004413684959873829,0.0,0.0004413684959873829,0.07381700574345211,0.9261829942565477,0.0,1.0,0.05420663171533181,0.1,1.1747164600864597,1.1798344063551147,-0.004337851346839394,0.0004412711215637062,0.06259907702153344
2025-11-13,EWMA,23,2025-11-05,2025-11-06,2025-12-08,0,-0.008252643668025304,0.0,-0.008252643668025304,0.07378443961631138,0.9262155603836884,0.0,1.0,0.05420663171533181,0.1,1.1650219437304021,1.1798344063551147,-0.012554696273414323,-0.008286885250968387,0.06992716158494078
2025-11-14,EWMA,23,2025-11-05,2025-11-06,2025-12-08,0,-0.0010734502691850966,0.0,-0.0010734502691850966,0.0743984232932132,0.9256015767067868,0.0,1.0,0.05420663171533181,0.1,1.163771350611298,1.1798344063551147,-0.013614669700505289,-0.0010740268295681662,0.06833850214640999
2025-11-17,EWMA,23,2025-11-05,2025-11-06,2025-12-08,0,-0.005854883422828887,0.0,-0.005854883422828887,0.07447837212181582,0.9255216278781841,0.0,1.0,0.05420663171533181,0.1,1.156957605022641,1.1798344063551147,-0.01938984081939732,-0.005872090449070359,0.07115061889242777
2025-11-18,EWMA,23,2025-11-05,2025-11-06,2025-12-08,0,-0.0012333092484435846,0.0,-0.0012333092484435846,0.07491700243747502,0.9250829975625249,0.0,1.0,0.05420663171533181,0.1,1.1555307185083095,1.1798344063551147,-0.020599236397832343,-0.0012340704001827477,0.07114183712728311
2025-11-19,EWMA,23,2025-11-05,2025-11-06,2025-12-08,0,-0.0006343693435983028,0.0,-0.0006343693435983028,0.07500951236279331,0.9249904876372067,0.0,1.0,0.05420663171533181,0.1,1.1547976852449018,1.1798344063551147,-0.021220538217358254,-0.000634570640966106,0.06245196019260215
2025-11-20,EWMA,23,2025-11-05,2025-11-06,2025-12-08,0,-0.006624771666920143,0.0,-0.006624771666920143,0.07505712630273835,0.9249428736972616,0.0,1.0,0.05420663171533181,0.1,1.1471474142586664,1.1798344063551147,-0.02770472866393925,-0.006646812865944972,0.06379103549921959
2025-11-21,EWMA,23,2025-11-05,2025-11-06,2025-12-08,0,0.005961900124576542,0.0,0.005961900124576542,0.07555767867162036,0.9244423213283797,0.0,1.0,0.05420663171533181,0.1,1.1539865925706427,1.1798344063551147,-0.021908001364635665,0.005944198320774999,0.06794219301029282
2025-11-24,EWMA,23,2025-11-05,2025-11-06,2025-12-08,0,0.006529084576651336,0.0,0.006529084576651336,0.07510988106235775,0.9248901189376421,0.0,1.0,0.05420663171533181,0.1,1.161521068633858,1.1798344063551147,-0.015521955981799618,0.006507862427996846,0.07019984027788398
2025-11-25,EWMA,23,2025-11-05,2025-11-06,2025-12-08,0,0.0052082107653073076,0.0,0.0052082107653073076,0.07462266338180298,0.925377336618197,0.0,1.0,0.05420663171533181,0.1,1.167570515167648,1.1798344063551147,-0.010394586834735264,0.0051946949441380365,0.07144235704311092
2025-11-26,EWMA,23,2025-11-05,2025-11-06,2025-12-08,0,0.004943064439955835,0.0,0.004943064439955835,0.07423602650936328,0.9257639734906367,0.0,1.0,0.05420663171533181,0.1,1.1733418914623142,1.1798344063551147,-0.005502903507330292,0.0049308876076855895,0.07235587884123991
2025-11-28,EWMA,23,2025-11-05,2025-11-06,2025-12-08,0,0.0026962665329783543,0.0,0.0026962665329783543,0.07387087799917724,0.9261291220008229,0.0,1.0,0.05420663171533181,0.1,1.1765055339360055,1.1798344063551147,-0.0028214742689129935,0.002692638127006312,0.07299567986142377
2025-12-01,EWMA,23,2025-11-05,2025-11-06,2025-12-08,0,-0.0037793025391468947,0.0,-0.0037793025391468947,0.07367223800942281,0.9263277619905773,0.0,1.0,0.05420663171533181,0.1,1.1720591635842807,1.1798344063551147,-0.006590113603191283,-0.0037864621475649576,0.07354128195774386
2025-12-02,EWMA,23,2025-11-05,2025-11-06,2025-12-08,0,0.00012349107158357835,0.0,0.00012349107158357835,0.07395172394751191,0.926048276052488,0.0,1.0,0.05420663171533181,0.1,1.172203902426351,1.1798344063551147,-0.006467436351798472,0.0001234834471888879,0.07215002506291718
2025-12-03,EWMA,23,2025-11-05,2025-11-06,2025-12-08,0,0.004104220656273566,0.0,0.004104220656273566,0.07394259269750404,0.926057407302496,0.0,1.0,0.05420663171533181,0.1,1.1770148858960539,1.1798344063551147,-0.0023897594813930834,0.004095821316661584,0.07348956955766688
2025-12-04,EWMA,23,2025-11-05,2025-11-06,2025-12-08,0,0.00018403124772627583,0.0,0.00018403124772627583,0.07364035642552705,0.926359643574473,0.0,1.0,0.05420663171533181,0.1,1.1772314934140977,1.1798344063551147,-0.0022061680240859083,0.00018401431605347872,0.07348668690407749
2025-12-05,EWMA,23,2025-11-05,2025-11-06,2025-12-08,0,0.00015823943606714877,0.0,0.00015823943606714877,0.07362680679240695,0.9263731932075934,0.0,1.0,0.05420663171533181,0.1,1.177417777861736,1.1798344063551147,-0.0020482776908027356,0.00015822691752818562,0.06910299702631433
2025-12-08,EWMA,23,2025-11-05,2025-11-06,2025-12-08,0,-0.003342867233440654,0.0,-0.003342867233440654,0.07361515797132356,0.9263848420286764,0.0,1.0,0.05420663171533181,0.1,1.1734818265520515,1.1798344063551147,-0.005384297803865845,-0.003348467097327913,0.07011983926555004
2025-12-09,EWMA,24,2025-12-08,2025-12-09,2025-12-31,1,-0.0007139830285561416,7.062927008164602e-05,-0.0007846122986377875,0.04548319578080473,0.9545168042191953,0.07062927008164602,1.0,0.06010197635482252,0.1,1.1725610982787107,1.1798344063551147,-0.006164685516227286,-0.0007849202679689281,0.06987792984695639
2025-12-10,EWMA,24,2025-12-08,2025-12-09,2025-12-31,0,0.006376198821730083,0.0,0.006376198821730083,0.045515693213291984,0.9544843067867079,0.0,1.0,0.06010197635482252,0.1,1.180037580971962,1.180037580971962,0.0,0.006355956864952044,0.07288623366543022
2025-12-11,EWMA,24,2025-12-08,2025-12-09,2025-12-31,0,0.001510748630991515,0.0,0.001510748630991515,0.04522731486156169,0.9547726851384385,0.0,1.0,0.06010197635482252,0.1,1.181820321131934,1.181820321131934,0.0,0.0015096085983359055,0.06832878595934709
2025-12-12,EWMA,24,2025-12-08,2025-12-09,2025-12-31,0,-0.006375112757302364,0.0,-0.006375112757302364,0.045159090826918095,0.9548409091730818,0.0,1.0,0.06010197635482252,0.1,1.1742860833258466,1.181820321131934,-0.0063751127573024036,-0.006395520569608875,0.0721580354659615
2025-12-15,EWMA,24,2025-12-08,2025-12-09,2025-12-31,0,-0.00015578209771337432,0.0,-0.00015578209771337432,0.04544883225724576,0.9545511677427543,0.0,1.0,0.06010197635482252,0.1,1.1741031505764705,1.181820321131934,-0.006529901726577303,-0.0001557942330046821,0.06561799633361966
2025-12-16,EWMA,24,2025-12-08,2025-12-09,2025-12-31,0,-0.002684746464812624,0.0,-0.002684746464812624,0.045455913474800345,0.9545440865251997,0.0,1.0,0.06010197635482252,0.1,1.170950981293635,1.181820321131934,-0.009197117060813942,-0.002688356860047825,0.06630029000380036
2025-12-17,EWMA,24,2025-12-08,2025-12-09,2025-12-31,0,-0.0021207031859304536,0.0,-0.0021207031859304536,0.04557827959982823,0.9544217204001717,0.0,1.0,0.06010197635482252,0.1,1.168467741817037,1.181820321131934,-0.011298315891292154,-0.0021229550612011806,0.06310266200037908
2025-12-18,EWMA,24,2025-12-08,2025-12-09,2025-12-31,0,0.003177751253590136,0.0,0.003177751253590136,0.04567514302115102,0.9543248569788491,0.0,1.0,0.06010197635482252,0.1,1.1721808416483759,1.181820321131934,-0.008156467875188977,0.0031727128730668587,0.06344752475109552
2025-12-19,EWMA,24,2025-12-08,2025-12-09,2025-12-31,0,0.0032304711447995564,0.0,0.0032304711447995564,0.04553045854941907,0.9544695414505812,0.0,1.0,0.06010197635482252,0.1,1.1759675380338077,1.181820321131934,-0.004952345964503779,0.003225264383405601,0.06384654491400685
2025-12-22,EWMA,24,2025-12-08,2025-12-09,2025-12-31,0,0.004455260162803476,0.0,0.004455260162803476,0.04538384734014673,0.9546161526598532,0.0,1.0,0.06010197635482252,0.1,1.1812067793587597,1.181820321131934,-0.0005191497913884513,0.004445364871090896,0.05876291545630551
2025-12-23,EWMA,24,2025-12-08,2025-12-09,2025-12-31,0,0.0028950297728284097,0.0,0.0028950297728284097,0.04518254733694247,0.9548174526630575,0.0,1.0,0.06010197635482252,0.1,1.1846264081528701,1.1846264081528701,0.0,0.0028908472445537394,0.05669907844234
2025-12-24,EWMA,24,2025-12-08,2025-12-09,2025-12-31,0,0.002378893162504239,0.0,0.002378893162504239,0.04505212010790106,0.9549478798920991,0.0,1.0,0.06010197635482252,0.1,1.1874445078153468,1.1874445078153468,0.0,0.0023760680756643743,0.05359074153379201
2025-12-26,EWMA,24,2025-12-08,2025-12-09,2025-12-31,0,0.0003752113564318365,0.0,0.0003752113564318365,0.04494520027827169,0.9550547997217281,0.0,1.0,0.06010197635482252,0.1,1.1878900504798118,1.1878900504798118,0.0,0.00037514098225374903,0.051453414060003276
2025-12-29,EWMA,24,2025-12-08,2025-12-09,2025-12-31,0,-0.0025919433828716695,0.0,-0.0025919433828716695,0.044928342653882285,0.9550716573461174,0.0,1.0,0.06010197635482252,0.1,1.1848111067238916,1.1878900504798118,-0.0025919433828716087,-0.002595308283801101,0.05047582489040583
2025-12-30,EWMA,24,2025-12-08,2025-12-09,2025-12-31,0,0.00016433468650879475,0.0,0.00016433468650879475,0.04504509699496922,0.9549549030050309,0.0,1.0,0.06010197635482252,0.1,1.1850058122856872,1.1878900504798118,-0.0024280346425660237,0.00016432118504335224,0.04982441703819318
2025-12-31,EWMA,24,2025-12-08,2025-12-09,2025-12-31,0,-0.005073867419004684,0.0,-0.005073867419004684,0.04503769573935882,0.9549623042606414,0.0,1.0,0.06010197635482252,0.1,1.1789932499033997,1.1878900504798118,-0.007489582535705641,-0.0050867831914314455,0.05136215504307327
2023-12-29,XGBOOST,1,2023-12-28,2023-12-29,2024-01-30,1,-0.0022272661861146223,0.0006363334788365519,-0.002863599664951174,0.3636665211634481,0.6363334788365519,0.6363334788365519,1.0,0.05729131268624712,0.1,0.9971364003350488,0.9971364003350488,0.0,-0.0028677076106873914,
2024-01-02,XGBOOST,1,2023-12-28,2023-12-29,2024-01-30,0,-0.003285549485854193,0.0,-0.003285549485854193,0.3644783113819613,0.6355216886180388,0.0,1.0,0.05729131268624712,0.1,0.9938602593476015,0.9971364003350488,-0.0032855494858542444,-0.003290958755097084,
2024-01-03,XGBOOST,1,2023-12-28,2023-12-29,2024-01-30,0,-0.0025558862832820695,0.0,-0.0025558862832820695,0.36567977036346627,0.6343202296365338,0.0,1.0,0.05729131268624712,0.1,0.9913200655432358,0.9971364003350488,-0.005833038278272307,-0.002559158136808011,
2024-01-04,XGBOOST,1,2023-12-28,2023-12-29,2024-01-30,0,-0.0023314701017171815,0.0,-0.0023314701017171815,0.3666168012169173,0.6333831987830827,0.0,1.0,0.05729131268624712,0.1,0.9890088324491895,0.9971364003350488,-0.008150908825641512,-0.0023341922099671774,
2024-01-05,XGBOOST,1,2023-12-28,2023-12-29,2024-01-30,0,-5.5363519217908826e-05,0.0,-5.5363519217908826e-05,0.36747355482315924,0.6325264451768408,0.0,1.0,0.05729131268624712,0.1,0.9889540774396876,0.9971364003350488,-0.008205821081861964,-5.5365051834106536e-05,
2024-01-08,XGBOOST,1,2023-12-28,2023-12-29,2024-01-30,0,0.004290466514938504,0.0,0.004290466514938504,0.36749390057878645,0.6325060994212137,0.0,1.0,0.05729131268624712,0.1,0.9931971517937546,0.9971364003350488,-0.003950561367502603,0.004281288705505494,
2024-01-09,XGBOOST,1,2023-12-28,2023-12-29,2024-01-30,0,-0.0015019042258665152,0.0,-0.0015019042258665152,0.36592391626901905,0.6340760837309809,0.0,1.0,0.05729131268624712,0.1,0.991705464794357,0.9971364003350488,-0.005446532228556733,-0.0015030332145818971,
2024-01-10,XGBOOST,1,2023-12-28,2023-12-29,2024-01-30,0,0.0006205115204605752,0.0,0.0006205115204605752,0.3664743256073202,0.6335256743926797,0.0,1.0,0.05729131268624712,0.1,0.9923208294601655,0.9971364003350488,-0.0048294003440905175,0.0006203190827894759,
2024-01-11,XGBOOST,1,2023-12-28,2023-12-29,2024-01-30,0,0.0013888630497657364,0.0,0.0013888630497657364,0.3662470650841007,0.6337529349158995,0.0,1.0,0.05729131268624712,0.1,0.9936990271937157,0.9971364003350488,-0.003447244670015115,0.0013878994715624917,
2024-01-12,XGBOOST,1,2023-12-28,2023-12-29,2024-01-30,0,0.0013822387263475117,0.0,0.0013822387263475117,0.3657391035573155,0.6342608964426845,0.0,1.0,0.05729131268624712,0.1,0.9950725564714368,0.9971364003350488,-0.002069770858749709,0.0013812843137819802,
2024-01-16,XGBOOST,1,2023-12-28,2023-12-29,2024-01-30,0,-0.005953038952412538,0.0,-0.005953038952412538,0.36523426261533953,0.6347657373846605,0.0,1.0,0.05729131268624712,0.1,0.9891488507822856,0.9971364003350488,-0.008010488384617487,-0.005970828926874435,
2024-01-17,XGBOOST,1,2023-12-28,2023-12-29,2024-01-30,0,-0.0034313085027702036,0.0,-0.0034313085027702036,0.36742153733907434,0.6325784626609258,0.0,1.0,0.05729131268624712,0.1,0.9857547759200911,0.9971364003350488,-0.011414310430482133,-0.0034372089431448627,
2024-01-18,XGBOOST,1,2023-12-28,2023-12-29,2024-01-30,0,0.0031575243772737926,0.0,0.0031575243772737926,0.3686866148554856,0.6313133851445145,0.0,1.0,0.05729131268624712,0.1,0.988867320655073,0.9971364003350488,-0.008292827016642135,0.0031525498658539503,
2024-01-19,XGBOOST,1,2023-12-28,2023-12-29,2024-01-30,0,0.004386025155013943,0.0,0.004386025155013943,0.3675261421025115,0.6324738578974887,0.0,1.0,0.05729131268624712,0.1,0.9932045175984373,0.9971364003350488,-0.003943174409529515,0.004376434579461616,
2024-01-22,XGBOOST,1,2023-12-28,2023-12-29,2024-01-30,0,0.0016690987209581885,0.0,0.0016690987209581885,0.3659212025035778,0.634078797496422,0.0,1.0,0.05729131268624712,0.1,0.9948622739884108,0.9971364003350488,-0.0022806572359347355,0.001667707323725773,
2024-01-23,XGBOOST,1,2023-12-28,2023-12-29,2024-01-30,0,0.0005372558347424717,0.0,0.0005372558347424717,0.3653114616102528,0.6346885383897471,0.0,1.0,0.05729131268624712,0.1,0.9953967695498762,0.9971364003350488,-0.0017446266975993385,0.0005371115644975304,
2024-01-24,XGBOOST,1,2023-12-28,2023-12-29,2024-01-30,0,0.0008199826142511318,0.0,0.0008199826142511318,0.36511530128428404,0.634884698715716,0.0,1.0,0.05729131268624712,0.1,0.9962129775951889,0.9971364003350488,-0.0009260746469085257,0.0008196466121719913,
2024-01-25,XGBOOST,1,2023-12-28,2023-12-29,2024-01-30,0,0.003469880180136175,0.0,0.003469880180136175,0.364816158377017,0.6351838416229828,0.0,1.0,0.05729131268624712,0.1,0.999669717261341,0.999669717261341,0.0,0.0034638740356284004,
2024-01-26,XGBOOST,1,2023-12-28,2023-12-29,2024-01-30,0,-0.00016956993564347692,0.0,-0.00016956993564347692,0.36355466724275537,0.6364453327572446,0.0,1.0,0.05729131268624712,0.1,0.9995002033317203,0.999669717261341,-0.00016956993564343215,-0.00016958431425048994,
2024-01-29,XGBOOST,1,2023-12-28,2023-12-29,2024-01-30,0,0.003230597789819215,0.0,0.003230597789819215,0.363616325639693,0.636383674360307,0.0,1.0,0.05729131268624712,0.1,1.0027291864795276,1.0027291864795276,0.0,0.0032253906206116145,
2024-01-30,XGBOOST,1,2023-12-28,2023-12-29,2024-01-30,0,0.0003829895872676102,0.0,0.0003829895872676102,0.3624454102982534,0.6375545897017467,0.0,1.0,0.05729131268624712,0.1,1.0031132213167986,1.0031132213167986,0.0,0.0003829162654760236,0.04465760038340595
2024-01-31,XGBOOST,2,2024-01-30,2024-01-31,2024-02-29,1,-0.005322654703838511,0.0001436311381113035,-0.005466285841949815,0.27097054758179395,0.729029452418206,0.14363113811130349,1.0,0.05781586974359285,0.1,0.9976299177172419,1.0031132213167986,-0.005466285841949858,-0.005481280651309947,0.04769583111734545
2024-02-01,XGBOOST,2,2024-01-30,2024-01-31,2024-02-29,0,0.0053821991416983265,0.0,0.0053821991416983265,0.27242054809352617,0.7275794519064738,0.0,1.0,0.05781586974359285,0.1,1.002999360604112,1.0031132213167986,-0.0001135073392184438,0.005367766869646096,0.04951107454785547
2024-02-02,XGBOOST,2,2024-01-30,2024-01-31,2024-02-29,0,-0.0024052501702788954,0.0,-0.0024052501702788954,0.2709621757040193,0.7290378242959805,0.0,1.0,0.05781586974359285,0.1,1.0005868962212294,1.0031132213167986,-0.0025184844959503794,-0.0024081474311602414,0.049398609454822585
2024-02-05,XGBOOST,2,2024-01-30,2024-01-31,2024-02-29,0,-0.003216364664138895,0.0,-0.003216364664138895,0.27161547888084786,0.7283845211191522,0.0,1.0,0.05781586974359285,0.1,0.997368643884823,1.0031132213167986,-0.005726748795549241,-0.0032215482828883034,0.05011761073348509
2024-02-06,XGBOOST,2,2024-01-30,2024-01-31,2024-02-29,0,0.003934397501615413,0.0,0.003934397501615413,0.27249191223863584,0.7275080877613641,0.0,1.0,0.05781586974359285,0.1,1.0012926885855131,1.0031132213167986,-0.0018148826000873308,0.003926678000863382,0.0515390921236995
2024-02-07,XGBOOST,2,2024-01-30,2024-01-31,2024-02-29,0,0.0017981775451592589,0.0,0.0017981775451592589,0.2714240222436421,0.7285759777563581,0.0,1.0,0.05781586974359285,0.1,1.0030931906142597,1.0031132213167986,-1.996853606667237e-05,0.001796562759408491,0.04999261467391805
2024-02-08,XGBOOST,2,2024-01-30,2024-01-31,2024-02-29,0,5.4927631228921805e-05,0.0,5.4927631228921805e-05,0.2709368297202824,0.7290631702797175,0.0,1.0,0.05781586974359285,0.1,1.003148288147122,1.003148288147122,0.0,5.492612276182303e-05,0.04950598688467262
2024-02-09,XGBOOST,2,2024-01-30,2024-01-31,2024-02-29,0,0.001571045207718617,0.0,0.001571045207718617,0.27092194861939684,0.7290780513806031,0.0,1.0,0.05781586974359285,0.1,1.0047242794578468,1.0047242794578468,0.0,0.0015698124072175803,0.0496329735918109
2024-02-12,XGBOOST,2,2024-01-30,2024-01-31,2024-02-29,0,0.0009224602064166578,0.0,0.0009224602064166578,0.2704969856264261,0.7295030143735739,0.0,1.0,0.05781586974359285,0.1,1.0056510976240673,1.0056510976240673,0.0,0.0009220350014701172,0.049564978807148205
2024-02-13,XGBOOST,2,2024-01-30,2024-01-31,2024-02-29,0,-0.009875180003567558,0.0,-0.009875180003567558,0.27024769288386485,0.7297523071161351,0.0,1.0,0.05781586974359285,0.1,0.9957201120142444,1.0056510976240673,-0.009875180003567574,-0.009924262996540844,0.06131189595082694
2024-02-14,XGBOOST,2,2024-01-30,2024-01-31,2024-02-29,0,0.004285880401884267,0.0,0.004285880401884267,0.272943054679549,0.7270569453204512,0.0,1.0,0.05781586974359285,0.1,0.9999876493280881,1.0056510976240673,-0.005631623442125755,0.004276722174528183,0.058901610591404786
2024-02-15,XGBOOST,2,2024-01-30,2024-01-31,2024-02-29,0,0.005547882989948341,0.0,0.005547882989948341,0.271778245622975,0.7282217543770251,0.0,1.0,0.05781586974359285,0.1,1.0055354637979537,1.0056510976240673,-0.00011498404007803664,0.00553255017076345,0.059503235747625255
2024-02-16,XGBOOST,2,2024-01-30,2024-01-31,2024-02-29,0,-0.0016570515309990408,0.0,-0.0016570515309990408,0.27027877062885897,0.7297212293711408,0.0,1.0,0.05781586974359285,0.1,1.0038692397181934,1.0056510976240673,-0.0017718450365974414,-0.0016584259594295725,0.059589236310782966
2024-02-20,XGBOOST,2,2024-01-30,2024-01-31,2024-02-29,0,-0.001210804237934577,0.0,-0.001210804237934577,0.2707273798481197,0.7292726201518802,0.0,1.0,0.05781586974359285,0.1,1.0026537505884103,1.0056510976240673,-0.002980503917052846,-0.0012115378536223225,0.05839752811879364
2024-02-21,XGBOOST,2,2024-01-30,2024-01-31,2024-02-29,0,0.0001241189287743695,0.0,0.0001241189287743695,0.271055575087151,0.728944424912849,0.0,1.0,0.05781586974359285,0.1,1.002778198897865,1.0056510976240673,-0.0028567549252318525,0.00012411122665744186,0.05823685647986226
2024-02-22,XGBOOST,2,2024-01-30,2024-01-31,2024-02-29,0,0.006704157444418744,0.0,0.006704157444418744,0.2710219361347636,0.7289780638652363,0.0,1.0,0.05781586974359285,0.1,1.0095009818251068,1.0095009818251068,0.0,0.006681784519639806,0.06220407379394465
2024-02-23,XGBOOST,2,2024-01-30,2024-01-31,2024-02-29,0,0.0004179436659953044,0.0,0.0004179436659953044,0.2692170625606332,0.7307829374393667,0.0,1.0,0.05781586974359285,0.1,1.0099228963662765,1.0099228963662765,0.0,0.0004178563518687419,0.062207466009073044
2024-02-26,XGBOOST,2,2024-01-30,2024-01-31,2024-02-29,0,-0.0008633179489389622,0.0,-0.0008633179489389622,0.26910459200091613,0.7308954079990836,0.0,1.0,0.05781586974359285,0.1,1.009051011802799,1.0099228963662765,-0.000863317948938902,-0.0008636908225005144,0.06154454600718108
2024-02-27,XGBOOST,2,2024-01-30,2024-01-31,2024-02-29,0,0.0009708536554484206,0.0,0.0009708536554484206,0.26933711556710066,0.7306628844328993,0.0,1.0,0.05781586974359285,0.1,1.0100306526661418,1.0100306526661418,0.0,0.0009703826818445857,0.06152784853621325
2024-02-28,XGBOOST,2,2024-01-30,2024-01-31,2024-02-29,0,-0.0015818707369086684,0.0,-0.0015818707369086684,0.26907588226321244,0.7309241177367877,0.0,1.0,0.05781586974359285,0.1,1.0084329147333084,1.0100306526661418,-0.0015818707369087415,-0.001583123215436497,0.06109646385360384
2024-02-29,XGBOOST,2,2024-01-30,2024-01-31,2024-02-29,0,0.0018174856542230167,0.0,0.0018174856542230167,0.2695021999067775,0.7304978000932226,0.0,1.0,0.05781586974359285,0.1,1.0102657270890825,1.0102657270890825,0.0,0.0018158360256531002,0.06133099357899845
2024-03-01,XGBOOST,3,2024-02-29,2024-03-01,2024-04-01,1,0.007077035070753481,8.369738176098056e-05,0.006993337688992501,0.1958970273684989,0.8041029726315011,0.08369738176098056,1.0,0.06082259137763655,0.1,1.017330856474232,1.017330856474232,0.0,0.006968997715525026,0.0616093931883097
2024-03-04,XGBOOST,3,2024-02-29,2024-03-01,2024-04-01,0,0.0001523978205070347,0.0,0.0001523978205070347,0.19452039967800067,0.8054796003219993,0.0,1.0,0.06082259137763655,0.1,1.0174858954794934,1.0174858954794934,0.0,0.00015238620913887022,0.059489771438806405
2024-03-05,XGBOOST,3,2024-02-29,2024-03-01,2024-04-01,0,-0.002460471350654028,0.0,-0.002460471350654028,0.19449075971011212,0.8055092402898879,0.0,1.0,0.06082259137763655,0.1,1.0149824005839716,1.0174858954794934,-0.00246047135065397,-0.0024635032846332516,0.05952630949177406
2024-03-06,XGBOOST,3,2024-02-29,2024-03-01,2024-04-01,0,0.005095168731472764,0.0,0.005095168731472764,0.1949704789878851,0.8050295210121149,0.0,1.0,0.06082259137763655,0.1,1.0201539071744223,1.0201539071744223,0.0,0.005082232282923206,0.05961836892576093
2024-03-07,XGBOOST,3,2024-02-29,2024-03-01,2024-04-01,0,0.004331185313390236,0.0,0.004331185313390236,0.19398210741969507,0.8060178925803049,0.0,1.0,0.06082259137763655,0.1,1.0245723827945739,1.0245723827945739,0.0,0.004321832725749671,0.05987164672435051
2024-03-08,XGBOOST,3,2024-02-29,2024-03-01,2024-04-01,0,-0.001193794021955013,0.0,-0.001193794021955013,0.19314555821460944,0.8068544417853908,0.0,1.0,0.06082259137763655,0.1,1.0233492544089335,1.0245723827945739,-0.0011937940219549636,-0.0011945071616562143,0.060324542875167114
2024-03-11,XGBOOST,3,2024-02-29,2024-03-01,2024-04-01,0,0.00036831892547596677,0.0,0.00036831892547596677,0.19337640981663567,0.8066235901833645,0.0,1.0,0.06082259137763655,0.1,1.023726173306704,1.0245723827945739,-0.0008259147934104316,0.00036825111271117367,0.06027557781711388
2024-03-12,XGBOOST,3,2024-02-29,2024-03-01,2024-04-01,0,0.0018301868008442112,0.0,0.0018301868008442112,0.1933052118487186,0.8066947881512814,0.0,1.0,0.06082259137763655,0.1,1.0255997834367685,1.0255997834367685,0.0,0.001828514049635033,0.06031482980778703
2024-03-13,XGBOOST,3,2024-02-29,2024-03-01,2024-04-01,0,0.0011584600105487633,0.0,0.0011584600105487633,0.19295207351058402,0.8070479264894161,0.0,1.0,0.06082259137763655,0.1,1.0267878997727076,1.0267878997727076,0.0,0.0011577895135301056,0.060317540466347415
2024-03-14,XGBOOST,3,2024-02-29,2024-03-01,2024-04-01,0,-0.003639854258775783,0.0,-0.003639854258775783,0.19272880489722974,0.8072711951027705,0.0,1.0,0.06082259137763655,0.1,1.0230505414628603,1.0267878997727076,-0.0036398542587758875,-0.0036464946465478566,0.04883051888534628
2024-03-15,XGBOOST,3,2024-02-29,2024-03-01,2024-04-01,0,-0.0018782517752622462,0.0,-0.0018782517752622462,0.19343287236148188,0.8065671276385182,0.0,1.0,0.06082259137763655,0.1,1.0211289949671747,1.0267878997727076,-0.005511269471314861,-0.0018800179019614475,0.048742245880828566
2024-03-18,XGBOOST,3,2024-02-29,2024-03-01,2024-04-01,0,0.002019435316658583,0.0,0.002019435316658583,0.19379687167975465,0.8062031283202453,0.0,1.0,0.06082259137763655,0.1,1.0231910989224753,1.0267878997727076,-0.0035029638068665436,0.0020173989981742847,0.04606786513553845
2024-03-19,XGBOOST,3,2024-02-29,2024-03-01,2024-04-01,0,0.002476174167349254,0.0,0.002476174167349254,0.19340630016673369,0.8065936998332665,0.0,1.0,0.06082259137763655,0.1,1.0257246982898889,1.0267878997727076,-0.0010354635880048813,0.002473113499552222,0.045476590563242214
2024-03-20,XGBOOST,3,2024-02-29,2024-03-01,2024-04-01,0,0.00483286496566511,0.0,0.00483286496566511,0.1929285754121546,0.8070714245878454,0.0,1.0,0.06082259137763655,0.1,1.0306818872486714,1.0306818872486714,0.0,0.004821224164324761,0.046526858717483396
2024-03-21,XGBOOST,3,2024-02-29,2024-03-01,2024-04-01,0,0.0016277804599425401,0.0,0.0016277804599425401,0.19200066213871989,0.8079993378612801,0.0,1.0,0.06082259137763655,0.1,1.0323596110851514,1.0323596110851514,0.0,0.0016264570612700142,0.04633387049966802
2024-03-22,XGBOOST,3,2024-02-29,2024-03-01,2024-04-01,0,-0.0023352329178866734,0.0,-0.0023352329178866734,0.1916886351240719,0.8083113648759283,0.0,1.0,0.06082259137763655,0.1,1.0299488109382486,1.0323596110851514,-0.0023352329178867315,-0.0023379638266441414,0.043806600460965725
2024-03-25,XGBOOST,3,2024-02-29,2024-03-01,2024-04-01,0,-0.0003771000958691103,0.0,-0.0003771000958691103,0.192137320519704,0.8078626794802959,0.0,1.0,0.06082259137763655,0.1,1.0295604171429036,1.0323596110851514,-0.0027114523971986104,-0.00037717121599042757,0.044015481864126266
2024-03-26,XGBOOST,3,2024-02-29,2024-03-01,2024-04-01,0,-0.0006675539062966,0.0,-0.0006675539062966,0.19220980285478753,0.8077901971452124,0.0,1.0,0.06082259137763655,0.1,1.0288731300646714,1.0323596110851514,-0.0033771962628557084,-0.0006677768196154645,0.04392074316583981
2024-03-27,XGBOOST,3,2024-02-29,2024-03-01,2024-04-01,0,0.005902100179736884,0.0,0.005902100179736884,0.1923381989708406,0.8076618010291596,0.0,1.0,0.06082259137763655,0.1,1.0349456423505525,1.0349456423505525,0.0,0.005884751017330806,0.04716242124056115
2024-03-28,XGBOOST,3,2024-02-29,2024-03-01,2024-04-01,0,0.002117799064683192,0.0,0.002117799064683192,0.1912096603998273,0.8087903396001725,0.0,1.0,0.06082259137763655,0.1,1.0371374492639205,1.0371374492639205,0.0,0.00211555968938459,0.04618162801478608
2024-04-01,XGBOOST,3,2024-02-29,2024-03-01,2024-04-01,0,-0.0019448567475471384,0.0,-0.0019448567475471384,0.19080557253677263,0.8091944274632275,0.0,1.0,0.06082259137763655,0.1,1.0351203654975856,1.0371374492639205,-0.0019448567475472966,-0.0019467504371330384,0.047509788535751656
2024-04-02,XGBOOST,4,2024-04-01,2024-04-02,2024-04-30,1,-0.0014389224629314922,0.00013276080798371072,-0.001571683270915203,0.17242624733932221,0.8275737526606778,0.13276080798371073,1.0,0.052878584829943405,0.1,1.0334934841357495,1.0371374492639205,-0.0035134833196479587,-0.0015729196607124963,0.0433792354568829
2024-04-03,XGBOOST,4,2024-04-01,2024-04-02,2024-04-30,0,0.0025242340447269515,0.0,0.0025242340447269515,0.17267471286244024,0.8273252871375599,0.0,1.0,0.052878584829943405,0.1,1.0361022635734083,1.0371374492639205,-0.0009981181291321972,0.0025210535171103815,0.043742176554259736
2024-04-04,XGBOOST,4,2024-04-01,2024-04-02,2024-04-30,0,-0.0037261191926280333,0.0,-0.0037261191926280333,0.17223993894469436,0.8277600610553058,0.0,1.0,0.052878584829943405,0.1,1.032241623043582,1.0371374492639205,-0.004720518214642699,-0.00373307846751729,0.04515703667968182
2024-04-05,XGBOOST,4,2024-04-01,2024-04-02,2024-04-30,0,0.0031644427361983527,0.0,0.0031644427361983527,0.17288412580395315,0.8271158741960467,0.0,1.0,0.052878584829943405,0.1,1.0355080925496238,1.0371374492639205,-0.0015710132880198957,0.0031594464248688938,0.04331481233917163
2024-04-08,XGBOOST,4,2024-04-01,2024-04-02,2024-04-30,0,0.0012648506762902966,0.0,0.0012648506762902966,0.17233876963621247,0.8276612303637876,0.0,1.0,0.052878584829943405,0.1,1.0368178556607892,1.0371374492639205,-0.0003081497089494345,0.001264051426557028,0.041354140485780407
2024-04-09,XGBOOST,4,2024-04-01,2024-04-02,2024-04-30,0,0.0017875905481046885,0.0,0.0017875905481046885,0.17212106219429218,0.8278789378057076,0.0,1.0,0.052878584829943405,0.1,1.0386712614596745,1.0386712614596745,0.0,0.0017859947096416531,0.04104332409933362
2024-04-10,XGBOOST,4,2024-04-01,2024-04-02,2024-04-30,0,-0.008634066732175025,0.0,-0.008634066732175025,0.17181392923835298,0.8281860707616469,0.0,1.0,0.052878584829943405,0.1,1.0297033044754391,1.0386712614596745,-0.00863406673217515,-0.008671556233562642,0.05236885023182957
2024-04-11,XGBOOST,4,2024-04-01,2024-04-02,2024-04-30,0,0.001917616950584213,0.0,0.001917616950584213,0.17331030195076935,0.8266896980492308,0.0,1.0,0.052878584829943405,0.1,1.0316778809861737,1.0386712614596745,-0.006733006614309089,0.0019157806703462817,0.05240228372528892
2024-04-12,XGBOOST,4,2024-04-01,2024-04-02,2024-04-30,0,-0.0065780779492854435,0.0,-0.0065780779492854435,0.1729785952644021,0.8270214047355979,0.0,1.0,0.052878584829943405,0.1,1.024891423466493,1.0386712614596745,-0.013266794321252662,-0.006599808854856798,0.05741804518650825
2024-04-15,XGBOOST,4,2024-04-01,2024-04-02,2024-04-30,0,-0.004786116281163367,0.0,-0.004786116281163367,0.17412399648612895,0.825876003513871,0.0,1.0,0.052878584829943405,0.1,1.0199861739382154,1.0386712614596745,-0.01798941418211608,-0.0047976064124211504,0.058446184713690334
2024-04-16,XGBOOST,4,2024-04-01,2024-04-02,2024-04-30,0,-0.003159131100962115,0.0,-0.003159131100962115,0.1749613820051185,0.8250386179948814,0.0,1.0,0.052878584829943405,0.1,1.0167639038935758,1.0386712614596745,-0.02109171436524737,-0.0031641316900736316,0.059092792370749846
2024-04-17,XGBOOST,4,2024-04-01,2024-04-02,2024-04-30,0,-0.0018811080493031157,0.0,-0.0018811080493031157,0.17551585961594332,0.8244841403840567,0.0,1.0,0.052878584829943405,0.1,1.014851261129721,1.0386712614596745,-0.022933146620884304,-0.0018828795549940402,0.05878919809917813
2024-04-18,XGBOOST,4,2024-04-01,2024-04-02,2024-04-30,0,-0.0006325122501678601,0.0,-0.0006325122501678601,0.17584664615747309,0.8241533538425269,0.0,1.0,0.052878584829943405,0.1,1.014209355274958,1.0386712614596745,-0.023551153374879563,-0.0006327123704312945,0.0578606815977113
2024-04-19,XGBOOST,4,2024-04-01,2024-04-02,2024-04-30,0,0.0008288025064658779,0.0,0.0008288025064658779,0.17595794171111973,0.8240420582888804,0.0,1.0,0.052878584829943405,0.1,1.015049934530691,1.0386712614596745,-0.022741870123361152,0.0008284592393225345,0.054771981967615624
2024-04-22,XGBOOST,4,2024-04-01,2024-04-02,2024-04-30,0,0.0030297067227632755,0.0,0.0030297067227632755,0.17581222809580652,0.8241877719041935,0.0,1.0,0.052878584829943405,0.1,1.018125238141279,1.0386712614596745,-0.0197810645973987,0.0030251264103538606,0.0557352930364633
2024-04-23,XGBOOST,4,2024-04-01,2024-04-02,2024-04-30,0,0.005143741195437072,0.0,0.005143741195437072,0.17528117753385836,0.8247188224661416,0.0,1.0,0.052878584829943405,0.1,1.0233622108708207,1.0386712614596745,-0.014739072078820747,0.005130557348898101,0.058823301351264734
2024-04-24,XGBOOST,4,2024-04-01,2024-04-02,2024-04-30,0,-0.0013151365896585665,0.0,-0.0013151365896585665,0.17438419038991682,0.8256158096100833,0.0,1.0,0.052878584829943405,0.1,1.0220163497828305,1.0386712614596745,-0.016034824775490897,-0.0013160021407451262,0.05892752442497771
2024-04-25,XGBOOST,4,2024-04-01,2024-04-02,2024-04-30,0,-0.001391497094968776,0.0,-0.001391497094968776,0.17461383142868914,0.825386168571311,0.0,1.0,0.052878584829943405,0.1,1.020594217001097,1.0386712614596745,-0.017404009458366287,-0.0013924661260917405,0.05903011656237814
2024-04-26,XGBOOST,4,2024-04-01,2024-04-02,2024-04-30,0,0.003415463509521478,0.0,0.003415463509521478,0.17485714463748675,0.8251428553625134,0.0,1.0,0.052878584829943405,0.1,1.024080019307293,1.0386712614596745,-0.014047988708069226,0.003409644061007142,0.0562763242857769
2024-04-29,XGBOOST,4,2024-04-01,2024-04-02,2024-04-30,0,0.002739032087179042,0.0,0.002739032087179042,0.174261959274487,0.8257380407255129,0.0,1.0,0.052878584829943405,0.1,1.0268850073400144,1.0386712614596745,-0.011347434512722021,0.00273528777442859,0.05667910856497616
2024-04-30,XGBOOST,4,2024-04-01,2024-04-02,2024-04-30,0,-0.00995333348021196,0.0,-0.00995333348021196,0.17378595397026145,0.8262140460297385,0.0,1.0,0.052878584829943405,0.1,1.0166640784161294,1.0386712614596745,-0.021187823193083988,-0.010003199065681482,0.06550257724768907
2024-05-01,XGBOOST,5,2024-04-30,2024-05-01,2024-05-30,1,-0.00013962256014684227,0.00013633136861386036,-0.00027595392876070263,0.22493436174697323,0.7750656382530268,0.13633136861386036,1.0,0.05846252754178094,0.1,1.0163835259694607,1.0386712614596745,-0.021457930258792612,-0.000275992011052235,0.06547796866932495
2024-05-02,XGBOOST,5,2024-04-30,2024-05-01,2024-05-30,0,0.0058873083473408375,0.0,0.0058873083473408375,0.22496577204401147,0.7750342279559888,0.0,1.0,0.05846252754178094,0.1,1.0223672891860003,1.0386712614596745,-0.015696951363381118,0.005870045867444226,0.06856972013589462
2024-05-03,XGBOOST,5,2024-04-30,2024-05-01,2024-05-30,0,0.005565925757701587,0.0,0.005565925757701587,0.2236490809429012,0.7763509190570987,0.0,1.0,0.05846252754178094,0.1,1.0280577096147123,1.0386712614596745,-0.010218393671590165,0.005550493230649221,0.07079090133821081
2024-05-06,XGBOOST,5,2024-04-30,2024-05-01,2024-05-30,0,0.005199370098270461,0.0,0.005199370098270461,0.22241115695560185,0.7775888430443982,0.0,1.0,0.05846252754178094,0.1,1.0334029621293794,1.0386712614596745,-0.005072152783828221,0.005185900043918743,0.07233151884908161
2024-05-07,XGBOOST,5,2024-04-30,2024-05-01,2024-05-30,0,0.00047925316289539326,0.0,0.00047925316289539326,0.2212607404776412,0.7787392595223587,0.0,1.0,0.05846252754178094,0.1,1.0338982237675254,1.0386712614596745,-0.0045953304661972005,0.00047913835777733336,0.07219641413893238
2024-05-08,XGBOOST,5,2024-04-30,2024-05-01,2024-05-30,0,-0.001374717567083269,0.0,-0.001374717567083269,0.22115475136356086,0.7788452486364391,0.0,1.0,0.05846252754178094,0.1,1.032476905716736,1.0386712614596745,-0.005963730751761931,-0.0013756633581743507,0.07196721105412998
2024-05-09,XGBOOST,5,2024-04-30,2024-05-01,2024-05-30,0,0.004261836289748001,0.0,0.004261836289748001,0.22145919520960763,0.7785408047903922,0.0,1.0,0.05846252754178094,0.1,1.0368771532618464,1.0386712614596745,-0.0017273109061540781,0.004252780386202618,0.0667251316490056
2024-05-10,XGBOOST,5,2024-04-30,2024-05-01,2024-05-30,0,0.00011026152961724556,0.0,0.00011026152961724556,0.22051937772303495,0.7794806222769651,0.0,1.0,0.05846252754178094,0.1,1.0369914809227903,1.0386712614596745,-0.0016172398324794113,0.00011025545126159055,0.06647735004963662
2024-05-13,XGBOOST,5,2024-04-30,2024-05-01,2024-05-30,0,2.2178517225803667e-05,0.0,2.2178517225803667e-05,0.22049506559982884,0.7795049344001711,0.0,1.0,0.05846252754178094,0.1,1.0370144798562129,1.0386712614596745,-0.001595097183235139,2.2178271286126877e-05,0.06167079740015327
2024-05-14,XGBOOST,5,2024-04-30,2024-05-01,2024-05-30,0,0.0034561475363898073,0.0,0.0034561475363898073,0.22049017545467445,0.7795098245453256,0.0,1.0,0.05846252754178094,0.1,1.0405985548959686,1.0405985548959686,0.0,0.0034501887840975238,0.05921199069834333
2024-05-15,XGBOOST,5,2024-04-30,2024-05-01,2024-05-30,0,0.008056999160849471,0.0,0.008056999160849471,0.21973075355211621,0.7802692464478839,0.0,1.0,0.05846252754178094,0.1,1.0489826565795466,1.0489826565795466,0.0,0.008024714837024622,0.062028716459326116
2024-05-16,XGBOOST,5,2024-04-30,2024-05-01,2024-05-30,0,-0.001538945996106014,0.0,-0.001538945996106014,0.2179745329232669,0.7820254670767331,0.0,1.0,0.05846252754178094,0.1,1.047368328920219,1.0489826565795466,-0.0015389459961059337,-0.0015401313898228523,0.0618051590571021
2024-05-17,XGBOOST,5,2024-04-30,2024-05-01,2024-05-30,0,0.0025253543834817906,0.0,0.0025253543834817906,0.21831050099468055,0.7816894990053194,0.0,1.0,0.05846252754178094,0.1,1.0500133051207776,1.0500133051207776,0.0,0.0025221710343641245,0.06139718109509073
2024-05-20,XGBOOST,5,2024-04-30,2024-05-01,2024-05-30,0,0.0001438618792127832,0.0,0.0001438618792127832,0.2177605783635606,0.7822394216364394,0.0,1.0,0.05846252754178094,0.1,1.0501643620080507,1.0501643620080507,0.0,0.0001438515320849975,0.0615584855228455
2024-05-21,XGBOOST,5,2024-04-30,2024-05-01,2024-05-30,0,4.970729069877312e-05,0.0,4.970729069877312e-05,0.21772925542371574,0.7822707445762841,0.0,1.0,0.05846252754178094,0.1,1.0502165628332747,1.0502165628332747,0.0,4.970605533233646e-05,0.06156531277765753
2024-05-22,XGBOOST,5,2024-04-30,2024-05-01,2024-05-30,0,-0.004151971245949088,0.0,-0.004151971245949088,0.2177184332302647,0.7822815667697354,0.0,1.0,0.05846252754178094,0.1,1.0458560938623713,1.0502165628332747,-0.0041519712459492375,-0.004160614611529179,0.06301544934244405
2024-05-23,XGBOOST,5,2024-04-30,2024-05-01,2024-05-30,0,-0.006443940779214566,0.0,-0.006443940779214566,0.218626162771705,0.781373837228295,0.0,1.0,0.05846252754178094,0.1,1.0391166591299414,1.0502165628332747,-0.010569156968337934,-0.006464792592433184,0.0677801873265845
2024-05-24,XGBOOST,5,2024-04-30,2024-05-01,2024-05-30,0,0.0033455053914089087,0.0,0.0033455053914089087,0.22004411401120796,0.7799558859887922,0.0,1.0,0.05846252754178094,0.1,1.0425930295153634,1.0502165628332747,-0.007259010748549399,0.0033399216384315976,0.06784251845376442
2024-05-28,XGBOOST,5,2024-04-30,2024-05-01,2024-05-30,0,-0.0008456300129971642,0.0,-0.0008456300129971642,0.21931040985265388,0.7806895901473463,0.0,1.0,0.05846252754178094,0.1,1.0417113815582635,1.0502165628332747,-0.008098502324192958,-0.0008459877597517522,0.06755132484724528
2024-05-29,XGBOOST,5,2024-04-30,2024-05-01,2024-05-30,0,-0.006959079458347374,0.0,-0.006959079458347374,0.21949602227682458,0.7805039777231754,0.0,1.0,0.05846252754178094,0.1,1.0344620292813347,1.0502165628332747,-0.015001223661372687,-0.0069834067813467435,0.07228966809632713
2024-05-30,XGBOOST,5,2024-04-30,2024-05-01,2024-05-30,0,0.00026938803834722044,0.0,0.00026938803834722044,0.2210342169556324,0.7789657830443676,0.0,1.0,0.05846252754178094,0.1,1.0347407009781475,1.0502165628332747,-0.014735876773240397,0.00026935175990479087,0.061741118158887685
2024-05-31,XGBOOST,6,2024-05-30,2024-05-31,2024-07-01,1,0.003663183306652646,0.00011104289096747284,0.003552140415685173,0.2524997273808195,0.7475002726191805,0.11104289096747284,1.0,0.053622348171213086,0.1,1.0384162452418464,1.0502165628332747,-0.01123608026100198,0.003545846465179163,0.06228831660691023
2024-06-03,XGBOOST,6,2024-05-30,2024-05-31,2024-07-01,0,0.001543384712365461,0.0,0.001543384712365461,0.25157815049959087,0.7484218495004091,0.0,1.0,0.053622348171213086,0.1,1.0400189209998245,1.0502165628332747,-0.00971003714313834,0.001542194918229677,0.05979780699353254
2024-06-04,XGBOOST,6,2024-05-30,2024-05-31,2024-07-01,0,-0.0012128623651650001,0.0,-0.0012128623651650001,0.2511904669729728,0.7488095330270271,0.0,1.0,0.053622348171213086,0.1,1.0387575211914843,1.0502165628332747,-0.01091112256968807,-0.0012135984779859722,0.05759903704554206
2024-06-05,XGBOOST,6,2024-05-30,2024-05-31,2024-07-01,0,0.005849896682658293,0.0,0.005849896682658293,0.2514954963955595,0.7485045036044407,0.0,1.0,0.053622348171213086,0.1,1.0448341453687888,1.0502165628332747,-0.005125054826754183,0.00583285247598801,0.05830248838704072
2024-06-06,XGBOOST,6,2024-05-30,2024-05-31,2024-07-01,0,0.0008732775911245075,0.0,0.0008732775911245075,0.25003283017178185,0.7499671698282179,0.0,1.0,0.053622348171213086,0.1,1.0457465756143811,1.0502165628332747,-0.004256252831163154,0.0008728965060948005,0.05831463784390472
2024-06-07,XGBOOST,6,2024-05-30,2024-05-31,2024-07-01,0,-0.005936827553352008,0.0,-0.005936827553352008,0.24981467261625204,0.7501853273837481,0.0,1.0,0.053622348171213086,0.1,1.0395381585304502,1.0502165628332747,-0.01016781174543302,-0.0059545205757546744,0.0622377045041349
2024-06-10,XGBOOST,6,2024-05-30,2024-05-31,2024-07-01,0,0.0016599514091533304,0.0,0.0016599514091533304,0.2513066367818387,0.7486933632181615,0.0,1.0,0.053622348171213086,0.1,1.0412637413615715,1.0502165628332747,-0.008524738409714572,0.0016585752125488021,0.06080697007278594
2024-06-11,XGBOOST,6,2024-05-30,2024-05-31,2024-07-01,0,0.0006953427889635776,0.0,0.0006953427889635776,0.25089017128846564,0.7491098287115343,0.0,1.0,0.053622348171213086,0.1,1.0419877765955365,1.0502165628332747,-0.007835323236131897,0.0006951011501745338,0.06082971545167462
2024-06-12,XGBOOST,6,2024-05-30,2024-05-31,2024-07-01,0,0.004513364793594325,0.0,0.004513364793594325,0.25071583783854573,0.7492841621614545,0.0,1.0,0.053622348171213086,0.1,1.0466906475417785,1.0502165628332747,-0.003357322114577954,0.004503210105790181,0.0625928811068932
2024-06-13,XGBOOST,6,2024-05-30,2024-05-31,2024-07-01,0,-9.226555469710013e-06,0.0,-9.226555469710013e-06,0.2495893500531597,0.7504106499468404,0.0,1.0,0.053622348171213086,0.1,1.0466809901924594,1.0502165628332747,-0.0033665176935288033,-9.226598034634749e-06,0.061638110790756415
2024-06-14,XGBOOST,6,2024-05-30,2024-05-31,2024-07-01,0,-0.0005839771758872625,0.0,-0.0005839771758872625,0.2495916529243901,0.7504083470756098,0.0,1.0,0.053622348171213086,0.1,1.0460697523837519,1.0502165628332747,-0.003948528899920922,-0.0005841477569717806,0.054844385255910066
2024-06-17,XGBOOST,6,2024-05-30,2024-05-31,2024-07-01,0,0.001580557298197125,0.0,0.001580557298197125,0.24973749392080316,0.7502625060791969,0.0,1.0,0.053622348171213086,0.1,1.0477231255653052,1.0502165628332747,-0.0023742124778938223,0.0015793095321148473,0.05490006553736354
2024-06-18,XGBOOST,6,2024-05-30,2024-05-31,2024-07-01,0,0.0031953336535777348,0.0,0.0031953336535777348,0.24934339240218467,0.7506566075978154,0.0,1.0,0.053622348171213086,0.1,1.0510709505280558,1.0510709505280558,0.0,0.003190239423956433,0.05533139272847193
2024-06-20,XGBOOST,6,2024-05-30,2024-05-31,2024-07-01,0,-0.00010560215114248592,0.0,-0.00010560215114248592,0.248549194795485,0.751450805204515,0.0,1.0,0.053622348171213086,0.1,1.0509599551746767,1.0510709505280558,-0.00010560215114241434,-0.00010560772744223184,0.05533269242602092
2024-06-21,XGBOOST,6,2024-05-30,2024-05-31,2024-07-01,0,-0.0018276609031590329,0.0,-0.0018276609031590329,0.24857544489718733,0.7514245551028126,0.0,1.0,0.053622348171213086,0.1,1.0490391567538182,1.0510709505280558,-0.0019330700493784825,-0.0018293331131466679,0.055708439575055474
2024-06-24,XGBOOST,6,2024-05-30,2024-05-31,2024-07-01,0,0.0012762150591586134,0.0,0.0012762150591586134,0.24903058836723682,0.7509694116327632,0.0,1.0,0.053622348171213086,0.1,1.0503779563233144,1.0510709505280558,-0.0006593220033273006,0.0012754013889252306,0.05380890438324117
2024-06-25,XGBOOST,6,2024-05-30,2024-05-31,2024-07-01,0,0.0003660238219352024,0.0,0.0003660238219352024,0.2487131768655099,0.7512868231344901,0.0,1.0,0.053622348171213086,0.1,1.0507624196773644,1.0510709505280558,-0.0002935395089517234,0.0003659568515574278,0.048032570183521445
2024-06-26,XGBOOST,6,2024-05-30,2024-05-31,2024-07-01,0,-0.0031507763513572967,0.0,-0.0031507763513572967,0.24862217522671556,0.7513778247732844,0.0,1.0,0.053622348171213086,0.1,1.04745170229455,1.0510709505280558,-0.003443390982965977,-0.0031557504981962214,0.04851403213074673
2024-06-27,XGBOOST,6,2024-05-30,2024-05-31,2024-07-01,0,0.0019146359934274753,0.0,0.0019146359934274753,0.24940800406777158,0.7505919959322285,0.0,1.0,0.053622348171213086,0.1,1.04945719102514,1.0510709505280558,-0.0015353478298539835,0.0019128054141566877,0.048690206847495414
2024-06-28,XGBOOST,6,2024-05-30,2024-05-31,2024-07-01,0,-0.002052979545739512,0.0,-0.002052979545739512,0.24893139106654155,0.7510686089334584,0.0,1.0,0.053622348171213086,0.1,1.0473026768778362,1.0510709505280558,-0.003585175337903146,-0.00205508979694349,0.04184602664418006
2024-07-01,XGBOOST,6,2024-05-30,2024-05-31,2024-07-01,0,-0.00040970672990440517,0.0,-0.00040970672990440517,0.2494434934564254,0.7505565065435746,0.0,1.0,0.053622348171213086,0.1,1.0468735899228725,1.0510709505280558,-0.003993413197343698,-0.0004097906826381194,0.041977003587285025
2024-07-02,XGBOOST,7,2024-07-01,2024-07-02,2024-07-31,1,0.003159993941931498,6.923622273408585e-05,0.003090757719197412,0.18630250443172225,0.8136974955682778,0.06923622273408585,1.0,0.05788887683054044,0.1,1.0501092225519506,1.0510709505280558,-0.0009149981508117522,0.0030859911465799237,0.041592652332065515
2024-07-03,XGBOOST,7,2024-07-01,2024-07-02,2024-07-31,0,0.004709443055954428,0.0,0.004709443055954428,0.1857156441213768,0.8142843558786231,0.0,1.0,0.05788887683054044,0.1,1.0550546521380917,1.0550546521380917,0.0,0.0046983883231750635,0.043928781972383646
2024-07-05,XGBOOST,7,2024-07-01,2024-07-02,2024-07-31,0,0.0034749149202216462,0.0,0.0034749149202216462,0.18484512652384208,0.8151548734761579,0.0,1.0,0.05788887683054044,0.1,1.0587208772904555,1.0587208772904555,0.0,0.0034688913535912795,0.04437330581198479
2024-07-08,XGBOOST,7,2024-07-01,2024-07-02,2024-07-31,0,-0.0012449740504488602,0.0,-0.0012449740504488602,0.1842050297176962,0.8157949702823039,0.0,1.0,0.05788887683054044,0.1,1.0574027972715605,1.0587208772904555,-0.001244974050448766,-0.0012457496744633521,0.04112785000528258
2024-07-09,XGBOOST,7,2024-07-01,2024-07-02,2024-07-31,0,-0.0005355479213082048,0.0,-0.0005355479213082048,0.18443464606605214,0.8155653539339479,0.0,1.0,0.05788887683054044,0.1,1.0568365074014963,1.0587208772904555,-0.001779855228492222,-0.0005356913783172354,0.04128603516539833
2024-07-10,XGBOOST,7,2024-07-01,2024-07-02,2024-07-31,0,0.004910283510210015,0.0,0.004910283510210015,0.18453347258370614,0.815466527416294,0.0,1.0,0.05788887683054044,0.1,1.0620258742767776,1.0620258742767776,0.0,0.004898267387128543,0.036770186826009514
2024-07-11,XGBOOST,7,2024-07-01,2024-07-02,2024-07-31,0,0.003416464518983036,0.0,0.003416464518983036,0.18363178844097403,0.8163682115590257,0.0,1.0,0.05788887683054044,0.1,1.0656542479944864,1.0656542479944864,0.0,0.003410641662697226,0.03764460481764109
2024-07-12,XGBOOST,7,2024-07-01,2024-07-02,2024-07-31,0,0.003559966226071368,0.0,0.003559966226071368,0.1830065530457518,0.816993446954248,0.0,1.0,0.05788887683054044,0.1,1.0694479411260163,1.0694479411260163,0.0,0.0035536445451771247,0.03854633451127524
2024-07-15,XGBOOST,7,2024-07-01,2024-07-02,2024-07-31,0,-0.00013150238889448045,0.0,-0.00013150238889448045,0.18235736697823401,0.817642633021766,0.0,1.0,0.05788887683054044,0.1,1.06930730616696,1.0694479411260163,-0.00013150238889436672,-0.00013151103609171597,0.03690944763344916
2024-07-16,XGBOOST,7,2024-07-01,2024-07-02,2024-07-31,0,0.006716233549941054,0.0,0.006716233549941054,0.1823813505615227,0.8176186494384773,0.0,1.0,0.05788887683054044,0.1,1.0764890237718356,1.0764890237718356,0.0,0.006693780132256495,0.041568726821691285
2024-07-17,XGBOOST,7,2024-07-01,2024-07-02,2024-07-31,0,-0.004274335616306435,0.0,-0.004274335616306435,0.18116460675159574,0.8188353932484043,0.0,1.0,0.05788887683054044,0.1,1.0718877483969647,1.0764890237718356,-0.004274335616306524,-0.004283496703146422,0.045511468023820445
2024-07-18,XGBOOST,7,2024-07-01,2024-07-02,2024-07-31,0,-0.006235744533856057,0.0,-0.006235744533856057,0.18194228915825722,0.818057710841743,0.0,1.0,0.05788887683054044,0.1,1.0652037302289912,1.0764890237718356,-0.01048342648520717,-0.006255267993321975,0.05220417945493758
2024-07-19,XGBOOST,7,2024-07-01,2024-07-02,2024-07-31,0,-0.005285457568419595,0.0,-0.005285457568419595,0.1830839539231704,0.8169160460768298,0.0,1.0,0.05788887683054044,0.1,1.0595736411111436,1.0764890237718356,-0.015713474347767487,-0.005299475013497487,0.05546376550370183
2024-07-22,XGBOOST,7,2024-07-01,2024-07-02,2024-07-31,0,0.004502538128564699,0.0,0.004502538128564699,0.1840567782146037,0.8159432217853965,0.0,1.0,0.05788887683054044,0.1,1.0643444118302685,1.0764890237718356,-0.011281686736586027,0.004492432027812816,0.05721223973171049
2024-07-23,XGBOOST,7,2024-07-01,2024-07-02,2024-07-31,0,-0.001454826011913407,0.0,-0.001454826011913407,0.18323177018299036,0.8167682298170097,0.0,1.0,0.05788887683054044,0.1,1.062795975894303,1.0764890237718356,-0.012720099857176814,-0.0014558852987859269,0.057026547261489764
2024-07-24,XGBOOST,7,2024-07-01,2024-07-02,2024-07-31,0,-0.008430025830630192,0.0,-0.008430025830630192,0.18349872890695723,0.8165012710930427,0.0,1.0,0.05788887683054044,0.1,1.0538365783648243,1.0764890237718356,-0.021042894917442823,-0.008465759463732927,0.06503785670621975
2024-07-25,XGBOOST,7,2024-07-01,2024-07-02,2024-07-31,0,-0.0006237687620507688,0.0,-0.0006237687620507688,0.1850587791957624,0.8149412208042377,0.0,1.0,0.05788887683054044,0.1,1.0531792280269339,1.0764890237718356,-0.021653537778980936,-0.000623963386723093,0.06508807870003594
2024-07-26,XGBOOST,7,2024-07-01,2024-07-02,2024-07-31,0,0.006172001064366584,0.0,0.006172001064366584,0.1851742851303618,0.8148257148696381,0.0,1.0,0.05788887683054044,0.1,1.059679451343285,1.0764890237718356,-0.015615182372833436,0.006153032276039573,0.06715918234263125
2024-07-29,XGBOOST,7,2024-07-01,2024-07-02,2024-07-31,0,-0.0011579597301686376,0.0,-0.0011579597301686376,0.18403839993010887,0.8159616000698912,0.0,1.0,0.05788887683054044,0.1,1.0584523852117422,1.0764890237718356,-0.01675506035063512,-0.0011586306835449896,0.06721819788405234
2024-07-30,XGBOOST,7,2024-07-01,2024-07-02,2024-07-31,0,0.0004098911001189742,0.0,0.0004098911001189742,0.18425175604382044,0.8157482439561796,0.0,1.0,0.05788887683054044,0.1,1.0588862354243402,1.0764890237718356,-0.01635203700063581,0.0004098071177103067,0.0666205466905529
2024-07-31,XGBOOST,7,2024-07-01,2024-07-02,2024-07-31,0,0.008885800851598449,0.0,0.008885800851598449,0.1841762638324224,0.8158237361675775,0.0,1.0,0.05788887683054044,0.1,1.0682952876368197,1.0764890237718356,-0.007611537093343057,0.008846554442384762,0.07244783426729583
2024-08-01,XGBOOST,8,2024-07-31,2024-08-01,2024-08-29,1,-0.00810201032826431,0.0001134724464634084,-0.008215482774727717,0.15139222846942113,0.8486077715305789,0.1134724464634084,1.0,0.058165649135832886,0.1,1.0595187261029166,1.0764890237718356,-0.015764487416191186,-0.008249415832102643,0.07864221369885435
2024-08-02,XGBOOST,8,2024-07-31,2024-08-01,2024-08-29,0,-0.007359116879517735,0.0,-0.007359116879517735,0.15262882881688639,0.8473711711831137,0.0,1.0,0.058165649135832886,0.1,1.0517216039614876,1.0764890237718356,-0.02300759159026733,-0.007386328765971498,0.08145933187226513
2024-08-05,XGBOOST,8,2024-07-31,2024-08-01,2024-08-29,0,-0.01354505531476858,0.0,-0.01354505531476858,0.15376036934634393,0.846239630653656,0.0,1.0,0.058165649135832886,0.1,1.037475976660092,1.0764890237718356,-0.036241007804286296,-0.01363762644767836,0.09266542593546645
2024-08-06,XGBOOST,8,2024-07-31,2024-08-01,2024-08-29,0,0.0015977422447493268,0.0,0.0015977422447493268,0.1558716595975982,0.8441283404024018,0.0,1.0,0.058165649135832886,0.1,1.0391335958559145,1.0764890237718356,-0.03470116934869816,0.0015964672125435384,0.09307916196494402
2024-08-07,XGBOOST,8,2024-07-31,2024-08-01,2024-08-29,0,-0.0016612051619606383,0.0,-0.0016612051619606383,0.1556230141336616,0.8443769858663384,0.0,1.0,0.058165649135832886,0.1,1.0374073817625118,1.0764890237718356,-0.036304728749010695,-0.001662586493250775,0.09311612925894429
2024-08-08,XGBOOST,8,2024-07-31,2024-08-01,2024-08-29,0,0.011335358194351563,0.0,0.011335358194351563,0.15588196606033763,0.8441180339396623,0.0,1.0,0.058165649135832886,0.1,1.0491667660282544,1.0764890237718356,-0.025380897659177837,0.011271594425987413,0.10043234638228615
2024-08-09,XGBOOST,8,2024-07-31,2024-08-01,2024-08-29,0,0.002874836707309345,0.0,0.002874836707309345,0.15413479297179014,0.8458652070282097,0.0,1.0,0.058165649135832886,0.1,1.0521829491593213,1.0764890237718356,-0.022579026888123743,0.002870712267099738,0.10017911779373954
2024-08-12,XGBOOST,8,2024-07-31,2024-08-01,2024-08-29,0,0.0018488539686278003,0.0,0.0018488539686278003,0.15369295083507478,0.8463070491649252,0.0,1.0,0.058165649135832886,0.1,1.054128281780597,1.0764890237718356,-0.02077191824296576,0.0018471469418341352,0.09945817879616764
2024-08-13,XGBOOST,8,2024-07-31,2024-08-01,2024-08-29,0,0.007139101364167976,0.0,0.007139101364167976,0.15340931940606642,0.8465906805939337,0.0,1.0,0.058165649135832886,0.1,1.061653810435065,1.0764890237718356,-0.01378110970866242,0.007113738619949838,0.10306932970356568
2024-08-14,XGBOOST,8,2024-07-31,2024-08-01,2024-08-29,0,0.0013635216089913458,0.0,0.0013635216089913458,0.15232187807848369,0.8476781219215165,0.0,1.0,0.058165649135832886,0.1,1.0631013983468611,1.0764890237718356,-0.012436378940554826,0.0013625928575548285,0.10009550229494502
2024-08-15,XGBOOST,8,2024-07-31,2024-08-01,2024-08-29,0,0.0064412438261521815,0.0,0.0064412438261521815,0.15211446671607612,0.847885533283924,0.0,1.0,0.058165649135832886,0.1,1.0699490936655365,1.0764890237718356,-0.00607524086347333,0.006420587668587344,0.10197716118268316
2024-08-16,XGBOOST,8,2024-07-31,2024-08-01,2024-08-29,0,0.0035434250962195803,0.0,0.0035434250962195803,0.15114093112657814,0.848859068873422,0.0,1.0,0.058165649135832886,0.1,1.0737403781357084,1.0764890237718356,-0.0025533429281948683,0.0035371619564637797,0.10013843563257326
2024-08-19,XGBOOST,8,2024-07-31,2024-08-01,2024-08-29,0,0.004579075938376366,0.0,0.004579075938376366,0.15060726556211235,0.8493927344378877,0.0,1.0,0.058165649135832886,0.1,1.0786571168652928,1.0786571168652928,0.0,0.00456862386523027,0.09891351581744301
2024-08-20,XGBOOST,8,2024-07-31,2024-08-01,2024-08-29,0,-0.0017030436045240081,0.0,-0.0017030436045240081,0.14992076698534682,0.8500792330146532,0.0,1.0,0.058165649135832886,0.1,1.076820116760941,1.0786571168652928,-0.0017030436045240016,-0.001704495431867792,0.09836613683305799
2024-08-21,XGBOOST,8,2024-07-31,2024-08-01,2024-08-29,0,0.002283243642492858,0.0,0.002283243642492858,0.15017652415435753,0.8498234758456426,0.0,1.0,0.058165649135832886,0.1,1.079278759446644,1.079278759446644,0.0,0.0022806410026151363,0.09825526972310343
2024-08-22,XGBOOST,8,2024-07-31,2024-08-01,2024-08-29,0,-0.004526349514430841,0.0,-0.004526349514430841,0.14983441567733563,0.8501655843226643,0.0,1.0,0.058165649135832886,0.1,1.0743935665578872,1.079278759446644,-0.004526349514430761,-0.00453662445142166,0.09449106970355181
2024-08-23,XGBOOST,8,2024-07-31,2024-08-01,2024-08-29,0,0.009135549778818067,0.0,0.009135549778818067,0.15051570235359804,0.8494842976464019,0.0,1.0,0.058165649135832886,0.1,1.0842087424672187,1.0842087424672187,0.0,0.009094073060972896,0.09840603975569959
2024-08-26,XGBOOST,8,2024-07-31,2024-08-01,2024-08-29,0,-0.001170671844635644,0.0,-0.001170671844635644,0.14915310672246954,0.8508468932775303,0.0,1.0,0.058165649135832886,0.1,1.0829394898187046,1.0842087424672187,-0.0011706718446354847,-0.0011713576161807608,0.09719583055592153
2024-08-27,XGBOOST,8,2024-07-31,2024-08-01,2024-08-29,0,0.00031729817153619213,0.0,0.00031729817153619213,0.14932792071486845,0.8506720792851316,0.0,1.0,0.058165649135832886,0.1,1.0832831045387084,1.0842087424672187,-0.0008537451251351413,0.00031724784311715746,0.0969103806509041
2024-08-28,XGBOOST,8,2024-07-31,2024-08-01,2024-08-29,0,-0.0032926356389118166,0.0,-0.0032926356389118166,0.1492805542679533,0.8507194457320467,0.0,1.0,0.058165649135832886,0.1,1.079716247981673,1.0842087424672187,-0.004143569692421467,-0.0032980682920799496,0.09808917554221604
2024-08-29,XGBOOST,8,2024-07-31,2024-08-01,2024-08-29,0,0.0018436210751579978,0.0,0.0018436210751579978,0.1497737045051789,0.8502262954948212,0.0,1.0,0.058165649135832886,0.1,1.0817068356116426,1.0842087424672187,-0.002307587789674881,0.0018419236917246594,0.09387462728874156
2024-08-30,XGBOOST,9,2024-08-29,2024-08-30,2024-09-30,1,0.0011186937634882427,8.476672099607892e-05,0.0010339270424921639,0.20721358937805123,0.7927864106219488,0.08476672099607892,1.0,0.0654505607174509,0.1,1.0828252415610302,1.0842087424672187,-0.0012760466246012347,0.001033392908066546,0.08819159792781447
2024-09-03,XGBOOST,9,2024-08-29,2024-08-30,2024-09-30,0,-0.008823049080574947,0.0,-0.008823049080574947,0.20698203986090477,0.7930179601390952,0.0,1.0,0.0654505607174509,0.1,1.0732714213090517,1.0842087424672187,-0.010087837083178286,-0.008862202650827704,0.09009519862001396
2024-09-04,XGBOOST,9,2024-08-29,2024-08-30,2024-09-30,0,0.000240191897731439,0.0,0.000240191897731439,0.20882450875084035,0.7911754912491595,0.0,1.0,0.0654505607174509,0.1,1.073529212408517,1.0842087424672187,-0.009850068202179818,0.0002401630562758013,0.07294605997743932
2024-09-05,XGBOOST,9,2024-08-29,2024-08-30,2024-09-30,0,-4.482340022618894e-05,0.0,-4.482340022618894e-05,0.20877436284043208,0.7912256371595678,0.0,1.0,0.0654505607174509,0.1,1.0734810931789747,1.0842087424672187,-0.009894450088856699,-4.482440482481266e-05,0.07317584459975633
2024-09-06,XGBOOST,9,2024-08-29,2024-08-30,2024-09-30,0,-0.007740594516849572,0.0,-0.007740594516849572,0.2087837212367298,0.7912162787632702,0.0,1.0,0.0654505607174509,0.1,1.0651717113151717,1.0842087424672187,-0.017558455679601348,-0.007770708418913233,0.07935166291471193
2024-09-09,XGBOOST,9,2024-08-29,2024-08-30,2024-09-30,0,0.004944809627483203,0.0,0.004944809627483203,0.2104124386052747,0.7895875613947252,0.0,1.0,0.0654505607174509,0.1,1.0704387826482056,1.0842087424672187,-0.012700469272806547,0.004932624209562625,0.07196689524094918
2024-09-10,XGBOOST,9,2024-08-29,2024-08-30,2024-09-30,0,-0.00059162401735811,0.0,-0.00059162401735811,0.20937710866258533,0.7906228913374145,0.0,1.0,0.0654505607174509,0.1,1.0698054853552792,1.0842087424672187,-0.013284579387511153,-0.0005917990959042549,0.07180541686723582
2024-09-11,XGBOOST,9,2024-08-29,2024-08-30,2024-09-30,0,0.002987710616609759,0.0,0.002987710616609759,0.20950105451810014,0.7904989454819,0.0,1.0,0.0654505607174509,0.1,1.0730017545615826,1.0842087424672187,-0.010336559249774613,0.00298325627922075,0.07212312978130317
2024-09-12,XGBOOST,9,2024-08-29,2024-08-30,2024-09-30,0,0.0047369142987188076,0.0,0.0047369142987188076,0.20887699051597006,0.7911230094840299,0.0,1.0,0.0654505607174509,0.1,1.0780844719153158,1.0842087424672187,-0.005648608346365602,0.004725730424312071,0.06994955768302968
2024-09-13,XGBOOST,9,2024-08-29,2024-08-30,2024-09-30,0,0.003778180077830891,0.0,0.003778180077830891,0.20789222287285125,0.792107777127149,0.0,1.0,0.0654505607174509,0.1,1.082157669189325,1.0842087424672187,-0.0018917697280563806,0.003771060682085493,0.07071677795986438
2024-09-16,XGBOOST,9,2024-08-29,2024-08-30,2024-09-30,0,0.0034500939912524777,0.0,0.0034500939912524777,0.20710972503579597,0.7928902749642042,0.0,1.0,0.0654505607174509,0.1,1.085891214861383,1.085891214861383,0.0,0.0034441560706482493,0.0684766086267271
2024-09-17,XGBOOST,9,2024-08-29,2024-08-30,2024-09-30,0,0.00014420253321858104,0.0,0.00014420253321858104,0.20639763379961515,0.7936023662003848,0.0,1.0,0.0654505607174509,0.1,1.086047803125366,1.086047803125366,0.0,0.00014419213703271327,0.06771243455814287
2024-09-18,XGBOOST,9,2024-08-29,2024-08-30,2024-09-30,0,-0.002501469251558031,0.0,-0.002501469251558031,0.206367875029261,0.793632124970739,0.0,1.0,0.0654505607174509,0.1,1.0833310879401257,1.086047803125366,-0.0025014692515580306,-0.0025046031530960616,0.06684116079025537
2024-09-19,XGBOOST,9,2024-08-29,2024-08-30,2024-09-30,0,0.008742232614664188,0.0,0.008742232614664188,0.20688539247713908,0.7931146075228608,0.0,1.0,0.0654505607174509,0.1,1.0928018203095955,1.0928018203095955,0.0,0.008704240562130112,0.07257235505829765
2024-09-20,XGBOOST,9,2024-08-29,2024-08-30,2024-09-30,0,-0.0009508049729642468,0.0,-0.0009508049729642468,0.2050924267747681,0.7949075732252321,0.0,1.0,0.0654505607174509,0.1,1.0917627789043807,1.0928018203095955,-0.000950804972964292,-0.0009512572747357972,0.07254985421495895
2024-09-23,XGBOOST,9,2024-08-29,2024-08-30,2024-09-30,0,0.0004988257382863185,0.0,0.0004988257382863185,0.20528761526024547,0.7947123847397545,0.0,1.0,0.0654505607174509,0.1,1.0923073782786012,1.0928018203095955,-0.00045245352067058153,0.0004987013660860477,0.07016117852370213
2024-09-24,XGBOOST,9,2024-08-29,2024-08-30,2024-09-30,0,0.00366712946404102,0.0,0.00366712946404102,0.2051852635696599,0.7948147364303403,0.0,1.0,0.0654505607174509,0.1,1.0963130108492762,1.0963130108492762,0.0,0.0036604219380307473,0.06433873699690318
2024-09-25,XGBOOST,9,2024-08-29,2024-08-30,2024-09-30,0,-0.004346670406610493,0.0,-0.004346670406610493,0.20443557186059183,0.7955644281394082,0.0,1.0,0.0654505607174509,0.1,1.0915476995286355,1.0963130108492762,-0.004346670406610631,-0.004356144642644275,0.06631460497947089
2024-09-26,XGBOOST,9,2024-08-29,2024-08-30,2024-09-30,0,0.0039037566225472095,0.0,0.0039037566225472095,0.2053280652856154,0.7946719347143846,0.0,1.0,0.0654505607174509,0.1,1.0958088360894966,1.0963130108492762,-0.0004598821274491849,0.003896156736977998,0.06742357733866254
2024-09-27,XGBOOST,9,2024-08-29,2024-08-30,2024-09-30,0,0.0009405895977194863,0.0,0.0009405895977194863,0.20452963138259841,0.7954703686174015,0.0,1.0,0.0654505607174509,0.1,1.0968395424818116,1.0968395424818116,0.0,0.0009401475205109157,0.0659604094508481
2024-09-30,XGBOOST,9,2024-08-29,2024-08-30,2024-09-30,0,-0.0007627429194461458,0.0,-0.0007627429194461458,0.20433743371801852,0.7956625662819813,0.0,1.0,0.0654505607174509,0.1,1.0960029358870151,1.0968395424818116,-0.0007627429194460023,-0.0007630339558267645,0.0660339152066592
2024-10-01,XGBOOST,10,2024-09-30,2024-10-01,2024-10-30,1,0.00022526592538114605,0.0001068448435069742,0.00011842108187417185,0.19820727878779598,0.801792721212204,0.1068448435069742,1.0,0.06805762608708449,0.1,1.09613272574042,1.0968395424818116,-0.0006444121624136212,0.000118414070651368,0.06603872208621418
2024-10-02,XGBOOST,10,2024-09-30,2024-10-01,2024-10-30,0,0.0009117112117509235,0.0,0.0009117112117509235,0.19816263949743362,0.8018373605025664,0.0,1.0,0.06805762608708449,0.1,1.0971320822360446,1.0971320822360446,0.0,0.0009112958555215568,0.05640408420344203
2024-10-03,XGBOOST,10,2024-09-30,2024-10-01,2024-10-30,0,-0.0024196121085002485,0.0,-0.0024196121085002485,0.19798213696343764,0.8020178630365623,0.0,1.0,0.06805762608708449,0.1,1.0944774481652422,1.0971320822360446,-0.0024196121085002797,-0.0024225441003549114,0.05762502552353999
2024-10-04,XGBOOST,10,2024-09-30,2024-10-01,2024-10-30,0,0.0018469155838884781,0.0,0.0018469155838884781,0.19846233884158002,0.8015376611584201,0.0,1.0,0.06805762608708449,0.1,1.0964988556204731,1.0971320822360446,-0.0005771653439219371,0.0018452121323997114,0.0575981288201635
2024-10-07,XGBOOST,10,2024-09-30,2024-10-01,2024-10-30,0,-0.0030250927860357513,0.0,-0.0030250927860357513,0.19809647138147227,0.8019035286185278,0.0,1.0,0.06805762608708449,0.1,1.093181844842439,1.0971320822360446,-0.0036005121512394656,-0.0030296776279339463,0.050380307382439864
2024-10-08,XGBOOST,10,2024-09-30,2024-10-01,2024-10-30,0,-0.0007772823127268096,0.0,-0.0007772823127268096,0.19869754990629682,0.8013024500937034,0.0,1.0,0.06805762608708449,0.1,1.092332133929849,1.0971320822360446,-0.004374995849554253,-0.0007775845532512734,0.048964506052251895
2024-10-09,XGBOOST,10,2024-09-30,2024-10-01,2024-10-30,0,0.0005253332194867599,0.0,0.0005253332194867599,0.1988521141374642,0.8011478858625357,0.0,1.0,0.06805762608708449,0.1,1.0929059722865153,1.0971320822360446,-0.003851960960722378,0.0005251952802982562,0.048669279808065916
2024-10-10,XGBOOST,10,2024-09-30,2024-10-01,2024-10-30,0,0.0004237581447321582,0.0,0.0004237581447321582,0.1987477053655389,0.801252294634461,0.0,1.0,0.06805762608708449,0.1,1.0933691000936983,1.0971320822360446,-0.003429835115820401,0.00042366838460637245,0.04817166630084194
2024-10-11,XGBOOST,10,2024-09-30,2024-10-01,2024-10-30,0,0.0037589513812772753,0.0,0.0037589513812772753,0.19866352008084348,0.8013364799191566,0.0,1.0,0.06805762608708449,0.1,1.0974790213827412,1.0974790213827412,0.0,0.003751904178075798,0.047306362877090384
2024-10-15,XGBOOST,10,2024-09-30,2024-10-01,2024-10-30,0,-0.0043697667650753075,0.0,-0.0043697667650753075,0.19791955011455858,0.8020804498854415,0.0,1.0,0.06805762608708449,0.1,1.0926832940297355,1.0974790213827412,-0.004369766765075389,-0.004379342100702981,0.04934457707298305
2024-10-16,XGBOOST,10,2024-09-30,2024-10-01,2024-10-30,0,0.0031890111259684694,0.0,0.0031890111259684694,0.19878820822012777,0.8012117917798722,0.0,1.0,0.06805762608708449,0.1,1.0961678732115563,1.0974790213827412,-0.001194690873938531,0.003183937014723888,0.04915421940443641
2024-10-17,XGBOOST,10,2024-09-30,2024-10-01,2024-10-30,0,-0.001778730651052944,0.0,-0.001778730651052944,0.19815628562060308,0.8018437143793969,0.0,1.0,0.06805762608708449,0.1,1.0942180858167754,1.0974790213827412,-0.0029712964917154583,-0.001780314470821942,0.04975280928029581
2024-10-18,XGBOOST,10,2024-09-30,2024-10-01,2024-10-30,0,0.001833748585636792,0.0,0.001833748585636792,0.1985093803399353,0.8014906196600647,0.0,1.0,0.06805762608708449,0.1,1.09622460668402,1.0974790213827412,-0.001142996516817929,0.0018320693212848145,0.04887030177621527
2024-10-21,XGBOOST,10,2024-09-30,2024-10-01,2024-10-30,0,-0.005119119336579486,0.0,-0.005119119336579486,0.19814603033705513,0.8018539696629448,0.0,1.0,0.06805762608708449,0.1,1.0906129021027096,1.0974790213827412,-0.006256264717826587,-0.005132266916517748,0.04297844299990414
2024-10-22,XGBOOST,10,2024-09-30,2024-10-01,2024-10-30,0,0.0004934796395781235,0.0,0.0004934796395781235,0.1991655827227523,0.8008344172772476,0.0,1.0,0.06805762608708449,0.1,1.0911510973645584,1.0974790213827412,-0.00576587241750659,0.0004933579185437063,0.04290728933562479
2024-10-23,XGBOOST,10,2024-09-30,2024-10-01,2024-10-30,0,-0.0048186512552729314,0.0,-0.0048186512552729314,0.1990673470400832,0.8009326529599168,0.0,1.0,0.06805762608708449,0.1,1.0858932207595502,1.0974790213827412,-0.010556739944417193,-0.004830298385936575,0.04594844415148869
2024-10-24,XGBOOST,10,2024-09-30,2024-10-01,2024-10-30,0,0.0019968995126733264,0.0,0.0019968995126733264,0.20003122776685572,0.7999687722331441,0.0,1.0,0.06805762608708449,0.1,1.0880616404029002,1.0974790213827412,-0.008580921180594281,0.0019949083591564885,0.04448757899236729
2024-10-25,XGBOOST,10,2024-09-30,2024-10-01,2024-10-30,0,-0.0010510294495251569,0.0,-0.0010510294495251569,0.1996325815620208,0.8003674184379792,0.0,1.0,0.06805762608708449,0.1,1.0869180555759381,1.0974790213827412,-0.009622931829254555,-0.0010515821682934494,0.04215907226632711
2024-10-28,XGBOOST,10,2024-09-30,2024-10-01,2024-10-30,0,0.0006050652338441135,0.0,0.0006050652338441135,0.19984262204305842,0.8001573779569416,0.0,1.0,0.06805762608708449,0.1,1.0875757119034046,1.0974790213827412,-0.009023689096907872,0.0006048822556809397,0.039590940134399864
2024-10-29,XGBOOST,10,2024-09-30,2024-10-01,2024-10-30,0,0.00017895692499663617,0.0,0.00017895692499663617,0.19972177733914895,0.8002782226608512,0.0,1.0,0.06805762608708449,0.1,1.0877703411085078,1.0974790213827412,-0.008846347023564238,0.0001789409141162775,0.03936334041245148
2024-10-30,XGBOOST,10,2024-09-30,2024-10-01,2024-10-30,0,-0.0009825210218331638,0.0,-0.0009825210218331638,0.19968604213908295,0.8003139578609169,0.0,1.0,0.06805762608708449,0.1,1.086701583881442,1.0974790213827412,-0.009820176323480423,-0.000983004012003583,0.039396589173249015
2024-10-31,XGBOOST,11,2024-10-30,2024-10-31,2024-12-02,1,-0.005789590143801579,8.140238141594455e-05,-0.005870992525217523,0.2323233749950191,0.7676766250049809,0.08140238141594455,1.0,0.05904913832220978,0.1,1.080321567005332,1.0974790213827412,-0.015633514666906323,-0.005888294555128088,0.0436543310149757
2024-11-01,XGBOOST,11,2024-10-30,2024-10-31,2024-12-02,0,-0.0008746189686363675,0.0,-0.0008746189686363675,0.23367626479451375,0.7663237352054861,0.0,1.0,0.05904913832220978,0.1,1.0793766972706023,1.0974790213827412,-0.016494460267068578,-0.000875001670968601,0.043264585094313135
2024-11-04,XGBOOST,11,2024-10-30,2024-10-31,2024-12-02,0,0.0031782727210635468,0.0,0.0031782727210635468,0.23388082139730806,0.7661191786026919,0.0,1.0,0.05904913832220978,0.1,1.082807250783289,1.0974790213827412,-0.013368611439120492,0.0031732326885604,0.04489459941993988
2024-11-05,XGBOOST,11,2024-10-30,2024-10-31,2024-12-02,0,0.0057809854061590055,0.0,0.0057809854061590055,0.23313983940553235,0.7668601605944676,0.0,1.0,0.05904913832220978,0.1,1.0890669436977505,1.0974790213827412,-0.007664909780591644,0.005764339631867533,0.049320305908781135
2024-11-06,XGBOOST,11,2024-10-30,2024-10-31,2024-12-02,0,0.0029443745029302947,0.0,0.0029443745029302947,0.23179980809776868,0.7682001919022312,0.0,1.0,0.05904913832220978,0.1,1.0922735646387582,1.0974790213827412,-0.004743103642586677,0.0029400483221740646,0.04952865677254518
2024-11-07,XGBOOST,11,2024-10-30,2024-10-31,2024-12-02,0,0.006539604919752725,0.0,0.006539604919752725,0.23111930630514887,0.7688806936948511,0.0,1.0,0.05904913832220978,0.1,1.0994166022157859,1.0994166022157859,0.0,0.006518314473827548,0.05437060528654648
2024-11-08,XGBOOST,11,2024-10-30,2024-10-31,2024-12-02,0,-0.0001581097576769143,0.0,-0.0001581097576769143,0.22961769728233902,0.7703823027176611,0.0,1.0,0.05904913832220978,0.1,1.0992427737232235,1.0994166022157859,-0.00015810975767693858,-0.00015812225834231942,0.05438771062265287
2024-11-12,XGBOOST,11,2024-10-30,2024-10-31,2024-12-02,0,-0.006487170401732393,0.0,-0.006487170401732393,0.22965400782186524,0.7703459921781348,0.0,1.0,0.05904913832220978,0.1,1.092111798537208,1.0994166022157859,-0.006644254474469147,-0.006508303537391251,0.059234556547531104
2024-11-13,XGBOOST,11,2024-10-30,2024-10-31,2024-12-02,0,-0.0024221192303178255,0.0,-0.0024221192303178255,0.2311535402262768,0.7688464597737231,0.0,1.0,0.05904913832220978,0.1,1.089466573548314,1.0994166022157859,-0.009050280528253185,-0.002425057306306498,0.05808651346746029
2024-11-14,XGBOOST,11,2024-10-30,2024-10-31,2024-12-02,0,-0.002248691243913273,0.0,-0.002248691243913273,0.2317147810534152,0.768285218946585,0.0,1.0,0.05904913832220978,0.1,1.0870166996038397,1.0994166022157859,-0.011278620485587698,-0.0022512233467256275,0.05667666591329805
2024-11-15,XGBOOST,11,2024-10-30,2024-10-31,2024-12-02,0,-0.004403052741499525,0.0,-0.004403052741499525,0.23223701038518094,0.7677629896148191,0.0,1.0,0.05904913832220978,0.1,1.0822305077445933,1.0994166022157859,-0.01563201286623772,-0.004412774726325407,0.05698984709486991
2024-11-18,XGBOOST,11,2024-10-30,2024-10-31,2024-12-02,0,0.004588637483001547,0.0,0.004588637483001547,0.23326408445171945,0.7667359155482808,0.0,1.0,0.05904913832220978,0.1,1.0871964712176778,1.0994166022157859,-0.011115105023409066,0.0045781417810930244,0.05954303879070312
2024-11-19,XGBOOST,11,2024-10-30,2024-10-31,2024-12-02,0,0.0015009353464294488,0.0,0.0015009353464294488,0.23219860920999758,0.7678013907900023,0.0,1.0,0.05904913832220978,0.1,1.088828282829842,1.0994166022157859,-0.009630852730988515,0.001499810068810947,0.05940363329984253
2024-11-20,XGBOOST,11,2024-10-30,2024-10-31,2024-12-02,0,0.0003690219832896964,0.0,0.0003690219832896964,0.2318506164247143,0.7681493835752858,0.0,1.0,0.05904913832220978,0.1,1.0892300844022338,1.0994166022157859,-0.009265384744074234,0.0003689539114237826,0.05679044226373893
2024-11-21,XGBOOST,11,2024-10-30,2024-10-31,2024-12-02,0,0.0030208906145247107,0.0,0.0030208906145247107,0.23176509001154091,0.7682349099884591,0.0,1.0,0.05904913832220978,0.1,1.0925205293412625,1.0994166022157859,-0.006272483843362764,0.003016336893030296,0.0577645897155347
2024-11-22,XGBOOST,11,2024-10-30,2024-10-31,2024-12-02,0,0.0023361848500059196,0.0,0.0023361848500059196,0.23106706169354504,0.7689329383064548,0.0,1.0,0.05904913832220978,0.1,1.09507285925023,1.0994166022157859,-0.003950952675083719,0.0023334602128581325,0.05540578502076367
2024-11-25,XGBOOST,11,2024-10-30,2024-10-31,2024-12-02,0,0.0021755686742742472,0.0,0.0021755686742742472,0.230528504493852,0.7694714955061479,0.0,1.0,0.05904913832220978,0.1,1.0974552654588625,1.0994166022157859,-0.001783979569683014,0.002173205551549192,0.05547382000137585
2024-11-26,XGBOOST,11,2024-10-30,2024-10-31,2024-12-02,0,-0.00043984152555022834,0.0,-0.00043984152555022834,0.2300280626465542,0.7699719373534459,0.0,1.0,0.05904913832220978,0.1,1.09697255906068,1.0994166022157859,-0.0022230364269377745,-0.00043993828420738464,0.055311084505297835
2024-11-27,XGBOOST,11,2024-10-30,2024-10-31,2024-12-02,0,0.0007229093767462437,0.0,0.0007229093767462437,0.23012928306148972,0.7698707169385102,0.0,1.0,0.05904913832220978,0.1,1.0977655708096583,1.0994166022157859,-0.0015017341040693966,0.0007226482036248357,0.05531705294081468
2024-11-29,XGBOOST,11,2024-10-30,2024-10-31,2024-12-02,0,0.004137703540224055,0.0,0.004137703540224055,0.2299630406231182,0.7700369593768818,0.0,1.0,0.05904913832220978,0.1,1.1023077992983337,1.1023077992983337,0.0,0.0041291667852031665,0.056752393335103596
2024-12-02,XGBOOST,11,2024-10-30,2024-10-31,2024-12-02,0,-0.00022866184165779035,0.0,-0.00022866184165779035,0.2290154426154423,0.7709845573845576,0.0,1.0,0.05904913832220978,0.1,1.1020557435668723,1.1023077992983337,-0.0002286618416578179,-0.00022868798876267825,0.05654165956262867
2024-12-03,XGBOOST,12,2024-12-02,2024-12-03,2025-01-02,1,-0.00019767847494919007,0.0001700116691330603,-0.00036769014408225036,0.09566840346697003,0.90433159653303,0.1700116691330603,1.0,0.05557338144451328,0.1,1.1016505285317335,1.1023077992983337,-0.0005962679090346645,-0.0003677577586779329,0.051483635848713995
2024-12-04,XGBOOST,12,2024-12-02,2024-12-03,2025-01-02,0,0.002279956544951371,0.0,0.002279956544951371,0.09568731879022047,0.9043126812097794,0.0,1.0,0.05557338144451328,0.1,1.1041622438645087,1.1041622438645087,0.0,0.002277361387843018,0.05124789072969034
2024-12-05,XGBOOST,12,2024-12-02,2024-12-03,2025-01-02,0,-0.0013225179076207518,0.0,-0.0013225179076207518,0.0954696521319979,0.9045303478680022,0.0,1.0,0.05557338144451328,0.1,1.1027019695240792,1.1041622438645087,-0.0013225179076207239,-0.001323393206245924,0.05130216734709407
2024-12-06,XGBOOST,12,2024-12-02,2024-12-03,2025-01-02,0,2.199131498096976e-05,0.0,2.199131498096976e-05,0.09559607965924559,0.9044039203407546,0.0,1.0,0.05557338144451328,0.1,1.1027262193904213,1.1041622438645087,-0.0013005556765475212,2.1991073175547537e-05,0.04815520434608962
2024-12-09,XGBOOST,12,2024-12-02,2024-12-03,2025-01-02,0,-0.0006232920960531792,0.0,-0.0006232920960531792,0.0955939774219778,0.9044060225780222,0.0,1.0,0.05557338144451328,0.1,1.1020388988537646,1.1041622438645087,-0.0019230371465269736,-0.0006234864233243107,0.04754565605684129
2024-12-10,XGBOOST,12,2024-12-02,2024-12-03,2025-01-02,0,-0.002209282789669349,0.0,-0.002209282789669349,0.09565359755329181,0.904346402446708,0.0,1.0,0.05557338144451328,0.1,1.0996041832809809,1.1041622438645087,-0.004128071403324607,-0.002211726855310006,0.0428297393542729
2024-12-11,XGBOOST,12,2024-12-02,2024-12-03,2025-01-02,0,0.00246472431208949,0.0,0.00246472431208949,0.09586539131244332,0.9041346086875567,0.0,1.0,0.05557338144451328,0.1,1.1023144044451887,1.1041622438645087,-0.0016735216491849947,0.00246169186087093,0.04365515113475743
2024-12-12,XGBOOST,12,2024-12-02,2024-12-03,2025-01-02,0,-0.005921527473851382,0.0,-0.005921527473851382,0.09562969048933664,0.9043703095106632,0.0,1.0,0.05557338144451328,0.1,1.0957870194144443,1.1041622438645087,-0.00758513931861271,-0.005939129238281697,0.04259582142076998
2024-12-13,XGBOOST,12,2024-12-02,2024-12-03,2025-01-02,0,-0.0025470282630372593,0.0,-0.0025470282630372593,0.09619933750936467,0.9038006624906354,0.0,1.0,0.05557338144451328,0.1,1.0929960189057264,1.1041622438645087,-0.010112848017426401,-0.0025502774578903273,0.042693669018666114
2024-12-16,XGBOOST,12,2024-12-02,2024-12-03,2025-01-02,0,6.878413504860436e-05,0.0,6.878413504860436e-05,0.0964449856135506,0.9035550143864494,0.0,1.0,0.05557338144451328,0.1,1.0930711996914984,1.1041622438645087,-0.010044759485881571,6.878176952846006e-05,0.04179375712251364
2024-12-17,XGBOOST,12,2024-12-02,2024-12-03,2025-01-02,0,-0.00290667068271958,0.0,-0.00290667068271958,0.09643835218491004,0.9035616478150899,0.0,1.0,0.05557338144451328,0.1,1.08989400168123,1.1041622438645087,-0.01292223336068854,-0.002910903253731598,0.03995953202935385
2024-12-18,XGBOOST,12,2024-12-02,2024-12-03,2025-01-02,0,-0.01800356592092138,0.0,-0.01800356592092138,0.09671948387313184,0.9032805161268681,0.0,1.0,0.05557338144451328,0.1,1.0702720231751452,1.1041622438645087,-0.030693153001455142,-0.018167601918298283,0.07330506393432068
2024-12-19,XGBOOST,12,2024-12-02,2024-12-03,2025-01-02,0,-0.002315984684243507,0.0,-0.002315984684243507,0.09849270375796823,0.901507296242032,0.0,1.0,0.05557338144451328,0.1,1.0677932895614972,1.1041622438645087,-0.0329380528134362,-0.002318670724792913,0.07302321279345936
2024-12-20,XGBOOST,12,2024-12-02,2024-12-03,2025-01-02,0,0.006954299407873601,0.0,0.006954299407873601,0.09872134087143444,0.9012786591285655,0.0,1.0,0.05557338144451328,0.1,1.075219043802826,1.1041622438645087,-0.026212814486739844,0.006930229794845555,0.07786908708669239
2024-12-23,XGBOOST,12,2024-12-02,2024-12-03,2025-01-02,0,0.0011535901960001735,0.0,0.0011535901960001735,0.09803954452499608,0.9019604554750038,0.0,1.0,0.05557338144451328,0.1,1.0764594059503096,1.1041622438645087,-0.025089463136541035,0.0011529253221088964,0.07703681754868767
2024-12-24,XGBOOST,12,2024-12-02,2024-12-03,2025-01-02,0,0.0051552704003924804,0.0,0.0051552704003924804,0.09792657738539642,0.9020734226146037,0.0,1.0,0.05557338144451328,0.1,1.0820088452630294,1.1041622438645087,-0.020063535702818047,0.005142027488304261,0.07902148333045504
2024-12-26,XGBOOST,12,2024-12-02,2024-12-03,2025-01-02,0,0.0015241684455939543,0.0,0.0015241684455939543,0.0974243286277437,0.9025756713722561,0.0,1.0,0.05557338144451328,0.1,1.083658009002833,1.1041622438645087,-0.018569947465249315,0.001523008079781018,0.07876862280858273
2024-12-27,XGBOOST,12,2024-12-02,2024-12-03,2025-01-02,0,-0.00505033015933528,0.0,-0.00505033015933528,0.09727606352121308,0.902723936478787,0.0,1.0,0.05557338144451328,0.1,1.0781851782775607,1.1041622438645087,-0.023526493258843595,-0.005063126177619973,0.08026236601946896
2024-12-30,XGBOOST,12,2024-12-02,2024-12-03,2025-01-02,0,-0.002759585669874314,0.0,-0.002759585669874314,0.09776983345980834,0.9022301665401918,0.0,1.0,0.05557338144451328,0.1,1.075209833910115,1.1041622438645087,-0.02622115555505844,-0.002763400345975604,0.08032514436408977
2024-12-31,XGBOOST,12,2024-12-02,2024-12-03,2025-01-02,0,-0.0003034693285880633,0.0,-0.0003034693285880633,0.0980403842993899,0.90195961570061,0.0,1.0,0.05557338144451328,0.1,1.0748835407037272,1.1041622438645087,-0.0265166675671753,-0.00030351538472274533,0.0782063804048806
2025-01-02,XGBOOST,12,2024-12-02,2024-12-03,2025-01-02,0,0.0017483245399718059,0.0,0.0017483245399718059,0.0980701455806238,0.9019298544193762,0.0,1.0,0.05557338144451328,0.1,1.0767627859755513,1.1041622438645087,-0.024814702767829377,0.0017467979996229222,0.07881248339879367
2025-01-03,XGBOOST,13,2025-01-02,2025-01-03,2025-02-04,1,0.0037058959234910972,9.939096149706313e-05,0.0036065049619940343,0.14278638065862614,0.8572136193413739,0.09939096149706313,1.0,0.056752763095475556,0.1,1.0806461363060627,1.1041622438645087,-0.02129769215449795,0.003600017117257266,0.08046181975323846
2025-01-06,XGBOOST,13,2025-01-02,2025-01-03,2025-02-04,0,0.001612775325029563,0.0,0.001612775325029563,0.14225918293251735,0.8577408170674826,0.0,1.0,0.056752763095475556,0.1,1.0823889757297855,1.1041622438645087,-0.019719265221855298,0.001611476199515867,0.08016126362278421
2025-01-07,XGBOOST,13,2025-01-02,2025-01-03,2025-02-04,0,-0.0034132309397717393,0.0,-0.0034132309397717393,0.1420301202591524,0.8579698797408476,0.0,1.0,0.056752763095475556,0.1,1.0786945321889567,1.1041622438645087,-0.023065189755462345,-0.003419069301399202,0.08061224817902089
2025-01-08,XGBOOST,13,2025-01-02,2025-01-03,2025-02-04,0,0.000777574608318274,0.0,0.000777574608318274,0.14251656219867886,0.8574834378013213,0.0,1.0,0.056752763095475556,0.1,1.0795332976673186,1.1041622438645087,-0.022305550053033918,0.0007772724538041634,0.08078086891537851
2025-01-10,XGBOOST,13,2025-01-02,2025-01-03,2025-02-04,0,-0.006104744054126266,0.0,-0.006104744054126266,0.1424058310403854,0.8575941689596146,0.0,1.0,0.056752763095475556,0.1,1.0729430231871526,1.1041622438645087,-0.028274124433100067,-0.006123454190034906,0.08267203868663983
2025-01-13,XGBOOST,13,2025-01-02,2025-01-03,2025-02-04,0,0.0005815246077996578,0.0,0.0005815246077996578,0.14328052195486146,0.8567194780451386,0.0,1.0,0.056752763095475556,0.1,1.0735669659579028,1.1041622438645087,-0.027709041924422362,0.0005813555878879036,0.08283892820458744
2025-01-14,XGBOOST,13,2025-01-02,2025-01-03,2025-02-04,0,0.002035982701769042,0.0,0.002035982701769042,0.1431972492306646,0.8568027507693354,0.0,1.0,0.056752763095475556,0.1,1.0757527297297838,1.1041622438645087,-0.025729474352694015,0.002033912897901865,0.08261746499356766
2025-01-15,XGBOOST,13,2025-01-02,2025-01-03,2025-02-04,0,0.011608342653048486,0.0,0.011608342653048486,0.14290629448711492,0.8570937055128849,0.0,1.0,0.056752763095475556,0.1,1.0882404360264393,1.1041622438645087,-0.014419808254214406,0.01154148276765464,0.09158549850052952
2025-01-16,XGBOOST,13,2025-01-02,2025-01-03,2025-02-04,0,0.001145840676708883,0.0,0.001145840676708883,0.14126642541552026,0.8587335745844796,0.0,1.0,0.056752763095475556,0.1,1.0894873861840777,1.1041622438645087,-0.013290490380353681,0.0011451847023276165,0.09135059168269091
2025-01-17,XGBOOST,13,2025-01-02,2025-01-03,2025-02-04,0,0.0026738699736723725,0.0,0.0026738699736723725,0.14110474186261757,0.8588952581373822,0.0,1.0,0.056752763095475556,0.1,1.09240053379269,1.1041622438645087,-0.010652157449844712,0.0026703015429521307,0.09187323974661099
2025-01-21,XGBOOST,13,2025-01-02,2025-01-03,2025-02-04,0,0.006875783843452255,0.0,0.006875783843452255,0.1407284522796257,0.8592715477203741,0.0,1.0,0.056752763095475556,0.1,1.0999116437335206,1.1041622438645087,-0.0038496155384839525,0.006852253440123149,0.09421008144937774
2025-01-22,XGBOOST,13,2025-01-02,2025-01-03,2025-02-04,0,-0.00016299427368304147,0.0,-0.00016299427368304147,0.13976744156308554,0.8602325584369142,0.0,1.0,0.056752763095475556,0.1,1.0997323644340347,1.1041622438645087,-0.004011982346878384,-0.00016300755869327486,0.06576411776576045
2025-01-23,XGBOOST,13,2025-01-02,2025-01-03,2025-02-04,0,0.0019374731633316998,0.0,0.0019374731633316998,0.13979022656953327,0.8602097734304666,0.0,1.0,0.056752763095475556,0.1,1.1018630663769728,1.1041622438645087,-0.002082282291675619,0.0019355986829821237,0.06445852355613979
2025-01-24,XGBOOST,13,2025-01-02,2025-01-03,2025-02-04,0,0.0006268809014739309,0.0,0.0006268809014739309,0.13951991048721385,0.8604800895127861,0.0,1.0,0.056752763095475556,0.1,1.102553803289324,1.1041622438645087,-0.0014567067332017514,0.0006266844937201744,0.06138758157169725
2025-01-27,XGBOOST,13,2025-01-02,2025-01-03,2025-02-04,0,-0.0035595519070930263,0.0,-0.0035595519070930263,0.13943250291409232,0.8605674970859077,0.0,1.0,0.056752763095475556,0.1,1.0986292057961529,1.1041622438645087,-0.005011073417064527,-0.003565902185892553,0.06356651263429725
2025-01-28,XGBOOST,13,2025-01-02,2025-01-03,2025-02-04,0,0.0018664542998183663,0.0,0.0018664542998183663,0.13993059312370645,0.8600694068762935,0.0,1.0,0.056752763095475556,0.1,1.100679747001217,1.1041622438645087,-0.0031539720567722584,0.0018647146383211461,0.06184733475955059
2025-01-29,XGBOOST,13,2025-01-02,2025-01-03,2025-02-04,0,-0.0015712254410612918,0.0,-0.0015712254410612918,0.13966990562779225,0.8603300943722078,0.0,1.0,0.056752763095475556,0.1,1.098950330980268,1.1041622438645087,-0.004720241896697397,-0.0015724611102674907,0.06232835141692996
2025-01-30,XGBOOST,13,2025-01-02,2025-01-03,2025-02-04,0,0.005474473001536666,0.0,0.005474473001536666,0.1398897038894859,0.860110296110514,0.0,1.0,0.056752763095475556,0.1,1.104966504897249,1.104966504897249,0.0,0.00545954254036534,0.060778286513206645
2025-01-31,XGBOOST,13,2025-01-02,2025-01-03,2025-02-04,0,-0.004484083621902412,0.0,-0.004484083621902412,0.1391280511298193,0.8608719488701806,0.0,1.0,0.056752763095475556,0.1,1.1000117426898885,1.104966504897249,-0.004484083621902335,-0.004494167280135366,0.062461446037402654
2025-02-03,XGBOOST,13,2025-01-02,2025-01-03,2025-02-04,0,-0.0013218884577639281,0.0,-0.0013218884577639281,0.1397547229942815,0.8602452770057187,0.0,1.0,0.056752763095475556,0.1,1.098557649863822,1.104966504897249,-0.005800044621282807,-0.0013227629230266216,0.06284574116047341
2025-02-04,XGBOOST,13,2025-01-02,2025-01-03,2025-02-04,0,0.005525826884795535,0.0,0.005525826884795535,0.13993970767864472,0.8600602923213552,0.0,1.0,0.056752763095475556,0.1,1.1046280892599374,1.104966504897249,-0.00030626777898856705,0.005510615514618933,0.06470600049692353
2025-02-05,XGBOOST,14,2025-02-04,2025-02-05,2025-03-06,1,0.005076489074506093,7.870632457906107e-05,0.004997782749927032,0.11816013770915912,0.8818398622908409,0.07870632457906107,1.0,0.06229612403168722,0.1,1.1101487804695256,1.1101487804695256,0.0,0.004985335289627291,0.0655217465382297
2025-02-06,XGBOOST,14,2025-02-04,2025-02-05,2025-03-06,0,-0.0007568233051434941,0.0,-0.0007568233051434941,0.11756332875517092,0.882436671244829,0.0,1.0,0.06229612403168722,0.1,1.1093085940002896,1.1101487804695256,-0.0007568233051434836,-0.0007571098404813008,0.0658846905888983
2025-02-07,XGBOOST,14,2025-02-04,2025-02-05,2025-03-06,0,-0.00420602762342103,0.0,-0.00420602762342103,0.11765237081130632,0.8823476291886936,0.0,1.0,0.06229612403168722,0.1,1.104642811411026,1.1101487804695256,-0.0049596677088370456,-0.004214897838589592,0.06663649365542995
2025-02-10,XGBOOST,14,2025-02-04,2025-02-05,2025-03-06,0,0.004732590652166571,0.0,0.004732590652166571,0.11814931007316218,0.8818506899268377,0.0,1.0,0.06229612403168722,0.1,1.1098706336542927,1.1101487804695256,-0.0002505491337072563,0.004721427152685812,0.06776317859467414
2025-02-11,XGBOOST,14,2025-02-04,2025-02-05,2025-03-06,0,-0.00039662411680733734,0.0,-0.00039662411680733734,0.1175927915272183,0.8824072084727818,0.0,1.0,0.06229612403168722,0.1,1.1094304321944493,1.1101487804695256,-0.000647073876685722,-0.0003967027929562804,0.06253988878022806
2025-02-12,XGBOOST,14,2025-02-04,2025-02-05,2025-03-06,0,-0.003332945510733878,0.0,-0.003332945510733878,0.11763945017024376,0.8823605498297562,0.0,1.0,0.06229612403168722,0.1,1.1057327610159953,1.1101487804695256,-0.00397786272544709,-0.003338512145925334,0.06477266691790723
2025-02-13,XGBOOST,14,2025-02-04,2025-02-05,2025-03-06,0,0.007254716291974892,0.0,0.007254716291974892,0.1180328472184998,0.8819671527815003,0.0,1.0,0.06229612403168722,0.1,1.1137545384919085,1.1137545384919085,0.0,0.0072285274233312834,0.06783458538281818
2025-02-14,XGBOOST,14,2025-02-04,2025-02-05,2025-03-06,0,0.00027073143299618407,0.0,0.00027073143299618407,0.11718271983179815,0.8828172801682019,0.0,1.0,0.06229612403168722,0.1,1.1140560668541204,1.1140560668541204,0.0,0.00027069479185490124,0.05759667027804451
2025-02-18,XGBOOST,14,2025-02-04,2025-02-05,2025-03-06,0,0.0025218363483543033,0.0,0.0025218363483543033,0.1171510033727781,0.882848996627222,0.0,1.0,0.06229612403168722,0.1,1.116865533937618,1.116865533937618,0.0,0.0025186618549854515,0.057801456813365126
2025-02-19,XGBOOST,14,2025-02-04,2025-02-05,2025-03-06,0,0.0011954770787464682,0.0,0.0011954770787464682,0.11685631088046512,0.8831436891195348,0.0,1.0,0.06229612403168722,0.1,1.1182007210834823,1.1182007210834823,0.0,0.0011947630650249344,0.057548145103528396
2025-02-20,XGBOOST,14,2025-02-04,2025-02-05,2025-03-06,0,0.0006979754242394382,0.0,0.0006979754242394382,0.11671677864688763,0.8832832213531122,0.0,1.0,0.06229612403168722,0.1,1.1189811977061652,1.1189811977061652,0.0,0.0006977319526778742,0.053628199690257075
2025-02-21,XGBOOST,14,2025-02-04,2025-02-05,2025-03-06,0,-0.0058962852574568105,0.0,-0.0058962852574568105,0.11663537002501315,0.8833646299749871,0.0,1.0,0.06229612403168722,0.1,1.112383365366759,1.1189811977061652,-0.005896285257456779,-0.005913736981417546,0.05843864170619354
2025-02-24,XGBOOST,14,2025-02-04,2025-02-05,2025-03-06,0,-0.0006524336957987135,0.0,-0.0006524336957987135,0.11732716445508888,0.8826728355449112,0.0,1.0,0.06229612403168722,0.1,1.1116576089765478,1.1189811977061652,-0.006544872018073522,-0.0006526466232815004,0.058350161105423536
2025-02-25,XGBOOST,14,2025-02-04,2025-02-05,2025-03-06,0,0.00041673834599310075,0.0,0.00041673834599310075,0.11740376262583954,0.8825962373741606,0.0,1.0,0.06229612403168722,0.1,1.1121208793298234,1.1189811977061652,-0.006130861171219859,0.00041665153468615313,0.05834538740701446
2025-02-26,XGBOOST,14,2025-02-04,2025-02-05,2025-03-06,0,0.0007706130152667352,0.0,0.0007706130152667352,0.117354856357107,0.882645143642893,0.0,1.0,0.06229612403168722,0.1,1.1129778941539847,1.1189811977061652,-0.005364972677366575,0.0007703162455103903,0.05652614655258952
2025-02-27,XGBOOST,14,2025-02-04,2025-02-05,2025-03-06,0,-0.007163887542276204,0.0,-0.007163887542276204,0.11726449081425691,0.8827355091857432,0.0,1.0,0.06229612403168722,0.1,1.1050046456832263,1.1189811977061652,-0.012490426158714651,-0.007189671400204467,0.06240595072352093
2025-02-28,XGBOOST,14,2025-02-04,2025-02-05,2025-03-06,0,0.0047886159959348,0.0,0.0047886159959348,0.1181106220280139,0.8818893779719861,0.0,1.0,0.06229612403168722,0.1,1.1102960886051272,1.1189811977061652,-0.00776162201727959,0.004777187045736353,0.06400645949588746
2025-03-03,XGBOOST,14,2025-02-04,2025-02-05,2025-03-06,0,-0.003990094941637989,0.0,-0.003990094941637989,0.11754773108266559,0.8824522689173343,0.0,1.0,0.06229612403168722,0.1,1.1058659017982633,1.1189811977061652,-0.011720747350167593,-0.003998076609275527,0.06313138455839948
2025-03-04,XGBOOST,14,2025-02-04,2025-02-05,2025-03-06,0,-0.0036214467236161734,0.0,-0.0036214467236161734,0.11801863664777289,0.8819813633522271,0.0,1.0,0.06229612403168722,0.1,1.101861067351437,1.1189811977061652,-0.015299748011694203,-0.0036280200365358083,0.06241502059816629
2025-03-05,XGBOOST,14,2025-02-04,2025-02-05,2025-03-06,0,0.004601539001195819,0.0,0.004601539001195819,0.11844758827826345,0.8815524117217366,0.0,1.0,0.06229612403168722,0.1,1.106931324026754,1.1189811977061652,-0.010768611397682704,0.004590984286840315,0.06408007894726069
2025-03-06,XGBOOST,14,2025-02-04,2025-02-05,2025-03-06,0,-0.006822074833087459,0.0,-0.006822074833087459,0.11790504362160094,0.882094956378399,0.0,1.0,0.06229612403168722,0.1,1.099379755699155,1.1189811977061652,-0.017517221957966678,-0.006845451564807325,0.06584117435357796
2025-03-07,XGBOOST,15,2025-03-06,2025-03-07,2025-04-04,1,0.0022564892639792373,0.0001394254064927525,0.002117063857486485,0.2448600111721293,0.7551399888278707,0.1394254064927525,1.0,0.05567980002600223,0.1,1.101707212845598,1.1189811977061652,-0.015437243177970905,0.0021148260356493834,0.06369387441066086
2025-03-10,XGBOOST,15,2025-03-06,2025-03-07,2025-04-04,0,-0.007698327390538238,0.0,-0.007698327390538238,0.24430873114320822,0.7556912688567917,0.0,1.0,0.05567980002600223,0.1,1.0932259100325952,1.1189811977061652,-0.023016729616517795,-0.007728112474868671,0.06862358959765143
2025-03-11,XGBOOST,15,2025-03-06,2025-03-07,2025-04-04,0,-0.002252048904801367,0.0,-0.002252048904801367,0.24620409083937958,0.7537959091606204,0.0,1.0,0.05567980002600223,0.1,1.0907639118192058,1.1189811977061652,-0.02521694372059413,-0.0022545885806354088,0.06768640836870003
2025-03-12,XGBOOST,15,2025-03-06,2025-03-07,2025-04-04,0,0.0009568648059438206,0.0,0.0009568648059438206,0.24675980599020886,0.7532401940097911,0.0,1.0,0.05567980002600223,0.1,1.0918076254180193,1.1189811977061652,-0.02428420812060994,0.0009564073026380087,0.06516492684358077
2025-03-13,XGBOOST,15,2025-03-06,2025-03-07,2025-04-04,0,-0.0024078082676139037,0.0,-0.0024078082676139037,0.24652391593123085,0.7534760840687693,0.0,1.0,0.05567980002600223,0.1,1.089178761990894,1.1189811977061652,-0.026633544671138543,-0.0024107116994818924,0.06538822106849794
2025-03-14,XGBOOST,15,2025-03-06,2025-03-07,2025-04-04,0,0.007452651436149949,0.0,0.007452651436149949,0.24711893093622297,0.752881069063777,0.0,1.0,0.05567980002600223,0.1,1.0972960316556692,1.1189811977061652,-0.019379383759931867,0.007425017641198593,0.0706984727799512
2025-03-17,XGBOOST,15,2025-03-06,2025-03-07,2025-04-04,0,0.00543555182550777,0.0,0.00543555182550777,0.24529086362912295,0.7547091363708773,0.0,1.0,0.05567980002600223,0.1,1.1032604411036577,1.1189811977061652,-0.014049169579197551,0.005420832527929946,0.06849514426811311
2025-03-18,XGBOOST,15,2025-03-06,2025-03-07,2025-04-04,0,-0.0011643409499160848,0.0,-0.0011643409499160848,0.24396478042154301,0.756035219578457,0.0,1.0,0.05567980002600223,0.1,1.1019758697936581,1.1189811977061652,-0.015197152505660338,-0.0011650193214615477,0.0684851528869768
2025-03-19,XGBOOST,15,2025-03-06,2025-03-07,2025-04-04,0,0.0052933398121099194,0.0,0.0052933398121099194,0.2442491697318448,0.7557508302681553,0.0,1.0,0.05567980002600223,0.1,1.1078090025372214,1.1189811977061652,-0.00998425638593936,0.00527937933229883,0.07066128634936217
2025-03-20,XGBOOST,15,2025-03-06,2025-03-07,2025-04-04,0,-0.001553151368544627,0.0,-0.001553151368544627,0.2429630835687175,0.7570369164312825,0.0,1.0,0.05567980002600223,0.1,1.1060884074688446,1.1189811977061652,-0.011521900693014286,-0.0015543587584662488,0.07052715066921371
2025-03-21,XGBOOST,15,2025-03-06,2025-03-07,2025-04-04,0,-0.0024813947336429732,0.0,-0.0024813947336429732,0.24334102902096447,0.7566589709790357,0.0,1.0,0.05567980002600223,0.1,1.1033437655196079,1.1189811977061652,-0.01397470504295606,-0.0024844784959657117,0.07069692393156872
2025-03-24,XGBOOST,15,2025-03-06,2025-03-07,2025-04-04,0,0.003461211979757714,0.0,0.003461211979757714,0.24394635622459154,0.7560536437754085,0.0,1.0,0.05567980002600223,0.1,1.1071626721786154,1.1189811977061652,-0.010561862479706474,0.0034552357715520927,0.0693785789773504
2025-03-25,XGBOOST,15,2025-03-06,2025-03-07,2025-04-04,0,0.0003652755249739615,0.0,0.0003652755249739615,0.2431049185681056,0.7568950814318945,0.0,1.0,0.05567980002600223,0.1,1.107567091604927,1.1189811977061652,-0.0102004449445946,0.00036520882811071585,0.06938894129276137
2025-03-26,XGBOOST,15,2025-03-06,2025-03-07,2025-04-04,0,-0.004368670723933187,0.0,-0.004368670723933187,0.2430161507160756,0.7569838492839243,0.0,1.0,0.05567980002600223,0.1,1.1027284956770407,1.1189811977061652,-0.014524553283327246,-0.004378241249702032,0.07084603922916173
2025-03-27,XGBOOST,15,2025-03-06,2025-03-07,2025-04-04,0,-0.000412323459466235,0.0,-0.000412323459466235,0.24408246664232133,0.7559175333576786,0.0,1.0,0.05567980002600223,0.1,1.1022738148488511,1.1189811977061652,-0.014930887928736536,-0.00041240848815753416,0.07071740245387084
2025-03-28,XGBOOST,15,2025-03-06,2025-03-07,2025-04-04,0,-0.003685464204704625,0.0,-0.003685464204704625,0.24418314908309463,0.7558168509169054,0.0,1.0,0.05567980002600223,0.1,1.0982114241604424,1.1189811977061652,-0.01856132488043538,-0.003692272260284222,0.06748802645004252
2025-03-31,XGBOOST,15,2025-03-06,2025-03-07,2025-04-04,0,0.003226019754930414,0.0,0.003226019754930414,0.2450864062604272,0.754913593739573,0.0,1.0,0.05567980002600223,0.1,1.1017542759098742,1.1189811977061652,-0.01539518432624698,0.0032208273174743544,0.06621798235962226
2025-04-01,XGBOOST,15,2025-03-06,2025-03-07,2025-04-04,0,0.0011479710137552825,0.0,0.0011479710137552825,0.24429829513422832,0.7557017048657717,0.0,1.0,0.05567980002600223,0.1,1.1030190578828996,1.1189811977061652,-0.014264886537849741,0.0011473125988770265,0.06505229624371975
2025-04-02,XGBOOST,15,2025-03-06,2025-03-07,2025-04-04,0,0.0029132265469430413,0.0,0.0029132265469430413,0.244018169348986,0.7559818306510139,0.0,1.0,0.05567980002600223,0.1,1.1062324022841081,1.1189811977061652,-0.011393216837057851,0.0029089913259312066,0.06455352799455745
2025-04-03,XGBOOST,15,2025-03-06,2025-03-07,2025-04-04,0,-0.01776546095349498,0.0,-0.01776546095349498,0.2433093540795619,0.7566906459204381,0.0,1.0,0.05567980002600223,0.1,1.0865796737358389,1.1189811977061652,-0.02895627204169937,-0.01792516101206027,0.08805057383642773
2025-04-04,XGBOOST,15,2025-03-06,2025-03-07,2025-04-04,0,-0.025238499346301006,0.0,-0.025238499346301006,0.24771003707093436,0.7522899629290657,0.0,1.0,0.05567980002600223,0.1,1.059156033350553,1.1189811977061652,-0.05346395853500463,-0.025562452621503792,0.12152698495216513
2025-04-07,XGBOOST,16,2025-04-04,2025-04-07,2025-05-06,1,-0.0038266409474003067,0.00048341306498040075,-0.004310054012380707,0.7375368038691585,0.26246319613084146,0.48341306498040076,1.0,0.029868349812426358,0.1,1.054591013639273,1.1189811977061652,-0.05754357999838389,-0.004319369070413285,0.12097479459014072
2025-04-08,XGBOOST,16,2025-04-04,2025-04-07,2025-05-06,0,-0.00293279966693614,0.0,-0.00293279966693614,0.740369933773962,0.25963006622603796,0.0,1.0,0.029868349812426358,0.1,1.0514981094657179,1.1189811977061652,-0.060307615873066545,-0.0029371087510619825,0.11928365797110196
2025-04-09,XGBOOST,16,2025-04-04,2025-04-07,2025-05-06,0,0.014315142023699469,0.0,0.014315142023699469,0.7425476773547923,0.2574523226452076,0.0,1.0,0.029868349812426358,0.1,1.0665504542403712,1.1189811977061652,-0.04685578593570061,0.014213647833882157,0.1315919599131359
2025-04-10,XGBOOST,16,2025-04-04,2025-04-07,2025-05-06,0,-0.005487087619196463,0.0,-0.005487087619196463,0.7320680196820357,0.2679319803179644,0.0,1.0,0.029868349812426358,0.1,1.0606981984476604,1.1189811977061652,-0.052085771752001686,-0.005502196980741202,0.13223978235689532
2025-04-11,XGBOOST,16,2025-04-04,2025-04-07,2025-05-06,0,0.003972119789862224,0.0,0.003972119789862224,0.7361071038580176,0.26389289614198247,0.0,1.0,0.029868349812426358,0.1,1.0649114187527855,1.1189811977061652,-0.04832054288688592,0.0039642517503645615,0.13345000226294035
2025-04-14,XGBOOST,16,2025-04-04,2025-04-07,2025-05-06,0,0.0014509271595832757,0.0,0.0014509271595832757,0.733194766416511,0.2668052335834889,0.0,1.0,0.029868349812426358,0.1,1.0664565276528042,1.1189811977061652,-0.04693972531534307,0.0014498755818243292,0.13022195902096545
2025-04-15,XGBOOST,16,2025-04-04,2025-04-07,2025-05-06,0,0.0005401434604521852,0.0,0.0005401434604521852,0.7321324954943847,0.2678675045056152,0.0,1.0,0.029868349812426358,0.1,1.0670325671720724,1.1189811977061652,-0.04642493604055542,0.0005399976354818237,0.128101187916867
2025-04-16,XGBOOST,16,2025-04-04,2025-04-07,2025-05-06,0,-0.00023387766417175255,0.0,-0.00023387766417175255,0.7317372524027301,0.26826274759726976,0.0,1.0,0.029868349812426358,0.1,1.0667830120876671,1.1189811977061652,-0.04664795594912663,-0.00023390501781767278,0.12818068480407865
2025-04-17,XGBOOST,16,2025-04-04,2025-04-07,2025-05-06,0,0.000563848618926197,0.0,0.000563848618926197,0.7319084294365945,0.26809157056340555,0.0,1.0,0.029868349812426358,0.1,1.0673845162157265,1.1189811977061652,-0.04611040971573821,0.000563689716022314,0.1260400484848527
2025-04-21,XGBOOST,16,2025-04-04,2025-04-07,2025-05-06,0,-0.0019814042063899234,0.0,-0.0019814042063899234,0.7314959764405283,0.26850402355947156,0.0,1.0,0.029868349812426358,0.1,1.0652695960454612,1.1189811977061652,-0.04800045056235891,-0.0019833697845368426,0.12603955574736958
2025-04-22,XGBOOST,16,2025-04-04,2025-04-07,2025-05-06,0,0.0027754542277111283,0.0,0.0027754542277111283,0.7329482431726168,0.2670517568273833,0.0,1.0,0.029868349812426358,0.1,1.0682262030494578,1.1189811977061652,-0.045358219388093035,0.0027716097664008503,0.12698652031218766
2025-04-23,XGBOOST,16,2025-04-04,2025-04-07,2025-05-06,0,0.0009477105720989524,0.0,0.0009477105720989524,0.7309196092529985,0.26908039074700146,0.0,1.0,0.029868349812426358,0.1,1.069238572315481,1.1189811977061652,-0.044453495280039834,0.0009472617779636337,0.12603703565614716
2025-04-24,XGBOOST,16,2025-04-04,2025-04-07,2025-05-06,0,0.004027358027709814,0.0,0.004027358027709814,0.7302275648697334,0.26977243513026655,0.0,1.0,0.029868349812426358,0.1,1.0735447788632326,1.1189811977061652,-0.040605167393405805,0.004019269929872816,0.12740494157328672
2025-04-25,XGBOOST,16,2025-04-04,2025-04-07,2025-05-06,0,0.00045914956463422664,0.0,0.00045914956463422664,0.7272984735238459,0.2727015264761539,0.0,1.0,0.029868349812426358,0.1,1.074037696481063,1.1189811977061652,-0.04016466167370225,0.00045904418772748143,0.12712282167745825
2025-04-28,XGBOOST,16,2025-04-04,2025-04-07,2025-05-06,0,0.0010119162562861773,0.0,0.0010119162562861773,0.7269646880038446,0.2730353119961554,0.0,1.0,0.029868349812426358,0.1,1.0751245326859964,1.1189811977061652,-0.039193388691491804,0.001011404614161541,0.12733728334406028
2025-04-29,XGBOOST,16,2025-04-04,2025-04-07,2025-05-06,0,0.00023676022090782792,0.0,0.00023676022090782792,0.7262298042591154,0.27377019574088474,0.0,1.0,0.029868349812426358,0.1,1.0753790794078586,1.1189811977061652,-0.03896590790594867,0.00023673219762983684,0.12709065380285522
2025-04-30,XGBOOST,16,2025-04-04,2025-04-07,2025-05-06,0,-0.0012544732705651064,0.0,-0.0012544732705651064,0.7260579026296967,0.2739420973703031,0.0,1.0,0.029868349812426358,0.1,1.0740300450970164,1.1189811977061652,-0.04017149948658261,-0.0012552607808343395,0.12615985261163423
2025-05-01,XGBOOST,16,2025-04-04,2025-04-07,2025-05-06,0,-0.0007130697030740036,0.0,-0.0007130697030740036,0.7269698668962244,0.2730301331037756,0.0,1.0,0.029868349812426358,0.1,1.0732641868116664,1.1189811977061652,-0.04085592411044581,-0.0007133240581972006,0.1258854763716876
2025-05-02,XGBOOST,16,2025-04-04,2025-04-07,2025-05-06,0,0.002533267643690089,0.0,0.002533267643690089,0.72748861698833,0.27251138301167,0.0,1.0,0.029868349812426358,0.1,1.0759830522492475,1.1189811977061652,-0.03842615545735795,0.0025300643299729472,0.12573250817694415
2025-05-05,XGBOOST,16,2025-04-04,2025-04-07,2025-05-06,0,0.0004171270760822259,0.0,0.0004171270760822259,0.7256503504349409,0.27434964956505925,0.0,1.0,0.029868349812426358,0.1,1.0764318739137462,1.1189811977061652,-0.038025056971146776,0.0004170401027685343,0.11032099179699899
2025-05-06,XGBOOST,16,2025-04-04,2025-04-07,2025-05-06,0,0.00038924163627259193,0.0,0.00038924163627259193,0.7253477882328926,0.2746522117671075,0.0,1.0,0.029868349812426358,0.1,1.0768508660176843,1.1189811977061652,-0.03765061627026911,0.0003891659013990279,0.061866099649646525
2025-05-07,XGBOOST,17,2025-05-06,2025-05-07,2025-06-05,1,-0.000427307982526198,0.0002752253499470809,-0.0007025333324732789,0.44984021257984863,0.5501597874201514,0.27522534994708087,1.0,0.08866379858262755,0.1,1.076094342390204,1.1189811977061652,-0.03832669878982442,-0.0007027802246549939,0.05931952633507158
2025-05-08,XGBOOST,17,2025-05-06,2025-05-07,2025-06-05,0,-3.586664622302676e-05,0.0,-3.586664622302676e-05,0.4500325150659327,0.5499674849340673,0.0,1.0,0.08866379858262755,0.1,1.076055746495123,1.1189811977061652,-0.038361190785900945,-3.586728944656263e-05,0.0577477495808972
2025-05-09,XGBOOST,17,2025-05-06,2025-05-07,2025-06-05,0,0.0007988618341590065,0.0,0.0007988618341590065,0.4500486568018894,0.5499513431981108,0.0,1.0,0.08866379858262755,0.1,1.0769153663624254,1.1189811977061652,-0.03759297424297381,0.0007985429138814915,0.03257230587259231
2025-05-12,XGBOOST,17,2025-05-06,2025-05-07,2025-06-05,0,0.006581208453779858,0.0,0.006581208453779858,0.4496894170893515,0.5503105829106486,0.0,1.0,0.08866379858262755,0.1,1.0840027708755353,1.1189811977061652,-0.03125917298908443,0.006559646850659258,0.031533934240821335
2025-05-13,XGBOOST,17,2025-05-06,2025-05-07,2025-06-05,0,0.0014966800529044773,0.0,0.0014966800529044773,0.4467492670364115,0.5532507329635885,0.0,1.0,0.08866379858262755,0.1,1.0856251761999978,1.1189811977061652,-0.029809277916863164,0.001495561143607779,0.02975373691196501
2025-05-14,XGBOOST,17,2025-05-06,2025-05-07,2025-06-05,0,-0.003046475712015676,0.0,-0.003046475712015676,0.4460816255654604,0.5539183744345395,0.0,1.0,0.08866379858262755,0.1,1.0823178454683517,1.1189811977061652,-0.03276494038771238,-0.0030511256655293955,0.03268013826369854
2025-05-15,XGBOOST,17,2025-05-06,2025-05-07,2025-06-05,0,0.002938672745884501,0.0,0.002938672745884501,0.4474447551444769,0.5525552448555231,0.0,1.0,0.08866379858262755,0.1,1.085498423423214,1.1189811977061652,-0.029922553079165914,0.002934363287791198,0.03357008930844273
2025-05-16,XGBOOST,17,2025-05-06,2025-05-07,2025-06-05,0,0.0011765576868208159,0.0,0.0011765576868208159,0.44613371415766157,0.5538662858423384,0.0,1.0,0.08866379858262755,0.1,1.0867755749373242,1.1189811977061652,-0.028781201002179735,0.0011758660852452198,0.033368613446865966
2025-05-19,XGBOOST,17,2025-05-06,2025-05-07,2025-06-05,0,0.0009194856076907981,0.0,0.0009194856076907981,0.44560942895870037,0.5543905710412997,0.0,1.0,0.08866379858262755,0.1,1.087774849437269,1.1189811977061652,-0.027888179294582538,0.0009190631397483845,0.03334831073841265
2025-05-20,XGBOOST,17,2025-05-06,2025-05-07,2025-06-05,0,0.0005940166741738516,0.0,0.0005940166741738516,0.4452000738982081,0.554799926101792,0.0,1.0,0.08866379858262755,0.1,1.0884210058355817,1.1189811977061652,-0.027310728663922035,0.0005938403161055526,0.031693543047243096
2025-05-21,XGBOOST,17,2025-05-06,2025-05-07,2025-06-05,0,-0.0060954131867335575,0.0,-0.0060954131867335575,0.44493577462914186,0.5550642253708581,0.0,1.0,0.08866379858262755,0.1,1.0817866300838936,1.1189811977061652,-0.03323967167501818,-0.0061140660542759,0.039504164540557614
2025-05-22,XGBOOST,17,2025-05-06,2025-05-07,2025-06-05,0,-0.00047738271106677495,0.0,-0.00047738271106677495,0.44766447457067216,0.5523355254293278,0.0,1.0,0.08866379858262755,0.1,1.0812702038496285,1.1189811977061652,-0.03370118634150576,-0.00047749669447043537,0.03965469571823242
2025-05-23,XGBOOST,17,2025-05-06,2025-05-07,2025-06-05,0,0.0006844145894082741,0.0,0.0006844145894082741,0.44787828392007784,0.5521217160799221,0.0,1.0,0.08866379858262755,0.1,1.0820102409522356,1.1189811977061652,-0.03303983733570992,0.0006841804845536053,0.03758928738583016
2025-05-27,XGBOOST,17,2025-05-06,2025-05-07,2025-06-05,0,0.004714024147740484,0.0,0.004714024147740484,0.4475719591414314,0.5524280408585687,0.0,1.0,0.08866379858262755,0.1,1.087110863356187,1.1189811977061652,-0.028481563779007346,0.0047029479313023025,0.040474378222036075
2025-05-28,XGBOOST,17,2025-05-06,2025-05-07,2025-06-05,0,-0.002612694418748358,0.0,-0.002612694418748358,0.44547199340736704,0.554528006592633,0.0,1.0,0.08866379858262755,0.1,1.0842705748709356,1.1189811977061652,-0.03101984457503315,-0.0026161134613854006,0.041908125428848815
2025-05-29,XGBOOST,17,2025-05-06,2025-05-07,2025-06-05,0,0.0020302089343259924,0.0,0.0020302089343259924,0.4466389244324274,0.5533610755675726,0.0,1.0,0.08866379858262755,0.1,1.0864718706792653,1.1189811977061652,-0.029052612406304745,0.0020281508452639208,0.04227621126021409
2025-05-30,XGBOOST,17,2025-05-06,2025-05-07,2025-06-05,0,-0.001063621367599488,0.0,-0.001063621367599488,0.4457339913009554,0.5542660086990446,0.0,1.0,0.08866379858262755,0.1,1.085316275982315,1.1189811977061652,-0.03008533279456438,-0.0010641874142147411,0.04218197434396241
2025-06-02,XGBOOST,17,2025-05-06,2025-05-07,2025-06-05,0,0.003331415843768223,0.0,0.003331415843768223,0.446208588289867,0.5537914117101332,0.0,1.0,0.08866379858262755,0.1,1.088931915819622,1.1189811977061652,-0.02685414370513306,0.0033258789716805945,0.043032832653410145
2025-06-03,XGBOOST,17,2025-05-06,2025-05-07,2025-06-05,0,0.0013795556668620681,0.0,0.0013795556668620681,0.4447270176570922,0.5552729823429076,0.0,1.0,0.08866379858262755,0.1,1.090434158014918,1.1189811977061652,-0.02551163482439811,0.0013786049542166474,0.04259514000912055
2025-06-04,XGBOOST,17,2025-05-06,2025-05-07,2025-06-05,0,0.0016068585242572,0.0,0.0016068585242572,0.4441143372064644,0.5558856627935355,0.0,1.0,0.08866379858262755,0.1,1.0921863314368654,1.1189811977061652,-0.023945769888026214,0.001605568908400703,0.04271721192535332
2025-06-05,XGBOOST,17,2025-05-06,2025-05-07,2025-06-05,0,-0.0008365556384360534,0.0,-0.0008365556384360534,0.44340185315904435,0.5565981468409555,0.0,1.0,0.08866379858262755,0.1,1.091272656803079,1.1189811977061652,-0.02476229355764581,-0.0008369057463742841,0.043036642107226235
2025-06-06,XGBOOST,18,2025-06-05,2025-06-06,2025-07-08,1,0.0016935733740715527,7.307526174954667e-05,0.001620498112322006,0.3894697930602241,0.6105302069397759,0.07307526174954666,0.8814725564821358,0.09999999999999999,0.1,1.093041062083457,1.1189811977061652,-0.023181922695290846,0.001619186522017879,0.042879597947213514
2025-06-09,XGBOOST,18,2025-06-05,2025-06-06,2025-07-08,0,0.0011234585018249932,0.0,0.0011234585018249932,0.38881131257371154,0.6111886874262886,0.0,0.8814725564821358,0.09999999999999999,0.1,1.0942690483574984,1.1189811977061652,-0.02208450812160656,0.0011228278945855164,0.042801835201430216
2025-06-10,XGBOOST,18,2025-06-05,2025-06-06,2025-07-08,0,0.002536401436284148,0.0,0.002536401436284148,0.3883749893899851,0.6116250106100148,0.0,0.8814725564821358,0.09999999999999999,0.1,1.0970445539434335,1.1189811977061652,-0.019604121863441848,0.0025331901990062154,0.043221221925629036
2025-06-11,XGBOOST,18,2025-06-05,2025-06-06,2025-07-08,0,0.0013034039260514222,0.0,0.0013034039260514222,0.3873924067331416,0.6126075932668584,0.0,0.8814725564821358,0.09999999999999999,0.1,1.0984744461220965,1.1189811977061652,-0.0183262700267941,0.0013025552325344621,0.038046442836529436
2025-06-12,XGBOOST,18,2025-06-05,2025-06-06,2025-07-08,0,0.002722100153635018,0.0,0.002722100153635018,0.38688813521875476,0.6131118647812452,0.0,0.8814725564821358,0.09999999999999999,0.1,1.1014646035806497,1.1189811977061652,-0.01565405581561452,0.0027184019487476833,0.03862773442758119
2025-06-13,XGBOOST,18,2025-06-05,2025-06-06,2025-07-08,0,-0.0026199896351756908,0.0,-0.0026199896351756908,0.38583784595899157,0.6141621540410084,0.0,0.8814725564821358,0.09999999999999999,0.1,1.0985787777357554,1.1189811977061652,-0.018233031986804926,-0.002623427814662645,0.0381310618376695
2025-06-16,XGBOOST,18,2025-06-05,2025-06-06,2025-07-08,0,0.001302099771825983,0.0,0.001302099771825983,0.3868513925979515,0.6131486074020486,0.0,0.8814725564821358,0.09999999999999999,0.1,1.1000092369115781,1.1189811977061652,-0.016954673441768486,0.0013012527750878695,0.03734226739930543
2025-06-17,XGBOOST,18,2025-06-05,2025-06-06,2025-07-08,0,-0.0011720055766658707,0.0,-0.0011720055766658707,0.3863483285275304,0.6136516714724695,0.0,0.8814725564821358,0.09999999999999999,0.1,1.098720019951534,1.1189811977061652,-0.018106808046610023,-0.0011726929122950164,0.03779505673858521
2025-06-18,XGBOOST,18,2025-06-05,2025-06-06,2025-07-08,0,0.00011691524180866443,0.0,0.00011691524180866443,0.3868016622327309,0.6131983377672693,0.0,0.8814725564821358,0.09999999999999999,0.1,1.0988484770683464,1.1189811977061652,-0.017992009766642614,0.00011690840775444571,0.03779062471252749
2025-06-20,XGBOOST,18,2025-06-05,2025-06-06,2025-07-08,0,-0.00028215407249048785,0.0,-0.00028215407249048785,0.3867564445094999,0.6132435554905,0.0,0.8814725564821358,0.09999999999999999,0.1,1.0985384324954917,1.1189811977061652,-0.01826908732030519,-0.0002821938854398993,0.03787979008979879
2025-06-23,XGBOOST,18,2025-06-05,2025-06-06,2025-07-08,0,0.0008135000957509261,0.0,0.0008135000957509261,0.3868656002141069,0.6131343997858932,0.0,0.8814725564821358,0.09999999999999999,0.1,1.0994320936155129,1.1189811977061652,-0.01747044912883855,0.0008131693838919651,0.029436266915676742
2025-06-24,XGBOOST,18,2025-06-05,2025-06-06,2025-07-08,0,0.0031124045709519585,0.0,0.0031124045709519585,0.38655114082403386,0.6134488591759663,0.0,0.8814725564821358,0.09999999999999999,0.1,1.102853971089133,1.1189811977061652,-0.014412419663611842,0.0031075710664626895,0.0301327176849312
2025-06-25,XGBOOST,18,2025-06-05,2025-06-06,2025-07-08,0,-0.0003814552681724783,0.0,-0.0003814552681724783,0.38535177021299843,0.6146482297870015,0.0,0.8814725564821358,0.09999999999999999,0.1,1.102433281631836,1.1189811977061652,-0.01478837723837656,-0.00038152804074019454,0.030471487546142588
2025-06-26,XGBOOST,18,2025-06-05,2025-06-06,2025-07-08,0,0.0036249313083223677,0.0,0.0036249313083223677,0.3854988207690552,0.6145011792309449,0.0,0.8814725564821358,0.09999999999999999,0.1,1.10642952654976,1.1189811977061652,-0.011217052781704817,0.003618377079138981,0.028955597428941746
2025-06-27,XGBOOST,18,2025-06-05,2025-06-06,2025-07-08,0,-0.0011028637977684003,0.0,-0.0011028637977684003,0.38410646123200637,0.6158935387679938,0.0,0.8814725564821358,0.09999999999999999,0.1,1.105209285480146,1.1189811977061652,-0.01230754569804271,-0.001103472399557684,0.027095897891641903
2025-06-30,XGBOOST,18,2025-06-05,2025-06-06,2025-07-08,0,0.003017882621895138,0.0,0.003017882621895138,0.38453054605038134,0.6154694539496186,0.0,0.8814725564821358,0.09999999999999999,0.1,1.1085446773763539,1.1189811977061652,-0.009326805804427685,0.003013337955353013,0.027813206252085436
2025-07-01,XGBOOST,18,2025-06-05,2025-06-06,2025-07-08,0,0.0014047542696306791,0.0,0.0014047542696306791,0.3833735696169405,0.6166264303830595,0.0,0.8814725564821358,0.09999999999999999,0.1,1.1101019102449747,1.1189811977061652,-0.007935153405072781,0.0014037685253959521,0.026849874611779567
2025-07-02,XGBOOST,18,2025-06-05,2025-06-06,2025-07-08,0,0.0023112029466937443,0.0,0.0023112029466937443,0.38283577942123115,0.6171642205787689,0.0,0.8814725564821358,0.09999999999999999,0.1,1.1126675810510633,1.1189811977061652,-0.005642290208311196,0.002308536225262562,0.02599300484083561
2025-07-03,XGBOOST,18,2025-06-05,2025-06-06,2025-07-08,0,0.0012070267075281033,0.0,0.0012070267075281033,0.3819530085024817,0.6180469914975184,0.0,0.8814725564821358,0.09999999999999999,0.1,1.1140106005379926,1.1189811977061652,-0.004442073895756238,0.001206298836439447,0.025970464859394603
2025-07-07,XGBOOST,18,2025-06-05,2025-06-06,2025-07-08,0,-0.004366253052340862,0.0,-0.004366253052340862,0.3814925368218151,0.618507463178185,0.0,0.8814725564821358,0.09999999999999999,0.1,1.1091465483530536,1.1189811977061652,-0.008788931729390992,-0.0043758129727024565,0.031864005129294375
2025-07-08,XGBOOST,18,2025-06-05,2025-06-06,2025-07-08,0,0.0007430544686042474,0.0,0.0007430544686042474,0.38316553450640556,0.6168344654935947,0.0,0.8814725564821358,0.09999999999999999,0.1,1.1099707046521443,1.1189811977061652,-0.008052407915782545,0.0007427785403106316,0.031348585056042155
2025-07-09,XGBOOST,19,2025-07-08,2025-07-09,2025-08-06,1,0.0033858227741912373,0.0001822910968175399,0.0032035316773736974,0.20342792176763713,0.7965720782323629,0.1822910968175399,1.0,0.09687376151685863,0.1,1.1135265309654543,1.1189811977061652,-0.004874672382246148,0.0031984113023776823,0.032324970120888565
2025-07-10,XGBOOST,19,2025-07-08,2025-07-09,2025-08-06,0,0.0008310278841294059,0.0,0.0008310278841294059,0.202741475064092,0.7972585249359081,0.0,1.0,0.09687376151685863,0.1,1.1144519025624045,1.1189811977061652,-0.004047695486792402,0.0008306827716428035,0.03231363654109293
2025-07-11,XGBOOST,19,2025-07-08,2025-07-09,2025-08-06,0,-0.002624924477590951,0.0,-0.002624924477590951,0.2025731311435363,0.7974268688564636,0.0,1.0,0.09687376151685863,0.1,1.1115265504842706,1.1189811977061652,-0.006661995069422222,-0.002628375632517763,0.03387589897228172
2025-07-14,XGBOOST,19,2025-07-08,2025-07-09,2025-08-06,0,-0.0002448069631755069,0.0,-0.0002448069631755069,0.2031062697625883,0.7968937302374117,0.0,1.0,0.09687376151685863,0.1,1.1112544410449576,1.1189811977061652,-0.0069051711298160345,-0.00024483693329147835,0.03390972441884334
2025-07-15,XGBOOST,19,2025-07-08,2025-07-09,2025-08-06,0,-0.004380802075568234,0.0,-0.004380802075568234,0.20315600376692136,0.7968439962330788,0.0,1.0,0.09687376151685863,0.1,1.1063862552831434,1.1189811977061652,-0.011255723017366659,-0.00439042590599664,0.03698632293081497
2025-07-16,XGBOOST,19,2025-07-08,2025-07-09,2025-08-06,0,0.0025603468985905694,0.0,0.0025603468985905694,0.2040499060187277,0.7959500939812724,0.0,1.0,0.09687376151685863,0.1,1.109218987900501,1.1189811977061652,-0.00872419467429486,0.002557074794427803,0.03632958470393736
2025-07-17,XGBOOST,19,2025-07-08,2025-07-09,2025-08-06,0,0.0025704745978644998,0.0,0.0025704745978644998,0.20352880168256587,0.7964711983174341,0.0,1.0,0.09687376151685863,0.1,1.1120702071323683,1.1189811977061652,-0.006176145397227439,0.002567176578476445,0.036958607697631755
2025-07-18,XGBOOST,19,2025-07-08,2025-07-09,2025-08-06,0,-0.0003544089175270144,0.0,-0.0003544089175270144,0.20300697740395973,0.7969930225960402,0.0,1.0,0.09687376151685863,0.1,1.1116760795340443,1.1189811977061652,-0.006528365433749794,-0.00035447173520996217,0.036593517940759455
2025-07-21,XGBOOST,19,2025-07-08,2025-07-09,2025-08-06,0,0.0018466905097503825,0.0,0.0018466905097503825,0.20307895039494175,0.7969210496050583,0.0,1.0,0.09687376151685863,0.1,1.1137290012000363,1.1189811977061652,-0.004693730794490203,0.0018449874731629788,0.036819856748586094
2025-07-22,XGBOOST,19,2025-07-08,2025-07-09,2025-08-06,0,0.0025140530784500533,0.0,0.0025140530784500533,0.20270461770115045,0.7972953822988494,0.0,1.0,0.09687376151685863,0.1,1.1165289750240623,1.1189811977061652,-0.0021914780043934545,0.002510898133702124,0.0372071457754464
2025-07-23,XGBOOST,19,2025-07-08,2025-07-09,2025-08-06,0,0.00344289206355133,0.0,0.00344289206355133,0.20219628550712015,0.7978037144928801,0.0,1.0,0.09687376151685863,0.1,1.120373063770898,1.120373063770898,0.0,0.0034369788790877404,0.038335429052263524
2025-07-24,XGBOOST,19,2025-07-08,2025-07-09,2025-08-06,0,-0.001503258075927425,0.0,-0.001503258075927425,0.20150253403191618,0.798497465968084,0.0,1.0,0.09687376151685863,0.1,1.1186888539147328,1.120373063770898,-0.0015032580759274383,-0.0015043891019736447,0.0383158308960571
2025-07-25,XGBOOST,19,2025-07-08,2025-07-09,2025-08-06,0,0.0005186136250499145,0.0,0.0005186136250499145,0.20180590038143434,0.7981940996185656,0.0,1.0,0.09687376151685863,0.1,1.1192690211965646,1.120373063770898,-0.0009854240609975529,0.0005184791914812496,0.03812837959221457
2025-07-28,XGBOOST,19,2025-07-08,2025-07-09,2025-08-06,0,-0.0014913772803327248,0.0,-0.0014913772803327248,0.20170129534148004,0.7982987046585198,0.0,1.0,0.09687376151685863,0.1,1.1175997688077717,1.120373063770898,-0.0024753317022743193,-0.0014924904903773158,0.037338352369575445
2025-07-29,XGBOOST,19,2025-07-08,2025-07-09,2025-08-06,0,0.0018900047834920495,0.0,0.0018900047834920495,0.20200255736610495,0.7979974426338949,0.0,1.0,0.09687376151685863,0.1,1.119712037716848,1.120373063770898,-0.0005900053075402756,0.001888220971706134,0.03717931452470254
2025-07-30,XGBOOST,19,2025-07-08,2025-07-09,2025-08-06,0,-0.0034425058561025988,0.0,-0.0034425058561025988,0.2016214917821819,0.7983785082178184,0.0,1.0,0.09687376151685863,0.1,1.115857422469859,1.120373063770898,-0.004030480066916642,-0.003448444913464435,0.0386492401437663
2025-07-31,XGBOOST,19,2025-07-08,2025-07-09,2025-08-06,0,-0.0032228854227426343,0.0,-0.0032228854227426343,0.20231797258760945,0.7976820274123904,0.0,1.0,0.09687376151685863,0.1,1.1122611418491217,1.120373063770898,-0.007240375714204994,-0.003228090103702188,0.040297728257729724
2025-08-01,XGBOOST,19,2025-07-08,2025-07-09,2025-08-06,0,-0.0027012547580830917,0.0,-0.0027012547580830917,0.20297212850178092,0.7970278714982191,0.0,1.0,0.09687376151685863,0.1,1.109256641147471,1.120373063770898,-0.009922072372939739,-0.002704909730208132,0.04056544430419938
2025-08-04,XGBOOST,19,2025-07-08,2025-07-09,2025-08-06,0,0.0059053604804843824,0.0,0.0059053604804843824,0.20352189298357687,0.7964781070164231,0.0,1.0,0.09687376151685863,0.1,1.115807201478818,1.120373063770898,-0.004075305306530996,0.005887992183109594,0.04547681450043837
2025-08-05,XGBOOST,19,2025-07-08,2025-07-09,2025-08-06,0,-0.001000773901079945,0.0,-0.001000773901079945,0.20232707864919008,0.7976729213508099,0.0,1.0,0.09687376151685863,0.1,1.114690530752941,1.120373063770898,-0.00507200074842129,-0.0010012750096392957,0.04273351587421363
2025-08-06,XGBOOST,19,2025-07-08,2025-07-09,2025-08-06,0,0.0005743832959305536,0.0,0.0005743832959305536,0.2025297651523464,0.7974702348476537,0.0,1.0,0.09687376151685863,0.1,1.1153307903739373,1.120373063770898,-0.004500530724997565,0.0005742184009841454,0.042712383924390286
2025-08-07,XGBOOST,20,2025-08-06,2025-08-07,2025-09-05,1,-5.055589425876416e-05,0.00016577623920688425,-0.0002163321334656484,0.35990803957645123,0.6400919604235488,0.16577623920688425,1.0,0.0357454531239254,0.1,1.1150895084845358,1.120373063770898,-0.004715889249049754,-0.0002163555366369328,0.041337460578707214
2025-08-08,XGBOOST,20,2025-08-06,2025-08-07,2025-09-05,0,0.0013470726793990994,0.0,0.0013470726793990994,0.3599262359691778,0.6400737640308221,0.0,1.0,0.0357454531239254,0.1,1.1165916150964998,1.120373063770898,-0.0033751692152171886,0.0013461661909765145,0.04149575156138094
2025-08-11,XGBOOST,20,2025-08-06,2025-08-07,2025-09-05,0,-0.0011614212924896704,0.0,-0.0011614212924896704,0.3594420414153598,0.6405579585846404,0.0,1.0,0.0357454531239254,0.1,1.1152947818197114,1.120373063770898,-0.004532670514314496,-0.0011620962648678022,0.04058574843411677
2025-08-12,XGBOOST,20,2025-08-06,2025-08-07,2025-09-05,0,0.0032866993492844366,0.0,0.0032866993492844366,0.35985999047060746,0.6401400095293925,0.0,1.0,0.0357454531239254,0.1,1.1189604204533785,1.120373063770898,-0.0012608686902600974,0.0032813099586206417,0.04195629723942589
2025-08-13,XGBOOST,20,2025-08-06,2025-08-07,2025-09-05,0,0.0036040162246365717,0.0,0.0036040162246365717,0.35868111348830484,0.6413188865116952,0.0,1.0,0.0357454531239254,0.1,1.1229931719634185,1.1229931719634185,0.0,0.0035975373202143607,0.03969889073654035
2025-08-14,XGBOOST,20,2025-08-06,2025-08-07,2025-09-05,0,-0.001541234582162125,0.0,-0.001541234582162125,0.3573930630903546,0.6426069369096452,0.0,1.0,0.0357454531239254,0.1,1.1212623760512566,1.1229931719634185,-0.0015412345821621543,-0.001542423505944745,0.03983465397702855
2025-08-15,XGBOOST,20,2025-08-06,2025-08-07,2025-09-05,0,-0.00022839997140467535,0.0,-0.00022839997140467535,0.3579447399019946,0.6420552600980054,0.0,1.0,0.0357454531239254,0.1,1.1210062797566294,1.1229931719634185,-0.001769282535632244,-0.00022842605865043723,0.03919128224628062
2025-08-18,XGBOOST,20,2025-08-06,2025-08-07,2025-09-05,0,-0.00042093175890518364,0.0,-0.00042093175890518364,0.35802651314735956,0.6419734868526406,0.0,1.0,0.0357454531239254,0.1,1.1205344126115475,1.1229931719634185,-0.0021894695473277936,-0.00042102037554658946,0.03920769499412549
2025-08-19,XGBOOST,20,2025-08-06,2025-08-07,2025-09-05,0,-0.0013362537353856104,0.0,-0.0013362537353856104,0.35817728134039406,0.6418227186596059,0.0,1.0,0.0357454531239254,0.1,1.1190370943170673,1.1229931719634185,-0.0035227975958522784,-0.0013371473185328608,0.0392570169185133
2025-08-20,XGBOOST,20,2025-08-06,2025-08-07,2025-09-05,0,0.0012100133827630854,0.0,0.0012100133827630854,0.35865653747831994,0.6413434625216801,0.0,1.0,0.0357454531239254,0.1,1.1203911441769994,1.1229931719634185,-0.002317046845324855,0.001209281906574377,0.0385552999055675
2025-08-21,XGBOOST,20,2025-08-06,2025-08-07,2025-09-05,0,-0.0013935485579316368,0.0,-0.0013935485579316368,0.35822308275417275,0.6417769172458272,0.0,1.0,0.0357454531239254,0.1,1.118829824713712,1.1229931719634185,-0.00370736648596659,-0.0013945204497471852,0.03698901290475065
2025-08-22,XGBOOST,20,2025-08-06,2025-08-07,2025-09-05,0,0.007557376792517514,0.0,0.007557376792517514,0.3587229806465497,0.6412770193534504,0.0,1.0,0.0357454531239254,0.1,1.1272852432657798,1.1272852432657798,0.0,0.007528962887122673,0.044943145315632885
2025-08-25,XGBOOST,20,2025-08-06,2025-08-07,2025-09-05,0,-0.0024840049240543796,0.0,-0.0024840049240543796,0.35603231032709737,0.6439676896729027,0.0,1.0,0.0357454531239254,0.1,1.1244850611706938,1.1272852432657798,-0.002484004924054428,-0.0024870951828251373,0.04600681769219279
2025-08-26,XGBOOST,20,2025-08-06,2025-08-07,2025-09-05,0,0.0012378440364879577,0.0,0.0012378440364879577,0.35691889862877924,0.6430811013712208,0.0,1.0,0.0357454531239254,0.1,1.1258769982977836,1.1272852432657798,-0.0012492356982483077,0.0012370785392043346,0.04569621055882696
2025-08-27,XGBOOST,20,2025-08-06,2025-08-07,2025-09-05,0,0.0007686521448035267,0.0,0.0007686521448035267,0.35647763491425927,0.6435223650857406,0.0,1.0,0.0357454531239254,0.1,1.1267424060673104,1.1272852432657798,-0.00048154378114351193,0.0007683568830363773,0.04538526466574412
2025-08-28,XGBOOST,20,2025-08-06,2025-08-07,2025-09-05,0,0.001971286293910718,0.0,0.001971286293910718,0.35620383807013944,0.6437961619298606,0.0,1.0,0.0357454531239254,0.1,1.128963537929159,1.128963537929159,0.0,0.0019693458587680965,0.043595283262395736
2025-08-29,XGBOOST,20,2025-08-06,2025-08-07,2025-09-05,0,-0.0012492270675510191,0.0,-0.0012492270675510191,0.35550303980033743,0.6444969601996626,0.0,1.0,0.0357454531239254,0.1,1.1275532061192997,1.128963537929159,-0.0012492270675510397,-0.001250008002128329,0.04193891085298708
2025-09-02,XGBOOST,20,2025-08-06,2025-08-07,2025-09-05,0,-0.000310468346861974,0.0,-0.000310468346861974,0.35594769930093667,0.6440523006990634,0.0,1.0,0.0357454531239254,0.1,1.1272031365393969,1.128963537929159,-0.0015593075689505076,-0.00031051655213690845,0.040314072742125215
2025-09-03,XGBOOST,20,2025-08-06,2025-08-07,2025-09-05,0,0.0012328591389929077,0.0,0.0012328591389929077,0.35605824411537373,0.6439417558846262,0.0,1.0,0.0357454531239254,0.1,1.128592819227781,1.128963537929159,-0.0003283708365444671,0.001232099792212276,0.035835627403178416
2025-09-04,XGBOOST,20,2025-08-06,2025-08-07,2025-09-05,0,0.0025665846348226487,0.0,0.0025665846348226487,0.355619814976473,0.644380185023527,0.0,1.0,0.0357454531239254,0.1,1.1314894482165823,1.1314894482165823,0.0,0.002563296581322191,0.036027615546822545
2025-09-05,XGBOOST,20,2025-08-06,2025-08-07,2025-09-05,0,0.0013990062039913249,0.0,0.0013990062039913249,0.3547094232210072,0.6452905767789927,0.0,1.0,0.0357454531239254,0.1,1.133072408974388,1.133072408974388,0.0,0.0013980285065755252,0.036100785518673545
2025-09-08,XGBOOST,21,2025-09-05,2025-09-08,2025-10-06,1,0.0036421602498640767,0.00021643360913118707,0.0034257266407328895,0.14029894053747816,0.8597010594625218,0.21643360913118706,1.0,0.04375628023270484,0.1,1.1369540053116909,1.1369540053116909,0.0,0.0034198722058766742,0.03705730082109505
2025-09-09,XGBOOST,21,2025-09-05,2025-09-08,2025-10-06,0,0.00020894293666767755,0.0,0.00020894293666767755,0.13978980367121055,0.8602101963287895,0.0,1.0,0.04375628023270484,0.1,1.1371915638204166,1.1371915638204166,0.0,0.00020892111113242725,0.037103692506390853
2025-09-10,XGBOOST,21,2025-09-05,2025-09-08,2025-10-06,0,0.0025760896927988328,0.0,0.0025760896927988328,0.13976060168066495,0.8602393983193349,0.0,1.0,0.04375628023270484,0.1,1.1401210712867123,1.1401210712867123,0.0,0.0025727772612737488,0.03677999862785069
2025-09-11,XGBOOST,21,2025-09-05,2025-09-08,2025-10-06,0,0.005095587588806513,0.0,0.005095587588806513,0.13940149093670215,0.8605985090632978,0.0,1.0,0.04375628023270484,0.1,1.1459306580672977,1.1459306580672977,0.0,0.005082649016840055,0.03864023550762761
2025-09-12,XGBOOST,21,2025-09-05,2025-09-08,2025-10-06,0,-0.001685537877599291,0.0,-0.001685537877599291,0.13869475964084377,0.8613052403591563,0.0,1.0,0.04375628023270484,0.1,1.143999148538023,1.1459306580672977,-0.0016855378775992857,-0.0016869599948139856,0.038731517739225826
2025-09-15,XGBOOST,21,2025-09-05,2025-09-08,2025-10-06,0,0.0030745623899279683,0.0,0.0030745623899279683,0.13892892961400247,0.8610710703859974,0.0,1.0,0.04375628023270484,0.1,1.1475164452942277,1.1475164452942277,0.0,0.0030698455885768425,0.03838697192167568
2025-09-16,XGBOOST,21,2025-09-05,2025-09-08,2025-10-06,0,0.0011452009841425679,0.0,0.0011452009841425679,0.13850309321272197,0.861496906787278,0.0,1.0,0.04375628023270484,0.1,1.1488305822566984,1.1488305822566984,0.0,0.0011445457417040056,0.03808076047435921
2025-09-17,XGBOOST,21,2025-09-05,2025-09-08,2025-10-06,0,-0.0010843865308858987,0.0,-0.0010843865308858987,0.1383446607710561,0.861655339228944,0.0,1.0,0.04375628023270484,0.1,1.1475848058470295,1.1488305822566984,-0.001084386530885828,-0.0010849749033473228,0.03849692394708263
2025-09-18,XGBOOST,21,2025-09-05,2025-09-08,2025-10-06,0,0.0010183685010941538,0.0,0.0010183685010941538,0.13849484271309132,0.8615051572869088,0.0,1.0,0.04375628023270484,0.1,1.1487534700656383,1.1488305822566984,-6.712233487782271e-05,0.0010178503156647836,0.0374406219497502
2025-09-19,XGBOOST,21,2025-09-05,2025-09-08,2025-10-06,0,-0.0003518637779737771,0.0,-0.0003518637779737771,0.13835394741104584,0.861646052588954,0.0,1.0,0.04375628023270484,0.1,1.1483492653297005,1.1488305822566984,-0.00041896249493333926,-0.0003519256965579327,0.037849351835559195
2025-09-22,XGBOOST,21,2025-09-05,2025-09-08,2025-10-06,0,0.001882635984596099,0.0,0.001882635984596099,0.13840264628905072,0.8615973537109494,0.0,1.0,0.04375628023270484,0.1,1.1505111889794946,1.1505111889794946,0.0,0.0018808660465553853,0.036733245764691544
2025-09-23,XGBOOST,21,2025-09-05,2025-09-08,2025-10-06,0,0.0010206970126953327,0.0,0.0010206970126953327,0.1381425741080302,0.8618574258919699,0.0,1.0,0.04375628023270484,0.1,1.1516855123131584,1.1516855123131584,0.0,0.0010201764556900107,0.028998029622741728
2025-09-24,XGBOOST,21,2025-09-05,2025-09-08,2025-10-06,0,-0.0020261209175396213,0.0,-0.0020261209175396213,0.1380017161685901,0.86199828383141,0.0,1.0,0.04375628023270484,0.1,1.1493520582062333,1.1516855123131584,-0.002026120917539731,-0.0020281762772666866,0.028334739755332676
2025-09-25,XGBOOST,21,2025-09-05,2025-09-08,2025-10-06,0,-0.0020312537578277366,0.0,-0.0020312537578277366,0.13828189200249333,0.8617181079975067,0.0,1.0,0.04375628023270484,0.1,1.1470174325189348,1.1516855123131584,-0.0040532591096398285,-0.0020333195516504298,0.030250480566817606
2025-09-26,XGBOOST,21,2025-09-05,2025-09-08,2025-10-06,0,0.003197298601838121,0.0,0.003197298601838121,0.13856334932651002,0.8614366506734901,0.0,1.0,0.04375628023270484,0.1,1.1506847897522114,1.1516855123131584,-0.0008689199874860609,0.003192198111631814,0.031279631813986124
2025-09-29,XGBOOST,21,2025-09-05,2025-09-08,2025-10-06,0,0.0021820935615367997,0.0,0.0021820935615367997,0.13812173290301574,0.8618782670969845,0.0,1.0,0.04375628023270484,0.1,1.1531956916232882,1.1531956916232882,0.0,0.0021797162530926453,0.03137002626781681
2025-09-30,XGBOOST,21,2025-09-05,2025-09-08,2025-10-06,0,0.0012921890491924758,0.0,0.0012921890491924758,0.13782099459805872,0.8621790054019411,0.0,1.0,0.04375628023270484,0.1,1.1546858384675796,1.1546858384675796,0.0,0.0012913548914387327,0.03027808474842431
2025-10-01,XGBOOST,21,2025-09-05,2025-09-08,2025-10-06,0,0.003730144990743853,0.0,0.003730144990743853,0.13764313364806216,0.862356866351938,0.0,1.0,0.04375628023270484,0.1,1.1589929840638222,1.1589929840638222,0.0,0.0037232052520517825,0.031070101960688976
2025-10-02,XGBOOST,21,2025-09-05,2025-09-08,2025-10-06,0,3.309385448098742e-05,0.0,3.309385448098742e-05,0.1371316128493196,0.8628683871506803,0.0,1.0,0.04375628023270484,0.1,1.1590313396089813,1.1590313396089813,0.0,3.309330689146641e-05,0.03139093776161084
2025-10-03,XGBOOST,21,2025-09-05,2025-09-08,2025-10-06,0,0.0017833646248099828,0.0,0.0017833646248099828,0.13712707478586125,0.8628729252141387,0.0,1.0,0.04375628023270484,0.1,1.1610983150990861,1.1610983150990861,0.0,0.0017817763181903284,0.031099779062541497
2025-10-06,XGBOOST,21,2025-09-05,2025-09-08,2025-10-06,0,0.001967526419776211,0.0,0.001967526419776211,0.13688296255270557,0.8631170374472945,0.0,1.0,0.04375628023270484,0.1,1.1633828067100014,1.1633828067100014,0.0,0.001965593374799367,0.031200385116678865
2025-10-07,XGBOOST,22,2025-10-06,2025-10-07,2025-11-05,1,-0.0007547800178604757,8.644286393147509e-05,-0.0008412228817919508,0.19785716419259003,0.80214283580741,0.08644286393147509,1.0,0.03882607014487316,0.1,1.1624041424727136,1.1633828067100014,-0.0008412228817918921,-0.0008415769083177767,0.030969766470108715
2025-10-08,XGBOOST,22,2025-10-06,2025-10-07,2025-11-05,0,0.0021159071841080424,0.0,0.0021159071841080424,0.1980066156294713,0.8019933843705287,0.0,1.0,0.03882607014487316,0.1,1.1648636817486087,1.1648636817486087,0.0,0.0021136718051830107,0.031017599514064246
2025-10-09,XGBOOST,22,2025-10-06,2025-10-07,2025-11-05,0,-0.004042777847154894,0.0,-0.004042777847154894,0.1975885366253284,0.8024114633746717,0.0,1.0,0.03882607014487316,0.1,1.1601543966610801,1.1648636817486087,-0.004042777847154899,-0.004050971965639108,0.03535868974326447
2025-10-10,XGBOOST,22,2025-10-06,2025-10-07,2025-11-05,0,-0.010115816835884629,0.0,-0.010115816835884629,0.19839058569024098,0.801609414309759,0.0,1.0,0.03882607014487316,0.1,1.1484184872831105,1.1648636817486087,-0.014117698682829416,-0.010167329399893272,0.0490558905477096
2025-10-14,XGBOOST,22,2025-10-06,2025-10-07,2025-11-05,0,0.0007838327606764185,0.0,0.0007838327606764185,0.20041797723860524,0.7995820227613949,0.0,1.0,0.03882607014487316,0.1,1.1493186553164094,1.1648636817486087,-0.01334493183688601,0.0007835257242110815,0.04866484396941696
2025-10-15,XGBOOST,22,2025-10-06,2025-10-07,2025-11-05,0,0.003390971182437904,0.0,0.003390971182437904,0.200261006101337,0.7997389938986631,0.0,1.0,0.03882607014487316,0.1,1.1532159617560256,1.1648636817486087,-0.009999212933738622,0.0033852348039294412,0.04890913476551903
2025-10-16,XGBOOST,22,2025-10-06,2025-10-07,2025-11-05,0,-0.0010245832339867505,0.0,-0.0010245832339867505,0.19958422175689008,0.8004157782431098,0.0,1.0,0.03882607014487316,0.1,1.1520343960164443,1.1648636817486087,-0.01101355114180047,-0.0010251084781900193,0.04897870394871267
2025-10-17,XGBOOST,22,2025-10-06,2025-10-07,2025-11-05,0,0.00048547454766647376,0.0,0.00048547454766647376,0.19978892213684782,0.8002110778631525,0.0,1.0,0.03882607014487316,0.1,1.1525936793937468,1.1648636817486087,-0.010533423392892649,0.00048535674302415267,0.04878854273554163
2025-10-20,XGBOOST,22,2025-10-06,2025-10-07,2025-11-05,0,0.007229301019712642,0.0,0.007229301019712642,0.19969197676475525,0.8003080232352446,0.0,1.0,0.03882607014487316,0.1,1.1609261260555024,1.1648636817486087,-0.003380271661655332,0.007203294885326326,0.054458860483701625
2025-10-21,XGBOOST,22,2025-10-06,2025-10-07,2025-11-05,0,-0.004434018415575382,0.0,-0.004434018415575382,0.19825870490720274,0.8017412950927973,0.0,1.0,0.03882607014487316,0.1,1.1557785582334497,1.1648636817486087,-0.007799301890433319,-0.004443877830576497,0.057050365230306016
2025-10-22,XGBOOST,22,2025-10-06,2025-10-07,2025-11-05,0,-0.00018411841617122328,0.0,-0.00018411841617122328,0.19914170288510427,0.8008582971148955,0.0,1.0,0.03882607014487316,0.1,1.155565758115863,1.1648636817486087,-0.007981984311493329,-0.00018413536804761033,0.056780439123073054
2025-10-23,XGBOOST,22,2025-10-06,2025-10-07,2025-11-05,0,0.0033217490931528263,0.0,0.0033217490931528263,0.19917837529209864,0.8008216247079015,0.0,1.0,0.03882607014487316,0.1,1.1594042576249626,1.1648636817486087,-0.004686749367488918,0.003316244271689203,0.05774280388179619
2025-10-24,XGBOOST,22,2025-10-06,2025-10-07,2025-11-05,0,0.0025887160102927185,0.0,0.0025887160102927185,0.19851894516601978,0.8014810548339804,0.0,1.0,0.03882607014487316,0.1,1.1624056259890778,1.1648636817486087,-0.0021101660203201034,0.002585371056515058,0.05759227124714543
2025-10-27,XGBOOST,22,2025-10-06,2025-10-07,2025-11-05,0,0.00247456201894698,0.0,0.00247456201894698,0.19800636292417811,0.8019936370758218,0.0,1.0,0.03882607014487316,0.1,1.1652820708017608,1.1652820708017608,0.0,0.002471505331956702,0.05717093764793876
2025-10-28,XGBOOST,22,2025-10-06,2025-10-07,2025-11-05,0,-0.0012189687631729874,0.0,-0.0012189687631729874,0.19751759338950262,0.8024824066104973,0.0,1.0,0.03882607014487316,0.1,1.1638616283571679,1.1652820708017608,-0.0012189687631730672,-0.0012197123098973562,0.056840359769893
2025-10-29,XGBOOST,22,2025-10-06,2025-10-07,2025-11-05,0,-0.0025307617249958844,0.0,-0.0025307617249958844,0.19775865501261014,0.80224134498739,0.0,1.0,0.03882607014487316,0.1,1.1609161718949301,1.1652820708017608,-0.0037466455686792077,-0.0025339695156957917,0.05747121459354998
2025-10-30,XGBOOST,22,2025-10-06,2025-10-07,2025-11-05,0,-0.002830722394713526,0.0,-0.002830722394713526,0.1982604048568039,0.801739595143196,0.0,1.0,0.03882607014487316,0.1,1.157629940488762,1.1652820708017608,-0.006566762249876401,-0.002834736466289326,0.05836096341466573
2025-10-31,XGBOOST,22,2025-10-06,2025-10-07,2025-11-05,0,7.89625310396656e-05,0.0,7.89625310396656e-05,0.1988232181931322,0.8011767818068677,0.0,1.0,0.03882607014487316,0.1,1.15772134987887,1.1652820708017608,-0.0064883182470049094,7.89594136631144e-05,0.05687340094724257
2025-11-03,XGBOOST,22,2025-10-06,2025-10-07,2025-11-05,0,-6.904689214626687e-05,0.0,-6.904689214626687e-05,0.1988075198481753,0.8011924801518246,0.0,1.0,0.03882607014487316,0.1,1.1576414128176895,1.1652820708017608,-0.0065569171409409766,-6.904927599265649e-05,0.05687256977818226
2025-11-04,XGBOOST,22,2025-10-06,2025-10-07,2025-11-05,0,-0.004621846601204444,0.0,-0.004621846601204444,0.1988212478374311,0.801178752162569,0.0,1.0,0.03882607014487316,0.1,1.1522909717884446,1.1652820708017608,-0.01114845867694314,-0.004632560358514817,0.05857447418195848
2025-11-05,XGBOOST,22,2025-10-06,2025-10-07,2025-11-05,0,0.0016246243911516604,0.0,0.0016246243911516604,0.19974443597997465,0.8002555640200254,0.0,1.0,0.03882607014487316,0.1,1.1541630118069162,1.1652820708017608,-0.009541946343681662,0.0016233061165530733,0.05841483486661828
2025-11-06,XGBOOST,23,2025-11-05,2025-11-06,2025-12-08,1,-0.0005584331627743781,8.526694617949521e-05,-0.0006437001089538732,0.22665662996692215,0.7733433700330778,0.0852669461794952,1.0,0.04316204191240476,0.1,1.1534200769504654,1.1652820708017608,-0.010179504300734554,-0.0006439073728176273,0.05839911823464372
2025-11-07,XGBOOST,23,2025-11-05,2025-11-06,2025-12-08,0,0.0010319739017921805,0.0,0.0010319739017921805,0.2267832732674772,0.7732167267325225,0.0,1.0,0.04316204191240476,0.1,1.1546103763676814,1.1652820708017608,-0.009158035381714003,0.0010314417827823454,0.057937819405029206
2025-11-10,XGBOOST,23,2025-11-05,2025-11-06,2025-12-08,0,0.0062841564962004765,0.0,0.0062841564962004765,0.22654948011653236,0.7734505198834677,0.0,1.0,0.04316204191240476,0.1,1.1618661286649128,1.1652820708017608,-0.002931429413049913,0.006264493518590027,0.06074609522815298
2025-11-12,XGBOOST,23,2025-11-05,2025-11-06,2025-12-08,0,0.0005277713887713684,0.0,0.0005277713887713684,0.22513469843881795,0.774865301561182,0.0,1.0,0.04316204191240476,0.1,1.1624793283652048,1.1652820708017608,-0.0024052051488508974,0.0005276321664348557,0.047995052316888914
2025-11-13,XGBOOST,23,2025-11-05,2025-11-06,2025-12-08,0,-0.006270205078838128,0.0,-0.006270205078838128,0.22501594146289636,0.7749840585371035,0.0,1.0,0.04316204191240476,0.1,1.155190344576445,1.1652820708017608,-0.008660329098148956,-0.006289945375102121,0.053549635474014104
2025-11-14,XGBOOST,23,2025-11-05,2025-11-06,2025-12-08,0,-0.0012875268820279162,0.0,-0.0012875268820279162,0.22643573998981095,0.7735642600101889,0.0,1.0,0.04316204191240476,0.1,1.1537030059539437,1.1652820708017608,-0.00993670557365589,-0.0012883564569069797,0.05253149171976037
2025-11-17,XGBOOST,23,2025-11-05,2025-11-06,2025-12-08,0,-0.004431979811551806,0.0,-0.004431979811551806,0.22672765794431352,0.7732723420556865,0.0,1.0,0.04316204191240476,0.1,1.1485898175230291,1.1652820708017608,-0.014324646106711914,-0.004441830149183118,0.05467760021566656
2025-11-18,XGBOOST,23,2025-11-05,2025-11-06,2025-12-08,0,-0.0003198714370222351,0.0,-0.0003198714370222351,0.2277369836582305,0.7722630163417696,0.0,1.0,0.04316204191240476,0.1,1.148222416447549,1.1652820708017608,-0.01463993549859921,-0.00031992260680247143,0.05463221241046484
2025-11-19,XGBOOST,23,2025-11-05,2025-11-06,2025-12-08,0,-0.0006871880361483315,0.0,-0.0006871880361483315,0.22780985352344485,0.7721901464765552,0.0,1.0,0.04316204191240476,0.1,1.1474333717401288,1.1652820708017608,-0.015317063146222942,-0.0006874242580722971,0.047576395454302915
2025-11-20,XGBOOST,23,2025-11-05,2025-11-06,2025-12-08,0,-0.004614305417702007,0.0,-0.004614305417702007,0.2279665093813342,0.7720334906186658,0.0,1.0,0.04316204191240476,0.1,1.1421387637164562,1.1652820708017608,-0.019860690956466143,-0.004624984187679566,0.04776659566779392
2025-11-21,XGBOOST,23,2025-11-05,2025-11-06,2025-12-08,0,0.0045627607157130105,0.0,0.0045627607157130105,0.22902329280209086,0.770976707197909,0.0,1.0,0.04316204191240476,0.1,1.1473500695994348,1.1652820708017608,-0.015388549821236053,0.004552382878789129,0.050954493659927144
2025-11-24,XGBOOST,23,2025-11-05,2025-11-06,2025-12-08,0,0.005143885533954847,0.0,0.005143885533954847,0.22798306064911306,0.7720169393508869,0.0,1.0,0.04316204191240476,0.1,1.1532519070248295,1.1652820708017608,-0.010323821226095209,0.005130700948764963,0.05294370546635063
2025-11-25,XGBOOST,23,2025-11-05,2025-11-06,2025-12-08,0,0.00396657557827736,0.0,0.00396657557827736,0.226816343341733,0.773183656658267,0.0,1.0,0.04316204191240476,0.1,1.157826367874836,1.1652820708017608,-0.006398195864967704,0.003958729458675411,0.054073227943248044
2025-11-26,XGBOOST,23,2025-11-05,2025-11-06,2025-12-08,0,0.0039635430894894895,0.0,0.0039635430894894895,0.2259202137392756,0.7740797862607245,0.0,1.0,0.04316204191240476,0.1,1.162415462574055,1.1652820708017608,-0.0024600123004839825,0.003955708946397937,0.05522515367243617
2025-11-28,XGBOOST,23,2025-11-05,2025-11-06,2025-12-08,0,0.0022407340571836223,0.0,0.0022407340571836223,0.22502830435859553,0.7749716956414046,0.0,1.0,0.04316204191240476,0.1,1.1650201264896416,1.1652820708017608,-0.0002247904766431441,0.0022382273564941347,0.05565285614007713
2025-12-01,XGBOOST,23,2025-11-05,2025-11-06,2025-12-08,0,-0.002913174483481848,0.0,-0.002913174483481848,0.2245252030893372,0.7754747969106629,0.0,1.0,0.04316204191240476,0.1,1.1616262195844091,1.1652820708017608,-0.0031373101062442954,-0.0029174260352832306,0.055892295305995876
2025-12-02,XGBOOST,23,2025-11-05,2025-11-06,2025-12-08,0,-0.00023709909180309803,0.0,-0.00023709909180309803,0.2251811952013577,0.7748188047986423,0.0,1.0,0.04316204191240476,0.1,1.161350799062731,1.1652820708017608,-0.00337366534467054,-0.0002371272042364744,0.05493134325935489
2025-12-03,XGBOOST,23,2025-11-05,2025-11-06,2025-12-08,0,0.0031945163184034374,0.0,0.0031945163184034374,0.22523459812001462,0.7747654018799854,0.0,1.0,0.04316204191240476,0.1,1.1650607531417279,1.1652820708017608,-0.00018992625526337292,0.00318942469179029,0.05592641211868608
2025-12-04,XGBOOST,23,2025-11-05,2025-11-06,2025-12-08,0,7.938002769915172e-05,0.0,7.938002769915172e-05,0.22451737370594588,0.775482626294054,0.0,1.0,0.04316204191240476,0.1,1.1651532356965835,1.1652820708017608,-0.00011056130391562391,7.937687727147254e-05,0.05591640270217867
2025-12-05,XGBOOST,23,2025-11-05,2025-11-06,2025-12-08,0,-6.471326434528979e-05,0.0,-6.471326434528979e-05,0.22449955292521626,0.7755004470747837,0.0,1.0,0.04316204191240476,0.1,1.165077834827239,1.1652820708017608,-0.00017526741347806407,-6.471535833892083e-05,0.052993589426086105
2025-12-08,XGBOOST,23,2025-11-05,2025-11-06,2025-12-08,0,-0.0028970460238014113,0.0,-0.0028970460238014113,0.22451408196435163,0.7754859180356484,0.0,1.0,0.04316204191240476,0.1,1.1617025507184338,1.1652820708017608,-0.0030718056795160376,-0.0029012505841334497,0.05411848911414236
2025-12-09,XGBOOST,24,2025-12-08,2025-12-09,2025-12-31,1,-0.0006454649347272922,0.0001301721428877765,-0.0007756370776150687,0.14652533426544012,0.8534746657345599,0.13017214288777648,1.0,0.05315501217859604,0.1,1.1608014911469364,1.1652820708017608,-0.003845060150750923,-0.0007759380396881127,0.054149737382148885
2025-12-10,XGBOOST,24,2025-12-08,2025-12-09,2025-12-31,0,0.005703307985831568,0.0,0.005703307985831568,0.146619972316301,0.8533800276836991,0.0,1.0,0.05315501217859604,0.1,1.1674218995613599,1.1674218995613599,0.0,0.0056871057000677855,0.05725092854097995
2025-12-11,XGBOOST,24,2025-12-08,2025-12-09,2025-12-31,0,0.001399588748498839,0.0,0.001399588748498839,0.14578849562496077,0.8542115043750391,0.0,1.0,0.05315501217859604,0.1,1.169055810116737,1.169055810116737,0.0,0.001398610237069028,0.05346092092905771
2025-12-12,XGBOOST,24,2025-12-08,2025-12-09,2025-12-31,0,-0.0055009455585136105,0.0,-0.0055009455585136105,0.14558473686529094,0.854415263134709,0.0,1.0,0.05315501217859604,0.1,1.1626248977504208,1.169055810116737,-0.005500945558513659,-0.005516131476408929,0.05710320267760623
2025-12-15,XGBOOST,24,2025-12-08,2025-12-09,2025-12-31,0,-7.925386348665072e-05,0.0,-7.925386348665072e-05,0.146390020397809,0.8536099796021909,0.0,1.0,0.05315501217859604,0.1,1.1625327552354883,1.169055810116737,-0.005579763450811903,-7.925700424003515e-05,0.05232856872890356
2025-12-16,XGBOOST,24,2025-12-08,2025-12-09,2025-12-31,0,-0.0025107310407576685,0.0,-0.0025107310407576685,0.1464016232920756,0.8535983767079243,0.0,1.0,0.05315501217859604,0.1,1.159613948161021,1.169055810116737,-0.008076485206273576,-0.0025138882115821946,0.05296611078551327
2025-12-17,XGBOOST,24,2025-12-08,2025-12-09,2025-12-31,0,-0.0015416289861240136,0.0,-0.0015416289861240136,0.1467701235972471,0.8532298764027529,0.0,1.0,0.05315501217859604,0.1,1.1578262536858224,1.169055810116737,-0.009605663248697494,-0.0015428185187919916,0.05063579528905629
2025-12-18,XGBOOST,24,2025-12-08,2025-12-09,2025-12-31,0,0.0026208578914047025,0.0,0.0026208578914047025,0.14699673802945895,0.853003261970541,0.0,1.0,0.05315501217859604,0.1,1.1608607517596703,1.169055810116737,-0.0070099804356204,0.002617429432390649,0.051143010034062596
2025-12-19,XGBOOST,24,2025-12-08,2025-12-09,2025-12-31,0,0.002782039380614971,0.0,0.002782039380614971,0.14661248753452563,0.8533875124654744,0.0,1.0,0.05315501217859604,0.1,1.164090312086476,1.169055810116737,-0.004247443096634607,0.0027781766715380533,0.051518664685417125
2025-12-22,XGBOOST,24,2025-12-08,2025-12-09,2025-12-31,0,0.004166936759086814,0.0,0.004166936759086814,0.14620573741536422,0.8537942625846356,0.0,1.0,0.05315501217859604,0.1,1.168941002798806,1.169055810116737,-9.820516431924275e-05,0.004158279120332229,0.04903397524042004
2025-12-23,XGBOOST,24,2025-12-08,2025-12-09,2025-12-31,0,0.0026514136215064596,0.0,0.0026514136215064596,0.14559903544249134,0.8544009645575088,0.0,1.0,0.05315501217859604,0.1,1.1720403488963644,1.1720403488963644,0.0,0.002647904825222036,0.047774302361269276
2025-12-24,XGBOOST,24,2025-12-08,2025-12-09,2025-12-31,0,0.002067496636645091,0.0,0.002067496636645091,0.14521401303030915,0.854785986969691,0.0,1.0,0.05315501217859604,0.1,1.17446353837572,1.17446353837572,0.0,0.0020653623067807413,0.045575520973732006
2025-12-26,XGBOOST,24,2025-12-08,2025-12-09,2025-12-31,0,0.0004379460948777882,0.0,0.0004379460948777882,0.14491440298952685,0.8550855970104732,0.0,1.0,0.05315501217859604,0.1,1.174977890095928,1.174977890095928,0.0,0.0004378502244764694,0.044177474878004865
2025-12-29,XGBOOST,24,2025-12-08,2025-12-09,2025-12-31,0,-0.0026343442030934477,0.0,-0.0026343442030934477,0.1448509660745952,0.8551490339254048,0.0,1.0,0.05315501217859604,0.1,1.1718825939023907,1.174977890095928,-0.002634344203093608,-0.0026378201937629097,0.043959356097566994
2025-12-30,XGBOOST,24,2025-12-08,2025-12-09,2025-12-31,0,0.00020200777291908464,0.0,0.00020200777291908464,0.14523356126480777,0.8547664387351923,0.0,1.0,0.05315501217859604,0.1,1.1721193232953075,1.174977890095928,-0.002432868588180037,0.00020198737209629506,0.0434413351559798
2025-12-31,XGBOOST,24,2025-12-08,2025-12-09,2025-12-31,0,-0.004570659272895281,0.0,-0.004570659272895281,0.14520422888191287,0.854795771118087,0.0,1.0,0.05315501217859604,0.1,1.1667619652413481,1.174977890095928,-0.006992408047703069,-0.004581136673933082,0.045329991019219314
2023-12-29,BASELINE_MLP,1,2023-12-28,2023-12-29,2024-01-30,1,-0.0014900424234203736,0.0004478865306163494,-0.001937928954036723,0.5521134693836506,0.4478865306163494,0.4478865306163494,1.0,0.04258273819655171,0.1,0.9980620710459632,0.9980620710459632,0.0,-0.0019398091678921156,
2024-01-02,BASELINE_MLP,1,2023-12-28,2023-12-29,2024-01-30,0,-0.0017501920076549368,0.0,-0.0017501920076549368,0.5529373695217324,0.44706263047826755,0.0,1.0,0.04258273819655171,0.1,0.9963152707860751,0.9980620710459632,-0.001750192007654916,-0.0017517253830822328,
2024-01-03,BASELINE_MLP,1,2023-12-28,2023-12-29,2024-01-30,0,-0.0019133863688617803,0.0,-0.0019133863688617803,0.553906812798478,0.4460931872015221,0.0,1.0,0.04258273819655171,0.1,0.9944089347278642,0.9980620710459632,-0.003660229582986285,-0.0019152192309154024,
2024-01-04,BASELINE_MLP,1,2023-12-28,2023-12-29,2024-01-30,0,-0.0013989424390186613,0.0,-0.0013989424390186613,0.5549686823103558,0.44503131768964416,0.0,1.0,0.04258273819655171,0.1,0.9930178138673341,0.9980620710459632,-0.005054051571504736,-0.0013999218725464918,
2024-01-05,BASELINE_MLP,1,2023-12-28,2023-12-29,2024-01-30,0,2.231947419228898e-05,0.0,2.231947419228898e-05,0.5557461391697611,0.4442538608302388,0.0,1.0,0.04258273819655171,0.1,0.9930399775028032,0.9980620710459632,-0.005031844901086102,2.231922511653102e-05,
2024-01-08,BASELINE_MLP,1,2023-12-28,2023-12-29,2024-01-30,0,0.0033150390106593086,0.0,0.0033150390106593086,0.5557337354849943,0.4442662645150058,0.0,1.0,0.04258273819655171,0.1,0.9963319437673692,0.9980620710459632,-0.0017334866525694492,0.0033095563822482014,
2024-01-09,BASELINE_MLP,1,2023-12-28,2023-12-29,2024-01-30,0,-0.0013746347214767824,0.0,-0.0013746347214767824,0.5538975435203161,0.446102456479684,0.0,1.0,0.04258273819655171,0.1,0.9949623512833501,0.9980620710459632,-0.003105738463104468,-0.0013755803985252136,
2024-01-10,BASELINE_MLP,1,2023-12-28,2023-12-29,2024-01-30,0,0.0005754428031828632,0.0,0.0005754428031828632,0.5546599984127485,0.4453400015872515,0.0,1.0,0.04258273819655171,0.1,0.9955348952078339,0.9980620710459632,-0.0025320828347688007,0.0005752772994619021,
2024-01-11,BASELINE_MLP,1,2023-12-28,2023-12-29,2024-01-30,0,0.0007359607624398716,0.0,0.0007359607624398716,0.554341006869836,0.4456589931301639,0.0,1.0,0.04258273819655171,0.1,0.9962675698283466,0.9980620710459632,-0.0017979855859425742,0.0007356900761194778,
2024-01-12,BASELINE_MLP,1,2023-12-28,2023-12-29,2024-01-30,0,0.0007608065533817733,0.0,0.0007608065533817733,0.5539333336712465,0.44606666632875347,0.0,1.0,0.04258273819655171,0.1,0.9970255367243938,0.9980620710459632,-0.0010385469517774082,0.0007605172867839229,
2024-01-16,BASELINE_MLP,1,2023-12-28,2023-12-29,2024-01-30,0,-0.004260373306007986,0.0,-0.004260373306007986,0.5535122179484545,0.4464877820515456,0.0,1.0,0.04258273819655171,0.1,0.9927778357423248,0.9980620710459632,-0.005294495660075116,-0.004269474555372887,
2024-01-17,BASELINE_MLP,1,2023-12-28,2023-12-29,2024-01-30,0,-0.002399646126560196,0.0,-0.002399646126560196,0.5558804762909755,0.4441195237090244,0.0,1.0,0.04258273819655171,0.1,0.9903955202542509,0.9980620710459632,-0.0076814368706324965,-0.002402529891593998,
2024-01-18,BASELINE_MLP,1,2023-12-28,2023-12-29,2024-01-30,0,0.0022251293290815144,0.0,0.0022251293290815144,0.5572176013497055,0.44278239865029445,0.0,1.0,0.04258273819655171,0.1,0.9925992783737597,0.9980620710459632,-0.005473399732021211,0.0022226573950520764,
2024-01-19,BASELINE_MLP,1,2023-12-28,2023-12-29,2024-01-30,0,0.00331318969262043,0.0,0.00331318969262043,0.5559804728930745,0.4440195271069254,0.0,1.0,0.04258273819655171,0.1,0.9958879480717701,0.9980620710459632,-0.0021783444509765326,0.003307713172816154,
2024-01-22,BASELINE_MLP,1,2023-12-28,2023-12-29,2024-01-30,0,0.0013317350572337788,0.0,0.0013317350572337788,0.5541444870902248,0.44585551290977515,0.0,1.0,0.04258273819655171,0.1,0.9972142069652938,0.9980620710459632,-0.0008495103714148966,0.0013308490846024228,
2024-01-23,BASELINE_MLP,1,2023-12-28,2023-12-29,2024-01-30,0,0.0004801312235684349,0.0,0.0004801312235684349,0.5534074949282929,0.4465925050717071,0.0,1.0,0.04258273819655171,0.1,0.997693000642644,0.9980620710459632,-0.00036978702430046084,0.00048001599745347396,
2024-01-24,BASELINE_MLP,1,2023-12-28,2023-12-29,2024-01-30,0,0.0006129035742418878,0.0,0.0006129035742418878,0.5531419142242094,0.44685808577579067,0.0,1.0,0.04258273819655171,0.1,0.998304490248734,0.998304490248734,0.0,0.0006127158255568717,
2024-01-25,BASELINE_MLP,1,2023-12-28,2023-12-29,2024-01-30,0,0.0022630305451924355,0.0,0.0022630305451924355,0.5528030992288401,0.44719690077115987,0.0,1.0,0.04258273819655171,0.1,1.0005636838035696,1.0005636838035696,0.0,0.0022604737482480116,
2024-01-26,BASELINE_MLP,1,2023-12-28,2023-12-29,2024-01-30,0,0.00010938001367911409,0.0,0.00010938001367911409,0.5515549136119852,0.44844508638801484,0.0,1.0,0.04258273819655171,0.1,1.0006731254729908,1.0006731254729908,0.0,0.00010937403212158912,
2024-01-29,BASELINE_MLP,1,2023-12-28,2023-12-29,2024-01-30,0,0.0023619121364824047,0.0,0.0023619121364824047,0.5514945911260638,0.4485054088739361,0.0,1.0,0.04258273819655171,0.1,1.0030366274726972,1.0030366274726972,0.0,0.0023591272063237033,
2024-01-30,BASELINE_MLP,1,2023-12-28,2023-12-29,2024-01-30,0,0.00024907609617678386,0.0,0.00024907609617678386,0.5501950786922677,0.4498049213077323,0.0,1.0,0.04258273819655171,0.1,1.0032864599201905,1.0032864599201905,0.0,0.000249045081875781,0.0316000412832278
2024-01-31,BASELINE_MLP,2,2024-01-30,2024-01-31,2024-02-29,1,-0.004684738551151673,0.0005550258772648219,-0.005239764428416495,0.04354715685438648,0.9564528431456135,0.5550258772648219,1.0,0.07722119577444082,0.1,0.9980294752159888,1.0032864599201905,-0.005239764428416449,-0.005253540136095325,0.036129838269037214
2024-02-01,BASELINE_MLP,2,2024-01-30,2024-01-31,2024-02-29,0,0.008123670490725895,0.0,0.008123670490725895,0.04375212411693185,0.9562478758830683,0.0,1.0,0.07722119577444082,0.1,1.0061371378126756,1.0061371378126756,0.0,0.008090851102394379,0.045097462535768615
2024-02-02,BASELINE_MLP,2,2024-01-30,2024-01-31,2024-02-29,0,-0.0052223990586198815,0.0,-0.0052223990586198815,0.04339956038889015,0.9566004396111101,0.0,1.0,0.07722119577444082,0.1,1.0008826881713202,1.0061371378126756,-0.005222399058619764,-0.005236083448940794,0.04863628574538343
2024-02-05,BASELINE_MLP,2,2024-01-30,2024-01-31,2024-02-29,0,-0.004639763241148737,0.0,-0.004639763241148737,0.04362740008200845,0.9563725999179914,0.0,1.0,0.07722119577444082,0.1,0.9962388294660407,1.0061371378126756,-0.009837931604585792,-0.004650560352922277,0.0513057160568912
2024-02-06,BASELINE_MLP,2,2024-01-30,2024-01-31,2024-02-29,0,0.005097593449436983,0.0,0.005097593449436983,0.0438307644517431,0.956169235548257,0.0,1.0,0.07722119577444082,0.1,1.0013172499972016,1.0061371378126756,-0.00479048793085235,0.0050846447062587565,0.05406456104291039
2024-02-07,BASELINE_MLP,2,2024-01-30,2024-01-31,2024-02-29,0,0.0014360174989545508,0.0,0.0014360174989545508,0.04360846622000003,0.9563915337800001,0.0,1.0,0.07722119577444082,0.1,1.0027551590902026,1.0061371378126756,-0.0033613496563950074,0.0014349874118567106,0.05317402229016824
2024-02-08,BASELINE_MLP,2,2024-01-30,2024-01-31,2024-02-29,0,-0.0002767666837151412,0.0,-0.0002767666837151412,0.043545933497489316,0.9564540665025106,0.0,1.0,0.07722119577444082,0.1,1.002477629870243,1.0061371378126756,-0.0036371860305129955,-0.00027680499068197305,0.05287156697825729
2024-02-09,BASELINE_MLP,2,2024-01-30,2024-01-31,2024-02-29,0,0.0002881385753947469,0.0,0.0002881385753947469,0.04355798889762582,0.9564420111023743,0.0,1.0,0.07722119577444082,0.1,1.0027664823463789,1.0061371378126756,-0.0033500954687195605,0.0002880970714478323,0.05286607830263269
2024-02-12,BASELINE_MLP,2,2024-01-30,2024-01-31,2024-02-29,0,-7.718132853009934e-05,0.0,-7.718132853009934e-05,0.04354544177606753,0.9564545582239324,0.0,1.0,0.07722119577444082,0.1,1.002689087497066,1.0061371378126756,-0.003427018232430634,-7.718430716210035e-05,0.05286531273364226
2024-02-13,BASELINE_MLP,2,2024-01-30,2024-01-31,2024-02-29,0,-0.01296277610182471,0.0,-0.01296277610182471,0.0435488029305336,0.9564511970694665,0.0,1.0,0.07722119577444082,0.1,0.9896914533560985,1.0061371378126756,-0.01634537066421149,-0.013047526077268952,0.07017487158145538
2024-02-14,BASELINE_MLP,2,2024-01-30,2024-01-31,2024-02-29,0,0.0037150972028122016,0.0,0.0037150972028122016,0.04412073007595728,0.9558792699240426,0.0,1.0,0.07722119577444082,0.1,0.9933682533061089,1.0061371378126756,-0.012690998102232842,0.003708213273575208,0.07000421222448348
2024-02-15,BASELINE_MLP,2,2024-01-30,2024-01-31,2024-02-29,0,0.006857450608782185,0.0,0.006857450608782185,0.04395742397311194,0.9560425760268881,0.0,1.0,0.07722119577444082,0.1,1.0001802270394877,1.0061371378126756,-0.005920575386112903,0.006834045234232796,0.07320215074510546
2024-02-16,BASELINE_MLP,2,2024-01-30,2024-01-31,2024-02-29,0,-0.0004553997991751465,0.0,-0.0004553997991751465,0.04365804111250674,0.9563419588874933,0.0,1.0,0.07722119577444082,0.1,0.9997247451649549,1.0061371378126756,-0.006373278956446349,-0.0004555035251560802,0.07298091668597574
2024-02-20,BASELINE_MLP,2,2024-01-30,2024-01-31,2024-02-29,0,0.0008356217825158987,0.0,0.0008356217825158987,0.0436779320339834,0.9563220679660167,0.0,1.0,0.07722119577444082,0.1,1.0005601369385348,1.0061371378126756,-0.005542982824652487,0.0008352728450071831,0.0722129026869777
2024-02-21,BASELINE_MLP,2,2024-01-30,2024-01-31,2024-02-29,0,-8.506508810643336e-05,0.0,-8.506508810643336e-05,0.043641464275813634,0.9563585357241864,0.0,1.0,0.07722119577444082,0.1,1.0004750242023304,1.0061371378126756,-0.0056275763984365845,-8.506870634623269e-05,0.072105670070224
2024-02-22,BASELINE_MLP,2,2024-01-30,2024-01-31,2024-02-29,0,0.006005026991129465,0.0,0.006005026991129465,0.043645176956636875,0.9563548230433633,0.0,1.0,0.07722119577444082,0.1,1.006482903726616,1.006482903726616,0.0,0.005987068674137471,0.07488792158732106
2024-02-23,BASELINE_MLP,2,2024-01-30,2024-01-31,2024-02-29,0,0.002265381532717504,0.0,0.002265381532717504,0.043384650956641506,0.9566153490433587,0.0,1.0,0.07722119577444082,0.1,1.0087629715097144,1.0087629715097144,0.0,0.002262819424678342,0.07515972511285635
2024-02-26,BASELINE_MLP,2,2024-01-30,2024-01-31,2024-02-29,0,-0.0015404183398146979,0.0,-0.0015404183398146979,0.043286590314329125,0.9567134096856709,0.0,1.0,0.07722119577444082,0.1,1.007209054527875,1.0087629715097144,-0.0015404183398146643,-0.0015416060039686412,0.07518923958268411
2024-02-27,BASELINE_MLP,2,2024-01-30,2024-01-31,2024-02-29,0,0.0005190133309726389,0.0,0.0005190133309726389,0.043353372644643756,0.9566466273553563,0.0,1.0,0.07722119577444082,0.1,1.0077318094542513,1.0087629715097144,-0.0010222045064954832,0.000518878690138686,0.07518849528297039
2024-02-28,BASELINE_MLP,2,2024-01-30,2024-01-31,2024-02-29,0,-0.0007774956834647547,0.0,-0.0007774956834647547,0.043330883338548225,0.9566691166614518,0.0,1.0,0.07722119577444082,0.1,1.0069483023223105,1.0087629715097144,-0.001798905430368869,-0.0007777980899903301,0.07490903276394775
2024-02-29,BASELINE_MLP,2,2024-01-30,2024-01-31,2024-02-29,0,0.003097223999294266,0.0,0.003097223999294266,0.04336459912718479,0.9566354008728151,0.0,1.0,0.07722119577444082,0.1,1.010067046770312,1.010067046770312,0.0,0.003092437481774632,0.07558403321452065
2024-03-01,BASELINE_MLP,3,2024-02-29,2024-03-01,2024-04-01,1,0.009904316365648664,0.0011274321668672735,0.008776884198781391,0.0,1.0,1.1274321668672735,1.0,0.07620093480592668,0.1,1.01893228827282,1.01893228827282,0.0,0.008738591249399278,0.07808201181239581
2024-03-04,BASELINE_MLP,3,2024-02-29,2024-03-01,2024-04-01,0,-0.000451294142033382,0.0,-0.000451294142033382,0.0,1.0,0.0,1.0,0.07620093480592668,0.1,1.0184724500999938,1.01893228827282,-0.00045129414203348706,-0.0004513960058828907,0.07377831963335427
2024-03-05,BASELINE_MLP,3,2024-02-29,2024-03-01,2024-04-01,0,-0.007270152756291849,0.0,-0.007270152756291849,0.0,1.0,0.0,1.0,0.07620093480592668,0.1,1.011067999809692,1.01893228827282,-0.007718165920974629,-0.007296709107612667,0.07613293945384889
2024-03-06,BASELINE_MLP,3,2024-02-29,2024-03-01,2024-04-01,0,0.008028080885698445,0.0,0.008028080885698445,0.0,1.0,0.0,1.0,0.07620093480592668,0.1,1.0191849354931057,1.0191849354931057,0.0,0.007996027282675634,0.07797242070182886
2024-03-07,BASELINE_MLP,3,2024-02-29,2024-03-01,2024-04-01,0,0.007329636409765058,0.0,0.007329636409765058,0.0,1.0,0.0,1.0,0.07620093480592668,0.1,1.02665519050458,1.02665519050458,0.0,0.0073029051655432,0.07976442382839449
2024-03-08,BASELINE_MLP,3,2024-02-29,2024-03-01,2024-04-01,0,-0.0038908907759921773,0.0,-0.0038908907759921773,0.0,0.9999999999999999,0.0,1.0,0.07620093480592668,0.1,1.0226605872937213,1.02665519050458,-0.0038908907759920286,-0.003898479983756089,0.08167487402550942
2024-03-11,BASELINE_MLP,3,2024-02-29,2024-03-01,2024-04-01,0,0.00042213757207839654,0.0,0.00042213757207839654,0.0,1.0,0.0,1.0,0.07620093480592668,0.1,1.0230922907511018,1.02665519050458,-0.0034703956950991044,0.0004220484970805703,0.08157994071727308
2024-03-12,BASELINE_MLP,3,2024-02-29,2024-03-01,2024-04-01,0,0.0054512045268439386,0.0,0.0054512045268439386,0.0,1.0,0.0,1.0,0.07620093480592668,0.1,1.0286693760778234,1.0286693760778234,0.0,0.005436400486977902,0.08297572357851436
2024-03-13,BASELINE_MLP,3,2024-02-29,2024-03-01,2024-04-01,0,0.0008790558767960374,0.0,0.0008790558767960374,0.0,1.0,0.0,1.0,0.07620093480592668,0.1,1.0295736339381445,1.0295736339381445,0.0,0.0008786697334565844,0.08285422338460971
2024-03-14,BASELINE_MLP,3,2024-02-29,2024-03-01,2024-04-01,0,-0.0026791992967248705,0.0,-0.0026791992967248705,0.0,1.0000000000000002,0.0,1.0,0.07620093480592668,0.1,1.026815200982171,1.0295736339381445,-0.002679199296724888,-0.002682794774597719,0.06646023396615373
2024-03-15,BASELINE_MLP,3,2024-02-29,2024-03-01,2024-04-01,0,-0.0028265420248239992,0.0,-0.0028265420248239992,0.0,1.0000000000000002,0.0,1.0,0.07620093480592668,0.1,1.0239128646648668,1.0295736339381445,-0.005498168452143792,-0.0028305442381281855,0.06788180764601519
2024-03-18,BASELINE_MLP,3,2024-02-29,2024-03-01,2024-04-01,0,0.0030667938037501046,0.0,0.0030667938037501046,0.0,0.9999999999999998,0.0,1.0,0.07620093480592668,0.1,1.027052994293801,1.0295736339381445,-0.002448236397334713,0.003062100784200104,0.06531581192586927
2024-03-19,BASELINE_MLP,3,2024-02-29,2024-03-01,2024-04-01,0,0.003110589762695035,0.0,0.003110589762695035,0.0,1.0000000000000002,0.0,1.0,0.07620093480592668,0.1,1.0302477348235966,1.0302477348235966,0.0,0.003105761887461103,0.06530055744942077
2024-03-20,BASELINE_MLP,3,2024-02-29,2024-03-01,2024-04-01,0,0.004482775294665709,0.0,0.004482775294665709,0.0,0.9999999999999999,0.0,1.0,0.07620093480592668,0.1,1.0348661039166491,1.0348661039166491,0.0,0.004472757584433284,0.06609257368286782
2024-03-21,BASELINE_MLP,3,2024-02-29,2024-03-01,2024-04-01,0,0.0008379520732823627,0.0,0.0008379520732823627,0.0,1.0000000000000002,0.0,1.0,0.07620093480592668,0.1,1.0357332721139958,1.0357332721139958,0.0,0.0008376011874471307,0.06587214921274664
2024-03-22,BASELINE_MLP,3,2024-02-29,2024-03-01,2024-04-01,0,-0.002822145163399818,0.0,-0.002822145163399818,0.0,0.9999999999999998,0.0,1.0,0.07620093480592668,0.1,1.0328102824695269,1.0357332721139958,-0.0028221451633999584,-0.0028261349232838622,0.06563396925869648
2024-03-25,BASELINE_MLP,3,2024-02-29,2024-03-01,2024-04-01,0,-5.7820981605799125e-05,0.0,-5.7820981605799125e-05,0.0,1.0000000000000002,0.0,1.0,0.07620093480592668,0.1,1.032750564365182,1.0357332721139958,-0.0028798029658021473,-5.782265330319582e-05,0.06566596866625031
2024-03-26,BASELINE_MLP,3,2024-02-29,2024-03-01,2024-04-01,0,-0.0015099658540420969,0.0,-0.0015099658540420969,0.0,1.0,0.0,1.0,0.07620093480592668,0.1,1.0311911462772478,1.0357332721139958,-0.004385420415699448,-0.0015111070013559306,0.06565048102578573
2024-03-27,BASELINE_MLP,3,2024-02-29,2024-03-01,2024-04-01,0,0.006372954182613335,0.0,0.006372954182613335,0.0,0.9999999999999998,0.0,1.0,0.07620093480592668,0.1,1.0377628802059893,1.0377628802059893,0.0,0.006352732778024066,0.06804365819222276
2024-03-28,BASELINE_MLP,3,2024-02-29,2024-03-01,2024-04-01,0,0.002466581959646751,0.0,0.002466581959646751,0.0,1.0,0.0,1.0,0.07620093480592668,0.1,1.0403226074046965,1.0403226074046965,0.0,0.0024635449393793567,0.06766286784896335
2024-04-01,BASELINE_MLP,3,2024-02-29,2024-03-01,2024-04-01,0,-0.0017641544478574538,0.0,-0.0017641544478574538,0.0,1.0,0.0,1.0,0.07620093480592668,0.1,1.0384873176496368,1.0403226074046965,-0.001764154447857491,-0.0017657124008982198,0.06835919505131141
2024-04-02,BASELINE_MLP,4,2024-04-01,2024-04-02,2024-04-30,1,-0.0007271588157656527,0.0007456160907300554,-0.001472774906495708,0.7197175680605454,0.2802824319394546,0.7456160907300553,1.0,0.020224865690444627,0.1,1.0369578595874884,1.0403226074046965,-0.003234331151951153,-0.0014738605054845308,0.06336920074532222
2024-04-03,BASELINE_MLP,4,2024-04-01,2024-04-02,2024-04-30,0,0.0008568349855398369,0.0,0.0008568349855398369,0.7202412978697699,0.2797587021302301,0.0,1.0,0.020224865690444627,0.1,1.0378463613601134,1.0403226074046965,-0.0023802674544971536,0.000856468111995383,0.06319638350637981
2024-04-04,BASELINE_MLP,4,2024-04-01,2024-04-02,2024-04-30,0,-0.001589224538444307,0.0,-0.001589224538444307,0.7196246982518492,0.28037530174815073,0.0,1.0,0.020224865690444627,0.1,1.0361969904555048,1.0403226074046965,-0.003965709213494706,-0.001590488695291353,0.05662365763768695
2024-04-05,BASELINE_MLP,4,2024-04-01,2024-04-02,2024-04-30,0,0.0013117439218392915,0.0,0.0013117439218392915,0.7207701638828704,0.2792298361171296,0.0,1.0,0.020224865690444627,0.1,1.037556215559563,1.0403226074046965,-0.002659167286611974,0.001310884337402045,0.05091582844260644
2024-04-08,BASELINE_MLP,4,2024-04-01,2024-04-02,2024-04-30,0,0.00032166560766500084,0.0,0.00032166560766500084,0.7198259365857718,0.2801740634142283,0.0,1.0,0.020224865690444627,0.1,1.0378899617101276,1.0403226074046965,-0.002338357041608119,0.000321613884374862,0.045190238044577
2024-04-09,BASELINE_MLP,4,2024-04-01,2024-04-02,2024-04-30,0,0.000743599343134572,0.0,0.000743599343134572,0.7195944677940165,0.28040553220598363,0.0,1.0,0.020224865690444627,0.1,1.0386617360039012,1.0403226074046965,-0.0015964964992337682,0.0007433230101218961,0.042238269238952394
2024-04-10,BASELINE_MLP,4,2024-04-01,2024-04-02,2024-04-30,0,-0.003107725829376957,0.0,-0.003107725829376957,0.7190597754173417,0.28094022458265844,0.0,1.0,0.020224865690444627,0.1,1.0354338600989363,1.0403226074046965,-0.0046992608552035575,-0.0031125648374331597,0.04429731588838952
2024-04-11,BASELINE_MLP,4,2024-04-01,2024-04-02,2024-04-30,0,0.0009525271207089706,0.0,0.0009525271207089706,0.7213013823540485,0.2786986176459514,0.0,1.0,0.020224865690444627,0.1,1.0364201389323808,1.0403226074046965,-0.003751209907906561,0.0009520737546239479,0.04066628532612538
2024-04-12,BASELINE_MLP,4,2024-04-01,2024-04-02,2024-04-30,0,-0.002852040768129919,0.0,-0.002852040768129919,0.7206149770448242,0.2793850229551757,0.0,1.0,0.020224865690444627,0.1,1.0334642264432348,1.0403226074046965,-0.006592552072449354,-0.002856115585943343,0.042096021518858606
2024-04-15,BASELINE_MLP,4,2024-04-01,2024-04-02,2024-04-30,0,-0.0020045262431444004,0.0,-0.0020045262431444004,0.7226760786833816,0.2773239213166184,0.0,1.0,0.020224865690444627,0.1,1.0313926202799784,1.0403226074046965,-0.00858386337195527,-0.0020065379947295883,0.04157863420372961
2024-04-16,BASELINE_MLP,4,2024-04-01,2024-04-02,2024-04-30,0,-0.0011238175338523864,0.0,-0.0011238175338523864,0.7241276114839867,0.27587238851601337,0.0,1.0,0.020224865690444627,0.1,1.0302335231690218,1.0403226074046965,-0.009698034209641992,-0.0011244494902906018,0.04040928463866242
2024-04-17,BASELINE_MLP,4,2024-04-01,2024-04-02,2024-04-30,0,-0.0007882750587761981,0.0,-0.0007882750587761981,0.7249423143679049,0.27505768563209515,0.0,1.0,0.020224865690444627,0.1,1.0294214157779926,1.0403226074046965,-0.010478664549931516,-0.0007885859109290771,0.03927012351062913
2024-04-18,BASELINE_MLP,4,2024-04-01,2024-04-02,2024-04-30,0,-0.00039999775689741,0.0,-0.00039999775689741,0.7255142191316338,0.2744857808683662,0.0,1.0,0.020224865690444627,0.1,1.0290096495207792,1.0403226074046965,-0.010874470864513652,-0.00040007777733954786,0.03774835948713377
2024-04-19,BASELINE_MLP,4,2024-04-01,2024-04-02,2024-04-30,0,7.235088908370027e-06,0.0,7.235088908370027e-06,0.7258045393193074,0.2741954606806925,0.0,1.0,0.020224865690444627,0.1,1.0290170944970811,1.0403226074046965,-0.01086731445336886,7.235062735240514e-06,0.03397736279635133
2024-04-22,BASELINE_MLP,4,2024-04-01,2024-04-02,2024-04-30,0,0.0012312814727487686,0.0,0.0012312814727487686,0.7257992880969285,0.2742007119030716,0.0,1.0,0.020224865690444627,0.1,1.0302841041806772,1.0403226074046965,-0.00964941370356498,0.0012305240673719225,0.034165479328390314
2024-04-23,BASELINE_MLP,4,2024-04-01,2024-04-02,2024-04-30,0,0.0020318747268682678,0.0,0.0020318747268682678,0.724906723878346,0.27509327612165396,0.0,1.0,0.020224865690444627,0.1,1.032377512413456,1.0403226074046965,-0.007637145376530152,0.0020298132613695463,0.03369194901291906
2024-04-24,BASELINE_MLP,4,2024-04-01,2024-04-02,2024-04-30,0,-0.00033821278529889997,0.0,-0.00033821278529889997,0.7234367909463355,0.2765632090536645,0.0,1.0,0.020224865690444627,0.1,1.0320283491395028,1.0403226074046965,-0.007972775181619318,-0.00033826999214205724,0.03370992197348826
2024-04-25,BASELINE_MLP,4,2024-04-01,2024-04-02,2024-04-30,0,-0.0005398599143351846,0.0,-0.0005398599143351846,0.7236815492987932,0.27631845070120675,0.0,1.0,0.020224865690444627,0.1,1.031471198403345,1.0403226074046965,-0.00850833091422798,-0.0005400056911671439,0.033339332087496364
2024-04-26,BASELINE_MLP,4,2024-04-01,2024-04-02,2024-04-30,0,0.0012510241650433432,0.0,0.0012510241650433432,0.7240724469879967,0.2759275530120034,0.0,1.0,0.020224865690444627,0.1,1.0327615937980938,1.0403226074046965,-0.007267950876762352,0.001250242286344076,0.024672793130092286
2024-04-29,BASELINE_MLP,4,2024-04-01,2024-04-02,2024-04-30,0,0.0011095069921117258,0.0,0.0011095069921117258,0.723167746661543,0.2768322533384569,0.0,1.0,0.020224865690444627,0.1,1.0339074500075973,1.0403226074046965,-0.006166507726966697,0.0011088919441202803,0.023212409781739798
2024-04-30,BASELINE_MLP,4,2024-04-01,2024-04-02,2024-04-30,0,-0.003803209961385734,0.0,-0.003803209961385734,0.7223662762272033,0.2776337237727967,0.0,1.0,0.020224865690444627,0.1,1.0299752828945774,1.0403226074046965,-0.0099462651647384,-0.003810460553913008,0.025783586517991182
2024-05-01,BASELINE_MLP,5,2024-04-30,2024-05-01,2024-05-30,1,-0.0011022895597174484,0.0001517954535745869,-0.0012540850132920353,0.5733286217591663,0.4266713782408337,0.1517954535745869,1.0,0.034240955284587093,0.1,1.028683606328238,1.0403226074046965,-0.011187876715949119,-0.0012548720359666892,0.025678748283779265
2024-05-02,BASELINE_MLP,5,2024-04-30,2024-05-01,2024-05-30,0,0.003544126230719861,0.0,0.003544126230719861,0.5739612933004533,0.42603870669954674,0.0,1.0,0.034240955284587093,0.1,1.0323293908805375,1.0403226074046965,-0.00768340173256421,0.0035378606150746786,0.028798036466814492
2024-05-03,BASELINE_MLP,5,2024-04-30,2024-05-01,2024-05-30,0,0.0033688212921901776,0.0,0.0033688212921901776,0.5719342859952097,0.4280657140047903,0.0,1.0,0.034240955284587093,0.1,1.0358071241130895,1.0403226074046965,-0.004340464447727288,0.0033631595258302002,0.03093428559008089
2024-05-06,BASELINE_MLP,5,2024-04-30,2024-05-01,2024-05-30,0,0.003243422095836285,0.0,0.003243422095836285,0.570014010659254,0.42998598934074583,0.0,1.0,0.034240955284587093,0.1,1.0391666838264626,1.0403226074046965,-0.0011111203101868972,0.0032381735481652693,0.03265027258178303
2024-05-07,BASELINE_MLP,5,2024-04-30,2024-05-01,2024-05-30,0,0.00023994965804641924,0.0,0.00023994965804641924,0.5681711916619998,0.4318288083380002,0.0,1.0,0.034240955284587093,0.1,1.0394160315169,1.0403226074046965,-0.0008714372650787672,0.00023992087473149326,0.03264368750553369
2024-05-08,BASELINE_MLP,5,2024-04-30,2024-05-01,2024-05-30,0,-0.0007665116550955174,0.0,-0.0007665116550955174,0.5680348918839337,0.4319651081160661,0.0,1.0,0.034240955284587093,0.1,1.0386193070142493,1.0403226074046965,-0.0016372809533539145,-0.0007668055753593525,0.03267034460913674
2024-05-09,BASELINE_MLP,5,2024-04-30,2024-05-01,2024-05-30,0,0.0024649460721248603,0.0,0.0024649460721248603,0.5684706312483653,0.4315293687516348,0.0,1.0,0.034240955284587093,0.1,1.0411794475955072,1.0411794475955072,0.0,0.002461913075648332,0.03167458043818209
2024-05-10,BASELINE_MLP,5,2024-04-30,2024-05-01,2024-05-30,0,-0.00015776888566774595,0.0,-0.00015776888566774595,0.5670728273100786,0.43292717268992154,0.0,1.0,0.034240955284587093,0.1,1.0410151818742799,1.0411794475955072,-0.00015776888566776393,-0.00015778133248755286,0.03160383338877931
2024-05-13,BASELINE_MLP,5,2024-04-30,2024-05-01,2024-05-30,0,0.00030370208627263757,0.0,0.00030370208627263757,0.5671623078753847,0.4328376921246152,0.0,1.0,0.034240955284587093,0.1,1.0413313403568565,1.0413313403568565,0.0,0.0003036559781292244,0.02957053726365286
2024-05-14,BASELINE_MLP,5,2024-04-30,2024-05-01,2024-05-30,0,0.0018488741622504678,0.0,0.0018488741622504678,0.5669901117955366,0.4330098882044637,0.0,1.0,0.034240955284587093,0.1,1.043256630966384,1.043256630966384,0.0,0.00184716709819044,0.02868270970418561
2024-05-15,BASELINE_MLP,5,2024-04-30,2024-05-01,2024-05-30,0,0.004427500907497272,0.0,0.004427500907497272,0.5659437530133031,0.43405624698669687,0.0,1.0,0.034240955284587093,0.1,1.0478756506467402,1.0478756506467402,0.0,0.004417728360045143,0.0309544517321941
2024-05-16,BASELINE_MLP,5,2024-04-30,2024-05-01,2024-05-30,0,-0.0008581227632156215,0.0,-0.0008581227632156215,0.5634490816927799,0.4365509183072202,0.0,1.0,0.034240955284587093,0.1,1.0469764446979009,1.0478756506467402,-0.0008581227632156185,-0.0008584911613229417,0.03100081042356856
2024-05-17,BASELINE_MLP,5,2024-04-30,2024-05-01,2024-05-30,0,0.0015858255639409843,0.0,0.0015858255639409843,0.5639330054416779,0.43606699455832204,0.0,1.0,0.034240955284587093,0.1,1.0486367667087468,1.0486367667087468,0.0,0.001584569470369546,0.030790188154614272
2024-05-20,BASELINE_MLP,5,2024-04-30,2024-05-01,2024-05-30,0,0.0002803168697425561,0.0,0.0002803168697425561,0.56304012202265,0.43695987797735003,0.0,1.0,0.034240955284587093,0.1,1.0489307172846876,1.0489307172846876,0.0,0.00028027758830948576,0.030704875857867343
2024-05-21,BASELINE_MLP,5,2024-04-30,2024-05-01,2024-05-30,0,-0.00011432114421761782,0.0,-0.00011432114421761782,0.5628823366080187,0.43711766339198144,0.0,1.0,0.034240955284587093,0.1,1.0488108023248826,1.0489307172846876,-0.00011432114421761064,-0.0001143276793777015,0.03088239951447144
2024-05-22,BASELINE_MLP,5,2024-04-30,2024-05-01,2024-05-30,0,-0.002678552315092875,0.0,-0.002678552315092875,0.5629466933181323,0.43705330668186776,0.0,1.0,0.034240955284587093,0.1,1.046001507722221,1.0489307172846876,-0.0027925672441448945,-0.002682146055126828,0.032861898755841966
2024-05-23,BASELINE_MLP,5,2024-04-30,2024-05-01,2024-05-30,0,-0.003519427008378026,0.0,-0.003519427008378026,0.5644586252756385,0.4355413747243615,0.0,1.0,0.034240955284587093,0.1,1.042320181765139,1.0489307172846876,-0.006302166015941246,-0.003525634761046398,0.035764947334164944
2024-05-24,BASELINE_MLP,5,2024-04-30,2024-05-01,2024-05-30,0,0.0021450053457228056,0.0,0.0021450053457228056,0.5664522124912357,0.43354778750876444,0.0,1.0,0.034240955284587093,0.1,1.0445559641269802,1.0489307172846876,-0.0041706788500122105,0.002142708106230342,0.03601448800661231
2024-05-28,BASELINE_MLP,5,2024-04-30,2024-05-01,2024-05-30,0,0.00023611438528345493,0.0,0.00023611438528345493,0.5652397701626216,0.43476022983737816,0.0,1.0,0.034240955284587093,0.1,1.044802598816344,1.0489307172846876,-0.0039355492220017885,0.00023608651466900171,0.035955172406575836
2024-05-29,BASELINE_MLP,5,2024-04-30,2024-05-01,2024-05-30,0,-0.004297704982560379,0.0,-0.004297704982560379,0.565106340426432,0.43489365957356785,0.0,1.0,0.034240955284587093,0.1,1.040312345481619,1.0489307172846876,-0.008216340375061693,-0.004306966662122035,0.03960739405998493
2024-05-30,BASELINE_MLP,5,2024-04-30,2024-05-01,2024-05-30,0,-0.0003943106646420213,0.0,-0.0003943106646420213,0.5675454834786078,0.43245451652139233,0.0,1.0,0.034240955284587093,0.1,1.039902139229237,1.0489307172846876,-0.008607411249069385,-0.00039438842553411773,0.03681630859389951
2024-05-31,BASELINE_MLP,6,2024-05-30,2024-05-31,2024-07-01,1,0.004551878347434852,0.0005934658919294934,0.003958412455505359,0.0,1.0,0.5934658919294934,1.0,0.06653940972428202,0.1,1.0440185008096687,1.0489307172846876,-0.004683070477461859,0.003950598554562265,0.03815856911549949
2024-06-03,BASELINE_MLP,6,2024-05-30,2024-05-31,2024-07-01,0,0.002681845730349995,0.0,0.002681845730349995,0.0,1.0,0.0,1.0,0.06653940972428202,0.1,1.0468183973684715,1.0489307172846876,-0.0020137840196768897,0.0026782559987279376,0.037464248861270255
2024-06-04,BASELINE_MLP,6,2024-05-30,2024-05-31,2024-07-01,0,-0.0005700284615686828,0.0,-0.0005700284615686828,0.0,1.0,0.0,1.0,0.06653940972428202,0.1,1.0462216810878777,1.0489307172846876,-0.002582664567038928,-0.0005701909895588369,0.036354548185651286
2024-06-05,BASELINE_MLP,6,2024-05-30,2024-05-31,2024-07-01,0,0.0068611236355014356,0.0,0.0068611236355014356,0.0,0.9999999999999999,0.0,1.0,0.06653940972428202,0.1,1.0533999373919638,1.0533999373919638,0.0,0.006837693238245107,0.04156496939401149
2024-06-06,BASELINE_MLP,6,2024-05-30,2024-05-31,2024-07-01,0,0.0008725954598633965,0.0,0.0008725954598633965,0.0,1.0,0.0,1.0,0.06653940972428202,0.1,1.0543191293947525,1.0543191293947525,0.0,0.0008722149697716394,0.04154449577973856
2024-06-07,BASELINE_MLP,6,2024-05-30,2024-05-31,2024-07-01,0,-0.007759412691780207,0.0,-0.007759412691780207,0.0,0.9999999999999998,0.0,1.0,0.06653940972428202,0.1,1.0461382321609403,1.0543191293947525,-0.007759412691780154,-0.007789673573863655,0.05072941778992078
2024-06-10,BASELINE_MLP,6,2024-05-30,2024-05-31,2024-07-01,0,0.0015845170711640104,0.0,0.0015845170711640104,0.0,1.0,0.0,1.0,0.06653940972428202,0.1,1.0477958560485965,1.0543191293947525,-0.006187190542488619,0.0015832630484950557,0.05035704552550632
2024-06-11,BASELINE_MLP,6,2024-05-30,2024-05-31,2024-07-01,0,0.0020817973091537038,0.0,0.0020817973091537038,0.0,1.0,0.0,1.0,0.06653940972428202,0.1,1.049977154642261,1.0543191293947525,-0.004118273709957321,0.0020796333718676144,0.05069517103001314
2024-06-12,BASELINE_MLP,6,2024-05-30,2024-05-31,2024-07-01,0,0.006079641939604806,0.0,0.006079641939604806,0.0,0.9999999999999999,0.0,1.0,0.06653940972428202,0.1,1.056360639787251,1.056360639787251,0.0,0.006061235481987754,0.05433810618275916
2024-06-13,BASELINE_MLP,6,2024-05-30,2024-05-31,2024-07-01,0,0.0012423017020951406,0.0,0.0012423017020951406,0.0,1.0,0.0,1.0,0.06653940972428202,0.1,1.0576729584080848,1.0576729584080848,0.0,0.0012415306838277672,0.054214887600158655
2024-06-14,BASELINE_MLP,6,2024-05-30,2024-05-31,2024-07-01,0,-0.0002477626298849824,0.0,-0.0002477626298849824,0.0,1.0,0.0,1.0,0.06653940972428202,0.1,1.0574109065743513,1.0576729584080848,-0.00024776262988501774,-0.0002477933281160538,0.05251568499243128
2024-06-17,BASELINE_MLP,6,2024-05-30,2024-05-31,2024-07-01,0,0.0009391538059585013,0.0,0.0009391538059585013,0.0,1.0000000000000002,0.0,1.0,0.06653940972428202,0.1,1.0584039780517225,1.0584039780517225,0.0,0.0009387130769428479,0.0523281945067149
2024-06-18,BASELINE_MLP,6,2024-05-30,2024-05-31,2024-07-01,0,0.004226500908318048,0.0,0.004226500908318048,0.0,1.0,0.0,1.0,0.06653940972428202,0.1,1.0628773234263256,1.0628773234263256,0.0,0.0042175943402802465,0.05377986267827024
2024-06-20,BASELINE_MLP,6,2024-05-30,2024-05-31,2024-07-01,0,-0.0008177204737479872,0.0,-0.0008177204737479872,0.0,1.0,0.0,1.0,0.06653940972428202,0.1,1.0620081868778775,1.0628773234263256,-0.0008177204737479515,-0.0008180549895072693,0.05400713099194686
2024-06-21,BASELINE_MLP,6,2024-05-30,2024-05-31,2024-07-01,0,-0.00191170124944411,0.0,-0.00191170124944411,0.0,0.9999999999999999,0.0,1.0,0.06653940972428202,0.1,1.0599779445001032,1.0628773234263256,-0.002727858485940593,-0.0019135308824573406,0.05465849158886259
2024-06-24,BASELINE_MLP,6,2024-05-30,2024-05-31,2024-07-01,0,0.0008948080815930776,0.0,0.0008948080815930776,0.0,1.0000000000000002,0.0,1.0,0.06653940972428202,0.1,1.0609264213311524,1.0628773234263256,-0.001835491314166049,0.0008944079795002373,0.05342149584170437
2024-06-25,BASELINE_MLP,6,2024-05-30,2024-05-31,2024-07-01,0,0.00039048118653835153,0.0,0.00039048118653835153,0.0,1.0,0.0,1.0,0.06653940972428202,0.1,1.0613406931389837,1.0628773234263256,-0.0014457268524540323,0.00039040496860029975,0.05121892847701316
2024-06-26,BASELINE_MLP,6,2024-05-30,2024-05-31,2024-07-01,0,-0.004206188106180604,0.0,-0.004206188106180604,0.0,0.9999999999999998,0.0,1.0,0.06653940972428202,0.1,1.056876494538897,1.0628773234263256,-0.00564583395954299,-0.004215058999208111,0.05388046194628416
2024-06-27,BASELINE_MLP,6,2024-05-30,2024-05-31,2024-07-01,0,0.002360447946504615,0.0,0.002360447946504615,0.0,0.9999999999999999,0.0,1.0,0.06653940972428202,0.1,1.0593711964901404,1.0628773234263256,-0.0032987127102144242,0.0023576664654181853,0.05422071903351696
2024-06-28,BASELINE_MLP,6,2024-05-30,2024-05-31,2024-07-01,0,-0.0032236208503391584,0.0,-0.0032236208503391584,0.0,1.0,0.0,1.0,0.06653940972428202,0.1,1.055956185412886,1.0628773234263256,-0.006511699761481693,-0.0032288279094333495,0.05309334304273833
2024-07-01,BASELINE_MLP,6,2024-05-30,2024-05-31,2024-07-01,0,-0.001080311339250115,0.0,-0.001080311339250115,0.0,1.0,0.0,1.0,0.06653940972428202,0.1,1.054815423972033,1.0628773234263256,-0.007584976437641777,-0.0010808952961530313,0.05332614174906466
2024-07-02,BASELINE_MLP,7,2024-07-01,2024-07-02,2024-07-31,1,0.0042817327629338904,0.0007219578821195094,0.003559774880814381,0.00945518030249004,0.99054481969751,0.7219578821195094,1.0,0.08226826959129026,0.1,1.0585703294221842,1.0628773234263256,-0.004052202365421809,0.003553453878668228,0.05303600974390181
2024-07-03,BASELINE_MLP,7,2024-07-01,2024-07-02,2024-07-31,0,0.00707976947637512,0.0,0.00707976947637512,0.009414868352207681,0.9905851316477922,0.0,1.0,0.08226826959129026,0.1,1.0660647633290237,1.0660647633290237,0.0,0.007054825570659165,0.05714330697737075
2024-07-05,BASELINE_MLP,7,2024-07-01,2024-07-02,2024-07-31,0,0.004045421708410398,0.0,0.004045421708410398,0.009348681839873405,0.9906513181601266,0.0,1.0,0.08226826959129026,0.1,1.0703774448651664,1.0703774448651664,0.0,0.004037260991634477,0.05790654221055587
2024-07-08,BASELINE_MLP,7,2024-07-01,2024-07-02,2024-07-31,0,-0.000827840805869105,0.0,-0.000827840805869105,0.009311014858238554,0.9906889851417615,0.0,1.0,0.08226826959129026,0.1,1.0694913427386252,1.0703774448651664,-0.0008278408058689513,-0.0008281836552985938,0.05429021599634588
2024-07-09,BASELINE_MLP,7,2024-07-01,2024-07-02,2024-07-31,0,0.000615788336778977,0.0,0.000615788336778977,0.009318729282597533,0.9906812707174023,0.0,1.0,0.08226826959129026,0.1,1.0701499230337699,1.0703774448651664,-0.0002125622438028385,0.000615598816939867,0.054288542229255506
2024-07-10,BASELINE_MLP,7,2024-07-01,2024-07-02,2024-07-31,0,0.006870913786683344,0.0,0.006870913786683344,0.00931299444923521,0.9906870055507648,0.0,1.0,0.08226826959129026,0.1,1.0775028308937606,1.0775028308937606,0.0,0.006847416628448024,0.04881749024691106
2024-07-11,BASELINE_MLP,7,2024-07-01,2024-07-02,2024-07-31,0,0.0019945541249296087,0.0,0.0019945541249296087,0.009249442328421726,0.9907505576715784,0.0,1.0,0.08226826959129026,0.1,1.079651968609743,1.079651968609743,0.0,0.001992567642843092,0.04885671798056891
2024-07-12,BASELINE_MLP,7,2024-07-01,2024-07-02,2024-07-31,0,0.00470145508306301,0.0,0.00470145508306301,0.00923103053838404,0.990768969461616,0.0,1.0,0.08226826959129026,0.1,1.0847279038455024,1.0847279038455024,0.0,0.004690437761247826,0.05011752276932016
2024-07-15,BASELINE_MLP,7,2024-07-01,2024-07-02,2024-07-31,0,-0.0007044514317300452,0.0,-0.0007044514317300452,0.009187834347886828,0.9908121656521133,0.0,1.0,0.08226826959129026,0.1,1.083963765720601,1.0847279038455024,-0.0007044514317300354,-0.0007046996742299146,0.047874997166281186
2024-07-16,BASELINE_MLP,7,2024-07-01,2024-07-02,2024-07-31,0,0.0072538344490853494,0.0,0.0072538344490853494,0.009194311293641405,0.9908056887063585,0.0,1.0,0.08226826959129026,0.1,1.0918266594259454,1.0918266594259454,0.0,0.007227651931500566,0.05219206012790551
2024-07-17,BASELINE_MLP,7,2024-07-01,2024-07-02,2024-07-31,0,-0.009336546401517806,0.0,-0.009336546401517806,0.009128097584925261,0.9908719024150746,0.0,1.0,0.08226826959129026,0.1,1.081632769157801,1.0918266594259454,-0.009336546401517709,-0.009380405157208352,0.06426652073564341
2024-07-18,BASELINE_MLP,7,2024-07-01,2024-07-02,2024-07-31,0,-0.008224861186255957,0.0,-0.008224861186255957,0.00921412569704514,0.9907858743029548,0.0,1.0,0.08226826959129026,0.1,1.0727364897769724,1.0918266594259454,-0.017484615789662095,-0.008258871974749785,0.07195644865269274
2024-07-19,BASELINE_MLP,7,2024-07-01,2024-07-02,2024-07-31,0,-0.00799141862639862,0.0,-0.00799141862639862,0.009290539091417535,0.9907094609085827,0.0,1.0,0.08226826959129026,0.1,1.0641638034113512,1.0918266594259454,-0.025336307531763858,-0.008023521156453097,0.0766317496419819
2024-07-22,BASELINE_MLP,7,2024-07-01,2024-07-02,2024-07-31,0,0.007652974556833216,0.0,0.007652974556833216,0.009365381777799978,0.9906346182221998,0.0,1.0,0.08226826959129026,0.1,1.0723078219231612,1.0918266594259454,-0.017877231091835255,0.007623839101234418,0.08087847936187241
2024-07-23,BASELINE_MLP,7,2024-07-01,2024-07-02,2024-07-31,0,-0.003130182096376253,0.0,-0.003130182096376253,0.0092942530953366,0.9907057469046635,0.0,1.0,0.08226826959129026,0.1,1.0689513031771731,1.0918266594259454,-0.02095145419951505,-0.0031350913636315615,0.0814388587152482
2024-07-24,BASELINE_MLP,7,2024-07-01,2024-07-02,2024-07-31,0,-0.014066691601887043,0.0,-0.014066691601887043,0.009323437151384553,0.9906765628486156,0.0,1.0,0.08226826959129026,0.1,1.0539146948579445,1.0918266594259454,-0.03472342815656648,-0.014166565208558524,0.09574538398470786
2024-07-25,BASELINE_MLP,7,2024-07-01,2024-07-02,2024-07-31,0,-0.0020165498341903434,0.0,-0.0020165498341903434,0.009456458232994206,0.9905435417670059,0.0,1.0,0.08226826959129026,0.1,1.051789423354778,1.0918266594259454,-0.03666995646746518,-0.00201858580836327,0.09588507931811163
2024-07-26,BASELINE_MLP,7,2024-07-01,2024-07-02,2024-07-31,0,0.008912443126805676,0.0,0.008912443126805676,0.009475566184412242,0.9905244338155876,0.0,1.0,0.08226826959129026,0.1,1.0611634367718032,1.0918266594259454,-0.028084332242138244,0.008872961716043843,0.10000639818768213
2024-07-29,BASELINE_MLP,7,2024-07-01,2024-07-02,2024-07-31,0,-0.002007363833109269,0.0,-0.002007363833109269,0.009391861750704273,0.9906081382492958,0.0,1.0,0.08226826959129026,0.1,1.0590332956678097,1.0918266594259454,-0.03003532060242753,-0.0020093812881848572,0.09995942295597363
2024-07-30,BASELINE_MLP,7,2024-07-01,2024-07-02,2024-07-31,0,-0.0016195691611837816,0.0,-0.0016195691611837816,0.00941075255502557,0.9905892474449743,0.0,1.0,0.08226826959129026,0.1,1.0573181180014792,1.0918266594259454,-0.031606245484617324,-0.001620882081085587,0.09946202692196479
2024-07-31,BASELINE_MLP,7,2024-07-01,2024-07-02,2024-07-31,0,0.014556193465061849,0.0,0.014556193465061849,0.009426018644134353,0.9905739813558654,0.0,1.0,0.08226826959129026,0.1,1.0727086450812238,1.0918266594259454,-0.017510118643533912,0.014451269055376258,0.11108813918077111
2024-08-01,BASELINE_MLP,8,2024-07-31,2024-08-01,2024-08-29,1,-0.014791831999290291,0.0005289213927919133,-0.015320753392082205,0.0,1.0,0.5289213927919133,1.0,0.07950766115751477,0.1,1.0562739404683796,1.0918266594259454,-0.032562603826012504,-0.01543932880310697,0.12390283316253933
2024-08-02,BASELINE_MLP,8,2024-07-31,2024-08-01,2024-08-29,0,-0.013718459732067341,0.0,-0.013718459732067341,0.0,1.0,0.0,1.0,0.07950766115751477,0.1,1.0417834889500321,1.0918266594259454,-0.04583435478872133,-0.013813427340567995,0.12966628382962667
2024-08-05,BASELINE_MLP,8,2024-07-31,2024-08-01,2024-08-29,0,-0.018986560080792973,0.0,-0.018986560080792973,0.0,1.0,0.0,1.0,0.07950766115751477,0.1,1.0220036041459042,1.0918266594259454,-0.06395067813855393,-0.019169119287168544,0.14238390524693686
2024-08-06,BASELINE_MLP,8,2024-07-31,2024-08-01,2024-08-29,0,0.003750379204241179,0.0,0.003750379204241179,0.0,1.0000000000000002,0.0,1.0,0.07950766115751477,0.1,1.0258365052095526,1.0918266594259454,-0.06044013822770067,0.003743364066300927,0.1438132696374946
2024-08-07,BASELINE_MLP,8,2024-07-31,2024-08-01,2024-08-29,0,-0.001338954643813116,0.0,-0.001338954643813116,0.0,0.9999999999999998,0.0,1.0,0.07950766115751477,0.1,1.0244629566571093,1.0918266594259454,-0.061698166267761034,-0.0013398518445456936,0.1435270543670081
2024-08-08,BASELINE_MLP,8,2024-07-31,2024-08-01,2024-08-29,0,0.016207471755479885,0.0,0.016207471755479885,0.0,1.0,0.0,1.0,0.07950766115751477,0.1,1.0410669110916648,1.0918266594259454,-0.04649066579943073,0.016077532793132576,0.1539425609244113
2024-08-09,BASELINE_MLP,8,2024-07-31,2024-08-01,2024-08-29,0,0.004032401762338242,0.0,0.004032401762338242,0.0,0.9999999999999999,0.0,1.0,0.07950766115751477,0.1,1.045264911138663,1.0918266594259454,-0.04264573307979436,0.004024293420437625,0.1547053177064903
2024-08-12,BASELINE_MLP,8,2024-07-31,2024-08-01,2024-08-29,0,0.002493292924579204,0.0,0.002493292924579204,0.0,1.0,0.0,1.0,0.07950766115751477,0.1,1.0478710627459158,1.0918266594259454,-0.040258768459766614,0.0024901898266597817,0.1537735318145887
2024-08-13,BASELINE_MLP,8,2024-07-31,2024-08-01,2024-08-29,0,0.010469559604659152,0.0,0.010469559604659152,0.0,1.0,0.0,1.0,0.07950766115751477,0.1,1.0588418112953317,1.0918266594259454,-0.030210700431107074,0.010415133315428112,0.15935467792977018
2024-08-14,BASELINE_MLP,8,2024-07-31,2024-08-01,2024-08-29,0,0.001956780276484228,0.0,0.001956780276484228,0.0,1.0000000000000002,0.0,1.0,0.07950766115751477,0.1,1.0609137320675912,1.0918266594259454,-0.028313035857365332,0.001954868275796199,0.15690380409670962
2024-08-15,BASELINE_MLP,8,2024-07-31,2024-08-01,2024-08-29,0,0.010620361306292085,0.0,0.010620361306292085,0.0,1.0,0.0,1.0,0.07950766115751477,0.1,1.0721810192169559,1.0918266594259454,-0.017993369221556366,0.010564361412953645,0.15926416661820972
2024-08-16,BASELINE_MLP,8,2024-07-31,2024-08-01,2024-08-29,0,0.0036314085303752364,0.0,0.0036314085303752364,0.0,0.9999999999999998,0.0,1.0,0.07950766115751477,0.1,1.0760745465162467,1.0918266594259454,-0.014427301965662553,0.003624830885685096,0.1571993194374796
2024-08-19,BASELINE_MLP,8,2024-07-31,2024-08-01,2024-08-29,0,0.0066437680760648085,0.0,0.0066437680760648085,0.0,1.0000000000000002,0.0,1.0,0.07950766115751477,0.1,1.0832237362358572,1.0918266594259454,-0.007879385537820971,0.006621795515646436,0.1557872631861935
2024-08-20,BASELINE_MLP,8,2024-07-31,2024-08-01,2024-08-29,0,-0.0028789509493664786,0.0,-0.0028789509493664786,0.0,0.9999999999999999,0.0,1.0,0.07950766115751477,0.1,1.0801051882320447,1.0918266594259454,-0.01073565212271288,-0.002883103099790703,0.15427133727430464
2024-08-21,BASELINE_MLP,8,2024-07-31,2024-08-01,2024-08-29,0,0.0028703205646664685,0.0,0.0028703205646664685,0.0,1.0000000000000002,0.0,1.0,0.07950766115751477,0.1,1.08320543636583,1.0918266594259454,-0.007896146321109354,0.0028662090602725784,0.1539659930771556
2024-08-22,BASELINE_MLP,8,2024-07-31,2024-08-01,2024-08-29,0,-0.006403737418760672,0.0,-0.006403737418760672,0.0,1.0000000000000002,0.0,1.0,0.07950766115751477,0.1,1.0762688731807692,1.0918266594259454,-0.014249318892209484,-0.006424329302308628,0.14675764228490698
2024-08-23,BASELINE_MLP,8,2024-07-31,2024-08-01,2024-08-29,0,0.012788221089305796,0.0,0.012788221089305796,0.0,1.0,0.0,1.0,0.07950766115751477,0.1,1.090032437482543,1.0918266594259454,-0.001643321243269269,0.012707142294041107,0.1517234532643541
2024-08-26,BASELINE_MLP,8,2024-07-31,2024-08-01,2024-08-29,0,-0.0020699769109266625,0.0,-0.0020699769109266625,0.0,1.0000000000000002,0.0,1.0,0.07950766115751477,0.1,1.087776095504793,1.0918266594259454,-0.0037098965171651344,-0.0020721222742121153,0.14993104084335399
2024-08-27,BASELINE_MLP,8,2024-07-31,2024-08-01,2024-08-29,0,0.0011708216825146679,0.0,0.0011708216825146679,0.0,1.0000000000000002,0.0,1.0,0.07950766115751477,0.1,1.089049687343131,1.0918266594259454,-0.002543418461932845,0.0011701368053357863,0.14948285446307763
2024-08-28,BASELINE_MLP,8,2024-07-31,2024-08-01,2024-08-29,0,-0.005129018700528736,0.0,-0.005129018700528736,0.0,1.0,0.0,1.0,0.07950766115751477,0.1,1.083463931130943,1.0918266594259454,-0.007659391921607028,-0.00514221726674842,0.15085044201662812
2024-08-29,BASELINE_MLP,8,2024-07-31,2024-08-01,2024-08-29,0,0.002139859128581963,0.0,0.002139859128581963,0.0,1.0,0.0,1.0,0.07950766115751477,0.1,1.0857823913144629,1.0918266594259454,-0.005535922812747951,0.00213757289094027,0.14301059876608943
2024-08-30,BASELINE_MLP,9,2024-08-29,2024-08-30,2024-09-30,1,0.0006703239189588942,0.0006203553345704881,4.996858438840611e-05,0.5111186298801378,0.48888137011986216,0.6203553345704881,1.0,0.045219312334590006,0.1,1.0858366463235107,1.0918266594259454,-0.005486230850585749,4.9967336000279836e-05,0.13068837020310184
2024-09-03,BASELINE_MLP,9,2024-08-29,2024-08-30,2024-09-30,0,-0.006371725325666143,0.0,-0.006371725325666143,0.5107762443463165,0.4892237556536836,0.0,1.0,0.045219312334590006,0.1,1.078917993464595,1.0918266594259454,-0.01182299942019871,-0.006392111409969691,0.1221113859174119
2024-09-04,BASELINE_MLP,9,2024-08-29,2024-08-30,2024-09-30,0,-0.00021680257443767602,0.0,-0.00021680257443767602,0.5140516402008847,0.48594835979911544,0.0,1.0,0.045219312334590006,0.1,1.0786840812660046,1.0918266594259454,-0.012037238737924616,-0.00021682607951318606,0.09627969723518667
2024-09-05,BASELINE_MLP,9,2024-08-29,2024-08-30,2024-09-30,0,-0.0001752070602132532,0.0,-0.0001752070602132532,0.5141631120872661,0.4858368879127339,0.0,1.0,0.045219312334590006,0.1,1.0784950881992272,1.0918266594259454,-0.012210336788925358,-0.00017522241076327016,0.09663440529917215
2024-09-06,BASELINE_MLP,9,2024-08-29,2024-08-30,2024-09-30,0,-0.00564792571832832,0.0,-0.00564792571832832,0.5142532128809001,0.4857467871190998,0.0,1.0,0.045219312334590006,0.1,1.072403828053496,1.0918266594259454,-0.01778929943207419,-0.005663935560847013,0.09984151180456578
2024-09-09,BASELINE_MLP,9,2024-08-29,2024-08-30,2024-09-30,0,0.003370674969097001,0.0,0.003370674969097001,0.5171741742002207,0.48282582579977923,0.0,1.0,0.045219312334590006,0.1,1.0760185527934796,1.0918266594259454,-0.014478586409290783,0.003365006977290918,0.08634103820995291
2024-09-10,BASELINE_MLP,9,2024-08-29,2024-08-30,2024-09-30,0,-0.0003526890024570438,0.0,-0.0003526890024570438,0.5154368042659302,0.4845631957340698,0.0,1.0,0.045219312334590006,0.1,1.0756390528834696,1.0918266594259454,-0.014826168973550047,-0.00035275121185074685,0.08610595826787505
2024-09-11,BASELINE_MLP,9,2024-08-29,2024-08-30,2024-09-30,0,0.002233861445112465,0.0,0.002233861445112465,0.5156186572958201,0.4843813427041799,0.0,1.0,0.045219312334590006,0.1,1.0780418814925634,1.0918266594259454,-0.012625427135686151,0.0022313700861784067,0.08606796608627985
2024-09-12,BASELINE_MLP,9,2024-08-29,2024-08-30,2024-09-30,0,0.003473704559358418,0.0,0.003473704559358418,0.5144694039296915,0.48553059607030835,0.0,1.0,0.045219312334590006,0.1,1.0817866804914835,1.0918266594259454,-0.00919557958013284,0.0034676851833371127,0.08000070612437796
2024-09-13,BASELINE_MLP,9,2024-08-29,2024-08-30,2024-09-30,0,0.0024592538502679956,0.0,0.0024592538502679956,0.51268847563435,0.4873115243656499,0.0,1.0,0.045219312334590006,0.1,1.0844470685506507,1.0918266594259454,-0.006758939994352842,0.002456234834189527,0.08009325757625955
2024-09-16,BASELINE_MLP,9,2024-08-29,2024-08-30,2024-09-30,0,0.002205007828120679,0.0,0.002205007828120679,0.5114307376237035,0.48856926237629644,0.0,1.0,0.045219312334590006,0.1,1.0868382828259873,1.0918266594259454,-0.004568835681829642,0.002202580366086578,0.07244321295220875
2024-09-17,BASELINE_MLP,9,2024-08-29,2024-08-30,2024-09-30,0,5.594458602769972e-05,0.0,5.594458602769972e-05,0.5103055099794657,0.4896944900205343,0.0,1.0,0.045219312334590006,0.1,1.086899085543799,1.0918266594259454,-0.004513146697422754,5.594302118770943e-05,0.07164502490974667
2024-09-18,BASELINE_MLP,9,2024-08-29,2024-08-30,2024-09-30,0,-0.0019284155656862122,0.0,-0.0019284155656862122,0.5102769627460253,0.48972303725397454,0.0,1.0,0.045219312334590006,0.1,1.0848030924289063,1.0918266594259454,-0.0064328590407674024,-0.0019302773529012063,0.06845658872457476
2024-09-19,BASELINE_MLP,9,2024-08-29,2024-08-30,2024-09-30,0,0.006337624063292775,0.0,0.006337624063292775,0.5112628900613775,0.4887371099386225,0.0,1.0,0.045219312334590006,0.1,1.0916781666114181,1.0918266594259454,-0.00013600401972713172,0.00631762577386157,0.07083493395856624
2024-09-20,BASELINE_MLP,9,2024-08-29,2024-08-30,2024-09-30,0,-0.0007516977327503454,0.0,-0.0007516977327503454,0.508043103861157,0.4919568961388429,0.0,1.0,0.045219312334590006,0.1,1.0908575546086834,1.0918266594259454,-0.0008875995185642083,-0.0007519803991530627,0.07042457624941499
2024-09-23,BASELINE_MLP,9,2024-08-29,2024-08-30,2024-09-30,0,0.0006052542180702948,0.0,0.0006052542180702948,0.5084252859959132,0.4915747140040868,0.0,1.0,0.045219312334590006,0.1,1.0915178007449242,1.0918266594259454,-0.0002828825238463395,0.0006050711256106461,0.0659937805925638
2024-09-24,BASELINE_MLP,9,2024-08-29,2024-08-30,2024-09-30,0,0.0030330341010305524,0.0,0.0030330341010305524,0.5081177455871202,0.49188225441287986,0.0,1.0,0.045219312334590006,0.1,1.0948284114564655,1.0948284114564655,0.0,0.003028443732588671,0.05043208420425882
2024-09-25,BASELINE_MLP,9,2024-08-29,2024-08-30,2024-09-30,0,-0.002985233185873869,0.0,-0.002985233185873869,0.5065812673283699,0.49341873267163006,0.0,1.0,0.045219312334590006,0.1,1.091560093349748,1.0948284114564655,-0.002985233185873959,-0.0029896978821144305,0.05105140494045066
2024-09-26,BASELINE_MLP,9,2024-08-29,2024-08-30,2024-09-30,0,0.0030022812592800773,0.0,0.0030022812592800773,0.508098058514325,0.491901941485675,0.0,1.0,0.045219312334590006,0.1,1.09483726376139,1.09483726376139,0.0,0.002997783413184114,0.05189032686179853
2024-09-27,BASELINE_MLP,9,2024-08-29,2024-08-30,2024-09-30,0,0.00032742345342780114,0.0,0.00032742345342780114,0.5065771713663526,0.4934228286336473,0.0,1.0,0.045219312334590006,0.1,1.0951957391592322,1.0951957391592322,0.0,0.00032736986206660044,0.0480421066576984
2024-09-30,BASELINE_MLP,9,2024-08-29,2024-08-30,2024-09-30,0,-0.0007023894805821299,0.0,-0.0007023894805821299,0.5064113604098722,0.49358863959012783,0.0,1.0,0.045219312334590006,0.1,1.0944264851928684,1.0951957391592322,-0.0007023894805820996,-0.0007026362716424092,0.047838883195301114
2024-10-01,BASELINE_MLP,10,2024-09-30,2024-10-01,2024-10-30,1,9.725502073295949e-06,0.0002936772452565144,-0.0002839517431832185,0.21723625630656995,0.78276374369343,0.2936772452565144,1.0,0.06931063571806197,0.1,1.0941157208846122,1.0951957391592322,-0.0009861417790477667,-0.0002839920651126156,0.047881670737833594
2024-10-02,BASELINE_MLP,10,2024-09-30,2024-10-01,2024-10-30,0,0.0013726780144418455,0.0,0.0013726780144418455,0.21723414359545598,0.7827658564045439,0.0,1.0,0.06931063571806197,0.1,1.0956175894799256,1.0956175894799256,0.0,0.001371736753243422,0.041165596471049976
2024-10-03,BASELINE_MLP,10,2024-09-30,2024-10-01,2024-10-30,0,-0.0025086257505143018,0.0,-0.0025086257505143018,0.2169363598237928,0.7830636401762071,0.0,1.0,0.06931063571806197,0.1,1.09286909498224,1.0956175894799256,-0.0025086257505142484,-0.002511777624443884,0.04257519085577332
2024-10-04,BASELINE_MLP,10,2024-09-30,2024-10-01,2024-10-30,0,0.0021809544174971997,0.0,0.0021809544174971997,0.21748194062030474,0.7825180593796953,0.0,1.0,0.06931063571806197,0.1,1.0952525926626875,1.0956175894799256,-0.0003331425314295755,0.002178579588713656,0.04279995678649558
2024-10-07,BASELINE_MLP,10,2024-09-30,2024-10-01,2024-10-30,0,-0.002611056124118681,0.0,-0.002611056124118681,0.2170086546363405,0.7829913453636597,0.0,1.0,0.06931063571806197,0.1,1.0923928266731586,1.0956175894799256,-0.0029433288017014503,-0.002614470876528955,0.0381018643025518
2024-10-08,BASELINE_MLP,10,2024-09-30,2024-10-01,2024-10-30,0,-0.0010752660696715652,0.0,-0.0010752660696715652,0.21757675976739704,0.782423240232603,0.0,1.0,0.06931063571806197,0.1,1.0912182137318844,1.0956175894799256,-0.004015430009780552,-0.0010758445829728556,0.03755323506223142
2024-10-09,BASELINE_MLP,10,2024-09-30,2024-10-01,2024-10-30,0,0.0008293663877695454,0.0,0.0008293663877695454,0.217810964507134,0.782189035492866,0.0,1.0,0.06931063571806197,0.1,1.0921232334400757,1.0956175894799256,-0.0031893938846935255,0.0008290226535082634,0.037371209169119804
2024-10-10,BASELINE_MLP,10,2024-09-30,2024-10-01,2024-10-30,0,0.00045245426579251465,0.0,0.00045245426579251465,0.21763046911109876,0.7823695308889014,0.0,1.0,0.06931063571806197,0.1,1.0926173692558168,1.0956175894799256,-0.0027383826737694683,0.00045235193922542875,0.03697322040439865
2024-10-11,BASELINE_MLP,10,2024-09-30,2024-10-01,2024-10-30,0,0.003969563987240481,0.0,0.003969563987240481,0.21753204580902585,0.7824679541909743,0.0,1.0,0.06931063571806197,0.1,1.0969545838166481,1.0969545838166481,0.0,0.003961706056291478,0.03748541792438355
2024-10-15,BASELINE_MLP,10,2024-09-30,2024-10-01,2024-10-30,0,-0.005160727734283733,0.0,-0.005160727734283733,0.2166719526288254,0.7833280473711746,0.0,1.0,0.06931063571806197,0.1,1.0912934998726957,1.0969545838166481,-0.0051607277342838875,-0.005174090283134465,0.04194061575814163
2024-10-16,BASELINE_MLP,10,2024-09-30,2024-10-01,2024-10-30,0,0.0031327378590109115,0.0,0.0031327378590109115,0.21779593816733994,0.78220406183266,0.0,1.0,0.06931063571806197,0.1,1.0947122363350394,1.0969545838166481,-0.0020441570824262234,0.0031278410600239165,0.04258705744286773
2024-10-17,BASELINE_MLP,10,2024-09-30,2024-10-01,2024-10-30,0,-0.001618509598156906,0.0,-0.001618509598156906,0.21711577137057902,0.7828842286294212,0.0,1.0,0.06931063571806197,0.1,1.0929404340733113,1.0969545838166481,-0.003659358192725115,-0.0016198207998025212,0.043122029885374655
2024-10-18,BASELINE_MLP,10,2024-09-30,2024-10-01,2024-10-30,0,0.0021205613363783882,0.0,0.0021205613363783882,0.21746774500315616,0.7825322549968439,0.0,1.0,0.06931063571806197,0.1,1.0952580813007717,1.0969545838166481,-0.001546556749846273,0.002118316119707224,0.042805814212176344
2024-10-21,BASELINE_MLP,10,2024-09-30,2024-10-01,2024-10-30,0,-0.004878604563458694,0.0,-0.004878604563458694,0.2170075671465636,0.7829924328534363,0.0,1.0,0.06931063571806197,0.1,1.0899147502271729,1.0969545838166481,-0.006417616274487337,-0.00489054380174497,0.041041825934601456
2024-10-22,BASELINE_MLP,10,2024-09-30,2024-10-01,2024-10-30,0,0.0005377621980994783,0.0,0.0005377621980994783,0.21807145152513416,0.7819285484748658,0.0,1.0,0.06931063571806197,0.1,1.0905008651789962,1.0969545838166481,-0.0058833052278221,0.0005376176558258849,0.04101770640574928
2024-10-23,BASELINE_MLP,10,2024-09-30,2024-10-01,2024-10-30,0,-0.004808507922214312,0.0,-0.004808507922214312,0.2179542439718108,0.7820457560281893,0.0,1.0,0.06931063571806197,0.1,1.0852571831296014,1.0969545838166481,-0.010663523230239669,-0.004820105990973512,0.04416776837464077
2024-10-24,BASELINE_MLP,10,2024-09-30,2024-10-01,2024-10-30,0,0.0015155707136677496,0.0,0.0015155707136677496,0.2190073425133091,0.780992657486691,0.0,1.0,0.06931063571806197,0.1,1.0869019671331503,1.0969545838166481,-0.009164113840084087,0.0015144233954553178,0.04303838909758986
2024-10-25,BASELINE_MLP,10,2024-09-30,2024-10-01,2024-10-30,0,-0.0009669814019862578,0.0,-0.0009669814019862578,0.21867592368758396,0.7813240763124158,0.0,1.0,0.06931063571806197,0.1,1.0858509531451503,1.0969545838166481,-0.010122233714421225,-0.0009674492301138656,0.04203156871693545
2024-10-28,BASELINE_MLP,10,2024-09-30,2024-10-01,2024-10-30,0,0.0005613121341768777,0.0,0.0005613121341768777,0.218887583910351,0.7811124160896492,0.0,1.0,0.06931063571806197,0.1,1.0864604544610583,1.0969545838166481,-0.009566603312853195,0.0005611546574472012,0.040478296512564016
2024-10-29,BASELINE_MLP,10,2024-09-30,2024-10-01,2024-10-30,0,0.00016974158781352415,0.0,0.00016974158781352415,0.2187647885799904,0.7812352114200097,0.0,1.0,0.06931063571806197,0.1,1.086644871983695,1.0969545838166481,-0.009398485575476068,0.00016972718334020982,0.040447957234296984
2024-10-30,BASELINE_MLP,10,2024-09-30,2024-10-01,2024-10-30,0,-0.0011355774277044275,0.0,-0.0011355774277044275,0.21872766139944574,0.7812723386005543,0.0,1.0,0.06931063571806197,0.1,1.0854109025951395,1.0969545838166481,-0.010523390295106405,-0.0011362226842903808,0.040520269088588766
2024-10-31,BASELINE_MLP,11,2024-10-30,2024-10-31,2024-12-02,1,-0.004475142250539402,0.0002784291347951693,-0.004753571385334571,0.4510556689477083,0.5489443310522917,0.2784291347951693,1.0,0.04730496388364481,0.1,1.0802513243872331,1.0969545838166481,-0.015226937993457423,-0.0047649055385277726,0.04324840870314207
2024-11-01,BASELINE_MLP,11,2024-10-30,2024-10-31,2024-12-02,0,-0.0005169193352001179,0.0,-0.0005169193352001179,0.45308328108189094,0.5469167189181091,0.0,1.0,0.04730496388364481,0.1,1.0796929215907818,1.0969545838166481,-0.015735986229992838,-0.0005170529840587738,0.042650195867821934
2024-11-04,BASELINE_MLP,11,2024-10-30,2024-10-31,2024-12-02,0,0.002285482048327502,0.0,0.002285482048327502,0.4533176097193416,0.5466823902806585,0.0,1.0,0.04730496388364481,0.1,1.082160540380784,1.0969545838166481,-0.013486468495706672,0.002282874306772741,0.04330887526348563
2024-11-05,BASELINE_MLP,11,2024-10-30,2024-10-31,2024-12-02,0,0.0044845917393256055,0.0,0.0044845917393256055,0.4522839229327317,0.5477160770672682,0.0,1.0,0.04730496388364481,0.1,1.0870135886007999,1.0969545838166481,-0.009062358061589393,0.004474565921083947,0.045739451603624436
2024-11-06,BASELINE_MLP,11,2024-10-30,2024-10-31,2024-12-02,0,0.0028670866235871845,0.0,0.0028670866235871845,0.4502646697144202,0.5497353302855797,0.0,1.0,0.04730496388364481,0.1,1.0901301507203347,1.0969545838166481,-0.006221254003578758,0.0028629843698742274,0.04626963381369872
2024-11-07,BASELINE_MLP,11,2024-10-30,2024-10-31,2024-12-02,0,0.004668083190170617,0.0,0.004668083190170617,0.4489774125805178,0.5510225874194823,0.0,1.0,0.04730496388364481,0.1,1.0952189689520104,1.0969545838166481,-0.0015822121446440462,0.0046572214789664295,0.04892984229061515
2024-11-08,BASELINE_MLP,11,2024-10-30,2024-10-31,2024-12-02,0,-0.0005335396697136664,0.0,-0.0005335396697136664,0.4468912868764164,0.5531087131235838,0.0,1.0,0.04730496388364481,0.1,1.0946346261850517,1.0969545838166481,-0.0021149076414126444,-0.0005336820526501278,0.0489277900264358
2024-11-12,BASELINE_MLP,11,2024-10-30,2024-10-31,2024-12-02,0,-0.004979838100423423,0.0,-0.004979838100423423,0.44712984838804437,0.5528701516119556,0.0,1.0,0.04730496388364481,0.1,1.0891835229675326,1.0969545838166481,-0.0070842138441844504,-0.004992278813185612,0.051986525876129466
2024-11-13,BASELINE_MLP,11,2024-10-30,2024-10-31,2024-12-02,0,-0.0019239624487642586,0.0,-0.0019239624487642586,0.4493676264151635,0.5506323735848365,0.0,1.0,0.04730496388364481,0.1,1.0870879747695303,1.0969545838166481,-0.008994546531533532,-0.0019258156418805238,0.05008527133573739
2024-11-14,BASELINE_MLP,11,2024-10-30,2024-10-31,2024-12-02,0,-0.0015831971186171462,0.0,-0.0015831971186171462,0.45023385945391503,0.5497661405460851,0.0,1.0,0.04730496388364481,0.1,1.085366900220192,1.0969545838166481,-0.010563503509998462,-0.0015844516995161036,0.047265610051473256
2024-11-15,BASELINE_MLP,11,2024-10-30,2024-10-31,2024-12-02,0,-0.003416570722768247,0.0,-0.003416570722768247,0.4509477987094786,0.5490522012905213,0.0,1.0,0.04730496388364481,0.1,1.081658667445438,1.0969545838166481,-0.013943983275944594,-0.0034224205285039383,0.0467953288502261
2024-11-18,BASELINE_MLP,11,2024-10-30,2024-10-31,2024-12-02,0,0.0036827538999027196,0.0,0.0036827538999027196,0.45249377569575555,0.5475062243042444,0.0,1.0,0.04730496388364481,0.1,1.0856421501213362,1.0969545838166481,-0.010312581634831619,0.003675989165240616,0.04885090780229576
2024-11-19,BASELINE_MLP,11,2024-10-30,2024-10-31,2024-12-02,0,0.001128281414776237,0.0,0.001128281414776237,0.45083346698700244,0.5491665330129973,0.0,1.0,0.04730496388364481,0.1,1.0868670599824157,1.0969545838166481,-0.009195935714252368,0.0011276453836705344,0.048346041429897374
2024-11-20,BASELINE_MLP,11,2024-10-30,2024-10-31,2024-12-02,0,0.00028244018173156465,0.0,0.00028244018173156465,0.4503253732377762,0.5496746267622239,0.0,1.0,0.04730496388364481,0.1,1.0871740349123553,1.0969545838166481,-0.00891609283427508,0.0002824003030121615,0.04548263313352989
2024-11-21,BASELINE_MLP,11,2024-10-30,2024-10-31,2024-12-02,0,0.002512081831367668,0.0,0.002512081831367668,0.45019821917093833,0.5498017808290616,0.0,1.0,0.04730496388364481,0.1,1.0899051050529933,1.0969545838166481,-0.006426408957723173,0.0025089318280784078,0.046346155962132325
2024-11-22,BASELINE_MLP,11,2024-10-30,2024-10-31,2024-12-02,0,0.0021290424530978624,0.0,0.0021290424530978624,0.4490701182857825,0.5509298817142176,0.0,1.0,0.04730496388364481,0.1,1.0922255592914993,1.0969545838166481,-0.0043110486021171734,0.0021267792539430893,0.04344901859744359
2024-11-25,BASELINE_MLP,11,2024-10-30,2024-10-31,2024-12-02,0,0.0010148921172628714,0.0,0.0010148921172628714,0.4481160601697661,0.551883939830234,0.0,1.0,0.04730496388364481,0.1,1.0933340504018971,1.0969545838166481,-0.0033005317340979445,0.001014377462441344,0.04330790787130744
2024-11-26,BASELINE_MLP,11,2024-10-30,2024-10-31,2024-12-02,0,-0.0004128851260851849,0.0,-0.0004128851260851849,0.4476617318069549,0.552338268193045,0.0,1.0,0.04730496388364481,0.1,1.0928826290346438,1.0969545838166481,-0.0037120541197217527,-0.0004129703866182011,0.043148815146381914
2024-11-27,BASELINE_MLP,11,2024-10-30,2024-10-31,2024-12-02,0,0.0004045301788646797,0.0,0.0004045301788646797,0.4478466410238009,0.5521533589761992,0.0,1.0,0.04730496388364481,0.1,1.0933247330400453,1.0969545838166481,-0.003309025578774105,0.0004044483785915828,0.04314061602361807
2024-11-29,BASELINE_MLP,11,2024-10-30,2024-10-31,2024-12-02,0,0.00324035728501568,0.0,0.00324035728501568,0.4476655468000823,0.5523344531999177,0.0,1.0,0.04730496388364481,0.1,1.0968674958036395,1.0969545838166481,-7.939071889884186e-05,0.0032351186410166525,0.04431496108637207
2024-12-02,BASELINE_MLP,11,2024-10-30,2024-10-31,2024-12-02,0,-0.00028341578077826,0.0,-0.00028341578077826,0.4462196357526541,0.5537803642473458,0.0,1.0,0.04730496388364481,0.1,1.096556626245906,1.0969545838166481,-0.000362783999094507,-0.0002834559506206812,0.04402889171294374
2024-12-03,BASELINE_MLP,12,2024-12-02,2024-12-03,2025-01-02,1,0.0007462815440508949,0.0005363169877306902,0.00020996455632020473,2.220446049250313e-16,0.9999999999999998,0.5363169877306903,1.0,0.06790610540340303,0.1,1.0967868642714158,1.0969545838166481,-0.00015289561455567036,0.00020994251684770078,0.03971379150267084
2024-12-04,BASELINE_MLP,12,2024-12-02,2024-12-03,2025-01-02,0,0.0026328627860067177,0.0,0.0026328627860067177,2.218790207068657e-16,0.9999999999999999,0.0,1.0,0.06790610540340303,0.1,1.0996745535905372,1.0996745535905372,0.0,0.0026294028744327895,0.039970389282661827
2024-12-05,BASELINE_MLP,12,2024-12-02,2024-12-03,2025-01-02,0,-0.0007199036991150714,0.0,-0.0007199036991150714,2.2129637770931677e-16,0.9999999999999999,0.0,1.0,0.06790610540340303,0.1,1.0988828938115847,1.0996745535905372,-0.0007199036991151209,-0.0007201629542163429,0.03998966124236657
2024-12-06,BASELINE_MLP,12,2024-12-02,2024-12-03,2025-01-02,0,0.0002562562787822869,0.0,0.0002562562787822869,2.2145580456221158e-16,1.0,0.0,1.0,0.06790610540340303,0.1,1.0991644894527703,1.0996745535905372,-0.0004638319001758484,0.0002562234507502191,0.03761214414278105
2024-12-09,BASELINE_MLP,12,2024-12-02,2024-12-03,2025-01-02,0,0.0005397301700219523,0.0,0.0005397301700219523,2.2139906966049448e-16,0.9999999999999997,0.0,1.0,0.06790610540340303,0.1,1.0997577416895448,1.0997577416895448,0.0,0.0005395845680818873,0.03664447775635869
2024-12-10,BASELINE_MLP,12,2024-12-02,2024-12-03,2025-01-02,0,-0.001946301367124226,0.0,-0.001946301367124226,2.212796383636581e-16,0.9999999999999999,0.0,1.0,0.06790610540340303,0.1,1.097617281693389,1.0997577416895448,-0.001946301367124259,-0.0019481978728106677,0.034071510082421846
2024-12-11,BASELINE_MLP,12,2024-12-02,2024-12-03,2025-01-02,0,0.0045233453962988,0.0,0.0045233453962988,2.217111550879124e-16,0.9999999999999998,0.0,1.0,0.06790610540340303,0.1,1.1025821837714347,1.1025821837714347,0.0,0.004513145815430462,0.03722085941282349
2024-12-12,BASELINE_MLP,12,2024-12-02,2024-12-03,2025-01-02,0,-0.006998156060682788,0.0,-0.006998156060682788,2.2071279488327287e-16,0.9999999999999998,0.0,1.0,0.06790610540340303,0.1,1.0948661415796739,1.1025821837714347,-0.006998156060682659,-0.0070227580008061785,0.04132721357456513
2024-12-13,BASELINE_MLP,12,2024-12-02,2024-12-03,2025-01-02,0,-0.0031811610677489003,0.0,-0.0031811610677489003,2.2226826287420345e-16,0.9999999999999998,0.0,1.0,0.06790610540340303,0.1,1.0913831960356841,1.1025821837714347,-0.010157054866825388,-0.0031862317171756954,0.042379732595101624
2024-12-16,BASELINE_MLP,12,2024-12-02,2024-12-03,2025-01-02,0,0.0003001101874815948,0.0,0.0003001101874815948,2.2297759050409555e-16,0.9999999999999999,0.0,1.0,0.06790610540340303,0.1,1.0917107312512606,1.1025821837714347,-0.009859992914984184,0.0003000651634271727,0.04188670071268733
2024-12-17,BASELINE_MLP,12,2024-12-02,2024-12-03,2025-01-02,0,-0.0032210193658409464,0.0,-0.0032210193658409464,2.229106927343074e-16,1.0,0.0,1.0,0.06790610540340303,0.1,1.088194309844004,1.1025821837714347,-0.013049253052698884,-0.003226218015019887,0.04167330114279129
2024-12-18,BASELINE_MLP,12,2024-12-02,2024-12-03,2025-01-02,0,-0.020831552260074687,0.0,-0.020831552260074687,2.2363101255655463e-16,0.9999999999999996,0.0,1.0,0.06790610540340303,0.1,1.0655255332093725,1.1025821837714347,-0.03360896911585143,-0.0210515902310523,0.08343990180932895
2024-12-19,BASELINE_MLP,12,2024-12-02,2024-12-03,2025-01-02,0,-0.0015208827121157673,0.0,-0.0015208827121157673,2.2838870377485113e-16,0.9999999999999997,0.0,1.0,0.06790610540340303,0.1,1.0639049938465963,1.1025821837714347,-0.03507873652786697,-0.001522040428210262,0.08313664572233977
2024-12-20,BASELINE_MLP,12,2024-12-02,2024-12-03,2025-01-02,0,0.007059138993481426,0.0,0.007059138993481426,2.2873658529305174e-16,0.9999999999999997,0.0,1.0,0.06790610540340303,0.1,1.0714152470740184,1.1025821837714347,-0.028267223211251524,0.0070343399102038105,0.08763462147653348
2024-12-23,BASELINE_MLP,12,2024-12-02,2024-12-03,2025-01-02,0,0.0015359851289008376,0.0,0.0015359851289008376,2.2713322032077034e-16,0.9999999999999996,0.0,1.0,0.06790610540340303,0.1,1.0730609249604015,1.1025821837714347,-0.026774656116838713,0.0015348067102773945,0.0872499663390399
2024-12-24,BASELINE_MLP,12,2024-12-02,2024-12-03,2025-01-02,0,0.005621280390349032,0.0,0.005621280390349032,2.267848821143831e-16,0.9999999999999997,0.0,1.0,0.06790610540340303,0.1,1.0790929012955313,1.1025821837714347,-0.021303883575877536,0.005605539953790864,0.08949436418308812
2024-12-26,BASELINE_MLP,12,2024-12-02,2024-12-03,2025-01-02,0,0.00186375928220363,0.0,0.00186375928220363,2.2551718677467995e-16,0.9999999999999998,0.0,1.0,0.06790610540340303,0.1,1.081104070706681,1.1025821837714347,-0.019479829604435284,0.001862024637844565,0.08973202059558565
2024-12-27,BASELINE_MLP,12,2024-12-02,2024-12-03,2025-01-02,0,-0.005353898610186587,0.0,-0.005353898610186587,2.25097658923459e-16,0.9999999999999997,0.0,1.0,0.06790610540340303,0.1,1.0753159491250575,1.1025821837714347,-0.02472943518197601,-0.005368282086771567,0.09127527284385394
2024-12-30,BASELINE_MLP,12,2024-12-02,2024-12-03,2025-01-02,0,-0.003659853031246463,0.0,-0.003659853031246463,2.2630929594851003e-16,0.9999999999999998,0.0,1.0,0.06790610540340303,0.1,1.0713804507891045,1.1025821837714347,-0.02829878211491066,-0.0036665666790000164,0.09170277909576811
2024-12-31,BASELINE_MLP,12,2024-12-02,2024-12-03,2025-01-02,0,-0.00018721856478161032,0.0,-0.00018721856478161032,2.2714059715151416e-16,0.9999999999999998,0.0,1.0,0.06790610540340303,0.1,1.0711798684787726,1.1025821837714347,-0.02848070262231972,-0.00018723609236480322,0.09048577368762192
2025-01-02,BASELINE_MLP,12,2024-12-02,2024-12-03,2025-01-02,0,0.0019027046307408292,0.0,0.0019027046307408292,2.271831300510649e-16,0.9999999999999997,0.0,1.0,0.06790610540340303,0.1,1.0732180073748836,1.1025821837714347,-0.026632188356345066,0.0019008967811242274,0.09105737665726163
2025-01-03,BASELINE_MLP,13,2025-01-02,2025-01-03,2025-02-04,1,0.0017803353526910123,0.0006407219935579956,0.0011396133591330168,0.6365840686190091,0.36341593138099093,0.6407219935579955,1.0,0.02563179913206799,0.1,1.0744410609533501,1.1025821837714347,-0.025522925394845908,0.001138964492753268,0.09127267647783927
2025-01-06,BASELINE_MLP,13,2025-01-02,2025-01-03,2025-02-04,0,0.0008734585956345906,0.0,0.0008734585956345906,0.6354527496238889,0.3645472503761111,0.0,1.0,0.02563179913206799,0.1,1.0753795407335425,1.1025821837714347,-0.024671760017783262,0.0008730773526592644,0.09059778455112316
2025-01-07,BASELINE_MLP,13,2025-01-02,2025-01-03,2025-02-04,0,-0.0015836538204884794,0.0,-0.0015836538204884794,0.6348981923404362,0.36510180765956357,0.0,1.0,0.02563179913206799,0.1,1.0736765118153846,1.1025821837714347,-0.026216342311261465,-0.0015849091256876873,0.09060597523693358
2025-01-08,BASELINE_MLP,13,2025-01-02,2025-01-03,2025-02-04,0,0.00016413372937077082,0.0,0.00016413372937077082,0.6359052461129117,0.3640947538870883,0.0,1.0,0.02563179913206799,0.1,1.0738527383454066,1.1025821837714347,-0.026056511567924656,0.0001641202609039452,0.09058910036262645
2025-01-10,BASELINE_MLP,13,2025-01-02,2025-01-03,2025-02-04,0,-0.002807924612864233,0.0,-0.002807924612864233,0.6358008897417411,0.3641991102582589,0.0,1.0,0.02563179913206799,0.1,1.0708374408108148,1.1025821837714347,-0.028791271460632095,-0.0028118742283943935,0.09056436529233237
2025-01-13,BASELINE_MLP,13,2025-01-02,2025-01-03,2025-02-04,0,0.0001255445644495695,0.0,0.0001255445644495695,0.6375911977588739,0.36240880224112615,0.0,1.0,0.02563179913206799,0.1,1.0709718786309175,1.1025821837714347,-0.028669341483818167,0.0001255366843902636,0.09065326785409708
2025-01-14,BASELINE_MLP,13,2025-01-02,2025-01-03,2025-02-04,0,0.0010512944462642013,0.0,0.0010512944462642013,0.6375111616977467,0.36248883830225315,0.0,1.0,0.02563179913206799,0.1,1.0720977854190272,1.1025821837714347,-0.02764818695703397,0.0010507422232565941,0.08869037826144886
2025-01-15,BASELINE_MLP,13,2025-01-02,2025-01-03,2025-02-04,0,0.005163954731780154,0.0,0.005163954731780154,0.6368416536041629,0.36315834639583694,0.0,1.0,0.02563179913206799,0.1,1.0776340498509729,1.1025821837714347,-0.022627006211115686,0.005150667241910713,0.08887909277494588
2025-01-16,BASELINE_MLP,13,2025-01-02,2025-01-03,2025-02-04,0,0.00042364452441338694,0.0,0.00042364452441338694,0.6335699271807842,0.3664300728192159,0.0,1.0,0.02563179913206799,0.1,1.0780905836155137,1.1025821837714347,-0.0222129474939875,0.00042355481240829307,0.08851405885404064
2025-01-17,BASELINE_MLP,13,2025-01-02,2025-01-03,2025-02-04,0,0.0013131409549136973,0.0,0.0013131409549136973,0.6333016324119108,0.36669836758808927,0.0,1.0,0.02563179913206799,0.1,1.079506268513966,1.1025821837714347,-0.02092897527015758,0.0013122795393541989,0.08871061055655541
2025-01-21,BASELINE_MLP,13,2025-01-02,2025-01-03,2025-02-04,0,0.0032513138642992273,0.0,0.0032513138642992273,0.6324711086962821,0.36752889130371796,0.0,1.0,0.02563179913206799,0.1,1.0830160822113835,1.1025821837714347,-0.017745708073319766,0.0032460397721045084,0.08906946426197533
2025-01-22,BASELINE_MLP,13,2025-01-02,2025-01-03,2025-02-04,0,5.029603667826831e-05,0.0,5.029603667826831e-05,0.6304214108229225,0.36957858917707764,0.0,1.0,0.02563179913206799,0.1,1.0830705536279774,1.1025821837714347,-0.017696304575425703,5.0294771875025095e-05,0.046936951252942276
2025-01-23,BASELINE_MLP,13,2025-01-02,2025-01-03,2025-02-04,0,0.0008568346506993337,0.0,0.0008568346506993337,0.6303897047192122,0.3696102952807878,0.0,1.0,0.02563179913206799,0.1,1.083998566007478,1.1025821837714347,-0.016854632731675867,0.0008564677774415372,0.046185727685634635
2025-01-24,BASELINE_MLP,13,2025-01-02,2025-01-03,2025-02-04,0,0.0002858581303834633,0.0,0.0002858581303834633,0.6298500273909996,0.3701499726090003,0.0,1.0,0.02563179913206799,0.1,1.0843084358108954,1.1025821837714347,-0.01657359263509328,0.0002858172807327279,0.04043358204868922
2025-01-27,BASELINE_MLP,13,2025-01-02,2025-01-03,2025-02-04,0,-0.0022122307641954083,0.0,-0.0022122307641954083,0.6296700310931529,0.3703299689068472,0.0,1.0,0.02563179913206799,0.1,1.0819096953313179,1.1025821837714347,-0.018749158787788156,-0.0022146813615307177,0.041380919922727785
2025-01-28,BASELINE_MLP,13,2025-01-02,2025-01-03,2025-02-04,0,0.0010415786111692812,0.0,0.0010415786111692812,0.6310660949225813,0.36893390507741874,0.0,1.0,0.02563179913206799,0.1,1.0830365893291916,1.1025821837714347,-0.017727108899389665,0.0010410365445383447,0.036913411002934694
2025-01-29,BASELINE_MLP,13,2025-01-02,2025-01-03,2025-02-04,0,-0.0006653544565641079,0.0,-0.0006653544565641079,0.6304094738982903,0.36959052610170967,0.0,1.0,0.02563179913206799,0.1,1.0823159861078593,1.1025821837714347,-0.01838066854504572,-0.0006655759030729387,0.03649283721247139
2025-01-30,BASELINE_MLP,13,2025-01-02,2025-01-03,2025-02-04,0,0.0025944552872474392,0.0,0.0025944552872474392,0.6308291989171206,0.3691708010828794,0.0,1.0,0.02563179913206799,0.1,1.0851240065404892,1.1025821837714347,-0.0158339010804881,0.002591095498089164,0.03169378943405527
2025-01-31,BASELINE_MLP,13,2025-01-02,2025-01-03,2025-02-04,0,-0.002097266042844494,0.0,-0.002097266042844494,0.6291967760148698,0.3708032239851303,0.0,1.0,0.02563179913206799,0.1,1.0828482128092964,1.1025821837714347,-0.01789795922027082,-0.0020994683850755515,0.029531259560615662
2025-02-03,BASELINE_MLP,13,2025-01-02,2025-01-03,2025-02-04,0,-0.0008428170786358266,0.0,-0.0008428170786358266,0.630519142401592,0.369480857598408,0.0,1.0,0.02563179913206799,0.1,1.0819355698419704,1.1025821837714347,-0.018725691593203142,-0.0008431724486384822,0.029811636021375664
2025-02-04,BASELINE_MLP,13,2025-01-02,2025-01-03,2025-02-04,0,0.0027453958856461973,0.0,0.0027453958856461973,0.6310510029643807,0.3689489970356193,0.0,1.0,0.02563179913206799,0.1,1.0849059113039488,1.1025821837714347,-0.016031705144212816,0.0027416341697218305,0.030453399530527087
2025-02-05,BASELINE_MLP,14,2025-02-04,2025-02-05,2025-03-06,1,0.005990399929178599,0.0006153511596047231,0.005375048769573876,0.013972101866872033,0.986027898133128,0.6153511596047231,1.0,0.07169213594723903,0.1,1.0907373334876065,1.1025821837714347,-0.010742827571648572,0.0053606547509336975,0.03475023294964934
2025-02-06,BASELINE_MLP,14,2025-02-04,2025-02-05,2025-03-06,0,-0.000725113988937981,0.0,-0.000725113988937981,0.013888901790569437,0.9861110982094305,0.0,1.0,0.07169213594723903,0.1,1.0899464245888377,1.1025821837714347,-0.011460151786033546,-0.0007253770112415782,0.035099079488300836
2025-02-07,BASELINE_MLP,14,2025-02-04,2025-02-05,2025-03-06,0,-0.004958448654838628,0.0,-0.004958448654838628,0.013898980135497657,0.9861010198645023,0.0,1.0,0.07169213594723903,0.1,1.084541981205989,1.1025821837714347,-0.01636177586666443,-0.0049707825495840735,0.03948941232719794
2025-02-10,BASELINE_MLP,14,2025-02-04,2025-02-05,2025-03-06,0,0.0053618059564749625,0.0,0.0053618059564749625,0.01396824094100203,0.986031759058998,0.0,1.0,0.07169213594723903,0.1,1.0903570848608666,1.1025821837714347,-0.011087698577489813,0.005347482651294722,0.0429025471602176
2025-02-11,BASELINE_MLP,14,2025-02-04,2025-02-05,2025-03-06,0,-0.00039911884459849114,0.0,-0.00039911884459849114,0.01389374537429638,0.9861062546257034,0.0,1.0,0.07169213594723903,0.1,1.089921902800957,1.1025821837714347,-0.011482392112642903,-0.0003991985137235526,0.0411747668461535
2025-02-12,BASELINE_MLP,14,2025-02-04,2025-02-05,2025-03-06,0,-0.004926417812414527,0.0,-0.004926417812414527,0.013899292843997013,0.9861007071560032,0.0,1.0,0.07169213594723903,0.1,1.0845524921248577,1.1025821837714347,-0.01635224286402448,-0.004938592610532651,0.04576500295992324
2025-02-13,BASELINE_MLP,14,2025-02-04,2025-02-05,2025-03-06,0,0.008646732866259013,0.0,0.008646732866259013,0.013968105568073255,0.9860318944319267,0.0,1.0,0.07169213594723903,0.1,1.0939303278036967,1.1025821837714347,-0.007846903473574973,0.008609563977583865,0.05353424158154484
2025-02-14,BASELINE_MLP,14,2025-02-04,2025-02-05,2025-03-06,0,0.0005186342285118881,0.0,0.0005186342285118881,0.013848362477098659,0.9861516375229014,0.0,1.0,0.07169213594723903,0.1,1.094497677515303,1.1025821837714347,-0.00733233891779228,0.0005184997842633136,0.05132463439410711
2025-02-18,BASELINE_MLP,14,2025-02-04,2025-02-05,2025-03-06,0,0.00284272802000722,0.0,0.00284272802000722,0.013841183965331105,0.9861588160346685,0.0,1.0,0.07169213594723903,0.1,1.0976090367310085,1.1025821837714347,-0.004510454743078873,0.002838695109879266,0.05181688532129614
2025-02-19,BASELINE_MLP,14,2025-02-04,2025-02-05,2025-03-06,0,0.0018279266317353495,0.0,0.0018279266317353495,0.01380194877880689,0.9861980512211932,0.0,1.0,0.07169213594723903,0.1,1.0996153855204824,1.1025821837714347,-0.00269077289168973,0.0018262580069561844,0.05190462475996039
2025-02-20,BASELINE_MLP,14,2025-02-04,2025-02-05,2025-03-06,0,0.0003077283907526871,0.0,0.0003077283907526871,0.013776765861589308,0.9862232341384107,0.0,1.0,0.07169213594723903,0.1,1.0999537683935154,1.1025821837714347,-0.002383872528148978,0.00030768105208283563,0.051209550020600826
2025-02-21,BASELINE_MLP,14,2025-02-04,2025-02-05,2025-03-06,0,-0.007541218103589817,0.0,-0.007541218103589817,0.013772527663814727,0.9862274723361852,0.0,1.0,0.07169213594723903,0.1,1.0916587771221944,1.1025821837714347,-0.009907113329072903,-0.007569796858573624,0.058749050979087225
2025-02-24,BASELINE_MLP,14,2025-02-04,2025-02-05,2025-03-06,0,-0.0011011596118715627,0.0,-0.0011011596118715627,0.01387717849349663,0.9861228215065033,0.0,1.0,0.07169213594723903,0.1,1.0904566865668823,1.1025821837714347,-0.010997363627876289,-0.0011017663335561431,0.058938633709004117
2025-02-25,BASELINE_MLP,14,2025-02-04,2025-02-05,2025-03-06,0,0.00015746023244445984,0.0,0.00015746023244445984,0.013892476327337176,0.9861075236726627,0.0,1.0,0.07169213594723903,0.1,1.0906283901302198,1.1025821837714347,-0.010841635042864839,0.00015744783688324734,0.05894023000743412
2025-02-26,BASELINE_MLP,14,2025-02-04,2025-02-05,2025-03-06,0,0.0005778596877992769,0.0,0.0005778596877992769,0.013890289159177449,0.9861097108408224,0.0,1.0,0.07169213594723903,0.1,1.0912586203112455,1.1025821837714347,-0.010270040298906657,0.000577692791182008,0.05824261941550967
2025-02-27,BASELINE_MLP,14,2025-02-04,2025-02-05,2025-03-06,0,-0.008083501457598534,0.0,-0.008083501457598534,0.013882267156612383,0.9861177328433876,0.0,1.0,0.07169213594723903,0.1,1.0824374296633426,1.1025821837714347,-0.01827052387077943,-0.00811635009661644,0.06521355535214719
2025-02-28,BASELINE_MLP,14,2025-02-04,2025-02-05,2025-03-06,0,0.0061613104202452446,0.0,0.0061613104202452446,0.01399539898470492,0.9860046010152951,0.0,1.0,0.07169213594723903,0.1,1.0891066626779906,1.1025821837714347,-0.012221783819642784,0.006142407153391722,0.06855162478295009
2025-03-03,BASELINE_MLP,14,2025-02-04,2025-02-05,2025-03-06,0,-0.005828364596234777,0.0,-0.005828364596234777,0.013909697023491627,0.9860903029765085,0.0,1.0,0.07169213594723903,0.1,1.0827589519637149,1.1025821837714347,-0.017978915403760176,-0.005845415799199545,0.07117496257450623
2025-03-04,BASELINE_MLP,14,2025-02-04,2025-02-05,2025-03-06,0,-0.0051188094123753225,0.0,-0.0051188094123753225,0.013991243089371032,0.986008756910629,0.0,1.0,0.07169213594723903,0.1,1.0772165152490694,1.1025821837714347,-0.02300569417474252,-0.005131955397659648,0.07299812122563977
2025-03-05,BASELINE_MLP,14,2025-02-04,2025-02-05,2025-03-06,0,0.004290897375293417,0.0,0.004290897375293417,0.014063230083892861,0.9859367699161069,0.0,1.0,0.07169213594723903,0.1,1.0818387407669743,1.1025821837714347,-0.01881351187220026,0.004281717725073891,0.07461282811403501
2025-03-06,BASELINE_MLP,14,2025-02-04,2025-02-05,2025-03-06,0,-0.008197957840751908,0.0,-0.008197957840751908,0.014003144029928987,0.9859968559700713,0.0,1.0,0.07169213594723903,0.1,1.0729698723796746,1.1025821837714347,-0.026857237335787376,-0.008231745885819378,0.07907423456769584
2025-03-07,BASELINE_MLP,15,2025-03-06,2025-03-07,2025-04-04,1,0.003876113406388418,0.0005590552223552973,0.0033170581840331207,1.1102230246251565e-16,0.9999999999999999,0.5590552223552973,1.0,0.06897171938361601,0.1,1.0765289758760725,1.1025821837714347,-0.023629266170659413,0.003311568882074787,0.07745391611524778
2025-03-10,BASELINE_MLP,15,2025-03-06,2025-03-07,2025-04-04,0,-0.009281986378902136,0.0,-0.009281986378902136,1.1059362901443169e-16,1.0,0.0,1.0,0.06897171938361601,0.1,1.0665366485854975,1.1025821837714347,-0.032691926022822004,-0.009325332448058585,0.08311743515184704
2025-03-11,BASELINE_MLP,15,2025-03-06,2025-03-07,2025-04-04,0,-0.0023875950710497496,0.0,-0.0023875950710497496,1.1162977506607488e-16,1.0,0.0,1.0,0.06897171938361601,0.1,1.0639901909402407,1.1025821837714347,-0.03500146601243659,-0.0023904499212174784,0.08205127747221598
2025-03-12,BASELINE_MLP,15,2025-03-06,2025-03-07,2025-04-04,0,0.0005405914155572872,0.0,0.0005405914155572872,1.1189693964764314e-16,0.9999999999999996,0.0,1.0,0.06897171938361601,0.1,1.0645653749037,1.1025821837714347,-0.034479796088937587,0.0005404453486573042,0.07906683304892229
2025-03-13,BASELINE_MLP,15,2025-03-06,2025-03-07,2025-04-04,0,-0.0036274948360403964,0.0,-0.0036274948360403964,1.118364818056329e-16,1.0,0.0,1.0,0.06897171938361601,0.1,1.0607036695036094,1.1025821837714347,-0.037982215642717754,-0.0036340901499086,0.07947801024357752
2025-03-14,BASELINE_MLP,15,2025-03-06,2025-03-07,2025-04-04,0,0.008855351266058051,0.0,0.008855351266058051,1.122436450484244e-16,0.9999999999999999,0.0,1.0,0.06897171938361601,0.1,1.0700965730862606,1.1025821837714347,-0.029463210238039106,0.008816372587283327,0.08557936435212232
2025-03-17,BASELINE_MLP,15,2025-03-06,2025-03-07,2025-04-04,0,0.006866562411706942,0.0,0.006866562411706942,1.1125841272246294e-16,0.9999999999999999,0.0,1.0,0.06897171938361601,0.1,1.0774444579919111,1.1025821837714347,-0.022798958798280977,0.0068430949380312335,0.08336410196888898
2025-03-18,BASELINE_MLP,15,2025-03-06,2025-03-07,2025-04-04,0,-0.0018865189063555247,0.0,-0.0018865189063555247,1.1049965991121021e-16,0.9999999999999997,0.0,1.0,0.06897171938361601,0.1,1.0754118386513614,1.1025821837714347,-0.02464246703781836,-0.0018883006243299416,0.08332935409266717
2025-03-19,BASELINE_MLP,15,2025-03-06,2025-03-07,2025-04-04,0,0.006937945018163984,0.0,0.006937945018163984,1.107085136152399e-16,0.9999999999999999,0.0,1.0,0.06897171938361601,0.1,1.082872986859807,1.1025821837714347,-0.017875490101074698,0.006913988221091804,0.08672159008578764
2025-03-20,BASELINE_MLP,15,2025-03-06,2025-03-07,2025-04-04,0,-0.0013095117477047572,0.0,-0.0013095117477047572,1.0994571628070174e-16,1.0,0.0,1.0,0.06897171938361601,0.1,1.081454951962242,1.1025821837714347,-0.019161593684496103,-0.0013103699074754585,0.08627552875604887
2025-03-21,BASELINE_MLP,15,2025-03-06,2025-03-07,2025-04-04,0,-0.003304817739188318,0.0,-0.003304817739188318,1.100898802722216e-16,0.9999999999999998,0.0,1.0,0.06897171938361601,0.1,1.0778809404528642,1.1025821837714347,-0.022403085848964777,-0.0033102907107753583,0.08660364049144861
2025-03-24,BASELINE_MLP,15,2025-03-06,2025-03-07,2025-04-04,0,0.004496876738356141,0.0,0.004496876738356141,1.104549136301671e-16,1.0,0.0,1.0,0.06897171938361601,0.1,1.0827280381807043,1.1025821837714347,-0.01800695302623012,0.004486795998089085,0.08507588645392916
2025-03-25,BASELINE_MLP,15,2025-03-06,2025-03-07,2025-04-04,0,0.00038514266196786837,0.0,0.00038514266196786837,1.0996043510739314e-16,0.9999999999999999,0.0,1.0,0.06897171938361601,0.1,1.0831450429395164,1.1025821837714347,-0.01762874561008465,0.00038506851357069765,0.08507531802225886
2025-03-26,BASELINE_MLP,15,2025-03-06,2025-03-07,2025-04-04,0,-0.0053259688308368094,0.0,-0.0053259688308368094,1.0991810095739196e-16,1.0,0.0,1.0,0.06897171938361601,0.1,1.0773762462015453,1.1025821837714347,-0.02286082429127534,-0.005340202363559109,0.08680036190382952
2025-03-27,BASELINE_MLP,15,2025-03-06,2025-03-07,2025-04-04,0,-0.00040026822684787,0.0,-0.00040026822684787,1.10506655962649e-16,0.9999999999999997,0.0,1.0,0.06897171938361601,0.1,1.07694500672183,1.1025821837714347,-0.023251942056520036,-0.0004003483555572796,0.08670175972980278
2025-03-28,BASELINE_MLP,15,2025-03-06,2025-03-07,2025-04-04,0,-0.004333364619529768,0.0,-0.004333364619529768,1.1055090597776114e-16,0.9999999999999999,0.0,1.0,0.06897171938361601,0.1,1.0722782113325224,1.1025821837714347,-0.027484547533006665,-0.004342780856497434,0.08352272737112448
2025-03-31,BASELINE_MLP,15,2025-03-06,2025-03-07,2025-04-04,0,0.005583576584485895,0.0,0.005583576584485895,1.11032048327618e-16,1.0,0.0,1.0,0.06897171938361601,0.1,1.078265358845373,1.1025821837714347,-0.022054433024561337,0.005568046203975377,0.08297349435270931
2025-04-01,BASELINE_MLP,15,2025-03-06,2025-03-07,2025-04-04,0,0.0010387174979331574,0.0,0.0010387174979331574,1.1041553473331753e-16,0.9999999999999998,0.0,1.0,0.06897171938361601,0.1,1.079385371941021,1.1025821837714347,-0.021038623852117744,0.0010381784041913404,0.08075803758595454
2025-04-02,BASELINE_MLP,15,2025-03-06,2025-03-07,2025-04-04,0,0.004541127994801347,0.0,0.004541127994801347,1.103009631928103e-16,1.0,0.0,1.0,0.06897171938361601,0.1,1.0842869990707213,1.1025821837714347,-0.016593034941063345,0.00453084818261532,0.08018003209332654
2025-04-03,BASELINE_MLP,15,2025-03-06,2025-03-07,2025-04-04,0,-0.025769576967160777,0.0,-0.025769576967160777,1.0980233672760198e-16,1.0,0.0,1.0,0.06897171938361601,0.1,1.0563453817936765,1.1025821837714347,-0.04193501641719166,-0.026107429363120438,0.12029317577628337
2025-04-04,BASELINE_MLP,15,2025-03-06,2025-03-07,2025-04-04,0,-0.033172822585667144,0.0,-0.033172822585667144,1.127067417847418e-16,0.9999999999999999,0.0,1.0,0.06897171938361601,0.1,1.0213034238542462,1.1025821837714347,-0.07371673614312413,-0.03373551985869234,0.1638183036275295
2025-04-07,BASELINE_MLP,16,2025-04-04,2025-04-07,2025-05-06,1,-0.004174481938672131,0.0006986459573254544,-0.004873127895997586,0.6668235283466266,0.33317647165337344,0.6986459573254544,1.0,0.040681476094900505,0.1,1.0163264816491842,1.1025821837714347,-0.07823063295582089,-0.004885040299945278,0.1627059299812341
2025-04-08,BASELINE_MLP,16,2025-04-04,2025-04-07,2025-05-06,0,-0.003873421496547991,0.0,-0.003873421496547991,0.6696188401004204,0.3303811598995796,0.0,1.0,0.040681476094900505,0.1,1.0123898208076532,1.1025821837714347,-0.08180103423698926,-0.003880942621533087,0.1610138673234393
2025-04-09,BASELINE_MLP,16,2025-04-04,2025-04-07,2025-05-06,0,0.019165499022301545,0.0,0.019165499022301545,0.6722226417313689,0.3277773582686311,0.0,1.0,0.040681476094900505,0.1,1.0317927769285302,1.1025821837714347,-0.06420329285638005,0.018984154225029328,0.17736057401035607
2025-04-10,BASELINE_MLP,16,2025-04-04,2025-04-07,2025-05-06,0,-0.00837237799516652,0.0,-0.00837237799516652,0.659581434395337,0.3404185656046632,0.0,1.0,0.040681476094900505,0.1,1.023154217787402,1.1025821837714347,-0.07203813661521863,-0.00840762321387954,0.17878974154657692
2025-04-11,BASELINE_MLP,16,2025-04-04,2025-04-07,2025-05-06,0,0.004800558139176225,0.0,0.004800558139176225,0.665150324334271,0.33484967566572893,0.0,1.0,0.040681476094900505,0.1,1.0280659290952336,1.1025821837714347,-0.06758340173910182,0.004789072204549178,0.18013001715758037
2025-04-14,BASELINE_MLP,16,2025-04-04,2025-04-07,2025-05-06,0,0.0022240565965531817,0.0,0.0022240565965531817,0.6619724869242561,0.338027513075744,0.0,1.0,0.040681476094900505,0.1,1.0303524059065294,1.1025821837714347,-0.06550965445300405,0.002221587043620007,0.17679425004557614
2025-04-15,BASELINE_MLP,16,2025-04-04,2025-04-07,2025-05-06,0,0.000602679904282984,0.0,0.000602679904282984,0.6605034897807628,0.3394965102192373,0.0,1.0,0.040681476094900505,0.1,1.030973378595899,1.1025821837714347,-0.06494645590099635,0.0006024983656855849,0.17425254230934262
2025-04-16,BASELINE_MLP,16,2025-04-04,2025-04-07,2025-05-06,0,-0.0011602547483707505,0.0,-0.0011602547483707505,0.6601056573663645,0.3398943426336355,0.0,1.0,0.040681476094900505,0.1,1.0297771868379393,1.1025821837714347,-0.06603135621551803,-0.0011609283650063189,0.17428186310766383
2025-04-17,BASELINE_MLP,16,2025-04-04,2025-04-07,2025-05-06,0,0.0009113538019730408,0.0,0.0009113538019730408,0.6608724377503317,0.3391275622496682,0.0,1.0,0.040681476094900505,0.1,1.030715678192349,1.1025821837714347,-0.06518018034108164,0.0009109387712376066,0.17160513138377756
2025-04-21,BASELINE_MLP,16,2025-04-04,2025-04-07,2025-05-06,0,-0.003925153041331237,0.0,-0.003925153041331237,0.6602706975397975,0.33972930246020255,0.0,1.0,0.040681476094900505,0.1,1.0266699614133445,1.1025821837714347,-0.0688494911993125,-0.0039328766721102,0.1716452750366235
2025-04-22,BASELINE_MLP,16,2025-04-04,2025-04-07,2025-05-06,0,0.004676690683259311,0.0,0.004676690683259311,0.6628725738390167,0.3371274261609833,0.0,1.0,0.040681476094900505,0.1,1.0314713792566685,1.1025821837714347,-0.06449478829009214,0.004665788941554897,0.1733716712527037
2025-04-23,BASELINE_MLP,16,2025-04-04,2025-04-07,2025-05-06,0,0.0017203982212879352,0.0,0.0017203982212879352,0.659786954336734,0.34021304566326593,0.0,1.0,0.040681476094900505,0.1,1.033245920782851,1.1025821837714347,-0.06288534678786084,0.0017189200314086841,0.1723094148656985
2025-04-24,BASELINE_MLP,16,2025-04-04,2025-04-07,2025-05-06,0,0.00496869062282517,0.0,0.00496869062282517,0.6586538074978703,0.34134619250212983,0.0,1.0,0.040681476094900505,0.1,1.0383798001005171,1.1025821837714347,-0.058229113997933735,0.00495638741662613,0.17390303213946645
2025-04-25,BASELINE_MLP,16,2025-04-04,2025-04-07,2025-05-06,0,0.000770939337991593,0.0,0.000770939337991593,0.655397340876035,0.34460265912396515,0.0,1.0,0.040681476094900505,0.1,1.0391803279361904,1.1025821837714347,-0.057503065774539563,0.0007706423169071836,0.17371679496187098
2025-04-28,BASELINE_MLP,16,2025-04-04,2025-04-07,2025-05-06,0,0.0010833833175814534,0.0,0.0010833833175814534,0.6548924585176097,0.3451075414823903,0.0,1.0,0.040681476094900505,0.1,1.0403061585674354,1.1025821837714347,-0.05648198031912799,0.0010827968813936174,0.17393447576286483
2025-04-29,BASELINE_MLP,16,2025-04-04,2025-04-07,2025-05-06,0,0.0006819203246745647,0.0,0.0006819203246745647,0.6541837267813815,0.3458162732186186,0.0,1.0,0.040681476094900505,0.1,1.0410155644808468,1.1025821837714347,-0.05583857620481081,0.000681687922657067,0.1738245469439462
2025-04-30,BASELINE_MLP,16,2025-04-04,2025-04-07,2025-05-06,0,-0.0014387519981117424,0.0,-0.0014387519981117424,0.6537379296001764,0.3462620703998236,0.0,1.0,0.040681476094900505,0.1,1.0395178012573845,1.1025821837714347,-0.05719699033983616,-0.00143978799558263,0.17196558725275476
2025-05-01,BASELINE_MLP,16,2025-04-04,2025-04-07,2025-05-06,0,-0.0006380188861823343,0.0,-0.0006380188861823343,0.6546798515447099,0.34532014845529013,0.0,1.0,0.040681476094900505,0.1,1.0388545692676596,1.1025821837714347,-0.0577985164659488,-0.0006382225068457226,0.17172189171427932
2025-05-02,BASELINE_MLP,16,2025-04-04,2025-04-07,2025-05-06,0,0.0034778167647986848,0.0,0.0034778167647986848,0.6550978163238212,0.34490218367617875,0.0,1.0,0.040681476094900505,0.1,1.0424675151048464,1.1025821837714347,-0.05452171235069592,0.0034717831452425996,0.17126676816221026
2025-05-05,BASELINE_MLP,16,2025-04-04,2025-04-07,2025-05-06,0,-0.00041603787707574283,0.0,-0.00041603787707574283,0.6528274022397917,0.34717259776020826,0.0,1.0,0.040681476094900505,0.1,1.0420338091329417,1.1025821837714347,-0.05491506713031069,-0.0004161244448444701,0.14684318387698603
2025-05-06,BASELINE_MLP,16,2025-04-04,2025-04-07,2025-05-06,0,-0.00027235972142584025,0.0,-0.00027235972142584025,0.6530991162096196,0.3469008837903803,0.0,1.0,0.040681476094900505,0.1,1.04175000109497,1.1025821837714347,-0.05517247019935079,-0.0002723968180706753,0.08426072216610621
2025-05-07,BASELINE_MLP,17,2025-05-06,2025-05-07,2025-06-05,1,-0.00011918003091532714,0.00022864069855277057,-0.0003478207294680977,0.4640028699696088,0.5359971300303912,0.22864069855277055,0.5359971300303913,0.10000000000000002,0.1,1.0413876588496658,1.1025821837714347,-0.0555011007999876,-0.00034788123312804635,0.08173393844490677
2025-05-08,BASELINE_MLP,17,2025-05-06,2025-05-07,2025-06-05,0,0.0009311733286309979,0.0,0.0009311733286309979,0.46405817643742314,0.5359418235625768,0.0,0.5359971300303913,0.10000000000000002,0.1,1.0423573712623522,1.1025821837714347,-0.05462160861613119,0.0009307400556942952,0.07966825419261231
2025-05-09,BASELINE_MLP,17,2025-05-06,2025-05-07,2025-06-05,0,0.000921105981369519,0.0,0.000921105981369519,0.4636264598435692,0.5363735401564307,0.0,0.5359971300303913,0.10000000000000002,0.1,1.0433174928717466,1.1025821837714347,-0.053750814925169976,0.0009206820235751283,0.04746830943590068
2025-05-12,BASELINE_MLP,17,2025-05-06,2025-05-07,2025-06-05,0,0.008201620897525307,0.0,0.008201620897525307,0.4631998037337809,0.5368001962662192,0.0,0.5359971300303913,0.10000000000000002,0.1,1.0518743874240373,1.1025821837714347,-0.04599003783459388,0.008168170379369353,0.04263136062817356
2025-05-13,BASELINE_MLP,17,2025-05-06,2025-05-07,2025-06-05,0,0.0018825906603509345,0.0,0.0018825906603509345,0.4594317189466817,0.5405682810533181,0.0,0.5359971300303913,0.10000000000000002,0.1,1.0538546363216643,1.1025821837714347,-0.0441940275899394,0.0018808208074779108,0.04079901254025306
2025-05-14,BASELINE_MLP,17,2025-05-06,2025-05-07,2025-06-05,0,-0.0028053309965339426,0.0,-0.0028053309965339426,0.4585684223176946,0.5414315776823054,0.0,0.5359971300303913,0.10000000000000002,0.1,1.0508982252445502,1.1025821837714347,-0.04687537971101352,-0.0028092733122605626,0.04285084929144764
2025-05-15,BASELINE_MLP,17,2025-05-06,2025-05-07,2025-06-05,0,0.0028427716884966833,0.0,0.0028427716884966833,0.45985847755880926,0.5401415224411907,0.0,0.5359971300303913,0.10000000000000002,0.1,1.053885688966767,1.1025821837714347,-0.04416586402484668,0.0028387386545820317,0.04332636035330013
2025-05-16,BASELINE_MLP,17,2025-05-06,2025-05-07,2025-06-05,0,0.0013939729707707132,0.0,0.0013939729707707132,0.4585549106412173,0.5414450893587828,0.0,0.5359971300303913,0.10000000000000002,0.1,1.0553547771314689,1.1025821837714347,-0.042833457074757275,0.0013930022924106482,0.04258360789307152
2025-05-19,BASELINE_MLP,17,2025-05-06,2025-05-07,2025-06-05,0,0.0004334390300040154,0.0,0.0004334390300040154,0.45791658729565954,0.5420834127043405,0.0,0.5359971300303913,0.10000000000000002,0.1,1.055812209082379,1.1025821837714347,-0.042418583736839266,0.0004333451224421385,0.04265206185130754
2025-05-20,BASELINE_MLP,17,2025-05-06,2025-05-07,2025-06-05,0,0.00014048391761009203,0.0,0.00014048391761009203,0.45771819436547856,0.5422818056345213,0.0,0.5359971300303913,0.10000000000000002,0.1,1.0559605337177713,1.1025821837714347,-0.042284058948052095,0.0001404740506686254,0.0386912151009322
2025-05-21,BASELINE_MLP,17,2025-05-06,2025-05-07,2025-06-05,0,-0.006909478946670075,0.0,-0.006909478946670075,0.45765390135250705,0.542346098647493,0.0,0.5359971300303913,0.10000000000000002,0.1,1.0486643966415339,1.1025821837714347,-0.04890137707964082,-0.006933459924206434,0.04625207285678461
2025-05-22,BASELINE_MLP,17,2025-05-06,2025-05-07,2025-06-05,0,-0.00070616883678296,0.0,-0.00070616883678296,0.4608380521718126,0.5391619478281874,0.0,0.5359971300303913,0.10000000000000002,0.1,1.0479238625243819,1.1025821837714347,-0.04957301328785435,-0.0007064182914409658,0.04639930634276937
2025-05-23,BASELINE_MLP,17,2025-05-06,2025-05-07,2025-06-05,0,0.00034177733006394615,0.0,0.00034177733006394615,0.46116371161360936,0.5388362883863906,0.0,0.5359971300303913,0.10000000000000002,0.1,1.048282019144226,1.1025821837714347,-0.04924817888991506,0.0003417189374967316,0.043705524432095896
2025-05-27,BASELINE_MLP,17,2025-05-06,2025-05-07,2025-06-05,0,0.00537208629578735,0.0,0.00537208629578735,0.46100615016246377,0.5389938498375363,0.0,0.5359971300303913,0.10000000000000002,0.1,1.053913480613391,1.1025821837714347,-0.04414065806103462,0.005357708111115228,0.04689888474702316
2025-05-28,BASELINE_MLP,17,2025-05-06,2025-05-07,2025-06-05,0,-0.0030967122883708313,0.0,-0.0030967122883708313,0.45854281857078794,0.5414571814292122,0.0,0.5359971300303913,0.10000000000000002,0.1,1.0506498137870959,1.1025821837714347,-0.04710067943117102,-0.003101517023688565,0.04864278598184326
2025-05-29,BASELINE_MLP,17,2025-05-06,2025-05-07,2025-06-05,0,0.002122913262337009,0.0,0.002122913262337009,0.4599672046657239,0.5400327953342762,0.0,0.5359971300303913,0.10000000000000002,0.1,1.0528802522108565,1.1025821837714347,-0.04507775682586346,0.002120663066062225,0.04897554089602425
2025-05-30,BASELINE_MLP,17,2025-05-06,2025-05-07,2025-06-05,0,-0.0013902813468142736,0.0,-0.0013902813468142736,0.45899280275743287,0.5410071972425672,0.0,0.5359971300303913,0.10000000000000002,0.1,1.0514164524357785,1.1025821837714347,-0.046405367408206555,-0.0013912486846110056,0.04895110460560557
2025-06-02,BASELINE_MLP,17,2025-05-06,2025-05-07,2025-06-05,0,0.0035160931367216744,0.0,0.0035160931367216744,0.4596318203036033,0.5403681796963968,0.0,0.5359971300303913,0.10000000000000002,0.1,1.0551133306080243,1.1025821837714347,-0.04305243986533591,0.0035099261328608417,0.049792842286079386
2025-06-03,BASELINE_MLP,17,2025-05-06,2025-05-07,2025-06-05,0,0.0020271604571980586,0.0,0.0020271604571980586,0.45802137449227914,0.5419786255077209,0.0,0.5359971300303913,0.10000000000000002,0.1,1.0572522146296952,1.1025821837714347,-0.04111255361181887,0.002025108540014085,0.04903909470448069
2025-06-04,BASELINE_MLP,17,2025-05-06,2025-05-07,2025-06-05,0,0.0007819550475525628,0.0,0.0007819550475525628,0.4570947700492433,0.5429052299507567,0.0,0.5359971300303913,0.10000000000000002,0.1,1.058078938335461,1.1025821837714347,-0.040362746733080934,0.0007816494799873906,0.048879923448461836
2025-06-05,BASELINE_MLP,17,2025-05-06,2025-05-07,2025-06-05,0,-0.0005879308476261077,0.0,-0.0005879308476261077,0.45673762176050053,0.5432623782394995,0.0,0.5359971300303913,0.10000000000000002,0.1,1.05745686108839,1.1025821837714347,-0.04092694707680766,-0.0005881037467387055,0.048973453184303614
2025-06-06,BASELINE_MLP,18,2025-06-05,2025-06-06,2025-07-08,1,0.00031097869494682367,0.0004875287880607583,-0.00017655009311393462,0.3034673225810459,0.6965326774189541,0.4875287880607583,0.6965326774189541,0.1,0.1,1.057270166981101,1.1025821837714347,-0.04109627151360429,-0.0001765656799162185,0.04893028710267054
2025-06-09,BASELINE_MLP,18,2025-06-05,2025-06-06,2025-07-08,0,0.0014356714495939254,0.0,0.0014356714495939254,0.30337298004762864,0.6966270199523714,0.0,0.6965326774189541,0.1,0.1,1.0587880595743433,1.1025821837714347,-0.0397196008077072,0.001434641858656738,0.0489886341289538
2025-06-10,BASELINE_MLP,18,2025-06-05,2025-06-06,2025-07-08,0,0.0020112232437140315,0.0,0.0020112232437140315,0.3029380605231402,0.6970619394768599,0.0,0.6965326774189541,0.1,0.1,1.060917518729926,1.1025821837714347,-0.037788262548368645,0.0020092034419740648,0.049182622513771514
2025-06-11,BASELINE_MLP,18,2025-06-05,2025-06-06,2025-07-08,0,0.002640050132893983,0.0,0.002640050132893983,0.30233000738501525,0.6976699926149849,0.0,0.6965326774189541,0.1,0.1,1.0637183941662385,1.1025821837714347,-0.03524797532303736,0.002636571322020139,0.041934993760756246
2025-06-12,BASELINE_MLP,18,2025-06-05,2025-06-06,2025-07-08,0,0.003490456941804157,0.0,0.003490456941804157,0.3015339426596246,0.6984660573403754,0.0,0.6965326774189541,0.1,0.1,1.0674312574192808,1.1025821837714347,-0.031880549921384116,0.003484379435050704,0.04294016581834738
2025-06-13,BASELINE_MLP,18,2025-06-05,2025-06-06,2025-07-08,0,0.0017514422072049882,0.0,0.0017514422072049882,0.3004851123134413,0.6995148876865587,0.0,0.6965326774189541,0.1,0.1,1.0693008015768148,1.1025821837714347,-0.030184944654900292,0.0017499102208319583,0.041237097934985346
2025-06-16,BASELINE_MLP,18,2025-06-05,2025-06-06,2025-07-08,0,-0.0006689717395559427,0.0,-0.0006689717395559427,0.2999597501465719,0.7000402498534278,0.0,0.6965326774189541,0.1,0.1,1.0685854695594754,1.1025821837714347,-0.03083372351952207,-0.0006691956009936563,0.04086927062718981
2025-06-17,BASELINE_MLP,18,2025-06-05,2025-06-06,2025-07-08,0,0.0006908072711410774,0.0,0.0006908072711410774,0.30016054907123024,0.6998394509287698,0.0,0.6965326774189541,0.1,0.1,1.0693236561716828,1.1025821837714347,-0.03016421640878464,0.0006905687736290363,0.04078279301884863
2025-06-18,BASELINE_MLP,18,2025-06-05,2025-06-06,2025-07-08,0,-0.000278296300696568,0.0,-0.000278296300696568,0.29995333912356065,0.7000466608764394,0.0,0.6965326774189541,0.1,0.1,1.069026067353923,1.1025821837714347,-0.03043411811964114,-0.00027833503229813297,0.04089953639456132
2025-06-20,BASELINE_MLP,18,2025-06-05,2025-06-06,2025-07-08,0,0.00035483532557063053,0.0,0.00035483532557063053,0.3000368382657227,0.6999631617342774,0.0,0.6965326774189541,0.1,0.1,1.0694053955665759,1.1025821837714347,-0.030090081894282084,0.0003547723864047469,0.040876439648919675
2025-06-23,BASELINE_MLP,18,2025-06-05,2025-06-06,2025-07-08,0,-0.0017726071159297535,0.0,-0.0017726071159297535,0.2999304123602043,0.7000695876397957,0.0,0.6965326774189541,0.1,0.1,1.067509759952581,1.1025821837714347,-0.031809351116927065,-0.001774180042986106,0.03178876205087501
2025-06-24,BASELINE_MLP,18,2025-06-05,2025-06-06,2025-07-08,0,-0.0010749997292391687,0.0,-0.0010749997292391687,0.30046301523909086,0.6995369847609093,0.0,0.6965326774189541,0.1,0.1,1.0663621872496716,1.1025821837714347,-0.03285015580232842,-0.0010755779558809006,0.03204095287582684
2025-06-25,BASELINE_MLP,18,2025-06-05,2025-06-06,2025-07-08,0,0.00020320496051446277,0.0,0.00020320496051446277,0.30078636049518204,0.6992136395048181,0.0,0.6965326774189541,0.1,0.1,1.0665788773358258,1.1025821837714347,-0.03265362615642664,0.00020318431718297815,0.032071164603419855
2025-06-26,BASELINE_MLP,18,2025-06-05,2025-06-06,2025-07-08,0,0.0028284344200128586,0.0,0.0028284344200128586,0.30072525163229835,0.6992747483677015,0.0,0.6965326774189541,0.1,0.1,1.0695956257441412,1.1025821837714347,-0.029917550376572732,0.002824441925945351,0.02856822129831481
2025-06-27,BASELINE_MLP,18,2025-06-05,2025-06-06,2025-07-08,0,-0.0031510696862019254,0.0,-0.0031510696862019254,0.299877069008542,0.700122930991458,0.0,0.6965326774189541,0.1,0.1,1.0662252553913647,1.1025821837714347,-0.03297434777669761,-0.0031560447602378906,0.02866020250806081
2025-06-30,BASELINE_MLP,18,2025-06-05,2025-06-06,2025-07-08,0,0.0038670386721776236,0.0,0.0038670386721776236,0.30082498951385106,0.6991750104861487,0.0,0.6965326774189541,0.1,0.1,1.0703483896872155,1.1025821837714347,-0.029234822182562348,0.003859580898281939,0.030330097531223447
2025-07-01,BASELINE_MLP,18,2025-06-05,2025-06-06,2025-07-08,0,0.0022020839774319467,0.0,0.0022020839774319467,0.29966616885016417,0.7003338311498357,0.0,0.6965326774189541,0.1,0.1,1.0727053867264158,1.1025821837714347,-0.02709711573864171,0.0021996629440711726,0.02962853914180609
2025-07-02,BASELINE_MLP,18,2025-06-05,2025-06-06,2025-07-08,0,0.003474375676395268,0.0,0.003474375676395268,0.29900772872161807,0.700992271278382,0.0,0.6965326774189541,0.1,0.1,1.0764323682299963,1.1025821837714347,-0.023716885622069195,0.003468353976958093,0.029583678171772536
2025-07-03,BASELINE_MLP,18,2025-06-05,2025-06-06,2025-07-08,0,0.00018862347547094215,0.0,0.00018862347547094215,0.2979724604527852,0.7020275395472146,0.0,0.6965326774189541,0.1,0.1,1.0766354086444012,1.1025821837714347,-0.023532735707991637,0.0001886056882998763,0.029428389450036795
2025-07-07,BASELINE_MLP,18,2025-06-05,2025-06-06,2025-07-08,0,-0.0032615904697386048,0.0,-0.0032615904697386048,0.29791626645120783,0.7020837335487919,0.0,0.6965326774189541,0.1,0.1,1.0731238648561834,1.1025821837714347,-0.026717572031218273,-0.003266921049870176,0.032729760139584674
2025-07-08,BASELINE_MLP,18,2025-06-05,2025-06-06,2025-07-08,0,-0.0006075262800639336,0.0,-0.0006075262800639336,0.29889112690220154,0.7011088730977985,0.0,0.6965326774189541,0.1,0.1,1.0724719139065195,1.1025821837714347,-0.027308866684133792,-0.0006077108989320807,0.03273934320109761
2025-07-09,BASELINE_MLP,19,2025-07-08,2025-07-09,2025-08-06,1,0.0034527461618497485,0.00048477728612018314,0.0029679688757295653,0.28312693055323834,0.7168730694467617,0.4847772861201831,0.7168730694467615,0.1,0.1,1.0756549771670882,1.1025821837714347,-0.024421949674754084,0.002963573151539856,0.033512529950501725
2025-07-10,BASELINE_MLP,19,2025-07-08,2025-07-09,2025-08-06,0,0.0008503273790337288,0.0,0.0008503273790337288,0.28215272880181247,0.7178472711981876,0.0,0.7168730694467615,0.1,0.1,1.0765696360445673,1.1025821837714347,-0.023592388948178167,0.0008499660555223035,0.033438741831993066
2025-07-11,BASELINE_MLP,19,2025-07-08,2025-07-09,2025-08-06,0,-0.0026471320866260422,0.0,-0.0026471320866260422,0.28191301045052053,0.7180869895494794,0.0,0.7168730694467615,0.1,0.1,1.0737198140175064,1.1025821837714347,-0.02617706886501936,-0.0026506419361599105,0.035155554549443066
2025-07-14,BASELINE_MLP,19,2025-07-08,2025-07-09,2025-08-06,0,-0.00013549787508167872,0.0,-0.00013549787508167872,0.282661252120655,0.7173387478793449,0.0,0.7168730694467615,0.1,0.1,1.073574327264274,1.1025821837714347,-0.026309019802894018,-0.0001355070557480711,0.03440706175452009
2025-07-15,BASELINE_MLP,19,2025-07-08,2025-07-09,2025-08-06,0,-0.0037406610109258676,0.0,-0.0037406610109258676,0.28269955730995705,0.7173004426900428,0.0,0.7168730694467615,0.1,0.1,1.0695584496359456,1.1025821837714347,-0.029951267689207417,-0.003747674779542219,0.035447105903030865
2025-07-16,BASELINE_MLP,19,2025-07-08,2025-07-09,2025-08-06,0,0.0028651173413732794,0.0,0.0028651173413732794,0.2837610110604518,0.7162389889395483,0.0,0.7168730694467615,0.1,0.1,1.0726228600976098,1.1025821837714347,-0.027171964244286695,0.002861020715693462,0.03629951975064947
2025-07-17,BASELINE_MLP,19,2025-07-08,2025-07-09,2025-08-06,0,0.0027269918402947424,0.0,0.0027269918402947424,0.28295032517703983,0.7170496748229601,0.0,0.7168730694467615,0.1,0.1,1.0755478938848095,1.1025821837714347,-0.02451907012877086,0.002723280343995174,0.037228002093899155
2025-07-18,BASELINE_MLP,19,2025-07-08,2025-07-09,2025-08-06,0,-0.0007961379313502871,0.0,-0.0007961379313502871,0.28218082038236947,0.7178191796176308,0.0,0.7168730694467615,0.1,0.1,1.074691609409504,1.1025821837714347,-0.025295687498350095,-0.0007964550174605113,0.0373921135792998
2025-07-21,BASELINE_MLP,19,2025-07-08,2025-07-09,2025-08-06,0,0.0019128336401577333,0.0,0.0019128336401577333,0.28240565423573427,0.7175943457642657,0.0,0.7168730694467615,0.1,0.1,1.0767473156727778,1.1025821837714347,-0.02343124030019017,0.0019110065035248538,0.03777799815383206
2025-07-22,BASELINE_MLP,19,2025-07-08,2025-07-09,2025-08-06,0,0.002230805729949748,0.0,0.002230805729949748,0.28186649053061413,0.7181335094693858,0.0,0.7168730694467615,0.1,0.1,1.0791493297542887,1.1025821837714347,-0.021252705115361814,0.0022283211771976104,0.03833887406433947
2025-07-23,BASELINE_MLP,19,2025-07-08,2025-07-09,2025-08-06,0,0.004235675300811312,0.0,0.004235675300811312,0.28123910073321257,0.7187608992667874,0.0,0.7168730694467615,0.1,0.1,1.083720255916216,1.1025821837714347,-0.017107049372683036,0.004226730078659592,0.03960287446914368
2025-07-24,BASELINE_MLP,19,2025-07-08,2025-07-09,2025-08-06,0,-0.0018021576950528818,0.0,-0.0018021576950528818,0.28005288763413977,0.7199471123658602,0.0,0.7168730694467615,0.1,0.1,1.0817672211177318,1.1025821837714347,-0.01887837746706944,-0.0018037835348719304,0.0400956191500291
2025-07-25,BASELINE_MLP,19,2025-07-08,2025-07-09,2025-08-06,0,0.00033784064791435244,0.0,0.00033784064791435244,0.28055849829074697,0.7194415017092533,0.0,0.7168730694467615,0.1,0.1,1.0821326860566067,1.1025821837714347,-0.018546914702430195,0.0003377835926126992,0.0400780312986025
2025-07-28,BASELINE_MLP,19,2025-07-08,2025-07-09,2025-08-06,0,-0.0015017814562906051,0.0,-0.0015017814562906051,0.2804637462370017,0.7195362537629982,0.0,0.7168730694467615,0.1,0.1,1.080507559255441,1.1025821837714347,-0.020020842746149237,-0.001502910260348051,0.039976699690360634
2025-07-29,BASELINE_MLP,19,2025-07-08,2025-07-09,2025-08-06,0,0.0012316864307401472,0.0,0.0012316864307401472,0.28088557498485356,0.7191144250151466,0.0,0.7168730694467615,0.1,0.1,1.081838405754488,1.1025821837714347,-0.01881381571575147,0.0012309285272774184,0.0377722405906444
2025-07-30,BASELINE_MLP,19,2025-07-08,2025-07-09,2025-08-06,0,-0.0030744085357692556,0.0,-0.0030744085357692556,0.2805400376272287,0.7194599623727711,0.0,0.7168730694467615,0.1,0.1,1.0785123925255136,1.1025821837714347,-0.021830382895893785,-0.003079144238505791,0.03808761329394401
2025-07-31,BASELINE_MLP,19,2025-07-08,2025-07-09,2025-08-06,0,-0.004237659584638878,0.0,-0.004237659584638878,0.2814051921519906,0.7185948078480093,0.0,0.7168730694467615,0.1,0.1,1.073942024148176,1.1025821837714347,-0.02597553274921749,-0.004246663911200578,0.040629755256243315
2025-08-01,BASELINE_MLP,19,2025-07-08,2025-07-09,2025-08-06,0,-0.003921656404988509,0.0,-0.003921656404988509,0.2826027664739846,0.7173972335260155,0.0,0.7168730694467615,0.1,0.1,1.069730392530589,1.1025821837714347,-0.029795322039827044,-0.003929366263011831,0.04087958903474631
2025-08-04,BASELINE_MLP,19,2025-07-08,2025-07-09,2025-08-06,0,0.007163408779943018,0.0,0.007163408779943018,0.2837154007926971,0.7162845992073028,0.0,0.7168730694467615,0.1,0.1,1.0773933086166145,1.1025821837714347,-0.02284534933138538,0.007137873441461312,0.048329702002876576
2025-08-05,BASELINE_MLP,19,2025-07-08,2025-07-09,2025-08-06,0,-0.0012376757369184795,0.0,-0.0012376757369184795,0.28169748654429777,0.7183025134557022,0.0,0.7168730694467615,0.1,0.1,1.0760598450594214,1.1025821837714347,-0.02405474993373491,-0.0012384422900948147,0.047078938961601625
2025-08-06,BASELINE_MLP,19,2025-07-08,2025-07-09,2025-08-06,0,0.0009425975470981932,0.0,0.0009425975470981932,0.2820465687391074,0.7179534312608928,0.0,0.7168730694467615,0.1,0.1,1.0770741364299055,1.1025821837714347,-0.023134826334920255,0.0009421535809959647,0.047079028489344345
2025-08-07,BASELINE_MLP,20,2025-08-06,2025-08-07,2025-09-05,1,-7.633670846481913e-05,0.0002817809626948524,-0.00035811767115967154,1.1102230246251565e-16,0.9999999999999999,0.2817809626948524,1.0,0.06939675367516783,0.1,1.076688417148501,1.1025821837714347,-0.023484659015950093,-0.00035818181060630653,0.046019961365604704
2025-08-08,BASELINE_MLP,20,2025-08-06,2025-08-07,2025-09-05,0,0.0036788715083862136,0.0,0.0036788715083862136,1.1103077818666068e-16,0.9999999999999999,0.0,1.0,0.06939675367516783,0.1,1.080649415489758,1.1025821837714347,-0.0198921845505019,0.0036721210116728987,0.04765089272858284
2025-08-11,BASELINE_MLP,20,2025-08-06,2025-08-07,2025-09-05,0,-0.0026350201285107295,0.0,-0.0026350201285107295,1.1062380741341823e-16,0.9999999999999998,0.0,1.0,0.06939675367516783,0.1,1.077801882528079,1.1025821837714347,-0.022474788372321974,-0.002638497904733198,0.047641820406988215
2025-08-12,BASELINE_MLP,20,2025-08-06,2025-08-07,2025-09-05,0,0.007859822741696606,0.0,0.007859822741696606,1.1091607349966522e-16,0.9999999999999999,0.0,1.0,0.06939675367516783,0.1,1.0862732142754168,1.1025821837714347,-0.014791613483388866,0.007829095238398963,0.05447474169292848
2025-08-13,BASELINE_MLP,20,2025-08-06,2025-08-07,2025-09-05,0,0.006651577730515796,0.0,0.006651577730515796,1.1005109142850692e-16,0.9999999999999999,0.0,1.0,0.06939675367516783,0.1,1.093498644996747,1.1025821837714347,-0.00823842331971758,0.00662955359691086,0.05597558819007825
2025-08-14,BASELINE_MLP,20,2025-08-06,2025-08-07,2025-09-05,0,-0.002503183445655689,0.0,-0.002503183445655689,1.0932391491067426e-16,0.9999999999999999,0.0,1.0,0.06939675367516783,0.1,1.0907614172907443,1.1025821837714347,-0.010720984480500961,-0.002506321647427365,0.05687328190264175
2025-08-15,BASELINE_MLP,20,2025-08-06,2025-08-07,2025-09-05,0,-0.0011219695328017606,0.0,-0.0011219695328017606,1.0959825945942578e-16,0.9999999999999999,0.0,1.0,0.06939675367516783,0.1,1.0895376162129884,1.1025821837714347,-0.011830925395353908,-0.0011225994117988007,0.05679366185162539
2025-08-18,BASELINE_MLP,20,2025-08-06,2025-08-07,2025-09-05,0,-0.00025789074174834204,0.0,-0.00025789074174834204,1.0972136348635492e-16,0.9999999999999999,0.0,1.0,0.06939675367516783,0.1,1.0892566345489805,1.1025821837714347,-0.012085765050976582,-0.00025792400128402224,0.05665545061913991
2025-08-19,BASELINE_MLP,20,2025-08-06,2025-08-07,2025-09-05,0,-0.0035626189868423865,0.0,-0.0035626189868423865,1.0974966690936083e-16,1.0,0.0,1.0,0.06939675367516783,0.1,1.0853760281811922,1.1025821837714347,-0.015605327061777863,-0.003568980226808627,0.058265131565748814
2025-08-20,BASELINE_MLP,20,2025-08-06,2025-08-07,2025-09-05,0,0.0018246471397416497,0.0,0.0018246471397416497,1.101420611075124e-16,1.0,0.0,1.0,0.06939675367516783,0.1,1.0873564564465572,1.1025821837714347,-0.013809154137424118,0.0018229844933374737,0.058119861760502926
2025-08-21,BASELINE_MLP,20,2025-08-06,2025-08-07,2025-09-05,0,-0.001863821585908267,0.0,-0.001863821585908267,1.0994145674292737e-16,0.9999999999999999,0.0,1.0,0.06939675367516783,0.1,1.0853298180114554,1.1025821837714347,-0.015647237923767876,-0.0018655606625820381,0.05683122221791456
2025-08-22,BASELINE_MLP,20,2025-08-06,2025-08-07,2025-09-05,0,0.014460290631779373,0.0,0.014460290631779373,1.101467506343774e-16,1.0,0.0,1.0,0.06939675367516783,0.1,1.1010240026112375,1.1025821837714347,-0.0014132108999507231,0.014356737705724279,0.07483564778228793
2025-08-25,BASELINE_MLP,20,2025-08-06,2025-08-07,2025-09-05,0,-0.004453559935032124,0.0,-0.004453559935032124,1.0857669999658722e-16,0.9999999999999999,0.0,1.0,0.06939675367516783,0.1,1.0961205262256992,1.1025821837714347,-0.005860477015539156,-0.004463506576040484,0.07705708258497651
2025-08-26,BASELINE_MLP,20,2025-08-06,2025-08-07,2025-09-05,0,0.0022715459319757247,0.0,0.0022715459319757247,1.0906241600291563e-16,0.9999999999999999,0.0,1.0,0.06939675367516783,0.1,1.0986104143480024,1.1025821837714347,-0.0036022434262873437,0.0022689698718701898,0.07686047719912678
2025-08-27,BASELINE_MLP,20,2025-08-06,2025-08-07,2025-09-05,0,0.0017377522794952977,0.0,0.0017377522794952977,1.0881523719353171e-16,1.0,0.0,1.0,0.06939675367516783,0.1,1.100519527099813,1.1025821837714347,-0.0018707509535174083,0.0017362441349378331,0.07691681576143357
2025-08-28,BASELINE_MLP,20,2025-08-06,2025-08-07,2025-09-05,0,0.0038107972217083204,0.0,0.0038107972217083204,1.0862647129542454e-16,0.9999999999999999,0.0,1.0,0.06939675367516783,0.1,1.1047133838561207,1.1047133838561207,0.0,0.003803554528434633,0.07621806397637966
2025-08-29,BASELINE_MLP,20,2025-08-06,2025-08-07,2025-09-05,0,-0.0023960734427883666,0.0,-0.0023960734427883666,1.0821408934440121e-16,0.9999999999999999,0.0,1.0,0.06939675367516783,0.1,1.1020664094551702,1.1047133838561207,-0.00239607344278836,-0.002398948620436077,0.07482783931053939
2025-09-02,BASELINE_MLP,20,2025-08-06,2025-08-07,2025-09-05,0,-0.00132046419215026,0.0,-0.00132046419215026,1.0847400101747215e-16,0.9999999999999999,0.0,1.0,0.06939675367516783,0.1,1.100611170224113,1.1047133838561207,-0.0037133737057556404,-0.0013213367732175898,0.07308677115793738
2025-09-03,BASELINE_MLP,20,2025-08-06,2025-08-07,2025-09-05,0,0.0007972223331910056,0.0,0.0007972223331910056,1.0861742643972935e-16,0.9999999999999999,0.0,1.0,0.06939675367516783,0.1,1.101488602029175,1.1047133838561207,-0.0029191117570145364,0.0007969047202609406,0.07000101269889207
2025-09-04,BASELINE_MLP,20,2025-08-06,2025-08-07,2025-09-05,0,0.004660834799231327,0.0,0.004660834799231327,1.0853090317987295e-16,0.9999999999999998,0.0,1.0,0.06939675367516783,0.1,1.1066224584364692,1.1066224584364692,0.0,0.004650006740877084,0.07054195674605031
2025-09-05,BASELINE_MLP,20,2025-08-06,2025-08-07,2025-09-05,0,0.0009595700190149538,0.0,0.0009595700190149538,1.0802740529002655e-16,1.0,0.0,1.0,0.06939675367516783,0.1,1.1076843401699537,1.1076843401699537,0.0,0.0009591099260083707,0.07054079549521895
2025-09-08,BASELINE_MLP,21,2025-09-05,2025-09-08,2025-10-06,1,0.00229156967284374,0.0005166589249771244,0.0017749107478666156,0.5090113269563735,0.4909886730436265,0.5166589249771244,1.0,0.028052640928169226,0.1,1.109650381010565,1.109650381010565,0.0,0.0017733374551461827,0.0702823297778027
2025-09-09,BASELINE_MLP,21,2025-09-05,2025-09-08,2025-10-06,0,9.225641051296758e-05,0.0,9.225641051296758e-05,0.5078475588919888,0.49215244110801115,0.0,1.0,0.028052640928169226,0.1,1.1097527533716414,1.1097527533716414,0.0,9.225215515204808e-05,0.06994040584670484
2025-09-10,BASELINE_MLP,21,2025-09-05,2025-09-08,2025-10-06,0,0.0015176592417520001,0.0,0.0015176592417520001,0.5078007110211342,0.4921992889788659,0.0,1.0,0.028052640928169226,0.1,1.1114369798938557,1.1114369798938557,0.0,0.001516508760843188,0.06848400393268754
2025-09-11,BASELINE_MLP,21,2025-09-05,2025-09-08,2025-10-06,0,0.0034416334514722376,0.0,0.0034416334514722376,0.5070312104187854,0.4929687895812146,0.0,1.0,0.028052640928169226,0.1,1.1152621385830617,1.1152621385830617,0.0,0.003435724584619782,0.06493771995830627
2025-09-12,BASELINE_MLP,21,2025-09-05,2025-09-08,2025-10-06,0,-0.0013513550396978173,0.0,-0.0013513550396978173,0.5052921799495039,0.49470782005049624,0.0,1.0,0.028052640928169226,0.1,1.1137550234715032,1.1152621385830617,-0.0013513550396978546,-0.0013522689433511329,0.06245156615842114
2025-09-15,BASELINE_MLP,21,2025-09-05,2025-09-08,2025-10-06,0,0.001604694346421008,0.0,0.001604694346421008,0.5059759330766328,0.49402406692336726,0.0,1.0,0.028052640928169226,0.1,1.115542259860966,1.115542259860966,0.0,0.0016034082001788563,0.06126000838492574
2025-09-16,BASELINE_MLP,21,2025-09-05,2025-09-08,2025-10-06,0,0.0006513338004159369,0.0,0.0006513338004159369,0.5051652971802396,0.4948347028197605,0.0,1.0,0.028052640928169226,0.1,1.1162688502406057,1.1162688502406057,0.0,0.0006511217746175387,0.0607663460477862
2025-09-17,BASELINE_MLP,21,2025-09-05,2025-09-08,2025-10-06,0,-0.0005038701409106442,0.0,-0.0005038701409106442,0.5048364801170563,0.49516351988294366,0.0,1.0,0.028052640928169226,0.1,1.1157063956977409,1.1162688502406057,-0.0005038701409105784,-0.000503997126127926,0.060844326918830884
2025-09-18,BASELINE_MLP,21,2025-09-05,2025-09-08,2025-10-06,0,0.0009213403359958559,0.0,0.0009213403359958559,0.5050909803805134,0.4949090196194867,0.0,1.0,0.028052640928169226,0.1,1.1167343410032258,1.1167343410032258,0.0,0.0009209161625072585,0.05840257828440543
2025-09-19,BASELINE_MLP,21,2025-09-05,2025-09-08,2025-10-06,0,-0.00022806601993919862,0.0,-0.00022806601993919862,0.5046260480478527,0.4953739519521473,0.0,1.0,0.028052640928169226,0.1,1.1164796518467437,1.1167343410032258,-0.00022806601993918818,-0.00022809203094881754,0.05862782794404545
2025-09-22,BASELINE_MLP,21,2025-09-05,2025-09-08,2025-10-06,0,0.0012614167151854018,0.0,0.0012614167151854018,0.5047411623558506,0.4952588376441494,0.0,1.0,0.028052640928169226,0.1,1.1178879979417475,1.1178879979417475,0.0,0.001260621797532115,0.0575184826092933
2025-09-23,BASELINE_MLP,21,2025-09-05,2025-09-08,2025-10-06,0,0.0006228707710126071,0.0,0.0006228707710126071,0.5041052755350776,0.49589472446492244,0.0,1.0,0.028052640928169226,0.1,1.1185842977009313,1.1185842977009313,0.0,0.0006226768675276137,0.03301750392798776
2025-09-24,BASELINE_MLP,21,2025-09-05,2025-09-08,2025-10-06,0,-0.0014129688531020874,0.0,-0.0014129688531020874,0.5037914785484046,0.49620852145159555,0.0,1.0,0.028052640928169226,0.1,1.1170037729287108,1.1185842977009313,-0.001412968853102048,-0.001413968034911431,0.028299017673519167
2025-09-25,BASELINE_MLP,21,2025-09-05,2025-09-08,2025-10-06,0,-0.0014359117984328082,0.0,-0.0014359117984328082,0.5045043274493457,0.4954956725506543,0.0,1.0,0.028052640928169226,0.1,1.1153998540322685,1.1185842977009313,-0.0028468517528879023,-0.0014369437077180183,0.02894256361394306
2025-09-26,BASELINE_MLP,21,2025-09-05,2025-09-08,2025-10-06,0,0.002037429070520929,0.0,0.002037429070520929,0.5052297928698473,0.4947702071301527,0.0,1.0,0.028052640928169226,0.1,1.1176724021201287,1.1185842977009313,-0.0008152229408876499,0.0020353563268135913,0.029092763110856026
2025-09-29,BASELINE_MLP,21,2025-09-05,2025-09-08,2025-10-06,0,0.0014319085330643322,0.0,0.0014319085330643322,0.5042025160063062,0.49579748399369383,0.0,1.0,0.028052640928169226,0.1,1.119272806769895,1.119272806769895,0.0,0.0014308843296346443,0.027028853236911513
2025-09-30,BASELINE_MLP,21,2025-09-05,2025-09-08,2025-10-06,0,0.0011603320518555015,0.0,0.0011603320518555015,0.50348157644076,0.49651842355924003,0.0,1.0,0.028052640928169226,0.1,1.1205715348823602,1.1205715348823602,0.0,0.0011596593869130653,0.02472812716016376
2025-10-01,BASELINE_MLP,21,2025-09-05,2025-09-08,2025-10-06,0,0.0026925467105000005,0.0,0.0026925467105000005,0.5028980477171783,0.4971019522828219,0.0,1.0,0.028052640928169226,0.1,1.1235887260824875,1.1235887260824875,0.0,0.002688928300309571,0.02430638349734757
2025-10-02,BASELINE_MLP,21,2025-09-05,2025-09-08,2025-10-06,0,0.0001948542984320158,0.0,0.0001948542984320158,0.5015476073568305,0.4984523926431696,0.0,1.0,0.028052640928169226,0.1,1.1238076621754345,1.1238076621754345,0.0,0.00019483531679893558,0.024453781480162442
2025-10-03,BASELINE_MLP,21,2025-09-05,2025-09-08,2025-10-06,0,0.0012665090769610296,0.0,0.0012665090769610296,0.5014498976888175,0.4985501023111826,0.0,1.0,0.028052640928169226,0.1,1.125230974780338,1.125230974780338,0.0,0.0012657077308767144,0.020501795452817752
2025-10-06,BASELINE_MLP,21,2025-09-05,2025-09-08,2025-10-06,0,0.0010867063577789946,0.0,0.0010867063577789946,0.50081561017265,0.4991843898273499,0.0,1.0,0.028052640928169226,0.1,1.1264537704346016,1.1264537704346016,0.0,0.001086116319851599,0.02051938979404456
2025-10-07,BASELINE_MLP,22,2025-10-06,2025-10-07,2025-11-05,1,-0.0011241289973222984,0.0005751733756739519,-0.0016993023729962504,1.1102230246251565e-16,0.9999999999999999,0.5751733756739519,1.0,0.05513506777391794,0.1,1.1245395848694315,1.1264537704346016,-0.0016993023729962031,-0.0017007478250124753,0.021924312265740403
2025-10-08,BASELINE_MLP,22,2025-10-06,2025-10-07,2025-11-05,0,0.004075616895487576,0.0,0.004075616895487576,1.111472463050597e-16,1.0,0.0,1.0,0.05513506777391794,0.1,1.12912277740117,1.12912277740117,0.0,0.0040673340664133225,0.02481839359769193
2025-10-09,BASELINE_MLP,22,2025-10-06,2025-10-07,2025-11-05,0,-0.004891146035626457,0.0,-0.004891146035626457,1.1069609144450404e-16,0.9999999999999998,0.0,1.0,0.05513506777391794,0.1,1.1236000730047488,1.12912277740117,-0.004891146035626459,-0.004903146838174252,0.03159847927264833
2025-10-10,BASELINE_MLP,22,2025-10-06,2025-10-07,2025-11-05,0,-0.013404068862973705,0.0,-0.013404068862973705,1.1124018342667377e-16,0.9999999999999998,0.0,1.0,0.05513506777391794,0.1,1.108539260251751,1.12912277740117,-0.0182296536403197,-0.013494714317269074,0.05651041395013259
2025-10-14,BASELINE_MLP,22,2025-10-06,2025-10-07,2025-11-05,0,0.000903332009070397,0.0,0.000903332009070397,1.1275151246414766e-16,1.0,0.0,1.0,0.05513506777391794,0.1,1.1095406392488476,1.12912277740117,-0.017342789060896813,0.0009029242502536758,0.05651521693398294
2025-10-15,BASELINE_MLP,22,2025-10-06,2025-10-07,2025-11-05,0,0.004466640455862124,0.0,0.004466640455862124,1.1264975233704773e-16,0.9999999999999998,0.0,1.0,0.05513506777391794,0.1,1.1144965583555397,1.12912277740117,-0.012953612608271547,0.0044566946226907616,0.05848020872028186
2025-10-16,BASELINE_MLP,22,2025-10-06,2025-10-07,2025-11-05,0,-0.0008494737588205817,0.0,-0.0008494737588205817,1.1214882386330254e-16,0.9999999999999996,0.0,1.0,0.05513506777391794,0.1,1.1135498227749208,1.12912277740117,-0.013792082613099499,-0.0008498347661126707,0.05848634015679463
2025-10-17,BASELINE_MLP,22,2025-10-06,2025-10-07,2025-11-05,0,0.00017488938472965272,0.0,0.00017488938472965272,1.1224417234228788e-16,0.9999999999999999,0.0,1.0,0.05513506777391794,0.1,1.1137445708182918,1.12912277740117,-0.013619605317212069,0.0001748740933640462,0.058476892604177794
2025-10-20,BASELINE_MLP,22,2025-10-06,2025-10-07,2025-11-05,0,0.010344721779742815,0.0,0.010344721779742815,1.122245454605807e-16,0.9999999999999999,0.0,1.0,0.05513506777391794,0.1,1.1252659485371062,1.12912277740117,-0.003415774565225682,0.010291581313420665,0.06863319254854902
2025-10-21,BASELINE_MLP,22,2025-10-06,2025-10-07,2025-11-05,0,-0.005503855845628477,0.0,-0.005503855845628477,1.1107550031329393e-16,0.9999999999999999,0.0,1.0,0.05513506777391794,0.1,1.1190726469683634,1.12912277740117,-0.008900830480046085,-0.005519057865690234,0.07159036835419655
2025-10-22,BASELINE_MLP,22,2025-10-06,2025-10-07,2025-11-05,0,-0.0004531197966229318,0.0,-0.0004531197966229318,1.1169022722329644e-16,0.9999999999999998,0.0,1.0,0.05513506777391794,0.1,1.118565572998163,1.12912277740117,-0.009349917134171992,-0.00045322248641966906,0.07148953799157406
2025-10-23,BASELINE_MLP,22,2025-10-06,2025-10-07,2025-11-05,0,0.0046104548979174,0.0,0.0046104548979174,1.117408592187001e-16,0.9999999999999996,0.0,1.0,0.05513506777391794,0.1,1.1237226691228341,1.12912277740117,-0.004782569607501008,0.004599859305254213,0.07321260604991353
2025-10-24,BASELINE_MLP,22,2025-10-06,2025-10-07,2025-11-05,0,0.0035802483615809543,0.0,0.0035802483615809543,1.1122804732313333e-16,0.9999999999999998,0.0,1.0,0.05513506777391794,0.1,1.1277458753678327,1.12912277740117,-0.0012194440329212908,0.0035738545288771855,0.07384760227212488
2025-10-27,BASELINE_MLP,22,2025-10-06,2025-10-07,2025-11-05,0,0.0033565323925120157,0.0,0.0033565323925120157,1.1083124394359232e-16,1.0,0.0,1.0,0.05513506777391794,0.1,1.1315311909290267,1.1315311909290267,0.0,0.0033509118112580484,0.0741632590587802
2025-10-28,BASELINE_MLP,22,2025-10-06,2025-10-07,2025-11-05,0,-0.0014761492756683653,0.0,-0.0014761492756683653,1.1046047976516815e-16,1.0,0.0,1.0,0.05513506777391794,0.1,1.1298608819811407,1.1315311909290267,-0.0014761492756683037,-0.0014772398573834587,0.07435461295856076
2025-10-29,BASELINE_MLP,22,2025-10-06,2025-10-07,2025-11-05,0,-0.0034516496565545965,0.0,-0.0034516496565545965,1.1062377697341915e-16,1.0,0.0,1.0,0.05513506777391794,0.1,1.125960998055896,1.1315311909290267,-0.004922703782082483,-0.0034576203423332553,0.07551644294933894
2025-10-30,BASELINE_MLP,22,2025-10-06,2025-10-07,2025-11-05,0,-0.003925293677621138,0.0,-0.003925293677621138,1.1100693401910136e-16,1.0,0.0,1.0,0.05513506777391794,0.1,1.1215412704689791,1.1315311909290267,-0.008828674401671122,-0.003933017862604327,0.07682148669441612
2025-10-31,BASELINE_MLP,22,2025-10-06,2025-10-07,2025-11-05,0,0.0006810330139736089,0.0,0.0006810330139736089,1.1144438596272722e-16,1.0,0.0,1.0,0.05513506777391794,0.1,1.1223050771007026,1.1315311909290267,-0.00815365400643453,0.0006808012162258565,0.07626233348019956
2025-11-03,BASELINE_MLP,22,2025-10-06,2025-10-07,2025-11-05,0,0.0006661223913599965,0.0,0.0006661223913599965,1.1136854031005805e-16,0.9999999999999999,0.0,1.0,0.05513506777391794,0.1,1.1230526696424963,1.1315311909290267,-0.00749296294657964,0.0006659006303143948,0.07629918329983582
2025-11-04,BASELINE_MLP,22,2025-10-06,2025-10-07,2025-11-05,0,-0.006864305719963389,0.0,-0.006864305719963389,1.112944046151108e-16,0.9999999999999994,0.0,1.0,0.05513506777391794,0.1,1.115343692778449,1.1315311909290267,-0.014305834678129514,-0.006887973436951614,0.07970389928648472
2025-11-05,BASELINE_MLP,22,2025-10-06,2025-10-07,2025-11-05,0,0.0022718515539954885,0.0,0.0022718515539954885,1.1206364372573735e-16,1.0,0.0,1.0,0.05513506777391794,0.1,1.1178775880801268,1.1315311909290267,-0.012066483856878696,0.0022692748011824185,0.08009009806311573
2025-11-06,BASELINE_MLP,23,2025-11-05,2025-11-06,2025-12-08,1,-0.0006970066713843598,0.0006979707540351829,-0.0013949774254195428,0.6728813678679757,0.32711863213202425,0.6979707540351829,1.0,0.020719486092659143,0.1,1.1163181740803727,1.1315311909290267,-0.013444628809713643,-0.0013959513122337027,0.08003293512518393
2025-11-07,BASELINE_MLP,23,2025-11-05,2025-11-06,2025-12-08,0,0.0005782238992543612,0.0,0.0005782238992543612,0.6733506977965212,0.3266493022034788,0.0,1.0,0.020719486092659143,0.1,1.116963655927798,1.1315311909290267,-0.012874178916153611,0.0005780567922292741,0.07850482370983018
2025-11-10,BASELINE_MLP,23,2025-11-05,2025-11-06,2025-12-08,0,0.003159754794232009,0.0,0.003159754794232009,0.6729615753303855,0.3270384246696147,0.0,1.0,0.020719486092659143,0.1,1.1204929871945988,1.1315311909290267,-0.009755103370473694,0.0031547732599116825,0.07778964876640232
2025-11-12,BASELINE_MLP,23,2025-11-05,2025-11-06,2025-12-08,0,0.0003471456105787979,0.0,0.0003471456105787979,0.6708418794855094,0.32915812051449067,0.0,1.0,0.020719486092659143,0.1,1.1208819614167878,1.1315311909290267,-0.009411344201210703,0.000347085369482544,0.06073906123655222
2025-11-13,BASELINE_MLP,23,2025-11-05,2025-11-06,2025-12-08,0,-0.0031763965267124646,0.0,-0.0031763965267124646,0.6706090804868041,0.3293909195131958,0.0,1.0,0.020719486092659143,0.1,1.1173215958476888,1.1315311909290267,-0.01255784656689074,-0.003181451982419752,0.062054447345826914
2025-11-14,BASELINE_MLP,23,2025-11-05,2025-11-06,2025-12-08,0,-0.0005266067557930852,0.0,-0.0005266067557930852,0.6727459885080609,0.32725401149193917,0.0,1.0,0.020719486092659143,0.1,1.1167332067469218,1.1315311909290267,-0.013077840275843577,-0.0005267454618285365,0.06025676520316747
2025-11-17,BASELINE_MLP,23,2025-11-05,2025-11-06,2025-12-08,0,-0.0025224424488954947,0.0,-0.0025224424488954947,0.6731004477511741,0.326899552248826,0.0,1.0,0.020719486092659143,0.1,1.113916311502132,1.1315311909290267,-0.015567294625287498,-0.0025256291668525606,0.06086458254790767
2025-11-18,BASELINE_MLP,23,2025-11-05,2025-11-06,2025-12-08,0,-0.0004014650174148835,0.0,-0.0004014650174148835,0.6748025984701802,0.3251974015298198,0.0,1.0,0.020719486092659143,0.1,1.1134691130707361,1.1315311909290267,-0.015962509918494572,-0.0004015456260700795,0.060878337340124114
2025-11-19,BASELINE_MLP,23,2025-11-05,2025-11-06,2025-12-08,0,-0.00027259829939418233,0.0,-0.00027259829939418233,0.6750736169115499,0.32492638308845007,0.0,1.0,0.020719486092659143,0.1,1.1131655832840852,1.1315311909290267,-0.016230756864830775,-0.0002726354610642241,0.0479839704538779
2025-11-20,BASELINE_MLP,23,2025-11-05,2025-11-06,2025-12-08,0,-0.0026349947613479555,0.0,-0.0026349947613479555,0.6752576910097721,0.324742308990228,0.0,1.0,0.020719486092659143,0.1,1.1102323978036188,1.1315311909290267,-0.018822983666867188,-0.0026384724705511655,0.04515279081322357
2025-11-21,BASELINE_MLP,23,2025-11-05,2025-11-06,2025-12-08,0,0.002133096752705817,0.0,0.002133096752705817,0.6770416923222553,0.3229583076777447,0.0,1.0,0.020719486092659143,0.1,1.1126006309261225,1.1315311909290267,-0.016730038159497362,0.002130824931929669,0.045978060523233784
2025-11-24,BASELINE_MLP,23,2025-11-05,2025-11-06,2025-12-08,0,0.0025333274998219713,0.0,0.0025333274998219713,0.6756005709382608,0.32439942906173935,0.0,1.0,0.020719486092659143,0.1,1.115419212700767,1.1315311909290267,-0.01423909332541795,0.0025301240348545974,0.04372860874843036
2025-11-25,BASELINE_MLP,23,2025-11-05,2025-11-06,2025-12-08,0,0.0018399535587078036,0.0,0.0018399535587078036,0.6738933783110375,0.32610662168896254,0.0,1.0,0.020719486092659143,0.1,1.1174715322506266,1.1315311909290267,-0.012425339037147154,0.0018382629176417371,0.042149524660675244
2025-11-26,BASELINE_MLP,23,2025-11-05,2025-11-06,2025-12-08,0,0.0020015087848343667,0.0,0.0020015087848343667,0.6726557230196821,0.3273442769803178,0.0,1.0,0.020719486092659143,0.1,1.1197081613392286,1.1315311909290267,-0.010448699677550133,0.0019995084348271718,0.0408599964668035
2025-11-28,BASELINE_MLP,23,2025-11-05,2025-11-06,2025-12-08,0,0.001275273861071159,0.0,0.001275273861071159,0.6713120859822234,0.32868791401777675,0.0,1.0,0.020719486092659143,0.1,1.1211360958894125,1.1315311909290267,-0.009186750770059926,0.0012744613900361513,0.04114181730286374
2025-12-01,BASELINE_MLP,23,2025-11-05,2025-11-06,2025-12-08,0,-0.0012512837139134817,0.0,-0.0012512837139134817,0.6704570696063838,0.32954293039361604,0.0,1.0,0.020719486092659143,0.1,1.1197332365515456,1.1315311909290267,-0.010426539252351152,-0.0012520672230428413,0.03974122841052724
2025-12-02,BASELINE_MLP,23,2025-11-05,2025-11-06,2025-12-08,0,-0.00013498163220468688,0.0,-0.00013498163220468688,0.671297052675595,0.32870294732440497,0.0,1.0,0.020719486092659143,0.1,1.119582093131642,1.1315311909290267,-0.010560113493269241,-0.00013499074304507648,0.03743412384946891
2025-12-03,BASELINE_MLP,23,2025-11-05,2025-11-06,2025-12-08,0,0.0016647441214371495,0.0,0.0016647441214371495,0.6713876776801704,0.3286123223198297,0.0,1.0,0.020719486092659143,0.1,1.1214459108396493,1.1315311909290267,-0.008912949258691683,0.0016633599709002774,0.037839359510957515
2025-12-04,BASELINE_MLP,23,2025-11-05,2025-11-06,2025-12-08,0,0.00014798680138178275,0.0,0.00014798680138178275,0.6702718465638383,0.3297281534361615,0.0,1.0,0.020719486092659143,0.1,1.1216118700329172,1.1315311909290267,-0.00876628145616154,0.0001479758524152795,0.037760680236197754
2025-12-05,BASELINE_MLP,23,2025-11-05,2025-11-06,2025-12-08,0,7.29532385492671e-05,0.0,7.29532385492671e-05,0.6701726698540532,0.32982733014594684,0.0,1.0,0.020719486092659143,0.1,1.1216936952512313,1.1315311909290267,-0.008693967746234543,7.295057759117591e-05,0.028456810277292268
2025-12-08,BASELINE_MLP,23,2025-11-05,2025-11-06,2025-12-08,0,-0.0012193537781234613,0.0,-0.0012193537781234613,0.6701237821539162,0.3298762178460838,0.0,1.0,0.020719486092659143,0.1,1.1203259538060295,1.1315311909290267,-0.009902720501939744,-0.0012200977948161136,0.027930773564305744
2025-12-09,BASELINE_MLP,24,2025-12-08,2025-12-09,2025-12-31,1,-0.0005235995151817087,0.0006709418976917677,-0.0011945414128734764,1.1102230246251565e-16,0.9999999999999999,0.6709418976917677,1.0,0.05210760609163134,0.1,1.1189876780582912,1.1315311909290267,-0.011085432705073561,-0.0011952554461518658,0.0278033178971696
2025-12-10,BASELINE_MLP,24,2025-12-08,2025-12-09,2025-12-31,0,0.005942545096314993,0.0,0.005942545096314993,1.1108046413968534e-16,0.9999999999999998,0.0,1.0,0.05210760609163134,0.1,1.1256373127973736,1.1315311909290267,-0.005208763292520513,0.005924957816278752,0.034331617050268326
2025-12-11,BASELINE_MLP,24,2025-12-08,2025-12-09,2025-12-31,0,0.0010005707682985154,0.0,0.0010005707682985154,1.1042426297721588e-16,0.9999999999999997,0.0,1.0,0.05210760609163134,0.1,1.1267635925882646,1.1315311909290267,-0.004213404260511533,0.0010000705310213853,0.03291009479359328
2025-12-12,BASELINE_MLP,24,2025-12-08,2025-12-09,2025-12-31,0,-0.00638559260247766,0.0,-0.00638559260247766,1.103138861274194e-16,0.9999999999999998,0.0,1.0,0.05210760609163134,0.1,1.1195685393266919,1.1315311909290267,-0.01057209177991203,-0.006406067709254974,0.0402056359948401
2025-12-15,BASELINE_MLP,24,2025-12-08,2025-12-09,2025-12-31,0,0.00020616819568987675,0.0,0.00020616819568987675,1.1102283270665716e-16,0.9999999999999999,0.0,1.0,0.05210760609163134,0.1,1.119799358752396,1.1315311909290267,-0.010368103213309054,0.00020614694594805018,0.03856652309567939
2025-12-16,BASELINE_MLP,24,2025-12-08,2025-12-09,2025-12-31,0,-0.001165185063864844,0.0,-0.001165185063864844,1.109999480476465e-16,0.9999999999999997,0.0,1.0,0.05210760609163134,0.1,1.1184945852650523,1.1315311909290267,-0.011521207518169096,-0.00116586441974953,0.03876159076704111
2025-12-17,BASELINE_MLP,24,2025-12-08,2025-12-09,2025-12-31,0,-0.0009858303968736035,0.0,-0.0009858303968736035,1.111294344047707e-16,0.9999999999999999,0.0,1.0,0.05210760609163134,0.1,1.1173919393041594,1.1315311909290267,-0.01249567995846268,-0.000986316647259178,0.03781550837799258
2025-12-18,BASELINE_MLP,24,2025-12-08,2025-12-09,2025-12-31,0,0.002965682323257269,0.0,0.002965682323257269,1.112390972881982e-16,0.9999999999999998,0.0,1.0,0.05210760609163134,0.1,1.120705768826704,1.1315311909290267,-0.009567055852375272,0.002961293362803144,0.03897585001717208
2025-12-19,BASELINE_MLP,24,2025-12-08,2025-12-09,2025-12-31,0,0.0013291540756356697,0.0,0.0013291540756356697,1.1091017294881445e-16,0.9999999999999996,0.0,1.0,0.05210760609163134,0.1,1.1221953594669285,1.1315311909290267,-0.008250617868017507,0.0013282715322947747,0.039069523861780225
2025-12-22,BASELINE_MLP,24,2025-12-08,2025-12-09,2025-12-31,0,0.0034492704999510315,0.0,0.0034492704999510315,1.1076295191984082e-16,1.0,0.0,1.0,0.05210760609163134,0.1,1.1260661148155198,1.1315311909290267,-0.004829805980885005,0.0034433354103640154,0.03881944708856641
2025-12-23,BASELINE_MLP,24,2025-12-08,2025-12-09,2025-12-31,0,0.0027462011381722906,0.0,0.0027462011381722906,1.1038221380604035e-16,1.0000000000000002,0.0,1.0,0.05210760609163134,0.1,1.1291585188616833,1.1315311909290267,-0.002096868461394674,0.00274243721724124,0.0391648663748552
2025-12-24,BASELINE_MLP,24,2025-12-08,2025-12-09,2025-12-31,0,0.002874044126631454,0.0,0.002874044126631454,1.1007991222579594e-16,0.9999999999999998,0.0,1.0,0.05210760609163134,0.1,1.1324037702708536,1.1324037702708536,0.0,0.002869921958117926,0.03938164460811145
2025-12-26,BASELINE_MLP,24,2025-12-08,2025-12-09,2025-12-31,0,-4.9592809090650755e-05,0.0,-4.9592809090650755e-05,1.0976444436914385e-16,1.0,0.0,1.0,0.05210760609163134,0.1,1.132347611186861,1.1324037702708536,-4.9592809090781564e-05,-4.959403885466598e-05,0.039248748850959504
2025-12-29,BASELINE_MLP,24,2025-12-08,2025-12-09,2025-12-31,0,-0.002038794893404165,0.0,-0.002038794893404165,1.0976988816625157e-16,1.0,0.0,1.0,0.05210760609163134,0.1,1.1300389866596148,1.1324037702708536,-0.002088286592928923,-0.002040876064915205,0.03996115129343395
2025-12-30,BASELINE_MLP,24,2025-12-08,2025-12-09,2025-12-31,0,-0.00010313127082764846,0.0,-0.00010313127082764846,1.0999414366465943e-16,1.0,0.0,1.0,0.05210760609163134,0.1,1.1299224443028357,1.1324037702708536,-0.0021912024961064924,-0.00010313658922282477,0.0398823986313783
2025-12-31,BASELINE_MLP,24,2025-12-08,2025-12-09,2025-12-31,0,-0.005513422514093396,0.0,-0.005513422514093396,1.1000548867050402e-16,0.9999999999999997,0.0,1.0,0.05210760609163134,0.1,1.123692704459237,1.1324037702708536,-0.007692543985024836,-0.005528677525389543,0.044554199303318366
2023-12-29,BASELINE_LSTM,1,2023-12-28,2023-12-29,2024-01-30,1,-0.002300602964625751,0.001,-0.003300602964625751,0.0,1.0,1.0,1.0,0.09264952282300186,0.1,0.9966993970353742,0.9966993970353742,0.0,-0.0033060619699065417,
2024-01-02,BASELINE_LSTM,1,2023-12-28,2023-12-29,2024-01-30,0,-0.004438363631420813,0.0,-0.004438363631420813,0.0,1.0000000000000002,0.0,1.0,0.09264952282300186,0.1,0.9922756826801133,0.9966993970353742,-0.004438363631420805,-0.004448242408523445,
2024-01-03,BASELINE_LSTM,1,2023-12-28,2023-12-29,2024-01-30,0,-0.005600673298371118,0.0,-0.005600673298371118,0.0,0.9999999999999999,0.0,1.0,0.09264952282300186,0.1,0.9867182707595039,0.9966993970353742,-0.01001417910511293,-0.005616415875940462,
2024-01-04,BASELINE_LSTM,1,2023-12-28,2023-12-29,2024-01-30,0,-0.0019518805960927585,0.0,-0.0019518805960927585,0.0,0.9999999999999998,0.0,1.0,0.09264952282300186,0.1,0.9847923145129982,0.9966993970353742,-0.011946513219324717,-0.001953787997440717,
2024-01-05,BASELINE_LSTM,1,2023-12-28,2023-12-29,2024-01-30,0,-0.00014958003523005698,0.0,-0.00014958003523005698,0.0,0.9999999999999998,0.0,1.0,0.09264952282300186,0.1,0.9846450092438991,0.9966993970353742,-0.012094306294686552,-0.00014959122343922909,
2024-01-08,BASELINE_LSTM,1,2023-12-28,2023-12-29,2024-01-30,0,0.010768665492066145,0.0,0.010768665492066145,0.0,0.9999999999999998,0.0,1.0,0.09264952282300186,0.1,0.9952483219768791,0.9966993970353742,-0.0014558803414663757,0.010711096340346667,
2024-01-09,BASELINE_LSTM,1,2023-12-28,2023-12-29,2024-01-30,0,-0.0007409298481578154,0.0,-0.0007409298481578154,0.0,0.9999999999999998,0.0,1.0,0.09264952282300186,0.1,0.9945109127887974,0.9966993970353742,-0.0021957314844238685,-0.0007412044723376413,
2024-01-10,BASELINE_LSTM,1,2023-12-28,2023-12-29,2024-01-30,0,0.0034893308403467567,0.0,0.0034893308403467567,0.0,1.0,0.0,1.0,0.09264952282300186,0.1,0.9979810903878528,0.9979810903878528,0.0,0.003483257249900404,
2024-01-11,BASELINE_LSTM,1,2023-12-28,2023-12-29,2024-01-30,0,0.0018769265230953877,0.0,0.0018769265230953877,0.0,1.0,0.0,1.0,0.09264952282300186,0.1,0.9998542275659493,0.9998542275659493,0.0,0.0018751672974563851,
2024-01-12,BASELINE_LSTM,1,2023-12-28,2023-12-29,2024-01-30,0,0.0015967673542561624,0.0,0.0015967673542561624,0.0,0.9999999999999999,0.0,1.0,0.09264952282300186,0.1,1.0014507621555415,1.0014507621555415,0.0,0.0015954938767156965,
2024-01-16,BASELINE_LSTM,1,2023-12-28,2023-12-29,2024-01-30,0,-0.0054640718453814645,0.0,-0.0054640718453814645,0.0,1.0,0.0,1.0,0.09264952282300186,0.1,0.9959787632415116,1.0014507621555415,-0.005464071845381446,-0.005479054488362955,
2024-01-17,BASELINE_LSTM,1,2023-12-28,2023-12-29,2024-01-30,0,-0.004708295460609874,0.0,-0.004708295460609874,0.0,0.9999999999999998,0.0,1.0,0.09264952282300186,0.1,0.9912894009516777,1.0014507621555415,-0.010146640841325327,-0.004719414398239228,
2024-01-18,BASELINE_LSTM,1,2023-12-28,2023-12-29,2024-01-30,0,0.00747403582003982,0.0,0.00747403582003982,0.0,1.0000000000000002,0.0,1.0,0.09264952282300186,0.1,0.9986983334424163,1.0014507621555415,-0.0027484413783867012,0.007446243608402189,
2024-01-19,BASELINE_LSTM,1,2023-12-28,2023-12-29,2024-01-30,0,0.009533522519472875,0.0,0.009533522519472875,0.0,1.0,0.0,1.0,0.09264952282300186,0.1,1.0082194464944496,1.0082194464944496,0.0,0.009488365271887542,
2024-01-22,BASELINE_LSTM,1,2023-12-28,2023-12-29,2024-01-30,0,0.0030810795752467517,0.0,0.0030810795752467517,0.0,0.9999999999999999,0.0,1.0,0.09264952282300186,0.1,1.0113258508384102,1.0113258508384102,0.0,0.0030763427767136736,
2024-01-23,BASELINE_LSTM,1,2023-12-28,2023-12-29,2024-01-30,0,0.0014938233345366957,0.0,0.0014938233345366957,0.0,0.9999999999999999,0.0,1.0,0.09264952282300186,0.1,1.0128365929932128,1.0128365929932128,0.0,0.0014927086903755223,
2024-01-24,BASELINE_LSTM,1,2023-12-28,2023-12-29,2024-01-30,0,-0.0004336873179154916,0.0,-0.0004336873179154916,0.0,1.0,0.0,1.0,0.09264952282300186,0.1,1.012397338607711,1.0128365929932128,-0.00043368731791548765,-0.00043378138745918057,
2024-01-25,BASELINE_LSTM,1,2023-12-28,2023-12-29,2024-01-30,0,0.0034627952295080834,0.0,0.0034627952295080834,0.0,0.9999999999999999,0.0,1.0,0.09264952282300186,0.1,1.0159030632822084,1.0159030632822084,0.0,0.003456813558996642,
2024-01-26,BASELINE_LSTM,1,2023-12-28,2023-12-29,2024-01-30,0,-0.001658060707894466,0.0,-0.001658060707894466,0.0,0.9999999999999999,0.0,1.0,0.09264952282300186,0.1,1.0142186343299506,1.0159030632822084,-0.0016580607078943155,-0.0016594368118696455,
2024-01-29,BASELINE_LSTM,1,2023-12-28,2023-12-29,2024-01-30,0,0.006741343223288125,0.0,0.006741343223288125,0.0,0.9999999999999998,0.0,1.0,0.09264952282300186,0.1,1.0210558302474233,1.0210558302474233,0.0,0.006718721977208216,
2024-01-30,BASELINE_LSTM,1,2023-12-28,2023-12-29,2024-01-30,0,-0.0007064631009459805,0.0,-0.0007064631009459805,0.0,0.9999999999999998,0.0,1.0,0.09264952282300186,0.1,1.0203344919793478,1.0210558302474233,-0.0007064631009459088,-0.0007067127635943705,0.07532184711119642
2024-01-31,BASELINE_LSTM,2,2024-01-30,2024-01-31,2024-02-29,1,-0.009888985025486055,0.0009995281212894478,-0.010888513146775504,0.0764484768003747,0.9235515231996253,0.9995281212894479,0.9235515231996255,0.1,0.1,1.0092245664493222,1.0210558302474233,-0.011587283914959001,-0.010948226864060044,0.08482636093242038
2024-02-01,BASELINE_LSTM,2,2024-01-30,2024-01-31,2024-02-29,0,0.00859223609276477,0.0,0.00859223609276477,0.07721202536297662,0.9227879746370236,0.0,0.9235515231996255,0.1,0.1,1.017896062194873,1.0210558302474233,-0.0030946085012655278,0.00855553292390496,0.08701808697334258
2024-02-02,BASELINE_LSTM,2,2024-01-30,2024-01-31,2024-02-29,0,-0.003659830443638041,0.0,-0.003659830443638041,0.07655425314604054,0.9234457468539594,0.0,0.9235515231996255,0.1,0.1,1.014170735197993,1.0210558302474233,-0.006743113202499318,-0.0036665440084208624,0.08533552184290044
2024-02-05,BASELINE_LSTM,2,2024-01-30,2024-01-31,2024-02-29,0,-0.006622896782858307,0.0,-0.006622896782858307,0.07683545789399185,0.9231645421060081,0.0,0.9235515231996255,0.1,0.1,1.007453987098581,1.0210558302474233,-0.013321351042622442,-0.006644925480152528,0.08906000118921834
2024-02-06,BASELINE_LSTM,2,2024-01-30,2024-01-31,2024-02-29,0,0.005755007548023655,0.0,0.005755007548023655,0.0773477238856757,0.9226522761143244,0.0,0.9235515231996255,0.1,0.1,1.01325189239862,1.0210558302474233,-0.007643007970398852,0.005738510754603803,0.09035913444602975
2024-02-07,BASELINE_LSTM,2,2024-01-30,2024-01-31,2024-02-29,0,0.0008518181553946434,0.0,0.0008518181553946434,0.07690513425754178,0.9230948657424582,0.0,0.9235515231996255,0.1,0.1,1.0141149987565532,1.0210558302474233,-0.00679770026795512,0.0008514555642029438,0.08371891398362731
2024-02-08,BASELINE_LSTM,2,2024-01-30,2024-01-31,2024-02-29,0,0.002874870651477812,0.0,0.002874870651477812,0.07683968082236256,0.9231603191776373,0.0,0.9235515231996255,0.1,0.1,1.0170304482037018,1.0210558302474233,-0.003942372125475324,0.002870746113963424,0.08376484689816692
2024-02-09,BASELINE_LSTM,2,2024-01-30,2024-01-31,2024-02-29,0,0.005211339391307598,0.0,0.005211339391307598,0.07661940992942293,0.9233805900705774,0.0,0.9235515231996255,0.1,0.1,1.022330539040585,1.022330539040585,0.0,0.005197807355176866,0.08459466029137847
2024-02-12,BASELINE_LSTM,2,2024-01-30,2024-01-31,2024-02-29,0,0.005198322396139178,0.0,0.005198322396139178,0.07622219022700122,0.9237778097729991,0.0,0.9235515231996255,0.1,0.1,1.0276449427779366,1.0276449427779366,0.0,0.005184857760458913,0.08572259125522984
2024-02-13,BASELINE_LSTM,2,2024-01-30,2024-01-31,2024-02-29,0,-0.019020291684418576,0.0,-0.019020291684418576,0.0758280117751358,0.9241719882248643,0.0,0.9235515231996255,0.1,0.1,1.0080988362182826,1.0276449427779366,-0.019020291684418655,-0.01920350432430211,0.11129935667680571
2024-02-14,BASELINE_LSTM,2,2024-01-30,2024-01-31,2024-02-29,0,0.010174634449534077,0.0,0.010174634449534077,0.07729824697937779,0.9227017530206222,0.0,0.9235515231996255,0.1,0.1,1.0183558733658045,1.0276449427779366,-0.00903918174989693,0.01012322130233132,0.11415165234266045
2024-02-15,BASELINE_LSTM,2,2024-01-30,2024-01-31,2024-02-29,0,0.011954322256112255,0.0,0.011954322256112255,0.07651968713459062,0.9234803128654095,0.0,0.9235515231996255,0.1,0.1,1.0305296276474238,1.0305296276474238,0.0,0.011883433736047897,0.11798820407445351
2024-02-16,BASELINE_LSTM,2,2024-01-30,2024-01-31,2024-02-29,0,-0.004950057555582318,0.0,-0.004950057555582318,0.07561575206674645,0.9243842479332536,0.0,0.9235515231996255,0.1,0.1,1.0254284466778363,1.0305296276474238,-0.00495005755558231,-0.004962349671716352,0.11839994101438772
2024-02-20,BASELINE_LSTM,2,2024-01-30,2024-01-31,2024-02-29,0,-0.0038395624732732643,0.0,-0.0038395624732732643,0.0759919164268182,0.9240080835731818,0.0,0.9235515231996255,0.1,0.1,1.0214912500949451,1.0305296276474238,-0.008770613973624664,-0.0038469525156843284,0.11570056478874104
2024-02-21,BASELINE_LSTM,2,2024-01-30,2024-01-31,2024-02-29,0,-0.0012684733701376074,0.0,-0.0012684733701376074,0.07628481674647848,0.9237151832535213,0.0,0.9235515231996255,0.1,0.1,1.0201955156463711,1.0305296276474238,-0.010027962053496986,-0.0012692785634658699,0.11551857652273305
2024-02-22,BASELINE_LSTM,2,2024-01-30,2024-01-31,2024-02-29,0,0.007785892316015602,0.0,0.007785892316015602,0.07638170490511635,0.9236182950948838,0.0,0.9235515231996255,0.1,0.1,1.028138648072476,1.0305296276474238,-0.002320146370178855,0.007755738670663009,0.11825909076737828
2024-02-23,BASELINE_LSTM,2,2024-01-30,2024-01-31,2024-02-29,0,0.0019086263670333643,0.0,0.0019086263670333643,0.07579159967161458,0.9242084003283856,0.0,0.9235515231996255,0.1,0.1,1.030100980605153,1.0305296276474238,-0.0004159482956829219,0.0019068072540324762,0.11825079385055044
2024-02-26,BASELINE_LSTM,2,2024-01-30,2024-01-31,2024-02-29,0,-3.3490907508903155e-05,0.0,-3.3490907508903155e-05,0.07564721739789623,0.9243527826021036,0.0,0.9235515231996255,0.1,0.1,1.0300664815884868,1.0305296276474238,-0.0004494252727059722,-3.349146834186795e-05,0.11788977440843079
2024-02-27,BASELINE_LSTM,2,2024-01-30,2024-01-31,2024-02-29,0,0.0041005082130762755,0.0,0.0041005082130762755,0.07564975097670928,0.9243502490232908,0.0,0.9235515231996255,0.1,0.1,1.034290277656255,1.034290277656255,0.0,0.004092124041036318,0.1181477354977558
2024-02-28,BASELINE_LSTM,2,2024-01-30,2024-01-31,2024-02-29,0,-0.0029766615956611656,0.0,-0.0029766615956611656,0.07534081534460885,0.9246591846553911,0.0,0.9235515231996255,0.1,0.1,1.03121154550799,1.034290277656255,-0.002976661595661123,-0.0029811006640469077,0.11693475242277429
2024-02-29,BASELINE_LSTM,2,2024-01-30,2024-01-31,2024-02-29,0,0.002898252247717374,0.0,0.002898252247717374,0.07556574900762723,0.9244342509923731,0.0,0.9235515231996255,0.1,0.1,1.0342002566876307,1.034290277656255,-8.703646410401777e-05,0.002894060412049964,0.11714278259961426
2024-03-01,BASELINE_LSTM,3,2024-02-29,2024-03-01,2024-04-01,1,0.006418479988352395,0.0007492145227616614,0.005669265465590734,0.0,1.0,0.7492145227616615,1.0,0.07357837642463605,0.1,1.040063412487375,1.040063412487375,0.0,0.0056532556608523575,0.11036561180929151
2024-03-04,BASELINE_LSTM,3,2024-02-29,2024-03-01,2024-04-01,0,0.0005041980898612242,0.0,0.0005041980898612242,0.0,0.9999999999999998,0.0,1.0,0.07357837642463605,0.1,1.0405878104732857,1.0405878104732857,0.0,0.0005040710247131903,0.10730052746687738
2024-03-05,BASELINE_LSTM,3,2024-02-29,2024-03-01,2024-04-01,0,-0.0016612844330822804,0.0,-0.0016612844330822804,0.0,0.9999999999999999,0.0,1.0,0.07357837642463605,0.1,1.0388590981424912,1.0405878104732857,-0.0016612844330823329,-0.001662665896280287,0.10641155817187813
2024-03-06,BASELINE_LSTM,3,2024-02-29,2024-03-01,2024-04-01,0,0.005332507950471052,0.0,0.005332507950471052,0.0,1.0000000000000002,0.0,1.0,0.07357837642463605,0.1,1.0443988225427554,1.0443988225427554,0.0,0.005318340473089567,0.10340356004596245
2024-03-07,BASELINE_LSTM,3,2024-02-29,2024-03-01,2024-04-01,0,0.0035926998232014983,0.0,0.0035926998232014983,0.0,1.0,0.0,1.0,0.07357837642463605,0.1,1.0481510340078566,1.0481510340078566,0.0,0.003586261493241631,0.10261413502373028
2024-03-08,BASELINE_LSTM,3,2024-02-29,2024-03-01,2024-04-01,0,-0.0004873110807525002,0.0,-0.0004873110807525002,0.0,0.9999999999999999,0.0,1.0,0.07357837642463605,0.1,1.0476402583946824,1.0481510340078566,-0.00048731108075239504,-0.0004874298553855762,0.10284381455421313
2024-03-11,BASELINE_LSTM,3,2024-02-29,2024-03-01,2024-04-01,0,0.0006284403109217133,0.0,0.0006284403109217133,0.0,1.0,0.0,1.0,0.07357837642463605,0.1,1.0482986377644021,1.0482986377644021,0.0,0.0006282429250020341,0.10277397119188637
2024-03-12,BASELINE_LSTM,3,2024-02-29,2024-03-01,2024-04-01,0,0.0022793962964149177,0.0,0.0022793962964149177,0.0,1.0000000000000002,0.0,1.0,0.07357837642463605,0.1,1.0506881257968592,1.0506881257968592,0.0,0.002276802413586996,0.10192355968891373
2024-03-13,BASELINE_LSTM,3,2024-02-29,2024-03-01,2024-04-01,0,0.002270693319181021,0.0,0.002270693319181021,0.0,0.9999999999999998,0.0,1.0,0.07357837642463605,0.1,1.053073916304649,1.053073916304649,0.0,0.002268119191073339,0.10102063087128382
2024-03-14,BASELINE_LSTM,3,2024-02-29,2024-03-01,2024-04-01,0,-0.004990153344549164,0.0,-0.004990153344549164,0.0,1.0,0.0,1.0,0.07357837642463605,0.1,1.047818915979144,1.053073916304649,-0.004990153344548998,-0.005002645736379221,0.07305064726796032
2024-03-15,BASELINE_LSTM,3,2024-02-29,2024-03-01,2024-04-01,0,-0.001958668013358873,0.0,-0.001958668013358873,0.0,1.0,0.0,1.0,0.07357837642463605,0.1,1.0457665865846233,1.053073916304649,-0.006939047304170165,-0.001960588711969229,0.06757473223108734
2024-03-18,BASELINE_LSTM,3,2024-02-29,2024-03-01,2024-04-01,0,0.003063990136096143,0.0,0.003063990136096143,0.0,0.9999999999999999,0.0,1.0,0.07357837642463605,0.1,1.0489708050905775,1.053073916304649,-0.003896318340567917,0.003059305684621943,0.056031081994348315
2024-03-19,BASELINE_LSTM,3,2024-02-29,2024-03-01,2024-04-01,0,0.003627042878487441,0.0,0.003627042878487441,0.0,1.0,0.0,1.0,0.07357837642463605,0.1,1.0527754671789225,1.053073916304649,-0.000283407575769945,0.0036204810204400516,0.05260695783231794
2024-03-20,BASELINE_LSTM,3,2024-02-29,2024-03-01,2024-04-01,0,0.0067424368322083926,0.0,0.0067424368322083926,0.0,1.0,0.0,1.0,0.07357837642463605,0.1,1.0598737392648752,1.0598737392648752,0.0,0.006719808262512423,0.05243338524159907
2024-03-21,BASELINE_LSTM,3,2024-02-29,2024-03-01,2024-04-01,0,0.0027535538514546296,0.0,0.0027535538514546296,0.0,1.0000000000000002,0.0,1.0,0.07357837642463605,0.1,1.0627921586816838,1.0627921586816838,0.0,0.0027497697669102974,0.051348255436341216
2024-03-22,BASELINE_LSTM,3,2024-02-29,2024-03-01,2024-04-01,0,-0.0039192415164933415,0.0,-0.0039192415164933415,0.0,0.9999999999999997,0.0,1.0,0.07357837642463605,0.1,1.0586268195299748,1.0627921586816838,-0.003919241516493366,-0.003926941869806842,0.05064194331477687
2024-03-25,BASELINE_LSTM,3,2024-02-29,2024-03-01,2024-04-01,0,-0.0013426933303049204,0.0,-0.0013426933303049204,0.0,1.0,0.0,1.0,0.07357837642463605,0.1,1.0572054083601101,1.0627921586816838,-0.0052566725073541765,-0.001343595550688499,0.05147021645820945
2024-03-26,BASELINE_LSTM,3,2024-02-29,2024-03-01,2024-04-01,0,-7.438268650448182e-05,0.0,-7.438268650448182e-05,0.0,1.0,0.0,1.0,0.07357837642463605,0.1,1.0571267705816492,1.0627921586816838,-0.00533066418843553,-7.43854530336964e-05,0.0514831262767374
2024-03-27,BASELINE_LSTM,3,2024-02-29,2024-03-01,2024-04-01,0,0.007692853986054953,0.0,0.007692853986054953,0.0,1.0,0.0,1.0,0.07357837642463605,0.1,1.0652590924724836,1.0652590924724836,0.0,0.0076634148689881595,0.055323673602173884
2024-03-28,BASELINE_LSTM,3,2024-02-29,2024-03-01,2024-04-01,0,0.0023789296085592678,0.0,0.0023789296085592678,0.0,1.0,0.0,1.0,0.07357837642463605,0.1,1.0677932688683534,1.0677932688683534,0.0,0.002376104435223234,0.05303762541907107
2024-04-01,BASELINE_LSTM,3,2024-02-29,2024-03-01,2024-04-01,0,-0.0028884183416833468,0.0,-0.0028884183416833468,0.0,1.0000000000000002,0.0,1.0,0.07357837642463605,0.1,1.064709035205428,1.0677932688683534,-0.0028884183416832965,-0.0028925978720365808,0.0550895436393401
2024-04-02,BASELINE_LSTM,4,2024-04-01,2024-04-02,2024-04-30,1,-0.000744431974690804,0.0006585751409564637,-0.0014030071156472678,0.20414028302423026,0.7958597169757697,0.6585751409564637,1.0,0.05238364779560533,0.1,1.063215240852941,1.0677932688683534,-0.00428737298584414,-0.0014039922516735951,0.05360351065090416
2024-04-03,BASELINE_LSTM,4,2024-04-01,2024-04-02,2024-04-30,0,0.0032976288926355596,0.0,0.0032976288926355596,0.20429236479276716,0.7957076352072328,0.0,1.0,0.05238364779560533,0.1,1.066721330150268,1.0677932688683534,-0.0010038822582402185,0.0032922036381908466,0.05411448266901488
2024-04-04,BASELINE_LSTM,4,2024-04-01,2024-04-02,2024-04-30,0,-0.0031117109369361274,0.0,-0.0031117109369361274,0.20362089863428634,0.7963791013657138,0.0,1.0,0.05238364779560533,0.1,1.0634020017205765,1.0677932688683534,-0.004112469403773855,-0.003116562376212164,0.05529859891976102
2024-04-05,BASELINE_LSTM,4,2024-04-01,2024-04-02,2024-04-30,0,0.003265792323809758,0.0,0.003265792323809758,0.2042564857750126,0.7957435142249876,0.0,1.0,0.05238364779560533,0.1,1.0668748518149196,1.0677932688683534,-0.0008601075509748757,0.003260471206021648,0.05376443627501287
2024-04-08,BASELINE_LSTM,4,2024-04-01,2024-04-02,2024-04-30,0,0.0012578303454590474,0.0,0.0012578303454590474,0.20359159789740708,0.796408402102593,0.0,1.0,0.05238364779560533,0.1,1.0682167993783396,1.0682167993783396,0.0,0.0012570399395982926,0.052959706699016694
2024-04-09,BASELINE_LSTM,4,2024-04-01,2024-04-02,2024-04-30,0,0.0016509266614880905,0.0,0.0016509266614880905,0.20333583591267682,0.7966641640873231,0.0,1.0,0.05238364779560533,0.1,1.0699803469726827,1.0699803469726827,0.0,0.0016495653801118192,0.05276981749798633
2024-04-10,BASELINE_LSTM,4,2024-04-01,2024-04-02,2024-04-30,0,-0.00814068267900719,0.0,-0.00814068267900719,0.2030006966502762,0.7969993033497238,0.0,1.0,0.05238364779560533,0.1,1.0612699764952043,1.0699803469726827,-0.008140682679007027,-0.00817399897101771,0.06162731138021328
2024-04-11,BASELINE_LSTM,4,2024-04-01,2024-04-02,2024-04-30,0,0.0022094103752377282,0.0,0.0022094103752377282,0.20466682432200173,0.7953331756779982,0.0,1.0,0.05238364779560533,0.1,1.063614757392201,1.0699803469726827,-0.005949258412541902,0.0022069732172625366,0.06160363653625871
2024-04-12,BASELINE_LSTM,4,2024-04-01,2024-04-02,2024-04-30,0,-0.006079107086786175,0.0,-0.006079107086786175,0.2042156281942836,0.7957843718057165,0.0,1.0,0.05238364779560533,0.1,1.0571489293829277,1.0699803469726827,-0.011992199320351227,-0.006097660086937166,0.06541742301918807
2024-04-15,BASELINE_LSTM,4,2024-04-01,2024-04-02,2024-04-30,0,-0.0038610865923317853,0.0,-0.0038610865923317853,0.20546466992531068,0.7945353300746891,0.0,1.0,0.05238364779560533,0.1,1.0530671858255893,1.0699803469726827,-0.01580698299267469,-0.00386855982991576,0.06439446071578836
2024-04-16,BASELINE_LSTM,4,2024-04-01,2024-04-02,2024-04-30,0,-0.00269626711161552,0.0,-0.00269626711161552,0.20626106174533576,0.7937389382546642,0.0,1.0,0.05238364779560533,0.1,1.0502278354061263,1.0699803469726827,-0.01846063025591327,-0.002699908586850226,0.06476237911883434
2024-04-17,BASELINE_LSTM,4,2024-04-01,2024-04-02,2024-04-30,0,-0.0030399540484537316,0.0,-0.0030399540484537316,0.20681870020476492,0.793181299795235,0.0,1.0,0.05238364779560533,0.1,1.0470351910460847,1.0699803469726827,-0.021444464836683497,-0.003044584094561318,0.06482175310219675
2024-04-18,BASELINE_LSTM,4,2024-04-01,2024-04-02,2024-04-30,0,-0.0004992311633014871,0.0,-0.0004992311633014871,0.20744933665558013,0.7925506633444199,0.0,1.0,0.05238364779560533,0.1,1.0465124784496411,1.0699803469726827,-0.021932990254858176,-0.000499355820668981,0.06340762905202792
2024-04-19,BASELINE_LSTM,4,2024-04-01,2024-04-02,2024-04-30,0,0.0012223643478976812,0.0,0.0012223643478976812,0.20755295355803155,0.7924470464419685,0.0,1.0,0.05238364779560533,0.1,1.047791697992928,1.0699803469726827,-0.020737436012290833,0.0012216178688491679,0.05841970331009784
2024-04-22,BASELINE_LSTM,4,2024-04-01,2024-04-02,2024-04-30,0,0.0016599654073128248,0.0,0.0016599654073128248,0.2072995579690352,0.7927004420309647,0.0,1.0,0.05238364779560533,0.1,1.0495309959656658,1.0699803469726827,-0.019111894031394794,0.0016585891875104414,0.0577626601953275
2024-04-23,BASELINE_LSTM,4,2024-04-01,2024-04-02,2024-04-30,0,0.0047529633583424675,0.0,0.0047529633583424675,0.20695601813809078,0.793043981861909,0.0,1.0,0.05238364779560533,0.1,1.0545193783329354,1.0699803469726827,-0.014449768805091967,0.004741703691759144,0.05925406215463437
2024-04-24,BASELINE_LSTM,4,2024-04-01,2024-04-02,2024-04-30,0,-0.0014619431054326633,0.0,-0.0014619431054326633,0.2059770169239904,0.7940229830760095,0.0,1.0,0.05238364779560533,0.1,1.0529777309982364,1.0699803469726827,-0.015890587170644954,-0.0014630127869238556,0.05928491566163695
2024-04-25,BASELINE_LSTM,4,2024-04-01,2024-04-02,2024-04-30,0,-0.000731401632693317,0.0,-0.000731401632693317,0.20627858447836697,0.793721415521633,0.0,1.0,0.05238364779560533,0.1,1.0522075813665945,1.0699803469726827,-0.01661036640193725,-0.0007316692373597531,0.059312369233713004
2024-04-26,BASELINE_LSTM,4,2024-04-01,2024-04-02,2024-04-30,0,0.0031885784074213047,0.0,0.0031885784074213047,0.2064295674010002,0.7935704325989996,0.0,1.0,0.05238364779560533,0.1,1.0555626277406651,1.0699803469726827,-0.013474751450164413,0.003183505671641288,0.053559000190188326
2024-04-29,BASELINE_LSTM,4,2024-04-01,2024-04-02,2024-04-30,0,0.002503273795962327,0.0,0.002503273795962327,0.20577344264496175,0.7942265573550382,0.0,1.0,0.05238364779560533,0.1,1.0582049900066854,1.0699803469726827,-0.01100520864641441,0.0025001458251376553,0.05364270282540891
2024-04-30,BASELINE_LSTM,4,2024-04-01,2024-04-02,2024-04-30,0,-0.010116804375914307,0.0,-0.010116804375914307,0.20525962161280933,0.7947403783871909,0.0,1.0,0.05238364779560533,0.1,1.0474993371331713,1.0699803469726827,-0.021010675479336993,-0.010168327032282065,0.06296327705314826
2024-05-01,BASELINE_LSTM,5,2024-04-30,2024-05-01,2024-05-30,1,0.0003520419325478991,0.0003347557281584149,1.7286204389484162e-05,0.14948850630741073,0.8505114936925893,0.3347557281584149,1.0,0.06439613714369906,0.1,1.0475174444208109,1.0699803469726827,-0.020993752469778193,1.728605498477482e-05,0.06297715476550157
2024-05-02,BASELINE_LSTM,5,2024-04-30,2024-05-01,2024-05-30,0,0.006825952409790127,0.0,0.006825952409790127,0.14943589860487383,0.8505641013951262,0.0,1.0,0.06439613714369906,0.1,1.0546677486448524,1.0699803469726827,-0.014311102415249577,0.006802761072137195,0.0668425009073082
2024-05-03,BASELINE_LSTM,5,2024-04-30,2024-05-01,2024-05-30,0,0.006124314643365606,0.0,0.006124314643365606,0.14842277182784783,0.8515772281721522,0.0,1.0,0.06439613714369906,0.1,1.0611268657817634,1.0699803469726827,-0.008274433465968456,0.006105637247148778,0.06992840098372645
2024-05-06,BASELINE_LSTM,5,2024-04-30,2024-05-01,2024-05-30,0,0.005459316353909945,0.0,0.005459316353909945,0.14751931711386806,0.852480682886132,0.0,1.0,0.06439613714369906,0.1,1.066919893033699,1.0699803469726827,-0.0028602898619987105,0.005444468302011758,0.0716399205525285
2024-05-07,BASELINE_LSTM,5,2024-04-30,2024-05-01,2024-05-30,0,0.000258990074660123,0.0,0.000258990074660123,0.14671833530651077,0.8532816646934892,0.0,1.0,0.06439613714369906,0.1,1.0671962146964522,1.0699803469726827,-0.0026020405740233565,0.00025895654252027276,0.0715029099563988
2024-05-08,BASELINE_LSTM,5,2024-04-30,2024-05-01,2024-05-30,0,-0.0014716958291598066,0.0,-0.0014716958291598066,0.14668034655260592,0.8533196534473941,0.0,1.0,0.06439613714369906,0.1,1.0656256264783883,1.0699803469726827,-0.004069906990923022,-0.001472779837150487,0.07138823598747782
2024-05-09,BASELINE_LSTM,5,2024-04-30,2024-05-01,2024-05-30,0,0.0047156451670295006,0.0,0.0047156451670295006,0.14689653356837654,0.8531034664316235,0.0,1.0,0.06439613714369906,0.1,1.070650738813754,1.070650738813754,0.0,0.004704561343619012,0.06705823202937451
2024-05-10,BASELINE_LSTM,5,2024-04-30,2024-05-01,2024-05-30,0,8.537644801221553e-05,0.0,8.537644801221553e-05,0.1462070728917092,0.8537929271082908,0.0,1.0,0.06439613714369906,0.1,1.0707421471708956,1.0707421471708956,0.0,8.53728036507049e-05,0.06674751969567112
2024-05-13,BASELINE_LSTM,5,2024-04-30,2024-05-01,2024-05-30,0,-0.00012128415887476947,0.0,-0.00012128415887476947,0.14619459131678397,0.8538054086832159,0.0,1.0,0.06439613714369906,0.1,1.070612283110204,1.0707421471708956,-0.0001212841588749125,-0.00012129151439311103,0.06259075484461966
2024-05-14,BASELINE_LSTM,5,2024-04-30,2024-05-01,2024-05-30,0,0.0039796742868489126,0.0,0.0039796742868489126,0.1462123245555848,0.853787675444415,0.0,1.0,0.06439613714369906,0.1,1.0748729712844824,1.0748729712844824,0.0,0.003971776330395825,0.06141540686851976
2024-05-15,BASELINE_LSTM,5,2024-04-30,2024-05-01,2024-05-30,0,0.008781898197704046,0.0,0.008781898197704046,0.14563275363063793,0.8543672463693619,0.0,1.0,0.06439613714369906,0.1,1.0843123962937666,1.0843123962937666,0.0,0.008743561611568066,0.06544657397343416
2024-05-16,BASELINE_LSTM,5,2024-04-30,2024-05-01,2024-05-30,0,-0.0017272597421887966,0.0,-0.0017272597421887966,0.14436495528996537,0.8556350447100345,0.0,1.0,0.06439613714369906,0.1,1.082439507143692,1.0843123962937666,-0.0017272597421889024,-0.0017287531752429098,0.06444101435359997
2024-05-17,BASELINE_LSTM,5,2024-04-30,2024-05-01,2024-05-30,0,0.0027201114964022547,0.0,0.0027201114964022547,0.14461474251283482,0.8553852574871652,0.0,1.0,0.06439613714369906,0.1,1.0853838632912336,1.0853838632912336,0.0,0.002716418688176811,0.06409324842973876
2024-05-20,BASELINE_LSTM,5,2024-04-30,2024-05-01,2024-05-30,0,-0.0001029583122553436,0.0,-0.0001029583122553436,0.14422244139196533,0.8557775586080346,0.0,1.0,0.06439613714369906,0.1,1.08527211400052,1.0853838632912336,-0.00010295831225537455,-0.00010296361282620318,0.06439092773915721
2024-05-21,BASELINE_LSTM,5,2024-04-30,2024-05-01,2024-05-30,0,3.0485435537936652e-06,0.0,3.0485435537936652e-06,0.14423729182009537,0.8557627081799044,0.0,1.0,0.06439613714369906,0.1,1.0852754224998271,1.0853838632912336,-9.991008257448364e-05,3.0485389069942096e-06,0.06465066347961654
2024-05-22,BASELINE_LSTM,5,2024-04-30,2024-05-01,2024-05-30,0,-0.004669921133660797,0.0,-0.004669921133660797,0.14423685210776968,0.8557631478922304,0.0,1.0,0.06439613714369906,0.1,1.0802072718684526,1.0853838632912336,-0.004769364644029217,-0.004680859282170743,0.06706632776922539
2024-05-23,BASELINE_LSTM,5,2024-04-30,2024-05-01,2024-05-30,0,-0.007037682080211568,0.0,-0.007037682080211568,0.1449135871308667,0.8550864128691332,0.0,1.0,0.06439613714369906,0.1,1.0726051165083097,1.0853838632912336,-0.011773481452151513,-0.007062563371208228,0.07240385794822692
2024-05-24,BASELINE_LSTM,5,2024-04-30,2024-05-01,2024-05-30,0,0.0036169468542043364,0.0,0.0036169468542043364,0.1459406711771844,0.8540593288228155,0.0,1.0,0.06439613714369906,0.1,1.0764846722102681,1.0853838632912336,-0.008199118654648396,0.0036104214319347856,0.07274802203639967
2024-05-28,BASELINE_LSTM,5,2024-04-30,2024-05-01,2024-05-30,0,-0.0010808840758955705,0.0,-0.0010808840758955705,0.14541471388524216,0.8545852861147578,0.0,1.0,0.06439613714369906,0.1,1.0753211170701304,1.0853838632912336,-0.009271140433753655,-0.0010814686523658958,0.07269898802550023
2024-05-29,BASELINE_LSTM,5,2024-04-30,2024-05-01,2024-05-30,0,-0.00777057104719813,0.0,-0.00777057104719813,0.14557206040723167,0.8544279395927683,0.0,1.0,0.06439613714369906,0.1,1.0669652579313846,1.0853838632912336,-0.016969669425522693,-0.00780091925188006,0.07835002340982074
2024-05-30,BASELINE_LSTM,5,2024-04-30,2024-05-01,2024-05-30,0,0.0010388966063465338,0.0,0.0010388966063465338,0.14671209718186679,0.8532879028181334,0.0,1.0,0.06439613714369906,0.1,1.0680737245169394,1.0853838632912336,-0.01594840255115304,0.0010383573267387129,0.0682884463858814
2024-05-31,BASELINE_LSTM,6,2024-05-30,2024-05-31,2024-07-01,1,0.0035658949180449556,0.000254255135416983,0.0033116397826279727,0.1584521597341244,0.8415478402658756,0.254255135416983,1.0,0.06161683493713373,0.1,1.0716107999538294,1.0853838632912336,-0.01268957813288274,0.0033061683798187875,0.06868609004415072
2024-06-03,BASELINE_LSTM,6,2024-05-30,2024-05-31,2024-07-01,0,0.002274928125958307,0.0,0.002274928125958307,0.1578891436392069,0.8421108563607932,0.0,1.0,0.06161683493713373,0.1,1.074048637502725,1.0853838632912336,-0.010443517885125542,0.0022723443947623816,0.06565861079126871
2024-06-04,BASELINE_LSTM,6,2024-05-30,2024-05-31,2024-07-01,0,-0.0011938134087068506,0.0,-0.0011938134087068506,0.1575307724542468,0.8424692275457533,0.0,1.0,0.06161683493713373,0.1,1.0727664238376708,1.0853838632912336,-0.011624863682147102,-0.0011945265715796905,0.06314160584096105
2024-06-05,BASELINE_LSTM,6,2024-05-30,2024-05-31,2024-07-01,0,0.007097777581373441,0.0,0.007097777581373441,0.15771905958238489,0.8422809404176151,0.0,1.0,0.06161683493713373,0.1,1.080380681310836,1.0853838632912336,-0.004609596797603199,0.007072706918830388,0.06496734599426364
2024-06-06,BASELINE_LSTM,6,2024-05-30,2024-05-31,2024-07-01,0,0.0011229400913983188,0.0,0.0011229400913983188,0.15660749441941962,0.8433925055805803,0.0,1.0,0.06161683493713373,0.1,1.0815938840918522,1.0853838632912336,-0.003491833007254197,0.001122310065783788,0.06497957650075711
2024-06-07,BASELINE_LSTM,6,2024-05-30,2024-05-31,2024-07-01,0,-0.007305970911470373,0.0,-0.007305970911470373,0.15643183084499296,0.843568169155007,0.0,1.0,0.06161683493713373,0.1,1.073691790636653,1.0853838632912336,-0.010772292688345786,-0.00733279022420383,0.07032884335168992
2024-06-10,BASELINE_LSTM,6,2024-05-30,2024-05-31,2024-07-01,0,0.0019383887505832872,0.0,0.0019383887505832872,0.15758312859867338,0.8424168714013267,0.0,1.0,0.06161683493713373,0.1,1.0757730227252167,1.0853838632912336,-0.008854784828727591,0.0019365124993207395,0.06881114586356164
2024-06-11,BASELINE_LSTM,6,2024-05-30,2024-05-31,2024-07-01,0,0.000974367201204395,0.0,0.000974367201204395,0.15727826218454358,0.8427217378154563,0.0,1.0,0.06161683493713373,0.1,1.0768212206745007,1.0853838632912336,-0.007889045439433917,0.0009738928136098041,0.0688568807343076
2024-06-12,BASELINE_LSTM,6,2024-05-30,2024-05-31,2024-07-01,0,0.005195670575814197,0.0,0.005195670575814197,0.1571251645776952,0.8428748354223048,0.0,1.0,0.06161683493713373,0.1,1.0824160290061715,1.0853838632912336,-0.0027343637448806746,0.005182219650382726,0.07089820952697248
2024-06-13,BASELINE_LSTM,6,2024-05-30,2024-05-31,2024-07-01,0,0.0005357817077943502,0.0,0.0005357817077943502,0.15631301365204645,0.8436869863479536,0.0,1.0,0.06161683493713373,0.1,1.0829959677147365,1.0853838632912336,-0.0022000470591632126,0.000535638228022084,0.06978204719721591
2024-06-14,BASELINE_LSTM,6,2024-05-30,2024-05-31,2024-07-01,0,0.00019637511939777602,0.0,0.00019637511939777602,0.1562293088461453,0.8437706911538546,0.0,1.0,0.06161683493713373,0.1,1.083208641177204,1.0853838632912336,-0.0020041039742692,0.00019635584032792858,0.0627705226558655
2024-06-17,BASELINE_LSTM,6,2024-05-30,2024-05-31,2024-07-01,0,0.0017861008346091107,0.0,0.0017861008346091107,0.15619863532048447,0.8438013646795154,0.0,1.0,0.06161683493713373,0.1,1.0851433610352663,1.0853838632912336,-0.0002215826714412339,0.0017845076532863162,0.06276539250025592
2024-06-18,BASELINE_LSTM,6,2024-05-30,2024-05-31,2024-07-01,0,0.0036432692546316805,0.0,0.0036432692546316805,0.15592014621719355,0.8440798537828064,0.0,1.0,0.06161683493713373,0.1,1.089096830479394,1.089096830479394,0.0,0.003636648624819503,0.06332372860156682
2024-06-20,BASELINE_LSTM,6,2024-05-30,2024-05-31,2024-07-01,0,-0.0002877307869004279,0.0,-0.0002877307869004279,0.1553541492217545,0.8446458507782455,0.0,1.0,0.06161683493713373,0.1,1.0887834637913494,1.089096830479394,-0.00028773078690047527,-0.0002877721893453222,0.06333672969874606
2024-06-21,BASELINE_LSTM,6,2024-05-30,2024-05-31,2024-07-01,0,-0.002352203941755515,0.0,-0.002352203941755515,0.15539886225867564,0.8446011377413243,0.0,1.0,0.06161683493713373,0.1,1.086222423036101,1.089096830479394,-0.0026392579271649064,-0.002354974719255914,0.06393139932201956
2024-06-24,BASELINE_LSTM,6,2024-05-30,2024-05-31,2024-07-01,0,0.0012265828745335115,0.0,0.0012265828745335115,0.15576525390289458,0.8442347460971054,0.0,1.0,0.06161683493713373,0.1,1.0875547648581314,1.089096830479394,-0.001415912321206414,0.0012258312363277125,0.06166822627206785
2024-06-25,BASELINE_LSTM,6,2024-05-30,2024-05-31,2024-07-01,0,0.0001903987746876936,0.0,0.0001903987746876936,0.15557442897260146,0.8444255710273986,0.0,1.0,0.06161683493713373,0.1,1.0877618339527662,1.089096830479394,-0.001225783134489733,0.00019038065114142315,0.05553717512646994
2024-06-26,BASELINE_LSTM,6,2024-05-30,2024-05-31,2024-07-01,0,-0.0035295069031287558,0.0,-0.0035295069031287558,0.1555448134307152,0.8444551865692846,0.0,1.0,0.06161683493713373,0.1,1.0839225710508698,1.089096830479394,-0.004750963627583649,-0.0035357503077071586,0.05627914711809273
2024-06-27,BASELINE_LSTM,6,2024-05-30,2024-05-31,2024-07-01,0,0.002435654421337689,0.0,0.002435654421337689,0.15609575447367915,0.8439042455263209,0.0,1.0,0.06161683493713373,0.1,1.0865626318534376,1.089096830479394,-0.002326880911810991,0.0024326930227618736,0.05648651224095219
2024-06-28,BASELINE_LSTM,6,2024-05-30,2024-05-31,2024-07-01,0,-0.0027234393542632873,0.0,-0.0027234393542632873,0.1557164829335469,0.844283517066453,0.0,1.0,0.06161683493713373,0.1,1.0836034444209761,1.089096830479394,-0.005043983147026365,-0.0027271546623654943,0.04938528967827164
2024-07-01,BASELINE_LSTM,6,2024-05-30,2024-05-31,2024-07-01,0,-0.0004676662462507452,0.0,-0.0004676662462507452,0.1561417254534895,0.8438582745465105,0.0,1.0,0.06161683493713373,0.1,1.0830966796656993,1.089096830479394,-0.005509290492612617,-0.0004677756362163456,0.04954476809118882
2024-07-02,BASELINE_LSTM,7,2024-07-01,2024-07-02,2024-07-31,1,0.002958495639284264,0.00035861906065279633,0.002599876578631468,0.1990513385220749,0.8009486614779251,0.3586190606527963,1.0,0.05272814181570737,0.1,1.0859125973555557,1.089096830479394,-0.0029237373892977425,0.0025965027459532624,0.0491273459349871
2024-07-03,BASELINE_LSTM,7,2024-07-01,2024-07-02,2024-07-31,0,0.004543108168168817,0.0,0.004543108168168817,0.19846418310181407,0.8015358168981861,0.0,1.0,0.05272814181570737,0.1,1.0908460157465192,1.0908460157465192,0.0,0.004532819402469449,0.05067832015125534
2024-07-05,BASELINE_LSTM,7,2024-07-01,2024-07-02,2024-07-31,0,0.003139754311330711,0.0,0.003139754311330711,0.19756661659221644,0.8024333834077836,0.0,1.0,0.05272814181570737,0.1,1.0942710042274573,1.0942710042274573,0.0,0.0031348355758209585,0.05081602909337271
2024-07-08,BASELINE_LSTM,7,2024-07-01,2024-07-02,2024-07-31,0,-0.0013132651478145198,0.0,-0.0013132651478145198,0.19694824748307244,0.8030517525169276,0.0,1.0,0.05272814181570737,0.1,1.0928339362553414,1.0942710042274573,-0.0013132651478144908,-0.0013141282362141163,0.04616582385614318
2024-07-09,BASELINE_LSTM,7,2024-07-01,2024-07-02,2024-07-31,0,-0.0008534665975146389,0.0,-0.0008534665975146389,0.19720723286889613,0.802792767131104,0.0,1.0,0.05272814181570737,0.1,1.0919012389941172,1.0942710042274573,-0.002165610917391647,-0.0008538310074870883,0.046361978438393604
2024-07-10,BASELINE_LSTM,7,2024-07-01,2024-07-02,2024-07-31,0,0.004101593121821032,0.0,0.004101593121821032,0.19737568642442085,0.8026243135755791,0.0,1.0,0.05272814181570737,0.1,1.0963797736056835,1.0963797736056835,0.0,0.004093204518687483,0.03840130002010676
2024-07-11,BASELINE_LSTM,7,2024-07-01,2024-07-02,2024-07-31,0,0.0039908318629311886,0.0,0.0039908318629311886,0.19656943856723325,0.8034305614327666,0.0,1.0,0.05272814181570737,0.1,1.1007552409400623,1.1007552409400623,0.0,0.003982889617217737,0.03966643277086427
2024-07-12,BASELINE_LSTM,7,2024-07-01,2024-07-02,2024-07-31,0,0.0031252673248760863,0.0,0.0031252673248760863,0.1957880812541819,0.8042119187458179,0.0,1.0,0.05272814181570737,0.1,1.1041953953272583,1.1041953953272583,0.0,0.003120393828296435,0.0402773183707569
2024-07-15,BASELINE_LSTM,7,2024-07-01,2024-07-02,2024-07-31,0,-0.00015580882833018898,0.0,-0.00015580882833018898,0.1951780975234604,0.8048219024765396,0.0,1.0,0.05272814181570737,0.1,1.1040233519364648,1.1041953953272583,-0.00015580882833010623,-0.00015582096778665448,0.03778753593876772
2024-07-16,BASELINE_LSTM,7,2024-07-01,2024-07-02,2024-07-31,0,0.006184261600772695,0.0,0.006184261600772695,0.1952085127331094,0.8047914872668905,0.0,1.0,0.05272814181570737,0.1,1.110850921158202,1.110850921158202,0.0,0.00616521753034442,0.0418409687575999
2024-07-17,BASELINE_LSTM,7,2024-07-01,2024-07-02,2024-07-31,0,-0.003119270892657195,0.0,-0.003119270892657195,0.19400871210462542,0.8059912878953747,0.0,1.0,0.05272814181570737,0.1,1.1073858762137518,1.110850921158202,-0.0031192708926571777,-0.003124145958515034,0.04435915143128531
2024-07-18,BASELINE_LSTM,7,2024-07-01,2024-07-02,2024-07-31,0,-0.0052202780685407305,0.0,-0.0052202780685407305,0.19461577141565428,0.8053842285843458,0.0,1.0,0.05272814181570737,0.1,1.1016050140107414,1.110850921158202,-0.00832326549976714,-0.00523395132632762,0.049286282403689916
2024-07-19,BASELINE_LSTM,7,2024-07-01,2024-07-02,2024-07-31,0,-0.004715280939394616,0.0,-0.004715280939394616,0.19563705122355055,0.8043629487764494,0.0,1.0,0.05272814181570737,0.1,1.096410636885435,1.110850921158202,-0.012999299903997286,-0.004726432946938943,0.051508323378131736
2024-07-22,BASELINE_LSTM,7,2024-07-01,2024-07-02,2024-07-31,0,0.003707592700648951,0.0,0.003707592700648951,0.19656390525939313,0.8034360947406067,0.0,1.0,0.05272814181570737,0.1,1.1004756809596652,1.110850921158202,-0.009339903312786002,0.003700736520222733,0.05275459642078443
2024-07-23,BASELINE_LSTM,7,2024-07-01,2024-07-02,2024-07-31,0,-0.0011872575645727292,0.0,-0.0011872575645727292,0.19583781839340672,0.8041621816065933,0.0,1.0,0.05272814181570737,0.1,1.0991691328828175,1.110850921158202,-0.01051607200649829,-0.0011879629131772954,0.05210734232946178
2024-07-24,BASELINE_LSTM,7,2024-07-01,2024-07-02,2024-07-31,0,-0.006915904351608561,0.0,-0.006915904351608561,0.19607060470202958,0.8039293952979706,0.0,1.0,0.05272814181570737,0.1,1.0915673842935594,1.110850921158202,-0.01735924820995527,-0.0069399300551651905,0.05813076498381268
2024-07-25,BASELINE_LSTM,7,2024-07-01,2024-07-02,2024-07-31,0,-7.480918471309474e-05,0.0,-7.480918471309474e-05,0.1974360535640375,0.8025639464359626,0.0,1.0,0.05272814181570737,0.1,1.091485725027481,1.110850921158202,-0.017432758763462508,-7.481198305971568e-05,0.05813716070963923
2024-07-26,BASELINE_LSTM,7,2024-07-01,2024-07-02,2024-07-31,0,0.005315801364247733,0.0,0.005315801364247733,0.1974508246992542,0.8025491753007459,0.0,1.0,0.05272814181570737,0.1,1.097287846333639,1.110850921158202,-0.012209626482032165,0.005301722364247452,0.05910558514397553
2024-07-29,BASELINE_LSTM,7,2024-07-01,2024-07-02,2024-07-31,0,-0.001111016048187471,0.0,-0.001111016048187471,0.19640676534806945,0.8035932346519304,0.0,1.0,0.05272814181570737,0.1,1.0960687419268813,1.110850921158202,-0.013307077439255743,-0.0011116336840284033,0.05898355243376213
2024-07-30,BASELINE_LSTM,7,2024-07-01,2024-07-02,2024-07-31,0,0.000780587703660758,0.0,0.000780587703660758,0.19662521912199238,0.8033747808780078,0.0,1.0,0.05272814181570737,0.1,1.0969243197091965,1.110850921158202,-0.01253687707661566,0.0007802832035282743,0.057870336376437494
2024-07-31,BASELINE_LSTM,7,2024-07-01,2024-07-02,2024-07-31,0,0.007698627625168085,0.0,0.007698627625168085,0.1964718556073898,0.8035281443926101,0.0,1.0,0.05272814181570737,0.1,1.1053691315796284,1.110850921158202,-0.004934766199642948,0.007669144415000264,0.06267591118243201
2024-08-01,BASELINE_LSTM,8,2024-07-31,2024-08-01,2024-08-29,1,-0.0073856149505607946,0.0006404122594720805,-0.008026027210032875,0.0,1.0000000000000002,0.6404122594720805,1.0,0.07082557432818967,0.1,1.09649740885244,1.110850921158202,-0.01292118684188226,-0.008058409148351146,0.06966837859179997
2024-08-02,BASELINE_LSTM,8,2024-07-31,2024-08-01,2024-08-29,0,-0.007586358377491125,0.0,-0.007586358377491125,0.0,1.0000000000000002,0.0,1.0,0.07082557432818967,0.1,1.0881789865488949,1.110850921158202,-0.02040952046532829,-0.007615281166153516,0.07333733093488948
2024-08-05,BASELINE_LSTM,8,2024-07-31,2024-08-01,2024-08-29,0,-0.01800648693662879,0.0,-0.01800648693662879,0.0,1.0,0.0,1.0,0.07082557432818967,0.1,1.0685847058428883,1.110850921158202,-0.038048503638315245,-0.018170576491270678,0.09528769437565643
2024-08-06,BASELINE_LSTM,8,2024-07-31,2024-08-01,2024-08-29,0,0.0016042216260819682,0.0,0.0016042216260819682,0.0,1.0,0.0,1.0,0.07082557432818967,0.1,1.070298952537302,1.110850921158202,-0.03650532024460995,0.001602936237084772,0.09575177415936671
2024-08-07,BASELINE_LSTM,8,2024-07-31,2024-08-01,2024-08-29,0,-0.0031644679164405,0.0,-0.0031644679164405,0.0,0.9999999999999999,0.0,1.0,0.07082557432818967,0.1,1.0669120258409976,1.110850921158202,-0.039554268246357105,-0.0031694854330138276,0.09604517011484492
2024-08-08,BASELINE_LSTM,8,2024-07-31,2024-08-01,2024-08-29,0,0.014639975504764544,0.0,0.014639975504764544,0.0,1.0,0.0,1.0,0.07082557432818967,0.1,1.0825315917650487,1.110850921158202,-0.02549336625982801,0.014533845635237276,0.10908603326978829
2024-08-09,BASELINE_LSTM,8,2024-07-31,2024-08-01,2024-08-29,0,0.004475565263710483,0.0,0.004475565263710483,0.0,1.0,0.0,1.0,0.07082557432818967,0.1,1.0873765325540214,1.110850921158202,-0.021131898220605128,0.004465579704424828,0.10935432452021139
2024-08-12,BASELINE_LSTM,8,2024-07-31,2024-08-01,2024-08-29,0,0.001547196884732951,0.0,0.001547196884732951,0.0,0.9999999999999999,0.0,1.0,0.07082557432818967,0.1,1.0890589181377208,1.110850921158202,-0.01961739654296757,0.0015460012087714207,0.10881731966044689
2024-08-13,BASELINE_LSTM,8,2024-07-31,2024-08-01,2024-08-29,0,0.009043326798100345,0.0,0.009043326798100345,0.0,1.0,0.0,1.0,0.07082557432818967,0.1,1.0989076338368258,1.110850921158202,-0.010751476272733207,0.00900268078464669,0.11385728705473452
2024-08-14,BASELINE_LSTM,8,2024-07-31,2024-08-01,2024-08-29,0,0.002688240850295016,0.0,0.002688240850295016,0.0,1.0,0.0,1.0,0.07082557432818967,0.1,1.101861762228807,1.110850921158202,-0.008092137980155623,0.002684633993480963,0.11202098556108628
2024-08-15,BASELINE_LSTM,8,2024-07-31,2024-08-01,2024-08-29,0,0.007507705311441893,0.0,0.007507705311441893,0.0,0.9999999999999999,0.0,1.0,0.07082557432818967,0.1,1.1101342156335667,1.110850921158202,-0.0006451860560083844,0.007479662761258929,0.11474561628285763
2024-08-16,BASELINE_LSTM,8,2024-07-31,2024-08-01,2024-08-29,0,0.004252939312155027,0.0,0.004252939312155027,0.0,0.9999999999999998,0.0,1.0,0.07082557432818967,0.1,1.1148555490810033,1.1148555490810033,0.0,0.004243921125916254,0.1138693807752568
2024-08-19,BASELINE_LSTM,8,2024-07-31,2024-08-01,2024-08-29,0,0.005671223364436978,0.0,0.005671223364436978,0.0,1.0,0.0,1.0,0.07082557432818967,0.1,1.1211781439189237,1.1211781439189237,0.0,0.005655202520528397,0.11346411213857782
2024-08-20,BASELINE_LSTM,8,2024-07-31,2024-08-01,2024-08-29,0,-0.0007257547838231997,0.0,-0.0007257547838231997,0.0,1.0,0.0,1.0,0.07082557432818967,0.1,1.1203644435174565,1.1211781439189237,-0.0007257547838231959,-0.0007260182713189077,0.11320375019304632
2024-08-21,BASELINE_LSTM,8,2024-07-31,2024-08-01,2024-08-29,0,0.0018254296770262065,0.0,0.0018254296770262065,0.0,1.0000000000000002,0.0,1.0,0.07082557432818967,0.1,1.1224095900217381,1.1224095900217381,0.0,0.00182376560506313,0.11300017940257498
2024-08-22,BASELINE_LSTM,8,2024-07-31,2024-08-01,2024-08-29,0,-0.004730570798641028,0.0,-0.004730570798641028,0.0,1.0000000000000002,0.0,1.0,0.07082557432818967,0.1,1.1170999519910667,1.1224095900217381,-0.004730570798640921,-0.004741795361731892,0.11129873355379705
2024-08-23,BASELINE_LSTM,8,2024-07-31,2024-08-01,2024-08-29,0,0.010071512276654326,0.0,0.010071512276654326,0.0,1.0000000000000002,0.0,1.0,0.07082557432818967,0.1,1.1283508378717948,1.1283508378717948,0.0,0.010021132580977811,0.11537501155041618
2024-08-26,BASELINE_LSTM,8,2024-07-31,2024-08-01,2024-08-29,0,-0.001001254829071894,0.0,-0.001001254829071894,0.0,1.0,0.0,1.0,0.07082557432818967,0.1,1.1272210711464883,1.1283508378717948,-0.0010012548290719847,-0.0010017564195294603,0.1148794792721624
2024-08-27,BASELINE_LSTM,8,2024-07-31,2024-08-01,2024-08-29,0,0.0009042090079135008,0.0,0.0009042090079135008,0.0,1.0,0.0,1.0,0.07082557432818967,0.1,1.1282403145929287,1.1283508378717948,-9.795116479416333e-05,0.0009038004572067761,0.11456215818009031
2024-08-28,BASELINE_LSTM,8,2024-07-31,2024-08-01,2024-08-29,0,-0.0031565653142318897,0.0,-0.0031565653142318897,0.0,1.0,0.0,1.0,0.07082557432818967,0.1,1.1246789503497665,1.1283508378717948,-0.003254207289776878,-0.0031615577753112863,0.11562991801870205
2024-08-29,BASELINE_LSTM,8,2024-07-31,2024-08-01,2024-08-29,0,0.0024978249302267776,0.0,0.0024978249302267776,0.0,1.0,0.0,1.0,0.07082557432818967,0.1,1.1274882014704515,1.1283508378717948,-0.0007645107996466782,0.0024947105505744396,0.11334331196111895
2024-08-30,BASELINE_LSTM,9,2024-08-29,2024-08-30,2024-09-30,1,0.0014252200247280356,0.0008180231438867981,0.0006071968808412376,0.03701119397934738,0.9629888060206526,0.8180231438867981,0.9629888060206525,0.09999999999999999,0.1,1.1281728087895695,1.1283508378717948,-0.00015777812737849395,0.0006070126114032981,0.10854515878383533
2024-09-03,BASELINE_LSTM,9,2024-08-29,2024-08-30,2024-09-30,0,-0.013359483545190143,0.0,-0.013359483545190143,0.036958519956620896,0.9630414800433791,0.0,0.9629888060206525,0.09999999999999999,0.1,1.1131010027144144,1.1283508378717948,-0.013515153838272065,-0.013449524276465234,0.11623043114657679
2024-09-04,BASELINE_LSTM,9,2024-08-29,2024-08-30,2024-09-30,0,-0.0007636501645022517,0.0,-0.0007636501645022517,0.03745895221232146,0.9625410477876786,0.0,0.9629888060206525,0.09999999999999999,0.1,1.1122509829505838,1.1283508378717948,-0.01426848315332252,-0.0007639418938180058,0.09328419651944826
2024-09-05,BASELINE_LSTM,9,2024-08-29,2024-08-30,2024-09-30,0,0.000663964519767793,0.0,0.000663964519767793,0.0374875796086564,0.9625124203913434,0.0,0.9629888060206525,0.09999999999999999,0.1,1.1129894781403398,1.1283508378717948,-0.013613992400119401,0.0006637441928468157,0.09337947880572002
2024-09-06,BASELINE_LSTM,9,2024-08-29,2024-08-30,2024-09-30,0,-0.012681953806607655,0.0,-0.012681953806607655,0.03746270570125627,0.9625372942987439,0.0,0.9629888060206525,0.09999999999999999,0.1,1.0988745969913236,1.1283508378717948,-0.02612329418398529,-0.012763056203619736,0.10507463403723291
2024-09-09,BASELINE_LSTM,9,2024-08-29,2024-08-30,2024-09-30,0,0.007161247659369021,0.0,0.007161247659369021,0.03794390859732974,0.9620560914026702,0.0,0.9629888060206525,0.09999999999999999,0.1,1.1067439101269678,1.1283508378717948,-0.019149121903946353,0.0071357276894673735,0.09617658676930163
2024-09-10,BASELINE_LSTM,9,2024-08-29,2024-08-30,2024-09-30,0,-0.0017216402109041294,0.0,-0.0017216402109041294,0.037674114929968715,0.9623258850700315,0.0,0.9629888060206525,0.09999999999999999,0.1,1.1048384953081198,1.1283508378717948,-0.020837794216577277,-0.0017231239366178126,0.09579863207896769
2024-09-11,BASELINE_LSTM,9,2024-08-29,2024-08-30,2024-09-30,0,0.0047637981559350145,0.0,0.0047637981559350145,0.03773908806149823,0.9622609119385017,0.0,0.9629888060206525,0.09999999999999999,0.1,1.1101017228946746,1.1283508378717948,-0.016173263106304958,0.004752487177421127,0.09676972085150749
2024-09-12,BASELINE_LSTM,9,2024-08-29,2024-08-30,2024-09-30,0,0.006782045032561638,0.0,0.006782045032561638,0.03756015904510254,0.9624398409548975,0.0,0.9629888060206525,0.09999999999999999,0.1,1.1176304827700707,1.1283508378717948,-0.009500905872453558,0.006759150421711473,0.09469592916458384
2024-09-13,BASELINE_LSTM,9,2024-08-29,2024-08-30,2024-09-30,0,0.004200248589516253,0.0,0.004200248589516253,0.037307140339285415,0.9626928596607146,0.0,0.9629888060206525,0.09999999999999999,0.1,1.1223248086289261,1.1283508378717948,-0.005340563449427238,0.004191452168244494,0.09521532282862014
2024-09-16,BASELINE_LSTM,9,2024-08-29,2024-08-30,2024-09-30,0,0.004421522621997956,0.0,0.004421522621997956,0.037151096498618114,0.962848903501382,0.0,0.9629888060206525,0.09999999999999999,0.1,1.1272871931595083,1.1283508378717948,-0.000942654249535213,0.00441177640902313,0.09310416308686335
2024-09-17,BASELINE_LSTM,9,2024-08-29,2024-08-30,2024-09-30,0,-0.0007817335427897489,0.0,-0.0007817335427897489,0.036987555186628045,0.963012444813372,0.0,0.9629888060206525,0.09999999999999999,0.1,1.1264059549482581,1.1283508378717948,-0.001723650887878958,-0.0007820392557901649,0.09233891051744322
2024-09-18,BASELINE_LSTM,9,2024-08-29,2024-08-30,2024-09-30,0,-0.0032199843539972087,0.0,-0.0032199843539972087,0.03701649222023302,0.962983507779767,0.0,0.9629888060206525,0.09999999999999999,0.1,1.1227789453970756,1.1283508378717948,-0.004938085112985324,-0.0032251796591491366,0.09119809915789019
2024-09-19,BASELINE_LSTM,9,2024-08-29,2024-08-30,2024-09-30,0,0.014243198880147996,0.0,0.014243198880147996,0.037136069783906135,0.9628639302160941,0.0,0.9629888060206525,0.09999999999999999,0.1,1.1387709092148088,1.1387709092148088,0.0,0.014142717516394142,0.10330805647926225
2024-09-20,BASELINE_LSTM,9,2024-08-29,2024-08-30,2024-09-30,0,-0.002560910404879462,0.0,-0.002560910404879462,0.036614561305325026,0.9633854386946749,0.0,0.9629888060206525,0.09999999999999999,0.1,1.1358546189446266,1.1387709092148088,-0.0025609104048794906,-0.002564195145079034,0.10386406471603023
2024-09-23,BASELINE_LSTM,9,2024-08-29,2024-08-30,2024-09-30,0,0.0028794217499137744,0.0,0.0028794217499137744,0.036708568660756585,0.9632914313392433,0.0,0.9629888060206525,0.09999999999999999,0.1,1.1391252234391558,1.1391252234391558,0.0,0.0028752841557895953,0.1022983498278125
2024-09-24,BASELINE_LSTM,9,2024-08-29,2024-08-30,2024-09-30,0,0.010351430613356005,0.0,0.010351430613356005,0.036603172689199465,0.9633968273108006,0.0,0.9629888060206525,0.09999999999999999,0.1,1.15091679914951,1.15091679914951,0.0,0.010298221434554434,0.10261264835600767
2024-09-25,BASELINE_LSTM,9,2024-08-29,2024-08-30,2024-09-30,0,-0.006078956510432019,0.0,-0.006078956510432019,0.036228159410808876,0.9637718405891912,0.0,0.9629888060206525,0.09999999999999999,0.1,1.1439204259803544,1.15091679914951,-0.00607895651043211,-0.006097508589626038,0.10531229707814646
2024-09-26,BASELINE_LSTM,9,2024-08-29,2024-08-30,2024-09-30,0,0.013605928364872878,0.0,0.013605928364872878,0.036449735769367594,0.9635502642306321,0.0,0.9629888060206525,0.09999999999999999,0.1,1.159484525351358,1.159484525351358,0.0,0.01351419882859648,0.11429619261235864
2024-09-27,BASELINE_LSTM,9,2024-08-29,2024-08-30,2024-09-30,0,-0.0008537069170406343,0.0,-0.0008537069170406343,0.035960460322255146,0.9640395396777449,0.0,0.9629888060206525,0.09999999999999999,0.1,1.1584946653918637,1.159484525351358,-0.0008537069170407863,-0.0008540715323218975,0.11343736021171918
2024-09-30,BASELINE_LSTM,9,2024-08-29,2024-08-30,2024-09-30,0,-0.004386937759127407,0.0,-0.004386937759127407,0.03599118624690663,0.9640088137530936,0.0,0.9629888060206525,0.09999999999999999,0.1,1.1534124214005084,1.159484525351358,-0.005236899517058746,-0.004396588606031124,0.11510715693551456
2024-10-01,BASELINE_LSTM,10,2024-09-30,2024-10-01,2024-10-30,1,0.0025985737893648173,0.0008125496157522601,0.0017860241736125573,0.0,1.0,0.8125496157522601,1.0,0.08165932023100266,0.1,1.1554724438672745,1.159484525351358,-0.0034602285725785498,0.0017844311289669803,0.11511813552935901
2024-10-02,BASELINE_LSTM,10,2024-09-30,2024-10-01,2024-10-30,0,0.0013861647689017943,0.0,0.0013861647689017943,0.0,1.0,0.0,1.0,0.08165932023100266,0.1,1.1570741190604001,1.159484525351358,-0.002078860250616432,0.0013852049294132592,0.10217373814195196
2024-10-03,BASELINE_LSTM,10,2024-09-30,2024-10-01,2024-10-30,0,-0.0017208249117483922,0.0,-0.0017208249117483922,0.0,1.0000000000000002,0.0,1.0,0.08165932023100266,0.1,1.1550829970915817,1.159484525351358,-0.0037961078078575516,-0.0017223072317230175,0.10253536965916216
2024-10-04,BASELINE_LSTM,10,2024-09-30,2024-10-01,2024-10-30,0,0.001604134357157334,0.0,0.001604134357157334,0.0,0.9999999999999999,0.0,1.0,0.08165932023100266,0.1,1.1569359054125845,1.159484525351358,-0.002198062917658228,0.001602849107930809,0.10245589519071338
2024-10-07,BASELINE_LSTM,10,2024-09-30,2024-10-01,2024-10-30,0,-0.002580070151451069,0.0,-0.002580070151451069,0.0,1.0000000000000002,0.0,1.0,0.08165932023100266,0.1,1.1539509296158874,1.159484525351358,-0.004772461912584514,-0.0025834042685162774,0.08940687386939439
2024-10-08,BASELINE_LSTM,10,2024-09-30,2024-10-01,2024-10-30,0,-0.002919822247543225,0.0,-0.002919822247543225,0.0,1.0000000000000002,0.0,1.0,0.08165932023100266,0.1,1.1505815980190217,1.159484525351358,-0.007678349419659836,-0.0029240932442486825,0.08938344541151928
2024-10-09,BASELINE_LSTM,10,2024-09-30,2024-10-01,2024-10-30,0,0.00022738450237404174,0.0,0.00022738450237404174,0.0,1.0,0.0,1.0,0.08165932023100266,0.1,1.1508432224431282,1.159484525351358,-0.007452710854947475,0.00022735865443628786,0.08865346709375221
2024-10-10,BASELINE_LSTM,10,2024-09-30,2024-10-01,2024-10-30,0,0.001756811915596344,0.0,0.001756811915596344,0.0,1.0,0.0,1.0,0.08165932023100266,0.1,1.1528650375292997,1.159484525351358,-0.005708991950584497,0.0017552705265659815,0.08806253829852866
2024-10-11,BASELINE_LSTM,10,2024-09-30,2024-10-01,2024-10-30,0,0.0037710300306014535,0.0,0.0037710300306014535,0.0,0.9999999999999999,0.0,1.0,0.08165932023100266,0.1,1.1572125262070532,1.159484525351358,-0.0019594907000731743,0.003763937521972191,0.08653523813208623
2024-10-15,BASELINE_LSTM,10,2024-09-30,2024-10-01,2024-10-30,0,-0.006822034043780967,0.0,-0.006822034043780967,0.0,1.0,0.0,1.0,0.08165932023100266,0.1,1.1493179829573787,1.159484525351358,-0.008768157031589952,-0.006845410495322572,0.09080349459449155
2024-10-16,BASELINE_LSTM,10,2024-09-30,2024-10-01,2024-10-30,0,0.003345491839767879,0.0,0.003345491839767879,0.0,1.0,0.0,1.0,0.08165932023100266,0.1,1.1531630168906613,1.159484525351358,-0.005451998989620899,0.003339908131976395,0.09039061903265756
2024-10-17,BASELINE_LSTM,10,2024-09-30,2024-10-01,2024-10-30,0,-0.002428850950180282,0.0,-0.002428850950180282,0.0,1.0,0.0,1.0,0.08165932023100266,0.1,1.1503621558013737,1.159484525351358,-0.007867607846874791,-0.0024318053935539863,0.0909976166694076
2024-10-18,BASELINE_LSTM,10,2024-09-30,2024-10-01,2024-10-30,0,0.0013592387424630685,0.0,0.0013592387424630685,0.0,1.0,0.0,1.0,0.08165932023100266,0.1,1.1519257726114023,1.159484525351358,-0.006519063061807717,0.0013583158137092466,0.08969055350307113
2024-10-21,BASELINE_LSTM,10,2024-09-30,2024-10-01,2024-10-30,0,-0.006270799912947631,0.0,-0.006270799912947631,0.0,1.0000000000000002,0.0,1.0,0.08165932023100266,0.1,1.1447022765767885,1.159484525351358,-0.012748983234674882,-0.006290543962656377,0.08000421876219586
2024-10-22,BASELINE_LSTM,10,2024-09-30,2024-10-01,2024-10-30,0,0.001664199523231671,0.0,0.001664199523231671,0.0,0.9999999999999999,0.0,1.0,0.08165932023100266,0.1,1.1466072895597097,1.159484525351358,-0.011106000563264162,0.0016628162776568824,0.07947071941375383
2024-10-23,BASELINE_LSTM,10,2024-09-30,2024-10-01,2024-10-30,0,-0.006006732235058106,0.0,-0.006006732235058106,0.0,1.0,0.0,1.0,0.08165932023100266,0.1,1.1397199265925588,1.159484525351358,-0.01704602202673633,-0.006024845220790876,0.08198715675088553
2024-10-24,BASELINE_LSTM,10,2024-09-30,2024-10-01,2024-10-30,0,0.0021871664199763644,0.0,0.0021871664199763644,0.0,1.0,0.0,1.0,0.08165932023100266,0.1,1.14221268374418,1.159484525351358,-0.014896138093731026,0.0021847780533715243,0.07356187415970616
2024-10-25,BASELINE_LSTM,10,2024-09-30,2024-10-01,2024-10-30,0,-0.0008007398598308637,0.0,-0.0008007398598308637,0.0,1.0,0.0,1.0,0.08165932023100266,0.1,1.1412980685199017,1.159484525351358,-0.01568495002203263,-0.0008010606232358849,0.0705860457420109
2024-10-28,BASELINE_LSTM,10,2024-09-30,2024-10-01,2024-10-30,0,-0.0016406560561521325,0.0,-0.0016406560561521325,0.0,0.9999999999999998,0.0,1.0,0.08165932023100266,0.1,1.1394255909319098,1.159484525351358,-0.01729987246994069,-0.0016420034061930915,0.050354851782360315
2024-10-29,BASELINE_LSTM,10,2024-09-30,2024-10-01,2024-10-30,0,-0.0002717921251678974,0.0,-0.0002717921251678974,0.0,1.0000000000000002,0.0,1.0,0.08165932023100266,0.1,1.1391159040290797,1.159484525351358,-0.017566962626004767,-0.00027182906734142856,0.050391872762678855
2024-10-30,BASELINE_LSTM,10,2024-09-30,2024-10-01,2024-10-30,0,-0.00046082710450317545,0.0,-0.00046082710450317545,0.0,1.0000000000000002,0.0,1.0,0.08165932023100266,0.1,1.1385909685453326,1.159484525351358,-0.018019694397986008,-0.00046093331794523987,0.04867068001926176
2024-10-31,BASELINE_LSTM,11,2024-10-30,2024-10-31,2024-12-02,1,-0.005136948085691021,0.00045227018873536583,-0.005589218274426387,0.38213451309657387,0.6178654869034261,0.45227018873536584,1.0,0.05093041326189811,0.1,1.1322271350968423,1.159484525351358,-0.023508196667183512,-0.005604896401158712,0.05076512164009718
2024-11-01,BASELINE_LSTM,11,2024-10-30,2024-10-31,2024-12-02,0,-0.000746670988722238,0.0,-0.000746670988722238,0.38410765417538945,0.6158923458246106,0.0,1.0,0.05093041326189811,0.1,1.1313817339424213,1.159484525351358,-0.024237314767457274,-0.0007469498863434213,0.050052230238635004
2024-11-04,BASELINE_LSTM,11,2024-10-30,2024-10-31,2024-12-02,0,0.0024007997872012255,0.0,0.0024007997872012255,0.38439467052408927,0.6156053294759108,0.0,1.0,0.05093041326189811,0.1,1.1340979549685137,1.159484525351358,-0.021894703920391945,0.0023979224717108807,0.05139199772449363
2024-11-05,BASELINE_LSTM,11,2024-10-30,2024-10-31,2024-12-02,0,0.004880704144824088,0.0,0.004880704144824088,0.38347402616367826,0.6165259738363218,0.0,1.0,0.05093041326189811,0.1,1.139633151557965,1.159484525351358,-0.017120861347741934,0.004868832121899719,0.05452442351174455
2024-11-06,BASELINE_LSTM,11,2024-10-30,2024-10-31,2024-12-02,0,0.0037937664068230454,0.0,0.0037937664068230454,0.38161149336629285,0.6183885066337071,0.0,1.0,0.05093041326189811,0.1,1.1439566535244474,1.159484525351358,-0.013392047489555803,0.003786588224218924,0.05621673264397314
2024-11-07,BASELINE_LSTM,11,2024-10-30,2024-10-31,2024-12-02,0,0.004778985910896842,0.0,0.004778985910896842,0.38016922014997984,0.6198307798500203,0.0,1.0,0.05093041326189811,0.1,1.1494236062543175,1.159484525351358,-0.008677061984929568,0.004767602809775447,0.05817024077738561
2024-11-08,BASELINE_LSTM,11,2024-10-30,2024-10-31,2024-12-02,0,-0.00013404996008385358,0.0,-0.00013404996008385358,0.37836103807976423,0.6216389619202357,0.0,1.0,0.05093041326189811,0.1,1.1492695260657797,1.159484525351358,-0.008809948785200694,-0.00013405894558276565,0.05816216081267463
2024-11-12,BASELINE_LSTM,11,2024-10-30,2024-10-31,2024-12-02,0,-0.005193629835371231,0.0,-0.005193629835371231,0.3784117641616454,0.6215882358383548,0.0,1.0,0.05093041326189811,0.1,1.1433006455663215,1.159484525351358,-0.013957823007713088,-0.005207163610755063,0.06037501274011891
2024-11-13,BASELINE_LSTM,11,2024-10-30,2024-10-31,2024-12-02,0,-0.002091531485968073,0.0,-0.002091531485968073,0.38038735527902046,0.6196126447209794,0.0,1.0,0.05093041326189811,0.1,1.140909396268192,1.159484525351358,-0.016020161267384814,-0.0020937217925428146,0.05867472447391507
2024-11-14,BASELINE_LSTM,11,2024-10-30,2024-10-31,2024-12-02,0,-0.0019252964246754044,0.0,-0.0019252964246754044,0.3811846149030569,0.6188153850969432,0.0,1.0,0.05093041326189811,0.1,1.1387128074866781,1.159484525351358,-0.01791461413284956,-0.0019271521901518163,0.054482222304230235
2024-11-15,BASELINE_LSTM,11,2024-10-30,2024-10-31,2024-12-02,0,-0.0036611396027391684,0.0,-0.0036611396027391684,0.3819199239671831,0.6180800760328169,0.0,1.0,0.05093041326189811,0.1,1.1345438209310423,1.159484525351358,-0.021510165832319128,-0.003667857977285339,0.05375731086640763
2024-11-18,BASELINE_LSTM,11,2024-10-30,2024-10-31,2024-12-02,0,0.004282697468360379,0.0,0.004282697468360379,0.3833233241699554,0.6166766758300446,0.0,1.0,0.05093041326189811,0.1,1.1394027288806876,1.159484525351358,-0.017319589896712895,0.00427355281943724,0.05612001021564442
2024-11-19,BASELINE_LSTM,11,2024-10-30,2024-10-31,2024-12-02,0,0.00114734143721154,0.0,0.00114734143721154,0.38168866708174254,0.6183113329182574,0.0,1.0,0.05093041326189811,0.1,1.1407100128452043,1.159484525351358,-0.01619211994266534,0.0011466837440424497,0.05603853930042341
2024-11-20,BASELINE_LSTM,11,2024-10-30,2024-10-31,2024-12-02,0,0.000411213963828504,0.0,0.000411213963828504,0.3812512417341127,0.6187487582658873,0.0,1.0,0.05093041326189811,0.1,1.1411790887311655,1.159484525351358,-0.015787564404661114,0.0004111294385376729,0.05191908345256909
2024-11-21,BASELINE_LSTM,11,2024-10-30,2024-10-31,2024-12-02,0,0.0031367397440469533,0.0,0.0031367397440469533,0.3810945303416975,0.6189054696583025,0.0,1.0,0.05093041326189811,0.1,1.1447586705338637,1.159484525351358,-0.012700346141343966,0.0031318304393976467,0.05280603483557459
2024-11-22,BASELINE_LSTM,11,2024-10-30,2024-10-31,2024-12-02,0,0.0024834291124310745,0.0,0.0024834291124310745,0.37990287389826316,0.6200971261017368,0.0,1.0,0.05093041326189811,0.1,1.1476015975429754,1.159484525351358,-0.010248457438258307,0.0024803504983126803,0.04880261435158913
2024-11-25,BASELINE_LSTM,11,2024-10-30,2024-10-31,2024-12-02,0,0.0008985064422408847,0.0,0.0008985064422408847,0.37896174925765885,0.6210382507423411,0.0,1.0,0.05093041326189811,0.1,1.1486327249714936,1.159484525351358,-0.009359159301048803,0.0008981030269569134,0.04838762880861955
2024-11-26,BASELINE_LSTM,11,2024-10-30,2024-10-31,2024-12-02,0,-9.918962690073236e-05,0.0,-9.918962690073236e-05,0.3786215553510047,0.6213784446489953,0.0,1.0,0.05093041326189811,0.1,1.1485187925200577,1.159484525351358,-0.0094574205964304,-9.919454651709402e-05,0.048253340916699465
2024-11-27,BASELINE_LSTM,11,2024-10-30,2024-10-31,2024-12-02,0,0.0003635957732553489,0.0,0.0003635957732553489,0.37865911440728534,0.6213408855927146,0.0,1.0,0.05093041326189811,0.1,1.1489363890985222,1.159484525351358,-0.009097263501329889,0.00036352968833049863,0.04773349625302059
2024-11-29,BASELINE_LSTM,11,2024-10-30,2024-10-31,2024-12-02,0,0.0033533590526293377,0.0,0.0033533590526293377,0.3785214855950367,0.6214785144049634,0.0,1.0,0.05093041326189811,0.1,1.1527891853398011,1.159484525351358,-0.005774410839616828,0.0033477490821598272,0.048731957219514566
2024-12-02,BASELINE_LSTM,11,2024-10-30,2024-10-31,2024-12-02,0,-0.0007523780042031411,0.0,-0.0007523780042031411,0.3772564093994147,0.6227435906005853,0.0,1.0,0.05093041326189811,0.1,1.1519218521132681,1.159484525351358,-0.00652244430411697,-0.0007526611825807763,0.04881998099332428
2024-12-03,BASELINE_LSTM,12,2024-12-02,2024-12-03,2025-01-02,1,-0.0009220208668444793,0.00038799364684610993,-0.0013100145136905892,0.0,1.0,0.38799364684610993,1.0,0.06578295135311153,0.1,1.1504128177683624,1.159484525351358,-0.00782391432110452,-0.001310873332829258,0.044024672002338366
2024-12-04,BASELINE_LSTM,12,2024-12-02,2024-12-03,2025-01-02,0,0.0013244843361843296,0.0,0.0013244843361843296,0.0,0.9999999999999999,0.0,1.0,0.06578295135311153,0.1,1.1519365215256423,1.159484525351358,-0.006509792636886114,0.001323607980533471,0.0437155870071561
2024-12-05,BASELINE_LSTM,12,2024-12-02,2024-12-03,2025-01-02,0,-0.0005604641841520582,0.0,-0.0005604641841520582,0.0,1.0,0.0,1.0,0.06578295135311153,0.1,1.1512909023629105,1.159484525351358,-0.007066608315418832,-0.0005606213029119512,0.043603119936599426
2024-12-06,BASELINE_LSTM,12,2024-12-02,2024-12-03,2025-01-02,0,-0.00016917677238732168,0.0,-0.00016917677238732168,0.0,0.9999999999999998,0.0,1.0,0.06578295135311153,0.1,1.1510961306839698,1.159484525351358,-0.0072345895818197725,-0.0001691910843916746,0.04097118709568318
2024-12-09,BASELINE_LSTM,12,2024-12-02,2024-12-03,2025-01-02,0,-0.0022664638953245665,0.0,-0.0022664638953245665,0.0,1.0,0.0,1.0,0.06578295135311153,0.1,1.1484872128637267,1.159484525351358,-0.009484656541059677,-0.0022690362120626265,0.04016929916735865
2024-12-10,BASELINE_LSTM,12,2024-12-02,2024-12-03,2025-01-02,0,-0.00210084921256488,0.0,-0.00210084921256488,0.0,1.0,0.0,1.0,0.06578295135311153,0.1,1.146074414406941,1.159484525351358,-0.01156557992039886,-0.0021030590918964826,0.03724469059605475
2024-12-11,BASELINE_LSTM,12,2024-12-02,2024-12-03,2025-01-02,0,0.0034197106309394017,0.0,0.0034197106309394017,0.0,1.0000000000000002,0.0,1.0,0.06578295135311153,0.1,1.149993657265736,1.159484525351358,-0.008185420226066276,0.003413876716954832,0.03922574271575655
2024-12-12,BASELINE_LSTM,12,2024-12-02,2024-12-03,2025-01-02,0,-0.006397897949302148,0.0,-0.006397897949302148,0.0,1.0,0.0,1.0,0.06578295135311153,0.1,1.1426361152042053,1.159484525351358,-0.014530948692089818,-0.006418452214683687,0.04142616344848896
2024-12-13,BASELINE_LSTM,12,2024-12-02,2024-12-03,2025-01-02,0,-0.0024947095219022062,0.0,-0.0024947095219022062,0.0,1.0000000000000002,0.0,1.0,0.06578295135311153,0.1,1.1397855700075359,1.159484525351358,-0.016989407717927674,-0.002497826494741899,0.041702829317488754
2024-12-16,BASELINE_LSTM,12,2024-12-02,2024-12-03,2025-01-02,0,-0.00017573078688724105,0.0,-0.00017573078688724105,0.0,1.0,0.0,1.0,0.06578295135311153,0.1,1.1395852745924357,1.159484525351358,-0.017162152942827857,-0.00017574622935114176,0.04114548085125976
2024-12-17,BASELINE_LSTM,12,2024-12-02,2024-12-03,2025-01-02,0,-0.003919597668042575,0.0,-0.003919597668042575,0.0,1.0,0.0,1.0,0.06578295135311153,0.1,1.1351185588076076,1.159484525351358,-0.021014481876217128,-0.00392729942275611,0.04144848533550896
2024-12-18,BASELINE_LSTM,12,2024-12-02,2024-12-03,2025-01-02,0,-0.021788218108452193,0.0,-0.021788218108452193,0.0,0.9999999999999999,0.0,1.0,0.06578295135311153,0.1,1.1103863480693554,1.159484525351358,-0.042344831870114286,-0.022029086488621077,0.084872163208374
2024-12-19,BASELINE_LSTM,12,2024-12-02,2024-12-03,2025-01-02,0,-0.0017771918395870028,0.0,-0.0017771918395870028,0.0,1.0,0.0,1.0,0.06578295135311153,0.1,1.1084129785127776,1.159484525351358,-0.044046768820053095,-0.001778772918535778,0.08444459509453754
2024-12-20,BASELINE_LSTM,12,2024-12-02,2024-12-03,2025-01-02,0,0.008575712219774996,0.0,0.008575712219774996,0.0,0.9999999999999999,0.0,1.0,0.06578295135311153,0.1,1.1179184092371668,1.159484525351358,-0.03584878901388988,0.008539149684220862,0.09103854328267
2024-12-23,BASELINE_LSTM,12,2024-12-02,2024-12-03,2025-01-02,0,0.0014432711150454466,0.0,0.0014432711150454466,0.0,1.0,0.0,1.0,0.06578295135311153,0.1,1.1195318685861964,1.159484525351358,-0.034457257420537624,0.0014422306003325843,0.09026168922568778
2024-12-24,BASELINE_LSTM,12,2024-12-02,2024-12-03,2025-01-02,0,0.0067215381267795,0.0,0.0067215381267795,0.0,0.9999999999999999,0.0,1.0,0.06578295135311153,0.1,1.1270568447250433,1.159484525351358,-0.02796732506325439,0.006699049306117319,0.0934731944936043
2024-12-26,BASELINE_LSTM,12,2024-12-02,2024-12-03,2025-01-02,0,0.0016221043893840197,0.0,0.0016221043893840197,0.0,0.9999999999999999,0.0,1.0,0.06578295135311153,0.1,1.128885048579957,1.159484525351358,-0.026390586594614796,0.0016207901990363369,0.09367778502850209
2024-12-27,BASELINE_LSTM,12,2024-12-02,2024-12-03,2025-01-02,0,-0.00575582753933863,0.0,-0.00575582753933863,0.0,1.0,0.0,1.0,0.06578295135311153,0.1,1.122387380928593,1.159484525351358,-0.03199451446885282,-0.005772456152991311,0.09517288430061797
2024-12-30,BASELINE_LSTM,12,2024-12-02,2024-12-03,2025-01-02,0,-0.003754629405074873,0.0,-0.003754629405074873,0.0,1.0,0.0,1.0,0.06578295135311153,0.1,1.1181732322642735,1.159484525351358,-0.03562901632910187,-0.0037616957191987685,0.09544823613489975
2024-12-31,BASELINE_LSTM,12,2024-12-02,2024-12-03,2025-01-02,0,-1.1090320879536813e-05,0.0,-1.1090320879536813e-05,0.0,0.9999999999999998,0.0,1.0,0.06578295135311153,0.1,1.1181608313643288,1.159484525351358,-0.03563971151275769,-1.1090382377600107e-05,0.09409034338026807
2025-01-02,BASELINE_LSTM,12,2024-12-02,2024-12-03,2025-01-02,0,0.0017061044498528596,0.0,0.0017061044498528596,0.0,1.0,0.0,1.0,0.06578295135311153,0.1,1.1200685305343705,1.159484525351358,-0.03399441213330834,0.0017046507069126164,0.09470364544637558
2025-01-03,BASELINE_LSTM,13,2025-01-02,2025-01-03,2025-02-04,1,0.006817264699078364,0.0006783175470065418,0.006138947152071822,1.1102230246251565e-16,0.9999999999999999,0.6783175470065418,1.0,0.08749343972383146,0.1,1.1269445720500197,1.159484525351358,-0.028064154880788617,0.006120180581497006,0.09816316177354514
2025-01-06,BASELINE_LSTM,13,2025-01-02,2025-01-03,2025-02-04,0,0.0017193408542902878,0.0,0.0017193408542902878,1.1027055887415522e-16,0.9999999999999998,0.0,1.0,0.08749343972383146,0.1,1.1288821738932662,1.159484525351358,-0.026393065874525834,0.001717864479822056,0.098289231919413
2025-01-07,BASELINE_LSTM,13,2025-01-02,2025-01-03,2025-02-04,0,-0.004661913232601552,0.0,-0.004661913232601552,1.1008129161219335e-16,1.0,0.0,1.0,0.08749343972383146,0.1,1.123619423148745,1.159484525351358,-0.03093193692407814,-0.004672813841752763,0.0991061507324577
2025-01-08,BASELINE_LSTM,13,2025-01-02,2025-01-03,2025-02-04,0,-0.0006433585790068608,0.0,-0.0006433585790068608,1.1059688469242548e-16,0.9999999999999998,0.0,1.0,0.08749343972383146,0.1,1.1228965329533236,1.159484525351358,-0.03155539517609962,-0.0006435656229445433,0.09906009751482267
2025-01-10,BASELINE_LSTM,13,2025-01-02,2025-01-03,2025-02-04,0,-0.01104025944926118,0.0,-0.01104025944926118,1.1066808395365933e-16,1.0000000000000002,0.0,1.0,0.08749343972383146,0.1,1.110499463894843,1.159484525351358,-0.042247274875592544,-0.011101655416764396,0.1048391138641307
2025-01-13,BASELINE_LSTM,13,2025-01-02,2025-01-03,2025-02-04,0,5.602202014688283e-05,0.0,5.602202014688283e-05,1.1190352793535326e-16,1.0,0.0,1.0,0.08749343972383146,0.1,1.1105616763181825,1.159484525351358,-0.04219361963312995,5.6020450972117453e-05,0.10497571629907573
2025-01-14,BASELINE_LSTM,13,2025-01-02,2025-01-03,2025-02-04,0,0.005091515418026576,0.0,0.005091515418026576,1.118972592248426e-16,1.0,0.0,1.0,0.08749343972383146,0.1,1.1162161182158261,1.159484525351358,-0.03731693368000766,0.00507859748275763,0.10610962146729336
2025-01-15,BASELINE_LSTM,13,2025-01-02,2025-01-03,2025-02-04,0,0.01470127116464445,0.0,0.01470127116464445,1.1133041868162972e-16,0.9999999999999999,0.0,1.0,0.08749343972383146,0.1,1.1326259140480637,1.159484525351358,-0.023164268876426197,0.014594255051346218,0.11794351649635167
2025-01-16,BASELINE_LSTM,13,2025-01-02,2025-01-03,2025-02-04,0,0.001671695590387685,0.0,0.001671695590387685,1.0971743294836707e-16,0.9999999999999998,0.0,1.0,0.08749343972383146,0.1,1.1345193197941368,1.159484525351358,-0.0215312968921737,0.0016702998625857334,0.11790165504642657
2025-01-17,BASELINE_LSTM,13,2025-01-02,2025-01-03,2025-02-04,0,0.0034426131018588414,0.0,0.0034426131018588414,1.0953432490043494e-16,0.9999999999999998,0.0,1.0,0.08749343972383146,0.1,1.138425030868772,1.159484525351358,-0.01816280771509593,0.003436700874496277,0.1185810871324738
2025-01-21,BASELINE_LSTM,13,2025-01-02,2025-01-03,2025-02-04,0,0.011637093629366916,0.0,0.011637093629366916,1.0915853430007383e-16,0.9999999999999998,0.0,1.0,0.08749343972383146,0.1,1.1516729895430067,1.159484525351358,-0.0067370763796819055,0.011569903418757842,0.12421212042360792
2025-01-22,BASELINE_LSTM,13,2025-01-02,2025-01-03,2025-02-04,0,-0.0015336179174632201,0.0,-0.0015336179174632201,1.0790285863130501e-16,1.0000000000000002,0.0,1.0,0.08749343972383146,0.1,1.149906763211185,1.159484525351358,-0.008260362196097937,-0.0015347951131544837,0.09346503236710127
2025-01-23,BASELINE_LSTM,13,2025-01-02,2025-01-03,2025-02-04,0,0.002956572426056561,0.0,0.002956572426056561,1.0806859456424379e-16,0.9999999999999999,0.0,1.0,0.08749343972383146,0.1,1.153306545839831,1.159484525351358,-0.005328212129139698,0.002952210361526099,0.09270212979335495
2025-01-24,BASELINE_LSTM,13,2025-01-02,2025-01-03,2025-02-04,0,0.0007946649952006267,0.0,0.0007946649952006267,1.0775002381492565e-16,1.0,0.0,1.0,0.08749343972383146,0.1,1.1542230381805458,1.159484525351358,-0.0045377812776049575,0.0007943494161486785,0.08953149674335178
2025-01-27,BASELINE_LSTM,13,2025-01-02,2025-01-03,2025-02-04,0,-0.00608313209479139,0.0,-0.00608313209479139,1.076644666320662e-16,0.9999999999999999,0.0,1.0,0.08749343972383146,0.1,1.147201746972442,1.159484525351358,-0.010593309449467458,-0.0061017097212529596,0.0933485897012301
2025-01-28,BASELINE_LSTM,13,2025-01-02,2025-01-03,2025-02-04,0,0.0023072260918243688,0.0,0.0023072260918243688,1.0832341225778886e-16,0.9999999999999998,0.0,1.0,0.08749343972383146,0.1,1.1498486007756434,1.159484525351358,-0.008310524517603612,0.002304568532646578,0.09128300967223255
2025-01-29,BASELINE_LSTM,13,2025-01-02,2025-01-03,2025-02-04,0,-0.0018228680979792383,0.0,-0.0018228680979792383,1.0807406096448223e-16,1.0,0.0,1.0,0.08749343972383146,0.1,1.1477525784437834,1.159484525351358,-0.010118243625562351,-0.0018245315438328484,0.09174466341663122
2025-01-30,BASELINE_LSTM,13,2025-01-02,2025-01-03,2025-02-04,0,0.008724228439926339,0.0,0.008724228439926339,1.0827142549193419e-16,1.0,0.0,1.0,0.08749343972383146,0.1,1.1577658341306414,1.159484525351358,-0.0014822890544362588,0.008686392260722499,0.09238464170010752
2025-01-31,BASELINE_LSTM,13,2025-01-02,2025-01-03,2025-02-04,0,-0.006407524340861613,0.0,-0.006407524340861613,1.073350103421078e-16,0.9999999999999999,0.0,1.0,0.08749343972383146,0.1,1.1503474213674314,1.159484525351358,-0.007880315592101339,-0.006428140638421874,0.09472226281860566
2025-02-03,BASELINE_LSTM,13,2025-01-02,2025-01-03,2025-02-04,0,-0.004225609619164719,0.0,-0.004225609619164719,1.080271972378846e-16,0.9999999999999999,0.0,1.0,0.08749343972383146,0.1,1.1454865022383198,1.159484525351358,-0.01207262607389803,-0.00423456273798296,0.09659871767212098
2025-02-04,BASELINE_LSTM,13,2025-01-02,2025-01-03,2025-02-04,0,0.00919344768997629,0.0,0.00919344768997629,1.0848561509657769e-16,0.9999999999999999,0.0,1.0,0.08749343972383146,0.1,1.1560174724762216,1.159484525351358,-0.002990167440212965,0.009151445185385432,0.10050326468705748
2025-02-05,BASELINE_LSTM,14,2025-02-04,2025-02-05,2025-03-06,1,0.005736997566352396,0.0005665811045818168,0.005170416461770579,2.220446049250313e-16,0.9999999999999998,0.5665811045818168,1.0,0.07445410850116232,0.1,1.161994564246007,1.161994564246007,0.0,0.005157095754583071,0.10000005607532696
2025-02-06,BASELINE_LSTM,14,2025-02-04,2025-02-05,2025-03-06,0,-0.0006561023659581299,0.0,-0.0006561023659581299,2.2077800206448323e-16,0.9999999999999999,0.0,1.0,0.07445410850116232,0.1,1.1612321768631746,1.161994564246007,-0.0006561023659582554,-0.0006563176953059857,0.1002603254534115
2025-02-07,BASELINE_LSTM,14,2025-02-04,2025-02-05,2025-03-06,0,-0.005184659058796804,0.0,-0.005184659058796804,2.2092295013476107e-16,0.9999999999999998,0.0,1.0,0.07445410850116232,0.1,1.1552115839380346,1.161994564246007,-0.00583735975767985,-0.005198146040707033,0.10067331381979512
2025-02-10,BASELINE_LSTM,14,2025-02-04,2025-02-05,2025-03-06,0,0.005298517016621782,0.0,0.005298517016621782,2.220743298205916e-16,0.9999999999999997,0.0,1.0,0.07445410850116232,0.1,1.1613324921733288,1.161994564246007,-0.0005697720910663451,0.0052845292631456,0.10130859215133255
2025-02-11,BASELINE_LSTM,14,2025-02-04,2025-02-05,2025-03-06,0,-0.0005081100181237492,0.0,-0.0005081100181237492,2.2090386692266433e-16,0.9999999999999998,0.0,1.0,0.07445410850116232,0.1,1.1607424074996828,1.161994564246007,-0.0010775926022826843,-0.0005082391497629137,0.09065649040008493
2025-02-12,BASELINE_LSTM,14,2025-02-04,2025-02-05,2025-03-06,0,-0.003698770175193931,0.0,-0.003698770175193931,2.210161674515138e-16,0.9999999999999998,0.0,1.0,0.07445410850116232,0.1,1.1564490881017402,1.161994564246007,-0.00477237701009825,-0.003705627540031658,0.09264357502659529
2025-02-13,BASELINE_LSTM,14,2025-02-04,2025-02-05,2025-03-06,0,0.008227675510584702,0.0,0.008227675510584702,2.2183669038567605e-16,0.9999999999999998,0.0,1.0,0.07445410850116232,0.1,1.165963975943153,1.165963975943153,0.0,0.008194012706801566,0.09458672882196724
2025-02-14,BASELINE_LSTM,14,2025-02-04,2025-02-05,2025-03-06,0,0.0004307085341537918,0.0,0.0004307085341537918,2.200263846886904e-16,0.9999999999999998,0.0,1.0,0.07445410850116232,0.1,1.1664661665781075,1.1664661665781075,0.0,0.00043061580585805213,0.08298205897106907
2025-02-18,BASELINE_LSTM,14,2025-02-04,2025-02-05,2025-03-06,0,0.0029526212858596696,0.0,0.0029526212858596696,2.1993165824655302e-16,0.9999999999999999,0.0,1.0,0.07445410850116232,0.1,1.1699102994107813,1.1699102994107813,0.0,0.0029482708609651735,0.08315205455651532
2025-02-19,BASELINE_LSTM,14,2025-02-04,2025-02-05,2025-03-06,0,0.0011267194291412488,0.0,0.0011267194291412488,2.192841950645528e-16,0.9999999999999996,0.0,1.0,0.07445410850116232,0.1,1.1712284600754799,1.1712284600754799,0.0,0.0011260851571915592,0.08284560351075503
2025-02-20,BASELINE_LSTM,14,2025-02-04,2025-02-05,2025-03-06,0,9.303280440945498e-05,0.0,9.303280440945498e-05,2.190374013687221e-16,0.9999999999999999,0.0,1.0,0.07445410850116232,0.1,1.171337422743725,1.171337422743725,0.0,9.302847712649094e-05,0.07408803020712011
2025-02-21,BASELINE_LSTM,14,2025-02-04,2025-02-05,2025-03-06,0,-0.008147040690027373,0.0,-0.008147040690027373,2.1901702560061702e-16,0.9999999999999998,0.0,1.0,0.07445410850116232,0.1,1.16179448909888,1.171337422743725,-0.008147040690027363,-0.008180409185941623,0.08006905981045939
2025-02-24,BASELINE_LSTM,14,2025-02-04,2025-02-05,2025-03-06,0,-0.0013555949078197474,0.0,-0.0013555949078197474,2.2081602272274928e-16,0.9999999999999998,0.0,1.0,0.07445410850116232,0.1,1.1602195664055246,1.171337422743725,-0.009491591510973896,-0.0013565145578059822,0.07979011793268379
2025-02-25,BASELINE_LSTM,14,2025-02-04,2025-02-05,2025-03-06,0,-3.638591054204096e-06,0.0,-3.638591054204096e-06,2.2111576612935288e-16,0.9999999999999998,0.0,1.0,0.07445410850116232,0.1,1.1602153448409893,1.171337422743725,-0.009495195566008197,-3.6385976738925835e-06,0.07977376289902359
2025-02-26,BASELINE_LSTM,14,2025-02-04,2025-02-05,2025-03-06,0,0.000961447488462345,0.0,0.000961447488462345,2.2111657068212892e-16,0.9999999999999998,0.0,1.0,0.07445410850116232,0.1,1.161330830970362,1.171337422743725,-0.00854287720947533,0.0009609855938603716,0.07637123080052945
2025-02-27,BASELINE_LSTM,14,2025-02-04,2025-02-05,2025-03-06,0,-0.008600913549346651,0.0,-0.008600913549346651,2.2090418291027898e-16,0.9999999999999996,0.0,1.0,0.07445410850116232,0.1,1.151342324890995,1.171337422743725,-0.017070314210480553,-0.008638114870111345,0.08243004902975945
2025-02-28,BASELINE_LSTM,14,2025-02-04,2025-02-05,2025-03-06,0,0.005851023126797835,0.0,0.005851023126797835,2.228206440063877e-16,0.9999999999999997,0.0,1.0,0.07445410850116232,0.1,1.1580788554607935,1.171337422743725,-0.011319169886909952,0.005833972368242817,0.08446591081453902
2025-03-03,BASELINE_LSTM,14,2025-02-04,2025-02-05,2025-03-06,0,-0.006145688935071489,0.0,-0.006145688935071489,2.2152449903935608e-16,0.9999999999999996,0.0,1.0,0.07445410850116232,0.1,1.1509616630528479,1.171337422743725,-0.01739529472485324,-0.006164651412894914,0.08179182055779533
2025-03-04,BASELINE_LSTM,14,2025-02-04,2025-02-05,2025-03-06,0,-0.004375565383965604,0.0,-0.004375565383965604,2.2289433830798557e-16,0.9999999999999997,0.0,1.0,0.07445410850116232,0.1,1.1459255550417224,1.171337422743725,-0.021694745859376807,-0.004385166186375127,0.0801467248232741
2025-03-05,BASELINE_LSTM,14,2025-02-04,2025-02-05,2025-03-06,0,0.005803505595341297,0.0,0.005803505595341297,2.2387391325318917e-16,0.9999999999999997,0.0,1.0,0.07445410850116232,0.1,1.1525759404122518,1.171337422743725,-0.01601714584301983,0.005786730129789915,0.08127450895020383
2025-03-06,BASELINE_LSTM,14,2025-02-04,2025-02-05,2025-03-06,0,-0.008544868196157874,0.0,-0.008544868196157874,2.2258215646273455e-16,0.9999999999999997,0.0,1.0,0.07445410850116232,0.1,1.1427273309153663,1.171337422743725,-0.024425149639070498,-0.008581584891570572,0.08013012162773267
2025-03-07,BASELINE_LSTM,15,2025-03-06,2025-03-07,2025-04-04,1,0.00157453052711049,0.0006498063341043614,0.0009247241930061286,2.220446049250313e-16,0.9999999999999998,0.6498063341043614,1.0,0.08612248171142563,0.1,1.143784038524273,1.171337422743725,-0.023523011972853447,0.0009242968989886843,0.07763383837200866
2025-03-10,BASELINE_LSTM,15,2025-03-06,2025-03-07,2025-04-04,0,-0.00970924564057331,0.0,-0.00970924564057331,2.216955385318886e-16,0.9999999999999998,0.0,1.0,0.08612248171142563,0.1,1.132678758334474,1.171337422743725,-0.0330038669119761,-0.009756687700192727,0.08365900136980008
2025-03-11,BASELINE_LSTM,15,2025-03-06,2025-03-07,2025-04-04,0,-0.004592384800138452,0.0,-0.004592384800138452,2.238691389937223e-16,0.9999999999999997,0.0,1.0,0.08612248171142563,0.1,1.127477061621259,1.171337422743725,-0.037444685255362264,-0.0046029621952841425,0.08332404076066888
2025-03-12,BASELINE_LSTM,15,2025-03-06,2025-03-07,2025-04-04,0,0.0006067685887609761,0.0,0.0006067685887609761,2.24901975407103e-16,0.9999999999999998,0.0,1.0,0.08612248171142563,0.1,1.1281611792867994,1.171337422743725,-0.03686063692543018,0.0006065845791312357,0.08028770990520588
2025-03-13,BASELINE_LSTM,15,2025-03-06,2025-03-07,2025-04-04,0,-0.002218308378008166,0.0,-0.002218308378008166,2.247655947044022e-16,0.9999999999999998,0.0,1.0,0.08612248171142563,0.1,1.125658569891044,1.171337422743725,-0.03899717704372796,-0.002220772468788056,0.08027259844839336
2025-03-14,BASELINE_LSTM,15,2025-03-06,2025-03-07,2025-04-04,0,0.010015554421854617,0.0,0.010015554421854617,2.25265302612462e-16,1.0,0.0,1.0,0.08612248171142563,0.1,1.1369326645582147,1.171337422743725,-0.029372200970853468,0.009965731152260706,0.0889574086112377
2025-03-17,BASELINE_LSTM,15,2025-03-06,2025-03-07,2025-04-04,0,0.007687026321031439,0.0,0.007687026321031439,2.2303151830310834e-16,0.9999999999999996,0.0,1.0,0.08612248171142563,0.1,1.145672295875914,1.171337422743725,-0.021910959531791674,0.00765763167636976,0.088290208900437
2025-03-18,BASELINE_LSTM,15,2025-03-06,2025-03-07,2025-04-04,0,-0.001977141226541803,0.0,-0.001977141226541803,2.2133014763261865e-16,0.9999999999999997,0.0,1.0,0.08612248171142563,0.1,1.1434071399476309,1.171337422743725,-0.02384477969693022,-0.001979098350355581,0.08824922108263035
2025-03-19,BASELINE_LSTM,15,2025-03-06,2025-03-07,2025-04-04,0,0.00754199318985106,0.0,0.00754199318985106,2.2176861550508689e-16,0.9999999999999998,0.0,1.0,0.08612248171142563,0.1,1.152030708810343,1.171337422743725,-0.016482623673166885,0.007513694555549638,0.09212286501617052
2025-03-20,BASELINE_LSTM,15,2025-03-06,2025-03-07,2025-04-04,0,-0.001335395761587278,0.0,-0.001335395761587278,2.2010855825767953e-16,0.9999999999999998,0.0,1.0,0.08612248171142563,0.1,1.1504922918845792,1.171337422743725,-0.017796008608961245,-0.0013362881970988547,0.09189123368639915
2025-03-21,BASELINE_LSTM,15,2025-03-06,2025-03-07,2025-04-04,0,-0.003647022652799217,0.0,-0.003647022652799217,2.2040288333392527e-16,0.9999999999999998,0.0,1.0,0.08612248171142563,0.1,1.1462964204342052,1.171337422743725,-0.021378128815234154,-0.0036536892536796193,0.09232202264930628
2025-03-24,BASELINE_LSTM,15,2025-03-06,2025-03-07,2025-04-04,0,0.004503523028700853,0.0,0.004503523028700853,2.212096399016642e-16,0.9999999999999998,0.0,1.0,0.08612248171142563,0.1,1.1514587927613482,1.171337422743725,-0.016970882681963118,0.004493412512795112,0.09037068189191491
2025-03-25,BASELINE_LSTM,15,2025-03-06,2025-03-07,2025-04-04,0,0.001025547205745636,0.0,0.001025547205745636,2.2021788359157774e-16,0.9999999999999997,0.0,1.0,0.08612248171142563,0.1,1.1526396681087958,1.171337422743725,-0.015962739917531055,0.00102502169147247,0.0904380890485454
2025-03-26,BASELINE_LSTM,15,2025-03-06,2025-03-07,2025-04-04,0,-0.006450450580353787,0.0,-0.006450450580353787,2.1999227113263203e-16,0.9999999999999996,0.0,1.0,0.08612248171142563,0.1,1.1452046228927046,1.171337422743725,-0.02231022363291979,-0.006471344635878623,0.09290179671077542
2025-03-27,BASELINE_LSTM,15,2025-03-06,2025-03-07,2025-04-04,0,-0.0016470115732917278,0.0,-0.0016470115732917278,2.2142053334042003e-16,0.9999999999999999,0.0,1.0,0.08612248171142563,0.1,1.1433184576250133,1.171337422743725,-0.023920490009685214,-0.001648369387948782,0.09278190851684516
2025-03-28,BASELINE_LSTM,15,2025-03-06,2025-03-07,2025-04-04,0,-0.00456787122713031,0.0,-0.00456787122713031,2.2178581714805482e-16,1.0,0.0,1.0,0.08612248171142563,0.1,1.138095926138981,1.171337422743725,-0.0283790955187615,-0.0045783358303709484,0.08943535532351145
2025-03-31,BASELINE_LSTM,15,2025-03-06,2025-03-07,2025-04-04,0,0.0064040877436620045,0.0,0.0064040877436620045,2.2280355509668333e-16,0.9999999999999998,0.0,1.0,0.08612248171142563,0.1,1.1453843923106792,1.171337422743725,-0.022156749992887415,0.006383668704261933,0.0899486309446876
2025-04-01,BASELINE_LSTM,15,2025-03-06,2025-03-07,2025-04-04,0,0.0028017105813895543,0.0,0.0028017105813895543,2.2138578112913323e-16,0.9999999999999998,0.0,1.0,0.08612248171142563,0.1,1.1485934278823746,1.171337422743725,-0.019417116212402052,0.0027977931056815657,0.08820938284026138
2025-04-02,BASELINE_LSTM,15,2025-03-06,2025-03-07,2025-04-04,0,0.0037261013947956266,0.0,0.0037261013947956266,2.207672551742871e-16,0.9999999999999998,0.0,1.0,0.08612248171142563,0.1,1.1528732034560603,1.171337422743725,-0.015763364961408288,0.003719176675134589,0.08771266165249181
2025-04-03,BASELINE_LSTM,15,2025-03-06,2025-03-07,2025-04-04,0,-0.024647876856105828,0.0,-0.024647876856105828,2.199477077137926e-16,0.9999999999999997,0.0,1.0,0.08612248171142563,0.1,1.1244573267065712,1.171337422743725,-0.04002270833910737,-0.024956721241499565,0.1215534655362287
2025-04-04,BASELINE_LSTM,15,2025-03-06,2025-03-07,2025-04-04,0,-0.03264398266494532,0.0,-0.03264398266494532,2.255059506148669e-16,0.9999999999999996,0.0,1.0,0.08612248171142563,0.1,1.0877505612260912,1.171337422743725,-0.07136019040682662,-0.033188684444822925,0.16319763581930488
2025-04-07,BASELINE_LSTM,16,2025-04-04,2025-04-07,2025-05-06,1,-0.01121053937524464,0.0006321064076183598,-0.011842645782862999,0.22876044349404312,0.7712395565059569,0.6321064076183598,1.0,0.08413336317218847,0.1,1.0748687166293802,1.171337422743725,-0.08235774273170393,-0.011913328513696388,0.16598958040550987
2025-04-08,BASELINE_LSTM,16,2025-04-04,2025-04-07,2025-05-06,0,-0.009367660450099067,0.0,-0.009367660450099067,0.23135404714923177,0.7686459528507681,0.0,1.0,0.08413336317218847,0.1,1.0647997114635623,1.171337422743725,-0.09095390381245583,-0.009411812934574474,0.16581583854605633
2025-04-09,BASELINE_LSTM,16,2025-04-04,2025-04-07,2025-05-06,0,0.04121307662479045,0.0,0.04121307662479045,0.23354178731369574,0.7664582126863042,0.0,1.0,0.08413336317218847,0.1,1.108683383562165,1.171337422743725,-0.053489317394811775,0.04038645324572164,0.22338593383006203
2025-04-10,BASELINE_LSTM,16,2025-04-04,2025-04-07,2025-05-06,0,-0.01821324322197278,0.0,-0.01821324322197278,0.224297785493386,0.7757022145066139,0.0,1.0,0.08413336317218847,0.1,1.0884906634411875,1.171337422743725,-0.07072834666929562,-0.018381146165773667,0.23141830798509258
2025-04-11,BASELINE_LSTM,16,2025-04-04,2025-04-07,2025-05-06,0,0.009977789133562807,0.0,0.009977789133562807,0.22845876046390554,0.7715412395360944,0.0,1.0,0.08413336317218847,0.1,1.0993513937548556,1.171337422743725,-0.061456270064564555,0.009928339654494939,0.23487788356428085
2025-04-14,BASELINE_LSTM,16,2025-04-04,2025-04-07,2025-05-06,0,0.0049733224127792176,0.0,0.0049733224127792176,0.2262017669318205,0.7737982330681794,0.0,1.0,0.08413336317218847,0.1,1.1048188226809368,1.171337422743725,-0.05678858949710319,0.004960996295811714,0.23252805353368985
2025-04-15,BASELINE_LSTM,16,2025-04-04,2025-04-07,2025-05-06,0,0.001788998061113565,0.0,0.001788998061113565,0.22508235978716973,0.77491764021283,0.0,1.0,0.08413336317218847,0.1,1.1067953414125948,1.171337422743725,-0.05510118611249326,0.0017873997100962189,0.2305388942926929
2025-04-16,BASELINE_LSTM,16,2025-04-04,2025-04-07,2025-05-06,0,-0.0029908141463541957,0.0,-0.0029908141463541957,0.22468040697472183,0.7753195930252783,0.0,1.0,0.08413336317218847,0.1,1.1034851222483792,1.171337422743725,-0.057927202851941195,-0.0029952955686145095,0.23058438001165868
2025-04-17,BASELINE_LSTM,16,2025-04-04,2025-04-07,2025-05-06,0,0.0019193441985252842,0.0,0.0019193441985252842,0.22535440010249153,0.7746455998975086,0.0,1.0,0.08413336317218847,0.1,1.1056030900159255,1.171337422743725,-0.056119040894146655,0.0019175046109408112,0.22857535573931803
2025-04-21,BASELINE_LSTM,16,2025-04-04,2025-04-07,2025-05-06,0,-0.00832477721037729,0.0,-0.00832477721037729,0.22492269603074821,0.7750773039692518,0.0,1.0,0.08413336317218847,0.1,1.0963991906084383,1.171337422743725,-0.0639766395918201,-0.008359621684588836,0.2296267382012753
2025-04-22,BASELINE_LSTM,16,2025-04-04,2025-04-07,2025-05-06,0,0.009147071959441373,0.0,0.009147071959441373,0.22681084579085434,0.7731891542091458,0.0,1.0,0.08413336317218847,0.1,1.1064280329012068,1.171337422743725,-0.05541476655844846,0.009105490867874001,0.23290465919777947
2025-04-23,BASELINE_LSTM,16,2025-04-04,2025-04-07,2025-05-06,0,0.004973920503962507,0.0,0.004973920503962507,0.22475499567219678,0.775245004327803,0.0,1.0,0.08413336317218847,0.1,1.111931317980213,1.171337422743725,-0.05071647469809326,0.004961591427037568,0.23306675491804724
2025-04-24,BASELINE_LSTM,16,2025-04-04,2025-04-07,2025-05-06,0,0.011200965274067403,0.0,0.011200965274067403,0.2236426150834733,0.7763573849165265,0.0,1.0,0.08413336317218847,0.1,1.1243860220600574,1.171337422743725,-0.04008358289594238,0.011138698992741017,0.2371344164004424
2025-04-25,BASELINE_LSTM,16,2025-04-04,2025-04-07,2025-05-06,0,0.002381543572973955,0.0,0.002381543572973955,0.22116534968185986,0.7788346503181403,0.0,1.0,0.08413336317218847,0.1,1.1270637963644363,1.171337422743725,-0.03779750012219596,0.0023787121925584937,0.23662825065200055
2025-04-28,BASELINE_LSTM,16,2025-04-04,2025-04-07,2025-05-06,0,0.0020813864617424535,0.0,0.0020813864617424535,0.22063988617898858,0.7793601138210113,0.0,1.0,0.08413336317218847,0.1,1.1294096516917091,1.171337422743725,-0.0357947848654957,0.0020792233778964874,0.23680424955435658
2025-04-29,BASELINE_LSTM,16,2025-04-04,2025-04-07,2025-05-06,0,0.0017361760949994758,0.0,0.0017361760949994758,0.22018160317102364,0.7798183968289762,0.0,1.0,0.08413336317218847,0.1,1.131370505730438,1.171337422743725,-0.03412075482030541,0.0017346706834708593,0.23647170797900233
2025-04-30,BASELINE_LSTM,16,2025-04-04,2025-04-07,2025-05-06,0,-0.003090549617783913,0.0,-0.003090549617783913,0.21979999167978817,0.780200008320212,0.0,1.0,0.08413336317218847,0.1,1.1278739490463807,1.171337422743725,-0.037105852552320906,-0.003095335228909954,0.23538223584291515
2025-05-01,BASELINE_LSTM,16,2025-04-04,2025-04-07,2025-05-06,0,-0.0006008717234255552,0.0,-0.0006008717234255552,0.22048140038748415,0.7795185996125158,0.0,1.0,0.08413336317218847,0.1,1.1271962414828103,1.171337422743725,-0.03768442841817432,-0.0006010523191864424,0.2350339433693356
2025-05-02,BASELINE_LSTM,16,2025-04-04,2025-04-07,2025-05-06,0,0.007056444615952513,0.0,0.007056444615952513,0.22061396107848907,0.7793860389215107,0.0,1.0,0.08413336317218847,0.1,1.1351502393321435,1.171337422743725,-0.03089390188423846,0.007031664415757671,0.2361309618123186
2025-05-05,BASELINE_LSTM,16,2025-04-04,2025-04-07,2025-05-06,0,-0.0005863611011567065,0.0,-0.0005863611011567065,0.219068119029437,0.7809318809705628,0.0,1.0,0.08413336317218847,0.1,1.1344846313878305,1.171337422743725,-0.03146214800306735,-0.0005865330780575106,0.21911440641894017
2025-05-06,BASELINE_LSTM,16,2025-04-04,2025-04-07,2025-05-06,0,-0.0007048775641437677,0.0,-0.0007048775641437677,0.21919664741698627,0.7808033525830137,0.0,1.0,0.08413336317218847,0.1,1.1336849586242994,1.171337422743725,-0.032144848604963805,-0.0007051261071357667,0.1820973806155518
2025-05-07,BASELINE_LSTM,17,2025-05-06,2025-05-07,2025-06-05,1,-0.0004822825931797952,0.000286862002734604,-0.0007691445959143992,0.4045434699709639,0.5954565300290361,0.286862002734604,0.8541606261819765,0.1,0.1,1.132812990964904,1.171337422743725,-0.03288926916428725,-0.0007694405393777188,0.17535964573874843
2025-05-08,BASELINE_LSTM,17,2025-05-06,2025-05-07,2025-06-05,0,0.00017795444802521152,0.0,0.00017795444802521152,0.404738668385513,0.5952613316144869,0.0,0.8541606261819765,0.1,0.1,1.133014580075427,1.171337422743725,-0.03271716750800213,0.0001779386160106493,0.17022301257243713
2025-05-09,BASELINE_LSTM,17,2025-05-06,2025-05-07,2025-06-05,0,0.0011144624121983714,0.0,0.0011144624121983714,0.40466665615408287,0.5953333438459172,0.0,0.8541606261819765,0.1,0.1,1.1342772822373939,1.171337422743725,-0.03163916714922499,0.0011138418599762273,0.10218141873890682
2025-05-12,BASELINE_LSTM,17,2025-05-06,2025-05-07,2025-06-05,0,0.007414010891241931,0.0,0.007414010891241931,0.40421617242351415,0.5957838275764857,0.0,0.8541606261819765,0.1,0.1,1.1426868263615901,1.171337422743725,-0.024459729387817264,0.007386662204945437,0.07594289561560534
2025-05-13,BASELINE_LSTM,17,2025-05-06,2025-05-07,2025-06-05,0,0.0018955131406963276,0.0,0.0018955131406963276,0.401241364576527,0.5987586354234731,0.0,0.8541606261819765,0.1,0.1,1.1448528042566593,1.171337422743725,-0.02261057998559335,0.0018937189226145709,0.07071248567216197
2025-05-14,BASELINE_LSTM,17,2025-05-06,2025-05-07,2025-06-05,0,-0.00278400784052119,0.0,-0.00278400784052119,0.40048224521810055,0.5995177547818996,0.0,0.8541606261819765,0.1,0.1,1.141665525073366,1.171337422743725,-0.02533163979415587,-0.0027878903980706323,0.07161821761442805
2025-05-15,BASELINE_LSTM,17,2025-05-06,2025-05-07,2025-06-05,0,0.003035978362638668,0.0,0.003035978362638668,0.4016003036121124,0.5983996963878878,0.0,0.8541606261819765,0.1,0.1,1.1451315969048592,1.171337422743725,-0.022372567741822502,0.0030313790868460025,0.0717969191835061
2025-05-16,BASELINE_LSTM,17,2025-05-06,2025-05-07,2025-06-05,0,0.0012994774962328385,0.0,0.0012994774962328385,0.40038474419201486,0.5996152558079854,0.0,0.8541606261819765,0.1,0.1,1.1466196696452624,1.171337422743725,-0.021102162893902987,0.00129863390608975,0.06983183700816689
2025-05-19,BASELINE_LSTM,17,2025-05-06,2025-05-07,2025-06-05,0,0.0008386476193282071,0.0,0.0008386476193282071,0.3998651284560578,0.600134871543942,0.0,0.8541606261819765,0.1,0.1,1.1475812795014855,1.171337422743725,-0.020281212553248218,0.0008382961509052151,0.06991402966573165
2025-05-20,BASELINE_LSTM,17,2025-05-06,2025-05-07,2025-06-05,0,0.00031650194234168,0.0,0.00031650194234168,0.3995300635194373,0.6004699364805629,0.0,0.8541606261819765,0.1,0.1,1.1479444912054426,1.171337422743725,-0.019971129654072772,0.00031645186616778586,0.059795964847940065
2025-05-21,BASELINE_LSTM,17,2025-05-06,2025-05-07,2025-06-05,0,-0.006688973410726149,0.0,-0.006688973410726149,0.39940365148796303,0.6005963485120372,0.0,0.8541606261819765,0.1,0.1,1.1402659210267798,1.171337422743725,-0.026526516709560632,-0.0067114448566976985,0.06180874481234884
2025-05-22,BASELINE_LSTM,17,2025-05-06,2025-05-07,2025-06-05,0,-0.0003558118877268518,0.0,-0.0003558118877268518,0.402093242495649,0.597906757504351,0.0,0.8541606261819765,0.1,0.1,1.1398602008569088,1.171337422743725,-0.02687289014730221,-0.0003558752037960945,0.06072064367083587
2025-05-23,BASELINE_LSTM,17,2025-05-06,2025-05-07,2025-06-05,0,0.000516487227630797,0.0,0.000516487227630797,0.40223636297527166,0.5977636370247283,0.0,0.8541606261819765,0.1,0.1,1.1404489240919362,1.171337422743725,-0.02637028242420192,0.0005163538940107431,0.048739905754903966
2025-05-27,BASELINE_LSTM,17,2025-05-06,2025-05-07,2025-06-05,0,0.005566705152656024,0.0,0.005566705152656024,0.40202872027610825,0.5979712797238916,0.0,0.8541606261819765,0.1,0.1,1.1467974669940197,1.171337422743725,-0.02095037285859369,0.005551268311260473,0.05130819965114565
2025-05-28,BASELINE_LSTM,17,2025-05-06,2025-05-07,2025-06-05,0,-0.003124664317320209,0.0,-0.003124664317320209,0.3998031341094134,0.6001968658905867,0.0,0.8541606261819765,0.1,0.1,1.1432141098697104,1.171337422743725,-0.02400957429340811,-0.003129556274007762,0.05285527035440343
2025-05-29,BASELINE_LSTM,17,2025-05-06,2025-05-07,2025-06-05,0,0.0022675461717130197,0.0,0.0022675461717130197,0.40105630042057405,0.5989436995794261,0.0,0.8541606261819765,0.1,0.1,1.1458064006479938,1.171337422743725,-0.021796470939968504,0.0022649791686921213,0.05303305622631857
2025-05-30,BASELINE_LSTM,17,2025-05-06,2025-05-07,2025-06-05,0,-0.0012141478650840962,0.0,-0.0012141478650840962,0.4001489442140066,0.5998510557859935,0.0,0.8541606261819765,0.1,0.1,1.1444152222528472,1.171337422743725,-0.022984154666394585,-0.001214885539761116,0.051765316076970797
2025-06-02,BASELINE_LSTM,17,2025-05-06,2025-05-07,2025-06-05,0,0.0034975314996714647,0.0,0.0034975314996714647,0.40063537479899586,0.599364625201004,0.0,0.8541606261819765,0.1,0.1,1.14841785054138,1.171337422743725,-0.019567010971662135,0.0034914293605191973,0.05241317734805379
2025-06-03,BASELINE_LSTM,17,2025-05-06,2025-05-07,2025-06-05,0,0.0014290222166089045,0.0,0.0014290222166089045,0.3992390237375756,0.6007609762624244,0.0,0.8541606261819765,0.1,0.1,1.1500589651637538,1.171337422743725,-0.01816595044844449,0.0014280021360573306,0.04750177479050866
2025-06-04,BASELINE_LSTM,17,2025-05-06,2025-05-07,2025-06-05,0,0.0019591593998339314,0.0,0.0019591593998339314,0.3986693164273207,0.6013306835726793,0.0,0.8541606261819765,0.1,0.1,1.1523121139957175,1.171337422743725,-0.01624238104118869,0.001957242749997037,0.04750409971635547
2025-06-05,BASELINE_LSTM,17,2025-05-06,2025-05-07,2025-06-05,0,-0.0007268936239570782,0.0,-0.0007268936239570782,0.39788978691119575,0.6021102130888043,0.0,0.8541606261819765,0.1,0.1,1.1514745056672455,1.171337422743725,-0.016957468181929003,-0.0007271579392211682,0.04751261965066662
2025-06-06,BASELINE_LSTM,18,2025-06-05,2025-06-06,2025-07-08,1,0.002603682449969256,0.00040739596752095285,0.002196286482448303,0.5206295851480474,0.47937041485195264,0.40739596752095286,0.47937041485195264,0.1,0.1,1.1540034735589264,1.171337422743725,-0.014798425157625195,0.0021938781708752838,0.047434156482427825
2025-06-09,BASELINE_LSTM,18,2025-06-05,2025-06-06,2025-07-08,0,0.0007463514021033539,0.0,0.0007463514021033539,0.5192775513010617,0.4807224486989382,0.0,0.47937041485195264,0.1,0.1,1.1548647656694493,1.171337422743725,-0.014063118580887157,0.0007460730204007476,0.04736860566965411
2025-06-10,BASELINE_LSTM,18,2025-06-05,2025-06-06,2025-07-08,0,0.002232442717805141,0.0,0.002232442717805141,0.5188902768154228,0.48110972318457734,0.0,0.47937041485195264,0.1,0.1,1.1574429351056177,1.171337422743725,-0.011862070969747562,0.002229954520045539,0.04758653248892156
2025-06-11,BASELINE_LSTM,18,2025-06-05,2025-06-06,2025-07-08,0,0.00025519660191098385,0.0,0.00025519660191098385,0.5177344642808821,0.48226553571911784,0.0,0.47937041485195264,0.1,0.1,1.1577383106095627,1.171337422743725,-0.011609901528039535,0.0002551640447970292,0.04147661829331253
2025-06-12,BASELINE_LSTM,18,2025-06-05,2025-06-06,2025-07-08,0,0.0021758546513645748,0.0,0.0021758546513645748,0.5176023739139183,0.4823976260860817,0.0,0.47937041485195264,0.1,0.1,1.1602573808977654,1.171337422743725,-0.009459308334916705,0.0021734909077866255,0.04159575714380069
2025-06-13,BASELINE_LSTM,18,2025-06-05,2025-06-06,2025-07-08,0,-0.003272320593947764,0.0,-0.003272320593947764,0.5164785915681246,0.4835214084318755,0.0,0.47937041485195264,0.1,0.1,1.1564606467759737,1.171337422743725,-0.012700675039395648,-0.0032776863438160474,0.042134928005329725
2025-06-16,BASELINE_LSTM,18,2025-06-05,2025-06-06,2025-07-08,0,0.0020853131039848577,0.0,0.0020853131039848577,0.5181742237517604,0.48182577624823963,0.0,0.47937041485195264,0.1,0.1,1.1588722293169385,1.171337422743725,-0.010641846819499867,0.0020831418565771882,0.04157351129178506
2025-06-17,BASELINE_LSTM,18,2025-06-05,2025-06-06,2025-07-08,0,-0.0021106907540851014,0.0,-0.0021106907540851014,0.5170959168603145,0.48290408313968564,0.0,0.47937041485195264,0.1,0.1,1.156426208417353,1.171337422743725,-0.012730075925896811,-0.0021129214011716218,0.04248772622692633
2025-06-18,BASELINE_LSTM,18,2025-06-05,2025-06-06,2025-07-08,0,0.00015420910598801712,0.0,0.00015420910598801712,0.5181896549739305,0.4818103450260695,0.0,0.47937041485195264,0.1,0.1,1.1566045398690943,1.171337422743725,-0.012577829913536398,0.00015419721698607818,0.04246601288008294
2025-06-20,BASELINE_LSTM,18,2025-06-05,2025-06-06,2025-07-08,0,-0.0007934997229722061,0.0,-0.0007934997229722061,0.5181097577313871,0.48189024226861293,0.0,0.47937041485195264,0.1,0.1,1.1556867744871198,1.171337422743725,-0.013361349131956635,-0.0007938147105167604,0.04265835788129329
2025-06-23,BASELINE_LSTM,18,2025-06-05,2025-06-06,2025-07-08,0,0.0018188077777766072,0.0,0.0018188077777766072,0.5185212041632459,0.48147879583675424,0.0,0.47937041485195264,0.1,0.1,1.1577887465812304,1.171337422743725,-0.011566843079902855,0.0018171557497546496,0.03437088561063864
2025-06-24,BASELINE_LSTM,18,2025-06-05,2025-06-06,2025-07-08,0,0.003520418809249047,0.0,0.003520418809249047,0.5175798259501874,0.4824201740498126,0.0,0.47937041485195264,0.1,0.1,1.1618646478618317,1.171337422743725,-0.008087144402596058,0.00351423663992101,0.035433861327528744
2025-06-25,BASELINE_LSTM,18,2025-06-05,2025-06-06,2025-07-08,0,-0.0003671780386597262,0.0,-0.0003671780386597262,0.5157641202401582,0.4842358797598418,0.0,0.47937041485195264,0.1,0.1,1.1614380366792418,1.171337422743725,-0.00845135301943567,-0.00036724546502125445,0.03568898829340422
2025-06-26,BASELINE_LSTM,18,2025-06-05,2025-06-06,2025-07-08,0,0.003378138304936445,0.0,0.003378138304936445,0.5159535670589505,0.4840464329410496,0.0,0.47937041485195264,0.1,0.1,1.1653615349997581,1.171337422743725,-0.005101764553862687,0.0033724452134967758,0.03276512452596172
2025-06-27,BASELINE_LSTM,18,2025-06-05,2025-06-06,2025-07-08,0,0.00047101470821233823,0.0,0.00047101470821233823,0.5142164726955084,0.4857835273044916,0.0,0.47937041485195264,0.1,0.1,1.165910437423128,1.171337422743725,-0.00463315285179311,0.00047090381560466177,0.02959364039614292
2025-06-30,BASELINE_LSTM,18,2025-06-05,2025-06-06,2025-07-08,0,0.0021782101200746662,0.0,0.0021782101200746662,0.5139743832013762,0.48602561679862377,0.0,0.47937041485195264,0.1,0.1,1.1684500353370237,1.171337422743725,-0.0024650347121479843,0.0021758412597044753,0.029544778251305873
2025-07-01,BASELINE_LSTM,18,2025-06-05,2025-06-06,2025-07-08,0,0.0008462611070711005,0.0,0.0008462611070711005,0.512857272300697,0.48714272769930306,0.0,0.47937041485195264,0.1,0.1,1.1694388491574854,1.171337422743725,-0.0016208596680812315,0.0008459032300311444,0.028502116554913994
2025-07-02,BASELINE_LSTM,18,2025-06-05,2025-06-06,2025-07-08,0,0.001924416033249733,0.0,0.001924416033249733,0.5124236281138799,0.48757637188612,0.0,0.47937041485195264,0.1,0.1,1.171689336028709,1.171689336028709,0.0,0.0019225667169044747,0.027287242539097943
2025-07-03,BASELINE_LSTM,18,2025-06-05,2025-06-06,2025-07-08,0,0.0017762369013823531,0.0,0.0017762369013823531,0.5114394059210896,0.4885605940789103,0.0,0.47937041485195264,0.1,0.1,1.1737705338643194,1.1737705338643194,0.0,0.0017746612581519543,0.02738914168502587
2025-07-07,BASELINE_LSTM,18,2025-06-05,2025-06-06,2025-07-08,0,-0.0037425163385071793,0.0,-0.0037425163385071793,0.5105325791147082,0.48946742088529177,0.0,0.47937041485195264,0.1,0.1,1.1693776784636738,1.1737705338643194,-0.003742516338507307,-0.003749537075067377,0.03161103179910936
2025-07-08,BASELINE_LSTM,18,2025-06-05,2025-06-06,2025-07-08,0,0.0006904643465019273,0.0,0.0006904643465019273,0.5124504332337606,0.48754956676623934,0.0,0.47937041485195264,0.1,0.1,1.1701850920582482,1.1737705338643194,-0.0030546360661032335,0.0006902260856624672,0.03118312999163624
2025-07-09,BASELINE_LSTM,19,2025-07-08,2025-07-09,2025-08-06,1,0.003505152080955072,0.000596942646592329,0.002908209434362743,0.1654726980953798,0.8345273019046202,0.596942646592329,0.9929941677320893,0.1,0.1,1.1735882353829226,1.1737705338643194,-0.0001553101531664991,0.002903988774367733,0.03168536646193459
2025-07-10,BASELINE_LSTM,19,2025-07-08,2025-07-09,2025-08-06,0,0.0008508311126670034,0.0,0.0008508311126670034,0.16489471703482667,0.8351052829651734,0.0,0.9929941677320893,0.1,0.1,1.1745867607670462,1.1745867607670462,0.0,0.0008504693610543382,0.03168513467625508
2025-07-11,BASELINE_LSTM,19,2025-07-08,2025-07-09,2025-08-06,0,-0.002459224884940647,0.0,-0.002459224884940647,0.16475453874730736,0.8352454612526927,0.0,0.9929941677320893,0.1,0.1,1.171698187775446,1.1745867607670462,-0.0024592248849406584,-0.0024622537452427527,0.033163477125123485
2025-07-14,BASELINE_LSTM,19,2025-07-08,2025-07-09,2025-08-06,0,-0.0006305224448319216,0.0,-0.0006305224448319216,0.16516070606567843,0.8348392939343215,0.0,0.9929941677320893,0.1,0.1,1.1709594057694845,1.1745867607670462,-0.003088196733285864,-0.0006307213077047035,0.033414820726274046
2025-07-15,BASELINE_LSTM,19,2025-07-08,2025-07-09,2025-08-06,0,-0.004498798823940947,0.0,-0.004498798823940947,0.16526490930033538,0.8347350906996645,0.0,0.9929941677320893,0.1,0.1,1.1656914949719261,1.1745867607670462,-0.00757310238139508,-0.004508948872828933,0.037114083227816584
2025-07-16,BASELINE_LSTM,19,2025-07-08,2025-07-09,2025-08-06,0,0.0028687725675223385,0.0,0.0028687725675223385,0.166011762823687,0.8339882371763131,0.0,0.9929941677320893,0.1,0.1,1.1690355987548957,1.1745867607670462,-0.004726055322235467,0.002864665492468141,0.03589445546679358
2025-07-17,BASELINE_LSTM,19,2025-07-08,2025-07-09,2025-08-06,0,0.002315626837885813,0.0,0.002315626837885813,0.1655368751772651,0.834463124822735,0.0,0.9929941677320893,0.1,0.1,1.1717426489618166,1.1745867607670462,-0.0024213722648911418,0.0023129499057803985,0.03602953024928314
2025-07-18,BASELINE_LSTM,19,2025-07-08,2025-07-09,2025-08-06,0,-0.00037783210432757965,0.0,-0.00037783210432757965,0.16515443912562983,0.8348455608743703,0.0,0.9929941677320893,0.1,0.1,1.171299926971029,1.1745867607670462,-0.002798289497040529,-0.0003779035008616114,0.034912360966047176
2025-07-21,BASELINE_LSTM,19,2025-07-08,2025-07-09,2025-08-06,0,0.001991274491207737,0.0,0.001991274491207737,0.1652168633607838,0.8347831366392162,0.0,0.9929941677320893,0.1,0.1,1.17363230663716,1.1745867607670462,-0.0008125871683271058,0.001989294532150349,0.03518909090446892
2025-07-22,BASELINE_LSTM,19,2025-07-08,2025-07-09,2025-08-06,0,0.0028592910333701585,0.0,0.0028592910333701585,0.1648885250469649,0.835111474953035,0.0,0.9929941677320893,0.1,0.1,1.1769880629680012,1.1769880629680012,0.0,0.0028552110361793575,0.03551147835153535
2025-07-23,BASELINE_LSTM,19,2025-07-08,2025-07-09,2025-08-06,0,0.00362615809531465,0.0,0.00362615809531465,0.16441840497589633,0.8355815950241038,0.0,0.9929941677320893,0.1,0.1,1.1812560077606213,1.1812560077606213,0.0,0.003619599434427523,0.03664812709010506
2025-07-24,BASELINE_LSTM,19,2025-07-08,2025-07-09,2025-08-06,0,-0.0015198343660391353,0.0,-0.0015198343660391353,0.1638243519757697,0.8361756480242304,0.0,0.9929941677320893,0.1,0.1,1.1794606942849366,1.1812560077606213,-0.0015198343660390856,-0.0015209904858447892,0.03636839632209229
2025-07-25,BASELINE_LSTM,19,2025-07-08,2025-07-09,2025-08-06,0,0.00034298136371375943,0.0,0.00034298136371375943,0.16407371684920088,0.8359262831507991,0.0,0.9929941677320893,0.1,0.1,1.1798652273223091,1.1812560077606213,-0.0011773742771888918,0.00034292255905138326,0.03618467153204583
2025-07-28,BASELINE_LSTM,19,2025-07-08,2025-07-09,2025-08-06,0,-0.0015972103227329133,0.0,-0.0015972103227329133,0.16401746191643993,0.8359825380835602,0.0,0.9929941677320893,0.1,0.1,1.1779807344017963,1.1812560077606213,-0.0027727040855726193,-0.0015984872229737246,0.03573924176849709
2025-07-29,BASELINE_LSTM,19,2025-07-08,2025-07-09,2025-08-06,0,0.0022229351292331824,0.0,0.0022229351292331824,0.16427985139089848,0.8357201486091015,0.0,0.9929941677320893,0.1,0.1,1.180599309157858,1.1812560077606213,-0.0005559324976541768,0.0022204680643457945,0.03622395151594205
2025-07-30,BASELINE_LSTM,19,2025-07-08,2025-07-09,2025-08-06,0,-0.0036248030855816397,0.0,-0.0036248030855816397,0.16391547791681216,0.836084522083188,0.0,0.9929941677320893,0.1,0.1,1.176319869139187,1.1812560077606213,-0.004178720437402972,-0.0036313886032391936,0.03854467031013904
2025-07-31,BASELINE_LSTM,19,2025-07-08,2025-07-09,2025-08-06,0,-0.0040539721649749914,0.0,-0.0040539721649749914,0.16451180079996644,0.8354881992000336,0.0,0.9929941677320893,0.1,0.1,1.1715511011325896,1.1812560077606213,-0.008215752186039538,-0.004062211786469044,0.04134824817924475
2025-08-01,BASELINE_LSTM,19,2025-07-08,2025-07-09,2025-08-06,0,-0.002294277295778151,0.0,-0.002294277295778151,0.16518144176706054,0.8348185582329393,0.0,0.9929941677320893,0.1,0.1,1.1688632380404174,1.1812560077606213,-0.010491180268109468,-0.002296913182341329,0.041569637816223935
2025-08-04,BASELINE_LSTM,19,2025-07-08,2025-07-09,2025-08-06,0,0.006150490813818286,0.0,0.006150490813818286,0.16556128526490368,0.8344387147350965,0.0,0.9929941677320893,0.1,0.1,1.1760523206485949,1.1812560077606213,-0.004405215362156212,0.006131653743884877,0.04651142342856115
2025-08-05,BASELINE_LSTM,19,2025-07-08,2025-07-09,2025-08-06,0,-0.0013565254359964632,0.0,-0.0013565254359964632,0.16454922675731193,0.8354507732426881,0.0,0.9929941677320893,0.1,0.1,1.1744569757615724,1.1812560077606213,-0.00575576501146291,-0.0013574463495483685,0.044725587999641464
2025-08-06,BASELINE_LSTM,19,2025-07-08,2025-07-09,2025-08-06,0,0.00020661540605206093,0.0,0.00020661540605206093,0.16477274517730392,0.8352272548226962,0.0,0.9929941677320893,0.1,0.1,1.1746996366665101,1.1812560077606213,-0.005550338835135782,0.0002065940640287285,0.04469103100454698
2025-08-07,BASELINE_LSTM,20,2025-08-06,2025-08-07,2025-09-05,1,0.0007540636126028365,0.0005315533801348891,0.00022251023246794743,2.220446049250313e-16,0.9999999999999998,0.5315533801348891,1.0,0.08094320885825267,0.1,1.174961019355745,1.1812560077606213,-0.0053290636098521915,0.00022248548073777838,0.043585895593648144
2025-08-08,BASELINE_LSTM,20,2025-08-06,2025-08-07,2025-09-05,0,0.004991027770517977,0.0,0.004991027770517977,2.218772953301601e-16,0.9999999999999998,0.0,1.0,0.08094320885825267,0.1,1.1808252824326257,1.1812560077606213,-0.0003646333438016569,0.00497861387966349,0.04676442773725931
2025-08-11,BASELINE_LSTM,20,2025-08-06,2025-08-07,2025-09-05,0,-0.002312554542252329,0.0,-0.002312554542252329,2.2077539918179662e-16,0.9999999999999999,0.0,1.0,0.08094320885825267,0.1,1.1780945595621297,1.1812560077606213,-0.0026763446515586375,-0.0023152326261144324,0.04665955466783845
2025-08-12,BASELINE_LSTM,20,2025-08-06,2025-08-07,2025-09-05,0,0.008283442499643936,0.0,0.008283442499643936,2.2128713775735938e-16,0.9999999999999998,0.0,1.0,0.08094320885825267,0.1,1.1878532381054059,1.1878532381054059,0.0,0.008249323077843288,0.054076071116304046
2025-08-13,BASELINE_LSTM,20,2025-08-06,2025-08-07,2025-09-05,0,0.0043639026271922315,0.0,0.0043639026271922315,2.1946917744554503e-16,0.9999999999999998,0.0,1.0,0.08094320885825267,0.1,1.1930369139718928,1.1930369139718928,0.0,0.0043544084153118254,0.05203339277238337
2025-08-14,BASELINE_LSTM,20,2025-08-06,2025-08-07,2025-09-05,0,-0.0016772097702170226,0.0,-0.0016772097702170226,2.185155966592015e-16,0.9999999999999999,0.0,1.0,0.08094320885825267,0.1,1.1910359408035496,1.1930369139718928,-0.0016772097702170141,-0.0016786178611865523,0.052474859359341784
2025-08-15,BASELINE_LSTM,20,2025-08-06,2025-08-07,2025-09-05,0,-0.0019368065165623531,0.0,-0.0019368065165623531,2.1888270887706165e-16,0.9999999999999997,0.0,1.0,0.08094320885825267,0.1,1.1887291346319413,1.1930369139718928,-0.003610767855966812,-0.0019386845516224701,0.05308331257770746
2025-08-18,BASELINE_LSTM,20,2025-08-06,2025-08-07,2025-09-05,0,-0.00044832944014655264,0.0,-0.00044832944014655264,2.1930746500441298e-16,0.9999999999999999,0.0,1.0,0.08094320885825267,0.1,1.188196192364526,1.1930369139718928,-0.004057478482581978,-0.00044842996983807343,0.053101671130552724
2025-08-19,BASELINE_LSTM,20,2025-08-06,2025-08-07,2025-09-05,0,-0.006348228648598717,0.0,-0.006348228648598717,2.1940583109783394e-16,0.9999999999999997,0.0,1.0,0.08094320885825267,0.1,1.1806532512560015,1.1930369139718928,-0.010379949330036498,-0.006368464338068063,0.058160796728289735
2025-08-20,BASELINE_LSTM,20,2025-08-06,2025-08-07,2025-09-05,0,-0.0004339049318859992,0.0,-0.0004339049318859992,2.2080756802701044e-16,0.9999999999999999,0.0,1.0,0.08094320885825267,0.1,1.1801409599874344,1.1930369139718928,-0.010809350350715285,-0.0004339990958707534,0.0574402642696361
2025-08-21,BASELINE_LSTM,20,2025-08-06,2025-08-07,2025-09-05,0,-0.002461955283065029,0.0,-0.002461955283065029,2.2090341911003277e-16,1.0,0.0,1.0,0.08094320885825267,0.1,1.1772355057162318,1.1930369139718928,-0.013244693496577975,-0.0024649908783296688,0.05664083860503038
2025-08-22,BASELINE_LSTM,20,2025-08-06,2025-08-07,2025-09-05,0,0.013703586604703982,0.0,0.013703586604703982,2.214486156993813e-16,0.9999999999999998,0.0,1.0,0.08094320885825267,0.1,1.1933678544229467,1.1933678544229467,0.0,0.013610541532249313,0.0737405923062836
2025-08-25,BASELINE_LSTM,20,2025-08-06,2025-08-07,2025-09-05,0,-0.003450018566392415,0.0,-0.003450018566392415,2.1845499870539149e-16,0.9999999999999997,0.0,1.0,0.08094320885825267,0.1,1.1892507131686516,1.1933678544229467,-0.0034500185663924876,-0.0034559836040588044,0.0750430808943788
2025-08-26,BASELINE_LSTM,20,2025-08-06,2025-08-07,2025-09-05,0,0.0023781028765386862,0.0,0.0023781028765386862,2.1921128169720954e-16,0.9999999999999998,0.0,1.0,0.08094320885825267,0.1,1.1920788737105636,1.1933678544229467,-0.0010801201889306666,0.0023752796649321862,0.07498733862825965
2025-08-27,BASELINE_LSTM,20,2025-08-06,2025-08-07,2025-09-05,0,0.0017108371881211174,0.0,0.0017108371881211174,2.1869121149807226e-16,0.9999999999999997,0.0,1.0,0.08094320885825267,0.1,1.1941183265788813,1.1941183265788813,0.0,0.0017093753732263567,0.07486610389396281
2025-08-28,BASELINE_LSTM,20,2025-08-06,2025-08-07,2025-09-05,0,0.004401021335399542,0.0,0.004401021335399542,2.1831770544876523e-16,0.9999999999999998,0.0,1.0,0.08094320885825267,0.1,1.1993736668111465,1.1993736668111465,0.0,0.004391365161986108,0.07438765112692784
2025-08-29,BASELINE_LSTM,20,2025-08-06,2025-08-07,2025-09-05,0,-0.005119384902994354,0.0,-0.005119384902994354,2.173610946337961e-16,0.9999999999999997,0.0,1.0,0.08094320885825267,0.1,1.1932336113682245,1.1993736668111465,-0.005119384902994462,-0.00513253384942949,0.075377479314328
2025-09-02,BASELINE_LSTM,20,2025-08-06,2025-08-07,2025-09-05,0,-0.003111004154118935,0.0,-0.003111004154118935,2.184795756751199e-16,0.9999999999999998,0.0,1.0,0.08094320885825267,0.1,1.1895214566464236,1.1993736668111465,-0.00821446262941361,-0.0031158533874775223,0.0758632719037897
2025-09-03,BASELINE_LSTM,20,2025-08-06,2025-08-07,2025-09-05,0,0.002613192108940512,0.0,0.002613192108940512,2.1916138766256063e-16,0.9999999999999998,0.0,1.0,0.08094320885825267,0.1,1.1926299047303475,1.1993736668111465,-0.005622736489395486,0.002609783659106252,0.07371518807648936
2025-09-04,BASELINE_LSTM,20,2025-08-06,2025-08-07,2025-09-05,0,0.005629331318625787,0.0,0.005629331318625787,2.1859016955638393e-16,1.0,0.0,1.0,0.08094320885825267,0.1,1.1993436136045756,1.1993736668111465,-2.5057417385898617e-05,0.005613545846472688,0.0752430226237907
2025-09-05,BASELINE_LSTM,20,2025-08-06,2025-08-07,2025-09-05,0,0.0008550197996251944,0.0,0.0008550197996251944,2.1736654127794658e-16,0.9999999999999997,0.0,1.0,0.08094320885825267,0.1,1.2003690761407615,1.2003690761407615,0.0,0.0008546544784193978,0.0751905546472082
2025-09-08,BASELINE_LSTM,21,2025-09-05,2025-09-08,2025-10-06,1,0.003080541273872953,0.0005029327818142452,0.002577608492058708,0.27455847462426475,0.7254415253757353,0.5029327818142452,1.0,0.038163306999808695,0.1,1.2034631576650268,1.2034631576650268,0.0,0.0025742921568762656,0.07531382027705047
2025-09-09,BASELINE_LSTM,21,2025-09-05,2025-09-08,2025-10-06,0,9.048390455463898e-05,0.0,9.048390455463898e-05,0.2737152833964721,0.7262847166035279,0.0,1.0,0.038163306999808695,0.1,1.20357205171052,1.20357205171052,0.0,9.047981113307123e-05,0.07406902263392462
2025-09-10,BASELINE_LSTM,21,2025-09-05,2025-09-08,2025-10-06,0,0.0022006042947202544,0.0,0.0022006042947202544,0.2736905188096906,0.7263094811903092,0.0,1.0,0.038163306999808695,0.1,1.2062206375365194,1.2062206375365194,0.0,0.002198186511495672,0.0732393377232445
2025-09-11,BASELINE_LSTM,21,2025-09-05,2025-09-08,2025-10-06,0,0.004303183616734283,0.0,0.004303183616734283,0.27308955675824514,0.7269104432417547,0.0,1.0,0.038163306999808695,0.1,1.2114112264221333,1.2114112264221333,0.0,0.004293951397927244,0.06958068691479538
2025-09-12,BASELINE_LSTM,21,2025-09-05,2025-09-08,2025-10-06,0,-0.0014544777693532107,0.0,-0.0014544777693532107,0.2719194374897676,0.7280805625102323,0.0,1.0,0.038163306999808695,0.1,1.2096492557237573,1.2114112264221333,-0.0014544777693532573,-0.0014555365489160729,0.06889065892685382
2025-09-15,BASELINE_LSTM,21,2025-09-05,2025-09-08,2025-10-06,0,0.0027590360142775096,0.0,0.0027590360142775096,0.2723155143516421,0.727684485648358,0.0,1.0,0.038163306999808695,0.1,1.212986721584943,1.212986721584943,0.0,0.002755236860809978,0.06870734256070404
2025-09-16,BASELINE_LSTM,21,2025-09-05,2025-09-08,2025-10-06,0,0.0007596799881587929,0.0,0.0007596799881587929,0.2715662532785841,0.7284337467214159,0.0,1.0,0.038163306999808695,0.1,1.2139082033232336,1.2139082033232336,0.0,0.0007593915773739463,0.06794933975584985
2025-09-17,BASELINE_LSTM,21,2025-09-05,2025-09-08,2025-10-06,0,-0.0009716453757013521,0.0,-0.0009716453757013521,0.27136010643613984,0.7286398935638598,0.0,1.0,0.038163306999808695,0.1,1.2127287150309485,1.2139082033232336,-0.0009716453757014909,-0.0009721177290675099,0.06811382853387118
2025-09-18,BASELINE_LSTM,21,2025-09-05,2025-09-08,2025-10-06,0,0.0015249579875355587,0.0,0.0015249579875355587,0.27162402866752405,0.7283759713324759,0.0,1.0,0.038163306999808695,0.1,1.2145780753716486,1.2145780753716486,0.0,0.0015237964198483536,0.06266423170477
2025-09-19,BASELINE_LSTM,21,2025-09-05,2025-09-08,2025-10-06,0,0.00027468065397081925,0.0,0.00027468065397081925,0.2712104441344382,0.7287895558655617,0.0,1.0,0.038163306999808695,0.1,1.2149116964716904,1.2149116964716904,0.0,0.00027464293614673263,0.06245791965650571
2025-09-22,BASELINE_LSTM,21,2025-09-05,2025-09-08,2025-10-06,0,0.0023354364331095033,0.0,0.0023354364331095033,0.2711359683293425,0.7288640316706576,0.0,1.0,0.038163306999808695,0.1,1.2177490455106412,1.2177490455106412,0.0,0.0023327135400480117,0.06092625531585024
2025-09-23,BASELINE_LSTM,21,2025-09-05,2025-09-08,2025-10-06,0,0.0005041625465968094,0.0,0.0005041625465968094,0.27050422291184417,0.7294957770881557,0.0,1.0,0.038163306999808695,0.1,1.2183629889705418,1.2183629889705418,0.0,0.0005040354993599593,0.04254626698325802
2025-09-24,BASELINE_LSTM,21,2025-09-05,2025-09-08,2025-10-06,0,-0.002039101974009039,0.0,-0.002039101974009039,0.27036791353603773,0.7296320864639622,0.0,1.0,0.038163306999808695,0.1,1.2158786225946725,1.2183629889705418,-0.0020391019740090277,-0.002041183772920835,0.04093649158329054
2025-09-25,BASELINE_LSTM,21,2025-09-05,2025-09-08,2025-10-06,0,-0.001812420754646737,0.0,-0.001812420754646737,0.27092034775193796,0.729079652248062,0.0,1.0,0.038163306999808695,0.1,1.2136749389439507,1.2183629889705418,-0.0038478270179170826,-0.0018140651763657615,0.04179667438118192
2025-09-26,BASELINE_LSTM,21,2025-09-05,2025-09-08,2025-10-06,0,0.0028785856470863154,0.0,0.0028785856470863154,0.2714122609667798,0.7285877390332204,0.0,1.0,0.038163306999808695,0.1,1.217168606203423,1.2183629889705418,-0.0009803176704571426,0.0028744504531949895,0.04228872581023417
2025-09-29,BASELINE_LSTM,21,2025-09-05,2025-09-08,2025-10-06,0,0.002285389208575262,0.0,0.002285389208575262,0.2706332200638791,0.7293667799361208,0.0,1.0,0.038163306999808695,0.1,1.219950310201057,1.219950310201057,0.0,0.0022827816787159626,0.04070290302885277
2025-09-30,BASELINE_LSTM,21,2025-09-05,2025-09-08,2025-10-06,0,0.0015197766849167212,0.0,0.0015197766849167212,0.2700161281185357,0.7299838718814642,0.0,1.0,0.038163306999808695,0.1,1.2218043622392574,1.2218043622392574,0.0,0.0015186229930854247,0.03451887446807872
2025-10-01,BASELINE_LSTM,21,2025-09-05,2025-09-08,2025-10-06,0,0.0032262817859548347,0.0,0.0032262817859548347,0.269606386618049,0.7303936133819511,0.0,1.0,0.038163306999808695,0.1,1.2257462473991498,1.2257462473991498,0.0,0.003221088505865646,0.031558341690266827
2025-10-02,BASELINE_LSTM,21,2025-09-05,2025-09-08,2025-10-06,0,0.00011862842481611047,0.0,0.00011862842481611047,0.2687393577230579,0.7312606422769421,0.0,1.0,0.038163306999808695,0.1,1.225891655745703,1.225891655745703,0.0,0.000118621389020948,0.031563310479749085
2025-10-03,BASELINE_LSTM,21,2025-09-05,2025-09-08,2025-10-06,0,0.0015232503475380293,0.0,0.0015232503475380293,0.2687074813778057,0.7312925186221942,0.0,1.0,0.038163306999808695,0.1,1.2277589956363615,1.2277589956363615,0.0,0.0015220913785114311,0.027448044133359936
2025-10-06,BASELINE_LSTM,21,2025-09-05,2025-09-08,2025-10-06,0,0.0022424931263333703,0.0,0.0022424931263333703,0.26829879514485727,0.7317012048551428,0.0,1.0,0.038163306999808695,0.1,1.23051223674487,1.23051223674487,0.0,0.002239982491309825,0.027700796270901405
2025-10-07,BASELINE_LSTM,22,2025-10-06,2025-10-07,2025-11-05,1,-0.0006346387175061884,0.00017403889743731457,-0.0008086776149435031,0.3032223076060342,0.6967776923939658,0.17403889743731457,1.0,0.034043757406899224,0.1,1.2295171490441004,1.23051223674487,-0.0008086776149435204,-0.0008090047710737423,0.02803400715957122
2025-10-08,BASELINE_LSTM,22,2025-10-06,2025-10-07,2025-11-05,0,0.0019150581068956667,0.0,0.0019150581068956667,0.3034148664277362,0.6965851335722638,0.0,1.0,0.034043757406899224,0.1,1.2318717458279445,1.2318717458279445,0.0,0.0019132267208869297,0.02798361285459237
2025-10-09,BASELINE_LSTM,22,2025-10-06,2025-10-07,2025-11-05,0,-0.0033900803828948094,0.0,-0.0033900803828948094,0.3028349199592172,0.6971650800407828,0.0,1.0,0.034043757406899224,0.1,1.2276956015881708,1.2318717458279445,-0.003390080382894789,-0.0033958397255028725,0.03169755989001445
2025-10-10,BASELINE_LSTM,22,2025-10-06,2025-10-07,2025-11-05,0,-0.008587413435056509,0.0,-0.008587413435056509,0.30386504689373905,0.6961349531062608,0.0,1.0,0.034043757406899224,0.1,1.2171528718849327,1.2318717458279445,-0.01194838179612534,-0.008624497727874311,0.04339425839696913
2025-10-14,BASELINE_LSTM,22,2025-10-06,2025-10-07,2025-11-05,0,0.0006577531767107789,0.0,0.0006577531767107789,0.30649706389806264,0.6935029361019373,0.0,1.0,0.034043757406899224,0.1,1.2179534580529576,1.2318717458279445,-0.011298487705497573,0.0006575369518998846,0.04297843937898977
2025-10-15,BASELINE_LSTM,22,2025-10-06,2025-10-07,2025-11-05,0,0.0028907628995578694,0.0,0.0028907628995578694,0.30629559699612585,0.6937044030038739,0.0,1.0,0.034043757406899224,0.1,1.2214742727228853,1.2318717458279445,-0.008440386055019844,0.002886592679299429,0.04307429848664573
2025-10-16,BASELINE_LSTM,22,2025-10-06,2025-10-07,2025-11-05,0,-0.0007309212463453395,0.0,-0.0007309212463453395,0.30541272123253393,0.6945872787674662,0.0,1.0,0.034043757406899224,0.1,1.220581471225088,1.2318717458279445,-0.009165138043870202,-0.0007311884995148007,0.043197277006101695
2025-10-17,BASELINE_LSTM,22,2025-10-06,2025-10-07,2025-11-05,0,0.0005071866464014691,0.0,0.0005071866464014691,0.30563611716421973,0.6943638828357803,0.0,1.0,0.034043757406899224,0.1,1.2212005338481384,1.2318717458279445,-0.008662599833096918,0.0005070580707270648,0.04296851455498869
2025-10-20,BASELINE_LSTM,22,2025-10-06,2025-10-07,2025-11-05,0,0.006233537468061411,0.0,0.006233537468061411,0.305481181188394,0.6945188188116062,0.0,1.0,0.034043757406899224,0.1,1.2288129331318973,1.2318717458279445,-0.0024830610056660873,0.006214189336617813,0.04744700011706075
2025-10-21,BASELINE_LSTM,22,2025-10-06,2025-10-07,2025-11-05,0,-0.0037947999858052696,0.0,-0.0037947999858052696,0.3035887493444733,0.6964112506555267,0.0,1.0,0.034043757406899224,0.1,1.224149833830691,1.2318717458279445,-0.0062684382716022835,-0.0038020185069541092,0.049793915911382006
2025-10-22,BASELINE_LSTM,22,2025-10-06,2025-10-07,2025-11-05,0,-4.816943100761093e-05,0.0,-4.816943100761093e-05,0.3047451964114898,0.69525480358851,0.0,1.0,0.034043757406899224,0.1,1.2240908672297275,1.2318717458279445,-0.006316305755504903,-4.817059119190982e-05,0.049286320231670594
2025-10-23,BASELINE_LSTM,22,2025-10-06,2025-10-07,2025-11-05,0,0.002847076034112765,0.0,0.002847076034112765,0.30475987652133585,0.6952401234786643,0.0,1.0,0.034043757406899224,0.1,1.2275759470013936,1.2318717458279445,-0.003487212724132771,0.0028430307894013566,0.05009912170074815
2025-10-24,BASELINE_LSTM,22,2025-10-06,2025-10-07,2025-11-05,0,0.0021192856910180486,0.0,0.0021192856910180486,0.30389466530285736,0.6961053346971426,0.0,1.0,0.034043757406899224,0.1,1.2301775311405116,1.2318717458279445,-0.0013753174331424534,0.0021170431728967597,0.049658149456162856
2025-10-27,BASELINE_LSTM,22,2025-10-06,2025-10-07,2025-11-05,0,0.002019463157908916,0.0,0.002019463157908916,0.30325198770454237,0.6967480122954577,0.0,1.0,0.034043757406899224,0.1,1.2326618293423373,1.2326618293423373,0.0,0.0020174267833139386,0.04912419002022331
2025-10-28,BASELINE_LSTM,22,2025-10-06,2025-10-07,2025-11-05,0,-0.0010914940493617444,0.0,-0.0010914940493617444,0.30264081572710194,0.6973591842728979,0.0,1.0,0.034043757406899224,0.1,1.2313163862907348,1.2326618293423373,-0.0010914940493617076,-0.0010920901628006323,0.048872831779506555
2025-10-29,BASELINE_LSTM,22,2025-10-06,2025-10-07,2025-11-05,0,-0.002186940129770941,0.0,-0.002186940129770941,0.30297150732447287,0.6970284926755275,0.0,1.0,0.034043757406899224,0.1,1.228623571073111,1.2326618293423373,-0.0032760471469946983,-0.0021893349755631886,0.0493285568426306
2025-10-30,BASELINE_LSTM,22,2025-10-06,2025-10-07,2025-11-05,0,-0.002290821494483704,0.0,-0.002290821494483704,0.30363554007188065,0.6963644599281194,0.0,1.0,0.034043757406899224,0.1,1.2258090137878674,1.2326618293423373,-0.005559363802257078,-0.0022934494402470354,0.049942079198037906
2025-10-31,BASELINE_LSTM,22,2025-10-06,2025-10-07,2025-11-05,0,0.00011281829121223281,0.0,0.00011281829121223281,0.3043327119899818,0.6956672880100182,0.0,1.0,0.034043757406899224,0.1,1.2259473074661555,1.2326618293423373,-0.005447172708969217,0.00011281192770742545,0.04868315983542198
2025-11-03,BASELINE_LSTM,22,2025-10-06,2025-10-07,2025-11-05,0,-4.9979653704580827e-05,0.0,-4.9979653704580827e-05,0.3042983815665548,0.6957016184334451,0.0,1.0,0.034043757406899224,0.1,1.2258860350442684,1.2326618293423373,-0.005496880114868152,-4.9980902729090426e-05,0.048681827829955206
2025-11-04,BASELINE_LSTM,22,2025-10-06,2025-10-07,2025-11-05,0,-0.003836016118379596,0.0,-0.003836016118379596,0.3043135910544534,0.6956864089455468,0.0,1.0,0.034043757406899224,0.1,1.2211835164545422,1.2326618293423373,-0.009311810112526242,-0.0038433924981936375,0.05009540474569204
2025-11-05,BASELINE_LSTM,22,2025-10-06,2025-10-07,2025-11-05,0,0.0014679867762724746,0.0,0.0014679867762724746,0.30548543811900813,0.6945145618809919,0.0,1.0,0.034043757406899224,0.1,1.2229761977080995,1.2326618293423373,-0.007857492950361977,0.0014669103370217708,0.04967999080689682
2025-11-06,BASELINE_LSTM,23,2025-11-05,2025-11-06,2025-12-08,1,0.00015976147966352983,0.0005597505666098076,-0.00039998908694627777,1.1102230246251565e-16,0.9999999999999999,0.5597505666098076,1.0,0.06308269913103118,0.1,1.2224870205754212,1.2326618293423373,-0.008254339125877364,-0.00040006910391910446,0.04964660983065655
2025-11-07,BASELINE_LSTM,23,2025-11-05,2025-11-06,2025-12-08,0,0.0008732563994663448,0.0,0.0008732563994663448,1.1100456820844923e-16,0.9999999999999997,0.0,1.0,0.06308269913103118,0.1,1.2235545651894033,1.2326618293423373,-0.007388290880876003,0.0008728753329264668,0.04919813356329406
2025-11-10,BASELINE_LSTM,23,2025-11-05,2025-11-06,2025-12-08,0,0.008072724037224715,0.0,0.008072724037224715,1.1090771733453665e-16,1.0,0.0,1.0,0.06308269913103118,0.1,1.2334319835386638,1.2334319835386638,0.0,0.00804031390904328,0.055715373303066605
2025-11-12,BASELINE_LSTM,23,2025-11-05,2025-11-06,2025-12-08,0,0.004289761810779872,0.0,0.004289761810779872,1.100195597896578e-16,1.0,0.0,1.0,0.06308269913103118,0.1,1.2387231129578422,1.2387231129578422,0.0,0.004280587011693423,0.047177861115389096
2025-11-13,BASELINE_LSTM,23,2025-11-05,2025-11-06,2025-12-08,0,-0.006109965972383376,0.0,-0.006109965972383376,1.09549618021882e-16,0.9999999999999999,0.0,1.0,0.06308269913103118,0.1,1.231154556888465,1.2387231129578422,-0.0061099659723833355,-0.006128708196373983,0.05299994917310119
2025-11-14,BASELINE_LSTM,23,2025-11-05,2025-11-06,2025-12-08,0,-0.003001892667707037,0.0,-0.003001892667707037,1.1022307727339383e-16,1.0,0.0,1.0,0.06308269913103118,0.1,1.2274587630513274,1.2387231129578422,-0.009093517178037969,-0.0030064073848960382,0.05360307393746509
2025-11-17,BASELINE_LSTM,23,2025-11-05,2025-11-06,2025-12-08,0,-0.004341673026189098,0.0,-0.004341673026189098,1.1055495137129401e-16,0.9999999999999999,0.0,1.0,0.06308269913103118,0.1,1.222129538449028,1.2387231129578422,-0.01339570912598198,-0.004351125458022998,0.05584324749381604
2025-11-18,BASELINE_LSTM,23,2025-11-05,2025-11-06,2025-12-08,0,0.0011384193933631633,0.0,0.0011384193933631633,1.110370378835811e-16,0.9999999999999998,0.0,1.0,0.06308269913103118,0.1,1.2235208344168005,1.2387231129578422,-0.012272539667675608,0.0011377718853827399,0.0559494570957432
2025-11-19,BASELINE_LSTM,23,2025-11-05,2025-11-06,2025-12-08,0,-0.00093139988752217,0.0,-0.00093139988752217,1.1091077490649457e-16,0.9999999999999997,0.0,1.0,0.06308269913103118,0.1,1.2223812472492437,1.2387231129578422,-0.013192508913131618,-0.0009318339099172762,0.05138440672805616
2025-11-20,BASELINE_LSTM,23,2025-11-05,2025-11-06,2025-12-08,0,-0.005733224534839575,0.0,-0.005733224534839575,1.110141734952014e-16,0.9999999999999998,0.0,1.0,0.06308269913103118,0.1,1.2153730610915865,1.2387231129578422,-0.01885009783219438,-0.0057497225547442354,0.053481077614961736
2025-11-21,BASELINE_LSTM,23,2025-11-05,2025-11-06,2025-12-08,0,0.009259864282372698,0.0,0.009259864282372698,1.116543127404255e-16,1.0,0.0,1.0,0.06308269913103118,0.1,1.2266272506897464,1.2387231129578422,-0.009764782897457303,0.009217254577186997,0.06292184844875906
2025-11-24,BASELINE_LSTM,23,2025-11-05,2025-11-06,2025-12-08,0,0.006197545719321878,0.0,0.006197545719321878,1.106298949278207e-16,0.9999999999999998,0.0,1.0,0.06308269913103118,0.1,1.2342293291564623,1.2387231129578422,-0.003627754866581512,0.006178419914207218,0.0657520644608087
2025-11-25,BASELINE_LSTM,23,2025-11-05,2025-11-06,2025-12-08,0,0.009305397879591386,0.0,0.009305397879591386,1.0994848417040452e-16,1.0000000000000002,0.0,1.0,0.06308269913103118,0.1,1.2457143241389244,1.2457143241389244,0.0,0.00926236939024748,0.07260065121224087
2025-11-26,BASELINE_LSTM,23,2025-11-05,2025-11-06,2025-12-08,0,0.003201127937727809,0.0,0.003201127937727809,1.0893480249029757e-16,0.9999999999999999,0.0,1.0,0.06308269913103118,0.1,1.2497020150643532,1.2497020150643532,0.0,0.0031960152357274475,0.07300473558705516
2025-11-28,BASELINE_LSTM,23,2025-11-05,2025-11-06,2025-12-08,0,0.0005514460582183031,0.0,0.0005514460582183031,1.0858720096760052e-16,0.9999999999999999,0.0,1.0,0.06308269913103118,0.1,1.250391158314508,1.250391158314508,0.0,0.00055129406771455,0.07273099799916957
2025-12-01,BASELINE_LSTM,23,2025-11-05,2025-11-06,2025-12-08,0,-0.006571429799810562,0.0,-0.006571429799810562,1.0852735398603608e-16,1.0000000000000002,0.0,1.0,0.06308269913103118,0.1,1.2421743005953405,1.250391158314508,-0.006571429799810402,-0.00659311670615126,0.07646382662936861
2025-12-02,BASELINE_LSTM,23,2025-11-05,2025-11-06,2025-12-08,0,-0.0017284234643802567,0.0,-0.0017284234643802567,1.092452514871465e-16,1.0,0.0,1.0,0.06308269913103118,0.1,1.2400272973873414,1.250391158314508,-0.00828849505073015,-0.0017299189116422192,0.07622690378968866
2025-12-03,BASELINE_LSTM,23,2025-11-05,2025-11-06,2025-12-08,0,0.003949602002152438,0.0,0.003949602002152438,1.0943440047273396e-16,0.9999999999999999,0.0,1.0,0.06308269913103118,0.1,1.244924911683826,1.250391158314508,-0.0043716293052250554,0.003941822800603878,0.07709976078898467
2025-12-04,BASELINE_LSTM,23,2025-11-05,2025-11-06,2025-12-08,0,-0.0020845375190345033,0.0,-0.0020845375190345033,1.0900387853582647e-16,0.9999999999999999,0.0,1.0,0.06308269913103118,0.1,1.2423298189970402,1.250391158314508,-0.006447053998953622,-0.002086713191408233,0.07768051317966779
2025-12-05,BASELINE_LSTM,23,2025-11-05,2025-11-06,2025-12-08,0,-0.000890696943377513,0.0,-0.000890696943377513,1.092315758539573e-16,1.0,0.0,1.0,0.06308269913103118,0.1,1.2412232796245928,1.250391158314508,-0.007332008571040438,-0.0008910938495995917,0.0761952004577089
2025-12-08,BASELINE_LSTM,23,2025-11-05,2025-11-06,2025-12-08,0,-0.005465866674933972,0.0,-0.005465866674933972,1.0932895481983801e-16,1.0,0.0,1.0,0.06308269913103118,0.1,1.2344389186643405,1.250391158314508,-0.012757799464665598,-0.00548085918050253,0.07914442717947978
2025-12-09,BASELINE_LSTM,24,2025-12-08,2025-12-09,2025-12-31,1,-0.0004952922613663605,0.0006820619068307657,-0.0011773541681971262,0.08819967683290941,0.9118003231670906,0.6820619068307657,1.0,0.060767110224992905,0.1,1.2329855468580664,1.250391158314508,-0.013920133184485928,-0.0011780477940981579,0.07929474260527959
2025-12-10,BASELINE_LSTM,24,2025-12-08,2025-12-09,2025-12-31,0,0.005916184747645002,0.0,0.005916184747645002,0.08824338309767447,0.9117566169023256,0.0,1.0,0.060767110224992905,0.1,1.2402801171444549,1.250391158314508,-0.008086302516472132,0.005898752846436218,0.08154598976064478
2025-12-11,BASELINE_LSTM,24,2025-12-08,2025-12-09,2025-12-31,0,0.0013197937201023448,0.0,0.0013197937201023448,0.08772438940309144,0.9122756105969085,0.0,1.0,0.060767110224992905,0.1,1.24191703105423,1.250391158314508,-0.006777181047649794,0.001318923557909453,0.07706828724540284
2025-12-12,BASELINE_LSTM,24,2025-12-08,2025-12-09,2025-12-31,0,-0.00621831477063445,0.0,-0.00621831477063445,0.08760876390666149,0.9123912360933385,0.0,1.0,0.060767110224992905,0.1,1.234194400036123,1.250391158314508,-0.012953353173272508,-0.006237729014357842,0.07886097593992863
2025-12-15,BASELINE_LSTM,24,2025-12-08,2025-12-09,2025-12-31,0,-0.00020219699243637318,0.0,-0.00020219699243637318,0.08815695158081055,0.9118430484191894,0.0,1.0,0.060767110224992905,0.1,1.2339448496403538,1.250391158314508,-0.013152931036655269,-0.00020221743700418152,0.07583715044114402
2025-12-16,BASELINE_LSTM,24,2025-12-08,2025-12-09,2025-12-31,0,-0.002883593308610167,0.0,-0.002883593308610167,0.0881747802561871,0.911825219743813,0.0,1.0,0.060767110224992905,0.1,1.2303866545287367,1.250391158314508,-0.015998596641339624,-0.0028877588735856745,0.07577685009394475
2025-12-17,BASELINE_LSTM,24,2025-12-08,2025-12-09,2025-12-31,0,-0.002381656951530216,0.0,-0.002381656951530216,0.08842977576586745,0.9115702242341326,0.0,1.0,0.060767110224992905,0.1,1.2274562955999084,1.250391158314508,-0.018342150423964254,-0.0023844976076561816,0.07461422404977999
2025-12-18,BASELINE_LSTM,24,2025-12-08,2025-12-09,2025-12-31,0,0.0030989887604037144,0.0,0.0030989887604037144,0.08864088795285018,0.9113591120471499,0.0,1.0,0.060767110224992905,0.1,1.2312601688638594,1.250391158314508,-0.01530000378156593,0.0030941967923527546,0.07522697305561828
2025-12-19,BASELINE_LSTM,24,2025-12-08,2025-12-09,2025-12-31,0,0.0034881306901485215,0.0,0.0034881306901485215,0.08836703949067841,0.9116329605093215,0.0,1.0,0.060767110224992905,0.1,1.2355549652464306,1.250391158314508,-0.011865241504167456,0.003482061272146553,0.07586725708575942
2025-12-22,BASELINE_LSTM,24,2025-12-08,2025-12-09,2025-12-31,0,0.004637146090868466,0.0,0.004637146090868466,0.08805987513764015,0.9119401248623598,0.0,1.0,0.060767110224992905,0.1,1.2412844141235764,1.250391158314508,-0.0072831162715571995,0.004626427651474461,0.07355889634017553
2025-12-23,BASELINE_LSTM,24,2025-12-08,2025-12-09,2025-12-31,0,0.0029446330727787044,0.0,0.0029446330727787044,0.08765341345409022,0.9123465865459096,0.0,1.0,0.060767110224992905,0.1,1.2449395412621294,1.250391158314508,-0.004359929303824561,0.0029403061328978214,0.06770992729746367
2025-12-24,BASELINE_LSTM,24,2025-12-08,2025-12-09,2025-12-31,0,0.002083618080937277,0.0,0.002083618080937277,0.08739606411327161,0.9126039358867285,0.0,1.0,0.060767110224992905,0.1,1.247533519799977,1.250391158314508,-0.0022853956504162998,0.0020814503593972783,0.06496943480024783
2025-12-26,BASELINE_LSTM,24,2025-12-08,2025-12-09,2025-12-31,0,0.00045410586672278057,0.0,0.00045410586672278057,0.08721434273183848,0.9127856572681615,0.0,1.0,0.060767110224992905,0.1,1.2481000320902513,1.250391158314508,-0.0018323275952663032,0.0004540027918571048,0.05665181267825313
2025-12-29,BASELINE_LSTM,24,2025-12-08,2025-12-09,2025-12-31,0,-0.0030903655854333588,0.0,-0.0030903655854333588,0.08717475616363443,0.9128252438363655,0.0,1.0,0.060767110224992905,0.1,1.2442429467039013,1.250391158314508,-0.0049170306185579715,-0.0030951506260520944,0.05649893349273941
2025-12-30,BASELINE_LSTM,24,2025-12-08,2025-12-09,2025-12-31,0,0.0001213197891608794,0.0,0.0001213197891608794,0.08744499316111802,0.9125550068388819,0.0,1.0,0.060767110224992905,0.1,1.2443938979958604,1.250391158314508,-0.004796307362515018,0.00012131243051041897,0.05644568758617318
2025-12-31,BASELINE_LSTM,24,2025-12-08,2025-12-09,2025-12-31,0,-0.004852009888427364,0.0,-0.004852009888427364,0.08743438563988677,0.9125656143601131,0.0,1.0,0.060767110224992905,0.1,1.238356086497686,1.250391158314508,-0.0096250455201915,-0.00486381910284137,0.054264735430824225
2023-12-29,CAUSAL_XGBOOST,1,2023-12-28,2023-12-29,2024-01-30,1,-0.0023523394564864083,0.0007041252484333225,-0.0030564647049197307,0.29587475156667753,0.7041252484333225,0.7041252484333225,1.0,0.0641698114819398,0.1,0.9969435352950803,0.9969435352950803,0.0,-0.0030611452328446983,
2024-01-02,CAUSAL_XGBOOST,1,2023-12-28,2023-12-29,2024-01-30,0,-0.0032004938701492808,0.0,-0.0032004938701492808,0.2965723905025612,0.7034276094974388,0.0,1.0,0.0641698114819398,0.1,0.9937528236214834,0.9969435352950803,-0.0032004938701493124,-0.003205626404678317,
2024-01-03,CAUSAL_XGBOOST,1,2023-12-28,2023-12-29,2024-01-30,0,-0.0029357198063982948,0.0,-0.0029357198063982948,0.29752461621296933,0.7024753837870308,0.0,1.0,0.0641698114819398,0.1,0.9908354437745136,0.9969435352950803,-0.006126817923302719,-0.00294003748418783,
2024-01-04,CAUSAL_XGBOOST,1,2023-12-28,2023-12-29,2024-01-30,0,-0.0023339067143186808,0.0,-0.0023339067143186808,0.2984006368728789,0.7015993631271211,0.0,1.0,0.0641698114819398,0.1,0.9885229262795033,0.9969435352950803,-0.008446425216132813,-0.0023366345197163184,
2024-01-05,CAUSAL_XGBOOST,1,2023-12-28,2023-12-29,2024-01-30,0,-7.441824745997548e-05,0.0,-7.441824745997548e-05,0.2990987053495382,0.7009012946504617,0.0,1.0,0.0641698114819398,0.1,0.9884493621357555,0.9969435352950803,-0.008520214895430978,-7.44210166351386e-05,
2024-01-08,CAUSAL_XGBOOST,1,2023-12-28,2023-12-29,2024-01-30,0,0.004804486687489445,0.0,0.004804486687489445,0.29912096540756233,0.7008790345924376,0.0,1.0,0.0641698114819398,0.1,0.9931983539373942,0.9969435352950803,-0.003756663466981225,0.004792981976096913,
2024-01-09,CAUSAL_XGBOOST,1,2023-12-28,2023-12-29,2024-01-30,0,-0.0018642306022121772,0.0,-0.0018642306022121772,0.2976907143335576,0.7023092856664426,0.0,1.0,0.0641698114819398,0.1,0.9913468031719174,0.9969435352950803,-0.005613890782195985,-0.0018659704427268309,
2024-01-10,CAUSAL_XGBOOST,1,2023-12-28,2023-12-29,2024-01-30,0,0.000756166960245123,0.0,0.000756166960245123,0.2982467149866449,0.7017532850133552,0.0,1.0,0.0641698114819398,0.1,0.9920964268706206,0.9969435352950803,-0.0048619688606788,0.0007558812100500706,
2024-01-11,CAUSAL_XGBOOST,1,2023-12-28,2023-12-29,2024-01-30,0,0.0013862937418587305,0.0,0.0013862937418587305,0.298021361079949,0.701978638920051,0.0,1.0,0.0641698114819398,0.1,0.9934717639385118,0.9969435352950803,-0.0034824152358247096,0.0013853337238316048,
2024-01-12,CAUSAL_XGBOOST,1,2023-12-28,2023-12-29,2024-01-30,0,0.0014696978964261725,0.0,0.0014696978964261725,0.29760878787978906,0.7023912121202109,0.0,1.0,0.0641698114819398,0.1,0.994931867300131,0.9969435352950803,-0.0020178354377451413,0.0014686189474960682,
2024-01-16,CAUSAL_XGBOOST,1,2023-12-28,2023-12-29,2024-01-30,0,-0.006773175273207229,0.0,-0.006773175273207229,0.29717203476541765,0.7028279652345822,0.0,1.0,0.0641698114819398,0.1,0.9881930193780079,0.9969435352950803,-0.008777343557859973,-0.00679621732904271,
2024-01-17,CAUSAL_XGBOOST,1,2023-12-28,2023-12-29,2024-01-30,0,-0.003849454541840508,0.0,-0.003849454541840508,0.2991985590473363,0.7008014409526636,0.0,1.0,0.0641698114819398,0.1,0.9843890152713481,0.9969435352950803,-0.012593010114676395,-0.0038568827611648857,
2024-01-18,CAUSAL_XGBOOST,1,2023-12-28,2023-12-29,2024-01-30,0,0.003386011918599284,0.0,0.003386011918599284,0.30035476104640985,0.6996452389535902,0.0,1.0,0.0641698114819398,0.1,0.9877221682095952,0.9969435352950803,-0.009249638278416294,0.0033802922877650718,
2024-01-19,CAUSAL_XGBOOST,1,2023-12-28,2023-12-29,2024-01-30,0,0.0047390499671685305,0.0,0.0047390499671685305,0.29934118821538486,0.700658811784615,0.0,1.0,0.0641698114819398,0.1,0.9924030329184205,0.9969435352950803,-0.004554422809227465,0.004727856021719257,
2024-01-22,CAUSAL_XGBOOST,1,2023-12-28,2023-12-29,2024-01-30,0,0.001876102952706126,0.0,0.001876102952706126,0.2979292864402616,0.7020707135597384,0.0,1.0,0.0641698114819398,0.1,0.9942648831787533,0.9969435352950803,-0.002686864422601576,0.0018743452696144837,
2024-01-23,CAUSAL_XGBOOST,1,2023-12-28,2023-12-29,2024-01-30,0,0.0005535299902012212,0.0,0.0005535299902012212,0.2973713871028676,0.7026286128971324,0.0,1.0,0.0641698114819398,0.1,0.9948152386097967,0.9969435352950803,-0.0021348216924378383,0.0005533768489857595,
2024-01-24,CAUSAL_XGBOOST,1,2023-12-28,2023-12-29,2024-01-30,0,0.0007842709216530995,0.0,0.0007842709216530995,0.29720687418471237,0.7027931258152875,0.0,1.0,0.0641698114819398,0.1,0.9955954432738556,0.9969435352950803,-0.0013522250493611665,0.0007839635419159849,
2024-01-25,CAUSAL_XGBOOST,1,2023-12-28,2023-12-29,2024-01-30,0,0.0036919595575128942,0.0,0.0036919595575128942,0.2969739661385819,0.7030260338614179,0.0,1.0,0.0641698114819398,0.1,0.9992711413860669,0.9992711413860669,0.0,0.0036851610030131303,
2024-01-26,CAUSAL_XGBOOST,1,2023-12-28,2023-12-29,2024-01-30,0,3.1708808483846306e-05,0.0,3.1708808483846306e-05,0.29588158329922826,0.7041184167007717,0.0,1.0,0.0641698114819398,0.1,0.9993028270833125,0.9993028270833125,0.0,3.170830577020551e-05,
2024-01-29,CAUSAL_XGBOOST,1,2023-12-28,2023-12-29,2024-01-30,0,0.0036605453506241893,0.0,0.0036605453506241893,0.2958722015442538,0.7041277984557461,0.0,1.0,0.0641698114819398,0.1,1.002960820400858,1.002960820400858,0.0,0.00365386185967437,
2024-01-30,CAUSAL_XGBOOST,1,2023-12-28,2023-12-29,2024-01-30,0,0.00047064809687150604,0.0,0.00047064809687150604,0.294793098039828,0.705206901960172,0.0,1.0,0.0641698114819398,0.1,1.0034328620022164,1.0034328620022164,0.0,0.00047053737679472843,0.049022311478239836
2024-01-31,CAUSAL_XGBOOST,2,2024-01-30,2024-01-31,2024-02-29,1,-0.006009866224911325,0.00011014754369063215,-0.006120013768601957,0.22419310953871807,0.7758068904612819,0.11014754369063215,1.0,0.06219976225514934,0.1,0.9972918390708951,1.0034328620022164,-0.00612001376860194,-0.006138817812794657,0.05260154667493201
2024-02-01,CAUSAL_XGBOOST,2,2024-01-30,2024-01-31,2024-02-29,0,0.006052373303878016,0.0,0.006052373303878016,0.2255486266118679,0.7744513733881321,0.0,1.0,0.06219976225514934,0.1,1.0033278215738632,1.0034328620022164,-0.00010468107267636029,0.006034131260672376,0.055146377922258495
2024-02-02,CAUSAL_XGBOOST,2,2024-01-30,2024-01-31,2024-02-29,0,-0.0020708360929733442,0.0,-0.0020708360929733442,0.22419173454277114,0.775808265457229,0.0,1.0,0.06219976225514934,0.1,1.0012500941078637,1.0034328620022164,-0.002175300388306267,-0.002072983238805489,0.054552068429572824
2024-02-05,CAUSAL_XGBOOST,2,2024-01-30,2024-01-31,2024-02-29,0,-0.003168094668433429,0.0,-0.003168094668433429,0.22465696228881657,0.7753430377111835,0.0,1.0,0.06219976225514934,0.1,0.9980780390229521,1.0034328620022164,-0.0053365034991772475,-0.00317312370479865,0.055173142120395084
2024-02-06,CAUSAL_XGBOOST,2,2024-01-30,2024-01-31,2024-02-29,0,0.004212346214506668,0.0,0.004212346214506668,0.22537095882187988,0.7746290411781201,0.0,1.0,0.06219976225514934,0.1,1.0022822892724128,1.0034328620022164,-0.0011466364849839206,0.004203499120172458,0.05662400144356851
2024-02-07,CAUSAL_XGBOOST,2,2024-01-30,2024-01-31,2024-02-29,0,0.00212224132296684,0.0,0.00212224132296684,0.22442560049320393,0.775574399506796,0.0,1.0,0.06219976225514934,0.1,1.0044093741639846,1.0044093741639846,0.0,0.0021199925499144055,0.054897555079662284
2024-02-08,CAUSAL_XGBOOST,2,2024-01-30,2024-01-31,2024-02-29,0,9.405858499962703e-05,0.0,9.405858499962703e-05,0.22395032386161304,0.7760496761383872,0.0,1.0,0.06219976225514934,0.1,1.0045038474884787,1.0045038474884787,0.0,9.405416176828071e-05,0.054233534238782105
2024-02-09,CAUSAL_XGBOOST,2,2024-01-30,2024-01-31,2024-02-29,0,0.0018131799706533292,0.0,0.0018131799706533292,0.2239292613921465,0.7760707386078537,0.0,1.0,0.06219976225514934,0.1,1.006325193745189,1.006325193745189,0.0,0.0018115381441686888,0.05438800844982379
2024-02-12,CAUSAL_XGBOOST,2,2024-01-30,2024-01-31,2024-02-29,0,0.000991725134267022,0.0,0.000991725134267022,0.2235239722027875,0.7764760277972125,0.0,1.0,0.06219976225514934,0.1,1.0073231917330723,1.0073231917330723,0.0,0.00099123369978117,0.05434055157133492
2024-02-13,CAUSAL_XGBOOST,2,2024-01-30,2024-01-31,2024-02-29,0,-0.010731373660793932,0.0,-0.010731373660793932,0.22330251748365385,0.7766974825163462,0.0,1.0,0.06219976225514934,0.1,0.9965132301654012,1.0073231917330723,-0.010731373660793908,-0.010789370145612284,0.06712680423452508
2024-02-14,CAUSAL_XGBOOST,2,2024-01-30,2024-01-31,2024-02-29,0,0.0049607787196692356,0.0,0.0049607787196692356,0.22572485524986882,0.7742751447501313,0.0,1.0,0.06219976225514934,0.1,1.0014567117914746,1.0073231917330723,-0.005823830911213856,0.004948514599916234,0.0642450924260973
2024-02-15,CAUSAL_XGBOOST,2,2024-01-30,2024-01-31,2024-02-29,0,0.006118752389896015,0.0,0.006118752389896015,0.22461061170710034,0.7753893882928997,0.0,1.0,0.06219976225514934,0.1,1.007584377440126,1.007584377440126,0.0,0.006100108836033111,0.06473075938609953
2024-02-16,CAUSAL_XGBOOST,2,2024-01-30,2024-01-31,2024-02-29,0,-0.0016537225980944733,0.0,-0.0016537225980944733,0.22324463307494158,0.7767553669250585,0.0,1.0,0.06219976225514934,0.1,1.0059181123856664,1.007584377440126,-0.001653722598094487,-0.0016550915067151109,0.06485468011129342
2024-02-20,CAUSAL_XGBOOST,2,2024-01-30,2024-01-31,2024-02-29,0,-0.0013589285998535465,0.0,-0.0013589285998535465,0.22361442930995146,0.7763855706900487,0.0,1.0,0.06219976225514934,0.1,1.0045511414936348,1.007584377440126,-0.003010403907013237,-0.0013598527806820198,0.06370952795560776
2024-02-21,CAUSAL_XGBOOST,2,2024-01-30,2024-01-31,2024-02-29,0,0.00020393401960921322,0.0,0.00020393401960921322,0.2239187188610543,0.7760812811389457,0.0,1.0,0.06219976225514934,0.1,1.0047560036458225,1.007584377440126,-0.0028070838111735608,0.00020391322789374693,0.06354428587550481
2024-02-22,CAUSAL_XGBOOST,2,2024-01-30,2024-01-31,2024-02-29,0,0.007676266548531857,0.0,0.007676266548531857,0.22387306352732694,0.7761269364726732,0.0,1.0,0.06219976225514934,0.1,1.0124687785460456,1.0124687785460456,0.0,0.007646953926568767,0.06820025562427522
2024-02-23,CAUSAL_XGBOOST,2,2024-01-30,2024-01-31,2024-02-29,0,0.000581896095142328,0.0,0.000581896095142328,0.22216764546229859,0.7778323545377015,0.0,1.0,0.06219976225514934,0.1,1.0130579301747349,1.0130579301747349,0.0,0.0005817268592581746,0.06820585821566988
2024-02-26,CAUSAL_XGBOOST,2,2024-01-30,2024-01-31,2024-02-29,0,-0.0010406061665585438,0.0,-0.0010406061665585438,0.22203844215983431,0.7779615578401657,0.0,1.0,0.06219976225514934,0.1,1.012003735845514,1.0130579301747349,-0.0010406061665585442,-0.0010411479730595536,0.0676741968571355
2024-02-27,CAUSAL_XGBOOST,2,2024-01-30,2024-01-31,2024-02-29,0,0.0010311822231755415,0.0,0.0010311822231755415,0.2222697374192321,0.7777302625807678,0.0,1.0,0.06219976225514934,0.1,1.013047296107705,1.0130579301747349,-1.0496997963405086e-05,0.0010306509200024006,0.0676564273536803
2024-02-28,CAUSAL_XGBOOST,2,2024-01-30,2024-01-31,2024-02-29,0,-0.0018737792183397186,0.0,-0.0018737792183397186,0.2220407729213754,0.7779592270786245,0.0,1.0,0.06219976225514934,0.1,1.0111490691370633,1.0130579301747349,-0.0018842565472464434,-0.0018755369386823603,0.06727399980281677
2024-02-29,CAUSAL_XGBOOST,2,2024-01-30,2024-01-31,2024-02-29,0,0.0019577857267154357,0.0,0.0019577857267154357,0.22245760936676842,0.7775423906332318,0.0,1.0,0.06219976225514934,0.1,1.0131286823522014,1.0131286823522014,0.0,0.0019558717619210723,0.0674935960078114
2024-03-01,CAUSAL_XGBOOST,3,2024-02-29,2024-03-01,2024-04-01,1,0.006947717361149507,5.963143244726614e-05,0.0068880859287022405,0.2232002778588481,0.7767997221411519,0.05963143244726614,1.0,0.05956057776472783,0.1,1.0201071997730762,1.0201071997730762,0.0,0.006864471441880754,0.06650394448586487
2024-03-04,CAUSAL_XGBOOST,3,2024-02-29,2024-03-01,2024-04-01,0,3.3156185726038856e-05,0.0,3.3156185726038856e-05,0.22166024512551294,0.778339754874487,0.0,1.0,0.05956057776472783,0.1,1.0201410226368524,1.0201410226368524,0.0,3.3155636071862495e-05,0.06407256359453543
2024-03-05,CAUSAL_XGBOOST,3,2024-02-29,2024-03-01,2024-04-01,0,-0.002537411161108681,0.0,-0.002537411161108681,0.22165289596092774,0.7783471040390723,0.0,1.0,0.05956057776472783,0.1,1.0175525054201087,1.0201410226368524,-0.002537411161108838,-0.00254063584486298,0.06435583614991226
2024-03-06,CAUSAL_XGBOOST,3,2024-02-29,2024-03-01,2024-04-01,0,0.005022346661152135,0.0,0.005022346661152135,0.22221675122567308,0.7777832487743269,0.0,1.0,0.05956057776472783,0.1,1.0226630068482523,1.0226630068482523,0.0,0.005009776747567837,0.06428274499997952
2024-03-07,CAUSAL_XGBOOST,3,2024-02-29,2024-03-01,2024-04-01,0,0.00437255779185075,0.0,0.00437255779185075,0.22110627884435935,0.7788937211556407,0.0,1.0,0.05956057776472783,0.1,1.0271346599472841,1.0271346599472841,0.0,0.004363025936653342,0.0643802516144565
2024-03-08,CAUSAL_XGBOOST,3,2024-02-29,2024-03-01,2024-04-01,0,-0.0012443622384241278,0.0,-0.0012443622384241278,0.22014368784673832,0.7798563121532618,0.0,1.0,0.05956057776472783,0.1,1.0258565323626692,1.0271346599472841,-0.0012443622384240571,-0.0012451370999866827,0.06480614079826727
2024-03-11,CAUSAL_XGBOOST,3,2024-02-29,2024-03-01,2024-04-01,0,0.00022605593583556043,0.0,0.00022605593583556043,0.22041796764234264,0.7795820323576574,0.0,1.0,0.05956057776472783,0.1,1.0260884333211255,1.0271346599472841,-0.001018587598058729,0.00022603038904242748,0.06478434683925437
2024-03-12,CAUSAL_XGBOOST,3,2024-02-29,2024-03-01,2024-04-01,0,0.002063378314596572,0.0,0.002063378314596572,0.22036815211348826,0.7796318478865116,0.0,1.0,0.05956057776472783,0.1,1.0282056419432986,1.0282056419432986,0.0,0.0020612524733362317,0.0648289191619916
2024-03-13,CAUSAL_XGBOOST,3,2024-02-29,2024-03-01,2024-04-01,0,0.0009547613181610303,0.0,0.0009547613181610303,0.21991438553929862,0.7800856144607012,0.0,1.0,0.05956057776472783,0.1,1.029187332917341,1.029187332917341,0.0,0.0009543058234764499,0.06482928256236342
2024-03-14,CAUSAL_XGBOOST,3,2024-02-29,2024-03-01,2024-04-01,0,-0.003539131145491981,0.0,-0.003539131145491981,0.21970462006663777,0.7802953799333623,0.0,1.0,0.05956057776472783,0.1,1.0255449039728675,1.029187332917341,-0.0035391311454919805,-0.0035454086858601086,0.05173296949658938
2024-03-15,CAUSAL_XGBOOST,3,2024-02-29,2024-03-01,2024-04-01,0,-0.0019116886468739267,0.0,-0.0019116886468739267,0.22048494520331888,0.7795150547966809,0.0,1.0,0.05956057776472783,0.1,1.0235843814230832,1.029187332917341,-0.005444054075535276,-0.0019135182557487422,0.051206492951689636
2024-03-18,CAUSAL_XGBOOST,3,2024-02-29,2024-03-01,2024-04-01,0,0.0018993007118640812,0.0,0.0018993007118640812,0.22090725108723447,0.7790927489127654,0.0,1.0,0.05956057776472783,0.1,1.025528475967373,1.029187332917341,-0.0035550932594522466,0.0018974993208285738,0.04793984343074592
2024-03-19,CAUSAL_XGBOOST,3,2024-02-29,2024-03-01,2024-04-01,0,0.002393515842453068,0.0,0.002393515842453068,0.22048847716559605,0.7795115228344038,0.0,1.0,0.05956057776472783,0.1,1.0279830946214876,1.029187332917341,-0.001170086589037167,0.0023906559459716532,0.047330794008971944
2024-03-20,CAUSAL_XGBOOST,3,2024-02-29,2024-03-01,2024-04-01,0,0.00485631851397955,0.0,0.00485631851397955,0.21996199464667165,0.7800380053533283,0.0,1.0,0.05956057776472783,0.1,1.032975307955956,1.032975307955956,0.0,0.0048445646375763485,0.048249127446813395
2024-03-21,CAUSAL_XGBOOST,3,2024-02-29,2024-03-01,2024-04-01,0,0.0015788150284668965,0.0,0.0015788150284668965,0.21889895161525183,0.7811010483847485,0.0,1.0,0.05956057776472783,0.1,1.034606184896192,1.034606184896192,0.0,0.0015775700102831866,0.04807999672331653
2024-03-22,CAUSAL_XGBOOST,3,2024-02-29,2024-03-01,2024-04-01,0,-0.0022558901503628584,0.0,-0.0022558901503628584,0.2185538954406002,0.7814461045593998,0.0,1.0,0.05956057776472783,0.1,1.0322722269941802,1.034606184896192,-0.0022558901503628714,-0.0022584385038064156,0.0439121430065359
2024-03-25,CAUSAL_XGBOOST,3,2024-02-29,2024-03-01,2024-04-01,0,-0.0004336653094366376,0.0,-0.0004336653094366376,0.21904804376498588,0.7809519562350143,0.0,1.0,0.05956057776472783,0.1,1.0318245663394379,1.034606184896192,-0.002688577158499461,-0.0004337593694316295,0.04415166101500533
2024-03-26,CAUSAL_XGBOOST,3,2024-02-29,2024-03-01,2024-04-01,0,-0.000623867637480296,0.0,-0.000623867637480296,0.21914307851594136,0.7808569214840585,0.0,1.0,0.05956057776472783,0.1,1.0311808443849415,1.034606184896192,-0.0033107674796997166,-0.0006240623238714139,0.04394686332716823
2024-03-27,CAUSAL_XGBOOST,3,2024-02-29,2024-03-01,2024-04-01,0,0.005717372142195038,0.0,0.005717372142195038,0.2192798801367092,0.7807201198632907,0.0,1.0,0.05956057776472783,0.1,1.0370764890181932,1.0370764890181932,0.0,0.0057010900013158014,0.04700186471568734
2024-03-28,CAUSAL_XGBOOST,3,2024-02-29,2024-03-01,2024-04-01,0,0.001906057495422877,0.0,0.001906057495422877,0.21803330260631706,0.7819666973936827,0.0,1.0,0.05956057776472783,0.1,1.039053216433413,1.039053216433413,0.0,0.0019042432728108825,0.0457781624097354
2024-04-01,CAUSAL_XGBOOST,3,2024-02-29,2024-03-01,2024-04-01,0,-0.0018622342901021272,0.0,-0.0018622342901021272,0.2176185092156837,0.7823814907843161,0.0,1.0,0.05956057776472783,0.1,1.0371182559045298,1.039053216433413,-0.0018622342901021272,-0.0018639704040798797,0.046981328760913016
2024-04-02,CAUSAL_XGBOOST,4,2024-04-01,2024-04-02,2024-04-30,1,-0.0013497664936784975,0.00014445398258808415,-0.0014942204762665816,0.18260208243771148,0.8173979175622885,0.14445398258808415,1.0,0.05301074620012322,0.1,1.0355685725702473,1.039053216433413,-0.003353672177760947,-0.0014953379369762635,0.0428314592124886
2024-04-03,CAUSAL_XGBOOST,4,2024-04-01,2024-04-02,2024-04-30,0,0.002551799224868568,0.0,0.002551799224868568,0.18284888573708583,0.8171511142629141,0.0,1.0,0.05301074620012322,0.1,1.0382111356510302,1.039053216433413,-0.000810430850956112,0.0025485489134803676,0.04321059393324109
2024-04-04,CAUSAL_XGBOOST,4,2024-04-01,2024-04-02,2024-04-30,0,-0.0036908071703301696,0.0,-0.0036908071703301696,0.18238347971492047,0.8176165202850798,0.0,1.0,0.05301074620012322,0.1,1.0343792985472526,1.039053216433413,-0.004498246877290613,-0.0036976350044378753,0.04451598424165006
2024-04-05,CAUSAL_XGBOOST,4,2024-04-01,2024-04-02,2024-04-30,0,0.003158199098183541,0.0,0.003158199098183541,0.18305911561141336,0.8169408843885865,0.0,1.0,0.05301074620012322,0.1,1.0376460743151041,1.039053216433413,-0.001354254138338451,0.003153222462795552,0.042722254241558046
2024-04-08,CAUSAL_XGBOOST,4,2024-04-01,2024-04-02,2024-04-30,0,0.0012658908013531422,0.0,0.0012658908013531422,0.1824827986014363,0.8175172013985637,0.0,1.0,0.05301074620012322,0.1,1.03895962093564,1.039053216433413,-9.007767484159324e-05,0.0012650902371393595,0.04066712755809223
2024-04-09,CAUSAL_XGBOOST,4,2024-04-01,2024-04-02,2024-04-30,0,0.002078707037349008,0.0,0.002078707037349008,0.18225208736051923,0.817747912639481,0.0,1.0,0.05301074620012322,0.1,1.0411193136112002,1.0411193136112002,0.0,0.002076549515262321,0.04045201074221368
2024-04-10,CAUSAL_XGBOOST,4,2024-04-01,2024-04-02,2024-04-30,0,-0.008786569436152974,0.0,-0.008786569436152974,0.1818740245457849,0.8181259754542152,0.0,1.0,0.05301074620012322,0.1,1.0319714464708356,1.0411193136112002,-0.008786569436152858,-0.008825398956896545,0.052233707310616356
2024-04-11,CAUSAL_XGBOOST,4,2024-04-01,2024-04-02,2024-04-30,0,0.002294856371600151,0.0,0.002294856371600151,0.183486239126448,0.8165137608735521,0.0,1.0,0.05301074620012322,0.1,1.0343396727200787,1.0411193136112002,-0.006511876979407805,0.002292227210313745,0.05233940604756375
2024-04-12,CAUSAL_XGBOOST,4,2024-04-01,2024-04-02,2024-04-30,0,-0.006669634686174776,0.0,-0.006669634686174776,0.18306612865468064,0.8169338713453194,0.0,1.0,0.05301074620012322,0.1,1.027441004961618,1.0411193136112002,-0.013138079825008697,-0.006691976094362631,0.057547334766725265
2024-04-15,CAUSAL_XGBOOST,4,2024-04-01,2024-04-02,2024-04-30,0,-0.004533530250436176,0.0,-0.004533530250436176,0.18429531105378433,0.8157046889462157,0.0,1.0,0.05301074620012322,0.1,1.0227830700850862,1.0411193136112002,-0.01761204819312534,-0.004543837863751227,0.05840228875544393
2024-04-16,CAUSAL_XGBOOST,4,2024-04-01,2024-04-02,2024-04-30,0,-0.0030604124203915764,0.0,-0.0030604124203915764,0.18513462447424148,0.8148653755257587,0.0,1.0,0.05301074620012322,0.1,1.0196529320740315,1.0411193136112002,-0.020618560482478232,-0.0030651050592021825,0.058979190310836746
2024-04-17,CAUSAL_XGBOOST,4,2024-04-01,2024-04-02,2024-04-30,0,-0.0018115893831786149,0.0,-0.0018115893831786149,0.1857029520953374,0.8142970479046627,0.0,1.0,0.05301074620012322,0.1,1.0178057396477593,1.0411193136112002,-0.02239279750039025,-0.001813232295713676,0.05872995332086849
2024-04-18,CAUSAL_XGBOOST,4,2024-04-01,2024-04-02,2024-04-30,0,-0.000688084082291033,0.0,-0.000688084082291033,0.18603998014822068,0.8139600198517792,0.0,1.0,0.05301074620012322,0.1,1.0171054037194434,1.0411193136112002,-0.023065473455163188,-0.000688320920792618,0.057875282578617814
2024-04-19,CAUSAL_XGBOOST,4,2024-04-01,2024-04-02,2024-04-30,0,0.0006421549627973026,0.0,0.0006421549627973026,0.18616807944031424,0.8138319205596856,0.0,1.0,0.05301074620012322,0.1,1.0177585430021296,1.0411193136112002,-0.022438130100614573,0.0006419488695236725,0.05472453992591814
2024-04-22,CAUSAL_XGBOOST,4,2024-04-01,2024-04-02,2024-04-30,0,0.002464005571779368,0.0,0.002464005571779368,0.18604860740374837,0.8139513925962514,0.0,1.0,0.05301074620012322,0.1,1.020266305722813,1.0411193136112002,-0.020029412206423403,0.002460974887444983,0.055271981747190356
2024-04-23,CAUSAL_XGBOOST,4,2024-04-01,2024-04-02,2024-04-30,0,0.004998616029236562,0.0,0.004998616029236562,0.18559130938335403,0.814408690616646,0.0,1.0,0.05301074620012322,0.1,1.025366225232689,1.0411193136112002,-0.015130915518098087,0.004986164424754137,0.05825659395598987
2024-04-24,CAUSAL_XGBOOST,4,2024-04-01,2024-04-02,2024-04-30,0,-0.0013584509367949582,0.0,-0.0013584509367949582,0.18466822383957887,0.8153317761604212,0.0,1.0,0.05301074620012322,0.1,1.0239733155234636,1.0411193136112002,-0.016468811848532994,-0.0013593744677445373,0.058367573522793856
2024-04-25,CAUSAL_XGBOOST,4,2024-04-01,2024-04-02,2024-04-30,0,-0.0013154959006917767,0.0,-0.0013154959006917767,0.1849194278095183,0.8150805721904819,0.0,1.0,0.05301074620012322,0.1,1.0226262828244748,1.0411193136112002,-0.01776264309474873,-0.0013163619250084226,0.05845568273073735
2024-04-26,CAUSAL_XGBOOST,4,2024-04-01,2024-04-02,2024-04-30,0,0.003501363947277626,0.0,0.003501363947277626,0.1851630089888028,0.8148369910111971,0.0,1.0,0.05301074620012322,0.1,1.026206869622695,1.0411193136112002,-0.0143234726256114,0.0034952484434443154,0.056004438426849226
2024-04-29,CAUSAL_XGBOOST,4,2024-04-01,2024-04-02,2024-04-30,0,0.00279096688301428,0.0,0.00279096688301428,0.18451694799941595,0.8154830520005841,0.0,1.0,0.05301074620012322,0.1,1.0290709790109338,1.0411193136112002,-0.011572482080344781,0.0027870793665498894,0.056563033319774664
2024-04-30,CAUSAL_XGBOOST,4,2024-04-01,2024-04-02,2024-04-30,0,-0.009938616529294505,0.0,-0.009938616529294505,0.18400340060197384,0.8159965993980263,0.0,1.0,0.05301074620012322,0.1,1.0188434371691184,1.0411193136112002,-0.021396084147950578,-0.009988334269876225,0.06541363798165897
2024-05-01,CAUSAL_XGBOOST,5,2024-04-30,2024-05-01,2024-05-30,1,-0.0002530340722189892,0.00013418657973164778,-0.000387220651950637,0.19333693108078753,0.8066630689192125,0.13418657973164777,1.0,0.06099334267295961,0.1,1.0184489199491422,1.0411193136112002,-0.02177501979424823,-0.00038729564122617444,0.06538777906291643
2024-05-02,CAUSAL_XGBOOST,5,2024-04-30,2024-05-01,2024-05-30,0,0.006267251776411091,0.0,0.006267251776411091,0.19338586429353935,0.8066141357064608,0.0,1.0,0.06099334267295961,0.1,1.0248317957518773,1.0411193136112002,-0.01564423754932409,0.0062476942261890525,0.06892992433439642
2024-05-03,CAUSAL_XGBOOST,5,2024-04-30,2024-05-01,2024-05-30,0,0.005894131792210079,0.0,0.005894131792210079,0.19218141497911823,0.8078185850208816,0.0,1.0,0.06099334267295961,0.1,1.0308722894208862,1.0411193136112002,-0.009842314955018527,0.00587682935270075,0.07147203044959775
2024-05-06,CAUSAL_XGBOOST,5,2024-04-30,2024-05-01,2024-05-30,0,0.005435697720620077,0.0,0.005435697720620077,0.19105530980353472,0.8089446901964653,0.0,1.0,0.06099334267295961,0.1,1.0364757995747416,1.0411193136112002,-0.004460117083365134,0.005420977634298482,0.07320795300408144
2024-05-07,CAUSAL_XGBOOST,5,2024-04-30,2024-05-01,2024-05-30,0,0.00048980604450697,0.0,0.00048980604450697,0.19002240544737764,0.8099775945526223,0.0,1.0,0.06099334267295961,0.1,1.0369834716863584,1.0411193136112002,-0.003972495631164863,0.0004896861286817517,0.07308111450429562
2024-05-08,CAUSAL_XGBOOST,5,2024-04-30,2024-05-01,2024-05-30,0,-0.0014478094341329644,0.0,-0.0014478094341329644,0.18992937689054723,0.8100706231094527,0.0,1.0,0.06099334267295961,0.1,1.035482117233011,1.0411193136112002,-0.005414553648645848,-0.001448858522921107,0.07278362332530755
2024-05-09,CAUSAL_XGBOOST,5,2024-04-30,2024-05-01,2024-05-30,0,0.004401398915536628,0.0,0.004401398915536628,0.1902047571323404,0.8097952428676596,0.0,1.0,0.06099334267295961,0.1,1.0400396871008581,1.0411193136112002,-0.0010369863436663351,0.004391741087595596,0.06738240048050352
2024-05-10,CAUSAL_XGBOOST,5,2024-04-30,2024-05-01,2024-05-30,0,5.6347300888849244e-05,0.0,5.6347300888849244e-05,0.1893712586797535,0.8106287413202463,0.0,1.0,0.06099334267295961,0.1,1.0400982905300435,1.0411193136112002,-0.0009806974741590757,5.634571343932256e-05,0.06702327554722953
2024-05-13,CAUSAL_XGBOOST,5,2024-04-30,2024-05-01,2024-05-30,0,0.00011033109900103857,0.0,0.00011033109900103857,0.18936058872168432,0.8106394112783156,0.0,1.0,0.06099334267295961,0.1,1.0402130457175067,1.0411193136112002,-0.0008704745765881761,0.00011032501297298317,0.062088085795687906
2024-05-14,CAUSAL_XGBOOST,5,2024-04-30,2024-05-01,2024-05-30,0,0.0035756341980210174,0.0,0.0035756341980210174,0.1893396986646461,0.8106603013353536,0.0,1.0,0.06099334267295961,0.1,1.0439324670570018,1.0439324670570018,0.0,0.0035692568156651346,0.059962760141252215
2024-05-15,CAUSAL_XGBOOST,5,2024-04-30,2024-05-01,2024-05-30,0,0.008342291344398626,0.0,0.008342291344398626,0.1886651012765486,0.8113348987234514,0.0,1.0,0.06099334267295961,0.1,1.0526412558410683,1.0526412558410683,0.0,0.008307686753148788,0.06316525865314358
2024-05-16,CAUSAL_XGBOOST,5,2024-04-30,2024-05-01,2024-05-30,0,-0.001607676781896697,0.0,-0.001607676781896697,0.18710422333373117,0.8128957766662687,0.0,1.0,0.06099334267295961,0.1,1.050948948934386,1.0526412558410683,-0.0016076767818967719,-0.0016089704809667824,0.06303342500512597
2024-05-17,CAUSAL_XGBOOST,5,2024-04-30,2024-05-01,2024-05-30,0,0.0025706350363570605,0.0,0.0025706350363570605,0.18740551082227966,0.8125944891777203,0.0,1.0,0.06099334267295961,0.1,1.0536505551239392,1.0536505551239392,0.0,0.0025673366056104853,0.06259985499578452
2024-05-20,CAUSAL_XGBOOST,5,2024-04-30,2024-05-01,2024-05-30,0,0.00021706184555865402,0.0,0.00021706184555865402,0.18692499488126701,0.813075005118733,0.0,1.0,0.06099334267295961,0.1,1.0538792624580082,1.0538792624580082,0.0,0.00021703829104471789,0.06270593170330797
2024-05-21,CAUSAL_XGBOOST,5,2024-04-30,2024-05-01,2024-05-30,0,2.9322088260409264e-05,0.0,2.9322088260409264e-05,0.18688442940211478,0.8131155705978851,0.0,1.0,0.06099334267295961,0.1,1.0539101643987578,1.0539101643987578,0.0,2.9321658376382667e-05,0.06288045463023605
2024-05-22,CAUSAL_XGBOOST,5,2024-04-30,2024-05-01,2024-05-30,0,-0.004364920393538995,0.0,-0.004364920393538995,0.18687894972105706,0.8131210502789428,0.0,1.0,0.06099334267295961,0.1,1.0493099304292157,1.0539101643987578,-0.0043649203935389735,-0.004374474470553379,0.06475850615863195
2024-05-23,CAUSAL_XGBOOST,5,2024-04-30,2024-05-01,2024-05-30,0,-0.006581422799057775,0.0,-0.006581422799057775,0.18769823758612808,0.8123017624138718,0.0,1.0,0.06099334267295961,0.1,1.0424039781298111,1.0539101643987578,-0.0109176158060027,-0.006603175858673756,0.06963129333945647
2024-05-24,CAUSAL_XGBOOST,5,2024-04-30,2024-05-01,2024-05-30,0,0.003588938543009413,0.0,0.003588938543009413,0.18894174308173994,0.81105825691826,0.0,1.0,0.06099334267295961,0.1,1.0461451019443075,1.0539101643987578,-0.007367859915157204,0.0035825136708022513,0.06977913665253269
2024-05-28,CAUSAL_XGBOOST,5,2024-04-30,2024-05-01,2024-05-30,0,-0.0007586779369501777,0.0,-0.0007586779369501777,0.18826606773490537,0.8117339322650947,0.0,1.0,0.06099334267295961,0.1,1.0453514147366139,1.0539101643987578,-0.008120948019347263,-0.0007589658787020995,0.06948146748571753
2024-05-29,CAUSAL_XGBOOST,5,2024-04-30,2024-05-01,2024-05-30,0,-0.007319552037375716,0.0,-0.007319552037375716,0.18840900949353073,0.8115909905064691,0.0,1.0,0.06099334267295961,0.1,1.037699910659105,1.0539101643987578,-0.015381058355102395,-0.0073464713972646685,0.0746524211865933
2024-05-30,CAUSAL_XGBOOST,5,2024-04-30,2024-05-01,2024-05-30,0,0.00027266581741521283,0.0,0.00027266581741521283,0.18979824764376196,0.810201752356238,0.0,1.0,0.06099334267295961,0.1,1.0379828559534765,1.0539101643987578,-0.015112586426536345,0.0002726286508471011,0.06442723604486025
2024-05-31,CAUSAL_XGBOOST,6,2024-05-30,2024-05-31,2024-07-01,1,0.003938396504528035,9.716615518760635e-05,0.0038412303493404287,0.23955122954556762,0.7604487704544324,0.09716615518760635,1.0,0.05532533515181281,0.1,1.0419699872018602,1.0539101643987578,-0.011329407002834468,0.0038338716622969772,0.0650324287828776
2024-06-03,CAUSAL_XGBOOST,6,2024-05-30,2024-05-31,2024-07-01,0,0.001419316995700273,0.0,0.001419316995700273,0.2386114829153137,0.7613885170846861,0.0,1.0,0.05532533515181281,0.1,1.0434488729137052,1.0539101643987578,-0.009926170027044545,0.0014183107173725545,0.06229818759431717
2024-06-04,CAUSAL_XGBOOST,6,2024-05-30,2024-05-31,2024-07-01,0,-0.0013656960367615986,0.0,-0.0013656960367615986,0.23827329757444476,0.7617267024255553,0.0,1.0,0.05532533515181281,0.1,1.0420238389234036,1.0539101643987578,-0.01127830993274015,-0.0013666294495295458,0.059953589592504235
2024-06-05,CAUSAL_XGBOOST,6,2024-05-30,2024-05-31,2024-07-01,0,0.005985436119757531,0.0,0.005985436119757531,0.23859915149000935,0.7614008485099907,0.0,1.0,0.05532533515181281,0.1,1.0482608060465441,1.0539101643987578,-0.005360379416623817,0.005967594554620759,0.06054447449464317
2024-06-06,CAUSAL_XGBOOST,6,2024-05-30,2024-05-31,2024-07-01,0,0.001022942183982954,0.0,0.001022942183982954,0.23717952857282246,0.7628204714271775,0.0,1.0,0.05532533515181281,0.1,1.0493331162448651,1.0539101643987578,-0.004342920590868271,0.0010224193351594344,0.06056719619336892
2024-06-07,CAUSAL_XGBOOST,6,2024-05-30,2024-05-31,2024-07-01,0,-0.005941944834633822,0.0,-0.005941944834633822,0.2369371555614458,0.7630628444385542,0.0,1.0,0.05532533515181281,0.1,1.0430980367549838,1.0539101643987578,-0.010259060030929912,-0.005959668432143665,0.06435318717161724
2024-06-10,CAUSAL_XGBOOST,6,2024-05-30,2024-05-31,2024-07-01,0,0.0018298465908863134,0.0,0.0018298465908863134,0.238353438544422,0.7616465614555779,0.0,1.0,0.05532533515181281,0.1,1.0450067461415002,1.0539101643987578,-0.008447985946066772,0.0018281744611297695,0.0629207719664063
2024-06-11,CAUSAL_XGBOOST,6,2024-05-30,2024-05-31,2024-07-01,0,0.0005427491251686965,0.0,0.0005427491251686965,0.23791808494777017,0.76208191505223,0.0,1.0,0.05532533515181281,0.1,1.045573922638764,1.0539101643987578,-0.007909821957879704,0.0005426018901343093,0.06292671312166809
2024-06-12,CAUSAL_XGBOOST,6,2024-05-30,2024-05-31,2024-07-01,0,0.00444811007012973,0.0,0.00444811007012973,0.23778902516238853,0.7622109748376114,0.0,1.0,0.05532533515181281,0.1,1.0502247505331184,1.0539101643987578,-0.0034968956464538348,0.0044382464673092875,0.0645701545080993
2024-06-13,CAUSAL_XGBOOST,6,2024-05-30,2024-05-31,2024-07-01,0,-0.0001229006062525448,0.0,-0.0001229006062525448,0.2367359973884428,0.7632640026115571,0.0,1.0,0.05532533515181281,0.1,1.0500956772745764,1.0539101643987578,-0.0036193664821114746,-0.00012290815915089697,0.06358644655261238
2024-06-14,CAUSAL_XGBOOST,6,2024-05-30,2024-05-31,2024-07-01,0,-0.0006538716108148918,0.0,-0.0006538716108148918,0.23676509596227605,0.763234904037724,0.0,1.0,0.05532533515181281,0.1,1.0494090495225672,1.0539101643987578,-0.0042708714919345026,-0.0006540854780895146,0.05651654846942794
2024-06-17,CAUSAL_XGBOOST,6,2024-05-30,2024-05-31,2024-07-01,0,0.001654942421091729,0.0,0.001654942421091729,0.23692001123165435,0.7630799887683457,0.0,1.0,0.05532533515181281,0.1,1.0511457610756996,1.0539101643987578,-0.0026229971172498923,0.0016535745128814275,0.05658274692288387
2024-06-18,CAUSAL_XGBOOST,6,2024-05-30,2024-05-31,2024-07-01,0,0.0032467749452236034,0.0,0.0032467749452236034,0.2365285700672499,0.7634714299327503,0.0,1.0,0.05532533515181281,0.1,1.0545585947965381,1.0545585947965381,0.0,0.00324151555241953,0.05701339528325123
2024-06-20,CAUSAL_XGBOOST,6,2024-05-30,2024-05-31,2024-07-01,0,2.9320879322795347e-05,0.0,2.9320879322795347e-05,0.23576310034005754,0.7642368996599426,0.0,1.0,0.05532533515181281,0.1,1.054589515381835,1.054589515381835,0.0,2.9320449474215555e-05,0.057009801329727765
2024-06-21,CAUSAL_XGBOOST,6,2024-05-30,2024-05-31,2024-07-01,0,-0.0018344440369793744,0.0,-0.0018344440369793744,0.23575618776132662,0.7642438122386734,0.0,1.0,0.05532533515181281,0.1,1.0526549299338819,1.054589515381835,-0.0018344440369792991,-0.0018361286900248639,0.05737600589675009
2024-06-24,CAUSAL_XGBOOST,6,2024-05-30,2024-05-31,2024-07-01,0,0.0015571861180912563,0.0,0.0015571861180912563,0.2361894641153704,0.7638105358846294,0.0,1.0,0.05532533515181281,0.1,1.0542941095779153,1.054589515381835,-0.0002801144896767971,0.0015559749609564302,0.05539653728024916
2024-06-25,CAUSAL_XGBOOST,6,2024-05-30,2024-05-31,2024-07-01,0,0.000266903370830556,0.0,0.000266903370830556,0.23582224498913615,0.7641777550108637,0.0,1.0,0.05532533515181281,0.1,1.0545755042296083,1.054589515381835,-1.3285882347835454e-05,0.0002668677584624421,0.04952680745356659
2024-06-26,CAUSAL_XGBOOST,6,2024-05-30,2024-05-31,2024-07-01,0,-0.003200062163426317,0.0,-0.003200062163426317,0.235759320031915,0.7642406799680851,0.0,1.0,0.05532533515181281,0.1,1.051200797060047,1.054589515381835,-0.003213305530124666,-0.0032051933119381774,0.049875311757334014
2024-06-27,CAUSAL_XGBOOST,6,2024-05-30,2024-05-31,2024-07-01,0,0.001895225397761578,0.0,0.001895225397761578,0.23651618653147222,0.7634838134685278,0.0,1.0,0.05532533515181281,0.1,1.0531930595087824,1.054589515381835,-0.0013241700706145831,0.001893431724027198,0.0500589140044484
2024-06-28,CAUSAL_XGBOOST,6,2024-05-30,2024-05-31,2024-07-01,0,-0.0019544100225403985,0.0,-0.0019544100225403985,0.236068782978353,0.7639312170216472,0.0,1.0,0.05532533515181281,0.1,1.0511346884376085,1.054589515381835,-0.003275992121897442,-0.00195632237389384,0.04252429478231316
2024-07-01,CAUSAL_XGBOOST,6,2024-05-30,2024-05-31,2024-07-01,0,-0.00046010177996820415,0.0,-0.00046010177996820415,0.23653106165589538,0.7634689383441047,0.0,1.0,0.05532533515181281,0.1,1.050651059496472,1.054589515381835,-0.0037345866120591653,-0.00046020765927025153,0.04267361908255314
2024-07-02,CAUSAL_XGBOOST,7,2024-07-01,2024-07-02,2024-07-31,1,0.0032118580945314284,5.7482260081469595e-05,0.003154375834449959,0.19472819694031251,0.8052718030596875,0.057482260081469595,1.0,0.05668972388452716,0.1,1.0539652078089867,1.054589515381835,-0.0005919910673701789,0.0031494112284132774,0.042077251171021485
2024-07-03,CAUSAL_XGBOOST,7,2024-07-01,2024-07-02,2024-07-31,0,0.004643310551884768,0.0,0.004643310551884768,0.19410475999573318,0.8058952400042669,0.0,1.0,0.05668972388452716,0.1,1.0588590955797257,1.0588590955797257,0.0,0.00463256364010257,0.04433062779066378
2024-07-05,CAUSAL_XGBOOST,7,2024-07-01,2024-07-02,2024-07-31,0,0.0032733505277047696,0.0,0.0032733505277047696,0.19320763693644147,0.8067923630635586,0.0,1.0,0.05668972388452716,0.1,1.0623251125590065,1.0623251125590065,0.0,0.0032680047783638314,0.04451757581607601
2024-07-08,CAUSAL_XGBOOST,7,2024-07-01,2024-07-02,2024-07-31,0,-0.0012533577496678227,0.0,-0.0012533577496678227,0.19257726404754746,0.8074227359524525,0.0,1.0,0.05668972388452716,0.1,1.060993639146514,1.0623251125590065,-0.0012533577496677273,-0.0012541438594119605,0.04109550981028431
2024-07-09,CAUSAL_XGBOOST,7,2024-07-01,2024-07-02,2024-07-31,0,-0.0005654362067552083,0.0,-0.0005654362067552083,0.1928189351542057,0.8071810648457943,0.0,1.0,0.05668972388452716,0.1,1.0603937149278035,1.0623251125590065,-0.0018180852625713229,-0.0005655961260927937,0.0412455411591641
2024-07-10,CAUSAL_XGBOOST,7,2024-07-01,2024-07-02,2024-07-31,0,0.0046967926386278155,0.0,0.0046967926386278155,0.19292802364407183,0.8070719763559282,0.0,1.0,0.05668972388452716,0.1,1.0653741643221237,1.0653741643221237,0.0,0.004685797123743051,0.03644700688101412
2024-07-11,CAUSAL_XGBOOST,7,2024-07-01,2024-07-02,2024-07-31,0,0.0034398578164183784,0.0,0.0034398578164183784,0.19202611679229742,0.8079738832077025,0.0,1.0,0.05668972388452716,0.1,1.0690388999686773,1.0690388999686773,0.0,0.0034339550381252974,0.03731738317115581
2024-07-12,CAUSAL_XGBOOST,7,2024-07-01,2024-07-02,2024-07-31,0,0.0034141209754199628,0.0,0.0034141209754199628,0.19136783863675175,0.8086321613632483,0.0,1.0,0.05668972388452716,0.1,1.0726887281006001,1.0726887281006001,0.0,0.0034083060957789085,0.03810683267575103
2024-07-15,CAUSAL_XGBOOST,7,2024-07-01,2024-07-02,2024-07-31,0,-0.00010645892272604339,0.0,-0.00010645892272604339,0.1907167087211438,0.809283291278856,0.0,1.0,0.05668972388452716,0.1,1.072574530814186,1.0726887281006001,-0.0001064589227260937,-0.00010646458987937365,0.03648715114495092
2024-07-16,CAUSAL_XGBOOST,7,2024-07-01,2024-07-02,2024-07-31,0,0.0065148019562942415,0.0,0.0065148019562942415,0.19073701437821852,0.8092629856217816,0.0,1.0,0.05668972388452716,0.1,1.0795621414658056,1.0795621414658056,0.0,0.0064936723544938455,0.04085306191506571
2024-07-17,CAUSAL_XGBOOST,7,2024-07-01,2024-07-02,2024-07-31,0,-0.00401555885002419,0.0,-0.00401555885002419,0.1895024434886561,0.8104975565113441,0.0,1.0,0.05668972388452716,0.1,1.0752270961544916,1.0795621414658056,-0.004015558850024137,-0.004023642854918801,0.044414636222336025
2024-07-18,CAUSAL_XGBOOST,7,2024-07-01,2024-07-02,2024-07-31,0,-0.006077209360691453,0.0,-0.006077209360691453,0.1902664696949023,0.8097335303050976,0.0,1.0,0.05668972388452716,0.1,1.0686927159808726,1.0795621414658056,-0.010068364818883735,-0.006095750755624624,0.050954719324467046
2024-07-19,CAUSAL_XGBOOST,7,2024-07-01,2024-07-02,2024-07-31,0,-0.005273143460162933,0.0,-0.005273143460162933,0.1914298288426605,0.8085701711573395,0.0,1.0,0.05668972388452716,0.1,1.0630573459746742,1.0795621414658056,-0.015288416346947553,-0.005287095550334424,0.054240144966597306
2024-07-22,CAUSAL_XGBOOST,7,2024-07-01,2024-07-02,2024-07-31,0,0.004278993812450773,0.0,0.004278993812450773,0.19244461691579356,0.8075553830842066,0.0,1.0,0.05668972388452716,0.1,1.06760616178038,1.0795621414658056,-0.011074841573447625,0.004269864950724332,0.0558575668578714
2024-07-23,CAUSAL_XGBOOST,7,2024-07-01,2024-07-02,2024-07-31,0,-0.0015488896253710554,0.0,-0.0015488896253710554,0.19162465619761093,0.808375343802389,0.0,1.0,0.05668972388452716,0.1,1.0659525576724163,1.0795621414658056,-0.012606577491602877,-0.001550090394973405,0.055709997030227776
2024-07-24,CAUSAL_XGBOOST,7,2024-07-01,2024-07-02,2024-07-31,0,-0.008253289371487735,0.0,-0.008253289371487735,0.19192192207158892,0.8080780779284111,0.0,1.0,0.05668972388452716,0.1,1.0571549427576683,1.0795621414658056,-0.02075582113106833,-0.008287536327745662,0.06347167417648425
2024-07-25,CAUSAL_XGBOOST,7,2024-07-01,2024-07-02,2024-07-31,0,-0.00030677009678863195,0.0,-0.00030677009678863195,0.19351909112958868,0.8064809088704112,0.0,1.0,0.05668972388452716,0.1,1.056830639233558,1.0795621414658056,-0.02105622396259954,-0.0003068171603601508,0.06348708713214117
2024-07-26,CAUSAL_XGBOOST,7,2024-07-01,2024-07-02,2024-07-31,0,0.005959776896295214,0.0,0.005959776896295214,0.19357847521716728,0.8064215247828328,0.0,1.0,0.05668972388452716,0.1,1.063129114060559,1.0795621414658056,-0.015221937463399948,0.005942087673719918,0.0653636095705621
2024-07-29,CAUSAL_XGBOOST,7,2024-07-01,2024-07-02,2024-07-31,0,-0.0011380881175966102,0.0,-0.0011380881175966102,0.19243162566043964,0.8075683743395602,0.0,1.0,0.05668972388452716,0.1,1.0619191794483755,1.0795621414658056,-0.016342701674842752,-0.0011387362316655966,0.06541488779632701
2024-07-30,CAUSAL_XGBOOST,7,2024-07-01,2024-07-02,2024-07-31,0,0.00048147944520277714,0.0,0.00048147944520277714,0.19265087933705774,0.8073491206629425,0.0,1.0,0.05668972388452716,0.1,1.0624304717057467,1.0795621414658056,-0.015869090904575445,0.00048136357116718636,0.06485446982371267
2024-07-31,CAUSAL_XGBOOST,7,2024-07-01,2024-07-02,2024-07-31,0,0.008701922486410276,0.0,0.008701922486410276,0.19255816653786378,0.8074418334621362,0.0,1.0,0.05668972388452716,0.1,1.0716756593177303,1.0795621414658056,-0.0073052600171465976,0.00866427898187288,0.07058555924236572
2024-08-01,CAUSAL_XGBOOST,8,2024-07-31,2024-08-01,2024-08-29,1,-0.007167873446832149,0.00010643957854268181,-0.007274313025374831,0.250078714591329,0.749921285408671,0.10643957854268181,1.0,0.05239916066304929,0.1,1.0638799551101783,1.0795621414658056,-0.014526432294424851,-0.0073008998527704285,0.07557715514866586
2024-08-02,CAUSAL_XGBOOST,8,2024-07-31,2024-08-01,2024-08-29,0,-0.00632751863423663,0.0,-0.00632751863423663,0.2518841885783164,0.7481158114216836,0.0,1.0,0.05239916066304929,0.1,1.0571482348696277,1.0795621414658056,-0.020762034657629602,-0.006347622229051861,0.07746106891673862
2024-08-05,CAUSAL_XGBOOST,8,2024-07-31,2024-08-01,2024-08-29,0,-0.011940447331882433,0.0,-0.011940447331882433,0.25348813950458965,0.7465118604954104,0.0,1.0,0.05239916066304929,0.1,1.0445254120491745,1.0795621414658056,-0.03245457400817986,-0.012012307070917038,0.08668350889705809
2024-08-06,CAUSAL_XGBOOST,8,2024-07-31,2024-08-01,2024-08-29,0,0.0009047169366990644,0.0,0.0009047169366990644,0.25655147892662955,0.7434485210733702,0.0,1.0,0.05239916066304929,0.1,1.045470411880268,1.0795621414658056,-0.03157921927425933,0.000904307927004698,0.08686476653259956
2024-08-07,CAUSAL_XGBOOST,8,2024-07-31,2024-08-01,2024-08-29,0,-0.0013598754164713843,0.0,-0.0013598754164713843,0.2563195822593519,0.7436804177406481,0.0,1.0,0.05239916066304929,0.1,1.044048702368504,1.0795621414658056,-0.03289615088676823,-0.0013608008861563435,0.08689272344067756
2024-08-08,CAUSAL_XGBOOST,8,2024-07-31,2024-08-01,2024-08-29,0,0.009992038341702024,0.0,0.009992038341702024,0.2566686196053329,0.7433313803946671,0.0,1.0,0.05239916066304929,0.1,1.0544808770331742,1.0795621414658056,-0.023232812146021242,0.00994244799210042,0.09273963140847176
2024-08-09,CAUSAL_XGBOOST,8,2024-07-31,2024-08-01,2024-08-29,0,0.0028484631018798425,0.0,0.0028484631018798425,0.2541293494023527,0.7458706505976472,0.0,1.0,0.05239916066304929,0.1,1.057484526903041,1.0795621414658056,-0.020450526852292206,0.002844413918335946,0.0924474056345586
2024-08-12,CAUSAL_XGBOOST,8,2024-07-31,2024-08-01,2024-08-29,0,0.0018136733323022229,0.0,0.0018136733323022229,0.25340752741078454,0.7465924725892156,0.0,1.0,0.05239916066304929,0.1,1.0594024583888073,1.0795621414658056,-0.018673944095173534,0.0018120306127619103,0.09175609428281889
2024-08-13,CAUSAL_XGBOOST,8,2024-07-31,2024-08-01,2024-08-29,0,0.006079900322401716,0.0,0.006079900322401716,0.25294876098854074,0.7470512390114593,0.0,1.0,0.05239916066304929,0.1,1.0658435197371185,1.0795621414658056,-0.012707579491496701,0.0060614923033694415,0.09461186380391445
2024-08-14,CAUSAL_XGBOOST,8,2024-07-31,2024-08-01,2024-08-29,0,0.0011565668062131597,0.0,0.0011565668062131597,0.25142015152820607,0.7485798484717937,0.0,1.0,0.05239916066304929,0.1,1.067076238972664,1.0795621414658056,-0.011565709849910566,0.0011558984980702517,0.09153964605568324
2024-08-15,CAUSAL_XGBOOST,8,2024-07-31,2024-08-01,2024-08-29,0,0.005577689715782869,0.0,0.005577689715782869,0.2511297032493737,0.7488702967506264,0.0,1.0,0.05239916066304929,0.1,1.073028059136738,1.0795621414658056,-0.006052530075013385,0.005562192005406932,0.09297321057528722
2024-08-16,CAUSAL_XGBOOST,8,2024-07-31,2024-08-01,2024-08-29,0,0.0031746147573630213,0.0,0.0031746147573630213,0.2497367491519757,0.7502632508480244,0.0,1.0,0.05239916066304929,0.1,1.076434509848338,1.0795621414658056,-0.0028971297689458497,0.0031695863073845274,0.09095967528731068
2024-08-19,CAUSAL_XGBOOST,8,2024-07-31,2024-08-01,2024-08-29,0,0.0039913324148878205,0.0,0.0039913324148878205,0.24894644010941136,0.7510535598905888,0.0,1.0,0.05239916066304929,0.1,1.0807309177999997,1.0807309177999997,0.0,0.00398338817937186,0.0893840922879771
2024-08-20,CAUSAL_XGBOOST,8,2024-07-31,2024-08-01,2024-08-29,0,-0.001517523730033584,0.0,-0.001517523730033584,0.2479567622467652,0.7520432377532347,0.0,1.0,0.05239916066304929,0.1,1.0790908829864574,1.0807309177999997,-0.0015175237300334432,-0.0015186763353874232,0.08878786804920182
2024-08-21,CAUSAL_XGBOOST,8,2024-07-31,2024-08-01,2024-08-29,0,0.0018854898565799727,0.0,0.0018854898565799727,0.24833361439958154,0.7516663856004184,0.0,1.0,0.05239916066304929,0.1,1.0811254979006562,1.0811254979006562,0.0,0.0018837145517761954,0.08858078462500683
2024-08-22,CAUSAL_XGBOOST,8,2024-07-31,2024-08-01,2024-08-29,0,-0.004010006836540608,0.0,-0.004010006836540608,0.24786626507100182,0.7521337349289982,0.0,1.0,0.05239916066304929,0.1,1.076790177262916,1.0811254979006562,-0.004010006836540736,-0.0040180684726496725,0.0842687495610932
2024-08-23,CAUSAL_XGBOOST,8,2024-07-31,2024-08-01,2024-08-29,0,0.008363516386705775,0.0,0.008363516386705775,0.24886421226354893,0.751135787736451,0.0,1.0,0.05239916066304929,0.1,1.0857959295554982,1.0857959295554982,0.0,0.008328735973343986,0.0879694278698966
2024-08-26,CAUSAL_XGBOOST,8,2024-07-31,2024-08-01,2024-08-29,0,-0.0008360343636531511,0.0,-0.0008360343636531511,0.24680009561959393,0.753199904380406,0.0,1.0,0.05239916066304929,0.1,1.084888166846475,1.0857959295554982,-0.0008360343636533152,-0.0008363840352870076,0.08657319568982012
2024-08-27,CAUSAL_XGBOOST,8,2024-07-31,2024-08-01,2024-08-29,0,0.0001995323139722586,0.0,0.0001995323139722586,0.24700660162660296,0.7529933983733972,0.0,1.0,0.05239916066304929,0.1,1.085104637092807,1.0857959295554982,-0.0006366688655521369,0.00019951241004770577,0.08628713962716944
2024-08-28,CAUSAL_XGBOOST,8,2024-07-31,2024-08-01,2024-08-29,0,-0.0030405612826293286,0.0,-0.0030405612826293286,0.24695732565996162,0.7530426743400382,0.0,1.0,0.05239916066304929,0.1,1.081805309945661,1.0857959295554982,-0.0036752943174790387,-0.003045193180515155,0.08742616158862555
2024-08-29,CAUSAL_XGBOOST,8,2024-07-31,2024-08-01,2024-08-29,0,0.0018208538036253725,0.0,0.0018208538036253725,0.24771050462963903,0.7522894953703608,0.0,1.0,0.05239916066304929,0.1,1.0837751192590577,1.0857959295554982,-0.0018611326874911072,0.0018191980589462647,0.08282202044578876
2024-08-30,CAUSAL_XGBOOST,9,2024-08-29,2024-08-30,2024-09-30,1,0.0009495328845850572,9.38718573508903e-05,0.0008556610272341669,0.2819037661973245,0.7180962338026755,0.09387185735089029,1.0,0.05945706409278359,0.1,1.0847024633908937,1.0857959295554982,-0.0010070641589641216,0.0008552951580292079,0.07776430732312442
2024-09-03,CAUSAL_XGBOOST,9,2024-08-29,2024-08-30,2024-09-30,0,-0.0078080227612538754,0.0,-0.0078080227612538754,0.2816363432279353,0.7183636567720648,0.0,1.0,0.05945706409278359,0.1,1.0762330818675494,1.0857959295554982,-0.008807223740342818,-0.007838664978612638,0.0796690320024781
2024-09-04,CAUSAL_XGBOOST,9,2024-08-29,2024-08-30,2024-09-30,0,0.000290070414062293,0.0,0.000290070414062293,0.2838526713466527,0.7161473286533474,0.0,1.0,0.05945706409278359,0.1,1.0765452652432341,1.0857959295554982,-0.008519708041317742,0.00029002835177355626,0.06461535938396858
2024-09-05,CAUSAL_XGBOOST,9,2024-08-29,2024-08-30,2024-09-30,0,-4.162430487869868e-05,0.0,-4.162430487869868e-05,0.28377035796142025,0.7162296420385799,0.0,1.0,0.05945706409278359,0.1,1.076500454794898,1.0857959295554982,-0.008560977719271445,-4.1625171194116936e-05,0.06479660491884806
2024-09-06,CAUSAL_XGBOOST,9,2024-08-29,2024-08-30,2024-09-30,0,-0.007066554344486116,0.0,-0.007066554344486116,0.28378217019699165,0.7162178298030084,0.0,1.0,0.05945706409278359,0.1,1.0688933058292258,1.0857959295554982,-0.015567035449462363,-0.00709164069218967,0.07064259068740988
2024-09-09,CAUSAL_XGBOOST,9,2024-08-29,2024-08-30,2024-09-30,0,0.004567882294884914,0.0,0.004567882294884914,0.2858018041779674,0.7141981958220326,0.0,1.0,0.05945706409278359,0.1,1.0737758846360441,1.0857959295554982,-0.011070261540190862,0.004557481182565174,0.06435152359368988
2024-09-10,CAUSAL_XGBOOST,9,2024-08-29,2024-08-30,2024-09-30,0,-0.0003760764774017834,0.0,-0.0003760764774017834,0.28450223147197135,0.7154977685280287,0.0,1.0,0.05945706409278359,0.1,1.0733720627838312,1.0857959295554982,-0.011442174752628764,-0.0003761472118951528,0.06406881013056182
2024-09-11,CAUSAL_XGBOOST,9,2024-08-29,2024-08-30,2024-09-30,0,0.0026976333463363147,0.0,0.0026976333463363147,0.2846092663222858,0.7153907336777143,0.0,1.0,0.05945706409278359,0.1,1.0762676270534226,1.0857959295554982,-0.008775408198459789,0.0026940012640519,0.06433224679164953
2024-09-12,CAUSAL_XGBOOST,9,2024-08-29,2024-08-30,2024-09-30,0,0.0042125873915818506,0.0,0.0042125873915818506,0.28384356046842324,0.7161564395315766,0.0,1.0,0.05945706409278359,0.1,1.0808014984891157,1.0857959295554982,-0.004599787980810621,0.0042037392855589235,0.06270160914334806
2024-09-13,CAUSAL_XGBOOST,9,2024-08-29,2024-08-30,2024-09-30,0,0.0033743439294527866,0.0,0.0033743439294527866,0.28265286059170014,0.7173471394082997,0.0,1.0,0.05945706409278359,0.1,1.0844484944644859,1.0857959295554982,-0.0012409653180076585,0.003368663605633071,0.06338530654843444
2024-09-16,CAUSAL_XGBOOST,9,2024-08-29,2024-08-30,2024-09-30,0,0.0031999064732271196,0.0,0.0031999064732271196,0.281702300145292,0.7182976998547079,0.0,1.0,0.05945706409278359,0.1,1.087918628221804,1.087918628221804,0.0,0.003194797668072985,0.061636014466386675
2024-09-17,CAUSAL_XGBOOST,9,2024-08-29,2024-08-30,2024-09-30,0,6.927152044070226e-05,0.0,6.927152044070226e-05,0.2808037543939005,0.7191962456060996,0.0,1.0,0.05945706409278359,0.1,1.0879939899992968,1.0879939899992968,0.0,6.926912127972523e-05,0.06097525553553332
2024-09-18,CAUSAL_XGBOOST,9,2024-08-29,2024-08-30,2024-09-30,0,-0.0024766920230262913,0.0,-0.0024766920230262913,0.2807843040382439,0.7192156959617563,0.0,1.0,0.05945706409278359,0.1,1.085299363963165,1.0879939899992968,-0.00247669202302625,-0.002479764098152339,0.06044263798849574
2024-09-19,CAUSAL_XGBOOST,9,2024-08-29,2024-08-30,2024-09-30,0,0.007902203878389916,0.0,0.007902203878389916,0.28148144689239213,0.7185185531076077,0.0,1.0,0.05945706409278359,0.1,1.093875620806289,1.093875620806289,0.0,0.00787114498052117,0.06560832511252253
2024-09-20,CAUSAL_XGBOOST,9,2024-08-29,2024-08-30,2024-09-30,0,-0.0008628834390405185,0.0,-0.0008628834390405185,0.2792745623625552,0.720725437637445,0.0,1.0,0.05945706409278359,0.1,1.092931733648725,1.093875620806289,-0.0008628834390406181,-0.0008632559372523112,0.0656464935555525
2024-09-23,CAUSAL_XGBOOST,9,2024-08-29,2024-08-30,2024-09-30,0,0.0005136174497137688,0.0,0.0005136174497137688,0.27951575187579975,0.7204842481242003,0.0,1.0,0.05945706409278359,0.1,1.093493082458473,1.093875620806289,-0.0003497091813180475,0.000513485593418641,0.06354507534269702
2024-09-24,CAUSAL_XGBOOST,9,2024-08-29,2024-08-30,2024-09-30,0,0.0033396727595608935,0.0,0.0033396727595608935,0.2793722614073749,0.7206277385926252,0.0,1.0,0.05945706409278359,0.1,1.097144991518728,1.097144991518728,0.0,0.0033341084377247424,0.05814891178310846
2024-09-25,CAUSAL_XGBOOST,9,2024-08-29,2024-08-30,2024-09-30,0,-0.004059200040521088,0.0,-0.004059200040521088,0.2784423550590761,0.7215576449409239,0.0,1.0,0.05945706409278359,0.1,1.0926914605246976,1.097144991518728,-0.0040592000405210715,-0.004067460955722196,0.06012479962482713
2024-09-26,CAUSAL_XGBOOST,9,2024-08-29,2024-08-30,2024-09-30,0,0.0035371162421193297,0.0,0.0035371162421193297,0.2795772149011316,0.7204227850988685,0.0,1.0,0.05945706409278359,0.1,1.0965564372373446,1.097144991518728,-0.0005364416607950284,0.0035308753586214586,0.06112499872758499
2024-09-27,CAUSAL_XGBOOST,9,2024-08-29,2024-08-30,2024-09-30,0,0.0008605630940179213,0.0,0.0008605630940179213,0.27859180330872696,0.7214081966912732,0.0,1.0,0.05945706409278359,0.1,1.097500093237739,1.097500093237739,0.0,0.000860193021896916,0.05975278221255395
2024-09-30,CAUSAL_XGBOOST,9,2024-08-29,2024-08-30,2024-09-30,0,-0.0007383674249329032,0.0,-0.0007383674249329032,0.2783522636235162,0.7216477363764838,0.0,1.0,0.05945706409278359,0.1,1.0966897349200313,1.097500093237739,-0.0007383674249330507,-0.0007386401524169947,0.059798455549354076
2024-10-01,CAUSAL_XGBOOST,10,2024-09-30,2024-10-01,2024-10-30,1,-1.881453851848157e-06,0.0001300395628100593,-0.00013192101666190746,0.18992940660092872,0.8100705933990713,0.1300395628100593,1.0,0.06891974497302246,0.1,1.0965450584952379,1.097500093237739,-0.0008701910354136366,-0.00013192971900458236,0.05983565837250614
2024-10-02,CAUSAL_XGBOOST,10,2024-09-30,2024-10-01,2024-10-30,0,0.0007980807300546173,0.0,0.0007980807300546173,0.18992976394501465,0.8100702360549854,0.0,1.0,0.06891974497302246,0.1,1.0974201899760596,1.097500093237739,-7.280478805582469e-05,0.0007977624329686973,0.051544479731323034
2024-10-03,CAUSAL_XGBOOST,10,2024-09-30,2024-10-01,2024-10-30,0,-0.0024814788514364895,0.0,-0.0024814788514364895,0.18977830553638364,0.8102216944636162,0.0,1.0,0.06891974497302246,0.1,1.0946969649834946,1.097500093237739,-0.0025541029759504896,-0.0024845628230114616,0.05285682589662892
2024-10-04,CAUSAL_XGBOOST,10,2024-09-30,2024-10-01,2024-10-30,0,0.0018688907909291503,0.0,0.0018688907909291503,0.19025040790006484,0.8097495920999351,0.0,1.0,0.06891974497302246,0.1,1.0967428340602103,1.097500093237739,-0.000689985524552128,0.001867146587347503,0.05288916726701127
2024-10-07,CAUSAL_XGBOOST,10,2024-09-30,2024-10-01,2024-10-30,0,-0.003315576901681859,0.0,-0.003315576901681859,0.18989551392285564,0.8101044860771442,0.0,1.0,0.06891974497302246,0.1,1.0931064988525152,1.097500093237739,-0.00400327472616635,-0.003321085606503919,0.04700791846102796
2024-10-08,CAUSAL_XGBOOST,10,2024-09-30,2024-10-01,2024-10-30,0,-0.0002942353408590438,0.0,-0.0002942353408590438,0.19052722157786084,0.8094727784221393,0.0,1.0,0.06891974497302246,0.1,1.09278486828923,1.097500093237739,-0.004296332162121774,-0.00029427863656990945,0.045446848990808995
2024-10-09,CAUSAL_XGBOOST,10,2024-09-30,2024-10-01,2024-10-30,0,0.0007425218144154253,0.0,0.0007425218144154253,0.19058329791948625,0.8094167020805138,0.0,1.0,0.06891974497302246,0.1,1.093596284892398,1.097500093237739,-0.0035570004680587353,0.0007422462814773591,0.04523575813406067
2024-10-10,CAUSAL_XGBOOST,10,2024-09-30,2024-10-01,2024-10-30,0,0.00028603780581473563,0.0,0.00028603780581473563,0.19044189066129172,0.8095581093387083,0.0,1.0,0.06891974497302246,0.1,1.0939090947741756,1.097500093237739,-0.003271980098853211,0.0002859969048008629,0.04479193810173554
2024-10-11,CAUSAL_XGBOOST,10,2024-09-30,2024-10-01,2024-10-30,0,0.00384065255747043,0.0,0.00384065255747043,0.19038743265779953,0.8096125673422003,0.0,1.0,0.06891974497302246,0.1,1.0981104195366602,1.0981104195366602,0.0,0.0038332960812002726,0.04445165059578855
2024-10-15,CAUSAL_XGBOOST,10,2024-09-30,2024-10-01,2024-10-30,0,-0.004168539989079277,0.0,-0.004168539989079277,0.18965901826425566,0.8103409817357444,0.0,1.0,0.06891974497302246,0.1,1.093532902340397,1.0981104195366602,-0.00416853998907929,-0.004177252572831722,0.04650302877166087
2024-10-16,CAUSAL_XGBOOST,10,2024-09-30,2024-10-01,2024-10-30,0,0.003258360213979534,0.0,0.003258360213979534,0.19045292891447288,0.8095470710855271,0.0,1.0,0.06891974497302246,0.1,1.0970960264420606,1.0981104195366602,-0.0009237623799505101,0.003253063261471508,0.04654761061610276
2024-10-17,CAUSAL_XGBOOST,10,2024-09-30,2024-10-01,2024-10-30,0,-0.0017928751275018064,0.0,-0.0017928751275018064,0.18983438012303452,0.8101656198769654,0.0,1.0,0.06891974497302246,0.1,1.0951290702637715,1.0981104195366602,-0.0027149813168576564,-0.0017944842517066855,0.04715821321155678
2024-10-18,CAUSAL_XGBOOST,10,2024-09-30,2024-10-01,2024-10-30,0,0.0019110726205506714,0.0,0.0019110726205506714,0.19017534076134973,0.8098246592386502,0.0,1.0,0.06891974497302246,0.1,1.0972219414459217,1.0981104195366602,-0.0008090972227668969,0.0019092488444795053,0.04632884132797812
2024-10-21,CAUSAL_XGBOOST,10,2024-09-30,2024-10-01,2024-10-30,0,-0.005101002362812037,0.0,-0.005101002362812037,0.18981259510780354,0.8101874048921963,0.0,1.0,0.06891974497302246,0.1,1.0916250097300768,1.0981104195366602,-0.005905972378733915,-0.005114056888398032,0.042004058356360716
2024-10-22,CAUSAL_XGBOOST,10,2024-09-30,2024-10-01,2024-10-30,0,0.0004859600194371599,0.0,0.0004859600194371599,0.19078579389324393,0.809214206106756,0.0,1.0,0.06891974497302246,0.1,1.0921554958410233,1.0981104195366602,-0.005422882425748732,0.0004858419791072866,0.04195435204386972
2024-10-23,CAUSAL_XGBOOST,10,2024-09-30,2024-10-01,2024-10-30,0,-0.004932968773259146,0.0,-0.004932968773259146,0.19069312465867833,0.8093068753413218,0.0,1.0,0.06891974497302246,0.1,1.0867679268844963,1.0981104195366602,-0.010329100289340531,-0.004945176025594368,0.045193399247685374
2024-10-24,CAUSAL_XGBOOST,10,2024-09-30,2024-10-01,2024-10-30,0,0.0020429124662680455,0.0,0.0020429124662680455,0.1916384712531251,0.8083615287468751,0.0,1.0,0.06891974497302246,0.1,1.088988098630269,1.0981104195366602,-0.008307289270818918,0.002040828558274058,0.04409398276438317
2024-10-25,CAUSAL_XGBOOST,10,2024-09-30,2024-10-01,2024-10-30,0,-0.0010743331498315495,0.0,-0.0010743331498315495,0.19124776880209332,0.8087522311979064,0.0,1.0,0.06891974497302246,0.1,1.0878181626161385,1.0981104195366602,-0.009372697624401405,-0.0010749106593520967,0.04209281625560192
2024-10-28,CAUSAL_XGBOOST,10,2024-09-30,2024-10-01,2024-10-30,0,0.0007416890505319747,0.0,0.0007416890505319747,0.19145345359393906,0.808546546406061,0.0,1.0,0.06891974497302246,0.1,1.0886249854363208,1.0981104195366602,-0.008637960201071326,0.0007414141351342303,0.040025182075853094
2024-10-29,CAUSAL_XGBOOST,10,2024-09-30,2024-10-01,2024-10-30,0,0.000385107747885638,0.0,0.000385107747885638,0.19131155990471752,0.8086884400952825,0.0,1.0,0.06891974497302246,0.1,1.0890442233527542,1.0981104195366602,-0.008256178998585106,0.00038503361292958384,0.03987838186032965
2024-10-30,CAUSAL_XGBOOST,10,2024-09-30,2024-10-01,2024-10-30,0,-0.001044494318997166,0.0,-0.001044494318997166,0.19123791270284618,0.8087620872971538,0.0,1.0,0.06891974497302246,0.1,1.0879067228483257,1.0981104195366602,-0.00929204978552145,-0.0010450401833229357,0.0399283275232523
2024-10-31,CAUSAL_XGBOOST,11,2024-10-30,2024-10-31,2024-12-02,1,-0.006719414441576675,7.576571954256644e-05,-0.006795180161119242,0.13899720753059397,0.861002792469406,0.07576571954256645,1.0,0.06612292022251282,0.1,1.0805142006680786,1.0981104195366602,-0.016024088794281965,-0.006818372521720104,0.04569995051610029
2024-11-01,CAUSAL_XGBOOST,11,2024-10-30,2024-10-31,2024-12-02,0,-0.0008255005398790035,0.0,-0.0008255005398790035,0.13993750562682103,0.8600624943731787,0.0,1.0,0.06612292022251282,0.1,1.0796222356120801,1.0981104195366602,-0.016836361440210168,-0.0008258414530786061,0.045373831718024685
2024-11-04,CAUSAL_XGBOOST,11,2024-10-30,2024-10-31,2024-12-02,0,0.0034295230416256325,0.0,0.0034295230416256325,0.14005311955262348,0.8599468804473765,0.0,1.0,0.06612292022251282,0.1,1.0833248249453633,1.0981104195366602,-0.013464579088080741,0.003423655638581498,0.04715586635584146
2024-11-05,CAUSAL_XGBOOST,11,2024-10-30,2024-10-31,2024-12-02,0,0.006433370230040385,0.0,0.006433370230040385,0.13957444577481662,0.8604255542251834,0.0,1.0,0.06612292022251282,0.1,1.0902942546236305,1.0981104195366602,-0.0071178314803056475,0.006412764433044648,0.05236860361048045
2024-11-06,CAUSAL_XGBOOST,11,2024-10-30,2024-10-31,2024-12-02,0,0.00376519901571028,0.0,0.00376519901571028,0.13868225150653946,0.8613177484934604,0.0,1.0,0.06612292022251282,0.1,1.094399429477974,1.0981104195366602,-0.0033794325166790484,0.003758128396530943,0.05292901985696007
2024-11-07,CAUSAL_XGBOOST,11,2024-10-30,2024-10-31,2024-12-02,0,0.007254488750900435,0.0,0.007254488750900435,0.138162043914783,0.8618379560852171,0.0,1.0,0.06612292022251282,0.1,1.102338737828114,1.102338737828114,0.0,0.007228301521087811,0.05843025416748159
2024-11-08,CAUSAL_XGBOOST,11,2024-10-30,2024-10-31,2024-12-02,0,-5.350346399318631e-05,0.0,-5.350346399318631e-05,0.13716696769067588,0.8628330323093241,0.0,1.0,0.06612292022251282,0.1,1.1022797588871465,1.102338737828114,-5.350346399302097e-05,-5.350489535457137e-05,0.05843903785072817
2024-11-12,CAUSAL_XGBOOST,11,2024-10-30,2024-10-31,2024-12-02,0,-0.007013135347437809,0.0,-0.007013135347437809,0.13717430699127078,0.8628256930087294,0.0,1.0,0.06612292022251282,0.1,1.0945493217473297,1.102338737828114,-0.007066263584396437,-0.007037842967493552,0.06383971664889329
2024-11-13,CAUSAL_XGBOOST,11,2024-10-30,2024-10-31,2024-12-02,0,-0.0026136928070072166,0.0,-0.0026136928070072166,0.13814312341308455,0.8618568765869156,0.0,1.0,0.06612292022251282,0.1,1.091688506058164,1.102338737828114,-0.009661487349100661,-0.0026171144654617176,0.06289855554095995
2024-11-14,CAUSAL_XGBOOST,11,2024-10-30,2024-10-31,2024-12-02,0,-0.0025744903300165237,0.0,-0.0025744903300165237,0.13850513328368166,0.8614948667163183,0.0,1.0,0.06612292022251282,0.1,1.088877964555927,1.102338737828114,-0.012211104273363471,-0.0025778100291591606,0.06188550903507691
2024-11-15,CAUSAL_XGBOOST,11,2024-10-30,2024-10-31,2024-12-02,0,-0.0049109394433859005,0.0,-0.0049109394433859005,0.1388626337915787,0.8611373662084211,0.0,1.0,0.06612292022251282,0.1,1.0835305508107556,1.102338737828114,-0.017062075723126013,-0.004923037732055387,0.06260904151609219
2024-11-18,CAUSAL_XGBOOST,11,2024-10-30,2024-10-31,2024-12-02,0,0.0050128346797771,0.0,0.0050128346797771,0.1395479453003979,0.8604520546996021,0.0,1.0,0.06612292022251282,0.1,1.0889621103324576,1.102338737828114,-0.012134770408242845,0.00500031225514163,0.06533073170987932
2024-11-19,CAUSAL_XGBOOST,11,2024-10-30,2024-10-31,2024-12-02,0,0.00179159446002898,0.0,0.00179159446002898,0.13885190366236613,0.861148096337634,0.0,1.0,0.06612292022251282,0.1,1.0909130888165108,1.102338737828114,-0.010364916535650859,0.00178999146899537,0.06528192072719102
2024-11-20,CAUSAL_XGBOOST,11,2024-10-30,2024-10-31,2024-12-02,0,0.0003818592809020132,0.0,0.0003818592809020132,0.1386035822522628,0.8613964177477372,0.0,1.0,0.06612292022251282,0.1,1.0913296641041328,1.102338737828114,-0.009987015194323878,0.0003817863912019563,0.0628803452326301
2024-11-21,CAUSAL_XGBOOST,11,2024-10-30,2024-10-31,2024-12-02,0,0.003341017167793607,0.0,0.003341017167793607,0.13855067539098948,0.8614493246090104,0.0,1.0,0.06612292022251282,0.1,1.0949758152476272,1.102338737828114,-0.006679364815749489,0.0033354483701210245,0.06393117038006196
2024-11-22,CAUSAL_XGBOOST,11,2024-10-30,2024-10-31,2024-12-02,0,0.002612684134973976,0.0,0.002612684134973976,0.1380893166134949,0.8619106833865051,0.0,1.0,0.06612292022251282,0.1,1.097836641188305,1.102338737828114,-0.004084131751261211,0.002609277008985132,0.06170273824036092
2024-11-25,CAUSAL_XGBOOST,11,2024-10-30,2024-10-31,2024-12-02,0,0.002351743189735446,0.0,0.002351743189735446,0.13772947300445781,0.8622705269955421,0.0,1.0,0.06612292022251282,0.1,1.1004184710326617,1.102338737828114,-0.0017419933905576945,0.0023489821696796634,0.0618099361578564
2024-11-26,CAUSAL_XGBOOST,11,2024-10-30,2024-10-31,2024-12-02,0,-0.00046523451171191516,0.0,-0.00046523451171191516,0.13740632860692994,0.8625936713930701,0.0,1.0,0.06612292022251282,0.1,1.099906518382612,1.102338737828114,-0.00220641746682515,-0.00046534276686468324,0.06165044533716104
2024-11-27,CAUSAL_XGBOOST,11,2024-10-30,2024-10-31,2024-12-02,0,0.0007387127955606385,0.0,0.0007387127955606385,0.13747028452762708,0.8625297154723732,0.0,1.0,0.06612292022251282,0.1,1.1007190334016619,1.102338737828114,-0.0014693345800795843,0.0007384400815600927,0.06165031541254894
2024-11-29,CAUSAL_XGBOOST,11,2024-10-30,2024-10-31,2024-12-02,0,0.004553074711494973,0.0,0.004553074711494973,0.13736880843112806,0.8626311915688719,0.0,1.0,0.06612292022251282,0.1,1.1057306893971042,1.1057306893971042,0.0,0.0045427408222712155,0.0631935048085065
2024-12-02,CAUSAL_XGBOOST,11,2024-10-30,2024-10-31,2024-12-02,0,-0.0001760117894764565,0.0,-0.0001760117894764565,0.13674619279880265,0.8632538072011975,0.0,1.0,0.06612292022251282,0.1,1.1055360677597843,1.1057306893971042,-0.00017601178947646012,-0.0001760272813693377,0.06295823071624697
2024-12-03,CAUSAL_XGBOOST,12,2024-12-02,2024-12-03,2025-01-02,1,-0.00023093671475981606,0.00012753378657129588,-0.00035847050133111193,0.11987125080427397,0.880128749195726,0.12753378657129588,1.0,0.05403442224961789,0.1,1.1051397656913349,1.1057306893971042,-0.0005344191957731281,-0.0003585347672400215,0.05683251249534182
2024-12-04,CAUSAL_XGBOOST,12,2024-12-02,2024-12-03,2025-01-02,0,0.002163470058227895,0.0,0.002163470058227895,0.11989893987155108,0.8801010601284488,0.0,1.0,0.05403442224961789,0.1,1.107530702484565,1.107530702484565,0.0,0.0021611331268618496,0.056516043677780715
2024-12-05,CAUSAL_XGBOOST,12,2024-12-02,2024-12-03,2025-01-02,0,-0.0012177550648266589,0.0,-0.0012177550648266589,0.11964010209290975,0.8803598979070902,0.0,1.0,0.05403442224961789,0.1,1.1061820013621635,1.107530702484565,-0.0012177550648266866,-0.0012184971310233688,0.05651833559915226
2024-12-06,CAUSAL_XGBOOST,12,2024-12-02,2024-12-03,2025-01-02,0,-5.899208960512107e-06,0.0,-5.899208960512107e-06,0.11978597206708963,0.8802140279329103,0.0,1.0,0.05403442224961789,0.1,1.106175475763389,1.107530702484565,-0.001223647089995672,-5.89922636091372e-06,0.0530308340529067
2024-12-09,CAUSAL_XGBOOST,12,2024-12-02,2024-12-03,2025-01-02,0,-0.00057661417199084,0.0,-0.00057661417199084,0.11978667871373803,0.8802133212862618,0.0,1.0,0.05403442224961789,0.1,1.105537639307355,1.107530702484565,-0.0017995556897330012,-0.0005767804778751363,0.05198513177677134
2024-12-10,CAUSAL_XGBOOST,12,2024-12-02,2024-12-03,2025-01-02,0,-0.00224286288153998,0.0,-0.00224286288153998,0.11985578926042074,0.8801442107395792,0.0,1.0,0.05403442224961789,0.1,1.1030580699720072,1.107530702484565,-0.004038382414613295,-0.0022453818656881916,0.04657163498993725
2024-12-11,CAUSAL_XGBOOST,12,2024-12-02,2024-12-03,2025-01-02,0,0.002272104385527104,0.0,0.002272104385527104,0.12012521364323825,0.8798747863567619,0.0,1.0,0.05403442224961789,0.1,1.1055643330502818,1.107530702484565,-0.0017754536554807077,0.002269527059588493,0.04720936595921874
2024-12-12,CAUSAL_XGBOOST,12,2024-12-02,2024-12-03,2025-01-02,0,-0.005789068791055567,0.0,-0.005789068791055567,0.11985289535408608,0.8801471046459137,0.0,1.0,0.05403442224961789,0.1,1.0991641450733163,1.107530702484565,-0.007554244223189288,-0.005805890402181739,0.0449894079406304
2024-12-13,CAUSAL_XGBOOST,12,2024-12-02,2024-12-03,2025-01-02,0,-0.0025018732728784568,0.0,-0.0025018732728784568,0.12055077206639334,0.8794492279336068,0.0,1.0,0.05403442224961789,0.1,1.096414175676251,1.107530702484565,-0.010037217734348958,-0.0025050081876798655,0.04490253987139883
2024-12-16,CAUSAL_XGBOOST,12,2024-12-02,2024-12-03,2025-01-02,0,-4.090604063649371e-05,0.0,-4.090604063649371e-05,0.12085313128550018,0.8791468687144999,0.0,1.0,0.05403442224961789,0.1,1.0963693257134266,1.107530702484565,-0.010077713192148785,-4.0906877311390775e-05,0.04376665123404386
2024-12-17,CAUSAL_XGBOOST,12,2024-12-02,2024-12-03,2025-01-02,0,-0.0027748885835522322,0.0,-0.0027748885835522322,0.1208580751108319,0.879141924889168,0.0,1.0,0.05403442224961789,0.1,1.0933270229881475,1.107530702484565,-0.012824637244415849,-0.002778745723953486,0.041073485334655775
2024-12-18,CAUSAL_XGBOOST,12,2024-12-02,2024-12-03,2025-01-02,0,-0.01747085871923366,0.0,-0.01747085871923366,0.12119437600118836,0.8788056239988117,0.0,1.0,0.05403442224961789,0.1,1.0742256610356011,1.107530702484565,-0.030071438538227024,-0.017625275341921987,0.07227315533531636
2024-12-19,CAUSAL_XGBOOST,12,2024-12-02,2024-12-03,2025-01-02,0,-0.002304811085536822,0.0,-0.002304811085536822,0.1233493958695277,0.8766506041304724,0.0,1.0,0.05403442224961789,0.1,1.071749773823678,1.107530702484565,-0.03230694063886297,-0.0023074712508451903,0.07192397783265707
2024-12-20,CAUSAL_XGBOOST,12,2024-12-02,2024-12-03,2025-01-02,0,0.006679102501532531,0.0,0.006679102501532531,0.12363434968924461,0.8763656503107554,0.0,1.0,0.05403442224961789,0.1,1.0789081004190406,1.107530702484565,-0.025843619505368398,0.006656896120708567,0.07641601765240126
2024-12-23,CAUSAL_XGBOOST,12,2024-12-02,2024-12-03,2025-01-02,0,0.0011362177178387072,0.0,0.0011362177178387072,0.12281406198064629,0.8771859380193534,0.0,1.0,0.05403442224961789,0.1,1.0801339749186565,1.107530702484565,-0.024736765765904778,0.0011355727110200925,0.075381398069006
2024-12-24,CAUSAL_XGBOOST,12,2024-12-02,2024-12-03,2025-01-02,0,0.004948718809181594,0.0,0.004948718809181594,0.12267467683929136,0.8773253231607087,0.0,1.0,0.05403442224961789,0.1,1.0854792542367726,1.107530702484565,-0.01991046225474713,0.004936514148649534,0.07706156312120117
2024-12-26,CAUSAL_XGBOOST,12,2024-12-02,2024-12-03,2025-01-02,0,0.0014978054336937908,0.0,0.0014978054336937908,0.12207058384497,0.8779294161550301,0.0,1.0,0.05403442224961789,0.1,1.0871050909619304,1.107530702484565,-0.0184424788196057,0.001496684841947907,0.0767148792064882
2024-12-27,CAUSAL_XGBOOST,12,2024-12-02,2024-12-03,2025-01-02,0,-0.0048743883358322694,0.0,-0.0048743883358322694,0.12188801930734927,0.8781119806926507,0.0,1.0,0.05403442224961789,0.1,1.0818061185867216,1.107530702484565,-0.023226971351795966,-0.00488630691294535,0.07814716319044333
2024-12-30,CAUSAL_XGBOOST,12,2024-12-02,2024-12-03,2025-01-02,0,-0.00268828856533716,0.0,-0.00268828856533716,0.12248505905049874,0.8775149409495012,0.0,1.0,0.05403442224961789,0.1,1.0788979115682131,1.107530702484565,-0.025852819115640746,-0.002691908502121001,0.07820516413768756
2024-12-31,CAUSAL_XGBOOST,12,2024-12-02,2024-12-03,2025-01-02,0,-0.00028269147331570657,0.0,-0.00028269147331570657,0.12281522180693165,0.8771847781930684,0.0,1.0,0.05403442224961789,0.1,1.0785929163280346,1.107530702484565,-0.026128202217431395,-0.00028273143808222586,0.07567771256475564
2025-01-02,CAUSAL_XGBOOST,12,2024-12-02,2024-12-03,2025-01-02,0,0.001673021076187135,0.0,0.001673021076187135,0.12284995044041842,0.8771500495595818,0.0,1.0,0.05403442224961789,0.1,1.0803974250096775,1.107530702484565,-0.024498894174236896,0.0016716231353988672,0.07625602111004162
2025-01-03,CAUSAL_XGBOOST,13,2025-01-02,2025-01-03,2025-02-04,1,0.0033559495021897533,0.0001211261358617286,0.0032348233663280247,0.1713684528494106,0.8286315471505894,0.1211261358617286,1.0,0.05469885496823673,0.1,1.0838923198450194,1.107530702484565,-0.021343320403232835,0.003229602581071298,0.07769232252750542
2025-01-06,CAUSAL_XGBOOST,13,2025-01-02,2025-01-03,2025-02-04,0,0.0012893225760208652,0.0,0.0012893225760208652,0.17079527253955512,0.829204727460445,0.0,1.0,0.05469885496823673,0.1,1.0852898066829713,1.107530702484565,-0.02008151625205512,0.001288492113414495,0.07731352751406186
2025-01-07,CAUSAL_XGBOOST,13,2025-01-02,2025-01-03,2025-02-04,0,-0.0030387618107301285,0.0,-0.0030387618107301285,0.1705753458951799,0.8294246541048201,0.0,1.0,0.05469885496823673,0.1,1.0819918694648483,1.107530702484565,-0.023059255118097033,-0.003043388222153429,0.0776463531416143
2025-01-08,CAUSAL_XGBOOST,13,2025-01-02,2025-01-03,2025-02-04,0,0.0008130442860044811,0.0,0.0008130442860044811,0.17109526364835131,0.8289047363516489,0.0,1.0,0.05469885496823673,0.1,1.0828715767718198,1.107530702484565,-0.022264959027705977,0.0008127139445416783,0.07783698480534604
2025-01-10,CAUSAL_XGBOOST,13,2025-01-02,2025-01-03,2025-02-04,0,-0.005721015895394439,0.0,-0.005721015895394439,0.17095626863098423,0.8290437313690158,0.0,1.0,0.05469885496823673,0.1,1.0766764512684375,1.107530702484565,-0.02785859673859259,-0.005737443592204363,0.07950683640864657
2025-01-13,CAUSAL_XGBOOST,13,2025-01-02,2025-01-03,2025-02-04,0,0.0006628756714690087,0.0,0.0006628756714690087,0.1719399397594009,0.828060060240599,0.0,1.0,0.05469885496823673,0.1,1.077390153894027,1.107530702484565,-0.02721418785314278,0.0006626560664329608,0.0796905322762965
2025-01-14,CAUSAL_XGBOOST,13,2025-01-02,2025-01-03,2025-02-04,0,0.002026880114411976,0.0,0.002026880114411976,0.17182604045745684,0.8281739595425431,0.0,1.0,0.05469885496823673,0.1,1.0795738945724178,1.107530702484565,-0.02524246763492044,0.0020248287643389712,0.07956375438313512
2025-01-15,CAUSAL_XGBOOST,13,2025-01-02,2025-01-03,2025-02-04,0,0.01124618328894356,0.0,0.01124618328894356,0.17147847414815626,0.8285215258518438,0.0,1.0,0.05469885496823673,0.1,1.091714980464738,1.107530702484565,-0.01428016576366431,0.011183415132706227,0.08827995595061096
2025-01-16,CAUSAL_XGBOOST,13,2025-01-02,2025-01-03,2025-02-04,0,0.001296706651418166,0.0,0.001296706651418166,0.16957144262383797,0.830428557376162,0.0,1.0,0.05469885496823673,0.1,1.0931306145413595,1.107530702484565,-0.013001976298175122,0.0012958666534238278,0.08807832648938874
2025-01-17,CAUSAL_XGBOOST,13,2025-01-02,2025-01-03,2025-02-04,0,0.002379024753027491,0.0,0.002379024753027491,0.1693518429626384,0.8306481570373613,0.0,1.0,0.05469885496823673,0.1,1.0957311993316456,1.107530702484565,-0.010653883568599198,0.002376199353882134,0.08851049842509706
2025-01-21,CAUSAL_XGBOOST,13,2025-01-02,2025-01-03,2025-02-04,0,0.0067615364536197705,0.0,0.0067615364536197705,0.168949906951978,0.8310500930480222,0.0,1.0,0.05469885496823673,0.1,1.1031400257792952,1.107530702484565,-0.003964383737101063,0.006738779788434751,0.09089168432935214
2025-01-22,CAUSAL_XGBOOST,13,2025-01-02,2025-01-03,2025-02-04,0,-0.0004518045691463376,0.0,-0.0004518045691463376,0.1678152182364004,0.8321847817635996,0.0,1.0,0.05469885496823673,0.1,1.10264162207524,1.107530702484565,-0.004414397179561047,-0.0004519066635830017,0.0631552299335153
2025-01-23,CAUSAL_XGBOOST,13,2025-01-02,2025-01-03,2025-02-04,0,0.0018446011142205622,0.0,0.0018446011142205622,0.16789107218993468,0.8321089278100653,0.0,1.0,0.05469885496823673,0.1,1.104675556039906,1.107530702484565,-0.0025779388672965142,0.0018429019268130442,0.061837854370607806
2025-01-24,CAUSAL_XGBOOST,13,2025-01-02,2025-01-03,2025-02-04,0,0.0007286740909300969,0.0,0.0007286740909300969,0.16758195033761866,0.8324180496623812,0.0,1.0,0.05469885496823673,0.1,1.105480504496476,1.107530702484565,-0.0018511432536270078,0.0007284087368612993,0.05887636337194614
2025-01-27,CAUSAL_XGBOOST,13,2025-01-02,2025-01-03,2025-02-04,0,-0.0027864111564726538,0.0,-0.0027864111564726538,0.16745992662781592,0.8325400733721839,0.0,1.0,0.05469885496823673,0.1,1.102400181285484,1.107530702484565,-0.004632396363885571,-0.002790300426456048,0.06044546251469966
2025-01-28,CAUSAL_XGBOOST,13,2025-01-02,2025-01-03,2025-02-04,0,0.001522593718440298,0.0,0.001522593718440298,0.1679278426420361,0.8320721573579639,0.0,1.0,0.05469885496823673,0.1,1.1040786888767167,1.107530702484565,-0.0031168559030502196,0.0015214357478880217,0.05875705202696327
2025-01-29,CAUSAL_XGBOOST,13,2025-01-02,2025-01-03,2025-02-04,0,-0.001495398130663492,0.0,-0.001495398130663492,0.16767254547753707,0.8323274545224628,0.0,1.0,0.05469885496823673,0.1,1.102427651669265,1.107530702484565,-0.004607593093222784,-0.0014965173543772777,0.05922865305696481
2025-01-30,CAUSAL_XGBOOST,13,2025-01-02,2025-01-03,2025-02-04,0,0.005395521520950867,0.0,0.005395521520950867,0.1679236582021067,0.8320763417978932,0.0,1.0,0.05469885496823673,0.1,1.108375823789138,1.108375823789138,0.0,0.00538101784126353,0.05776102075317977
2025-01-31,CAUSAL_XGBOOST,13,2025-01-02,2025-01-03,2025-02-04,0,-0.0043325417571095344,0.0,-0.0043325417571095344,0.16702248479093454,0.8329775152090656,0.0,1.0,0.05469885496823673,0.1,1.103573739250001,1.108375823789138,-0.004332541757109398,-0.0043419544131368054,0.05940524858565998
2025-02-03,CAUSAL_XGBOOST,13,2025-01-02,2025-01-03,2025-02-04,0,-0.0010571951745028073,0.0,-0.0010571951745028073,0.1677492654883874,0.8322507345116126,0.0,1.0,0.05469885496823673,0.1,1.102407046418158,1.108375823789138,-0.005385156589373219,-0.0010577543994960226,0.059688732261498
2025-02-04,CAUSAL_XGBOOST,13,2025-01-02,2025-01-03,2025-02-04,0,0.005185794665794107,0.0,0.005185794665794107,0.1679267968877268,0.8320732031122731,0.0,1.0,0.05469885496823673,0.1,1.1081239029990069,1.108375823789138,-0.0002272882398948184,0.00517239473885134,0.06136396810768311
2025-02-05,CAUSAL_XGBOOST,14,2025-02-04,2025-02-05,2025-03-06,1,0.004891563754434971,0.00011928851295936487,0.004772275241475606,0.13972410153170034,0.8602758984682997,0.11928851295936486,1.0,0.060021322868250675,0.1,1.1134121752657764,1.1134121752657764,0.0,0.004760924035711817,0.06222331253366999
2025-02-06,CAUSAL_XGBOOST,14,2025-02-04,2025-02-05,2025-03-06,0,-0.0006928979706265674,0.0,-0.0006928979706265674,0.13904395914089362,0.8609560408591066,0.0,1.0,0.060021322868250675,0.1,1.1126406942290639,1.1134121752657764,-0.0006928979706265492,-0.0006931381353716011,0.06259725955291767
2025-02-07,CAUSAL_XGBOOST,14,2025-02-04,2025-02-05,2025-03-06,0,-0.00400664250433453,0.0,-0.00400664250433453,0.13914036922035863,0.8608596307796414,0.0,1.0,0.060021322868250675,0.1,1.1081827407315135,1.1134121752657764,-0.004696764280500809,-0.004014690600836671,0.0635077976732243
2025-02-10,CAUSAL_XGBOOST,14,2025-02-04,2025-02-05,2025-03-06,0,0.004668018496277837,0.0,0.004668018496277837,0.13970009756913884,0.8602999024308613,0.0,1.0,0.060021322868250675,0.1,1.113355758262504,1.1134121752657764,-5.067036675698855e-05,0.004657157085664855,0.06464512405729857
2025-02-11,CAUSAL_XGBOOST,14,2025-02-04,2025-02-05,2025-03-06,0,-0.0003301644815495396,0.0,-0.0003301644815495396,0.13905100490631014,0.8609489950936899,0.0,1.0,0.060021322868250675,0.1,1.1129881677357971,1.1134121752657764,-0.00038081811875112503,-0.0003302189978418705,0.059732008627717104
2025-02-12,CAUSAL_XGBOOST,14,2025-02-04,2025-02-05,2025-03-06,0,-0.0033604167430922307,0.0,-0.0033604167430922307,0.13909692977201346,0.8609030702279865,0.0,1.0,0.060021322868250675,0.1,1.1092480636620743,1.1134121752657764,-0.0037399551542609544,-0.0033660756244588263,0.062094788232646254
2025-02-13,CAUSAL_XGBOOST,14,2025-02-04,2025-02-05,2025-03-06,0,0.007087670728189652,0.0,0.007087670728189652,0.1395659294581298,0.8604340705418702,0.0,1.0,0.060021322868250675,0.1,1.117110048693193,1.117110048693193,0.0,0.007062671245906273,0.06512459152104731
2025-02-14,CAUSAL_XGBOOST,14,2025-02-04,2025-02-05,2025-03-06,0,0.0002937588330013302,0.0,0.0002937588330013302,0.1385836938676993,0.8614163061323008,0.0,1.0,0.060021322868250675,0.1,1.1174382096374313,1.1174382096374313,0.0,0.0002937156943233854,0.0551535615006228
2025-02-18,CAUSAL_XGBOOST,14,2025-02-04,2025-02-05,2025-03-06,0,0.002551808215419932,0.0,0.002551808215419932,0.13854299563897984,0.86145700436102,0.0,1.0,0.060021322868250675,0.1,1.1202896976410082,1.1202896976410082,0.0,0.0025485578811480034,0.05537729921681324
2025-02-19,CAUSAL_XGBOOST,14,2025-02-04,2025-02-05,2025-03-06,0,0.0010749750258716743,0.0,0.0010749750258716743,0.1381903603421669,0.8618096396578331,0.0,1.0,0.060021322868250675,0.1,1.1214939810877136,1.1214939810877136,0.0,0.0010743976539550992,0.05520296469471618
2025-02-20,CAUSAL_XGBOOST,14,2025-02-04,2025-02-05,2025-03-06,0,0.0006084200299204742,0.0,0.0006084200299204742,0.1380419686733209,0.861958031326679,0.0,1.0,0.060021322868250675,0.1,1.1221763204892428,1.1221763204892428,0.0,0.0006082350174937772,0.051266609083022156
2025-02-21,CAUSAL_XGBOOST,14,2025-02-04,2025-02-05,2025-03-06,0,-0.005584712964470245,0.0,-0.005584712964470245,0.1379580322432157,0.8620419677567842,0.0,1.0,0.060021322868250675,0.1,1.1159092878437848,1.1221763204892428,-0.005584712964470384,-0.005600365778771049,0.055773463922998305
2025-02-24,CAUSAL_XGBOOST,14,2025-02-04,2025-02-05,2025-03-06,0,-0.0005427104684607694,0.0,-0.0005427104684607694,0.13873281519483174,0.8612671848051682,0.0,1.0,0.060021322868250675,0.1,1.1153036721914193,1.1221763204892428,-0.006124392550742042,-0.0005428577890911014,0.055699432820320575
2025-02-25,CAUSAL_XGBOOST,14,2025-02-04,2025-02-05,2025-03-06,0,0.0002895551019273211,0.0,0.0002895551019273211,0.1388081478297666,0.8611918521702334,0.0,1.0,0.060021322868250675,0.1,1.1156266140599007,1.1221763204892428,-0.005836610797923969,0.0002895131889393462,0.05569313222756305
2025-02-26,CAUSAL_XGBOOST,14,2025-02-04,2025-02-05,2025-03-06,0,0.0007572565564627901,0.0,0.0007572565564627901,0.13876796685697906,0.8612320331430208,0.0,1.0,0.060021322868250675,0.1,1.116471429627962,1.1221763204892428,-0.005083774053255219,0.0007569699823809129,0.054446341503698995
2025-02-27,CAUSAL_XGBOOST,14,2025-02-04,2025-02-05,2025-03-06,0,-0.006767715065707732,0.0,-0.006767715065707732,0.13866296341879164,0.8613370365812083,0.0,1.0,0.060021322868250675,0.1,1.1089154691132368,1.1221763204892428,-0.011817083584712007,-0.006790719901511527,0.06001107876481004
2025-02-28,CAUSAL_XGBOOST,14,2025-02-04,2025-02-05,2025-03-06,0,0.00453313020545548,0.0,0.00453313020545548,0.13960778915675798,0.8603922108432419,0.0,1.0,0.060021322868250675,0.1,1.1139423273215707,1.1221763204892428,-0.007337521757794896,0.004522886516376987,0.06146176207633671
2025-03-03,CAUSAL_XGBOOST,14,2025-02-04,2025-02-05,2025-03-06,0,-0.0037205232450755817,0.0,-0.0037205232450755817,0.13897778476276262,0.8610222152372373,0.0,1.0,0.060021322868250675,0.1,1.1097978789990972,1.1221763204892428,-0.011030745582609414,-0.00372746160658734,0.06042820472460268
2025-03-04,CAUSAL_XGBOOST,14,2025-02-04,2025-02-05,2025-03-06,0,-0.0034318811178484705,0.0,-0.0034318811178484705,0.13949678579693345,0.8605032142030665,0.0,1.0,0.060021322868250675,0.1,1.105989184613532,1.1221763204892428,-0.01442477049297708,-0.0034377835299723046,0.05967457712741172
2025-03-05,CAUSAL_XGBOOST,14,2025-02-04,2025-02-05,2025-03-06,0,0.004087355311295113,0.0,0.004087355311295113,0.1399771708063536,0.8600228291936465,0.0,1.0,0.060021322868250675,0.1,1.1105097553814969,1.1221763204892428,-0.010396374343970782,0.0040790247667898665,0.06105156182153499
2025-03-06,CAUSAL_XGBOOST,14,2025-02-04,2025-02-05,2025-03-06,0,-0.006558519172646075,0.0,-0.006558519172646075,0.13940736337921192,0.860592636620788,0.0,1.0,0.060021322868250675,0.1,1.103226455859417,1.1221763204892428,-0.016886708696155828,-0.0065801207609378414,0.06289798888178776
2025-03-07,CAUSAL_XGBOOST,15,2025-03-06,2025-03-07,2025-04-04,1,0.002203309029737154,0.0001807204610674633,0.0020225885686696904,0.321048166392503,0.678951833607497,0.1807204610674633,1.0,0.05139042032172783,0.1,1.1054578290776922,1.1221763204892428,-0.01489827499145735,0.002020545890278869,0.060851701806589525
2025-03-10,CAUSAL_XGBOOST,15,2025-03-06,2025-03-07,2025-04-04,0,-0.007404076271156451,0.0,-0.007404076271156451,0.3203423531931054,0.6796576468068948,0.0,1.0,0.05139042032172783,0.1,1.097272934996654,1.1221763204892428,-0.022192043298268405,-0.00743162249767271,0.06563186239946742
2025-03-11,CAUSAL_XGBOOST,15,2025-03-06,2025-03-07,2025-04-04,0,-0.0019804889515103526,0.0,-0.0019804889515103526,0.3227318846824281,0.6772681153175717,0.0,1.0,0.05139042032172783,0.1,1.0950997980721016,1.1221763204892428,-0.024128581153215256,-0.0019824527129875236,0.06469480010083918
2025-03-12,CAUSAL_XGBOOST,15,2025-03-06,2025-03-07,2025-04-04,0,0.0009705183199228966,0.0,0.0009705183199228966,0.32337231998939137,0.6766276800106086,0.0,1.0,0.05139042032172783,0.1,1.0961626124882744,1.1221763204892428,-0.023181480063335314,0.0009700476715089003,0.06215535563871768
2025-03-13,CAUSAL_XGBOOST,15,2025-03-06,2025-03-07,2025-04-04,0,-0.002199944372624698,0.0,-0.002199944372624698,0.3230587855196325,0.6769412144803675,0.0,1.0,0.05139042032172783,0.1,1.0937511157174493,1.1221763204892428,-0.02533042646934547,-0.0022023678051762557,0.062337491866215775
2025-03-14,CAUSAL_XGBOOST,15,2025-03-06,2025-03-07,2025-04-04,0,0.006998803710144815,0.0,0.006998803710144815,0.3237710638495671,0.676228936150433,0.0,1.0,0.05139042032172783,0.1,1.1014060650841075,1.1221763204892428,-0.018508905441953938,0.006974425761682674,0.06714378320410887
2025-03-17,CAUSAL_XGBOOST,15,2025-03-06,2025-03-07,2025-04-04,0,0.00504720374598546,0.0,0.00504720374598546,0.3215208028616105,0.6784791971383894,0.0,1.0,0.05139042032172783,0.1,1.106965085901651,1.1221763204892428,-0.0135551199128493,0.005034509309512828,0.06464836309426525
2025-03-18,CAUSAL_XGBOOST,15,2025-03-06,2025-03-07,2025-04-04,0,-0.0010844285934275824,0.0,-0.0010844285934275824,0.3199061712357854,0.6800938287642146,0.0,1.0,0.05139042032172783,0.1,1.1057646613105734,1.1221763204892428,-0.014624848946655944,-0.0010850170115514614,0.06462911985681426
2025-03-19,CAUSAL_XGBOOST,15,2025-03-06,2025-03-07,2025-04-04,0,0.004785632542723947,0.0,0.004785632542723947,0.32025346324847626,0.6797465367515237,0.0,1.0,0.05139042032172783,0.1,1.1110564446583355,1.1221763204892428,-0.009909205556983491,0.0047742178066420265,0.06638790280748136
2025-03-20,CAUSAL_XGBOOST,15,2025-03-06,2025-03-07,2025-04-04,0,-0.0013934665020706332,0.0,-0.0013934665020706332,0.31872814745373956,0.6812718525462605,0.0,1.0,0.05139042032172783,0.1,1.1095082247207944,1.1221763204892428,-0.011288863913048397,-0.001394438279381158,0.06625053711348139
2025-03-21,CAUSAL_XGBOOST,15,2025-03-06,2025-03-07,2025-04-04,0,-0.0022839958018270423,0.0,-0.0022839958018270423,0.31917290420411654,0.6808270957958835,0.0,1.0,0.05139042032172783,0.1,1.1069741125934396,1.1221763204892428,-0.013547075997090485,-0.0022866080986464047,0.06639276144499259
2025-03-24,CAUSAL_XGBOOST,15,2025-03-06,2025-03-07,2025-04-04,0,0.00331722332016532,0.0,0.00331722332016532,0.3199035625980801,0.6800964374019199,0.0,1.0,0.05139042032172783,0.1,1.1106461929345537,1.1221763204892428,-0.010274791353342971,0.0033117334722382475,0.06518601918998555
2025-03-25,CAUSAL_XGBOOST,15,2025-03-06,2025-03-07,2025-04-04,0,0.0003780985096702776,0.0,0.0003780985096702776,0.3188458796106969,0.6811541203893032,0.0,1.0,0.05139042032172783,0.1,1.1110661266048731,1.1221763204892428,-0.009900577726970616,0.00037802704844112553,0.06520751481330199
2025-03-26,CAUSAL_XGBOOST,15,2025-03-06,2025-03-07,2025-04-04,0,-0.004057464717799246,0.0,-0.004057464717799246,0.31872537002329693,0.6812746299767031,0.0,1.0,0.05139042032172783,0.1,1.106558014997032,1.1221763204892428,-0.0139178711999568,-0.004065718561786627,0.06654297169064606
2025-03-27,CAUSAL_XGBOOST,15,2025-03-06,2025-03-07,2025-04-04,0,-0.00029990113293588234,0.0,-0.00029990113293588234,0.32002385552594753,0.6799761444740525,0.0,1.0,0.05139042032172783,0.1,1.1062261569946752,1.1221763204892428,-0.014213598347551759,-0.00029994611227377816,0.06641429684601123
2025-03-28,CAUSAL_XGBOOST,15,2025-03-06,2025-03-07,2025-04-04,0,-0.0035230931298509383,0.0,-0.0035230931298509383,0.3201198598345872,0.6798801401654129,0.0,1.0,0.05139042032172783,0.1,1.102328819220906,1.1221763204892428,-0.01768661564671381,-0.0035293138375043368,0.06337560946876775
2025-03-31,CAUSAL_XGBOOST,15,2025-03-06,2025-03-07,2025-04-04,0,0.0030845841078473804,0.0,0.0030845841078473804,0.3212516593485914,0.6787483406514085,0.0,1.0,0.05139042032172783,0.1,1.1057290451782968,1.1221763204892428,-0.014656587392412046,0.003079836538633812,0.06218252338433176
2025-04-01,CAUSAL_XGBOOST,15,2025-03-06,2025-03-07,2025-04-04,0,0.0009046518572255056,0.0,0.0009046518572255056,0.3202637787862283,0.6797362212137716,0.0,1.0,0.05139042032172783,0.1,1.1067293450126057,1.1221763204892428,-0.01376519464419157,0.000904242906354307,0.06107507883018251
2025-04-02,CAUSAL_XGBOOST,15,2025-03-06,2025-03-07,2025-04-04,0,0.0026948078183566372,0.0,0.0026948078183566372,0.31997431342932,0.68002568657068,0.0,1.0,0.05139042032172783,0.1,1.1097117679043504,1.1221763204892428,-0.011107481379983186,0.0026911833338336744,0.06058328337713915
2025-04-03,CAUSAL_XGBOOST,15,2025-03-06,2025-03-07,2025-04-04,0,-0.01667911925630105,0.0,-0.01667911925630105,0.31911436155285744,0.6808856384471424,0.0,1.0,0.05139042032172783,0.1,1.0912027529873531,1.1221763204892428,-0.027601337629710287,-0.016819782047041577,0.08274966072074698
2025-04-04,CAUSAL_XGBOOST,15,2025-03-06,2025-03-07,2025-04-04,0,-0.023894279441571686,0.0,-0.023894279441571686,0.32452718924417323,0.6754728107558269,0.0,1.0,0.05139042032172783,0.1,1.065129249480061,1.1221763204892428,-0.05083610299699648,-0.024184378190967307,0.11452091867003716
2025-04-07,CAUSAL_XGBOOST,16,2025-04-04,2025-04-07,2025-05-06,1,-0.0041164562156142176,0.0003801341489604042,-0.004496590364574622,0.7126055016111312,0.28739449838886877,0.3801341489604042,1.0,0.03242873615380454,0.1,1.0603397995598225,1.1221763204892428,-0.055104104230662254,-0.004506730435609518,0.11409945605140662
2025-04-08,CAUSAL_XGBOOST,16,2025-04-04,2025-04-07,2025-05-06,0,-0.0033485277346124364,0.0,-0.0033485277346124364,0.7155510361213622,0.28444896387863783,0.0,1.0,0.03242873615380454,0.1,1.056789222332883,1.1221763204892428,-0.05826811434396739,-0.0033541466003988453,0.11250986375494594
2025-04-09,CAUSAL_XGBOOST,16,2025-04-04,2025-04-07,2025-05-06,0,0.01541295530797197,0.0,0.01541295530797197,0.717955128782297,0.2820448712177031,0.0,1.0,0.03242873615380454,0.1,1.0730774673866463,1.1221763204892428,-0.04375324287825866,0.015295382271875277,0.12711024236467847
2025-04-10,CAUSAL_XGBOOST,16,2025-04-04,2025-04-07,2025-05-06,0,-0.006179689857223109,0.0,-0.006179689857223109,0.7070572864264304,0.29294271357356955,0.0,1.0,0.03242873615380454,0.1,1.0664461814454225,1.1221763204892428,-0.049662551264246235,-0.006198863171491779,0.128155082996323
2025-04-11,CAUSAL_XGBOOST,16,2025-04-04,2025-04-07,2025-05-06,0,0.004214710045733298,0.0,0.004214710045733298,0.7114538505706844,0.2885461494293156,0.0,1.0,0.03242873615380454,0.1,1.0709409428795944,1.1221763204892428,-0.04565715447222318,0.004205853033120667,0.12950753274065835
2025-04-14,CAUSAL_XGBOOST,16,2025-04-04,2025-04-07,2025-05-06,0,0.0016724958780639095,0.0,0.0016724958780639095,0.708467863947426,0.291532136052574,0.0,1.0,0.03242873615380454,0.1,1.0727320871922104,1.1221763204892428,-0.04406101999681822,0.0016710988143381407,0.12666290224869156
2025-04-15,CAUSAL_XGBOOST,16,2025-04-04,2025-04-07,2025-05-06,0,0.0005401057014173555,0.0,0.0005401057014173555,0.70728493281268,0.2927150671873199,0.0,1.0,0.03242873615380454,0.1,1.0733114759085962,1.1221763204892428,-0.04354471190351139,0.0005399598968305673,0.12479345880934278
2025-04-16,CAUSAL_XGBOOST,16,2025-04-04,2025-04-07,2025-05-06,0,-0.0004245549452395397,0.0,-0.0004245549452395397,0.7069031304016005,0.2930968695983996,0.0,1.0,0.03242873615380454,0.1,1.0728557962137169,1.1221763204892428,-0.04395077972597328,-0.00042464509420666615,0.12484009692289809
2025-04-17,CAUSAL_XGBOOST,16,2025-04-04,2025-04-07,2025-05-06,0,0.0008072126610884438,0.0,0.0008072126610884438,0.7072033770926353,0.2927966229073648,0.0,1.0,0.03242873615380454,0.1,1.0737218189959428,1.1221763204892428,-0.043179044690744295,0.0008068870401667713,0.12309661865879143
2025-04-21,CAUSAL_XGBOOST,16,2025-04-04,2025-04-07,2025-05-06,0,-0.0024808451919783154,0.0,-0.0024808451919783154,0.7066329740092724,0.2933670259907276,0.0,1.0,0.03242873615380454,0.1,1.0710580813837645,1.1221763204892428,-0.04555276935730734,-0.0024839275874308903,0.12312846495274636
2025-04-22,CAUSAL_XGBOOST,16,2025-04-04,2025-04-07,2025-05-06,0,0.0031783651744508533,0.0,0.0031783651744508533,0.7083903808797215,0.2916096191202785,0.0,1.0,0.03242873615380454,0.1,1.0744622950894487,1.1221763204892428,-0.042519187518581636,0.0031733248490323322,0.1242369487386963
2025-04-23,CAUSAL_XGBOOST,16,2025-04-04,2025-04-07,2025-05-06,0,0.0011705117009197842,0.0,0.0011705117009197842,0.7061459910536785,0.2938540089463216,0.0,1.0,0.03242873615380454,0.1,1.075719965778048,1.1221763204892428,-0.0413984450241659,0.00116982718620171,0.12342810967104548
2025-04-24,CAUSAL_XGBOOST,16,2025-04-04,2025-04-07,2025-05-06,0,0.004261021347052523,0.0,0.004261021347052523,0.7053204052664165,0.29467959473358335,0.0,1.0,0.03242873615380454,0.1,1.0803036315156789,1.1221763204892428,-0.03731382333509614,0.004251968901591049,0.12490006827739213
2025-04-25,CAUSAL_XGBOOST,16,2025-04-04,2025-04-07,2025-05-06,0,0.0006112573049740883,0.0,0.0006112573049740883,0.7023277716388356,0.29767222836116436,0.0,1.0,0.03242873615380454,0.1,1.080963975002033,1.1221763204892428,-0.03672537437721202,0.0006110705633219039,0.12466317399509871
2025-04-28,CAUSAL_XGBOOST,16,2025-04-04,2025-04-07,2025-05-06,0,0.0008933814846968412,0.0,0.0008933814846968412,0.7018987309122137,0.2981012690877865,0.0,1.0,0.03242873615380454,0.1,1.0819296882029241,1.1221763204892428,-0.035864802662002426,0.0008929826569774326,0.12482974801246206
2025-04-29,CAUSAL_XGBOOST,16,2025-04-04,2025-04-07,2025-05-06,0,0.00023475528240379356,0.0,0.00023475528240379356,0.7012722272886218,0.2987277727113782,0.0,1.0,0.03242873615380454,0.1,1.0821836769124193,1.1221763204892428,-0.03563846683147576,0.00023472773169418406,0.12457136133485544
2025-04-30,CAUSAL_XGBOOST,16,2025-04-04,2025-04-07,2025-05-06,0,-0.001415799808561045,0.0,-0.001415799808561045,0.7011076385669346,0.29889236143306547,0.0,1.0,0.03242873615380454,0.1,1.080651521469819,1.1221763204892428,-0.03700380970551942,-0.0014168030001007327,0.12374225110166118
2025-05-01,CAUSAL_XGBOOST,16,2025-04-04,2025-04-07,2025-05-06,0,-0.0005821891482596242,0.0,-0.0005821891482596242,0.7021016739825495,0.2978983260174506,0.0,1.0,0.03242873615380454,0.1,1.080022377880969,1.1221763204892428,-0.037564455637324135,-0.0005823586861670799,0.12354701497420961
2025-05-02,CAUSAL_XGBOOST,16,2025-04-04,2025-04-07,2025-05-06,0,0.0027941779910801196,0.0,0.0027941779910801196,0.7025106680700364,0.2974893319299635,0.0,1.0,0.03242873615380454,0.1,1.083040152639118,1.1221763204892428,-0.03487523942143267,0.002790281532335819,0.12358644030848048
2025-05-05,CAUSAL_XGBOOST,16,2025-04-04,2025-04-07,2025-05-06,0,0.000147841654152725,0.0,0.000147841654152725,0.7005531977433213,0.29944680225667875,0.0,1.0,0.03242873615380454,0.1,1.083200271086798,1.1221763204892428,-0.034732553780364994,0.00014783072665238692,0.10968997677111943
2025-05-06,CAUSAL_XGBOOST,16,2025-04-04,2025-04-07,2025-05-06,0,0.0002320253831207301,0.0,0.0002320253831207301,0.700449642109581,0.29955035789041895,0.0,1.0,0.03242873615380454,0.1,1.0834516010446935,1.1221763204892428,-0.03450858723134187,0.0002319984693945552,0.06723836659290369
2025-05-07,CAUSAL_XGBOOST,17,2025-05-06,2025-05-07,2025-06-05,1,-0.00025524961988919936,0.00020188802094283734,-0.00045713764083203667,0.4983991367706807,0.5016008632293193,0.20188802094283734,1.0,0.08197798209786725,0.1,1.0829563145358363,1.1221763204892428,-0.034949949698018457,-0.00045724216009771016,0.06461423289239414
2025-05-08,CAUSAL_XGBOOST,17,2025-05-06,2025-05-07,2025-06-05,0,-2.0988954966514228e-05,0.0,-2.0988954966514228e-05,0.49852638544106925,0.5014736145589306,0.0,1.0,0.08197798209786725,0.1,1.0829335844145198,1.1221763204892428,-0.034970205090064654,-2.0989175237711703e-05,0.06278669073170537
2025-05-09,CAUSAL_XGBOOST,17,2025-05-06,2025-05-07,2025-06-05,0,0.0006133351968763255,0.0,0.0006133351968763255,0.4985368492085464,0.5014631507914534,0.0,1.0,0.08197798209786725,0.1,1.0835977856977206,1.1221763204892428,-0.034378318350812176,0.0006131471837172592,0.03606081811596546
2025-05-12,CAUSAL_XGBOOST,17,2025-05-06,2025-05-07,2025-06-05,0,0.006156161335681075,0.0,0.006156161335681075,0.4982312664366566,0.5017687335633434,0.0,1.0,0.08197798209786725,0.1,1.0902685884894625,1.1221763204892428,-0.0284337954893481,0.006137289586569935,0.03248199122686145
2025-05-13,CAUSAL_XGBOOST,17,2025-05-06,2025-05-07,2025-06-05,0,0.0010901120451471571,0.0,0.0010901120451471571,0.49518284097694165,0.5048171590230583,0.0,1.0,0.08197798209786725,0.1,1.0914571034102205,1.1221763204892428,-0.027374679467153107,0.0010895183044684045,0.030396415583464387
2025-05-14,CAUSAL_XGBOOST,17,2025-05-06,2025-05-07,2025-06-05,0,-0.002958778647670868,0.0,-0.002958778647670868,0.49464362400435924,0.5053563759956408,0.0,1.0,0.08197798209786725,0.1,1.0882277234378015,1.1221763204892428,-0.030252462497729837,-0.0029631644865011223,0.03304587148506796
2025-05-15,CAUSAL_XGBOOST,17,2025-05-06,2025-05-07,2025-06-05,0,0.002869040606038862,0.0,0.002869040606038862,0.49611150814151217,0.5038884918584878,0.0,1.0,0.08197798209786725,0.1,1.0913498929649617,1.1221763204892428,-0.027470217435029753,0.0028649327642070125,0.0338898016628259
2025-05-16,CAUSAL_XGBOOST,17,2025-05-06,2025-05-07,2025-06-05,0,0.001287206798124035,0.0,0.001287206798124035,0.49469221608606984,0.50530778391393,0.0,1.0,0.08197798209786725,0.1,1.092754685966318,1.1221763204892428,-0.02621837048753417,0.0012863790576927321,0.033632122603247994
2025-05-19,CAUSAL_XGBOOST,17,2025-05-06,2025-05-07,2025-06-05,0,0.000850302233973548,0.0,0.000850302233973548,0.4940562635050304,0.5059437364949695,0.0,1.0,0.08197798209786725,0.1,1.0936838577169803,1.1221763204892428,-0.02539036179255716,0.0008499409318251744,0.0336313525777488
2025-05-20,CAUSAL_XGBOOST,17,2025-05-06,2025-05-07,2025-06-05,0,0.0004668821374238703,0.0,0.0004668821374238703,0.493636523266526,0.506363476733474,0.0,1.0,0.08197798209786725,0.1,1.0941944791741371,1.1221763204892428,-0.024935333961517037,0.0004667731818703629,0.03139464224225428
2025-05-21,CAUSAL_XGBOOST,17,2025-05-06,2025-05-07,2025-06-05,0,-0.005912558937569181,0.0,-0.005912558937569181,0.49340616074357996,0.5065938392564201,0.0,1.0,0.08197798209786725,0.1,1.0877249898268573,1.1221763204892428,-0.030700461267410772,-0.005930107318912731,0.03854317156069419
2025-05-22,CAUSAL_XGBOOST,17,2025-05-06,2025-05-07,2025-06-05,0,-0.00044045309179479853,0.0,-0.00044045309179479853,0.4963408050063002,0.5036591949936997,0.0,1.0,0.08197798209786725,0.1,1.0872458979920656,1.1221763204892428,-0.03112739224612071,-0.00044055011974972213,0.03863845029897884
2025-05-23,CAUSAL_XGBOOST,17,2025-05-06,2025-05-07,2025-06-05,0,0.0005702902631920236,0.0,0.0005702902631920236,0.49655951618046207,0.503440483819538,0.0,1.0,0.08197798209786725,0.1,1.087865943741386,1.1221763204892428,-0.030574853631645138,0.0005701277094988006,0.036168785599466
2025-05-27,CAUSAL_XGBOOST,17,2025-05-06,2025-05-07,2025-06-05,0,0.004620590089660198,0.0,0.004620590089660198,0.4962764945277818,0.5037235054722182,0.0,1.0,0.08197798209786725,0.1,1.0928925263399163,1.1221763204892428,-0.026095537407668234,0.004609947932710142,0.03909191152966666
2025-05-28,CAUSAL_XGBOOST,17,2025-05-06,2025-05-07,2025-06-05,0,-0.002506807891681941,0.0,-0.002506807891681941,0.4939939509735612,0.5060060490264386,0.0,1.0,0.08197798209786725,0.1,1.0901528547301271,1.1221763204892428,-0.028536928800238948,-0.0025099551954757444,0.04043978027880718
2025-05-29,CAUSAL_XGBOOST,17,2025-05-06,2025-05-07,2025-06-05,0,0.0019603103445385503,0.0,0.0019603103445385503,0.4952354110101218,0.5047645889898782,0.0,1.0,0.08197798209786725,0.1,1.0922898926483828,1.1221763204892428,-0.026632559692428837,0.00195839144356681,0.04081130246859767
2025-05-30,CAUSAL_XGBOOST,17,2025-05-06,2025-05-07,2025-06-05,0,-0.0009366788052650685,0.0,-0.0009366788052650685,0.494266495286453,0.505733504713547,0.0,1.0,0.08197798209786725,0.1,1.0912667678567338,1.1221763204892428,-0.027544292343500087,-0.0009371177629868545,0.040569034255970395
2025-06-02,CAUSAL_XGBOOST,17,2025-05-06,2025-05-07,2025-06-05,0,0.002920954395765437,0.0,0.002920954395765437,0.4947298982965182,0.5052701017034819,0.0,1.0,0.08197798209786725,0.1,1.0944543083192575,1.1221763204892428,-0.024703793569533783,0.0029166966974876946,0.04123557687129327
2025-06-03,CAUSAL_XGBOOST,17,2025-05-06,2025-05-07,2025-06-05,0,0.0013076961172328266,0.0,0.0013076961172328266,0.49328902355478305,0.5067109764452169,0.0,1.0,0.08197798209786725,0.1,1.0958855219687353,1.1221763204892428,-0.02342840250723277,0.0013068418273519164,0.040572174720434666
2025-06-04,CAUSAL_XGBOOST,17,2025-05-06,2025-05-07,2025-06-05,0,0.0014781330515348395,0.0,0.0014781330515348395,0.49264479387066334,0.5073552061293366,0.0,1.0,0.08197798209786725,0.1,1.0975053865794557,1.1221763204892428,-0.021984899751788634,0.0014770416881969327,0.040662611346074795
2025-06-05,CAUSAL_XGBOOST,17,2025-05-06,2025-05-07,2025-06-05,0,-0.0007809121371898078,0.0,-0.0007809121371898078,0.49191767409794507,0.5080823259020549,0.0,1.0,0.08197798209786725,0.1,1.0966483313024447,1.1221763204892428,-0.022748643613927366,-0.0007812172079054359,0.0409364819598583
2025-06-06,CAUSAL_XGBOOST,18,2025-06-05,2025-06-06,2025-07-08,1,0.0017183406634154695,0.00011809001717007109,0.0016002506462453985,0.38326575143226216,0.6167342485677378,0.11809001717007109,0.8161214488926901,0.10000000000000003,0.1,1.0984032435033153,1.1221763204892428,-0.021184796499326364,0.0015989716095177514,0.04090191058237576
2025-06-09,CAUSAL_XGBOOST,18,2025-06-05,2025-06-06,2025-07-08,0,0.0010953124691634201,0.0,0.0010953124691634201,0.3826083000321567,0.6173916999678434,0.0,0.8161214488926901,0.10000000000000003,0.1,1.0996063382720942,1.1221763204892428,-0.020112688001925227,0.0010947130521202473,0.040845462030084934
2025-06-10,CAUSAL_XGBOOST,18,2025-06-05,2025-06-06,2025-07-08,0,0.0025473435218550085,0.0,0.0025473435218550085,0.3821896829068831,0.6178103170931167,0.0,0.8161214488926901,0.10000000000000003,0.1,1.1024074133544823,1.1221763204892428,-0.01761657840555897,0.002544104541709839,0.04132224523169109
2025-06-11,CAUSAL_XGBOOST,18,2025-06-05,2025-06-06,2025-07-08,0,0.0012829754046741596,0.0,0.0012829754046741596,0.3812185882058064,0.6187814117941937,0.0,0.8161214488926901,0.10000000000000003,0.1,1.1038217749517465,1.1221763204892428,-0.016356204637693716,0.0012821530949899147,0.036602840309838666
2025-06-12,CAUSAL_XGBOOST,18,2025-06-05,2025-06-06,2025-07-08,0,0.0027214782429512514,0.0,0.0027214782429512514,0.38073012082496926,0.6192698791750307,0.0,0.8161214488926901,0.10000000000000003,0.1,1.1068258018963735,1.1221763204892428,-0.013679239449801317,0.0027177817261790044,0.03731150882750796
2025-06-13,CAUSAL_XGBOOST,18,2025-06-05,2025-06-06,2025-07-08,0,-0.0027636847283205356,0.0,-0.0027636847283205356,0.379696784287612,0.6203032157123879,0.0,0.8161214488926901,0.10000000000000003,0.1,1.1037668843307613,1.1221763204892428,-0.016405119072959384,-0.0027675107558744905,0.0370771537831443
2025-06-16,CAUSAL_XGBOOST,18,2025-06-05,2025-06-06,2025-07-08,0,0.0012118298189953058,0.0,0.0012118298189953058,0.3807490546352299,0.6192509453647703,0.0,0.8161214488926901,0.10000000000000003,0.1,1.105104461954413,1.1221763204892428,-0.01521316946644069,0.0012110961459050034,0.03628050347836296
2025-06-17,CAUSAL_XGBOOST,18,2025-06-05,2025-06-06,2025-07-08,0,-0.0010854391024911897,0.0,-0.0010854391024911897,0.38028821004248803,0.619711789957512,0.0,0.8161214488926901,0.10000000000000003,0.1,1.1039049383590702,1.1221763204892428,-0.01628209559992022,-0.001086028618141299,0.03664102713282481
2025-06-18,CAUSAL_XGBOOST,18,2025-06-05,2025-06-06,2025-07-08,0,0.00016609797264912393,0.0,0.00016609797264912393,0.38070143826996083,0.619298561730039,0.0,0.8161214488926901,0.10000000000000003,0.1,1.104088294731329,1.1221763204892428,-0.016118702050340605,0.00016608417990814125,0.036631416713939685
2025-06-20,CAUSAL_XGBOOST,18,2025-06-05,2025-06-06,2025-07-08,0,-0.00023576606577720998,0.0,-0.00023576606577720998,0.38063821503413087,0.619361784965869,0.0,0.8161214488926901,0.10000000000000003,0.1,1.1038279881778095,1.1221763204892428,-0.016350667873150093,-0.00023579386296527098,0.03670834112159303
2025-06-23,CAUSAL_XGBOOST,18,2025-06-05,2025-06-06,2025-07-08,0,0.0008706441572445484,0.0,0.0008706441572445484,0.38072797777158146,0.6192720222284186,0.0,0.8161214488926901,0.10000000000000003,0.1,1.1047890295663194,1.1221763204892428,-0.015494259329356441,0.000870265366465651,0.028542467553449774
2025-06-24,CAUSAL_XGBOOST,18,2025-06-05,2025-06-06,2025-07-08,0,0.003089352891700271,0.0,0.003089352891700271,0.3803967875310829,0.6196032124689169,0.0,0.8161214488926901,0.10000000000000003,0.1,1.1082021127495287,1.1221763204892428,-0.012452773672520179,0.0030845906467048515,0.029305447272254523
2025-06-25,CAUSAL_XGBOOST,18,2025-06-05,2025-06-06,2025-07-08,0,-0.0005444882843830981,0.0,-0.0005444882843830981,0.3792252269795081,0.6207747730204919,0.0,0.8161214488926901,0.10000000000000003,0.1,1.107598709682408,1.1221763204892428,-0.012990481567530465,-0.0005446365719586881,0.029719424208198345
2025-06-26,CAUSAL_XGBOOST,18,2025-06-05,2025-06-06,2025-07-08,0,0.0037261706403845405,0.0,0.0037261706403845405,0.3794318231619419,0.620568176838058,0.0,0.8161214488926901,0.10000000000000003,0.1,1.1117258114757544,1.1221763204892428,-0.009312715678167383,0.0037192456636628633,0.028434219736344305
2025-06-27,CAUSAL_XGBOOST,18,2025-06-05,2025-06-06,2025-07-08,0,-0.001070298137781217,0.0,-0.001070298137781217,0.3780232440485852,0.6219767559514148,0.0,0.8161214488926901,0.10000000000000003,0.1,1.1105359334100087,1.1221763204892428,-0.010373046433700517,-0.0010708713158505312,0.026698834340336812
2025-06-30,CAUSAL_XGBOOST,18,2025-06-05,2025-06-06,2025-07-08,0,0.0030300925545566257,0.0,0.0030300925545566257,0.3784282751267371,0.6215717248732631,0.0,0.8161214488926901,0.10000000000000003,0.1,1.1139009600734018,1.1221763204892428,-0.0073743851699108465,0.003025511076646948,0.027485173968142058
2025-07-01,CAUSAL_XGBOOST,18,2025-06-05,2025-06-06,2025-07-08,0,0.0015950329328863063,0.0,0.0015950329328863063,0.37728506645592363,0.6227149335440765,0.0,0.8161214488926901,0.10000000000000003,0.1,1.1156776687886925,1.1221763204892428,-0.005791114624230431,0.0015937622188987985,0.026702614238842477
2025-07-02,CAUSAL_XGBOOST,18,2025-06-05,2025-06-06,2025-07-08,0,0.0022725036585838714,0.0,0.0022725036585838714,0.376684242683544,0.6233157573164559,0.0,0.8161214488926901,0.10000000000000003,0.1,1.118213050372815,1.1221763204892428,-0.0035317712948175206,0.002269925427432406,0.026223677411162383
2025-07-03,CAUSAL_XGBOOST,18,2025-06-05,2025-06-06,2025-07-08,0,0.0011734840058068346,0.0,0.0011734840058068346,0.37583016725345436,0.6241698327465457,0.0,0.8161214488926901,0.10000000000000003,0.1,1.119525255502512,1.1221763204892428,-0.002362431766137263,0.0011727960116317316,0.026209482069841507
2025-07-07,CAUSAL_XGBOOST,18,2025-06-05,2025-06-06,2025-07-08,0,-0.004466315133928861,0.0,-0.004466315133928861,0.3753896534991278,0.6246103465008723,0.0,0.8161214488926901,0.10000000000000003,0.1,1.1145251029110455,1.1221763204892428,-0.006818195535316152,-0.004476318917178542,0.032297400762091595
2025-07-08,CAUSAL_XGBOOST,18,2025-06-05,2025-06-06,2025-07-08,0,0.0007108511716015706,0.0,0.0007108511716015706,0.3770737838465294,0.6229262161534707,0.0,0.8161214488926901,0.10000000000000003,0.1,1.1153173643862293,1.1221763204892428,-0.006112191085998919,0.0007105986365769457,0.03182626254585059
2025-07-09,CAUSAL_XGBOOST,19,2025-07-08,2025-07-09,2025-08-06,1,0.0035276762379401303,0.000204245747594897,0.003323430490345233,0.18180388171550488,0.8181961182844951,0.204245747594897,0.8886146804278237,0.1,0.1,1.119024044121442,1.1221763204892428,-0.0028090740378716728,0.003317920100788951,0.032906107694014225
2025-07-10,CAUSAL_XGBOOST,19,2025-07-08,2025-07-09,2025-08-06,0,0.0007500159356326864,0.0,0.0007500159356326864,0.18116479098718802,0.8188352090128123,0.0,0.8886146804278237,0.1,0.1,1.1198633299868892,1.1221763204892428,-0.0020611649525318354,0.000749734814235738,0.0329001955816564
2025-07-11,CAUSAL_XGBOOST,19,2025-07-08,2025-07-09,2025-08-06,0,-0.0028140264853080193,0.0,-0.0028140264853080193,0.181029016340121,0.8189709836598791,0.0,0.8886146804278237,0.1,0.1,1.1167120049163808,1.1221763204892428,-0.004869391265072909,-0.0028179933014028085,0.03465738767920289
2025-07-14,CAUSAL_XGBOOST,19,2025-07-08,2025-07-09,2025-08-06,0,-4.492106541399883e-05,0.0,-4.492106541399883e-05,0.1815398743546946,0.8184601256453053,0.0,0.8886146804278237,0.1,0.1,1.1166618410233593,1.1221763204892428,-0.004914093592243374,-4.492207439527425e-05,0.03463987300633217
2025-07-15,CAUSAL_XGBOOST,19,2025-07-08,2025-07-09,2025-08-06,0,-0.00431959191279369,0.0,-0.00431959191279369,0.18154802968561187,0.8184519703143882,0.0,0.8886146804278237,0.1,0.1,1.1118383175655495,1.1221763204892428,-0.00921245862609732,-0.004328948303521319,0.03756297410812348
2025-07-16,CAUSAL_XGBOOST,19,2025-07-08,2025-07-09,2025-08-06,0,0.0026875583518462705,0.0,0.0026875583518462705,0.18233564526430962,0.8176643547356903,0.0,0.8886146804278237,0.1,0.1,1.1148264479218255,1.1221763204892428,-0.006549659294372678,0.002683953324601826,0.03684898296765456
2025-07-17,CAUSAL_XGBOOST,19,2025-07-08,2025-07-09,2025-08-06,0,0.0025756367735267614,0.0,0.0025756367735267614,0.18184692105287645,0.8181530789471236,0.0,0.8886146804278237,0.1,0.1,1.1176978359171932,1.1221763204892428,-0.003990892064178575,0.002572325505662347,0.0374878833329259
2025-07-18,CAUSAL_XGBOOST,19,2025-07-08,2025-07-09,2025-08-06,0,-0.0002946861219679136,0.0,-0.0002946861219679136,0.18137975269187007,0.81862024730813,0.0,0.8886146804278237,0.1,0.1,1.1173684658763947,1.1221763204892428,-0.004284402125640963,-0.0002947295504552117,0.03715426483249255
2025-07-21,CAUSAL_XGBOOST,19,2025-07-08,2025-07-09,2025-08-06,0,0.0018637174370638662,0.0,0.0018637174370638662,0.1814332185434388,0.8185667814565614,0.0,0.8886146804278237,0.1,0.1,1.1194509249698739,1.1221763204892428,-0.002428669603526057,0.0018619828705481137,0.037381545022489124
2025-07-22,CAUSAL_XGBOOST,19,2025-07-08,2025-07-09,2025-08-06,0,0.0024424514490825147,0.0,0.0024424514490825147,0.18109570731593666,0.8189042926840633,0.0,0.8886146804278237,0.1,0.1,1.1221851295037435,1.1221851295037435,0.0,0.0024394735125332465,0.03772276012056469
2025-07-23,CAUSAL_XGBOOST,19,2025-07-08,2025-07-09,2025-08-06,0,0.0034727885035858706,0.0,0.0034727885035858706,0.1806544675498862,0.8193455324501138,0.0,0.8886146804278237,0.1,0.1,1.1260822411203792,1.1260822411203792,0.0,0.003466772298239564,0.03885178107183793
2025-07-24,CAUSAL_XGBOOST,19,2025-07-08,2025-07-09,2025-08-06,0,-0.0015137782920369562,0.0,-0.0015137782920369562,0.1800292639915872,0.8199707360084129,0.0,0.8886146804278237,0.1,0.1,1.1243776022687229,1.1260822411203792,-0.0015137782920370269,-0.0015149252119968314,0.038873718505646984
2025-07-25,CAUSAL_XGBOOST,19,2025-07-08,2025-07-09,2025-08-06,0,0.0007189292342466697,0.0,0.0007189292342466697,0.1803022015503005,0.8196977984496993,0.0,0.8886146804278237,0.1,0.1,1.125185950197326,1.1260822411203792,-0.0007959373572585804,0.0007186709284197351,0.03861361495085695
2025-07-28,CAUSAL_XGBOOST,19,2025-07-08,2025-07-09,2025-08-06,0,-0.001505622938905226,0.0,-0.001505622938905226,0.18017267015051705,0.819827329849483,0.0,0.8886146804278237,0.1,0.1,1.1234918444201751,1.1260822411203792,-0.0023003619146207965,-0.0015067575281076616,0.037785364743688286
2025-07-29,CAUSAL_XGBOOST,19,2025-07-08,2025-07-09,2025-08-06,0,0.0017048874710027973,0.0,0.0017048874710027973,0.18044435130503778,0.8195556486949622,0.0,0.8886146804278237,0.1,0.1,1.125407271589501,1.1260822411203792,-0.0005993963018249282,0.0017034358000812472,0.037552342943719993
2025-07-30,CAUSAL_XGBOOST,19,2025-07-08,2025-07-09,2025-08-06,0,-0.0032403294828555803,0.0,-0.0032403294828555803,0.18013723758561695,0.8198627624143828,0.0,0.8886146804278237,0.1,0.1,1.1217605812271494,1.1260822411203792,-0.00383778354317188,-0.0032455907189341917,0.038782419554234754
2025-07-31,CAUSAL_XGBOOST,19,2025-07-08,2025-07-09,2025-08-06,0,-0.0032272620018506545,0.0,-0.0032272620018506545,0.1807228391294736,0.8192771608705266,0.0,0.8886146804278237,0.1,0.1,1.1181403659281812,1.1260822411203792,-0.007052660012022205,-0.0032324808432689697,0.04037911585220105
2025-08-01,CAUSAL_XGBOOST,19,2025-07-08,2025-07-09,2025-08-06,0,-0.0028134577213759634,0.0,-0.0028134577213759634,0.18130796744343655,0.8186920325565635,0.0,0.8886146804278237,0.1,0.1,1.1149945252820783,1.1260822411203792,-0.009846275372631164,-0.002817422932600038,0.04078602572083775
2025-08-04,CAUSAL_XGBOOST,19,2025-07-08,2025-07-09,2025-08-06,0,0.006165837773540732,0.0,0.006165837773540732,0.18181950894477403,0.8181804910552261,0.0,0.8886146804278237,0.1,0.1,1.1218694006433536,1.1260822411203792,-0.0037411481357118026,0.00614690677294867,0.04609352870422658
2025-08-05,CAUSAL_XGBOOST,19,2025-07-08,2025-07-09,2025-08-06,0,-0.0010636961836721468,0.0,-0.0010636961836721468,0.18070530932267292,0.8192946906773272,0.0,0.8886146804278237,0.1,0.1,1.1206760724433107,1.1260822411203792,-0.0048008648743894655,-0.0010642623099509068,0.0432534806097475
2025-08-06,CAUSAL_XGBOOST,19,2025-07-08,2025-07-09,2025-08-06,0,0.000768849271727976,0.0,0.000768849271727976,0.18089772954722724,0.8191022704527726,0.0,0.8886146804278237,0.1,0.1,1.1215377034254517,1.1260822411203792,-0.00403570674412379,0.0007685538585357719,0.043261517945876335
2025-08-07,CAUSAL_XGBOOST,20,2025-08-06,2025-08-07,2025-09-05,1,-0.00014069644107211622,0.00018812675711882477,-0.000328823198190941,0.2744214523288111,0.7255785476711889,0.18812675711882476,1.0,0.04130631677672837,0.1,1.1211689158109195,1.1260822411203792,-0.004363202908316266,-0.0003288772723930015,0.041839847660539047
2025-08-08,CAUSAL_XGBOOST,20,2025-08-06,2025-08-07,2025-09-05,0,0.0014349424625851584,0.0,0.0014349424625851584,0.27446006788357874,0.7255399321164214,0.0,1.0,0.04130631677672837,0.1,1.1227777286959473,1.1260822411203792,-0.0029345213908570367,0.0014339139164684573,0.04204217307046295
2025-08-11,CAUSAL_XGBOOST,20,2025-08-06,2025-08-07,2025-09-05,0,-0.0012806511253223953,0.0,-0.0012806511253223953,0.2740667977978339,0.7259332022021661,0.0,1.0,0.04130631677672837,0.1,1.1213398421342058,1.1260822411203792,-0.004211414418058057,-0.001281471859765948,0.041011817641276704
2025-08-12,CAUSAL_XGBOOST,20,2025-08-06,2025-08-07,2025-09-05,0,0.0039641677080612,0.0,0.0039641677080612,0.27441823181521696,0.7255817681847828,0.0,1.0,0.04130631677672837,0.1,1.1257850213261567,1.1260822411203792,-0.0002639414630380976,0.003956331098847302,0.04300817185089853
2025-08-13,CAUSAL_XGBOOST,20,2025-08-06,2025-08-07,2025-09-05,0,0.004289405976740276,0.0,0.004289405976740276,0.27333468727443067,0.7266653127255693,0.0,1.0,0.04130631677672837,0.1,1.1306139703251576,1.1306139703251576,0.0,0.004280232697514224,0.0414232497149784
2025-08-14,CAUSAL_XGBOOST,20,2025-08-06,2025-08-07,2025-09-05,0,-0.0018903839301605717,0.0,-0.0018903839301605717,0.2721672514394334,0.7278327485605666,0.0,1.0,0.04130631677672837,0.1,1.1284766758444398,1.1306139703251576,-0.0018903839301607217,-0.001892172960854395,0.04182853098184917
2025-08-15,CAUSAL_XGBOOST,20,2025-08-06,2025-08-07,2025-09-05,0,-0.000487388434837409,0.0,-0.000487388434837409,0.27268272648361036,0.7273172735163896,0.0,1.0,0.04130631677672837,0.1,1.1279266693636494,1.1306139703251576,-0.0023768510137331944,-0.00048750724718736084,0.041331780251846355
2025-08-18,CAUSAL_XGBOOST,20,2025-08-06,2025-08-07,2025-09-05,0,-0.00046110655543823813,0.0,-0.00046110655543823813,0.27281569369756065,0.7271843063024391,0.0,1.0,0.04130631677672837,0.1,1.1274065749823523,1.1306139703251576,-0.002836861587587558,-0.0004612128977573223,0.04137275882523503
2025-08-19,CAUSAL_XGBOOST,20,2025-08-06,2025-08-07,2025-09-05,0,-0.001475459052145378,0.0,-0.001475459052145378,0.27294154883497995,0.72705845116502,0.0,1.0,0.04130631677672837,0.1,1.1257431327458463,1.1306139703251576,-0.0043081349666239666,-0.0014765486137201947,0.041528717412451885
2025-08-20,CAUSAL_XGBOOST,20,2025-08-06,2025-08-07,2025-09-05,0,0.0013690661182403,0.0,0.0013690661182403,0.273344857980044,0.7266551420199558,0.0,1.0,0.04130631677672837,0.1,1.1272843495267304,1.1306139703251576,-0.002944966969999241,0.0013681298017109733,0.0409847906617867
2025-08-21,CAUSAL_XGBOOST,20,2025-08-06,2025-08-07,2025-09-05,0,-0.0015627159387003482,0.0,-0.0015627159387003482,0.27297114243767523,0.7270288575623249,0.0,1.0,0.04130631677672837,0.1,1.1255227243062775,1.1306139703251576,-0.0045030807618765545,-0.0015639382528387109,0.039639913780078966
2025-08-22,CAUSAL_XGBOOST,20,2025-08-06,2025-08-07,2025-09-05,0,0.008906009475386816,0.0,0.008906009475386816,0.27339838645380155,0.7266016135461986,0.0,1.0,0.04130631677672837,0.1,1.1355466403537124,1.1355466403537124,0.0,0.0088665848773242,0.049744321422412814
2025-08-25,CAUSAL_XGBOOST,20,2025-08-06,2025-08-07,2025-09-05,0,-0.0028741545554187057,0.0,-0.0028741545554187057,0.2709849915513575,0.7290150084486424,0.0,1.0,0.04130631677672837,0.1,1.1322829038044493,1.1355466403537124,-0.0028741545554188397,-0.002878292868960186,0.05106150755550944
2025-08-26,CAUSAL_XGBOOST,20,2025-08-06,2025-08-07,2025-09-05,0,0.0014637839756820891,0.0,0.0014637839756820891,0.2717660892949128,0.7282339107050873,0.0,1.0,0.04130631677672837,0.1,1.133940321374977,1.1355466403537124,-0.0014145777211186372,0.0014627136882374601,0.0507733604921689
2025-08-27,CAUSAL_XGBOOST,20,2025-08-06,2025-08-07,2025-09-05,0,0.0009579502599786333,0.0,0.0009579502599786333,0.2713688639004363,0.7286311360995636,0.0,1.0,0.04130631677672837,0.1,1.1350265798006385,1.1355466403537124,-0.00045798255623563655,0.0009574917184449591,0.05060510609726307
2025-08-28,CAUSAL_XGBOOST,20,2025-08-06,2025-08-07,2025-09-05,0,0.0022498311082412292,0.0,0.0022498311082412292,0.2711091548150986,0.7288908451849015,0.0,1.0,0.04130631677672837,0.1,1.1375801979085547,1.1375801979085547,0.0,0.002247304027859678,0.049168904553160885
2025-08-29,CAUSAL_XGBOOST,20,2025-08-06,2025-08-07,2025-09-05,0,-0.001454771402984694,0.0,-0.001454771402984694,0.2705005742084473,0.7294994257915526,0.0,1.0,0.04130631677672837,0.1,1.1359252787680356,1.1375801979085547,-0.001454771402984778,-0.0014558306102964698,0.04775855438199378
2025-09-02,CAUSAL_XGBOOST,20,2025-08-06,2025-08-07,2025-09-05,0,-0.0005042368227556435,0.0,-0.0005042368227556435,0.2708946640188831,0.7291053359811167,0.0,1.0,0.04130631677672837,0.1,1.1353525034145817,1.1375801979085547,-0.0019582746764303938,-0.0005043639928933957,0.04622829861802005
2025-09-03,CAUSAL_XGBOOST,20,2025-08-06,2025-08-07,2025-09-05,0,0.0013997733345702248,0.0,0.0013997733345702248,0.27103132799457835,0.7289686720054216,0.0,1.0,0.04130631677672837,0.1,1.1369417395741992,1.1375801979085547,-0.0005612424825337525,0.0013987945651399076,0.042133016952867974
2025-09-04,CAUSAL_XGBOOST,20,2025-08-06,2025-08-07,2025-09-05,0,0.003150378533596473,0.0,0.003150378533596473,0.2706524758759119,0.7293475241240883,0.0,1.0,0.04130631677672837,0.1,1.1405235364245037,1.1405235364245037,0.0,0.003145426488961518,0.042515063935699315
2025-09-05,CAUSAL_XGBOOST,20,2025-08-06,2025-08-07,2025-09-05,0,0.001617669529137216,0.0,0.001617669529137216,0.26980249588456634,0.7301975041154335,0.0,1.0,0.04130631677672837,0.1,1.1423685265966415,1.1423685265966415,0.0,0.0016163625111434033,0.04259948117571738
2025-09-08,CAUSAL_XGBOOST,21,2025-09-05,2025-09-08,2025-10-06,1,0.00408709760172682,0.0002497892686046984,0.0038373083331221212,0.01957748089703626,0.9804225191029637,0.24978926860469844,1.0,0.052221204032495624,0.1,1.1467521468632471,1.1467521468632471,0.0,0.0038299646461659124,0.0435425950131829
2025-09-09,CAUSAL_XGBOOST,21,2025-09-05,2025-09-08,2025-10-06,0,0.00016191095181656467,0.0,0.00016191095181656467,0.019497791520075587,0.9805022084799243,0.0,1.0,0.052221204032495624,0.1,1.1469378185948433,1.1469378185948433,0.0,0.0001618978456530741,0.04363311797004232
2025-09-10,CAUSAL_XGBOOST,21,2025-09-05,2025-09-08,2025-10-06,0,0.0026249452902935098,0.0,0.0026249452902935098,0.01949463512514716,0.980505364874853,0.0,1.0,0.052221204032495624,0.1,1.1499484676200233,1.1499484676200233,0.0,0.0026215061384805734,0.043138101710148036
2025-09-11,CAUSAL_XGBOOST,21,2025-09-05,2025-09-08,2025-10-06,0,0.006155897072792214,0.0,0.006155897072792214,0.0194435967474386,0.9805564032525612,0.0,1.0,0.052221204032495624,0.1,1.1570274320257072,1.1570274320257072,0.0,0.0061370269405377174,0.04549120596956657
2025-09-12,CAUSAL_XGBOOST,21,2025-09-05,2025-09-08,2025-10-06,0,-0.0019749687432955585,0.0,-0.0019749687432955585,0.019324636275557125,0.980675363724443,0.0,1.0,0.052221204032495624,0.1,1.1547423390123208,1.1570274320257072,-0.001974968743295613,-0.0019769215656630927,0.04549617589698635
2025-09-15,CAUSAL_XGBOOST,21,2025-09-05,2025-09-08,2025-10-06,0,0.0036020103206889946,0.0,0.0036020103206889946,0.01936287735310978,0.9806371226468902,0.0,1.0,0.052221204032495624,0.1,1.1589017328351798,1.1589017328351798,0.0,0.0035955386176187627,0.04506168645349571
2025-09-16,CAUSAL_XGBOOST,21,2025-09-05,2025-09-08,2025-10-06,0,0.0009447995094759837,0.0,0.0009447995094759837,0.01929338239061778,0.9807066176093823,0.0,1.0,0.052221204032495624,0.1,1.1599966626238933,1.1599966626238933,0.0,0.0009443534673442468,0.04463020875821294
2025-09-17,CAUSAL_XGBOOST,21,2025-09-05,2025-09-08,2025-10-06,0,-0.00112710682997652,0.0,-0.00112710682997652,0.01927517121830566,0.9807248287816943,0.0,1.0,0.052221204032495624,0.1,1.1586892224627,1.1599966626238933,-0.0011271068299766318,-0.001127742492564262,0.0450261883292229
2025-09-18,CAUSAL_XGBOOST,21,2025-09-05,2025-09-08,2025-10-06,0,0.001831287634896523,0.0,0.001831287634896523,0.019296920909660457,0.9807030790903398,0.0,1.0,0.052221204032495624,0.1,1.1608111157084837,1.1608111157084837,0.0,0.0018296128720322864,0.043896715387444885
2025-09-19,CAUSAL_XGBOOST,21,2025-09-05,2025-09-08,2025-10-06,0,-5.169071890948881e-05,0.0,-5.169071890948881e-05,0.01926164729314478,0.9807383527068552,0.0,1.0,0.052221204032495624,0.1,1.1607511125473946,1.1608111157084837,-5.169071890953614e-05,-5.169205492073929e-05,0.04420889087351801
2025-09-22,CAUSAL_XGBOOST,21,2025-09-05,2025-09-08,2025-10-06,0,0.0024735723021070896,0.0,0.0024735723021070896,0.01926264299300919,0.9807373570069908,0.0,1.0,0.052221204032495624,0.1,1.1636223143490316,1.1636223143490316,0.0,0.0024705180576996295,0.04300125188043567
2025-09-23,CAUSAL_XGBOOST,21,2025-09-05,2025-09-08,2025-10-06,0,0.0006051780066660649,0.0,0.0006051780066660649,0.01921511302165696,0.980784886978343,0.0,1.0,0.052221204032495624,0.1,1.1643265129817415,1.1643265129817415,0.0,0.0006049949603028876,0.03394463074787858
2025-09-24,CAUSAL_XGBOOST,21,2025-09-05,2025-09-08,2025-10-06,0,-0.0026376706195371464,0.0,-0.0026376706195371464,0.01920349149095544,0.9807965085090448,0.0,1.0,0.052221204032495624,0.1,1.1612554031469013,1.1643265129817415,-0.0026376706195372357,-0.00264115540183982,0.033594496558681686
2025-09-25,CAUSAL_XGBOOST,21,2025-09-05,2025-09-08,2025-10-06,0,-0.002684225640124528,0.0,-0.002684225640124528,0.01925427793416278,0.9807457220658372,0.0,1.0,0.052221204032495624,0.1,1.1581383316190412,1.1643265129817415,-0.005314816156554603,-0.00268783463344971,0.03616855426039472
2025-09-26,CAUSAL_XGBOOST,21,2025-09-05,2025-09-08,2025-10-06,0,0.003772161016665419,0.0,0.003772161016665419,0.019306099862424302,0.9806939001375757,0.0,1.0,0.052221204032495624,0.1,1.1625070158854804,1.1643265129817415,-0.001562703482205774,0.003765064258441931,0.037407994995739664
2025-09-29,CAUSAL_XGBOOST,21,2025-09-05,2025-09-08,2025-10-06,0,0.0028286103765219938,0.0,0.0028286103765219938,0.019233547823113782,0.9807664521768862,0.0,1.0,0.052221204032495624,0.1,1.1657952952933939,1.1657952952933939,0.0,0.0028246173861613353,0.03767597197545282
2025-09-30,CAUSAL_XGBOOST,21,2025-09-05,2025-09-08,2025-10-06,0,0.0017605811297214476,0.0,0.0017605811297214476,0.019179297064422958,0.9808207029355768,0.0,1.0,0.052221204032495624,0.1,1.1678477724914054,1.1678477724914054,0.0,0.0017590331234250774,0.03648344883436866
2025-10-01,CAUSAL_XGBOOST,21,2025-09-05,2025-09-08,2025-10-06,0,0.004258328717788557,0.0,0.004258328717788557,0.01914558970047891,0.9808544102995213,0.0,1.0,0.052221204032495624,0.1,1.172820852199011,1.172820852199011,0.0,0.004249287693402658,0.03719802078911643
2025-10-02,CAUSAL_XGBOOST,21,2025-09-05,2025-09-08,2025-10-06,0,0.0002828219368667366,0.0,0.0002828219368667366,0.019064407187863213,0.9809355928121369,0.0,1.0,0.052221204032495624,0.1,1.1731525516640278,1.1731525516640278,0.0,0.0002827819502819613,0.03745373210633265
2025-10-03,CAUSAL_XGBOOST,21,2025-09-05,2025-09-08,2025-10-06,0,0.0020154985784220127,0.0,0.0020154985784220127,0.019059016879794496,0.9809409831202057,0.0,1.0,0.052221204032495624,0.1,1.1755170389641787,1.1755170389641787,0.0,0.0020134701861860387,0.037027307520957876
2025-10-06,CAUSAL_XGBOOST,21,2025-09-05,2025-09-08,2025-10-06,0,0.002380161407540709,0.0,0.002380161407540709,0.019020680724832973,0.980979319275167,0.0,1.0,0.052221204032495624,0.1,1.1783149592542277,1.1783149592542277,0.0,0.0023773333100411227,0.03716678716991789
2025-10-07,CAUSAL_XGBOOST,22,2025-10-06,2025-10-07,2025-11-05,1,-0.0007954338928855361,0.00016259292766278817,-0.0009580268205483243,0.1641434189774923,0.8358565810225077,0.16259292766278816,1.0,0.04024604116956299,0.1,1.1771861019202088,1.1783149592542277,-0.0009580268205483522,-0.0009584860215507801,0.03704575955767893
2025-10-08,CAUSAL_XGBOOST,22,2025-10-06,2025-10-07,2025-11-05,0,0.0021921770401285845,0.0,0.0021921770401285845,0.16427408815493358,0.8357259118450664,0.0,1.0,0.04024604116956299,0.1,1.1797667022647966,1.1797667022647966,0.0,0.0021897777258821985,0.03696307958168621
2025-10-09,CAUSAL_XGBOOST,22,2025-10-06,2025-10-07,2025-11-05,0,-0.004245651326125097,0.0,-0.004245651326125097,0.1639147579859386,0.8360852420140616,0.0,1.0,0.04024604116956299,0.1,1.1747578242008079,1.1797667022647966,-0.004245651326125088,-0.004254689695297739,0.04137950687031791
2025-10-10,CAUSAL_XGBOOST,22,2025-10-06,2025-10-07,2025-11-05,0,-0.010507779440209418,0.0,-0.010507779440209418,0.16461365014798768,0.8353863498520124,0.0,1.0,0.04024604116956299,0.1,1.1624137280884455,1.1797667022647966,-0.014708818398619594,-0.010563375961538385,0.05388968579734946
2025-10-14,CAUSAL_XGBOOST,22,2025-10-06,2025-10-07,2025-11-05,0,0.0009242910637617215,0.0,0.0009242910637617215,0.16636174264701134,0.8336382573529888,0.0,1.0,0.04024604116956299,0.1,1.1634881367097114,1.1797667022647966,-0.013798122564262272,0.000923864169805708,0.053332852615318366
2025-10-15,CAUSAL_XGBOOST,22,2025-10-06,2025-10-07,2025-11-05,0,0.00352514635309427,0.0,0.00352514635309427,0.16620811796884807,0.833791882031152,0.0,1.0,0.04024604116956299,0.1,1.167589602671702,1.1797667022647966,-0.010321616612605,0.003518947588119985,0.05327492200974015
2025-10-16,CAUSAL_XGBOOST,22,2025-10-06,2025-10-07,2025-11-05,0,-0.0012642211223918023,0.0,-0.0012642211223918023,0.16562426818387574,0.834375731816124,0.0,1.0,0.04024604116956299,0.1,1.1661135112337195,1.1797667022647966,-0.011572788929257838,-0.001265020924070134,0.05351650797648504
2025-10-17,CAUSAL_XGBOOST,22,2025-10-06,2025-10-07,2025-11-05,0,0.0004589659090455316,0.0,0.0004589659090455316,0.16583391892699226,0.8341660810730076,0.0,1.0,0.04024604116956299,0.1,1.166648717581453,1.1797667022647966,-0.011119134535803599,0.00045886061640862055,0.0532834042817074
2025-10-20,CAUSAL_XGBOOST,22,2025-10-06,2025-10-07,2025-11-05,0,0.007573165208766595,0.0,0.007573165208766595,0.16575784172848193,0.834242158271518,0.0,1.0,0.04024604116956299,0.1,1.1754839410602929,1.1797667022647966,-0.003630176369855298,0.007544632756563216,0.05871632902298604
2025-10-21,CAUSAL_XGBOOST,22,2025-10-06,2025-10-07,2025-11-05,0,-0.0048051477523167,0.0,-0.0048051477523167,0.1645119654354206,0.8354880345645795,0.0,1.0,0.04024604116956299,0.1,1.1698355670430227,1.1797667022647966,-0.008417880588347804,-0.004816729591303977,0.06162877065468335
2025-10-22,CAUSAL_XGBOOST,22,2025-10-06,2025-10-07,2025-11-05,0,-0.00028077047128760243,0.0,-0.00028077047128760243,0.1653062865667607,0.8346937134332393,0.0,1.0,0.04024604116956299,0.1,1.169507111759535,1.1797667022647966,-0.008696287567335315,-0.0002808098946958346,0.06118326836511536
2025-10-23,CAUSAL_XGBOOST,22,2025-10-06,2025-10-07,2025-11-05,0,0.003548204221596026,0.0,0.003548204221596026,0.1653527127258414,0.8346472872741585,0.0,1.0,0.04024604116956299,0.1,1.1736567618306668,1.1797667022647966,-0.00517893954999793,0.0035419241958221086,0.06224063292094241
2025-10-24,CAUSAL_XGBOOST,22,2025-10-06,2025-10-07,2025-11-05,0,0.002738288133021251,0.0,0.002738288133021251,0.16476808192198156,0.8352319180780186,0.0,1.0,0.04024604116956299,0.1,1.176870572213828,1.1797667022647966,-0.0024548328456880375,0.002734545852143765,0.06173650327140936
2025-10-27,CAUSAL_XGBOOST,22,2025-10-06,2025-10-07,2025-11-05,0,0.002456568447896672,0.0,0.002456568447896672,0.16431813153236624,0.8356818684676336,0.0,1.0,0.04024604116956299,0.1,1.1797616353287868,1.1797667022647966,-4.2948627048122745e-06,0.002453556016115014,0.060810764743459284
2025-10-28,CAUSAL_XGBOOST,22,2025-10-06,2025-10-07,2025-11-05,0,-0.001301596808963804,0.0,-0.001301596808963804,0.16391546198034296,0.8360845380196571,0.0,1.0,0.04024604116956299,0.1,1.1782260613489048,1.1797667022647966,-0.0013058860814889606,-0.0013024446218439006,0.06031410814406131
2025-10-29,CAUSAL_XGBOOST,22,2025-10-06,2025-10-07,2025-11-05,0,-0.0026545887302253015,0.0,-0.0026545887302253015,0.16412909188259547,0.8358709081174046,0.0,1.0,0.04024604116956299,0.1,1.1750983557247903,1.1797667022647966,-0.003957008221239455,-0.0026581183988180603,0.06079983629133193
2025-10-30,CAUSAL_XGBOOST,22,2025-10-06,2025-10-07,2025-11-05,0,-0.0028469928167739653,0.0,-0.0028469928167739653,0.16456594679032394,0.8354340532096761,0.0,1.0,0.04024604116956299,0.1,1.171752859147039,1.1797667022647966,-0.006792735464031585,-0.0028510532092600096,0.0615733031661401
2025-10-31,CAUSAL_XGBOOST,22,2025-10-06,2025-10-07,2025-11-05,0,0.00015474718754018043,0.0,0.00015474718754018043,0.16503580253465058,0.8349641974653494,0.0,1.0,0.04024604116956299,0.1,1.1719341846064844,1.1797667022647966,-0.006639039433199989,0.00015473521542923904,0.059752868518846355
2025-11-03,CAUSAL_XGBOOST,22,2025-10-06,2025-10-07,2025-11-05,0,-0.00014466151953120037,0.0,-0.00014466151953120037,0.16501026765981497,0.8349897323401848,0.0,1.0,0.04024604116956299,0.1,1.1717646508265487,1.1797667022647966,-0.006782740539198473,-0.00014467198401803478,0.059742479673148156
2025-11-04,CAUSAL_XGBOOST,22,2025-10-06,2025-10-07,2025-11-05,0,-0.00485486592314327,0.0,-0.00485486592314327,0.165034141749535,0.8349658582504651,0.0,1.0,0.04024604116956299,0.1,1.1660758905533068,1.1797667022647966,-0.011604677166432653,-0.004866689066748896,0.06146815596695033
2025-11-05,CAUSAL_XGBOOST,22,2025-10-06,2025-10-07,2025-11-05,0,0.0017347798531972167,0.0,0.0017347798531972167,0.16583926916612862,0.8341607308338714,0.0,1.0,0.04024604116956299,0.1,1.1680987755155379,1.1797667022647966,-0.009890028873386414,0.001733276860617462,0.061143232793833366
2025-11-06,CAUSAL_XGBOOST,23,2025-11-05,2025-11-06,2025-12-08,1,-0.0006984899956171287,0.00013766643907578015,-0.0008361564346929088,0.295129418309075,0.704870581690925,0.13766643907578013,1.0,0.040280987868502434,0.1,1.1671220622080336,1.1797667022647966,-0.010717915696797586,-0.0008365062084752058,0.06113102174159119
2025-11-07,CAUSAL_XGBOOST,23,2025-11-05,2025-11-06,2025-12-08,0,0.000953768069121704,0.0,0.000953768069121704,0.2953357073460047,0.7046642926539952,0.0,1.0,0.040280987868502434,0.1,1.168235225963735,1.1797667022647966,-0.009774370033435176,0.0009533135213560025,0.060616642617356345
2025-11-10,CAUSAL_XGBOOST,23,2025-11-05,2025-11-06,2025-12-08,0,0.006018662423126866,0.0,0.006018662423126866,0.29505429398174765,0.7049457060182523,0.0,1.0,0.040280987868502434,0.1,1.175266439419616,1.1797667022647966,-0.003814536243938349,0.0060006226219059275,0.06291070966518207
2025-11-12,CAUSAL_XGBOOST,23,2025-11-05,2025-11-06,2025-12-08,0,0.0005599604545768497,0.0,0.0005599604545768497,0.2932890859808416,0.7067109140191585,0.0,1.0,0.040280987868502434,0.1,1.1759245421492823,1.1797667022647966,-0.003256711778810595,0.0005598037352232025,0.04975664064661692
2025-11-13,CAUSAL_XGBOOST,23,2025-11-05,2025-11-06,2025-12-08,0,-0.005930737861337176,0.0,-0.005930737861337176,0.2931249476019345,0.7068750523980655,0.0,1.0,0.040280987868502434,0.1,1.168950441945082,1.1797667022647966,-0.009168134936297756,-0.005948394533134057,0.05456887600016077
2025-11-14,CAUSAL_XGBOOST,23,2025-11-05,2025-11-06,2025-12-08,0,-0.0013157872849034699,0.0,-0.0013157872849034699,0.2948737666139067,0.7051262333860934,0.0,1.0,0.040280987868502434,0.1,1.1674123518168884,1.1797667022647966,-0.010471858905825693,-0.0013166536930823293,0.05344837179050222
2025-11-17,CAUSAL_XGBOOST,23,2025-11-05,2025-11-06,2025-12-08,0,-0.004205904431007559,0.0,-0.004205904431007559,0.295262268953107,0.7047377310468931,0.0,1.0,0.040280987868502434,0.1,1.1625023270335688,1.1797667022647966,-0.014633719699060355,-0.004214774125844519,0.05526877384173378
2025-11-18,CAUSAL_XGBOOST,23,2025-11-05,2025-11-06,2025-12-08,0,-0.0002623598723248978,0.0,-0.0002623598723248978,0.2965093589798756,0.7034906410201244,0.0,1.0,0.040280987868502434,0.1,1.1621973330714708,1.1797667022647966,-0.01489224027055347,-0.00026239429469703207,0.055225495536828796
2025-11-19,CAUSAL_XGBOOST,23,2025-11-05,2025-11-06,2025-12-08,0,-0.0005978230925469132,0.0,-0.0005978230925469132,0.2965871715523373,0.7034128284476628,0.0,1.0,0.040280987868502434,0.1,1.1615025446676641,1.1797667022647966,-0.01548116043796699,-0.0005980018600230052,0.04753962060410164
2025-11-20,CAUSAL_XGBOOST,23,2025-11-05,2025-11-06,2025-12-08,0,-0.004312835699495189,0.0,-0.004312835699495189,0.29676458427386626,0.7032354157261336,0.0,1.0,0.040280987868502434,0.1,1.156493175027967,1.1797667022647966,-0.019727228436055566,-0.004322162802549818,0.047010856691190435
2025-11-21,CAUSAL_XGBOOST,23,2025-11-05,2025-11-06,2025-12-08,0,0.004042798184465238,0.0,0.004042798184465238,0.2980500250621899,0.70194997493781,0.0,1.0,0.040280987868502434,0.1,1.1611686435363167,1.1797667022647966,-0.015764183454896052,0.004034648034774144,0.04962220704605003
2025-11-24,CAUSAL_XGBOOST,23,2025-11-05,2025-11-06,2025-12-08,0,0.004943749883577811,0.0,0.004943749883577811,0.2968499207415573,0.7031500792584426,0.0,1.0,0.040280987868502434,0.1,1.1669091708826136,1.1797667022647966,-0.010898367751438043,0.004931569679548632,0.051200624142513675
2025-11-25,CAUSAL_XGBOOST,23,2025-11-05,2025-11-06,2025-12-08,0,0.0035556754064677877,0.0,0.0035556754064677877,0.29538958849781116,0.7046104115021887,0.0,1.0,0.040280987868502434,0.1,1.1710583211231027,1.1797667022647966,-0.007381443403154608,0.0035493689374198186,0.05187734366436983
2025-11-26,CAUSAL_XGBOOST,23,2025-11-05,2025-11-06,2025-12-08,0,0.0037306337271103655,0.0,0.0037306337271103655,0.29434300033047023,0.7056569996695299,0.0,1.0,0.040280987868502434,0.1,1.1754271107922978,1.1797667022647966,-0.0036783471377588306,0.003723692172017237,0.05288379570912766
2025-11-28,CAUSAL_XGBOOST,23,2025-11-05,2025-11-06,2025-12-08,0,0.0022065211860540575,0.0,0.0022065211860540575,0.2932489957365343,0.7067510042634659,0.0,1.0,0.040280987868502434,0.1,1.1780207156149232,1.1797667022647966,-0.0014799423025939618,0.0022040903932556226,0.0533352000565731
2025-12-01,CAUSAL_XGBOOST,23,2025-11-05,2025-11-06,2025-12-08,0,-0.0025960584725022505,0.0,-0.0025960584725022505,0.29260336022309136,0.7073966397769086,0.0,1.0,0.040280987868502434,0.1,1.174962504955368,1.1797667022647966,-0.004072158758342659,-0.0025994340757398045,0.0532988388303792
2025-12-02,CAUSAL_XGBOOST,23,2025-11-05,2025-11-06,2025-12-08,0,-0.0002470780025178214,0.0,-0.0002470780025178214,0.2933649527943283,0.7066350472056716,0.0,1.0,0.040280987868502434,0.1,1.1746721975666103,1.1797667022647966,-0.0043182306200084675,-0.0002471085313162521,0.05230114150421141
2025-12-03,CAUSAL_XGBOOST,23,2025-11-05,2025-11-06,2025-12-08,0,0.002912421542587984,0.0,0.002912421542587984,0.293437454734508,0.7065625452654919,0.0,1.0,0.040280987868502434,0.1,1.1780933381802825,1.1797667022647966,-0.0014183855853040495,0.0029081886596019333,0.05318742603901881
2025-12-04,CAUSAL_XGBOOST,23,2025-11-05,2025-11-06,2025-12-08,0,0.00011862280699199806,0.0,0.00011862280699199806,0.29258532293694145,0.7074146770630585,0.0,1.0,0.040280987868502434,0.1,1.1782330869189561,1.1797667022647966,-0.0012999310311915258,0.00011861577186317438,0.05317065111472376
2025-12-05,CAUSAL_XGBOOST,23,2025-11-05,2025-11-06,2025-12-08,0,-5.097060412581102e-07,0.0,-5.097060412581102e-07,0.2925506197612381,0.707449380238762,0.0,1.0,0.040280987868502434,0.1,1.1782324863664337,1.1797667022647966,-0.0013004400746500222,-5.097061711582786e-07,0.04982305870321837
2025-12-08,CAUSAL_XGBOOST,23,2025-11-05,2025-11-06,2025-12-08,0,-0.002605294910138118,0.0,-0.002605294910138118,0.29255076887613235,0.7074492311238676,0.0,1.0,0.040280987868502434,0.1,1.1751628432667438,1.1797667022647966,-0.0039023469548807865,-0.002608694596997522,0.05072432007163636
2025-12-09,CAUSAL_XGBOOST,24,2025-12-08,2025-12-09,2025-12-31,1,-0.0006762573273836972,0.00022522025526691775,-0.000901477582650615,0.09372248424660701,0.906277515753393,0.22522025526691775,1.0,0.05691295242805084,0.1,1.1741034603075748,1.1797667022647966,-0.004800306659231923,-0.0009018841579306576,0.05074306968106754
2025-12-10,CAUSAL_XGBOOST,24,2025-12-08,2025-12-09,2025-12-31,0,0.006036151744440235,0.0,0.006036151744440235,0.09378590765386328,0.9062140923461368,0.0,1.0,0.05691295242805084,0.1,1.1811905269576637,1.1811905269576637,0.0,0.006018007159534487,0.05448025195558242
2025-12-11,CAUSAL_XGBOOST,24,2025-12-08,2025-12-09,2025-12-31,0,0.0014313757440517804,0.0,0.0014313757440517804,0.0932231982829255,0.9067768017170746,0.0,1.0,0.05691295242805084,0.1,1.1828812544270546,1.1828812544270546,0.0,0.001430352302294851,0.0508737074901163
2025-12-12,CAUSAL_XGBOOST,24,2025-12-08,2025-12-09,2025-12-31,0,-0.0059421404682675205,0.0,-0.0059421404682675205,0.09308995158421289,0.906910048415787,0.0,1.0,0.05691295242805084,0.1,1.1758524078559685,1.1828812544270546,-0.005942140468267576,-0.0059598652351894555,0.05528798384547466
2025-12-15,CAUSAL_XGBOOST,24,2025-12-08,2025-12-09,2025-12-31,0,-0.00014650593317672408,0.0,-0.00014650593317672408,0.09364641171698443,0.9063535882830156,0.0,1.0,0.05691295242805084,0.1,1.1756801385016773,1.1828812544270546,-0.00608777584261011,-0.00014651666621926781,0.050906098443187296
2025-12-16,CAUSAL_XGBOOST,24,2025-12-08,2025-12-09,2025-12-31,0,-0.002631557835578729,0.0,-0.002631557835578729,0.0936601334822417,0.9063398665177582,0.0,1.0,0.05691295242805084,0.1,1.1725862682210688,1.1828812544270546,-0.00870331334396901,-0.0026350264705117072,0.051624733542202095
2025-12-17,CAUSAL_XGBOOST,24,2025-12-08,2025-12-09,2025-12-31,0,-0.001798006148446746,0.0,-0.001798006148446746,0.09390725585721045,0.9060927441427897,0.0,1.0,0.05691295242805084,0.1,1.170477950901223,1.1828812544270546,-0.010485670881511422,-0.0017996245016653014,0.04965655701650431
2025-12-18,CAUSAL_XGBOOST,24,2025-12-08,2025-12-09,2025-12-31,0,0.0028842234437127996,0.0,0.0028842234437127996,0.0940764058132865,0.9059235941867136,0.0,1.0,0.05691295242805084,0.1,1.1738538708475612,1.1828812544270546,-0.007631690455578211,0.0028800720517219405,0.050375713660894696
2025-12-19,CAUSAL_XGBOOST,24,2025-12-08,2025-12-09,2025-12-31,0,0.0030218922890550455,0.0,0.0030218922890550455,0.09380584878506325,0.9061941512149368,0.0,1.0,0.05691295242805084,0.1,1.177401130808353,1.1828812544270546,-0.004632860313063314,0.0030173355502263154,0.050958633541178196
2025-12-22,CAUSAL_XGBOOST,24,2025-12-08,2025-12-09,2025-12-31,0,0.00439165159683879,0.0,0.00439165159683879,0.09352323165248509,0.906476768347515,0.0,1.0,0.05691295242805084,0.1,1.1825718663645872,1.1828812544270546,-0.0002615546246163003,0.004382036435645084,0.049151698857549636
2025-12-23,CAUSAL_XGBOOST,24,2025-12-08,2025-12-09,2025-12-31,0,0.0027618720072259554,0.0,0.0027618720072259554,0.09311430606158122,0.9068856939384189,0.0,1.0,0.05691295242805084,0.1,1.1858379784988327,1.1858379784988327,0.0,0.0027580650466813936,0.04837159900229759
2025-12-24,CAUSAL_XGBOOST,24,2025-12-08,2025-12-09,2025-12-31,0,0.002215127291072293,0.0,0.002215127291072293,0.09285784457998442,0.9071421554200155,0.0,1.0,0.05691295242805084,0.1,1.1884647605677954,1.1884647605677954,0.0,0.0022126775136599814,0.04646739172511755
2025-12-26,CAUSAL_XGBOOST,24,2025-12-08,2025-12-09,2025-12-31,0,0.0004371884024549189,0.0,0.0004371884024549189,0.09265260726105144,0.9073473927389485,0.0,1.0,0.05691295242805084,0.1,1.188984343577842,1.188984343577842,0.0,0.00043709286344998077,0.04544709930232972
2025-12-29,CAUSAL_XGBOOST,24,2025-12-08,2025-12-09,2025-12-31,0,-0.002719004767036683,0.0,-0.002719004767036683,0.09261211831699648,0.9073878816830037,0.0,1.0,0.05691295242805084,0.1,1.1857514894797219,1.188984343577842,-0.0027190047670366813,-0.0027227079747143496,0.0455710178951601
2025-12-30,CAUSAL_XGBOOST,24,2025-12-08,2025-12-09,2025-12-31,0,0.00017658006639645238,0.0,0.00017658006639645238,0.09286461765508972,0.9071353823449105,0.0,1.0,0.05691295242805084,0.1,1.1859608695564638,1.188984343577842,-0.002542904822682601,0.00017656447797157116,0.04510776240144865
2025-12-31,CAUSAL_XGBOOST,24,2025-12-08,2025-12-09,2025-12-31,0,-0.00483199964017507,0.0,-0.00483199964017507,0.09284822250979413,0.907151777490206,0.0,1.0,0.05691295242805084,0.1,1.1802303070615052,1.188984343577842,-0.0073626171476695035,-0.004843711493447921,0.04754215117993482
2023-12-29,CAUSAL_MLP,1,2023-12-28,2023-12-29,2024-01-30,1,-0.0014482849667704226,0.0003946659181471395,-0.001842950884917562,0.6053340818528605,0.3946659181471395,0.3946659181471395,1.0,0.03743262552531429,0.1,0.9981570491150824,0.9981570491150824,0.0,-0.0018446512082958087,
2024-01-02,CAUSAL_MLP,1,2023-12-28,2023-12-29,2024-01-30,0,-0.0019059039822796925,0.0,-0.0019059039822796925,0.6062120496510451,0.3937879503489548,0.0,1.0,0.03743262552531429,0.1,0.9962546576202334,0.9981570491150824,-0.0019059039822797441,-0.0019077225282912807,
2024-01-03,CAUSAL_MLP,1,2023-12-28,2023-12-29,2024-01-30,0,-0.0017392104463084127,0.0,-0.0017392104463084127,0.6073696378625631,0.3926303621374368,0.0,1.0,0.03743262552531429,0.1,0.9945219611125168,0.9981570491150824,-0.003641799660472622,-0.0017407246287059399,
2024-01-04,CAUSAL_MLP,1,2023-12-28,2023-12-29,2024-01-30,0,-0.001316417750288041,0.0,-0.001316417750288041,0.6084278218862124,0.39157217811378764,0.0,1.0,0.03743262552531429,0.1,0.993212754749857,0.9981570491150824,-0.004953423281044533,-0.0013172849893174647,
2024-01-05,CAUSAL_MLP,1,2023-12-28,2023-12-29,2024-01-30,0,9.459058933560689e-05,0.0,9.459058933560689e-05,0.6092298228390024,0.39077017716099754,0.0,1.0,0.03743262552531429,0.1,0.9933067033296645,0.9981570491150824,-0.004859301238936298,9.458611592790408e-05,
2024-01-08,CAUSAL_MLP,1,2023-12-28,2023-12-29,2024-01-30,0,0.002576164856397958,0.0,0.002576164856397958,0.6091722008815142,0.39082779911848586,0.0,1.0,0.03743262552531429,0.1,0.995865625150407,0.9981570491150824,-0.002295654743616593,0.0025728522317394124,
2024-01-09,CAUSAL_MLP,1,2023-12-28,2023-12-29,2024-01-30,0,-0.0012198838499322777,0.0,-0.0012198838499322777,0.6076069053255099,0.3923930946744901,0.0,1.0,0.03743262552531429,0.1,0.9946507847575833,0.9981570491150824,-0.0035127381614021846,-0.0012206285138999095,
2024-01-10,CAUSAL_MLP,1,2023-12-28,2023-12-29,2024-01-30,0,0.0003665809629805945,0.0,0.0003665809629805945,0.6083490204707042,0.39165097952929584,0.0,1.0,0.03743262552531429,0.1,0.9950154048000892,0.9981570491150824,-0.0031474449013594308,0.0003665137885954504,
2024-01-11,CAUSAL_MLP,1,2023-12-28,2023-12-29,2024-01-30,0,0.0006309365520910975,0.0,0.0006309365520910975,0.6081260930219107,0.3918739069780894,0.0,1.0,0.03743262552531429,0.1,0.9956431963888713,0.9981570491150824,-0.0025184941873022115,0.0006307375953063884,
2024-01-12,CAUSAL_MLP,1,2023-12-28,2023-12-29,2024-01-30,0,0.0008421604108918092,0.0,0.0008421604108918092,0.6077426459723022,0.39225735402769785,0.0,1.0,0.03743262552531429,0.1,0.9964816876722439,0.9981570491150824,-0.0016784547525099391,0.0008418059927836137,
2024-01-16,CAUSAL_MLP,1,2023-12-28,2023-12-29,2024-01-30,0,-0.003849611595563707,0.0,-0.003849611595563707,0.6072312598450047,0.39276874015499524,0.0,1.0,0.03743262552531429,0.1,0.9926456202126139,0.9981570491150824,-0.005521604949195735,-0.0038570404218079436,
2024-01-17,CAUSAL_MLP,1,2023-12-28,2023-12-29,2024-01-30,0,-0.0021918960218132626,0.0,-0.0021918960218132626,0.6095778979895046,0.39042210201049554,0.0,1.0,0.03743262552531429,0.1,0.9904698442265996,0.9981570491150824,-0.0077013981870868164,-0.00219430174193359,
2024-01-18,CAUSAL_MLP,1,2023-12-28,2023-12-29,2024-01-30,0,0.0020604306049825305,0.0,0.0020604306049825305,0.6109169644535485,0.3890830355464515,0.0,1.0,0.03743262552531429,0.1,0.9925106386069563,0.9981570491150824,-0.005656835778630187,0.0020583108291115336,
2024-01-19,CAUSAL_MLP,1,2023-12-28,2023-12-29,2024-01-30,0,0.002874855893859624,0.0,0.002874855893859624,0.6096608006811669,0.39033919931883326,0.0,1.0,0.03743262552531429,0.1,0.9953639636660739,0.9981570491150824,-0.0027982424724493082,0.0028707313986497504,
2024-01-22,CAUSAL_MLP,1,2023-12-28,2023-12-29,2024-01-30,0,0.0012358079025489473,0.0,0.0012358079025489473,0.6079131380133944,0.3920868619866057,0.0,1.0,0.03743262552531429,0.1,0.996594042318285,0.9981570491150824,-0.001565892660061019,0.0012350449204977518,
2024-01-23,CAUSAL_MLP,1,2023-12-28,2023-12-29,2024-01-30,0,0.000424138199306485,0.0,0.000424138199306485,0.6071628014252594,0.39283719857474075,0.0,1.0,0.03743262552531429,0.1,0.9970167359208334,0.9981570491150824,-0.0011424186156476779,0.0004240482781255362,
2024-01-24,CAUSAL_MLP,1,2023-12-28,2023-12-29,2024-01-30,0,0.0007070245181470665,0.0,0.0007070245181470665,0.6069053896661368,0.3930946103338631,0.0,1.0,0.03743262552531429,0.1,0.9977216511981324,0.9981570491150824,-0.00043620181547188164,0.0007067746940600038,
2024-01-25,CAUSAL_MLP,1,2023-12-28,2023-12-29,2024-01-30,0,0.0021956915165318356,0.0,0.0021956915165318356,0.6064765958431934,0.39352340415680664,0.0,1.0,0.03743262552531429,0.1,0.9999123401635281,0.9999123401635281,0.0,0.002193284508634566,
2024-01-26,CAUSAL_MLP,1,2023-12-28,2023-12-29,2024-01-30,0,0.00011051812911547661,0.0,0.00011051812911547661,0.6051478777817009,0.39485212221829913,0.0,1.0,0.03743262552531429,0.1,1.0000228486046425,1.0000228486046425,0.0,0.00011051202243697333,
2024-01-29,CAUSAL_MLP,1,2023-12-28,2023-12-29,2024-01-30,0,0.0020051262755345217,0.0,0.0020051262755345217,0.605081005361025,0.394918994638975,0.0,1.0,0.03743262552531429,0.1,1.0020280206945145,1.0020280206945145,0.0,0.002003118693033777,
2024-01-30,CAUSAL_MLP,1,2023-12-28,2023-12-29,2024-01-30,0,0.00031759078134782994,0.0,0.00031759078134782994,0.6038701694173149,0.39612983058268514,0.0,1.0,0.03743262552531429,0.1,1.0023462555565392,1.0023462555565392,0.0,0.00031754036007090403,0.028444930326650707
2024-01-31,CAUSAL_MLP,2,2024-01-30,2024-01-31,2024-02-29,1,-0.006928035813378999,0.0006456656540415681,-0.007573701467420567,3.3306690738754696e-16,0.9999999999999997,0.6456656540415681,1.0,0.08397507362953108,0.1,0.9947547842499672,1.0023462555565392,-0.007573701467420535,-0.007602527583544996,0.038610881777197334
2024-02-01,CAUSAL_MLP,2,2024-01-30,2024-01-31,2024-02-29,0,0.008002624570604609,0.0,0.008002624570604609,3.353905048163821e-16,0.9999999999999996,0.0,1.0,0.08397507362953108,0.1,1.0027154333281325,1.0027154333281325,0.0,0.007970773386466321,0.04719519202396021
2024-02-02,CAUSAL_MLP,2,2024-01-30,2024-01-31,2024-02-29,0,-0.0028457360286053826,0.0,-0.0028457360286053826,3.327278090761459e-16,0.9999999999999996,0.0,1.0,0.08397507362953108,0.1,0.999861969893072,1.0027154333281325,-0.0028457360286053834,-0.0028497928336029973,0.04795206149595677
2024-02-05,CAUSAL_MLP,2,2024-01-30,2024-01-31,2024-02-29,0,-0.00347696668084137,0.0,-0.00347696668084137,3.33677366780724e-16,0.9999999999999998,0.0,1.0,0.08397507362953108,0.1,0.9963854831383133,1.0027154333281325,-0.006312808180092833,-0.0034830253774922174,0.04941149250218638
2024-02-06,CAUSAL_MLP,2,2024-01-30,2024-01-31,2024-02-29,0,0.007271419792478323,0.0,0.007271419792478323,3.3484159986682055e-16,0.9999999999999998,0.0,1.0,0.08397507362953108,0.1,1.0036306202613434,1.0036306202613434,0.0,0.0072451104799664085,0.05517909924480057
2024-02-07,CAUSAL_MLP,2,2024-01-30,2024-01-31,2024-02-29,0,0.0025088396819552524,0.0,0.0025088396819552524,3.3242440248707317e-16,0.9999999999999996,0.0,1.0,0.08397507362953108,0.1,1.0061485685874805,1.0061485685874805,0.0,0.0025056977975726597,0.0551476774945686
2024-02-08,CAUSAL_MLP,2,2024-01-30,2024-01-31,2024-02-29,0,-0.0009743541861020628,0.0,-0.0009743541861020628,3.3159249008969795e-16,0.9999999999999999,0.0,1.0,0.08397507362953108,0.1,1.0051682235178367,1.0061485685874805,-0.0009743541861020333,-0.0009748291777071545,0.055058156243756075
2024-02-09,CAUSAL_MLP,2,2024-01-30,2024-01-31,2024-02-29,0,0.002654391709841992,0.0,0.002654391709841992,3.319158937301877e-16,0.9999999999999996,0.0,1.0,0.08397507362953108,0.1,1.007836333717339,1.007836333717339,0.0,0.002650875033883096,0.05555434556672814
2024-02-12,CAUSAL_MLP,2,2024-01-30,2024-01-31,2024-02-29,0,0.0012455637529230124,0.0,0.0012455637529230124,3.3103719135380883e-16,0.9999999999999999,0.0,1.0,0.08397507362953108,0.1,1.009091658123496,1.009091658123496,0.0,0.0012447886819251825,0.05559798720237496
2024-02-13,CAUSAL_MLP,2,2024-01-30,2024-01-31,2024-02-29,0,-0.013981376483460924,0.0,-0.013981376483460924,3.3062537636920685e-16,0.9999999999999998,0.0,1.0,0.08397507362953108,0.1,0.9949831677449518,1.009091658123496,-0.013981376483460872,-0.014080036610068281,0.07541070210141208
2024-02-14,CAUSAL_MLP,2,2024-01-30,2024-01-31,2024-02-29,0,0.007008608315894134,0.0,0.007008608315894134,3.353135209455413e-16,0.9999999999999998,0.0,1.0,0.08397507362953108,0.1,1.001956615048584,1.009091658123496,-0.007070758159056112,0.0069841621764454515,0.07786524022506774
2024-02-15,CAUSAL_MLP,2,2024-01-30,2024-01-31,2024-02-29,0,0.0066121698246870714,0.0,0.0066121698246870714,3.329797959784221e-16,0.9999999999999993,0.0,1.0,0.08397507362953108,0.1,1.0085817223442537,1.009091658123496,-0.0005053413881060953,0.006590405317524602,0.08003040855069507
2024-02-16,CAUSAL_MLP,2,2024-01-30,2024-01-31,2024-02-29,0,-0.000950446156647002,0.0,-0.000950446156647002,3.3079253953030826e-16,0.9999999999999999,0.0,1.0,0.08397507362953108,0.1,1.0076231197225871,1.009091658123496,-0.0014553072449730031,-0.0009508981169940213,0.08014287319699641
2024-02-20,CAUSAL_MLP,2,2024-01-30,2024-01-31,2024-02-29,0,-0.0001838318080203283,0.0,-0.0001838318080203283,3.311072391331804e-16,0.9999999999999998,0.0,1.0,0.08397507362953108,0.1,1.0074378865426854,1.009091658123496,-0.001638871521231322,-0.0001838487071582461,0.07980765614311221
2024-02-21,CAUSAL_MLP,2,2024-01-30,2024-01-31,2024-02-29,0,9.48734325556323e-05,0.0,9.48734325556323e-05,3.311681183671385e-16,0.9999999999999998,0.0,1.0,0.08397507362953108,0.1,1.0075334656330683,1.009091658123496,-0.0015441535740423618,9.486893235616053e-05,0.079786420601617
2024-02-22,CAUSAL_MLP,2,2024-01-30,2024-01-31,2024-02-29,0,0.009625011611047674,0.0,0.009625011611047674,3.31136702291547e-16,0.9999999999999998,0.0,1.0,0.08397507362953108,0.1,1.0172309869383058,1.0172309869383058,0.0,0.009578986280680005,0.08572936508942906
2024-02-23,CAUSAL_MLP,2,2024-01-30,2024-01-31,2024-02-29,0,0.0005840305160115614,0.0,0.0005840305160115614,3.2797989202263885e-16,0.9999999999999998,0.0,1.0,0.08397507362953108,0.1,1.0178250808765104,1.0178250808765104,0.0,0.0005838600365633156,0.08573492111568784
2024-02-26,CAUSAL_MLP,2,2024-01-30,2024-01-31,2024-02-29,0,-0.0019845645323747305,0.0,-0.0019845645323747305,3.277884535629619e-16,1.0,0.0,1.0,0.08397507362953108,0.1,1.0158051413208413,1.0178250808765104,-0.001984564532374833,-0.0019865363898504936,0.0861926077870962
2024-02-27,CAUSAL_MLP,2,2024-01-30,2024-01-31,2024-02-29,0,0.001466260907481135,0.0,0.001466260907481135,3.284402644628185e-16,0.9999999999999993,0.0,1.0,0.08397507362953108,0.1,1.0172945766891783,1.0178250808765104,-0.000521213514285912,0.0014651869965842744,0.08619353474037535
2024-02-28,CAUSAL_MLP,2,2024-01-30,2024-01-31,2024-02-29,0,-0.0035913532062859417,0.0,-0.0035913532062859417,3.2795939042939067e-16,1.0,0.0,1.0,0.08397507362953108,0.1,1.0136411125494484,1.0178250808765104,-0.004110694858746156,-0.0035978175971268633,0.08739642793217199
2024-02-29,CAUSAL_MLP,2,2024-01-30,2024-01-31,2024-02-29,0,0.002792772681421549,0.0,0.002792772681421549,3.291414536442575e-16,0.9999999999999997,0.0,1.0,0.08397507362953108,0.1,1.0164719817573424,1.0178250808765104,-0.0013294024136275562,0.0027888801374393282,0.08773271358402748
2024-03-01,CAUSAL_MLP,3,2024-02-29,2024-03-01,2024-04-01,1,0.01020701380265246,0.00038164282417733257,0.009825370978475127,1.1102230246251565e-16,0.9999999999999999,0.3816428241773326,1.0,0.0802960109898771,0.1,1.026459196067334,1.026459196067334,0.0,0.009777415882924504,0.08775078716187018
2024-03-04,CAUSAL_MLP,3,2024-02-29,2024-03-01,2024-04-01,0,0.0014466301404694203,0.0,0.0014466301404694203,1.0990054607184131e-16,0.9999999999999997,0.0,1.0,0.0802960109898771,0.1,1.027944102878327,1.027944102878327,0.0,0.0014455847791337967,0.08453480244642948
2024-03-05,CAUSAL_MLP,3,2024-02-29,2024-03-01,2024-04-01,0,-0.0030346763622870663,0.0,-0.0030346763622870663,1.0974179029033828e-16,1.0000000000000002,0.0,1.0,0.0802960109898771,0.1,1.0248246252075697,1.027944102878327,-0.0030346763622870476,-0.003039290329561713,0.08465118459684758
2024-03-06,CAUSAL_MLP,3,2024-02-29,2024-03-01,2024-04-01,0,0.007536895293298094,0.0,0.007536895293298094,1.1007583482433868e-16,0.9999999999999998,0.0,1.0,0.0802960109898771,0.1,1.0325486211017527,1.0325486211017527,0.0,0.007508634806691057,0.08558972136189144
2024-03-07,CAUSAL_MLP,3,2024-02-29,2024-03-01,2024-04-01,0,0.0059202379149721615,0.0,0.0059202379149721615,1.0925241084327256e-16,0.9999999999999999,0.0,1.0,0.0802960109898771,0.1,1.0386615545974516,1.0386615545974516,0.0,0.0059027821673904544,0.0846142499742703
2024-03-08,CAUSAL_MLP,3,2024-02-29,2024-03-01,2024-04-01,0,-0.0008448527136560682,0.0,-0.0008448527136560682,1.086094172533264e-16,1.0,0.0,1.0,0.0802960109898771,0.1,1.0377840385644796,1.0386615545974516,-0.0008448527136560857,-0.0008452098028493033,0.08497461382545253
2024-03-11,CAUSAL_MLP,3,2024-02-29,2024-03-01,2024-04-01,0,-6.111154949632635e-05,0.0,-6.111154949632635e-05,1.0870125380257931e-16,0.9999999999999999,0.0,1.0,0.0802960109898771,0.1,1.0377206179738405,1.0386615545974516,-0.0009059126328938572,-6.111341688314692e-05,0.08470131825202218
2024-03-12,CAUSAL_MLP,3,2024-02-29,2024-03-01,2024-04-01,0,0.0021252359451248066,0.0,0.0021252359451248066,1.0870789711061423e-16,0.9999999999999999,0.0,1.0,0.0802960109898771,0.1,1.0399260191321555,1.0399260191321555,0.0,0.0021229808257555217,0.08463204367098612
2024-03-13,CAUSAL_MLP,3,2024-02-29,2024-03-01,2024-04-01,0,0.0010401454771442253,0.0,0.0010401454771442253,1.0847735713200514e-16,0.9999999999999999,0.0,1.0,0.0802960109898771,0.1,1.0410076934775205,1.0410076934775205,0.0,0.0010396049006570652,0.08464259661116627
2024-03-14,CAUSAL_MLP,3,2024-02-29,2024-03-01,2024-04-01,0,-0.005127179244421357,0.0,-0.005127179244421357,1.0836464213960127e-16,0.9999999999999998,0.0,1.0,0.0802960109898771,0.1,1.0356702604382395,1.0410076934775205,-0.00512717924442152,-0.005140368329105816,0.06795140226996889
2024-03-15,CAUSAL_MLP,3,2024-02-29,2024-03-01,2024-04-01,0,-0.0027287861156998702,0.0,-0.0027287861156998702,1.0892311045074213e-16,0.9999999999999999,0.0,1.0,0.0802960109898771,0.1,1.0328441378111124,1.0410076934775205,-0.007841974384586448,-0.0027325160395206298,0.06713812854069313
2024-03-18,CAUSAL_MLP,3,2024-02-29,2024-03-01,2024-04-01,0,0.0020209447624298105,0.0,0.0020209447624298105,1.092211516128039e-16,0.9999999999999997,0.0,1.0,0.0802960109898771,0.1,1.0349314587618281,1.0410076934775205,-0.0058368778192162685,0.0020189054007260817,0.06454179049674495
2024-03-19,CAUSAL_MLP,3,2024-02-29,2024-03-01,2024-04-01,0,0.002033029837505602,0.0,0.002033029837505602,1.0900086688177889e-16,1.0000000000000002,0.0,1.0,0.0802960109898771,0.1,1.037035505297264,1.0410076934775205,-0.003815714528475178,0.0020309660290615543,0.06409839708468744
2024-03-20,CAUSAL_MLP,3,2024-02-29,2024-03-01,2024-04-01,0,0.007340569920451907,0.0,0.007340569920451907,1.0877971447653276e-16,1.0000000000000002,0.0,1.0,0.0802960109898771,0.1,1.0446479369338897,1.0446479369338897,0.0,0.007313759061781505,0.06700427329177433
2024-03-21,CAUSAL_MLP,3,2024-02-29,2024-03-01,2024-04-01,0,0.0015500891712703646,0.0,0.0015500891712703646,1.0798702814592577e-16,1.0,0.0,1.0,0.0802960109898771,0.1,1.0462672343887207,1.0462672343887207,0.0,0.0015488890231152865,0.06674679650583018
2024-03-22,CAUSAL_MLP,3,2024-02-29,2024-03-01,2024-04-01,0,-0.0036696107959963424,0.0,-0.0036696107959963424,1.078198976900689e-16,0.9999999999999999,0.0,1.0,0.0802960109898771,0.1,1.0424278408499106,1.0462672343887207,-0.0036696107959963697,-0.003676360334873203,0.06295965608256691
2024-03-25,CAUSAL_MLP,3,2024-02-29,2024-03-01,2024-04-01,0,-0.00034571945675189886,0.0,-0.00034571945675189886,1.0821701200563525e-16,1.0,0.0,1.0,0.0802960109898771,0.1,1.042067453263069,1.0462672343887207,-0.0040140615968973226,-0.0003457792315005467,0.06314987703404007
2024-03-26,CAUSAL_MLP,3,2024-02-29,2024-03-01,2024-04-01,0,-3.602088947270393e-05,0.0,-3.602088947270393e-05,1.0825443767101786e-16,1.0,0.0,1.0,0.0802960109898771,0.1,1.0420299170665117,1.0462672343887207,-0.004049937896301037,-3.602153824052264e-05,0.06229624412728735
2024-03-27,CAUSAL_MLP,3,2024-02-29,2024-03-01,2024-04-01,0,0.007189512406300771,0.0,0.007189512406300771,1.082583372326178e-16,0.9999999999999998,0.0,1.0,0.0802960109898771,0.1,1.049521604082998,1.049521604082998,0.0,0.0071637910709736645,0.06562481370217259
2024-03-28,CAUSAL_MLP,3,2024-02-29,2024-03-01,2024-04-01,0,0.0031172869740632774,0.0,0.0031172869740632774,1.0748556840507127e-16,1.0,0.0,1.0,0.0802960109898771,0.1,1.052793264108404,1.052793264108404,0.0,0.0031124383088645988,0.06314608564349779
2024-04-01,CAUSAL_MLP,3,2024-02-29,2024-03-01,2024-04-01,0,-0.0014252860845949656,0.0,-0.0014252860845949656,1.0715154628558446e-16,0.9999999999999998,0.0,1.0,0.0802960109898771,0.1,1.051292732519115,1.052793264108404,-0.0014252860845948012,-0.0014263027709672232,0.06400074591640166
2024-04-02,CAUSAL_MLP,4,2024-04-01,2024-04-02,2024-04-30,1,-0.004620466433206363,0.0007374463277208432,-0.005357912760927206,0.0,1.0000000000000002,0.7374463277208432,1.0,0.0633312472379114,0.1,1.0456599977720809,1.052793264108404,-0.006775562287021364,-0.00537231785269384,0.06107253722177227
2024-04-03,CAUSAL_MLP,4,2024-04-01,2024-04-02,2024-04-30,0,0.0029659446344736037,0.0,0.0029659446344736037,0.0,1.0,0.0,1.0,0.0633312472379114,0.1,1.0487613674319567,1.052793264108404,-0.0038297135951584904,0.0029615548983538175,0.06147310786992516
2024-04-04,CAUSAL_MLP,4,2024-04-01,2024-04-02,2024-04-30,0,-0.0063924512167999065,0.0,-0.0063924512167999065,0.0,1.0000000000000002,0.0,1.0,0.0633312472379114,0.1,1.0420572115525837,1.052793264108404,-0.010197683554626913,-0.006412970425180532,0.0652309815510277
2024-04-05,CAUSAL_MLP,4,2024-04-01,2024-04-02,2024-04-30,0,0.004407944851107412,0.0,0.004407944851107412,0.0,1.0,0.0,1.0,0.0633312472379114,0.1,1.0466505422728063,1.052793264108404,-0.005834689530237247,0.004398258316909686,0.06200706588156673
2024-04-08,CAUSAL_MLP,4,2024-04-01,2024-04-02,2024-04-30,0,0.0011664123541397613,0.0,0.0011664123541397613,0.0,1.0,0.0,1.0,0.0633312472379114,0.1,1.0478713683957803,1.052793264108404,-0.004675082830048138,0.0011657326237624111,0.05904764821390505
2024-04-09,CAUSAL_MLP,4,2024-04-01,2024-04-02,2024-04-30,0,0.0015793804723647244,0.0,0.0015793804723647244,0.0,1.0,0.0,1.0,0.0633312472379114,0.1,1.0495263559725747,1.052793264108404,-0.003103086092211882,0.0015781345626975668,0.05898990351767458
2024-04-10,CAUSAL_MLP,4,2024-04-01,2024-04-02,2024-04-30,0,-0.009974872185674824,0.0,-0.009974872185674824,0.0,0.9999999999999999,0.0,1.0,0.0633312472379114,0.1,1.0390574647162512,1.052793264108404,-0.013047005390735888,-0.010024954544978086,0.06943355206935004
2024-04-11,CAUSAL_MLP,4,2024-04-01,2024-04-02,2024-04-30,0,0.0007880762580218697,0.0,0.0007880762580218697,0.0,0.9999999999999999,0.0,1.0,0.0633312472379114,0.1,1.0398763212349145,1.052793264108404,-0.012269211167900695,0.0007877658889799186,0.06908720363035872
2024-04-12,CAUSAL_MLP,4,2024-04-01,2024-04-02,2024-04-30,0,-0.009750499742239313,0.0,-0.009750499742239313,0.0,1.0,0.0,1.0,0.0633312472379114,0.1,1.0297370074327528,1.052793264108404,-0.021900079969809805,-0.009798347142939012,0.07679857728348768
2024-04-15,CAUSAL_MLP,4,2024-04-01,2024-04-02,2024-04-30,0,-0.004452786402498497,0.0,-0.004452786402498497,0.0,1.0000000000000002,0.0,1.0,0.0633312472379114,0.1,1.0251518084879068,1.052793264108404,-0.02625534999400503,-0.004462729583424185,0.07631909488641271
2024-04-16,CAUSAL_MLP,4,2024-04-01,2024-04-02,2024-04-30,0,-0.00406472943855799,0.0,-0.00406472943855799,0.0,0.9999999999999999,0.0,1.0,0.0633312472379114,0.1,1.020984843752955,1.052793264108404,-0.030213358538522805,-0.004073012905583685,0.07695487329485043
2024-04-17,CAUSAL_MLP,4,2024-04-01,2024-04-02,2024-04-30,0,-0.0020657521552860346,0.0,-0.0020657521552860346,0.0,1.0,0.0,1.0,0.0633312472379114,0.1,1.0188757421114578,1.052793264108404,-0.03221669738328958,-0.0020678887642463723,0.0765370342710975
2024-04-18,CAUSAL_MLP,4,2024-04-01,2024-04-02,2024-04-30,0,-0.0008564811612883406,0.0,-0.0008564811612883406,0.0,1.0000000000000002,0.0,1.0,0.0633312472379114,0.1,1.0180030942326457,1.052793264108404,-0.033045585550190215,-0.0008568481508395491,0.07586836891211524
2024-04-19,CAUSAL_MLP,4,2024-04-01,2024-04-02,2024-04-30,0,0.001611766099857017,0.0,0.001611766099857017,0.0,1.0,0.0,1.0,0.0633312472379114,0.1,1.0196438771094793,1.052793264108404,-0.03148708120487298,0.0016104685988683348,0.07048697019815833
2024-04-22,CAUSAL_MLP,4,2024-04-01,2024-04-02,2024-04-30,0,0.005425957882918297,0.0,0.005425957882918297,0.0,1.0,0.0,1.0,0.0633312472379114,0.1,1.025176421842251,1.052793264108404,-0.026231970898428214,0.005411290406263957,0.073555930591726
2024-04-23,CAUSAL_MLP,4,2024-04-01,2024-04-02,2024-04-30,0,0.008142741778541152,0.0,0.008142741778541152,0.0,1.0000000000000002,0.0,1.0,0.0633312472379114,0.1,1.0335241687227612,1.052793264108404,-0.018302829285255173,0.008109768530864916,0.07920560692868092
2024-04-24,CAUSAL_MLP,4,2024-04-01,2024-04-02,2024-04-30,0,-0.0019037166302834153,0.0,-0.0019037166302834153,0.0,1.0,0.0,1.0,0.0633312472379114,0.1,1.0315566315749638,1.052793264108404,-0.020171702515047074,-0.0019055310018528562,0.0793741631893502
2024-04-25,CAUSAL_MLP,4,2024-04-01,2024-04-02,2024-04-30,0,-0.002728651507704103,0.0,-0.002728651507704103,0.0,0.9999999999999998,0.0,1.0,0.0633312472379114,0.1,1.0287418730169346,1.052793264108404,-0.02284531247627053,-0.002732381063212471,0.07973172335325926
2024-04-26,CAUSAL_MLP,4,2024-04-01,2024-04-02,2024-04-30,0,0.0037794621264531617,0.0,0.0037794621264531617,0.0,1.0000000000000002,0.0,1.0,0.0633312472379114,0.1,1.0326299639638985,1.052793264108404,-0.019152193343088486,0.0037723379043134563,0.0763589488015544
2024-04-29,CAUSAL_MLP,4,2024-04-01,2024-04-02,2024-04-30,0,0.003291858231814775,0.0,0.003291858231814775,0.0,0.9999999999999999,0.0,1.0,0.0633312472379114,0.1,1.0360292354111917,1.052793264108404,-0.015923381416587445,0.0032864519277808913,0.07647279957822495
2024-04-30,CAUSAL_MLP,4,2024-04-01,2024-04-02,2024-04-30,0,-0.010056186609401207,0.0,-0.010056186609401207,0.0,1.0000000000000002,0.0,1.0,0.0633312472379114,0.1,1.0256107320871015,1.052793264108404,-0.025819439531010735,-0.010107091614989511,0.08304918120239389
2024-05-01,CAUSAL_MLP,5,2024-04-30,2024-05-01,2024-05-30,1,-0.00044214197058845976,0.0006355621448939769,-0.0010777041154824366,0.5553158907975739,0.444684109202426,0.6355621448939769,1.0,0.034978082717929515,0.1,1.0245054271802483,1.052793264108404,-0.026869317930251158,-0.001078285256132,0.08163661078137066
2024-05-02,CAUSAL_MLP,5,2024-04-30,2024-05-01,2024-05-30,0,0.003584679638270173,0.0,0.003584679638270173,0.5555615278662879,0.4444384721337122,0.0,1.0,0.034978082717929515,0.1,1.0281779509243585,1.052793264108404,-0.023380956188859936,0.0035782699873454058,0.08203811284547788
2024-05-03,CAUSAL_MLP,5,2024-04-30,2024-05-01,2024-05-30,0,0.0034117390364414753,0.0,0.0034117390364414753,0.553577131195878,0.4464228688041219,0.0,1.0,0.034978082717929515,0.1,1.0316858257759354,1.052793264108404,-0.020048986873357433,0.003405932258540759,0.08083273694019945
2024-05-06,CAUSAL_MLP,5,2024-04-30,2024-05-01,2024-05-30,0,0.0031500372195226323,0.0,0.0031500372195226323,0.5516948921959677,0.4483051078040323,0.0,1.0,0.034978082717929515,0.1,1.0349356745259835,1.052793264108404,-0.016962104708699632,0.0031450862467214623,0.07999273631833857
2024-05-07,CAUSAL_MLP,5,2024-04-30,2024-05-01,2024-05-30,0,0.00031270575490613054,0.0,0.00031270575490613054,0.5499624898834933,0.45003751011650667,0.0,1.0,0.034978082717929515,0.1,1.0352593048673655,1.052793264108404,-0.01665470310155115,0.00031265687265179747,0.0798184683088944
2024-05-08,CAUSAL_MLP,5,2024-04-30,2024-05-01,2024-05-30,0,-0.000770592193367997,0.0,-0.000770592193367997,0.5497905672091339,0.450209432790866,0.0,1.0,0.034978082717929515,0.1,1.0344615421289232,1.052793264108404,-0.017412461310726157,-0.0007708892521494928,0.07943331541746544
2024-05-09,CAUSAL_MLP,5,2024-04-30,2024-05-01,2024-05-30,0,0.00256467607695201,0.0,0.00256467607695201,0.5502145582524006,0.4497854417475993,0.0,1.0,0.034978082717929515,0.1,1.0371146008985481,1.052793264108404,-0.014892442556738605,0.002561392907574706,0.07245231405080725
2024-05-10,CAUSAL_MLP,5,2024-04-30,2024-05-01,2024-05-30,0,-4.106078868080183e-05,0.0,-4.106078868080183e-05,0.548807045950788,0.45119295404921206,0.0,1.0,0.034978082717929515,0.1,1.0370720161550828,1.052793264108404,-0.014932891849982699,-4.106163169806209e-05,0.07238277538750508
2024-05-13,CAUSAL_MLP,5,2024-04-30,2024-05-01,2024-05-30,0,7.971120800932753e-05,0.0,7.971120800932753e-05,0.5488295813262486,0.4511704186737515,0.0,1.0,0.034978082717929515,0.1,1.0371546824182831,1.052793264108404,-0.014854370960821872,7.970803123980134e-05,0.06327017119765775
2024-05-14,CAUSAL_MLP,5,2024-04-30,2024-05-01,2024-05-30,0,0.002096074761679252,0.0,0.002096074761679252,0.5487858369442473,0.4512141630557527,0.0,1.0,0.034978082717929515,0.1,1.0393286361720575,1.052793264108404,-0.012789432071214302,0.0020938810618803152,0.06103400260372322
2024-05-15,CAUSAL_MLP,5,2024-04-30,2024-05-01,2024-05-30,0,0.0047023031407638395,0.0,0.0047023031407638395,0.5476379468652851,0.4523620531347148,0.0,1.0,0.034978082717929515,0.1,1.0442158744822152,1.052793264108404,-0.008147268717047518,0.004691281850144702,0.06002409511528219
2024-05-16,CAUSAL_MLP,5,2024-04-30,2024-05-01,2024-05-30,0,-0.0009823955632667321,0.0,-0.0009823955632667321,0.5450748397344505,0.4549251602655495,0.0,1.0,0.034978082717929515,0.1,1.0431900414400312,1.052793264108404,-0.009121660439673773,-0.0009828784300581275,0.05942377318454786
2024-05-17,CAUSAL_MLP,5,2024-04-30,2024-05-01,2024-05-30,0,0.001486173934345125,0.0,0.001486173934345125,0.5456108454082498,0.4543891545917502,0.0,1.0,0.034978082717929515,0.1,1.0447404032881877,1.052793264108404,-0.007649042879312118,0.001485070670822618,0.058992837111545966
2024-05-20,CAUSAL_MLP,5,2024-04-30,2024-05-01,2024-05-30,0,6.648472092821031e-05,0.0,6.648472092821031e-05,0.544801176100928,0.455198823899072,0.0,1.0,0.034978082717929515,0.1,1.0448098625623428,1.052793264108404,-0.007583066702865127,6.648251091710596e-05,0.05911120879849775
2024-05-21,CAUSAL_MLP,5,2024-04-30,2024-05-01,2024-05-30,0,6.93611759713799e-06,0.0,6.93611759713799e-06,0.5447649575547535,0.4552350424452465,0.0,1.0,0.034978082717929515,0.1,1.0448171094864163,1.052793264108404,-0.007576183182310237,6.93609354238556e-06,0.05714697587365013
2024-05-22,CAUSAL_MLP,5,2024-04-30,2024-05-01,2024-05-30,0,-0.0025847399958649465,0.0,-0.0025847399958649465,0.5447611790271534,0.4552388209728466,0.0,1.0,0.034978082717929515,0.1,1.0421165289151628,1.052793264108404,-0.010141340714487801,-0.0025880862035830344,0.05192729573208904
2024-05-23,CAUSAL_MLP,5,2024-04-30,2024-05-01,2024-05-30,0,-0.0037307182752756474,0.0,-0.0037307182752756474,0.5461728939508054,0.4538271060491948,0.0,1.0,0.034978082717929515,0.1,1.0382286857357723,1.052793264108404,-0.013834224504624015,-0.00373769476164241,0.05331892820831719
2024-05-24,CAUSAL_MLP,5,2024-04-30,2024-05-01,2024-05-30,0,0.0021035442457277864,0.0,0.0021035442457277864,0.5482181413897257,0.4517818586102744,0.0,1.0,0.034978082717929515,0.1,1.0404126457134013,1.052793264108404,-0.011759781162247074,0.002101334894300729,0.052469602709386956
2024-05-28,CAUSAL_MLP,5,2024-04-30,2024-05-01,2024-05-30,0,-0.0003627554579882141,0.0,-0.0003627554579882141,0.5470673609904887,0.4529326390095114,0.0,1.0,0.034978082717929515,0.1,1.0400352303476088,1.052793264108404,-0.01211827069543392,-0.0003628212696655422,0.051196983140304374
2024-05-29,CAUSAL_MLP,5,2024-04-30,2024-05-01,2024-05-30,0,-0.00433523011576731,0.0,-0.00433523011576731,0.547265884677126,0.45273411532287405,0.0,1.0,0.034978082717929515,0.1,1.035526438295547,1.052793264108404,-0.016400965319131267,-0.004344654473548428,0.05247260566169757
2024-05-30,CAUSAL_MLP,5,2024-04-30,2024-05-01,2024-05-30,0,0.00020655566663921462,0.0,0.00020655566663921462,0.5496487384411094,0.45035126155889055,0.0,1.0,0.034978082717929515,0.1,1.0357403321493317,1.052793264108404,-0.016197797364816968,0.00020653433695463184,0.03753618976852833
2024-05-31,CAUSAL_MLP,6,2024-05-30,2024-05-31,2024-07-01,1,0.004627751806308413,0.0006320800672699111,0.0039956717390385015,0.0,1.0,0.6320800672699112,1.0,0.062093106580697235,0.1,1.0398788105234833,1.052793264108404,-0.012266846706943668,0.00398771024335107,0.0389811816699334
2024-06-03,CAUSAL_MLP,6,2024-05-30,2024-05-31,2024-07-01,0,0.0022204465746893257,0.0,0.0022204465746893257,0.0,0.9999999999999999,0.0,1.0,0.062093106580697235,0.1,1.0421878058664023,1.052793264108404,-0.010073638010006936,0.0022179850263447484,0.03799196331107136
2024-06-04,CAUSAL_MLP,6,2024-05-30,2024-05-31,2024-07-01,0,-0.0005476891675254853,0.0,-0.0005476891675254853,0.0,1.0,0.0,1.0,0.062093106580697235,0.1,1.0416170108946021,1.052793264108404,-0.010615809955116684,-0.0005478392040223414,0.036821715767728545
2024-06-05,CAUSAL_MLP,6,2024-05-30,2024-05-31,2024-07-01,0,0.006065866675220753,0.0,0.006065866675220753,0.0,1.0,0.0,1.0,0.062093106580697235,0.1,1.0479353208093307,1.052793264108404,-0.004614337367733201,0.006047543366457053,0.04066448531363171
2024-06-06,CAUSAL_MLP,6,2024-05-30,2024-05-31,2024-07-01,0,0.0018655261819504583,0.0,0.0018655261819504583,0.0,0.9999999999999999,0.0,1.0,0.062093106580697235,0.1,1.049890271587291,1.052793264108404,-0.002757419352954704,0.0018637882490865091,0.040883483102230896
2024-06-07,CAUSAL_MLP,6,2024-05-30,2024-05-31,2024-07-01,0,-0.008195465126805319,0.0,-0.008195465126805319,0.0,0.9999999999999999,0.0,1.0,0.062093106580697235,0.1,1.0412859324795252,1.052793264108404,-0.010930286145612977,-0.008229232570955985,0.05108299754647809
2024-06-10,CAUSAL_MLP,6,2024-05-30,2024-05-31,2024-07-01,0,0.0023641819461756447,0.0,0.0023641819461756447,0.0,1.0,0.0,1.0,0.062093106580697235,0.1,1.0437477218819,1.052793264108404,-0.008591945384609279,0.002361391664994582,0.050976673538106414
2024-06-11,CAUSAL_MLP,6,2024-05-30,2024-05-31,2024-07-01,0,0.001460190177807492,0.0,0.001460190177807492,0.0,1.0,0.0,1.0,0.062093106580697235,0.1,1.0452717920535008,1.052793264108404,-0.007144301081060678,0.001459125136778716,0.051113584635342664
2024-06-12,CAUSAL_MLP,6,2024-05-30,2024-05-31,2024-07-01,0,0.004878566660840688,0.0,0.004878566660840688,0.0,1.0,0.0,1.0,0.062093106580697235,0.1,1.0503712201697302,1.052793264108404,-0.002300588369289147,0.004866705017410688,0.0534037227817037
2024-06-13,CAUSAL_MLP,6,2024-05-30,2024-05-31,2024-07-01,0,0.001701277512142533,0.0,0.001701277512142533,0.0,1.0,0.0,1.0,0.062093106580697235,0.1,1.0521581931060067,1.052793264108404,-0.0006032247964039561,0.001699831978825862,0.05328241917007481
2024-06-14,CAUSAL_MLP,6,2024-05-30,2024-05-31,2024-07-01,0,-0.0004230950215155953,0.0,-0.0004230950215155953,0.0,1.0,0.0,1.0,0.062093106580697235,0.1,1.0517130302126567,1.052793264108404,-0.0010260645965113335,-0.0004231845514682197,0.0512208151994294
2024-06-17,CAUSAL_MLP,6,2024-05-30,2024-05-31,2024-07-01,0,0.0001658624983257651,0.0,0.0001658624983257651,0.0,1.0,0.0,1.0,0.062093106580697235,0.1,1.0518874699633696,1.052793264108404,-0.0008603722838229633,0.00016584874466237998,0.051000910280471407
2024-06-18,CAUSAL_MLP,6,2024-05-30,2024-05-31,2024-07-01,0,0.004779424363960108,0.0,0.004779424363960108,0.0,1.0,0.0,1.0,0.062093106580697235,0.1,1.0569148865654567,1.0569148865654567,0.0,0.004768039177348566,0.053109125693290196
2024-06-20,CAUSAL_MLP,6,2024-05-30,2024-05-31,2024-07-01,0,-0.00041990849766129345,0.0,-0.00041990849766129345,0.0,1.0,0.0,1.0,0.062093106580697235,0.1,1.0564710790232832,1.0569148865654567,-0.0004199084976612699,-0.00041999668392213513,0.05319180027322991
2024-06-21,CAUSAL_MLP,6,2024-05-30,2024-05-31,2024-07-01,0,-0.001760099599002442,0.0,-0.001760099599002442,0.0,1.0,0.0,1.0,0.062093106580697235,0.1,1.0546115847007367,1.0569148865654567,-0.0021792690158852768,-0.0017616503942715562,0.053760108577708014
2024-06-24,CAUSAL_MLP,6,2024-05-30,2024-05-31,2024-07-01,0,0.002651290558392575,0.0,0.002651290558392575,0.0,1.0,0.0,1.0,0.062093106580697235,0.1,1.0574076664380252,1.0574076664380252,0.0,0.0026477820875289906,0.053094386689928254
2024-06-25,CAUSAL_MLP,6,2024-05-30,2024-05-31,2024-07-01,0,-0.0008247123090044749,0.0,-0.0008247123090044749,0.0,1.0,0.0,1.0,0.062093106580697235,0.1,1.056535609319878,1.0574076664380252,-0.0008247123090043829,-0.0008250525712926478,0.05094665493055867
2024-06-26,CAUSAL_MLP,6,2024-05-30,2024-05-31,2024-07-01,0,-0.004175928724456724,0.0,-0.004175928724456724,0.0,1.0,0.0,1.0,0.062093106580697235,0.1,1.0521235919205079,1.0574076664380252,-0.0049971970936405485,-0.004184672264903382,0.053560344354172056
2024-06-27,CAUSAL_MLP,6,2024-05-30,2024-05-31,2024-07-01,0,0.0023972888481673888,0.0,0.0023972888481673888,0.0,1.0,0.0,1.0,0.062093106580697235,0.1,1.0546458360743127,1.0574076664380252,-0.002611887970337845,0.002394419935416834,0.053830238296689405
2024-06-28,CAUSAL_MLP,6,2024-05-30,2024-05-31,2024-07-01,0,-0.004286757448335153,0.0,-0.004286757448335153,0.0,1.0,0.0,1.0,0.062093106580697235,0.1,1.0501248251811655,1.0574076664380252,-0.006887448888461933,-0.0042959719359899895,0.05377339493402027
2024-07-01,CAUSAL_MLP,6,2024-05-30,2024-05-31,2024-07-01,0,-0.0013506633634404418,0.0,-0.0013506633634404418,0.0,1.0,0.0,1.0,0.062093106580697235,0.1,1.048706460052754,1.0574076664380252,-0.008228809627021105,-0.001351576331368596,0.05421047546270818
2024-07-02,CAUSAL_MLP,7,2024-07-01,2024-07-02,2024-07-31,1,0.004832499994690431,0.000548560405900854,0.0042839395887895775,1.1102230246251565e-16,0.9999999999999999,0.548560405900854,1.0,0.06954695195568056,0.1,1.0531990551739934,1.0574076664380252,-0.003980121761561373,0.00427478964216075,0.054445637616860755
2024-07-03,CAUSAL_MLP,7,2024-07-01,2024-07-02,2024-07-31,0,0.005342551064932051,0.0,0.005342551064932051,1.1048836742750885e-16,1.0,0.0,1.0,0.06954695195568056,0.1,1.0588258249077986,1.0588258249077986,0.0,0.0053283302667323056,0.05662825444330423
2024-07-05,CAUSAL_MLP,7,2024-07-01,2024-07-02,2024-07-31,0,0.0045097919194338094,0.0,0.0045097919194338094,1.0990121457653566e-16,1.0,0.0,1.0,0.06954695195568056,0.1,1.0636009090570557,1.0636009090570557,0.0,0.0044996532785345255,0.05785212879950386
2024-07-08,CAUSAL_MLP,7,2024-07-01,2024-07-02,2024-07-31,0,-0.0005250666848319171,0.0,-0.0005250666848319171,1.0940780812751919e-16,0.9999999999999998,0.0,1.0,0.06954695195568056,0.1,1.063042447653753,1.0636009090570557,-0.0005250666848318764,-0.0005252045806154445,0.05503035651357021
2024-07-09,CAUSAL_MLP,7,2024-07-01,2024-07-02,2024-07-31,0,-0.00046863873273723494,0.0,-0.00046863873273723494,1.0946528470166165e-16,0.9999999999999996,0.0,1.0,0.06954695195568056,0.1,1.0625442647882386,1.0636009090570557,-0.0009934593509833833,-0.00046874857818804156,0.054992169552042586
2024-07-10,CAUSAL_MLP,7,2024-07-01,2024-07-02,2024-07-31,0,0.006041318505292217,0.0,0.006041318505292217,1.0951660842624823e-16,0.9999999999999997,0.0,1.0,0.06954695195568056,0.1,1.068963433117796,1.068963433117796,0.0,0.006023142906968061,0.047970702455208326
2024-07-11,CAUSAL_MLP,7,2024-07-01,2024-07-02,2024-07-31,0,0.001798994777184114,0.0,0.001798994777184114,1.0885895679608922e-16,1.0,0.0,1.0,0.06954695195568056,0.1,1.0708864927509758,1.0708864927509758,0.0,0.0017973785242100632,0.04784556159017596
2024-07-12,CAUSAL_MLP,7,2024-07-01,2024-07-02,2024-07-31,0,0.0046908153628829755,0.0,0.0046908153628829755,1.0866347177789009e-16,0.9999999999999999,0.0,1.0,0.06954695195568056,0.1,1.075909823563076,1.075909823563076,0.0,0.004679847773084118,0.04932436522580733
2024-07-15,CAUSAL_MLP,7,2024-07-01,2024-07-02,2024-07-31,0,-0.0004960248561341605,0.0,-0.0004960248561341605,1.0815613133543185e-16,0.9999999999999998,0.0,1.0,0.06954695195568056,0.1,1.0753761455476296,1.075909823563076,-0.0004960248561343139,-0.0004961479171590126,0.048023196123057034
2024-07-16,CAUSAL_MLP,7,2024-07-01,2024-07-02,2024-07-31,0,0.007001583492101864,0.0,0.007001583492101864,1.0820980608892943e-16,0.9999999999999999,0.0,1.0,0.06954695195568056,0.1,1.0829054814160959,1.0829054814160959,0.0,0.006977186219897791,0.05212965576470505
2024-07-17,CAUSAL_MLP,7,2024-07-01,2024-07-02,2024-07-31,0,-0.005264018812993449,0.0,-0.005264018812993449,1.0745743389367585e-16,1.0,0.0,1.0,0.06954695195568056,0.1,1.0772050465892278,1.0829054814160959,-0.005264018812993543,-0.005277922574597945,0.05674415579593512
2024-07-18,CAUSAL_MLP,7,2024-07-01,2024-07-02,2024-07-31,0,-0.006959174820753298,0.0,-0.006959174820753298,1.0802608523866621e-16,0.9999999999999999,0.0,1.0,0.06954695195568056,0.1,1.0697085883522157,1.0829054814160959,-0.012186560406567404,-0.006983502812042489,0.06331544748112523
2024-07-19,CAUSAL_MLP,7,2024-07-01,2024-07-02,2024-07-31,0,-0.005249554144118375,0.0,-0.005249554144118375,1.0878312603025884e-16,1.0,0.0,1.0,0.06954695195568056,0.1,1.0640930951992322,1.0829054814160959,-0.01737214054200098,-0.005263381466220716,0.06491003317631992
2024-07-22,CAUSAL_MLP,7,2024-07-01,2024-07-02,2024-07-31,0,0.005307956753446405,0.0,0.005307956753446405,1.0935720258628488e-16,0.9999999999999999,0.0,1.0,0.06954695195568056,0.1,1.0697412553301906,1.0829054814160959,-0.01215639435926641,0.005293919202895463,0.06706870998883857
2024-07-23,CAUSAL_MLP,7,2024-07-01,2024-07-02,2024-07-31,0,-0.001476283352403128,0.0,-0.001476283352403128,1.08779804090524e-16,1.0,0.0,1.0,0.06954695195568056,0.1,1.0681620141235677,1.0829054814160959,-0.013614731429051785,-0.0014773741323370986,0.06695000640150983
2024-07-24,CAUSAL_MLP,7,2024-07-01,2024-07-02,2024-07-31,0,-0.011274681551197725,0.0,-0.011274681551197725,1.0894063133095817e-16,0.9999999999999999,0.0,1.0,0.06954695195568056,0.1,1.0561188275692386,1.0829054814160959,-0.024735911218981776,-0.011338722589788422,0.07817167732361546
2024-07-25,CAUSAL_MLP,7,2024-07-01,2024-07-02,2024-07-31,0,-0.0005299589177820315,0.0,-0.0005299589177820315,1.1018290853709869e-16,0.9999999999999998,0.0,1.0,0.06954695195568056,0.1,1.0555591279783307,1.0829054814160959,-0.025252761120023948,-0.000530099395643156,0.07814188576068118
2024-07-26,CAUSAL_MLP,7,2024-07-01,2024-07-02,2024-07-31,0,0.0077541393641810796,0.0,0.0077541393641810796,1.1024133191405473e-16,0.9999999999999999,0.0,1.0,0.06954695195568056,0.1,1.0637440805638083,1.0829054814160959,-0.017694435184897772,0.007724230537519478,0.0810271159987024
2024-07-29,CAUSAL_MLP,7,2024-07-01,2024-07-02,2024-07-31,0,-0.0003669076999781173,0.0,-0.0003669076999781173,1.0939308270528061e-16,0.9999999999999999,0.0,1.0,0.06954695195568056,0.1,1.0633537846698433,1.0829054814160959,-0.018054850660359723,-0.0003669750270773266,0.08078783631220673
2024-07-30,CAUSAL_MLP,7,2024-07-01,2024-07-02,2024-07-31,0,-0.00035205594076734173,0.0,-0.00035205594076734173,1.0943323460168947e-16,0.9999999999999999,0.0,1.0,0.06954695195568056,0.1,1.0629794246528128,1.0829054814160959,-0.018400550283692474,-0.0003521179270088998,0.07904081825135584
2024-07-31,CAUSAL_MLP,7,2024-07-01,2024-07-02,2024-07-31,0,0.009855390770263369,0.0,0.009855390770263369,1.0947177479035076e-16,0.9999999999999999,0.0,1.0,0.06954695195568056,0.1,1.0734555022635162,1.0829054814160959,-0.0087265041268626,0.00980714314711299,0.0848450026581915
2024-08-01,CAUSAL_MLP,8,2024-07-31,2024-08-01,2024-08-29,1,-0.009495898671011064,0.0006143520725348287,-0.010110250743545893,0.0,1.0,0.6143520725348287,1.0,0.06777317707912779,0.1,1.0626025979735931,1.0829054814160959,-0.01874852772557123,-0.010161706442395347,0.09245832137088572
2024-08-02,CAUSAL_MLP,8,2024-07-31,2024-08-01,2024-08-29,0,-0.008164223507305801,0.0,-0.008164223507305801,0.0,1.0,0.0,1.0,0.06777317707912779,0.1,1.0539272728642928,1.0829054814160959,-0.026759684062092726,-0.008197733292258036,0.09524744078101549
2024-08-05,CAUSAL_MLP,8,2024-07-31,2024-08-01,2024-08-29,0,-0.016152475978672587,0.0,-0.016152475978672587,0.0,1.0,0.0,1.0,0.06777317707912779,0.1,1.0369037379060844,1.0829054814160959,-0.04247992488675545,-0.016284349199569382,0.1085513423508167
2024-08-06,CAUSAL_MLP,8,2024-07-31,2024-08-01,2024-08-29,0,0.002324667786205052,0.0,0.002324667786205052,0.0,1.0000000000000002,0.0,1.0,0.06777317707912779,0.1,1.0393141946229902,1.0829054814160959,-0.04025400881349506,0.0023219699263232812,0.10922381635464684
2024-08-07,CAUSAL_MLP,8,2024-07-31,2024-08-01,2024-08-29,0,-0.0013433743327376873,0.0,-0.0013433743327376873,0.0,1.0,0.0,1.0,0.06777317707912779,0.1,1.0379180066102838,1.0829054814160959,-0.04154330694400288,-0.0013442774689605757,0.10920469694350998
2024-08-08,CAUSAL_MLP,8,2024-07-31,2024-08-01,2024-08-29,0,0.013005262296558438,0.0,0.013005262296558438,0.0,1.0000000000000002,0.0,1.0,0.06777317707912779,0.1,1.0514164025285715,1.0829054814160959,-0.029078326250917774,0.012921420017671983,0.11720860230994674
2024-08-09,CAUSAL_MLP,8,2024-07-31,2024-08-01,2024-08-29,0,0.003239361097177932,0.0,0.003239361097177932,0.0,1.0000000000000002,0.0,1.0,0.06777317707912779,0.1,1.0548223199198574,1.0829054814160959,-0.025933160352567985,0.003234125670264323,0.11771252777011382
2024-08-12,CAUSAL_MLP,8,2024-07-31,2024-08-01,2024-08-29,0,0.001056956418550158,0.0,0.001056956418550158,0.0,1.0,0.0,1.0,0.06777317707912779,0.1,1.0559372211413267,1.0829054814160959,-0.024903614154305753,0.0010563982333984295,0.11627876321342338
2024-08-13,CAUSAL_MLP,8,2024-07-31,2024-08-01,2024-08-29,0,0.00981090190356754,0.0,0.00981090190356754,0.0,1.0,0.0,1.0,0.06777317707912779,0.1,1.0662969176342698,1.0829054814160959,-0.01533703916625051,0.009763087486170977,0.12200896391630114
2024-08-14,CAUSAL_MLP,8,2024-07-31,2024-08-01,2024-08-29,0,0.002251517277993219,0.0,0.002251517277993219,0.0,1.0,0.0,1.0,0.06777317707912779,0.1,1.0686977035677943,1.0829054814160959,-0.01312005349693346,0.002248986411115092,0.11947809382786935
2024-08-15,CAUSAL_MLP,8,2024-07-31,2024-08-01,2024-08-29,0,0.007296623928309034,0.0,0.007296623928309034,0.0,1.0,0.0,1.0,0.06777317707912779,0.1,1.076495588803776,1.0829054814160959,-0.005919161664910799,0.007270132355907095,0.12122040593677497
2024-08-16,CAUSAL_MLP,8,2024-07-31,2024-08-01,2024-08-29,0,0.003908037372598919,0.0,0.003908037372598919,0.0,1.0,0.0,1.0,0.06777317707912779,0.1,1.0807025737962588,1.0829054814160959,-0.0020342565973130444,0.003900420831914106,0.11920197028470483
2024-08-19,CAUSAL_MLP,8,2024-07-31,2024-08-01,2024-08-29,0,0.006025954208079355,0.0,0.006025954208079355,0.0,1.0,0.0,1.0,0.06777317707912779,0.1,1.0872148380185085,1.0872148380185085,0.0,0.006007870756358065,0.11874475223512589
2024-08-20,CAUSAL_MLP,8,2024-07-31,2024-08-01,2024-08-29,0,-0.0014106239159006337,0.0,-0.0014106239159006337,0.0,1.0000000000000002,0.0,1.0,0.06777317707912779,0.1,1.0856811867662775,1.0872148380185085,-0.0014106239159007439,-0.0014116197824556491,0.11797583011954006
2024-08-21,CAUSAL_MLP,8,2024-07-31,2024-08-01,2024-08-29,0,0.003465423176329967,0.0,0.003465423176329967,0.0,1.0000000000000002,0.0,1.0,0.06777317707912779,0.1,1.0894435315130029,1.0894435315130029,0.0,0.0034594324337503916,0.11806498845574769
2024-08-22,CAUSAL_MLP,8,2024-07-31,2024-08-01,2024-08-29,0,-0.004707528498190386,0.0,-0.004707528498190386,0.0,1.0,0.0,1.0,0.06777317707912779,0.1,1.0843149450412364,1.0894435315130029,-0.004707528498190228,-0.004718643807948479,0.11143130258567058
2024-08-23,CAUSAL_MLP,8,2024-07-31,2024-08-01,2024-08-29,0,0.010347498160855131,0.0,0.010347498160855131,0.0,1.0,0.0,1.0,0.06777317707912779,0.1,1.0955348919408383,1.0955348919408383,0.0,0.010294329263934771,0.11548210936701561
2024-08-26,CAUSAL_MLP,8,2024-07-31,2024-08-01,2024-08-29,0,-0.0020963618983632117,0.0,-0.0020963618983632117,0.0,1.0000000000000002,0.0,1.0,0.06777317707912779,0.1,1.093238254335046,1.0955348919408383,-0.0020963618983632637,-0.002098562340787949,0.11410570964308768
2024-08-27,CAUSAL_MLP,8,2024-07-31,2024-08-01,2024-08-29,0,0.0011297990759735865,0.0,0.0011297990759735865,0.0,1.0000000000000002,0.0,1.0,0.06777317707912779,0.1,1.0944733939046127,1.0955348919408383,-0.0009689312901253189,0.0011291613332997427,0.11394751485047165
2024-08-28,CAUSAL_MLP,8,2024-07-31,2024-08-01,2024-08-29,0,-0.0031009261016100745,0.0,-0.0031009261016100745,0.0,0.9999999999999997,0.0,1.0,0.06777317707912779,0.1,1.0910795127899362,1.0955348919408383,-0.004066852807407151,-0.003105743935362846,0.11486851229982037
2024-08-29,CAUSAL_MLP,8,2024-07-31,2024-08-01,2024-08-29,0,0.0018867902323869868,0.0,0.0018867902323869868,0.0,1.0,0.0,1.0,0.06777317707912779,0.1,1.0931381509574258,1.0955348919408383,-0.0021877358731736685,0.0018850124795097365,0.11062578864288788
2024-08-30,CAUSAL_MLP,9,2024-08-29,2024-08-30,2024-09-30,1,0.0020514503369311794,0.00046700760388589715,0.0015844427330452822,1.1102230246251565e-16,0.9999999999999999,0.4670076038858971,1.0,0.0854614156463484,0.1,1.094870165756925,1.0955348919408383,-0.0006067594823343514,0.0015831888279772464,0.10310053436091374
2024-09-03,CAUSAL_MLP,9,2024-08-29,2024-08-30,2024-09-30,0,-0.010454442980940525,0.0,-0.010454442980940525,1.1079501199782243e-16,1.0,0.0,1.0,0.0854614156463484,0.1,1.0834239080374863,1.0955348919408383,-0.011054859130863681,-0.010509474555626813,0.106086765991694
2024-09-04,CAUSAL_MLP,9,2024-08-29,2024-08-30,2024-09-30,0,-0.00013381220782482015,0.0,-0.00013381220782482015,1.1196554945038112e-16,0.9999999999999998,0.0,1.0,0.0854614156463484,0.1,1.0832789326923415,1.0955348919408383,-0.011187192063581097,-0.00013382116147704918,0.08498173009926255
2024-09-05,CAUSAL_MLP,9,2024-08-29,2024-08-30,2024-09-30,0,-0.0011583070390695624,0.0,-0.0011583070390695624,1.11980533812844e-16,0.9999999999999999,0.0,1.0,0.0854614156463484,0.1,1.0820241630793281,1.0955348919408383,-0.012332540899336109,-0.0011589783951423236,0.0857110229822533
2024-09-06,CAUSAL_MLP,9,2024-08-29,2024-08-30,2024-09-30,0,-0.010392385839445382,0.0,-0.010392385839445382,1.1211039206913052e-16,0.9999999999999997,0.0,1.0,0.0854614156463484,0.1,1.0707793504890049,1.0955348919408383,-0.022596762215374766,-0.010446763753432061,0.09533567917380827
2024-09-09,CAUSAL_MLP,9,2024-08-29,2024-08-30,2024-09-30,0,0.007107856580609214,0.0,0.007107856580609214,1.1328772178478981e-16,0.9999999999999999,0.0,1.0,0.0854614156463484,0.1,1.0783902965417587,1.0955348919408383,-0.015649520179778498,0.007082714833677724,0.08840345115324108
2024-09-10,CAUSAL_MLP,9,2024-08-29,2024-08-30,2024-09-30,0,-0.0006684137580922392,0.0,-0.0006684137580922392,1.1248817199126103e-16,0.9999999999999998,0.0,1.0,0.0854614156463484,0.1,1.077669485630957,1.0955348919408383,-0.01630747358327511,-0.0006686372461621257,0.08830916191756817
2024-09-11,CAUSAL_MLP,9,2024-08-29,2024-08-30,2024-09-30,0,0.0033736175201070917,0.0,0.0033736175201070917,1.125634109237803e-16,1.0,0.0,1.0,0.0854614156463484,0.1,1.0813051302885663,1.0955348919408383,-0.012988871241757183,0.0033679396389370542,0.08868327598641697
2024-09-12,CAUSAL_MLP,9,2024-08-29,2024-08-30,2024-09-30,0,0.006281133086307606,0.0,0.006281133086307606,1.121849418385017e-16,0.9999999999999997,0.0,1.0,0.0854614156463484,0.1,1.088096951718816,1.0955348919408383,-0.00678932298436008,0.00626148898511375,0.08514760020365508
2024-09-13,CAUSAL_MLP,9,2024-08-29,2024-08-30,2024-09-30,0,0.004177658482444585,0.0,0.004177658482444585,1.1148469165314237e-16,0.9999999999999997,0.0,1.0,0.0854614156463484,0.1,1.0926426491788863,1.0955348919408383,-0.002640027974671,0.004168956295338228,0.08577023881161802
2024-09-16,CAUSAL_MLP,9,2024-08-29,2024-08-30,2024-09-30,0,0.004935906993175933,0.0,0.004935906993175933,1.1102088431405923e-16,0.9999999999999998,0.0,1.0,0.0854614156463484,0.1,1.0980358316720107,1.0980358316720107,0.0,0.00492376534123904,0.08399474727919147
2024-09-17,CAUSAL_MLP,9,2024-08-29,2024-08-30,2024-09-30,0,-0.0010443569624613285,0.0,-0.0010443569624613285,1.1047558709116078e-16,1.0,0.0,1.0,0.0854614156463484,0.1,1.096889090306172,1.0980358316720107,-0.0010443569624611904,-0.0010449026831784217,0.08354690742180935
2024-09-18,CAUSAL_MLP,9,2024-08-29,2024-08-30,2024-09-30,0,-0.0033458270265363005,0.0,-0.0033458270265363005,1.1059108365936658e-16,1.0000000000000002,0.0,1.0,0.0854614156463484,0.1,1.093219089142713,1.0980358316720107,-0.004386689751247119,-0.0033514368222144625,0.08234823800567088
2024-09-19,CAUSAL_MLP,9,2024-08-29,2024-08-30,2024-09-30,0,0.011507639646650178,0.0,0.011507639646650178,1.1096234447042353e-16,1.0,0.0,1.0,0.0854614156463484,0.1,1.1057994604754064,1.1057994604754064,0.0,0.011441930386711053,0.09067310886695831
2024-09-20,CAUSAL_MLP,9,2024-08-29,2024-08-30,2024-09-30,0,-0.0015226949607702774,0.0,-0.0015226949607702774,1.0969995689719754e-16,1.0,0.0,1.0,0.0854614156463484,0.1,1.104115665209318,1.1057994604754064,-0.0015226949607702878,-0.0015238554389278207,0.09052610958145296
2024-09-23,CAUSAL_MLP,9,2024-08-29,2024-08-30,2024-09-30,0,0.0007855247420798041,0.0,0.0007855247420798041,1.0986725120696408e-16,0.9999999999999999,0.0,1.0,0.0854614156463484,0.1,1.1049829753824578,1.1057994604754064,-0.0007383663332568569,0.0007852163789935837,0.0884062702602867
2024-09-24,CAUSAL_MLP,9,2024-08-29,2024-08-30,2024-09-30,0,0.004667677002115419,0.0,0.004667677002115419,1.0978101550307576e-16,1.0,0.0,1.0,0.0854614156463484,0.1,1.1101406790043797,1.1101406790043797,0.0,0.004656817178139017,0.08283908447297136
2024-09-25,CAUSAL_MLP,9,2024-08-29,2024-08-30,2024-09-30,0,-0.005529530234607334,0.0,-0.005529530234607334,1.0927097389124484e-16,0.9999999999999998,0.0,1.0,0.0854614156463484,0.1,1.1040021225551575,1.1101406790043797,-0.005529530234607338,-0.005544874678099855,0.08509914423551129
2024-09-26,CAUSAL_MLP,9,2024-08-29,2024-08-30,2024-09-30,0,0.006539676543242763,0.0,0.006539676543242763,1.0987855065924999e-16,0.9999999999999998,0.0,1.0,0.0854614156463484,0.1,1.1112219393397218,1.1112219393397218,0.0,0.006518385631968907,0.08763775694448345
2024-09-27,CAUSAL_MLP,9,2024-08-29,2024-08-30,2024-09-30,0,1.383196015990266e-05,0.0,1.383196015990266e-05,1.0916464916376242e-16,1.0,0.0,1.0,0.0854614156463484,0.1,1.1112373097173156,1.1112373097173156,0.0,1.3831864499223842e-05,0.08658032423114885
2024-09-30,CAUSAL_MLP,9,2024-08-29,2024-08-30,2024-09-30,0,-0.000793058203909865,0.0,-0.000793058203909865,1.0916313922356975e-16,1.0,0.0,1.0,0.0854614156463484,0.1,1.1103560338523535,1.1112373097173156,-0.0007930582039099576,-0.0007933728409285705,0.08668244493724794
2024-10-01,CAUSAL_MLP,10,2024-09-30,2024-10-01,2024-10-30,1,-0.0004445115145212767,0.0004069205215664326,-0.0008514320360877093,0.2175294626109543,0.7824705373890457,0.40692052156643255,1.0,0.07335942412793788,0.1,1.1094106411536684,1.1112373097173156,-0.0016438150048362354,-0.0008517947102199438,0.08679581829577142
2024-10-02,CAUSAL_MLP,10,2024-09-30,2024-10-01,2024-10-30,0,0.0009127535190139612,0.0,0.0009127535190139612,0.21762619996269925,0.7823738000373008,0.0,1.0,0.07335942412793788,0.1,1.1104232596204129,1.1112373097173156,-0.0007325618837525916,0.0009123372128247587,0.07676745166578697
2024-10-03,CAUSAL_MLP,10,2024-09-30,2024-10-01,2024-10-30,0,-0.0024331174234065163,0.0,-0.0024331174234065163,0.21742774202603368,0.7825722579739662,0.0,1.0,0.07335942412793788,0.1,1.1077214694400748,1.1112373097173156,-0.0031638968980759463,-0.0024360822637841256,0.07766990696774916
2024-10-04,CAUSAL_MLP,10,2024-09-30,2024-10-01,2024-10-30,0,0.002326290330334301,0.0,0.002326290330334301,0.2179580595783657,0.7820419404216344,0.0,1.0,0.07335942412793788,0.1,1.1102983511831368,1.1112373097173156,-0.0008449667105019376,0.0023235887060142593,0.07735111169262578
2024-10-07,CAUSAL_MLP,10,2024-09-30,2024-10-01,2024-10-30,0,-0.0030860203610721952,0.0,-0.0030860203610721952,0.21745220262209602,0.782547797377904,0.0,1.0,0.07335942412793788,0.1,1.1068719478645208,1.1112373097173156,-0.003928379487101008,-0.0030907919412310873,0.0668453262930724
2024-10-08,CAUSAL_MLP,10,2024-09-30,2024-10-01,2024-10-30,0,-0.0005753880832372353,0.0,-0.0005753880832372353,0.21812534186836763,0.7818746581316324,0.0,1.0,0.07335942412793788,0.1,1.1062350669360501,1.1112373097173156,-0.004501507227594792,-0.0005755536824860039,0.06410820671943644
2024-10-09,CAUSAL_MLP,10,2024-09-30,2024-10-01,2024-10-30,0,0.0008406010131259299,0.0,0.0008406010131259299,0.21825092084737877,0.7817490791526213,0.0,1.0,0.07335942412793788,0.1,1.107164969254072,1.1112373097173156,-0.003664690186005015,0.0008402479059619335,0.0637620549529178
2024-10-10,CAUSAL_MLP,10,2024-09-30,2024-10-01,2024-10-30,0,0.0003936098378703376,0.0,0.0003936098378703376,0.2180676129909686,0.7819323870090313,0.0,1.0,0.07335942412793788,0.1,1.1076007602781157,1.1112373097173156,-0.003272522806244682,0.0003935323938392587,0.06336953582626134
2024-10-11,CAUSAL_MLP,10,2024-09-30,2024-10-01,2024-10-30,0,0.004128870116750402,0.0,0.004128870116750402,0.21798181320481438,0.7820181867951859,0.0,1.0,0.07335942412793788,0.1,1.112173899958518,1.112173899958518,0.0,0.0041203697225128035,0.06160031903661088
2024-10-15,CAUSAL_MLP,10,2024-09-30,2024-10-01,2024-10-30,0,-0.004883396283351356,0.0,-0.004883396283351356,0.21708549539011812,0.7829145046098818,0.0,1.0,0.07335942412793788,0.1,1.1067427140690203,1.112173899958518,-0.004883396283351327,-0.004895359024743135,0.06376775271135887
2024-10-16,CAUSAL_MLP,10,2024-09-30,2024-10-01,2024-10-30,0,0.0033301473697124767,0.0,0.0033301473697124767,0.2181508122558987,0.7818491877441014,0.0,1.0,0.07335942412793788,0.1,1.1104283304072256,1.112173899958518,-0.0015695113429271546,0.003324614708609033,0.06263543739357177
2024-10-17,CAUSAL_MLP,10,2024-09-30,2024-10-01,2024-10-30,0,-0.001496635170317513,0.0,-0.001496635170317513,0.21742674913914778,0.7825732508608519,0.0,1.0,0.07335942412793788,0.1,1.108766424313821,1.112173899958518,-0.003063797527368739,-0.0014977562474359429,0.0627987423197803
2024-10-18,CAUSAL_MLP,10,2024-09-30,2024-10-01,2024-10-30,0,0.0020974934657835742,0.0,0.0020974934657835742,0.21775264540669315,0.782247354593307,0.0,1.0,0.07335942412793788,0.1,1.1110920546438996,1.112173899958518,-0.0009727303568792811,0.0020952967974926964,0.06139446967280082
2024-10-21,CAUSAL_MLP,10,2024-09-30,2024-10-01,2024-10-30,0,-0.005015940585618252,0.0,-0.005015940585618252,0.21729686664876213,0.7827031333512379,0.0,1.0,0.07335942412793788,0.1,1.1055188829126532,1.112173899958518,-0.005983791784821668,-0.005028562640940462,0.05095171133197192
2024-10-22,CAUSAL_MLP,10,2024-09-30,2024-10-01,2024-10-30,0,0.0005495925535038259,0.0,0.0005495925535038259,0.2183923094975578,0.781607690502442,0.0,1.0,0.07335942412793788,0.1,1.1061264678584597,1.112173899958518,-0.005437487878724556,0.0005494415828287657,0.0506820872277165
2024-10-23,CAUSAL_MLP,10,2024-09-30,2024-10-01,2024-10-30,0,-0.005153320381620938,0.0,-0.005153320381620938,0.21827234864010947,0.7817276513598908,0.0,1.0,0.07335942412793788,0.1,1.1004262437869943,1.112173899958518,-0.01056278714323533,-0.005166644532556776,0.05374935442372849
2024-10-24,CAUSAL_MLP,10,2024-09-30,2024-10-01,2024-10-30,0,0.001951088261737326,0.0,0.001951088261737326,0.21940300260522377,0.7805969973947763,0.0,1.0,0.07335942412793788,0.1,1.1025732725141548,1.112173899958518,-0.00863230781150437,0.0019491873611830245,0.051437305702976166
2024-10-25,CAUSAL_MLP,10,2024-09-30,2024-10-01,2024-10-30,0,-0.001016187449633195,0.0,-0.001016187449633195,0.21897576156722498,0.781024238432775,0.0,1.0,0.07335942412793788,0.1,1.101452851392325,1.112173899958518,-0.009639723218278107,-0.0010167041181506232,0.047919623081458335
2024-10-28,CAUSAL_MLP,10,2024-09-30,2024-10-01,2024-10-30,0,0.0008377071068443225,0.0,0.0008377071068443225,0.2191985083403788,0.7808014916596212,0.0,1.0,0.07335942412793788,0.1,1.1023755462737903,1.112173899958518,-0.008810091376081686,0.0008373564260774085,0.041648945734292654
2024-10-29,CAUSAL_MLP,10,2024-09-30,2024-10-01,2024-10-30,0,0.00041207205452361173,0.0,0.00041207205452361173,0.21901503788663537,0.7809849621133647,0.0,1.0,0.07335942412793788,0.1,1.1028298044299998,1.112173899958518,-0.008401649714012138,0.00041198717615108845,0.041719236019059795
2024-10-30,CAUSAL_MLP,10,2024-09-30,2024-10-01,2024-10-30,0,-0.001092695369059797,0.0,-0.001092695369059797,0.21892482508417668,0.7810751749158232,0.0,1.0,0.07335942412793788,0.1,1.101624747409838,1.112173899958518,-0.009485164639337018,-0.0010932927958879168,0.04177124641758594
2024-10-31,CAUSAL_MLP,11,2024-10-30,2024-10-31,2024-12-02,1,-0.005870790187146733,0.0002605182718974002,-0.006131308459044133,0.35784427215378245,0.6421557278462175,0.26051827189740023,1.0,0.05501347776391383,0.1,1.0948703462773517,1.112173899958518,-0.015558316628192514,-0.006150182117114009,0.046316830192371226
2024-11-01,CAUSAL_MLP,11,2024-10-30,2024-10-31,2024-12-02,0,-0.0005307075992452356,0.0,-0.0005307075992452356,0.35995750715457536,0.6400424928454247,0.0,1.0,0.05501347776391383,0.1,1.0942892902643941,1.112173899958518,-0.01608076731057162,-0.0005308484743677209,0.04598058457798199
2024-11-04,CAUSAL_MLP,11,2024-10-30,2024-10-31,2024-12-02,0,0.002132861085545672,0.0,0.002132861085545672,0.3601486407750925,0.6398513592249074,0.0,1.0,0.05501347776391383,0.1,1.0966232573079286,1.112173899958518,-0.013982204267848242,0.0021305897663726992,0.04652235620695876
2024-11-05,CAUSAL_MLP,11,2024-10-30,2024-10-31,2024-12-02,0,0.0049708940795939295,0.0,0.0049708940795939295,0.3593821286181223,0.6406178713818775,0.0,1.0,0.05501347776391383,0.1,1.1020744553652255,1.112173899958518,-0.009080814244669111,0.00495857997682598,0.04933333356863594
2024-11-06,CAUSAL_MLP,11,2024-10-30,2024-10-31,2024-12-02,0,0.0038656049970646547,0.0,0.0038656049970646547,0.35760451445438496,0.642395485545615,0.0,1.0,0.05501347776391383,0.1,1.1063346398870226,1.112173899958518,-0.00525031208852611,0.0038581527448696908,0.050338721974672304
2024-11-07,CAUSAL_MLP,11,2024-10-30,2024-10-31,2024-12-02,0,0.004966707959891415,0.0,0.004966707959891415,0.3562274797286541,0.643772520271346,0.0,1.0,0.05501347776391383,0.1,1.111829480949253,1.112173899958518,-0.00030968089547667166,0.004954414554279257,0.05314103111542635
2024-11-08,CAUSAL_MLP,11,2024-10-30,2024-10-31,2024-12-02,0,-9.658073869401945e-05,0.0,-9.658073869401945e-05,0.35446694592680106,0.6455330540731989,0.0,1.0,0.05501347776391383,0.1,1.1117220996366812,1.112173899958518,-0.0004062317249610148,-9.658540291388108e-05,0.053106828805955186
2024-11-12,CAUSAL_MLP,11,2024-10-30,2024-10-31,2024-12-02,0,-0.005508354332731212,0.0,-0.005508354332731212,0.35450118391301133,0.6454988160869888,0.0,1.0,0.05501347776391383,0.1,1.1055983403923544,1.112173899958518,-0.005912348389410016,-0.005523581259072298,0.05666540424225276
2024-11-13,CAUSAL_MLP,11,2024-10-30,2024-10-31,2024-12-02,0,-0.0022245483156661115,0.0,-0.0022245483156661115,0.35646471788624584,0.6435352821137542,0.0,1.0,0.05501347776391383,0.1,1.1031388834664313,1.112173899958518,-0.008123744400424848,-0.0022270262988814673,0.054968965403223574
2024-11-14,CAUSAL_MLP,11,2024-10-30,2024-10-31,2024-12-02,0,-0.0021427745451088813,0.0,-0.0021427745451088813,0.3572594588136055,0.6427405411863947,0.0,1.0,0.05501347776391383,0.1,1.1007751055472195,1.112173899958518,-0.010249111592821714,-0.002145073571268065,0.052914960452465784
2024-11-15,CAUSAL_MLP,11,2024-10-30,2024-10-31,2024-12-02,0,-0.0037565492000252738,0.0,-0.0037565492000252738,0.35802662916104283,0.6419733708389571,0.0,1.0,0.05501347776391383,0.1,1.0966399897050683,1.112173899958518,-0.013967159500892001,-0.0037636227512902786,0.052564888867163526
2024-11-18,CAUSAL_MLP,11,2024-10-30,2024-10-31,2024-12-02,0,0.004692583405096255,0.0,0.004692583405096255,0.3593766452101147,0.6406233547898853,0.0,1.0,0.05501347776391383,0.1,1.1017860643221231,1.112173899958518,-0.009340118156686006,0.004681607558911317,0.05550408882879661
2024-11-19,CAUSAL_MLP,11,2024-10-30,2024-10-31,2024-12-02,0,0.0011911536589765683,0.0,0.0011911536589765683,0.3576981169624227,0.6423018830375774,0.0,1.0,0.05501347776391383,0.1,1.10309846082405,1.112173899958518,-0.008160090013626942,0.0011904447983090666,0.055098946596648296
2024-11-20,CAUSAL_MLP,11,2024-10-30,2024-10-31,2024-12-02,0,0.000959448202469279,0.0,0.000959448202469279,0.35727255045669426,0.6427274495433057,0.0,1.0,0.05501347776391383,0.1,1.1041568266594342,1.112173899958518,-0.007208470994853333,0.0009589882262347375,0.05252847534979267
2024-11-21,CAUSAL_MLP,11,2024-10-30,2024-10-31,2024-12-02,0,0.0034959568181980373,0.0,0.0034959568181980373,0.35693009451910074,0.6430699054808993,0.0,1.0,0.05501347776391383,0.1,1.1080169112459541,1.112173899958518,-0.003737714679978521,0.003489860166117129,0.053926396695422346
2024-11-22,CAUSAL_MLP,11,2024-10-30,2024-10-31,2024-12-02,0,0.0029864411274139746,0.0,0.0029864411274139746,0.3556866294218317,0.6443133705781684,0.0,1.0,0.05501347776391383,0.1,1.1113259385195693,1.112173899958518,-0.0007624360174073308,0.0029819905707920737,0.05125635531282853
2024-11-25,CAUSAL_MLP,11,2024-10-30,2024-10-31,2024-12-02,0,-0.0004599747152323162,0.0,-0.0004599747152323162,0.3546275551063478,0.6453724448936524,0.0,1.0,0.05501347776391383,0.1,1.1108147566874684,1.112173899958518,-0.0012220600313496144,-0.00046008053605282135,0.05105900831155525
2024-11-26,CAUSAL_MLP,11,2024-10-30,2024-10-31,2024-12-02,0,-3.4713173032032243e-06,0.0,-3.4713173032032243e-06,0.3547907498804912,0.645209250119509,0.0,1.0,0.05501347776391383,0.1,1.1108109006969829,1.112173899958518,-0.001225527106494817,-3.471323328239077e-06,0.05083628049862691
2024-11-27,CAUSAL_MLP,11,2024-10-30,2024-10-31,2024-12-02,0,0.0005305832920772826,0.0,0.0005305832920772826,0.3547919814760355,0.6452080185239646,0.0,1.0,0.05501347776391383,0.1,1.11140027840155,1.112173899958518,-0.0006955940586241827,0.0005304425825322558,0.05081434175236491
2024-11-29,CAUSAL_MLP,11,2024-10-30,2024-10-31,2024-12-02,0,0.0035757823602075244,0.0,0.0035757823602075244,0.354603834606087,0.6453961653939132,0.0,1.0,0.05501347776391383,0.1,1.115374403912188,1.115374403912188,0.0,0.0035694044499544907,0.05199631970186498
2024-12-02,CAUSAL_MLP,11,2024-10-30,2024-10-31,2024-12-02,0,-0.0011140625524245639,0.0,-0.0011140625524245639,0.35334036635691857,0.6466596336430811,0.0,1.0,0.05501347776391383,0.1,1.1141318070568567,1.115374403912188,-0.0011140625524245218,-0.001114683581396182,0.05200483077932072
2024-12-03,CAUSAL_MLP,12,2024-12-02,2024-12-03,2025-01-02,1,-0.00022032433995621627,0.00024027308473375028,-0.00046059742468996655,0.5940075333934232,0.4059924666065768,0.24027308473375028,1.0,0.02715825273365583,0.1,1.1136186408157611,1.115374403912188,-0.0015741468427717953,-0.00046070353226695075,0.04619617416305972
2024-12-04,CAUSAL_MLP,12,2024-12-02,2024-12-03,2025-01-02,0,0.0010239735028656281,0.0,0.0010239735028656281,0.5941384365522993,0.4058615634477008,0.0,1.0,0.02715825273365583,0.1,1.1147589567962537,1.115374403912188,-0.0005517852245627841,0.001023449599609876,0.045941441445362594
2024-12-05,CAUSAL_MLP,12,2024-12-02,2024-12-03,2025-01-02,0,-0.0006159685169597485,0.0,-0.0006159685169597485,0.5935306768660505,0.4064693231339495,0.0,1.0,0.02715825273365583,0.1,1.1140723003748683,1.115374403912188,-0.0011674138591961647,-0.000616158303505718,0.04598655419735491
2024-12-06,CAUSAL_MLP,12,2024-12-02,2024-12-03,2025-01-02,0,-0.00011894065608293971,0.0,-0.00011894065608293971,0.5938964984114045,0.40610350158859543,0.0,1.0,0.02715825273365583,0.1,1.1139397918845377,1.115374403912188,-0.0012862156623089094,-0.00011894773008370418,0.043426451843319495
2024-12-09,CAUSAL_MLP,12,2024-12-02,2024-12-03,2025-01-02,0,-0.0004221443472309485,0.0,-0.0004221443472309485,0.5939671452533527,0.4060328547466473,0.0,1.0,0.02715825273365583,0.1,1.113469548498238,1.115374403912188,-0.0017078170408687532,-0.0004222334752400374,0.04176793254110656
2024-12-10,CAUSAL_MLP,12,2024-12-02,2024-12-03,2025-01-02,0,-0.0013259377456861898,0.0,-0.0013259377456861898,0.5942179910192844,0.4057820089807156,0.0,1.0,0.02715825273365583,0.1,1.111993157195212,1.115374403912188,-0.003031490327477737,-0.0013268175789610034,0.03849988623440632
2024-12-11,CAUSAL_MLP,12,2024-12-02,2024-12-03,2025-01-02,0,0.0012083198101063585,0.0,0.0012083198101063585,0.5950069331709208,0.40499306682907926,0.0,1.0,0.02715825273365583,0.1,1.1133368005557536,1.115374403912188,-0.0018268335271882652,0.0012075903792559803,0.03872011180983756
2024-12-12,CAUSAL_MLP,12,2024-12-02,2024-12-03,2025-01-02,0,-0.002955123806153305,0.0,-0.002955123806153305,0.5942888421899774,0.40571115781002254,0.0,1.0,0.02715825273365583,0.1,1.1100467524721647,1.115374403912188,-0.004776558814095555,-0.002959498805744344,0.03488223060032264
2024-12-13,CAUSAL_MLP,12,2024-12-02,2024-12-03,2025-01-02,0,-0.0011113439777729521,0.0,-0.0011113439777729521,0.5960502444570359,0.4039497555429641,0.0,1.0,0.02715825273365583,0.1,1.1088131086987583,1.115374403912188,-0.00588259439199601,-0.0011119619784080374,0.034113616661090404
2024-12-16,CAUSAL_MLP,12,2024-12-02,2024-12-03,2025-01-02,0,-8.919710802430981e-05,0.0,-8.919710802430981e-05,0.5967133982986915,0.40328660170130837,0.0,1.0,0.02715825273365583,0.1,1.1087142057761228,1.115374403912188,-0.005971266789613017,-8.920108632292e-05,0.03302527808042766
2024-12-17,CAUSAL_MLP,12,2024-12-02,2024-12-03,2025-01-02,0,-0.0014100511445508555,0.0,-0.0014100511445508555,0.5967666281560885,0.40323337184391145,0.0,1.0,0.02715825273365583,0.1,1.1071508620412884,1.115374403912188,-0.0073728981425926765,-0.0014110462021640591,0.030226981670176335
2024-12-18,CAUSAL_MLP,12,2024-12-02,2024-12-03,2025-01-02,0,-0.008863676145936975,0.0,-0.008863676145936975,0.5976092878163682,0.4023907121836318,0.0,1.0,0.02715825273365583,0.1,1.0973374353554595,1.115374403912188,-0.016171223307136717,-0.008903192201656755,0.041000568644932095
2024-12-19,CAUSAL_MLP,12,2024-12-02,2024-12-03,2025-01-02,0,-0.0012366592286104769,0.0,-0.0012366592286104769,0.6029536739129353,0.3970463260870646,0.0,1.0,0.02715825273365583,0.1,1.0959804028891273,1.115374403912188,-0.017387884243206586,-0.0012374245226380095,0.04083086798718494
2024-12-20,CAUSAL_MLP,12,2024-12-02,2024-12-03,2025-01-02,0,0.00322306329596561,0.0,0.00322306329596561,0.6037002453927147,0.3962997546072854,0.0,1.0,0.02715825273365583,0.1,1.099512817098777,1.115374403912188,-0.01422086319873972,0.003217880361092775,0.042432634647052846
2024-12-23,CAUSAL_MLP,12,2024-12-02,2024-12-03,2025-01-02,0,0.0007708670322185104,0.0,0.0007708670322185104,0.6017607324629599,0.39823926753704,0.0,1.0,0.02715825273365583,0.1,1.10036039528098,1.115374403912188,-0.013460958561130942,0.0007705700668319141,0.04045198237142707
2024-12-24,CAUSAL_MLP,12,2024-12-02,2024-12-03,2025-01-02,0,0.0025206923229597134,0.0,0.0025206923229597134,0.6012972122654596,0.3987027877345404,0.0,1.0,0.02715825273365583,0.1,1.1031340652818535,1.115374403912188,-0.010974197173076017,0.0025175207067272666,0.04000229648921933
2024-12-26,CAUSAL_MLP,12,2024-12-02,2024-12-03,2025-01-02,0,0.0006106812414347629,0.0,0.0006106812414347629,0.5997853379686182,0.4002146620313816,0.0,1.0,0.02715825273365583,0.1,1.103807728562309,1.115374403912188,-0.010370217667994619,0.0006104948515247967,0.04013763675995097
2024-12-27,CAUSAL_MLP,12,2024-12-02,2024-12-03,2025-01-02,0,-0.0024817282928921635,0.0,-0.0024817282928921635,0.599419283856213,0.40058071614378693,0.0,1.0,0.02715825273365583,0.1,1.1010683776924228,1.115374403912188,-0.012826209898296637,-0.002484812885021914,0.0408202074916696
2024-12-30,CAUSAL_MLP,12,2024-12-02,2024-12-03,2025-01-02,0,-0.0015554742968125097,0.0,-0.0015554742968125097,0.6009105806456997,0.3990894193543002,0.0,1.0,0.02715825273365583,0.1,1.0993556941318892,1.115374403912188,-0.014361733355286788,-0.0015566853029120205,0.04084850279116413
2024-12-31,CAUSAL_MLP,12,2024-12-02,2024-12-03,2025-01-02,0,-0.0001752758993481326,0.0,-0.0001752758993481326,0.6018467377769322,0.3981532622230678,0.0,1.0,0.02715825273365583,0.1,1.0991630035738966,1.115374403912188,-0.014534491988904996,-0.00017529126196373583,0.0380930023611726
2025-01-02,CAUSAL_MLP,12,2024-12-02,2024-12-03,2025-01-02,0,0.000738540486340067,0.0,0.000738540486340067,0.6019522454981264,0.39804775450187346,0.0,1.0,0.02715825273365583,0.1,1.099974779953123,1.115374403912188,-0.013806685813347208,0.0007382678995177647,0.03837686461458319
2025-01-03,CAUSAL_MLP,13,2025-01-02,2025-01-03,2025-02-04,1,0.002623657364318161,0.0001823474031124443,0.0024413099612057166,0.4204638465284858,0.5795361534715142,0.1823474031124443,1.0,0.03878033757968293,0.1,1.1026601593404977,1.115374403912188,-0.011399082251748793,0.0024383348052438073,0.039805375887000734
2025-01-06,CAUSAL_MLP,13,2025-01-02,2025-01-03,2025-02-04,0,0.0009908273513992351,0.0,0.0009908273513992351,0.4193635801830118,0.5806364198169882,0.0,1.0,0.03878033757968293,0.1,1.1037527051856704,1.115374403912188,-0.010419549422825525,0.0009903368059828977,0.03978987494185074
2025-01-07,CAUSAL_MLP,13,2025-01-02,2025-01-03,2025-02-04,0,-0.0022205497084265414,0.0,-0.0022205497084265414,0.4189484745755753,0.5810515254244246,0.0,1.0,0.03878033757968293,0.1,1.1013017674379952,1.115374403912188,-0.012616962003819343,-0.002223018784745308,0.04024966741686532
2025-01-08,CAUSAL_MLP,13,2025-01-02,2025-01-03,2025-02-04,0,0.0005046486611920295,0.0,0.0005046486611920295,0.4198808408543082,0.5801191591456919,0.0,1.0,0.03878033757968293,0.1,1.1018575379005011,1.115374403912188,-0.012118680475611043,0.0005045213688798708,0.040391300126050605
2025-01-10,CAUSAL_MLP,13,2025-01-02,2025-01-03,2025-02-04,0,-0.0040648098861691875,0.0,-0.0040648098861691875,0.419669055427343,0.5803309445726568,0.0,1.0,0.03878033757968293,0.1,1.0973786964872931,1.115374403912188,-0.016134230229575608,-0.004073093681530501,0.0422193154682122
2025-01-13,CAUSAL_MLP,13,2025-01-02,2025-01-03,2025-02-04,0,0.0006350150605131883,0.0,0.0006350150605131883,0.42138189271068616,0.5786181072893137,0.0,1.0,0.03878033757968293,0.1,1.098075548486649,1.115374403912188,-0.015509460648247986,0.0006348135237643828,0.04239484980462663
2025-01-14,CAUSAL_MLP,13,2025-01-02,2025-01-03,2025-02-04,0,0.0014726826471822734,0.0,0.0014726826471822734,0.42111447867452767,0.5788855213254722,0.0,1.0,0.03878033757968293,0.1,1.0996926652922003,1.115374403912188,-0.014059618514629557,0.0014715993135666018,0.04254625748277286
2025-01-15,CAUSAL_MLP,13,2025-01-02,2025-01-03,2025-02-04,0,0.007982104904397248,0.0,0.007982104904397248,0.4204952226568979,0.5795047773431022,0.0,1.0,0.03878033757968293,0.1,1.1084705275091589,1.115374403912188,-0.006189738960131863,0.007950416420554766,0.05085547309554581
2025-01-16,CAUSAL_MLP,13,2025-01-02,2025-01-03,2025-02-04,0,0.0007943774471475313,0.0,0.0007943774471475313,0.41716536495137474,0.5828346350486252,0.0,1.0,0.03878033757968293,0.1,1.1093510714970398,1.115374403912188,-0.005400278502018074,0.0007940620963772389,0.05079089310086349
2025-01-17,CAUSAL_MLP,13,2025-01-02,2025-01-03,2025-02-04,0,0.0018830502134999526,0.0,0.0018830502134999526,0.41683424123094204,0.583165758769058,0.0,1.0,0.03878033757968293,0.1,1.1114400352690685,1.115374403912188,-0.00352739728410445,0.0018812794969969282,0.05119308570863274
2025-01-21,CAUSAL_MLP,13,2025-01-02,2025-01-03,2025-02-04,0,0.004567737133968716,0.0,0.004567737133968716,0.41605079668940925,0.5839492033105906,0.0,1.0,0.03878033757968293,0.1,1.1165168011903466,1.1165168011903466,0.0,0.004557336681701426,0.053088403159866064
2025-01-22,CAUSAL_MLP,13,2025-01-02,2025-01-03,2025-02-04,0,-0.0002920017108882812,0.0,-0.0002920017108882812,0.41415902712185637,0.5858409728781435,0.0,1.0,0.03878033757968293,0.1,1.1161907763741634,1.1165168011903466,-0.0002920017108883899,-0.0002920443516888552,0.041099300556121696
2025-01-23,CAUSAL_MLP,13,2025-01-02,2025-01-03,2025-02-04,0,0.0013407814092191866,0.0,0.0013407814092191866,0.41427999758993944,0.5857200024100605,0.0,1.0,0.03878033757968293,0.1,1.1176873442162678,1.1176873442162678,0.0,0.001339883364457055,0.040445132323234594
2025-01-24,CAUSAL_MLP,13,2025-01-02,2025-01-03,2025-02-04,0,0.00030710916733046504,0.0,0.00030710916733046504,0.41372528242274303,0.5862747175772568,0.0,1.0,0.03878033757968293,0.1,1.118030596245886,1.118030596245886,0.0,0.0003070620189630194,0.03962257927028923
2025-01-27,CAUSAL_MLP,13,2025-01-02,2025-01-03,2025-02-04,0,-0.00248901982476233,0.0,-0.00248901982476233,0.4135982626047051,0.5864017373952946,0.0,1.0,0.03878033757968293,0.1,1.1152477959271392,1.118030596245886,-0.0024890198247623507,-0.0024921225842289,0.04122772162904056
2025-01-28,CAUSAL_MLP,13,2025-01-02,2025-01-03,2025-02-04,0,0.0011642635953076229,0.0,0.0011642635953076229,0.4146302856055242,0.5853697143944757,0.0,1.0,0.03878033757968293,0.1,1.1165462383356841,1.118030596245886,-0.0013276541046247647,0.0011635863660458925,0.04071438855964044
2025-01-29,CAUSAL_MLP,13,2025-01-02,2025-01-03,2025-02-04,0,-0.0010334290362664484,0.0,-0.0010334290362664484,0.4141481080402674,0.5858518919597326,0.0,1.0,0.03878033757968293,0.1,1.115392367032654,1.118030596245886,-0.0023597111045893238,-0.001033963392230649,0.04109332086325322
2025-01-30,CAUSAL_MLP,13,2025-01-02,2025-01-03,2025-02-04,0,0.003749236705855306,0.0,0.003749236705855306,0.41457654347805256,0.5854234565219474,0.0,1.0,0.03878033757968293,0.1,1.1195742370365638,1.1195742370365638,0.0,0.0037422258360598664,0.041061381617485924
2025-01-31,CAUSAL_MLP,13,2025-01-02,2025-01-03,2025-02-04,0,-0.0032576319709913064,0.0,-0.0032576319709913064,0.4130280037259371,0.5869719962740628,0.0,1.0,0.03878033757968293,0.1,1.1159270762080953,1.1195742370365638,-0.0032576319709912704,-0.0032629496057590872,0.042685293229588334
2025-02-03,CAUSAL_MLP,13,2025-01-02,2025-01-03,2025-02-04,0,-0.0008174423572181191,0.0,-0.0008174423572181191,0.4143778944028159,0.5856221055971842,0.0,1.0,0.03878033757968293,0.1,1.1150148701484361,1.1195742370365638,-0.004072411401852216,-0.0008177766454084389,0.0429110782827724
2025-02-04,CAUSAL_MLP,13,2025-01-02,2025-01-03,2025-02-04,0,0.003863220967351954,0.0,0.003863220967351954,0.4147169015644088,0.5852830984355911,0.0,1.0,0.03878033757968293,0.1,1.1193224189737028,1.1195742370365638,-0.00022492305961552272,0.003855777892567058,0.04429920621156265
2025-02-05,CAUSAL_MLP,14,2025-02-04,2025-02-05,2025-03-06,1,0.007228365811319971,0.0004213938967162023,0.006806971914603769,0.0,1.0,0.4213938967162023,1.0,0.0786739687923192,0.1,1.1269416152430431,1.1269416152430431,0.0,0.006783909080835664,0.04863251450207199
2025-02-06,CAUSAL_MLP,14,2025-02-04,2025-02-05,2025-03-06,0,-0.0012318231691830954,0.0,-0.0012318231691830954,0.0,1.0,0.0,1.0,0.0786739687923192,0.1,1.1255534224510702,1.1269416152430431,-0.0012318231691831327,-0.0012325824869707114,0.04926504624499918
2025-02-07,CAUSAL_MLP,14,2025-02-04,2025-02-05,2025-03-06,0,-0.005179191376413529,0.0,-0.005179191376413529,0.0,0.9999999999999999,0.0,1.0,0.0786739687923192,0.1,1.1197239658718188,1.1269416152430431,-0.006404634697661615,-0.005192649877617632,0.05262060032361236
2025-02-10,CAUSAL_MLP,14,2025-02-04,2025-02-05,2025-03-06,0,0.004580689228815707,0.0,0.004580689228815707,0.0,0.9999999999999999,0.0,1.0,0.0786739687923192,0.1,1.1248530733815345,1.1269416152430431,-0.0018532831100200875,0.004570229800673843,0.054203707460257815
2025-02-11,CAUSAL_MLP,14,2025-02-04,2025-02-05,2025-03-06,0,-0.0007441756347449742,0.0,-0.0007441756347449742,0.0,1.0000000000000002,0.0,1.0,0.0786739687923192,0.1,1.124015985131656,1.1269416152430431,-0.002596079576630217,-0.0007444526708835379,0.051447431237724155
2025-02-12,CAUSAL_MLP,14,2025-02-04,2025-02-05,2025-03-06,0,-0.006289235148368884,0.0,-0.006289235148368884,0.0,1.0,0.0,1.0,0.0786739687923192,0.1,1.1169467842906375,1.1269416152430431,-0.008868987370077797,-0.006309095703334843,0.05756923784291321
2025-02-13,CAUSAL_MLP,14,2025-02-04,2025-02-05,2025-03-06,0,0.009159781776380011,0.0,0.009159781776380011,0.0,0.9999999999999999,0.0,1.0,0.0786739687923192,0.1,1.1271777730905692,1.1271777730905692,0.0,0.00911808540166878,0.06436655859022192
2025-02-14,CAUSAL_MLP,14,2025-02-04,2025-02-05,2025-03-06,0,0.0013985591927675625,0.0,0.0013985591927675625,0.0,0.9999999999999999,0.0,1.0,0.0786739687923192,0.1,1.1287541979270084,1.1287541979270084,0.0,0.0013975821197499314,0.05949439934817782
2025-02-18,CAUSAL_MLP,14,2025-02-04,2025-02-05,2025-03-06,0,0.0024443789943835144,0.0,0.0024443789943835144,0.0,1.0,0.0,1.0,0.0786739687923192,0.1,1.1315133009782434,1.1315133009782434,0.0,0.0024413963595206487,0.0597433322143005
2025-02-19,CAUSAL_MLP,14,2025-02-04,2025-02-05,2025-03-06,0,0.001231625956252922,0.0,0.001231625956252922,0.0,0.9999999999999999,0.0,1.0,0.0786739687923192,0.1,1.1329069021295735,1.1329069021295735,0.0,0.0012308681271823443,0.05965690259269074
2025-02-20,CAUSAL_MLP,14,2025-02-04,2025-02-05,2025-03-06,0,-0.000234838747689429,0.0,-0.000234838747689429,0.0,0.9999999999999999,0.0,1.0,0.0786739687923192,0.1,1.1326408516914286,1.1329069021295735,-0.00023483874768948088,-0.00023486632662595696,0.05825959245505862
2025-02-21,CAUSAL_MLP,14,2025-02-04,2025-02-05,2025-03-06,0,-0.007490433727903352,0.0,-0.007490433727903352,0.0,0.9999999999999998,0.0,1.0,0.0786739687923192,0.1,1.1241568804543178,1.1329069021295735,-0.00772351343151656,-0.00751862790593576,0.0647949457715604
2025-02-24,CAUSAL_MLP,14,2025-02-04,2025-02-05,2025-03-06,0,-0.0006779687285927438,0.0,-0.0006779687285927438,0.0,1.0,0.0,1.0,0.0786739687923192,0.1,1.1233947372433375,1.1329069021295735,-0.008396245859527807,-0.0006781986533182746,0.0647791490423525
2025-02-25,CAUSAL_MLP,14,2025-02-04,2025-02-05,2025-03-06,0,0.0008631040702249764,0.0,0.0008631040702249764,0.0,0.9999999999999999,0.0,1.0,0.0786739687923192,0.1,1.1243643438135216,1.1329069021295735,-0.007540388623278771,0.0008627318100910489,0.06481471134610826
2025-02-26,CAUSAL_MLP,14,2025-02-04,2025-02-05,2025-03-06,0,0.0010876307213748201,0.0,0.0010876307213748201,0.0,1.0000000000000002,0.0,1.0,0.0786739687923192,0.1,1.1255872370158715,1.1329069021295735,-0.006460959060221927,0.0010870396795997557,0.06407520606724304
2025-02-27,CAUSAL_MLP,14,2025-02-04,2025-02-05,2025-03-06,0,-0.007015304376900963,0.0,-0.007015304376900963,0.0,0.9999999999999999,0.0,1.0,0.0786739687923192,0.1,1.1176908999454502,1.1329069021295735,-0.013430937842748625,-0.007040027318474746,0.06901825918212401
2025-02-28,CAUSAL_MLP,14,2025-02-04,2025-02-05,2025-03-06,0,0.008033217138578968,0.0,0.008033217138578968,0.0,1.0000000000000002,0.0,1.0,0.0786739687923192,0.1,1.1266695536385258,1.1329069021295735,-0.005505614344235132,0.008001122616716884,0.0741389704256337
2025-03-03,CAUSAL_MLP,14,2025-02-04,2025-02-05,2025-03-06,0,-0.007435523311343266,0.0,-0.007435523311343266,0.0,1.0,0.0,1.0,0.0786739687923192,0.1,1.1182921759082658,1.1329069021295735,-0.01290020053177865,-0.007463304612813463,0.07798651301069921
2025-03-04,CAUSAL_MLP,14,2025-02-04,2025-02-05,2025-03-06,0,-0.007823963839915191,0.0,-0.007823963839915191,0.0,1.0,0.0,1.0,0.0786739687923192,0.1,1.1095426983614993,1.1329069021295735,-0.02062323366920571,-0.00785473163414631,0.08189115756306378
2025-03-05,CAUSAL_MLP,14,2025-02-04,2025-02-05,2025-03-06,0,0.0030361749438653583,0.0,0.0030361749438653583,0.0,0.9999999999999998,0.0,1.0,0.0786739687923192,0.1,1.1129114641014133,1.1329069021295735,-0.01764967447066823,0.0030315750730435737,0.08265075664976083
2025-03-06,CAUSAL_MLP,14,2025-02-04,2025-02-05,2025-03-06,0,-0.007883283813824577,0.0,-0.007883283813824577,0.0,0.9999999999999999,0.0,1.0,0.0786739687923192,0.1,1.1041380671702428,1.1329069021295735,-0.02539382089141895,-0.007914521172617301,0.08557621611677481
2025-03-07,CAUSAL_MLP,15,2025-03-06,2025-03-07,2025-04-04,1,0.0035743473987562813,0.0003957753963619022,0.003178572002394379,1.1102230246251565e-16,0.9999999999999999,0.3957753963619022,1.0,0.0803342270442191,0.1,1.107647649517328,1.1329069021295735,-0.022295964977143812,0.003173531021662629,0.08248224909689932
2025-03-10,CAUSAL_MLP,15,2025-03-06,2025-03-07,2025-04-04,0,-0.011653459884611058,0.0,-0.011653459884611058,1.1062688354906951e-16,0.9999999999999998,0.0,1.0,0.0803342270442191,0.1,1.094739722067394,1.1329069021295735,-0.0336895997283051,-0.011721893627711918,0.0907307661206602
2025-03-11,CAUSAL_MLP,15,2025-03-06,2025-03-07,2025-04-04,0,-0.0035379994047924903,0.0,-0.0035379994047924903,1.1193127011519047e-16,1.0,0.0,1.0,0.0803342270442191,0.1,1.0908665335823169,1.1329069021295735,-0.03710840534931115,-0.003544272926200927,0.0900215911257543
2025-03-12,CAUSAL_MLP,15,2025-03-06,2025-03-07,2025-04-04,0,0.0016803979288060123,0.0,0.0016803979288060123,1.123286889498361e-16,0.9999999999999998,0.0,1.0,0.0803342270442191,0.1,1.0926996234459525,1.1329069021295735,-0.03549036430799535,0.0016789876398831279,0.08820786062947507
2025-03-13,CAUSAL_MLP,15,2025-03-06,2025-03-07,2025-04-04,0,-0.0042388883384015886,0.0,-0.0042388883384015886,1.1214024870817108e-16,0.9999999999999997,0.0,1.0,0.0803342270442191,0.1,1.0880677917547517,1.1329069021295735,-0.03957881295500609,-0.004247897894924375,0.0887226981847851
2025-03-14,CAUSAL_MLP,15,2025-03-06,2025-03-07,2025-04-04,0,0.011252541569662681,0.0,0.011252541569662681,1.126176222337563e-16,0.9999999999999998,0.0,1.0,0.0803342270442191,0.1,1.100311319812083,1.1329069021295735,-0.02877163362339752,0.01118970268249896,0.09719382880658238
2025-03-17,CAUSAL_MLP,15,2025-03-06,2025-03-07,2025-04-04,0,0.007431505447879918,0.0,0.007431505447879918,1.1136448869532788e-16,0.9999999999999998,0.0,1.0,0.0803342270442191,0.1,1.1084882893796306,1.1329069021295735,-0.021553944727534247,0.007404027860522061,0.09516923145823082
2025-03-18,CAUSAL_MLP,15,2025-03-06,2025-03-07,2025-04-04,0,-0.002502496135401869,0.0,-0.002502496135401869,1.1054298787868252e-16,0.9999999999999998,0.0,1.0,0.0803342270442191,0.1,1.1057143017193198,1.1329069021295735,-0.0240025021995528,-0.0025056326126298364,0.09499591039843538
2025-03-19,CAUSAL_MLP,15,2025-03-06,2025-03-07,2025-04-04,0,0.007617137523386002,0.0,0.007617137523386002,1.108203152894183e-16,0.9999999999999998,0.0,1.0,0.0803342270442191,0.1,1.1141366796170906,1.1329069021295735,-0.016568195036326117,0.007588273612284651,0.09892488182962962
2025-03-20,CAUSAL_MLP,15,2025-03-06,2025-03-07,2025-04-04,0,-0.0019880238306723016,0.0,-0.0019880238306723016,1.099825629820099e-16,1.0,0.0,1.0,0.0803342270442191,0.1,1.1119217493473856,1.1329069021295735,-0.01852328090043509,-0.001990002573007505,0.09874664497843294
2025-03-21,CAUSAL_MLP,15,2025-03-06,2025-03-07,2025-04-04,0,-0.002999352458220293,0.0,-0.002999352458220293,1.1020164648139422e-16,0.9999999999999999,0.0,1.0,0.0803342270442191,0.1,1.108586704115132,1.1329069021295735,-0.02146707551055227,-0.0030038595302591823,0.09898065586215331
2025-03-24,CAUSAL_MLP,15,2025-03-06,2025-03-07,2025-04-04,0,0.0060338408292823715,0.0,0.0060338408292823715,1.1053317442983524e-16,0.9999999999999999,0.0,1.0,0.0803342270442191,0.1,1.1152757398332216,1.1329069021295735,-0.015562763597970708,0.006015710107079657,0.09889186039907895
2025-03-25,CAUSAL_MLP,15,2025-03-06,2025-03-07,2025-04-04,0,0.0005697816330937304,0.0,0.0005697816330937304,1.0987023492044941e-16,1.0000000000000002,0.0,1.0,0.0803342270442191,0.1,1.1159112034656136,1.1329069021295735,-0.015001849341735318,0.0005696193691727672,0.09893854343693498
2025-03-26,CAUSAL_MLP,15,2025-03-06,2025-03-07,2025-04-04,0,-0.006417760615177958,0.0,-0.006417760615177958,1.0980766852774944e-16,1.0,0.0,1.0,0.0803342270442191,0.1,1.108749552493976,1.1329069021295735,-0.02132333167905298,-0.006438442977958445,0.10105062011292322
2025-03-27,CAUSAL_MLP,15,2025-03-06,2025-03-07,2025-04-04,0,-0.001107049607784056,0.0,-0.001107049607784056,1.1051693979125172e-16,0.9999999999999999,0.0,1.0,0.0803342270442191,0.1,1.1075221117367569,1.1329069021295735,-0.02240677530086521,-0.0011076628398284105,0.10085671321634293
2025-03-28,CAUSAL_MLP,15,2025-03-06,2025-03-07,2025-04-04,0,-0.006190185683313775,0.0,-0.006190185683313775,1.1063942312122354e-16,1.0,0.0,1.0,0.0803342270442191,0.1,1.1006663442167306,1.1329069021295735,-0.028458258884502263,-0.006209424317614092,0.10024532865198896
2025-03-31,CAUSAL_MLP,15,2025-03-06,2025-03-07,2025-04-04,0,0.0047344819177934745,0.0,0.0047344819177934745,1.113285676266901e-16,0.9999999999999998,0.0,1.0,0.0803342270442191,0.1,1.1058774291209486,1.1329069021295735,-0.02385851207880929,0.004723309508114991,0.09724598195001583
2025-04-01,CAUSAL_MLP,15,2025-03-06,2025-03-07,2025-04-04,0,0.0016948510849766373,0.0,0.0016948510849766373,1.1080396824262559e-16,0.9999999999999997,0.0,1.0,0.0803342270442191,0.1,1.1077517266815453,1.1329069021295735,-0.022204097618915508,0.00169341644564779,0.09458038036795054
2025-04-02,CAUSAL_MLP,15,2025-03-06,2025-03-07,2025-04-04,0,0.004177282029663642,0.0,0.004177282029663642,1.1061648976493125e-16,1.0,0.0,1.0,0.0803342270442191,0.1,1.1123791180627411,1.1329069021295735,-0.018119568367220062,0.004168581408635337,0.09185270420627104
2025-04-03,CAUSAL_MLP,15,2025-03-06,2025-03-07,2025-04-04,0,-0.027273683491387667,0.0,-0.027273683491387667,1.1015633568342728e-16,1.0000000000000002,0.0,1.0,0.0803342270442191,0.1,1.0820404420742689,1.1329069021295735,-0.044899064485959705,-0.027652514359522606,0.13223069050930378
2025-04-04,CAUSAL_MLP,15,2025-03-06,2025-03-07,2025-04-04,0,-0.03661361424790014,0.0,-0.03661361424790014,1.1324494239942972e-16,0.9999999999999998,0.0,1.0,0.0803342270442191,0.1,1.0424230307275342,1.1329069021295735,-0.07986876170667945,-0.037300716345177565,0.18087702950674767
2025-04-07,CAUSAL_MLP,16,2025-04-04,2025-04-07,2025-05-06,1,-0.0031379067924182627,0.0007876020269517255,-0.003925508819369988,0.7876020269517258,0.21239797304827424,0.7876020269517254,1.0,0.025570525813122098,0.1,1.0383309899268989,1.1329069021295735,-0.08348074499757763,-0.003933233852199001,0.17962101989340082
2025-04-08,CAUSAL_MLP,16,2025-04-04,2025-04-07,2025-05-06,0,-0.0025005234146738484,0.0,-0.0025005234146738484,0.7900812282042701,0.20991877179572993,0.0,1.0,0.025570525813122098,0.1,1.0357346189744052,1.1329069021295735,-0.0857725228547106,-0.002503654944746273,0.17684822030988645
2025-04-09,CAUSAL_MLP,16,2025-04-04,2025-04-07,2025-05-06,0,0.011977106115744771,0.0,0.011977106115744771,0.792061797274223,0.20793820272577707,0.0,1.0,0.025570525813122098,0.1,1.0481397224136122,1.1329069021295735,-0.07482272334701179,0.01190594819411114,0.18381266054931597
2025-04-10,CAUSAL_MLP,16,2025-04-04,2025-04-07,2025-05-06,0,-0.004600113191280511,0.0,-0.004600113191280511,0.7826874664332881,0.21731253356671199,0.0,1.0,0.025570525813122098,0.1,1.0433181610502322,1.1329069021295735,-0.0790786435416162,-0.004610726272056307,0.1835596066322817
2025-04-11,CAUSAL_MLP,16,2025-04-04,2025-04-07,2025-05-06,0,0.003402916173695576,0.0,0.003402916173695576,0.7863045563955271,0.2136954436044729,0.0,1.0,0.025570525813122098,0.1,1.0468684852947803,1.1329069021295735,-0.07594482536302238,0.0033971393560940383,0.18439459090650803
2025-04-14,CAUSAL_MLP,16,2025-04-04,2025-04-07,2025-05-06,0,0.001266321428394261,0.0,0.001266321428394261,0.7836379023034579,0.21636209769654224,0.0,1.0,0.025570525813122098,0.1,1.0481941572904199,1.1329069021295735,-0.07477467449436082,0.0012655203196503813,0.17867602554108933
2025-04-15,CAUSAL_MLP,16,2025-04-04,2025-04-07,2025-05-06,0,0.0004453613503668512,0.0,0.0004453613503668512,0.7826468198645986,0.21735318013540136,0.0,1.0,0.025570525813122098,0.1,1.0486609824557573,1.1329069021295735,-0.07436261489400009,0.0004452622064361419,0.17550679446993545
2025-04-16,CAUSAL_MLP,16,2025-04-04,2025-04-07,2025-05-06,0,-0.0002545205880198089,0.0,-0.0002545205880198089,0.7822984143863775,0.21770158561362232,0.0,1.0,0.025570525813122098,0.1,1.0483940766458693,1.1329069021295735,-0.07459820866555045,-0.00025455298388173104,0.1757019689835345
2025-04-17,CAUSAL_MLP,16,2025-04-04,2025-04-07,2025-05-06,0,0.0007334931711113139,0.0,0.0007334931711113139,0.7824975761295782,0.21750242387042182,0.0,1.0,0.025570525813122098,0.1,1.0491630665417226,1.1329069021295735,-0.07391943277107227,0.0007332242964657247,0.172297241144494
2025-04-21,CAUSAL_MLP,16,2025-04-04,2025-04-07,2025-05-06,0,-0.001848446861840289,0.0,-0.001848446861840289,0.7819240401857741,0.21807595981422578,0.0,1.0,0.025570525813122098,0.1,1.0472237443638148,1.1329069021295735,-0.07563124348937789,-0.0018501573478942029,0.17230683238024444
2025-04-22,CAUSAL_MLP,16,2025-04-04,2025-04-07,2025-05-06,0,0.0025648265594651947,0.0,0.0025648265594651947,0.7833720618150897,0.21662793818491036,0.0,1.0,0.025570525813122098,0.1,1.0499096916370616,1.1329069021295735,-0.07326039795193984,0.0025615430051250006,0.17332166535587443
2025-04-23,CAUSAL_MLP,16,2025-04-04,2025-04-07,2025-05-06,0,0.0007320242761732871,0.0,0.0007320242761732871,0.7813679884456084,0.21863201155439155,0.0,1.0,0.025570525813122098,0.1,1.0506782510191295,1.1329069021295735,-0.07258200206554943,0.0007317564770851535,0.17096664829011218
2025-04-24,CAUSAL_MLP,16,2025-04-04,2025-04-07,2025-05-06,0,0.0032006339265748074,0.0,0.0032006339265748074,0.7807964265066561,0.21920357349334374,0.0,1.0,0.025570525813122098,0.1,1.0540410874752557,1.1329069021295735,-0.06961367655724426,0.0031955228008000154,0.17186635618868992
2025-04-25,CAUSAL_MLP,16,2025-04-04,2025-04-07,2025-05-06,0,0.00047410357881387934,0.0,0.00047410357881387934,0.7783053559790748,0.2216946440209253,0.0,1.0,0.025570525813122098,0.1,1.0545408121270445,1.1329069021295735,-0.06917257707162061,0.000473991227221616,0.17164799038577785
2025-04-28,CAUSAL_MLP,16,2025-04-04,2025-04-07,2025-05-06,0,0.0007038287379796662,0.0,0.0007038287379796662,0.7779365334844596,0.22206346651554026,0.0,1.0,0.025570525813122098,0.1,1.055283028255992,1.1329069021295735,-0.06851743398126409,0.0007035811666918437,0.17193252753457586
2025-04-29,CAUSAL_MLP,16,2025-04-04,2025-04-07,2025-05-06,0,6.287279140787142e-05,0.0,6.287279140787142e-05,0.7773893844950518,0.2226106155049483,0.0,1.0,0.025570525813122098,0.1,1.0553493768457036,1.1329069021295735,-0.0684588690721909,6.287081499676293e-05,0.1715082659281354
2025-04-30,CAUSAL_MLP,16,2025-04-04,2025-04-07,2025-05-06,0,-0.0011066174824695236,0.0,-0.0011066174824695236,0.7773405109272554,0.22265948907274474,0.0,1.0,0.025570525813122098,0.1,1.054181508775173,1.1329069021295735,-0.06948972877331494,-0.0011072302356931094,0.16980832530833592
2025-05-01,CAUSAL_MLP,16,2025-04-04,2025-04-07,2025-05-06,0,-0.0004777676036307656,0.0,-0.0004777676036307656,0.7782016825140126,0.2217983174859875,0.0,1.0,0.025570525813122098,0.1,1.0536778550019337,1.1329069021295735,-0.06993429643575266,-0.0004778817709373803,0.16933411941026508
2025-05-02,CAUSAL_MLP,16,2025-04-04,2025-04-07,2025-05-06,0,0.0022734024938143543,0.0,0.0022734024938143543,0.7785736597856984,0.2214263402143016,0.0,1.0,0.025570525813122098,0.1,1.0560732888651718,1.1329069021295735,-0.0678198827458587,0.0022708222242857224,0.16853467271198805
2025-05-05,CAUSAL_MLP,16,2025-04-04,2025-04-07,2025-05-06,0,9.009159018826205e-05,0.0,9.009159018826205e-05,0.7768076633067227,0.22319233669327723,0.0,1.0,0.025570525813122098,0.1,1.056168432187121,1.1329069021295735,-0.06773590115675343,9.00875321846769e-05,0.14155129246378173
2025-05-06,CAUSAL_MLP,16,2025-04-04,2025-04-07,2025-05-06,0,0.00024974295664782694,0.0,0.00024974295664782694,0.7767376857734523,0.22326231422654771,0.0,1.0,0.025570525813122098,0.1,1.0564322028140936,1.1329069021295735,-0.0675030747643316,0.0002497117760669416,0.05245102689107902
2025-05-07,CAUSAL_MLP,17,2025-05-06,2025-05-07,2025-06-05,1,6.983926549663426e-05,0.00015497787639693147,-8.513861090029721e-05,0.6669551113153969,0.3330448886846031,0.15497787639693147,1.0,0.061313363414402404,0.1,1.0563422596438357,1.1329069021295735,-0.06758246625721498,-8.51422353975548e-05,0.04985726040271394
2025-05-08,CAUSAL_MLP,17,2025-05-06,2025-05-07,2025-06-05,0,0.0007482021940487607,0.0,0.0007482021940487607,0.6669085349131652,0.3330914650868349,0.0,1.0,0.061313363414402404,0.1,1.0571326172401676,1.1329069021295735,-0.06688482941269902,0.0007479224303250284,0.048377342720300455
2025-05-09,CAUSAL_MLP,17,2025-05-06,2025-05-07,2025-06-05,0,0.00019526265075909646,0.0,0.00019526265075909646,0.6664099255447367,0.3335900744552633,0.0,1.0,0.061313363414402404,0.1,1.0573390357572139,1.1329069021295735,-0.06670262687102657,0.0001952435894889681,0.027565606848416958
2025-05-12,CAUSAL_MLP,17,2025-05-06,2025-05-07,2025-06-05,0,0.005393164906311636,0.0,0.005393164906311636,0.6662798259797685,0.3337201740202314,0.0,1.0,0.061313363414402404,0.1,1.0630414395389332,1.1329069021295735,-0.06166920023111455,0.005378673870805432,0.026303948284244406
2025-05-13,CAUSAL_MLP,17,2025-05-06,2025-05-07,2025-06-05,0,0.0005773725861090303,0.0,0.0005773725861090303,0.6627057446147016,0.33729425538529856,0.0,1.0,0.061313363414402404,0.1,1.063655210524021,1.1329069021295735,-0.061127433750626126,0.0005772059706871351,0.024683742095183543
2025-05-14,CAUSAL_MLP,17,2025-05-06,2025-05-07,2025-06-05,0,-0.002235821065077093,0.0,-0.002235821065077093,0.6623233372766177,0.3376766627233823,0.0,1.0,0.061313363414402404,0.1,1.0612770677983523,1.1329069021295735,-0.06322658481166943,-0.002238324244798586,0.026678748689215007
2025-05-15,CAUSAL_MLP,17,2025-05-06,2025-05-07,2025-06-05,0,0.001948691196876967,0.0,0.001948691196876967,0.6638074920505002,0.3361925079494998,0.0,1.0,0.061313363414402404,0.1,1.0633451690778182,1.1329069021295735,-0.06140110270402377,0.001946794961238744,0.027079673166708465
2025-05-16,CAUSAL_MLP,17,2025-05-06,2025-05-07,2025-06-05,0,0.001274039447521535,0.0,0.001274039447521535,0.6625164520725603,0.3374835479274398,0.0,1.0,0.061313363414402404,0.1,1.0646999127695547,1.1329069021295735,-0.06020529068346847,0.0012732285479369126,0.026944832584824444
2025-05-19,CAUSAL_MLP,17,2025-05-06,2025-05-07,2025-06-05,0,0.0004027941675872636,0.0,0.0004027941675872636,0.661673453990798,0.33832654600920187,0.0,1.0,0.061313363414402404,0.1,1.0651287676846488,1.1329069021295735,-0.05982674685582656,0.00040271306779349425,0.026969409113432166
2025-05-20,CAUSAL_MLP,17,2025-05-06,2025-05-07,2025-06-05,0,0.0003095104062665257,0.0,0.0003095104062665257,0.6614070430914398,0.3385929569085602,0.0,1.0,0.061313363414402404,0.1,1.065458436122261,1.1329069021295735,-0.059535753450285056,0.00030946251780179606,0.02536703702672706
2025-05-21,CAUSAL_MLP,17,2025-05-06,2025-05-07,2025-06-05,0,-0.004809758119801999,0.0,-0.004809758119801999,0.6612023940698267,0.3387976059301732,0.0,1.0,0.061313363414402404,0.1,1.0603338387578105,1.1329069021295735,-0.06405915899651093,-0.004821362229981696,0.03120798523614493
2025-05-22,CAUSAL_MLP,17,2025-05-06,2025-05-07,2025-06-05,0,-0.0004620765071450915,0.0,-0.0004620765071450915,0.6643979876858791,0.3356020123141209,0.0,1.0,0.061313363414402404,0.1,1.0598438834011894,1.1329069021295735,-0.06449163527121637,-0.0004621832973924293,0.031355741595818026
2025-05-23,CAUSAL_MLP,17,2025-05-06,2025-05-07,2025-06-05,0,0.00015076596022118398,0.0,0.00015076596022118398,0.664705132311699,0.3352948676883009,0.0,1.0,0.061313363414402404,0.1,1.0600036717819548,1.1329069021295735,-0.06435059245431318,0.0001507545961759964,0.029681281544519253
2025-05-27,CAUSAL_MLP,17,2025-05-06,2025-05-07,2025-06-05,0,0.0037538963651432473,0.0,0.0037538963651432473,0.6646049325108814,0.3353950674891187,0.0,1.0,0.061313363414402404,0.1,1.0639828157124955,1.1329069021295735,-0.06083826154427907,0.0037468680796620686,0.03203837950425674
2025-05-28,CAUSAL_MLP,17,2025-05-06,2025-05-07,2025-06-05,0,-0.0019304969009013993,0.0,-0.0019304969009013993,0.6621194048835981,0.33788059511640206,0.0,1.0,0.061313363414402404,0.1,1.0619288001841503,1.1329069021295735,-0.06265131036981297,-0.0019323627117249754,0.03303476679252972
2025-05-29,CAUSAL_MLP,17,2025-05-06,2025-05-07,2025-06-05,0,0.0012957620509766422,0.0,0.0012957620509766422,0.6634000967143628,0.33659990328563727,0.0,1.0,0.061313363414402404,0.1,1.063304807224268,1.1329069021295735,-0.061436729509257604,0.0012949232758207592,0.03319912120507613
2025-05-30,CAUSAL_MLP,17,2025-05-06,2025-05-07,2025-06-05,0,-0.0007960818234577729,0.0,-0.0007960818234577729,0.6625416004513046,0.3374583995486953,0.0,1.0,0.061313363414402404,0.1,1.0624583295944414,1.1329069021295735,-0.062183902669060265,-0.0007963988648643607,0.03304341051100674
2025-06-02,CAUSAL_MLP,17,2025-05-06,2025-05-07,2025-06-05,0,0.001959446262941506,0.0,0.001959446262941506,0.663069457994504,0.33693054200549594,0.0,1.0,0.061313363414402404,0.1,1.0645401595978963,1.1329069021295735,-0.06034630242181882,0.001957529052151989,0.033329519234016856
2025-06-03,CAUSAL_MLP,17,2025-05-06,2025-05-07,2025-06-05,0,0.0014809349912458924,0.0,0.0014809349912458924,0.6617727498528883,0.3382272501471117,0.0,1.0,0.061313363414402404,0.1,1.0661166743698314,1.1329069021295735,-0.05895473638142168,0.0014798394884673024,0.03290647159920356
2025-06-04,CAUSAL_MLP,17,2025-05-06,2025-05-07,2025-06-05,0,0.0006171697180698282,0.0,0.0006171697180698282,0.6607941566642733,0.3392058433357267,0.0,1.0,0.061313363414402404,0.1,1.066774649297182,1.1329069021295735,-0.058373951741383046,0.0006169793471627892,0.032884325315750425
2025-06-05,CAUSAL_MLP,17,2025-05-06,2025-05-07,2025-06-05,0,-0.00040680647586509885,0.0,-0.00040680647586509885,0.660386586061137,0.33961341393886313,0.0,1.0,0.061313363414402404,0.1,1.066340678461559,1.1329069021295735,-0.058757011315658025,-0.00040688924406735667,0.03301959270532629
2025-06-06,CAUSAL_MLP,18,2025-06-05,2025-06-06,2025-07-08,1,0.0008962353829069602,0.00011819789310456007,0.0007780374898024001,0.7707487269247131,0.22925127307528692,0.11819789310456007,1.0,0.040973471496223,0.1,1.0671703314863032,1.1329069021295735,-0.05802468898344815,0.0007777349755360886,0.03298045433611722
2025-06-09,CAUSAL_MLP,18,2025-06-05,2025-06-06,2025-07-08,0,0.00041624082525397655,0.0,0.00041624082525397655,0.7700585731845143,0.22994142681548568,0.0,1.0,0.040973471496223,0.1,1.0676145313457677,1.1329069021295735,-0.05763260040262175,0.0004161542210729696,0.032967231422838424
2025-06-10,CAUSAL_MLP,18,2025-06-05,2025-06-06,2025-07-08,0,0.0010207982428290217,0.0,0.0010207982428290217,0.7697381767306025,0.2302618232693975,0.0,1.0,0.040973471496223,0.1,1.0687043503833842,1.1329069021295735,-0.056670633417013394,0.0010202775825986477,0.033004506974750214
2025-06-11,CAUSAL_MLP,18,2025-06-05,2025-06-06,2025-07-08,0,0.00046225957883527,0.0,0.00046225957883527,0.7689532306239637,0.23104676937603613,0.0,1.0,0.040973471496223,0.1,1.0691983692062919,1.1329069021295735,-0.05623457038131374,0.0004621527697905592,0.027857572749896455
2025-06-12,CAUSAL_MLP,18,2025-06-05,2025-06-06,2025-07-08,0,0.0010408046568932574,0.0,0.0010408046568932574,0.7685979388644507,0.2314020611355493,0.0,1.0,0.040973471496223,0.1,1.0703111958481044,1.1329069021295735,-0.05525229492715178,0.0010402633952588825,0.027966834411217206
2025-06-13,CAUSAL_MLP,18,2025-06-05,2025-06-06,2025-07-08,0,-0.0012648697907067883,0.0,-0.0012648697907067883,0.7677988102871467,0.23220118971285325,0.0,1.0,0.040973471496223,0.1,1.068957391549821,1.1329069021295735,-0.05644727775913794,-0.0012656704136942733,0.027043522786278192
2025-06-16,CAUSAL_MLP,18,2025-06-05,2025-06-06,2025-07-08,0,0.0006738108184080227,0.0,0.0006738108184080227,0.7687712057612794,0.23122879423872064,0.0,1.0,0.040973471496223,0.1,1.0696776666046646,1.1329069021295735,-0.055811501727153545,0.000673583909821773,0.02644540076910667
2025-06-17,CAUSAL_MLP,18,2025-06-05,2025-06-06,2025-07-08,0,-0.0005781958652662403,0.0,-0.0005781958652662403,0.7682535482092157,0.2317464517907843,0.0,1.0,0.040973471496223,0.1,1.0690591834006662,1.1329069021295735,-0.05635742761288676,-0.0005783630849558078,0.02634926461966458
2025-06-18,CAUSAL_MLP,18,2025-06-05,2025-06-06,2025-07-08,0,6.275215580375408e-05,0.0,6.275215580375408e-05,0.7686980062180493,0.2313019937819506,0.0,1.0,0.040973471496223,0.1,1.0691262691691064,1.1329069021295735,-0.05629821200716134,6.275018696959037e-05,0.026341744112279658
2025-06-20,CAUSAL_MLP,18,2025-06-05,2025-06-06,2025-07-08,0,-0.00019888546700252312,0.0,-0.00019888546700252312,0.7686497717878116,0.2313502282121884,0.0,1.0,0.040973471496223,0.1,1.068913635491778,1.1329069021295735,-0.05648590057797731,-0.00019890524733974006,0.026368721893004647
2025-06-23,CAUSAL_MLP,18,2025-06-05,2025-06-06,2025-07-08,0,0.00041820789097464343,0.0,0.00041820789097464343,0.7688026754669546,0.23119732453304537,0.0,1.0,0.040973471496223,0.1,1.0693606636089112,1.1329069021295735,-0.05609131553635316,0.00041812046642818087,0.019177871561968634
2025-06-24,CAUSAL_MLP,18,2025-06-05,2025-06-06,2025-07-08,0,0.0014656081072047674,0.0,0.0014656081072047674,0.7684812905271898,0.23151870947281022,0.0,1.0,0.040973471496223,0.1,1.0709279272670225,1.1329069021295735,-0.0547079153159421,0.0014645351518695674,0.019243114137183565
2025-06-25,CAUSAL_MLP,18,2025-06-05,2025-06-06,2025-07-08,0,-0.0001764994065401912,0.0,-0.0001764994065401912,0.7673566464051009,0.232643353594899,0.0,1.0,0.040973471496223,0.1,1.0707389091234125,1.1329069021295735,-0.05487475880789594,-0.00017651498439346058,0.019350071081258146
2025-06-26,CAUSAL_MLP,18,2025-06-05,2025-06-06,2025-07-08,0,0.0014985208374721538,0.0,0.0014985208374721538,0.7674921083067414,0.23250789169325867,0.0,1.0,0.040973471496223,0.1,1.0723434336902262,1.1329069021295735,-0.053458468939948656,0.001497399175538019,0.015809798210601134
2025-06-27,CAUSAL_MLP,18,2025-06-05,2025-06-06,2025-07-08,0,-0.00035167684062253804,0.0,-0.00035167684062253804,0.7663437262642684,0.2336562737357317,0.0,1.0,0.040973471496223,0.1,1.0719663153394037,1.1329069021295735,-0.0537913456751099,-0.0003517386934245436,0.013715492358599002
2025-06-30,CAUSAL_MLP,18,2025-06-05,2025-06-06,2025-07-08,0,0.0011642980985490932,0.0,0.0011642980985490932,0.7666133264168817,0.23338667358311826,0.0,1.0,0.040973471496223,0.1,1.0732144036820621,1.1329069021295735,-0.052689676738048696,0.001163620829162616,0.013620545478296752
2025-07-01,CAUSAL_MLP,18,2025-06-05,2025-06-06,2025-07-08,0,0.0006151310709333175,0.0,0.0006151310709333175,0.765721797983472,0.234278202016528,0.0,1.0,0.040973471496223,0.1,1.0738745712075402,1.1329069021295735,-0.05210695672439436,0.0006149419553660372,0.012860272326093361
2025-07-02,CAUSAL_MLP,18,2025-06-05,2025-06-06,2025-07-08,0,0.000903121032295263,0.0,0.000903121032295263,0.7652510682743116,0.23474893172568845,0.0,1.0,0.040973471496223,0.1,1.0748444099188446,1.1329069021295735,-0.05125089458064591,0.000902713463866397,0.011841995428157009
2025-07-03,CAUSAL_MLP,18,2025-06-05,2025-06-06,2025-07-08,0,0.0006316442928020291,0.0,0.0006316442928020291,0.7645605775362746,0.23543942246372523,0.0,1.0,0.040973471496223,0.1,1.07552332925602,1.1329069021295735,-0.05065162262290668,0.000631444889509264,0.011271154792575124
2025-07-07,CAUSAL_MLP,18,2025-06-05,2025-06-06,2025-07-08,0,-0.0018294021869961433,0.0,-0.0018294021869961433,0.7640779520586011,0.23592204794139895,0.0,1.0,0.040973471496223,0.1,1.0735557645253138,1.1329069021295735,-0.05238836262070157,-0.0018310775868088996,0.013663778493302121
2025-07-08,CAUSAL_MLP,18,2025-06-05,2025-06-06,2025-07-08,0,0.0003972253166220726,0.0,0.0003972253166220726,0.7654783197708881,0.23452168022911196,0.0,1.0,0.040973471496223,0.1,1.0739822080537886,1.1329069021295735,-0.05201194728800884,0.000397146443532224,0.013420078119753964
2025-07-09,CAUSAL_MLP,19,2025-07-08,2025-07-09,2025-08-06,1,0.001449700847554756,9.384306184885553e-05,0.0013558577857059003,0.6713313112893915,0.32866868871060845,0.09384306184885553,1.0,0.04513802740124723,0.1,1.0754383751922878,1.1329069021295735,-0.050726610305983355,0.001354939440541608,0.01380083980607106
2025-07-10,CAUSAL_MLP,19,2025-07-08,2025-07-09,2025-08-06,0,0.0005237195131044617,0.0,0.0005237195131044617,0.6703594905677491,0.32964050943225087,0.0,1.0,0.04513802740124723,0.1,1.0760016032545174,1.1329069021295735,-0.05022945730852968,0.0005235824199037596,0.013810624537377412
2025-07-11,CAUSAL_MLP,19,2025-07-08,2025-07-09,2025-08-06,0,-0.0012517251186589123,0.0,-0.0012517251186589123,0.6700085939931272,0.32999140600687277,0.0,1.0,0.04513802740124723,0.1,1.0746547450200066,1.1329069021295735,-0.05141830895377886,-0.0012525091809004827,0.014684225403653056
2025-07-14,CAUSAL_MLP,19,2025-07-08,2025-07-09,2025-08-06,0,-3.0233818916712877e-05,0.0,-3.0233818916712877e-05,0.6708483116756616,0.32915168832433844,0.0,1.0,0.04513802740124723,0.1,1.0746222541030477,1.1329069021295735,-0.05144698820085358,-3.023427596782831e-05,0.01469973054344668
2025-07-15,CAUSAL_MLP,19,2025-07-08,2025-07-09,2025-08-06,0,-0.0020467000572687113,0.0,-0.0020467000572687113,0.6708685945952675,0.32913140540473257,0.0,1.0,0.04513802740124723,0.1,1.0724228246740328,1.1329069021295735,-0.05338839170442522,-0.002048797410087645,0.016381938545612987
2025-07-16,CAUSAL_MLP,19,2025-07-08,2025-07-09,2025-08-06,0,0.0011914314660539684,0.0,0.0011914314660539684,0.6722444774056722,0.3277555225943277,0.0,1.0,0.04513802740124723,0.1,1.073700542972264,1.1329069021295735,-0.052260568848169986,0.0011907222748307501,0.01601930527436432
2025-07-17,CAUSAL_MLP,19,2025-07-08,2025-07-09,2025-08-06,0,0.0013242992653199003,0.0,0.0013242992653199003,0.6714444973038756,0.3285555026961244,0.0,1.0,0.04513802740124723,0.1,1.0751224438124958,1.1329069021295735,-0.05100547821578083,0.0013234231544511895,0.01640925723135164
2025-07-18,CAUSAL_MLP,19,2025-07-08,2025-07-09,2025-08-06,0,-0.00037374501609477697,0.0,-0.00037374501609477697,0.6705564798502545,0.32944352014974554,0.0,1.0,0.04513802740124723,0.1,1.0747206221574293,1.1329069021295735,-0.0513601601885989,-0.0003738148761704171,0.016295346732110486
2025-07-21,CAUSAL_MLP,19,2025-07-08,2025-07-09,2025-08-06,0,0.0006222872978710067,0.0,0.0006222872978710067,0.670807190694537,0.3291928093054629,0.0,1.0,0.04513802740124723,0.1,1.0753894071493577,1.1329069021295735,-0.05076983366602994,0.0006220937574181422,0.01632887095392232
2025-07-22,CAUSAL_MLP,19,2025-07-08,2025-07-09,2025-08-06,0,0.0011005447671992782,0.0,0.0011005447671992782,0.6703900155032698,0.3296099844967302,0.0,1.0,0.04513802740124723,0.1,1.0765729213340973,1.1329069021295735,-0.049725163373603554,0.0010999396117667068,0.01647002279611563
2025-07-23,CAUSAL_MLP,19,2025-07-08,2025-07-09,2025-08-06,0,0.0019814625549674507,0.0,0.0019814625549674507,0.6696530323626638,0.330346967637336,0.0,1.0,0.04513802740124723,0.1,1.0787061102654127,1.1329069021295735,-0.0478422293679005,0.001979502047393468,0.017423848933906447
2025-07-24,CAUSAL_MLP,19,2025-07-08,2025-07-09,2025-08-06,0,-0.0007065445099118016,0.0,-0.0007065445099118016,0.6683287639425042,0.3316712360574959,0.0,1.0,0.04513802740124723,0.1,1.0779439563853963,1.1329069021295735,-0.04851497121331061,-0.0007067942301165996,0.017398361307768038
2025-07-25,CAUSAL_MLP,19,2025-07-08,2025-07-09,2025-08-06,0,0.00025159470445178505,0.0,0.00025159470445178505,0.6688013018305343,0.33119869816946557,0.0,1.0,0.04513802740124723,0.1,1.0782151613765185,1.1329069021295735,-0.048275582618702906,0.00025156305981176893,0.017310211011503776
2025-07-28,CAUSAL_MLP,19,2025-07-08,2025-07-09,2025-08-06,0,-0.0006240831867980689,0.0,-0.0006240831867980689,0.6686330772890672,0.3313669227109328,0.0,1.0,0.04513802740124723,0.1,1.0775422654225526,1.1329069021295735,-0.04886953782605574,-0.0006242780077706367,0.017067998051288103
2025-07-29,CAUSAL_MLP,19,2025-07-08,2025-07-09,2025-08-06,0,0.000543482052984632,0.0,0.000543482052984632,0.6690506205324583,0.33094937946754166,0.0,1.0,0.04513802740124723,0.1,1.0781278903051421,1.1329069021295735,-0.048352615489817286,0.0005433344201018,0.01696472691380403
2025-07-30,CAUSAL_MLP,19,2025-07-08,2025-07-09,2025-08-06,0,-0.0014807440364675098,0.0,-0.0014807440364675098,0.6686872010396328,0.33131279896036725,0.0,1.0,0.04513802740124723,0.1,1.0765314588610235,1.1329069021295735,-0.049761761679250616,-0.0014818414213494694,0.017674979726224907
2025-07-31,CAUSAL_MLP,19,2025-07-08,2025-07-09,2025-08-06,0,-0.00180298505068769,0.0,-0.00180298505068769,0.6696788239645668,0.33032117603543315,0.0,1.0,0.04513802740124723,0.1,1.0745904887341022,1.1329069021295735,-0.05147502701753459,-0.0018046123845674722,0.018818108465928293
2025-08-01,CAUSAL_MLP,19,2025-07-08,2025-07-09,2025-08-06,0,-0.0019365910074413601,0.0,-0.0019365910074413601,0.670888425766904,0.32911157423309606,0.0,1.0,0.04513802740124723,0.1,1.0725094464569378,1.1329069021295735,-0.053311931950545954,-0.0019384686243153286,0.019713672878369566
2025-08-04,CAUSAL_MLP,19,2025-07-08,2025-07-09,2025-08-06,0,0.0029917257580294393,0.0,0.0029917257580294393,0.6721901832310396,0.3278098167689605,0.0,1.0,0.04513802740124723,0.1,1.075718100593633,1.1329069021295735,-0.050479700872543276,0.00298725945228113,0.022335215837692383
2025-08-05,CAUSAL_MLP,19,2025-07-08,2025-07-09,2025-08-06,0,-0.0004991701273594139,0.0,-0.0004991701273594139,0.6701851729863669,0.32981482701363324,0.0,1.0,0.04513802740124723,0.1,1.0751811342523567,1.1329069021295735,-0.05095367304118914,-0.0004992947542425082,0.021410361107046774
2025-08-06,CAUSAL_MLP,19,2025-07-08,2025-07-09,2025-08-06,0,0.0003295182765817466,0.0,0.0003295182765817466,0.6705198764785056,0.3294801235214944,0.0,1.0,0.04513802740124723,0.1,1.0755354260867287,1.1329069021295735,-0.05064094493113347,0.000329463997358116,0.021398692357506292
2025-08-07,CAUSAL_MLP,20,2025-08-06,2025-08-07,2025-09-05,1,-0.00022534144630765592,0.0006735395833074295,-0.0008988810296150854,0.0,1.0,0.6735395833074295,1.0,0.05299114478672595,0.1,1.0745686476955403,1.1329069021295735,-0.051494305776028204,-0.000899285265425875,0.02111450626192095
2025-08-08,CAUSAL_MLP,20,2025-08-06,2025-08-07,2025-09-05,0,0.0015844910314203452,0.0,0.0015844910314203452,0.0,1.0,0.0,1.0,0.05299114478672595,0.1,1.0762712920804594,1.1329069021295735,-0.049991407010279265,0.0015832370499461966,0.02177858898334083
2025-08-11,CAUSAL_MLP,20,2025-08-06,2025-08-07,2025-09-05,0,-0.0015746798189780525,0.0,-0.0015746798189780525,0.0,1.0,0.0,1.0,0.05299114478672595,0.1,1.0745765093970747,1.1329069021295735,-0.05148736636951601,-0.0015759209303173017,0.022042396864481555
2025-08-12,CAUSAL_MLP,20,2025-08-06,2025-08-07,2025-09-05,0,0.004495262299995643,0.0,0.004495262299995643,0.0,1.0,0.0,1.0,0.05299114478672595,0.1,1.0794070126682282,1.1329069021295735,-0.04722355328648731,0.004485188785866472,0.026972022030496753
2025-08-13,CAUSAL_MLP,20,2025-08-06,2025-08-07,2025-09-05,0,0.005611218955898105,0.0,0.005611218955898105,0.0,1.0,0.0,1.0,0.05299114478672595,0.1,1.0854638017588416,1.1329069021295735,-0.04187731602795519,0.005595534711279835,0.03151653802193245
2025-08-14,CAUSAL_MLP,20,2025-08-06,2025-08-07,2025-09-05,0,-0.0022652854119406805,0.0,-0.0022652854119406805,0.0,1.0,0.0,1.0,0.05299114478672595,0.1,1.0830049164435276,1.1329069021295735,-0.04404773736680656,-0.002267855052318815,0.032912290651066455
2025-08-15,CAUSAL_MLP,20,2025-08-06,2025-08-07,2025-09-05,0,-0.0007326928013635365,0.0,-0.0007326928013635365,0.0,1.0,0.0,1.0,0.05299114478672595,0.1,1.082211406537408,1.1329069021295735,-0.044748156708085185,-0.0007329613519188397,0.032964745174126564
2025-08-18,CAUSAL_MLP,20,2025-08-06,2025-08-07,2025-09-05,0,-0.00047946848986402444,0.0,-0.00047946848986402444,0.0,1.0,0.0,1.0,0.05299114478672595,0.1,1.0816925202686019,1.1329069021295735,-0.04520616986682824,-0.00047958347163530373,0.032994532197944765
2025-08-19,CAUSAL_MLP,20,2025-08-06,2025-08-07,2025-09-05,0,-0.002064180397578839,0.0,-0.002064180397578839,0.0,1.0,0.0,1.0,0.05299114478672595,0.1,1.0794597117720557,1.1329069021295735,-0.04717703657471839,-0.0020663137541965383,0.033971821464203536
2025-08-20,CAUSAL_MLP,20,2025-08-06,2025-08-07,2025-09-05,0,0.002726019537114095,0.0,0.002726019537114095,0.0,1.0,0.0,1.0,0.05299114478672595,0.1,1.082402340035874,1.1329069021295735,-0.04457962256101,0.0027223106845963934,0.03497548493514746
2025-08-21,CAUSAL_MLP,20,2025-08-06,2025-08-07,2025-09-05,0,-0.0015779709744469196,0.0,-0.0015779709744469196,0.0,1.0,0.0,1.0,0.05299114478672595,0.1,1.080694340560624,1.1329069021295735,-0.04608724818500387,-0.0015792172819089022,0.03493992606382331
2025-08-22,CAUSAL_MLP,20,2025-08-06,2025-08-07,2025-09-05,0,0.011601539872572461,0.0,0.011601539872572461,0.0,1.0000000000000002,0.0,1.0,0.05299114478672595,0.1,1.0932320590427014,1.1329069021295735,-0.0350203913598669,0.011534758027394319,0.05266856616463148
2025-08-25,CAUSAL_MLP,20,2025-08-06,2025-08-07,2025-09-05,0,-0.003231177226007011,0.0,-0.003231177226007011,0.0,1.0,0.0,1.0,0.05299114478672595,0.1,1.089699632510782,1.1329069021295735,-0.038138411494865965,-0.003236408751503644,0.05437649329357473
2025-08-26,CAUSAL_MLP,20,2025-08-06,2025-08-07,2025-09-05,0,0.0015144497716302503,0.0,0.0015144497716302503,0.0,1.0,0.0,1.0,0.05299114478672595,0.1,1.0913499278703833,1.1329069021295735,-0.03668172043181461,0.0015133041490875297,0.05432153115970174
2025-08-27,CAUSAL_MLP,20,2025-08-06,2025-08-07,2025-09-05,0,0.0011777314545251198,0.0,0.0011777314545251198,0.0,0.9999999999999999,0.0,1.0,0.05299114478672595,0.1,1.09263524500833,1.1329069021295735,-0.035547190193248035,0.001177038472879785,0.05435661826273508
2025-08-28,CAUSAL_MLP,20,2025-08-06,2025-08-07,2025-09-05,0,0.0030848272876650516,0.0,0.0030848272876650516,0.0,1.0,0.0,1.0,0.05299114478672595,0.1,1.0960058360275964,1.1329069021295735,-0.03257201984789093,0.0030800789706201532,0.05441370153609441
2025-08-29,CAUSAL_MLP,20,2025-08-06,2025-08-07,2025-09-05,0,-0.001063063258111193,0.0,-0.001063063258111193,0.0,1.0000000000000002,0.0,1.0,0.05299114478672595,0.1,1.09484071249264,1.1329069021295735,-0.03360045698845937,-0.0010636287106332875,0.054016673351321154
2025-09-02,CAUSAL_MLP,20,2025-08-06,2025-08-07,2025-09-05,0,0.001088465739429171,0.0,0.001088465739429171,0.0,1.0,0.0,1.0,0.05299114478672595,0.1,1.0960324090983204,1.1329069021295735,-0.032548564195291285,0.001087873790101651,0.053028968868803844
2025-09-03,CAUSAL_MLP,20,2025-08-06,2025-08-07,2025-09-05,0,0.0011459551252340208,0.0,0.0011459551252340208,0.0,0.9999999999999999,0.0,1.0,0.05299114478672595,0.1,1.0972884130549492,1.1329069021295735,-0.03143990826401599,0.0011452990198565379,0.05255548886393126
2025-09-04,CAUSAL_MLP,20,2025-08-06,2025-08-07,2025-09-05,0,0.0032640871942390985,0.0,0.0032640871942390985,0.0,1.0000000000000002,0.0,1.0,0.05299114478672595,0.1,1.1008700581123887,1.1329069021295735,-0.028278443671729603,0.003258771625479075,0.05286528027637974
2025-09-05,CAUSAL_MLP,20,2025-08-06,2025-08-07,2025-09-05,0,0.0014423396006813035,0.0,0.0014423396006813035,0.0,1.0,0.0,1.0,0.05299114478672595,0.1,1.1024578865924086,1.1329069021295735,-0.026876891190201535,0.0014413004280260289,0.0527948883705905
2025-09-08,CAUSAL_MLP,21,2025-09-05,2025-09-08,2025-10-06,1,0.003961273021968122,0.0003263884215057804,0.003634884600462342,0.0,1.0000000000000002,0.3263884215057804,1.0,0.045936392125824364,0.1,1.1064651937870416,1.1329069021295735,-0.023339700987634826,0.0036282943724172795,0.05288060849641728
2025-09-09,CAUSAL_MLP,21,2025-09-05,2025-09-08,2025-10-06,0,0.00020868635082354434,0.0,0.00020868635082354434,0.0,0.9999999999999998,0.0,1.0,0.045936392125824364,0.1,1.1066960979706462,1.1329069021295735,-0.02313588531383981,0.00020866457885598995,0.053032436788619415
2025-09-10,CAUSAL_MLP,21,2025-09-05,2025-09-08,2025-10-06,0,0.0029166723942979055,0.0,0.0029166723942979055,0.0,0.9999999999999998,0.0,1.0,0.045936392125824364,0.1,1.1099239679284745,1.1329069021295735,-0.020286692717554233,0.0029124271580091773,0.052209121815062
2025-09-11,CAUSAL_MLP,21,2025-09-05,2025-09-08,2025-10-06,0,0.004819625420663933,0.0,0.004819625420663933,0.0,1.0,0.0,1.0,0.045936392125824364,0.1,1.1152733856993067,1.1329069021295735,-0.015564841556813147,0.004808048209711013,0.05244993657334852
2025-09-12,CAUSAL_MLP,21,2025-09-05,2025-09-08,2025-10-06,0,-0.0015440638018646702,0.0,-0.0015440638018646702,0.0,1.0000000000000002,0.0,1.0,0.045936392125824364,0.1,1.1135513324352653,1.1329069021295735,-0.01708487225024813,-0.0015452570968840652,0.05134278232973938
2025-09-15,CAUSAL_MLP,21,2025-09-05,2025-09-08,2025-10-06,0,0.003485555508687492,0.0,0.003485555508687492,0.0,1.0,0.0,1.0,0.045936392125824364,0.1,1.1174326774162413,1.1329069021295735,-0.013658867012147802,0.0034794950387387713,0.05027735337151757
2025-09-16,CAUSAL_MLP,21,2025-09-05,2025-09-08,2025-10-06,0,0.0017730586491875684,0.0,0.0017730586491875684,0.0,1.0000000000000002,0.0,1.0,0.045936392125824364,0.1,1.119413951089819,1.1329069021295735,-0.011910026335254287,0.0017714886362435785,0.04962631102870143
2025-09-17,CAUSAL_MLP,21,2025-09-05,2025-09-08,2025-10-06,0,-0.0016977906628016309,0.0,-0.0016977906628016309,0.0,1.0,0.0,1.0,0.045936392125824364,0.1,1.1175134205358488,1.1329069021295735,-0.01358759626655015,-0.0016992335427389726,0.05044629377685325
2025-09-18,CAUSAL_MLP,21,2025-09-05,2025-09-08,2025-10-06,0,0.0004976685392533679,0.0,0.0004976685392533679,0.0,1.0,0.0,1.0,0.045936392125824364,0.1,1.1180695718074427,1.1329069021295735,-0.013096689846482823,0.0004975447433370723,0.04888734219561366
2025-09-19,CAUSAL_MLP,21,2025-09-05,2025-09-08,2025-10-06,0,-0.0010452411130049309,0.0,-0.0010452411130049309,0.0,0.9999999999999999,0.0,1.0,0.045936392125824364,0.1,1.1169009195237898,1.1329069021295735,-0.014128241760815952,-0.001045787758447814,0.04960606404314539
2025-09-22,CAUSAL_MLP,21,2025-09-05,2025-09-08,2025-10-06,0,0.0013507212764326004,0.0,0.0013507212764326004,0.0,0.9999999999999999,0.0,1.0,0.045936392125824364,0.1,1.1184095413594577,1.1329069021295735,-0.012796603801128237,0.0013498098730582709,0.04834118595601083
2025-09-23,CAUSAL_MLP,21,2025-09-05,2025-09-08,2025-10-06,0,0.0018298870734805427,0.0,0.0018298870734805427,0.0,1.0000000000000002,0.0,1.0,0.045936392125824364,0.1,1.1204561045220487,1.1329069021295735,-0.01099013306752783,0.0018282148697815472,0.03233546589153764
2025-09-24,CAUSAL_MLP,21,2025-09-05,2025-09-08,2025-10-06,0,-0.0015335370736984234,0.0,-0.0015335370736984234,0.0,1.0,0.0,1.0,0.045936392125824364,0.1,1.1187378435463124,1.1329069021295735,-0.012506816364722284,-0.0015347141452190835,0.029854932272786246
2025-09-25,CAUSAL_MLP,21,2025-09-05,2025-09-08,2025-10-06,0,-0.0019131700610217823,0.0,-0.0019131700610217823,0.0,0.9999999999999999,0.0,1.0,0.045936392125824364,0.1,1.1165975077979076,1.1329069021295735,-0.014396058759116426,-0.001915002508424985,0.031777514325355374
2025-09-26,CAUSAL_MLP,21,2025-09-05,2025-09-08,2025-10-06,0,0.0031273571377917996,0.0,0.0031273571377917996,0.0,1.0,0.0,1.0,0.045936392125824364,0.1,1.12008950698396,1.1329069021295735,-0.011313723238440931,0.0031224771281662842,0.03255056461695517
2025-09-29,CAUSAL_MLP,21,2025-09-05,2025-09-08,2025-10-06,0,0.0016608013015433779,0.0,0.0016608013015433779,0.0,1.0,0.0,1.0,0.045936392125824364,0.1,1.121949753095004,1.1329069021295735,-0.009671711783177273,0.0016594236961367623,0.031871558561055266
2025-09-30,CAUSAL_MLP,21,2025-09-05,2025-09-08,2025-10-06,0,0.0008832218647773192,0.0,0.0008832218647773192,0.0,0.9999999999999998,0.0,1.0,0.045936392125824364,0.1,1.122940683648119,1.1329069021295735,-0.008797032185716702,0.0008828320538555761,0.030894057336547195
2025-10-01,CAUSAL_MLP,21,2025-09-05,2025-09-08,2025-10-06,0,0.003971078689458773,0.0,0.003971078689458773,0.0,1.0000000000000002,0.0,1.0,0.045936392125824364,0.1,1.1273999694664802,1.1329069021295735,-0.004860887203301134,0.003963214768437744,0.032327069849712224
2025-10-02,CAUSAL_MLP,21,2025-09-05,2025-09-08,2025-10-06,0,-0.00035507802428507806,0.0,-0.00035507802428507806,0.0,1.0000000000000002,0.0,1.0,0.045936392125824364,0.1,1.126999654512743,1.1329069021295735,-0.005214239233361839,-0.00035514107941351185,0.03285660281045055
2025-10-03,CAUSAL_MLP,21,2025-09-05,2025-09-08,2025-10-06,0,0.001576246729852108,0.0,0.001576246729852108,0.0,1.0,0.0,1.0,0.045936392125824364,0.1,1.1287760840327132,1.1329069021295735,-0.0036462114310499283,0.0015750057568573578,0.03208249510795113
2025-10-06,CAUSAL_MLP,21,2025-09-05,2025-09-08,2025-10-06,0,0.0018492880431439454,0.0,0.0018492880431439454,0.0,1.0,0.0,1.0,0.045936392125824364,0.1,1.1308635161483018,1.1329069021295735,-0.0018036662831081296,0.0018475802151970673,0.03215305759936748
2025-10-07,CAUSAL_MLP,22,2025-10-06,2025-10-07,2025-11-05,1,-0.000820069636285468,0.000570151738487666,-0.001390221374773134,0.5332012916860418,0.46679870831395814,0.570151738487666,1.0,0.026480650499900036,0.1,1.1292913655162014,1.1329069021295735,-0.0031913801624615656,-0.0013911886290775789,0.03210056417195364
2025-10-08,CAUSAL_MLP,22,2025-10-06,2025-10-07,2025-11-05,0,0.0017632096169306949,0.0,0.0017632096169306949,0.5336389127551326,0.46636108724486725,0.0,1.0,0.026480650499900036,0.1,1.1312825429121962,1.1329069021295735,-0.0014337976177246636,0.0017616569876600704,0.032085814240939564
2025-10-09,CAUSAL_MLP,22,2025-10-06,2025-10-07,2025-11-05,0,-0.0024947569885942133,0.0,-0.0024947569885942133,0.5326996516064845,0.4673003483935154,0.0,1.0,0.026480650499900036,0.1,1.1284602678821913,1.1329069021295735,-0.003924977629691906,-0.002497874080146798,0.03356087952362685
2025-10-10,CAUSAL_MLP,22,2025-10-06,2025-10-07,2025-11-05,0,-0.007696830464866331,0.0,-0.007696830464866331,0.5340319314997259,0.4659680685002741,0.0,1.0,0.026480650499900036,0.1,1.1197747005139644,1.1329069021295735,-0.011591598207164155,-0.007726603937108288,0.04173890945310467
2025-10-14,CAUSAL_MLP,22,2025-10-06,2025-10-07,2025-11-05,0,0.00043352277350418034,0.0,0.00043352277350418034,0.5381741668223281,0.4618258331776719,0.0,1.0,0.026480650499900036,0.1,1.120260148347831,1.1329069021295735,-0.011163100655464109,0.0004334288296568245,0.04126140962993052
2025-10-15,CAUSAL_MLP,22,2025-10-06,2025-10-07,2025-11-05,0,0.0021948165012311296,0.0,0.0021948165012311296,0.5379409571665957,0.4620590428334043,0.0,1.0,0.026480650499900036,0.1,1.1227189138070963,1.1329069021295735,-0.008992785111756607,0.002192411410007122,0.040234369207475786
2025-10-16,CAUSAL_MLP,22,2025-10-06,2025-10-07,2025-11-05,0,-0.001132307843223942,0.0,-0.001132307843223942,0.5367628611816262,0.4632371388183737,0.0,1.0,0.026480650499900036,0.1,1.1214476503752566,1.1329069021295735,-0.010114910353866136,-0.0011329493880797607,0.040085212034965935
2025-10-17,CAUSAL_MLP,22,2025-10-06,2025-10-07,2025-11-05,0,0.0004900661977903981,0.0,0.0004900661977903981,0.5373713309543896,0.46262866904561045,0.0,1.0,0.026480650499900036,0.1,1.1219972339612971,1.1329069021295735,-0.009629801131733728,0.0004899461545691052,0.03957049193667661
2025-10-20,CAUSAL_MLP,22,2025-10-06,2025-10-07,2025-11-05,0,0.004835971241284659,0.0,0.004835971241284659,0.5371081124239316,0.4628918875760684,0.0,1.0,0.026480650499900036,0.1,1.127423180317535,1.1329069021295735,-0.004840399331781375,0.004824315495158566,0.04270754066443587
2025-10-21,CAUSAL_MLP,22,2025-10-06,2025-10-07,2025-11-05,0,-0.0025343680015632534,0.0,-0.0025343680015632534,0.5345231737279829,0.4654768262720172,0.0,1.0,0.026480650499900036,0.1,1.1245658750851175,1.1329069021295735,-0.007362499980163362,-0.0025375849485814563,0.043644793871915354
2025-10-22,CAUSAL_MLP,22,2025-10-06,2025-10-07,2025-11-05,0,-0.0005911059051410723,0.0,-0.0005911059051410723,0.5358812941324685,0.46411870586753157,0.0,1.0,0.026480650499900036,0.1,1.1239011375556345,1.1329069021295735,-0.007949253868089645,-0.0005912806771125085,0.04358883074996973
2025-10-23,CAUSAL_MLP,22,2025-10-06,2025-10-07,2025-11-05,0,0.0023123592565547865,0.0,0.0023123592565547865,0.536198244080871,0.46380175591912903,0.0,1.0,0.026480650499900036,0.1,1.1265000007545138,1.1329069021295735,-0.005655276142299326,0.0023096898681537704,0.04384198913684222
2025-10-24,CAUSAL_MLP,22,2025-10-06,2025-10-07,2025-11-05,0,0.001976797212619838,0.0,0.001976797212619838,0.5349612215483259,0.4650387784516741,0.0,1.0,0.026480650499900036,0.1,1.1287268628160216,1.1329069021295735,-0.0036896582637941933,0.0019748459201264635,0.043721120941137795
2025-10-27,CAUSAL_MLP,22,2025-10-06,2025-10-07,2025-11-05,0,0.0021130415804442803,0.0,0.0021130415804442803,0.5339057980549293,0.4660942019450706,0.0,1.0,0.026480650499900036,0.1,1.1311119096101163,1.1329069021295735,-0.0015844130846789373,0.0021108122479796976,0.043229631794434814
2025-10-28,CAUSAL_MLP,22,2025-10-06,2025-10-07,2025-11-05,0,-0.0005615813303063841,0.0,-0.0005615813303063841,0.5327800117368997,0.4672199882631003,0.0,1.0,0.026480650499900036,0.1,1.130476698279192,1.1329069021295735,-0.0021451046381774086,-0.0005617390761625083,0.04241323753221223
2025-10-29,CAUSAL_MLP,22,2025-10-06,2025-10-07,2025-11-05,0,-0.0014330608688951302,0.0,-0.0014330608688951302,0.5330793791638094,0.46692062083619057,0.0,1.0,0.026480650499900036,0.1,1.1288566563596902,1.1329069021295735,-0.0035750914415560997,-0.0014340886826859477,0.04264533244802107
2025-10-30,CAUSAL_MLP,22,2025-10-06,2025-10-07,2025-11-05,0,-0.002075705459760773,0.0,-0.002075705459760773,0.5338444106988603,0.46615558930113965,0.0,1.0,0.026480650499900036,0.1,1.126513482434797,1.1329069021295735,-0.0056433760644925,-0.0020778627220830103,0.04335608428930035
2025-10-31,CAUSAL_MLP,22,2025-10-06,2025-10-07,2025-11-05,0,0.0003180841387553626,0.0,0.0003180841387553626,0.5349548193380859,0.46504518066191425,0.0,1.0,0.026480650499900036,0.1,1.1268718085056537,1.1329069021295735,-0.005327086994152186,0.0003180335607207949,0.04109790852397508
2025-11-03,CAUSAL_MLP,22,2025-10-06,2025-10-07,2025-11-05,0,0.00020929823062081112,0.0,0.00020929823062081112,0.5347847128032942,0.4652152871967058,0.0,1.0,0.026480650499900036,0.1,1.1271076607813104,1.1329069021295735,-0.005118903713413614,0.00020927633080181624,0.04108682244554329
2025-11-04,CAUSAL_MLP,22,2025-10-06,2025-10-07,2025-11-05,0,-0.003655572927616835,0.0,-0.003655572927616835,0.5346728067308845,0.4653271932691157,0.0,1.0,0.026480650499900036,0.1,1.1229874365300487,1.1329069021295735,-0.00875576411519663,-0.0036622708625066364,0.042544209669163495
2025-11-05,CAUSAL_MLP,22,2025-10-06,2025-10-07,2025-11-05,0,0.0013066577611987712,0.0,0.0013066577611987712,0.5366345133298378,0.46336548667016225,0.0,1.0,0.026480650499900036,0.1,1.1244547967797196,1.1329069021295735,-0.0074605471411340885,0.0013058048268609886,0.042248844725571576
2025-11-06,CAUSAL_MLP,23,2025-11-05,2025-11-06,2025-12-08,1,-0.0006775741066607342,0.00022494981463642007,-0.0009025239212971543,0.7608840453442114,0.23911595465578858,0.22494981463642005,1.0,0.016287165748453743,0.1,1.1234399494272085,1.1329069021295735,-0.008356337740170527,-0.0009029314412275183,0.042119332524158344
2025-11-07,CAUSAL_MLP,23,2025-11-05,2025-11-06,2025-12-08,0,0.0004612706775260323,0.0,0.0004612706775260323,0.7613999502353036,0.2386000497646964,0.0,1.0,0.016287165748453743,0.1,1.1239581593338406,1.1329069021295735,-0.007898921596215525,0.0004611643249106981,0.041575143738054404
2025-11-10,CAUSAL_MLP,23,2025-11-05,2025-11-06,2025-12-08,0,0.0025721649127073494,0.0,0.0025721649127073494,0.7610489006932504,0.2389510993067496,0.0,1.0,0.016287165748453743,0.1,1.1268491650746302,1.1329069021295735,-0.0053470740124862415,0.0025688625581265136,0.04191794812236008
2025-11-12,CAUSAL_MLP,23,2025-11-05,2025-11-06,2025-12-08,0,0.0004630653621178826,0.0,0.0004630653621178826,0.7590963796202281,0.24090362037977195,0.0,1.0,0.016287165748453743,0.1,1.1273709698913077,1.1329069021295735,-0.004886484695132198,0.0004629581804398911,0.03132713113730611
2025-11-13,CAUSAL_MLP,23,2025-11-05,2025-11-06,2025-12-08,0,-0.0024590054246006396,0.0,-0.0024590054246006396,0.7587450310776569,0.241254968922343,0.0,1.0,0.016287165748453743,0.1,1.1245987585608077,1.1329069021295735,-0.007333474227360193,-0.002462033743894095,0.03276978922533581
2025-11-14,CAUSAL_MLP,23,2025-11-05,2025-11-06,2025-12-08,0,-0.0004686826059108531,0.0,-0.0004686826059108531,0.7606153884438752,0.23938461155612487,0.0,1.0,0.016287165748453743,0.1,1.1240716786840415,1.1329069021295735,-0.007798719761459738,-0.0004687924719329316,0.03200248114522315
2025-11-17,CAUSAL_MLP,23,2025-11-05,2025-11-06,2025-12-08,0,-0.0020282951465596484,0.0,-0.0020282951465596484,0.7609720428039218,0.23902795719607822,0.0,1.0,0.016287165748453743,0.1,1.1217917295537814,1.1329069021295735,-0.009811196802577915,-0.0020303549228545496,0.032569016250634845
2025-11-18,CAUSAL_MLP,23,2025-11-05,2025-11-06,2025-12-08,0,-0.000412099307079577,0.0,-0.000412099307079577,0.7625186556924239,0.23748134430757606,0.0,1.0,0.016287165748453743,0.1,1.1213294399593448,1.1329069021295735,-0.010219252922253452,-0.0004121842433346075,0.032553044470624966
2025-11-19,CAUSAL_MLP,23,2025-11-05,2025-11-06,2025-12-08,0,-0.0002112297747580153,0.0,-0.0002112297747580153,0.7628330186508273,0.23716698134917266,0.0,1.0,0.016287165748453743,0.1,1.1210925817943125,1.1329069021295735,-0.010428324086518614,-0.0002112520869089365,0.027353219556493148
2025-11-20,CAUSAL_MLP,23,2025-11-05,2025-11-06,2025-12-08,0,-0.0021841335582641445,0.0,-0.0021841335582641445,0.7629941857408231,0.23700581425917694,0.0,1.0,0.016287165748453743,0.1,1.1186439658644944,1.1329069021295735,-0.012589680792189029,-0.002186522256755805,0.027011113924342103
2025-11-21,CAUSAL_MLP,23,2025-11-05,2025-11-06,2025-12-08,0,0.001744032294245463,0.0,0.001744032294245463,0.7646643147314351,0.235335685268565,0.0,1.0,0.016287165748453743,0.1,1.1205949170667249,1.1329069021295735,-0.010867605307819383,0.0017425132358585805,0.02783831493442403
2025-11-24,CAUSAL_MLP,23,2025-11-05,2025-11-06,2025-12-08,0,0.0019712352191324192,0.0,0.0019712352191324192,0.7633330372631837,0.23666696273681645,0.0,1.0,0.016287165748453743,0.1,1.1228038732336274,1.1329069021295735,-0.008917792695017579,0.0019692948844734245,0.027483565949479014
2025-11-25,CAUSAL_MLP,23,2025-11-05,2025-11-06,2025-12-08,0,0.0015320592672272647,0.0,0.0015320592672272647,0.761831288596066,0.238168711403934,0.0,1.0,0.016287165748453743,0.1,1.1245240753128936,1.1329069021295735,-0.00739939601473194,0.0015308868617384885,0.027089972437494902
2025-11-26,CAUSAL_MLP,23,2025-11-05,2025-11-06,2025-12-08,0,0.0015591715818872444,0.0,0.0015591715818872444,0.7606659033495755,0.23933409665042454,0.0,1.0,0.016287165748453743,0.1,1.1262774012942693,1.1329069021295735,-0.005851761360834096,0.0015579573358577748,0.026564107567479914
2025-11-28,CAUSAL_MLP,23,2025-11-05,2025-11-06,2025-12-08,0,0.0010002572013438438,0.0,0.0010002572013438438,0.7594817410020429,0.24051825899795717,0.0,1.0,0.016287165748453743,0.1,1.1274039683756247,1.1329069021295735,-0.004857357425932074,0.0009997572774499673,0.02684832927044679
2025-12-01,CAUSAL_MLP,23,2025-11-05,2025-11-06,2025-12-08,0,-0.0009779503127790323,0.0,-0.0009779503127790323,0.7587228230344787,0.24127717696552134,0.0,1.0,0.016287165748453743,0.1,1.1263014233121236,1.1329069021295735,-0.005830557484497012,-0.000978428818181274,0.026614759761517972
2025-12-02,CAUSAL_MLP,23,2025-11-05,2025-11-06,2025-12-08,0,-0.00010294821674719303,0.0,-0.00010294821674719303,0.7594655425994087,0.24053445740059134,0.0,1.0,0.016287165748453743,0.1,1.1261854725890739,1.1329069021295735,-0.005932905455748427,-0.00010295351627858007,0.02563413013060337
2025-12-03,CAUSAL_MLP,23,2025-11-05,2025-11-06,2025-12-08,0,0.0012595615141479395,0.0,0.0012595615141479395,0.7595437362725994,0.24045626372740056,0.0,1.0,0.016287165748453743,0.1,1.1276039724681397,1.1329069021295735,-0.004680816800979537,0.0012587689320114719,0.02599224199803136
2025-12-04,CAUSAL_MLP,23,2025-11-05,2025-11-06,2025-12-08,0,0.00010272922738105176,0.0,0.00010272922738105176,0.7585882477106981,0.24141175228930187,0.0,1.0,0.016287165748453743,0.1,1.127719810353023,1.1329069021295735,-0.004578568430292029,0.00010272395109532202,0.025985649933685902
2025-12-05,CAUSAL_MLP,23,2025-11-05,2025-11-06,2025-12-08,0,6.258982840893991e-05,0.0,6.258982840893991e-05,0.7585103265308931,0.24148967346910694,0.0,1.0,0.016287165748453743,0.1,1.1277903941424465,1.1329069021295735,-0.004516265173695411,6.258786974735755e-05,0.0222611223901442
2025-12-08,CAUSAL_MLP,23,2025-11-05,2025-11-06,2025-12-08,0,-0.000929793682453805,0.0,-0.000929793682453805,0.7584628544709772,0.2415371455290228,0.0,1.0,0.016287165748453743,0.1,1.1267417817588408,1.1329069021295735,-0.00544185966132249,-0.0009302262087273523,0.022213232817739872
2025-12-09,CAUSAL_MLP,24,2025-12-08,2025-12-09,2025-12-31,1,-0.0006680198451688543,0.0007635205187413407,-0.0014315403639101952,0.0,1.0,0.7635205187413407,1.0,0.06599126189574117,0.1,1.1251288054185489,1.1329069021295735,-0.006865609783472726,-0.0014325659967570179,0.022586200067126857
2025-12-10,CAUSAL_MLP,24,2025-12-08,2025-12-09,2025-12-31,0,0.006369206299178075,0.0,0.006369206299178075,0.0,0.9999999999999998,0.0,1.0,0.06599126189574117,0.1,1.1322949828934072,1.1329069021295735,-0.0005401319693754125,0.0063490086214889165,0.031367948867128057
2025-12-11,CAUSAL_MLP,24,2025-12-08,2025-12-09,2025-12-31,0,0.000999650027928991,0.0,0.000999650027928991,0.0,1.0,0.0,1.0,0.06599126189574117,0.1,1.1334268816046804,1.1334268816046804,0.0,0.0009991507105738548,0.030427299417710933
2025-12-12,CAUSAL_MLP,24,2025-12-08,2025-12-09,2025-12-31,0,-0.0079934384702375,0.0,-0.0079934384702375,0.0,0.9999999999999999,0.0,1.0,0.06599126189574117,0.1,1.1243669035660602,1.1334268816046804,-0.00799343847023759,-0.008025557273814505,0.041841778290956776
2025-12-15,CAUSAL_MLP,24,2025-12-08,2025-12-09,2025-12-31,0,-0.0008027255536936764,0.0,-0.0008027255536936764,0.0,1.0,0.0,1.0,0.06599126189574117,0.1,1.1234643455208404,1.1334268816046804,-0.008789747486609212,-0.0008030479103717929,0.04106268617403911
2025-12-16,CAUSAL_MLP,24,2025-12-08,2025-12-09,2025-12-31,0,-0.0017136920310341006,0.0,-0.0017136920310341006,0.0,0.9999999999999999,0.0,1.0,0.06599126189574117,0.1,1.1215390736247703,1.1334268816046804,-0.010488376597420745,-0.0017151620809379806,0.04144876427480727
2025-12-17,CAUSAL_MLP,24,2025-12-08,2025-12-09,2025-12-31,0,-0.003451747438228653,0.0,-0.003451747438228653,0.0,1.0,0.0,1.0,0.06599126189574117,0.1,1.1176678040005128,1.1334268816046804,-0.013903920808597925,-0.0034577184626892014,0.04256308203805402
2025-12-18,CAUSAL_MLP,24,2025-12-08,2025-12-09,2025-12-31,0,0.004424533014149251,0.0,0.004424533014149251,0.0,1.0,0.0,1.0,0.06599126189574117,0.1,1.1226129620981649,1.1334268816046804,-0.009540906151092376,0.004414773544759689,0.045413714192373444
2025-12-19,CAUSAL_MLP,24,2025-12-08,2025-12-09,2025-12-31,0,0.0038234654210447276,0.0,0.0038234654210447276,0.0,1.0,0.0,1.0,0.06599126189574117,0.1,1.126905233939964,1.1334268816046804,-0.005753920054801687,0.003816174555470732,0.04722370598825054
2025-12-22,CAUSAL_MLP,24,2025-12-08,2025-12-09,2025-12-31,0,0.004411640197538104,0.0,0.004411640197538104,0.0,1.0000000000000002,0.0,1.0,0.06599126189574117,0.1,1.1318767343688294,1.1334268816046804,-0.0013676640822708475,0.004401937439174522,0.048446460358177776
2025-12-23,CAUSAL_MLP,24,2025-12-08,2025-12-09,2025-12-31,0,0.0034472452343043527,0.0,0.0034472452343043527,0.0,0.9999999999999999,0.0,1.0,0.06599126189574117,0.1,1.1357785910472025,1.1357785910472025,0.0,0.003441317104356903,0.04931849768860704
2025-12-24,CAUSAL_MLP,24,2025-12-08,2025-12-09,2025-12-31,0,0.002968977930693465,0.0,0.002968977930693465,0.0,1.0,0.0,1.0,0.06599126189574117,0.1,1.1391506926181756,1.1391506926181756,0.0,0.0029645792200162415,0.04977468494074271
2025-12-26,CAUSAL_MLP,24,2025-12-08,2025-12-09,2025-12-31,0,0.0003247824410031301,0.0,0.0003247824410031301,0.0,0.9999999999999999,0.0,1.0,0.06599126189574117,0.1,1.1395206687607944,1.1395206687607944,0.0,0.00032472971060310116,0.04969271567979178
2025-12-29,CAUSAL_MLP,24,2025-12-08,2025-12-09,2025-12-31,0,-0.0024824917566680167,0.0,-0.0024824917566680167,0.0,1.0,0.0,1.0,0.06599126189574117,0.1,1.1366918180940428,1.1395206687607944,-0.002482491756668037,-0.002485578248514164,0.050705999571500515
2025-12-30,CAUSAL_MLP,24,2025-12-08,2025-12-09,2025-12-31,0,-3.785787261495856e-05,0.0,-3.785787261495856e-05,0.0,1.0,0.0,1.0,0.06599126189574117,0.1,1.136648785359991,1.1395206687607944,-0.002520255647426417,-3.7858589242304746e-05,0.05068862965272805
2025-12-31,CAUSAL_MLP,24,2025-12-08,2025-12-09,2025-12-31,0,-0.006020395430238992,0.0,-0.006020395430238992,0.0,1.0,0.0,1.0,0.06599126189574117,0.1,1.1298057102068229,1.1395206687607944,-0.008525478142082599,-0.006038591077559087,0.05523545069928716
2023-12-29,CAUSAL_LSTM,1,2023-12-28,2023-12-29,2024-01-30,1,-0.003078899036228874,0.0009999999999999998,-0.004078899036228874,1.1102230246251565e-16,0.9999999999999999,0.9999999999999999,1.0,0.09737460620781056,0.1,0.9959211009637712,0.9959211009637712,0.0,-0.004087240435112105,
2024-01-02,CAUSAL_LSTM,1,2023-12-28,2023-12-29,2024-01-30,0,-0.004273568244294111,0.0,-0.004273568244294111,1.1136518462211815e-16,0.9999999999999999,0.0,1.0,0.09737460620781056,0.1,0.99166496417287,0.9959211009637712,-0.004273568244294146,-0.00428272603734551,
2024-01-03,CAUSAL_LSTM,1,2023-12-28,2023-12-29,2024-01-30,0,-0.0013763482841810727,0.0,-0.0013763482841810727,1.1184315397328004e-16,0.9999999999999999,0.0,1.0,0.09737460620781056,0.1,0.9903000878009481,0.9959211009637712,-0.0056440346101548355,-0.0013772963214669302,
2024-01-04,CAUSAL_LSTM,1,2023-12-28,2023-12-29,2024-01-30,0,-0.004381806982623,0.0,-0.004381806982623,1.119973012667114e-16,1.0,0.0,1.0,0.09737460620781056,0.1,0.9859607839613298,0.9959211009637712,-0.010001110522512846,-0.004391435235230148,
2024-01-05,CAUSAL_LSTM,1,2023-12-28,2023-12-29,2024-01-30,0,0.0011172695413140896,0.0,0.0011172695413140896,1.1249021166164714e-16,1.0,0.0,1.0,0.09737460620781056,0.1,0.98706236791418,0.9959211009637712,-0.008895014917364885,0.001116645860203495,
2024-01-08,CAUSAL_LSTM,1,2023-12-28,2023-12-29,2024-01-30,0,0.004210553446614013,0.0,0.004210553446614013,1.1236467003829354e-16,0.9999999999999999,0.0,1.0,0.09737460620781056,0.1,0.9912184467694239,0.9959211009637712,-0.004721914406468963,0.0042017138707681045,
2024-01-09,CAUSAL_LSTM,1,2023-12-28,2023-12-29,2024-01-30,0,-0.00398473676062929,0.0,-0.00398473676062929,1.1189353632327372e-16,0.9999999999999998,0.0,1.0,0.09737460620781056,0.1,0.987268702186768,0.9959211009637712,-0.008687835581182135,-0.003992696977437551,
2024-01-10,CAUSAL_LSTM,1,2023-12-28,2023-12-29,2024-01-30,0,0.00014832422795478745,0.0,0.00014832422795478745,1.1234118637836833e-16,1.0,0.0,1.0,0.09737460620781056,0.1,0.9874151380548037,0.9959211009637712,-0.00854079996973256,0.00014831322900408207,
2024-01-11,CAUSAL_LSTM,1,2023-12-28,2023-12-29,2024-01-30,0,0.001836072264187175,0.0,0.001836072264187175,1.1232452592977939e-16,0.9999999999999998,0.0,1.0,0.09737460620781056,0.1,0.9892281036030248,0.9959211009637712,-0.006720409231483759,0.0018343887439024576,
2024-01-12,CAUSAL_LSTM,1,2023-12-28,2023-12-29,2024-01-30,0,0.0027789014023576297,0.0,0.0027789014023576297,1.1211866795325283e-16,0.9999999999999998,0.0,1.0,0.09737460620781056,0.1,0.9919770709673789,0.9959211009637712,-0.003960183183763899,0.002775047394143851,
2024-01-16,CAUSAL_LSTM,1,2023-12-28,2023-12-29,2024-01-30,0,-0.010947244386082917,0.0,-0.010947244386082917,1.1180796464351021e-16,0.9999999999999998,0.0,1.0,0.09737460620781056,0.1,0.9811176555461082,0.9959211009637712,-0.014864074476720557,-0.011007606401980941,
2024-01-17,CAUSAL_LSTM,1,2023-12-28,2023-12-29,2024-01-30,0,-0.005589446141504329,0.0,-0.005589446141504329,1.1304550137379646e-16,1.0,0.0,1.0,0.09737460620781056,0.1,0.9756337512519542,0.9959211009637712,-0.02037043867449395,-0.005605125549020176,
2024-01-18,CAUSAL_LSTM,1,2023-12-28,2023-12-29,2024-01-30,0,0.005020320246276045,0.0,0.005020320246276045,1.1368091472396301e-16,1.0,0.0,1.0,0.09737460620781056,0.1,0.9805317451263146,0.9959211009637712,-0.015452384553921061,0.005007760457158232,
2024-01-19,CAUSAL_LSTM,1,2023-12-28,2023-12-29,2024-01-30,0,0.0072481573074591864,0.0,0.0072481573074591864,1.1311305098399e-16,0.9999999999999998,0.0,1.0,0.09737460620781056,0.1,0.9876387934599477,0.9959211009637712,-0.008316228560483974,0.007222015658466923,
2024-01-22,CAUSAL_LSTM,1,2023-12-28,2023-12-29,2024-01-30,0,0.002598129076574041,0.0,0.002598129076574041,1.1229908951768143e-16,1.0,0.0,1.0,0.09737460620781056,0.1,0.9902048065263884,0.9959211009637712,-0.00573970611914032,0.0025947597738851685,
2024-01-23,CAUSAL_LSTM,1,2023-12-28,2023-12-29,2024-01-30,0,0.0015569062537987334,0.0,0.0015569062537987334,1.1200807807322821e-16,1.0000000000000002,0.0,1.0,0.09737460620781056,0.1,0.991746462582211,0.9959211009637712,-0.004191736049693362,0.0015556955317480904,
2024-01-24,CAUSAL_LSTM,1,2023-12-28,2023-12-29,2024-01-30,0,0.004711787046981231,0.0,0.004711787046981231,1.118339630767269e-16,0.9999999999999996,0.0,1.0,0.09737460620781056,0.1,0.9964193607184954,0.9964193607184954,0.0,0.004700721324331504,
2024-01-25,CAUSAL_LSTM,1,2023-12-28,2023-12-29,2024-01-30,0,0.006835618902782824,0.0,0.006835618902782824,1.1130949643322687e-16,0.9999999999999999,0.0,1.0,0.09737460620781056,0.1,1.0032305037357214,1.0032305037357214,0.0,0.006812361983363276,
2024-01-26,CAUSAL_LSTM,1,2023-12-28,2023-12-29,2024-01-30,0,0.0015358364996404823,0.0,0.0015358364996404823,1.10553792837135e-16,0.9999999999999996,0.0,1.0,0.09737460620781056,0.1,1.0047713017609115,1.0047713017609115,0.0,0.0015346583089482454,
2024-01-29,CAUSAL_LSTM,1,2023-12-28,2023-12-29,2024-01-30,0,0.0032962772857752466,0.0,0.0032962772857752466,1.103842606606266e-16,0.9999999999999999,0.0,1.0,0.09737460620781056,0.1,1.0080833065803048,1.0080833065803048,0.0,0.0032908564728713952,
2024-01-30,CAUSAL_LSTM,1,2023-12-28,2023-12-29,2024-01-30,0,0.0027032458724315024,0.0,0.0027032458724315024,1.1002159896302016e-16,1.0000000000000002,0.0,1.0,0.09737460620781056,0.1,1.010808403617885,1.010808403617885,0.0,0.0026995986746777383,0.07314403209004144
2024-01-31,CAUSAL_LSTM,2,2024-01-30,2024-01-31,2024-02-29,1,-0.009777132576119545,0.0008867969025878936,-0.010663929478707439,0.0,1.0,0.8867969025878936,1.0,0.08631461163811309,0.1,1.0000292140852192,1.010808403617885,-0.010663929478707312,-0.010721196667383278,0.08152932297370268
2024-02-01,CAUSAL_LSTM,2,2024-01-30,2024-01-31,2024-02-29,0,0.008736680227670431,0.0,0.008736680227670431,0.0,1.0,0.0,1.0,0.08631461163811309,0.1,1.0087661495470104,1.010808403617885,-0.0020204165928626727,0.008698736279573871,0.08487700149464601
2024-02-02,CAUSAL_LSTM,2,2024-01-30,2024-01-31,2024-02-29,0,0.0008746338269107424,0.0,0.0008746338269107424,0.0,1.0,0.0,1.0,0.08631461163811309,0.1,1.0096484505448466,1.010808403617885,-0.0011475498906485804,0.0008742515576260139,0.08450204991015159
2024-02-05,CAUSAL_LSTM,2,2024-01-30,2024-01-31,2024-02-29,0,-0.003405329475738586,0.0,-0.003405329475738586,0.0,1.0,0.0,1.0,0.08631461163811309,0.1,1.0062102649160725,1.010808403617885,-0.004548971580919714,-0.0034111408069066565,0.08379070886044888
2024-02-06,CAUSAL_LSTM,2,2024-01-30,2024-01-31,2024-02-29,0,0.004119360412267814,0.0,0.004119360412267814,0.0,1.0,0.0,1.0,0.08631461163811309,0.1,1.0103552076477853,1.010808403617885,-0.0004483500220987535,0.004110899076067714,0.08449662301075293
2024-02-07,CAUSAL_LSTM,2,2024-01-30,2024-01-31,2024-02-29,0,0.0041519441271659656,0.0,0.0041519441271659656,0.0,0.9999999999999999,0.0,1.0,0.08631461163811309,0.1,1.0145501460185302,1.0145501460185302,0.0,0.004143348591058402,0.08446995827685791
2024-02-08,CAUSAL_LSTM,2,2024-01-30,2024-01-31,2024-02-29,0,0.00024043975689011732,0.0,0.00024043975689011732,0.0,1.0000000000000002,0.0,1.0,0.08631461163811309,0.1,1.0147940842089918,1.0147940842089918,0.0,0.0002404108558843117,0.08249910824042848
2024-02-09,CAUSAL_LSTM,2,2024-01-30,2024-01-31,2024-02-29,0,0.004433930576858931,0.0,0.004433930576858931,0.0,1.0,0.0,1.0,0.08631461163811309,0.1,1.0192936107281816,1.0192936107281816,0.0,0.0044241296670351725,0.08306852243084552
2024-02-12,CAUSAL_LSTM,2,2024-01-30,2024-01-31,2024-02-29,0,-0.00022078771232520887,0.0,-0.00022078771232520887,0.0,0.9999999999999998,0.0,1.0,0.08631461163811309,0.1,1.0190685632236811,1.0192936107281816,-0.0002207877123252544,-0.0002208120895203552,0.08327319157251133
2024-02-13,CAUSAL_LSTM,2,2024-01-30,2024-01-31,2024-02-29,0,-0.014300045341572719,0.0,-0.014300045341572719,0.0,1.0,0.0,1.0,0.08631461163811309,0.1,1.0044958365634111,1.0192936107281816,-0.014517675779600836,-0.01440327631010844,0.09943287261532034
2024-02-14,CAUSAL_LSTM,2,2024-01-30,2024-01-31,2024-02-29,0,0.007494141741679515,0.0,0.007494141741679515,0.0,1.0,0.0,1.0,0.08631461163811309,0.1,1.0120236707415444,1.0192936107281816,-0.007132331557973326,0.007466200173338804,0.09262708677469517
2024-02-15,CAUSAL_LSTM,2,2024-01-30,2024-01-31,2024-02-29,0,0.005668325164207377,0.0,0.005668325164207377,0.0,1.0,0.0,1.0,0.08631461163811309,0.1,1.0177601499811821,1.0192936107281816,-0.0015044347682156012,0.005652320659798593,0.0899525198951975
2024-02-16,CAUSAL_LSTM,2,2024-01-30,2024-01-31,2024-02-29,0,-0.0036694617549230305,0.0,-0.0036694617549230305,0.0,1.0,0.0,1.0,0.08631461163811309,0.1,1.0140255180351414,1.0192936107281816,-0.005168376057293922,-0.0036762107448739625,0.09132920223289176
2024-02-20,CAUSAL_LSTM,2,2024-01-30,2024-01-31,2024-02-29,0,-0.0025511831746868616,0.0,-0.0025511831746868616,0.0,1.0,0.0,1.0,0.08631461163811309,0.1,1.0114385531948271,1.0192936107281816,-0.007706373757942808,-0.002554442987916347,0.09001532203213596
2024-02-21,CAUSAL_LSTM,2,2024-01-30,2024-01-31,2024-02-29,0,-0.0012650522774932046,0.0,-0.0012650522774932046,0.0,0.9999999999999999,0.0,1.0,0.08631461163811309,0.1,1.0101590305495636,1.0192936107281816,-0.008961677069762364,-0.0012658531316117353,0.09021910400398743
2024-02-22,CAUSAL_LSTM,2,2024-01-30,2024-01-31,2024-02-29,0,0.013850998994697276,0.0,0.013850998994697276,0.0,1.0,0.0,1.0,0.08631461163811309,0.1,1.02415074226619,1.02415074226619,0.0,0.013755950579482883,0.10055765480014077
2024-02-23,CAUSAL_LSTM,2,2024-01-30,2024-01-31,2024-02-29,0,-0.0002334217388133133,0.0,-0.0002334217388133133,0.0,1.0,0.0,1.0,0.08631461163811309,0.1,1.0239116832191233,1.02415074226619,-0.00023342173881324424,-0.00023344898590751384,0.10004934181129939
2024-02-26,CAUSAL_LSTM,2,2024-01-30,2024-01-31,2024-02-29,0,-0.0011724641499116352,0.0,-0.0011724641499116352,0.0,1.0000000000000002,0.0,1.0,0.08631461163811309,0.1,1.022711183477873,1.02415074226619,-0.0014056122101044899,-0.0011731520237272077,0.09831083364414733
2024-02-27,CAUSAL_LSTM,2,2024-01-30,2024-01-31,2024-02-29,0,0.001607366510020044,0.0,0.001607366510020044,0.0,1.0,0.0,1.0,0.08631461163811309,0.1,1.0243550551836182,1.0243550551836182,0.0,0.0016060760790831948,0.09831680930523887
2024-02-28,CAUSAL_LSTM,2,2024-01-30,2024-01-31,2024-02-29,0,-0.0034282583244642905,0.0,-0.0034282583244642905,0.0,1.0,0.0,1.0,0.08631461163811309,0.1,1.020843301438478,1.0243550551836182,-0.0034282583244643616,-0.003434148267383988,0.099030190920601
2024-02-29,CAUSAL_LSTM,2,2024-01-30,2024-01-31,2024-02-29,0,0.004181948311819425,0.0,0.004181948311819425,0.0,1.0,0.0,1.0,0.08631461163811309,0.1,1.0251124153595608,1.0251124153595608,0.0,0.004173228268704287,0.09955423535816635
2024-03-01,CAUSAL_LSTM,3,2024-02-29,2024-03-01,2024-04-01,1,0.00827934054097067,0.0006332831746390682,0.007646057366331603,2.220446049250313e-16,0.9999999999999998,0.6332831746390681,1.0,0.07498028823061655,0.1,1.0329504836943386,1.0329504836943386,0.0,0.007616974422204588,0.0931814648802057
2024-03-04,CAUSAL_LSTM,3,2024-02-29,2024-03-01,2024-04-01,0,8.693375384886005e-05,0.0,8.693375384886005e-05,2.202213176418928e-16,0.9999999999999997,0.0,1.0,0.07498028823061655,0.1,1.0330402819574263,1.0330402819574263,0.0,8.692997532906661e-05,0.0895527209866841
2024-03-05,CAUSAL_LSTM,3,2024-02-29,2024-03-01,2024-04-01,0,-0.003661204285176309,0.0,-0.003661204285176309,2.2020217464024562e-16,0.9999999999999998,0.0,1.0,0.07498028823061655,0.1,1.029258110450364,1.0330402819574263,-0.003661204285176356,-0.003667922897406205,0.09108678614960589
2024-03-06,CAUSAL_LSTM,3,2024-02-29,2024-03-01,2024-04-01,0,0.0070745365279633095,0.0,0.0070745365279633095,2.2101134231379747e-16,0.9999999999999998,0.0,1.0,0.07498028823061655,0.1,1.0365396345494478,1.0365396345494478,0.0,0.007049629396367828,0.09202853215154914
2024-03-07,CAUSAL_LSTM,3,2024-02-29,2024-03-01,2024-04-01,0,0.004787109027783119,0.0,0.004787109027783119,2.1945877320636703e-16,0.9999999999999999,0.0,1.0,0.07498028823061655,0.1,1.0415016627916545,1.0415016627916545,0.0,0.004775687258360424,0.09230239450428077
2024-03-08,CAUSAL_LSTM,3,2024-02-29,2024-03-01,2024-04-01,0,-0.0013054612282309803,0.0,-0.0013054612282309803,2.184132053791096e-16,0.9999999999999996,0.0,1.0,0.07498028823061655,0.1,1.040142022751742,1.0415016627916545,-0.001305461228230942,-0.0013063140850686815,0.09222612607496318
2024-03-11,CAUSAL_LSTM,3,2024-02-29,2024-03-01,2024-04-01,0,0.002028206389285888,0.0,0.002028206389285888,2.1869870806315024e-16,0.9999999999999998,0.0,1.0,0.07498028823061655,0.1,1.0422516454480517,1.0422516454480517,0.0,0.0020261523555744057,0.09220281926615805
2024-03-12,CAUSAL_LSTM,3,2024-02-29,2024-03-01,2024-04-01,0,0.0021009559120059636,0.0,0.0021009559120059636,2.1825603976879093e-16,0.9999999999999996,0.0,1.0,0.07498028823061655,0.1,1.0444413702043538,1.0444413702043538,0.0,0.002098751990488647,0.09155050665224948
2024-03-13,CAUSAL_LSTM,3,2024-02-29,2024-03-01,2024-04-01,0,0.002938430227498143,0.0,0.002938430227498143,2.1779845481751635e-16,0.9999999999999998,0.0,1.0,0.07498028823061655,0.1,1.047510388297412,1.047510388297412,0.0,0.0029341214799695737,0.09160300957184202
2024-03-14,CAUSAL_LSTM,3,2024-02-29,2024-03-01,2024-04-01,0,-0.003103367567002819,0.0,-0.003103367567002819,2.1716034429761832e-16,0.9999999999999999,0.0,1.0,0.07498028823061655,0.1,1.0442595785322712,1.047510388297412,-0.0031033675670028016,-0.003108192998107833,0.07381909452556024
2024-03-15,CAUSAL_LSTM,3,2024-02-29,2024-03-01,2024-04-01,0,-0.00152576520783902,0.0,-0.00152576520783902,2.1783637062512993e-16,0.9999999999999998,0.0,1.0,0.07498028823061655,0.1,1.042666283599394,1.047510388297412,-0.004624397764581012,-0.0015269303729034385,0.07174046951108902
2024-03-18,CAUSAL_LSTM,3,2024-02-29,2024-03-01,2024-04-01,0,0.0034450593418044657,0.0,0.0034450593418044657,2.1816924566959307e-16,0.9999999999999998,0.0,1.0,0.07498028823061655,0.1,1.0462583308200928,1.047510388297412,-0.0011952697474955087,0.0034391387189050245,0.07049433832769583
2024-03-19,CAUSAL_LSTM,3,2024-02-29,2024-03-01,2024-04-01,0,0.0016116915315836022,0.0,0.0016116915315836022,2.1742022010920865e-16,0.9999999999999998,0.0,1.0,0.07498028823061655,0.1,1.0479445765117243,1.0479445765117243,0.0,0.001610394150585363,0.06811668110643469
2024-03-20,CAUSAL_LSTM,3,2024-02-29,2024-03-01,2024-04-01,0,0.0048943722528568025,0.0,0.0048943722528568025,2.1707036963271388e-16,0.9999999999999998,0.0,1.0,0.07498028823061655,0.1,1.053073607369535,1.053073607369535,0.0,0.004882433751448657,0.0673142641736101
2024-03-21,CAUSAL_LSTM,3,2024-02-29,2024-03-01,2024-04-01,0,0.0010543283314219066,0.0,0.0010543283314219066,2.1601312100700423e-16,1.0,0.0,1.0,0.07498028823061655,0.1,1.0541838927088574,1.0541838927088574,0.0,0.0010537729176647128,0.06640403715818523
2024-03-22,CAUSAL_LSTM,3,2024-02-29,2024-03-01,2024-04-01,0,-0.003548826565048903,0.0,-0.003548826565048903,2.1578561212263007e-16,0.9999999999999998,0.0,1.0,0.07498028823061655,0.1,1.0504427769059654,1.0541838927088574,-0.003548826565048957,-0.0035551385879845,0.05376676310068867
2024-03-25,CAUSAL_LSTM,3,2024-02-29,2024-03-01,2024-04-01,0,0.0011808019456685873,0.0,0.0011808019456685873,2.165541251547502e-16,0.9999999999999999,0.0,1.0,0.07498028823061655,0.1,1.0516831417807495,1.0541838927088574,-0.0023722150806932962,0.0011801053473603066,0.05351195775618521
2024-03-26,CAUSAL_LSTM,3,2024-02-29,2024-03-01,2024-04-01,0,-0.002202500533714391,0.0,-0.002202500533714391,2.1629871920626578e-16,0.9999999999999997,0.0,1.0,0.07498028823061655,0.1,1.049366809099679,1.0541838927088574,-0.004569490809426258,-0.0022049296053580306,0.05422122930020693
2024-03-27,CAUSAL_LSTM,3,2024-02-29,2024-03-01,2024-04-01,0,0.004812183365025031,0.0,0.004812183365025031,2.1677616883381883e-16,0.9999999999999997,0.0,1.0,0.07498028823061655,0.1,1.054416554602238,1.054416554602238,0.0,0.004800641822524663,0.05561532185318914
2024-03-28,CAUSAL_LSTM,3,2024-02-29,2024-03-01,2024-04-01,0,0.003775522663225797,0.0,0.003775522663225797,2.1573799802850234e-16,1.0,0.0,1.0,0.07498028823061655,0.1,1.0583975282006193,1.0583975282006193,0.0,0.003768413266376048,0.05331301532236084
2024-04-01,CAUSAL_LSTM,3,2024-02-29,2024-03-01,2024-04-01,0,-0.0005360231221598671,0.0,-0.0005360231221598671,2.1492653801330443e-16,0.9999999999999999,0.0,1.0,0.07498028823061655,0.1,1.0578302026530668,1.0583975282006193,-0.0005360231221599454,-0.0005361668339111212,0.053078399678756216
2024-04-02,CAUSAL_LSTM,4,2024-04-01,2024-04-02,2024-04-30,1,-0.0025231525549108966,0.0007399204241483171,-0.0032630729790592136,0.0,1.0000000000000002,0.739920424148317,1.0,0.06769819374427442,0.1,1.0543784255023567,1.0583975282006193,-0.0037973470186531966,-0.003268408411457678,0.05059823034681161
2024-04-03,CAUSAL_LSTM,4,2024-04-01,2024-04-02,2024-04-30,0,0.0032706753840928016,0.0,0.0032706753840928016,0.0,1.0,0.0,1.0,0.06769819374427442,0.1,1.0578269550641657,1.0583975282006193,-0.0005390915239792404,0.0032653383593095535,0.05108874108856699
2024-04-04,CAUSAL_LSTM,4,2024-04-01,2024-04-02,2024-04-30,0,-0.0044107649527949395,0.0,-0.0044107649527949395,0.0,1.0,0.0,1.0,0.06769819374427442,0.1,1.053161129004647,1.0583975282006193,-0.0049474786707738305,-0.004420521075073692,0.05203684901411196
2024-04-05,CAUSAL_LSTM,4,2024-04-01,2024-04-02,2024-04-30,0,0.0028282711251186184,0.0,0.0028282711251186184,0.0,1.0,0.0,1.0,0.06769819374427442,0.1,1.056139754215908,1.0583975282006193,-0.0021332003567219315,0.0028242790916040714,0.047831443711023214
2024-04-08,CAUSAL_LSTM,4,2024-04-01,2024-04-02,2024-04-30,0,0.0017295971969925616,0.0,0.0017295971969925616,0.0,0.9999999999999998,0.0,1.0,0.06769819374427442,0.1,1.0579664505744324,1.0583975282006193,-0.0004072927370869506,0.001728103166226851,0.04583708947253424
2024-04-09,CAUSAL_LSTM,4,2024-04-01,2024-04-02,2024-04-30,0,0.0021392794328734055,0.0,0.0021392794328734055,0.0,1.0,0.0,1.0,0.06769819374427442,0.1,1.0602297364428164,1.0602297364428164,0.0,0.0021369944328828027,0.045443970429949174
2024-04-10,CAUSAL_LSTM,4,2024-04-01,2024-04-02,2024-04-30,0,-0.011436367112699651,0.0,-0.011436367112699651,0.0,1.0,0.0,1.0,0.06769819374427442,0.1,1.0481045599530554,1.0602297364428164,-0.011436367112699797,-0.011502265264472407,0.06229891698168731
2024-04-11,CAUSAL_LSTM,4,2024-04-01,2024-04-02,2024-04-30,0,0.0018762540881007638,0.0,0.0018762540881007638,0.0,1.0,0.0,1.0,0.06769819374427442,0.1,1.0500710704184244,1.0602297364428164,-0.00958157055514719,0.0018744961219831478,0.062220615230912095
2024-04-12,CAUSAL_LSTM,4,2024-04-01,2024-04-02,2024-04-30,0,-0.008046745493729471,0.0,-0.008046745493729471,0.0,1.0000000000000002,0.0,1.0,0.06769819374427442,0.1,1.0416214157644392,1.0602297364428164,-0.017551215589189262,-0.008079295281080506,0.06770276327593953
2024-04-15,CAUSAL_LSTM,4,2024-04-01,2024-04-02,2024-04-30,0,-0.006422416838167367,0.0,-0.006422416838167367,0.0,1.0,0.0,1.0,0.06769819374427442,0.1,1.0349316888448379,1.0602297364428164,-0.023860911204826363,-0.006443129287470733,0.0703972849474852
2024-04-16,CAUSAL_LSTM,4,2024-04-01,2024-04-02,2024-04-30,0,-0.004620250160598735,0.0,-0.004620250160598735,0.0,1.0,0.0,1.0,0.06769819374427442,0.1,1.0301500455432437,1.0602297364428164,-0.028370917986598965,-0.004630956506431033,0.07181514110419326
2024-04-17,CAUSAL_LSTM,4,2024-04-01,2024-04-02,2024-04-30,0,-0.001301578650796787,0.0,-0.001301578650796787,0.0,1.0,0.0,1.0,0.06769819374427442,0.1,1.0288092242368472,1.0602297364428164,-0.029635569656241034,-0.0013024264400116339,0.07033885793211343
2024-04-18,CAUSAL_LSTM,4,2024-04-01,2024-04-02,2024-04-30,0,-0.0013163107812605899,0.0,-0.0013163107812605899,0.0,0.9999999999999999,0.0,1.0,0.06769819374427442,0.1,1.027454991563124,1.0602297364428164,-0.03091287081765426,-0.0013171778792942066,0.06980338474687259
2024-04-19,CAUSAL_LSTM,4,2024-04-01,2024-04-02,2024-04-30,0,0.0010023131736183791,0.0,0.0010023131736183791,0.0,0.9999999999999999,0.0,1.0,0.06769819374427442,0.1,1.0284848232364676,1.0602297364428164,-0.02994154202169086,0.0010018111931691174,0.06696126112090794
2024-04-22,CAUSAL_LSTM,4,2024-04-01,2024-04-02,2024-04-30,0,0.0046373387154123955,0.0,0.0046373387154123955,0.0,1.0,0.0,1.0,0.06769819374427442,0.1,1.0332542557254762,1.0602297364428164,-0.025443052378294695,0.004626619386894769,0.06952098203619489
2024-04-23,CAUSAL_LSTM,4,2024-04-01,2024-04-02,2024-04-30,0,0.006463506274487742,0.0,0.006463506274487742,0.0,1.0,0.0,1.0,0.06769819374427442,0.1,1.039932701090499,1.0602297364428164,-0.019143997432496063,0.00644270739217124,0.07333170943267674
2024-04-24,CAUSAL_LSTM,4,2024-04-01,2024-04-02,2024-04-30,0,-0.0019064023847242188,0.0,-0.0019064023847242188,0.0,1.0,0.0,1.0,0.06769819374427442,0.1,1.0379501709091874,1.0602297364428164,-0.021013903654861887,-0.0019082218825815771,0.0732317109805856
2024-04-25,CAUSAL_LSTM,4,2024-04-01,2024-04-02,2024-04-30,0,-0.0022777204548115695,0.0,-0.0022777204548115695,0.0,0.9999999999999999,0.0,1.0,0.06769819374427442,0.1,1.0355860105738324,1.0602297364428164,-0.02324376031148334,-0.0022803184057337065,0.07325265533855538
2024-04-26,CAUSAL_LSTM,4,2024-04-01,2024-04-02,2024-04-30,0,0.00465435183237825,0.0,0.00465435183237825,0.0,1.0,0.0,1.0,0.06769819374427442,0.1,1.040405992219732,1.0602297364428164,-0.018697593117502187,0.004643553829062917,0.07310780931545637
2024-04-29,CAUSAL_LSTM,4,2024-04-01,2024-04-02,2024-04-30,0,0.00355921466708409,0.0,0.00355921466708409,0.0,0.9999999999999999,0.0,1.0,0.06769819374427442,0.1,1.0441090204869627,1.0602297364428164,-0.015204927198080975,0.003552895651943048,0.07294781199718325
2024-04-30,CAUSAL_LSTM,4,2024-04-01,2024-04-02,2024-04-30,0,-0.011831349956385693,0.0,-0.011831349956385693,0.0,1.0,0.0,1.0,0.06769819374427442,0.1,1.0317558012729624,1.0602297364428164,-0.02685638233972487,-0.011901897376876778,0.08270264447773615
2024-05-01,CAUSAL_LSTM,5,2024-04-30,2024-05-01,2024-05-30,1,0.00019680776218467455,0.00045612789553658767,-0.0002593201333519131,0.060274238783054046,0.939725761216946,0.45612789553658767,1.0,0.07344623202514854,0.1,1.0314882462209896,1.0602297364428164,-0.027108738072427196,-0.00025935376263165247,0.0824054743348707
2024-05-02,CAUSAL_LSTM,5,2024-04-30,2024-05-01,2024-05-30,0,0.00829134349448196,0.0,0.00829134349448196,0.060262378679162266,0.9397376213208375,0.0,1.0,0.07344623202514854,0.1,1.0400406695809286,1.0602297364428164,-0.019042162437005627,0.008257159132219194,0.08736085077132288
2024-05-03,CAUSAL_LSTM,5,2024-04-30,2024-05-01,2024-05-30,0,0.007317692112599494,0.0,0.007317692112599494,0.05976683135085556,0.9402331686491445,0.0,1.0,0.07344623202514854,0.1,1.0476513669855037,1.0602297364428164,-0.0118638150062782,0.007291047708412512,0.09061746024227732
2024-05-06,CAUSAL_LSTM,5,2024-04-30,2024-05-01,2024-05-30,0,0.005825678147397788,0.0,0.005825678147397788,0.059332653262060185,0.9406673467379398,0.0,1.0,0.07344623202514854,0.1,1.0537546466602425,1.0602297364428164,-0.006107251626707333,0.005808774502815103,0.09246409260607208
2024-05-07,CAUSAL_LSTM,5,2024-04-30,2024-05-01,2024-05-30,0,0.0007266255333619683,0.0,0.0007266255333619683,0.05898900232030597,0.9410109976796941,0.0,1.0,0.07344623202514854,0.1,1.0545203316924048,1.0602297364428164,-0.005385063778315824,0.0007263616688418298,0.09227842886974565
2024-05-08,CAUSAL_LSTM,5,2024-04-30,2024-05-01,2024-05-30,0,-0.0016668926527905119,0.0,-0.0016668926527905119,0.05894617052770663,0.9410538294722932,0.0,1.0,0.07344623202514854,0.1,1.0527625594992884,1.0602297364428164,-0.007042980107859531,-0.0016682834641188124,0.0920285232076521
2024-05-09,CAUSAL_LSTM,5,2024-04-30,2024-05-01,2024-05-30,0,0.0046339518949668175,0.0,0.0046339518949668175,0.05904459152350418,0.9409554084764958,0.0,1.0,0.07344623202514854,0.1,1.0576410105568301,1.0602297364428164,-0.0024416650439098575,0.004623248194103225,0.08397802793240233
2024-05-10,CAUSAL_LSTM,5,2024-04-30,2024-05-01,2024-05-30,0,3.260204992799339e-05,0.0,3.260204992799339e-05,0.058772243773100356,0.9412277562268995,0.0,1.0,0.07344623202514854,0.1,1.057675491821862,1.0602297364428164,-0.002409142597267766,3.260151849271419e-05,0.08382143972486591
2024-05-13,CAUSAL_LSTM,5,2024-04-30,2024-05-01,2024-05-30,0,0.0005108057419717332,0.0,0.0005108057419717332,0.0587703277399411,0.9412296722600589,0.0,1.0,0.07344623202514854,0.1,1.0582157585362275,1.0602297364428164,-0.0018995674591678613,0.0005106753251286092,0.07802693512644295
2024-05-14,CAUSAL_LSTM,5,2024-04-30,2024-05-01,2024-05-30,0,0.004300377482460477,0.0,0.004300377482460477,0.05874032284574623,0.9412596771542538,0.0,1.0,0.07344623202514854,0.1,1.0627664857558214,1.0627664857558214,0.0,0.004291157283321302,0.07432640006134747
2024-05-15,CAUSAL_LSTM,5,2024-04-30,2024-05-01,2024-05-30,0,0.009714419626295363,0.0,0.009714419626295363,0.05848879893184356,0.9415112010681566,0.0,1.0,0.07344623202514854,0.1,1.0730906453632167,1.0730906453632167,0.0,0.009667538025793334,0.07650988980464257
2024-05-16,CAUSAL_LSTM,5,2024-04-30,2024-05-01,2024-05-30,0,-0.002005716990095775,0.0,-0.002005716990095775,0.05792608067684207,0.9420739193231579,0.0,1.0,0.07344623202514854,0.1,1.070938329223899,1.0730906453632167,-0.002005716990095663,-0.002007731134070447,0.0769249366711456
2024-05-17,CAUSAL_LSTM,5,2024-04-30,2024-05-01,2024-05-30,0,0.002261161107545002,0.0,0.002261161107545002,0.05804249750022588,0.9419575024997743,0.0,1.0,0.07344623202514854,0.1,1.0733598933225192,1.0733598933225192,0.0,0.0022586085299032103,0.07602618657748944
2024-05-20,CAUSAL_LSTM,5,2024-04-30,2024-05-01,2024-05-30,0,0.00026648678597388593,0.0,0.00026648678597388593,0.05791155015533698,0.942088449844663,0.0,1.0,0.07344623202514854,0.1,1.073645929550684,1.073645929550684,0.0,0.00026645128467728084,0.07620023383893058
2024-05-21,CAUSAL_LSTM,5,2024-04-30,2024-05-01,2024-05-30,0,-6.472459339644705e-05,0.0,-6.472459339644705e-05,0.05789612160397038,0.9421038783960295,0.0,1.0,0.07344623202514854,0.1,1.073576438254442,1.073645929550684,-6.472459339657011e-05,-6.47266881233296e-05,0.0759311355077563
2024-05-22,CAUSAL_LSTM,5,2024-04-30,2024-05-01,2024-05-30,0,-0.004433010615848011,0.0,-0.004433010615848011,0.05789986914945878,0.9421001308505411,0.0,1.0,0.07344623202514854,0.1,1.0688172625067358,1.073645929550684,-0.0044974482844347685,-0.004442865542856826,0.07694292825773874
2024-05-23,CAUSAL_LSTM,5,2024-04-30,2024-05-01,2024-05-30,0,-0.007005150783491773,0.0,-0.007005150783491773,0.05815768277459167,0.9418423172254081,0.0,1.0,0.07344623202514854,0.1,1.0613300364228773,1.073645929550684,-0.01147109376455313,-0.0070298020435612535,0.0815453293057793
2024-05-24,CAUSAL_LSTM,5,2024-04-30,2024-05-01,2024-05-30,0,0.004448611791659976,0.0,0.004448611791659976,0.05856796016664052,0.9414320398333593,0.0,1.0,0.07344623202514854,0.1,1.066051481737751,1.073645929550684,-0.007073512415877281,0.004438745966885135,0.08139830967792212
2024-05-28,CAUSAL_LSTM,5,2024-04-30,2024-05-01,2024-05-30,0,-0.001600000333375171,0.0,-0.001600000333375171,0.05830856798355409,0.941691432016446,0.0,1.0,0.07344623202514854,0.1,1.0643457990115757,1.073645929550684,-0.008662195127028816,-0.0016012817008832596,0.0811183183737081
2024-05-29,CAUSAL_LSTM,5,2024-04-30,2024-05-01,2024-05-30,0,-0.008544894225361224,0.0,-0.008544894225361224,0.058402011220977434,0.9415979887790226,0.0,1.0,0.07344623202514854,0.1,1.0552510767398142,1.073645929550684,-0.017133071811270106,-0.008581611145107275,0.08713185627933304
2024-05-30,CAUSAL_LSTM,5,2024-04-30,2024-05-01,2024-05-30,0,0.0009349474337320503,0.0,0.0009349474337320503,0.05890535121642958,0.9410946487835704,0.0,1.0,0.07344623202514854,0.1,1.0562376810259553,1.073645929550684,-0.016214142899059758,0.000934510642610087,0.0745368210872595
2024-05-31,CAUSAL_LSTM,6,2024-05-30,2024-05-31,2024-07-01,1,0.00401641457819861,0.00028017329168170444,0.0037362412865169056,0.17160407897390528,0.8283959210260947,0.28017329168170446,1.0,0.0648366616174852,0.1,1.0601840398581794,1.073645929550684,-0.01253848156266768,0.0037292788738217354,0.07488880713252168
2024-06-03,CAUSAL_LSTM,6,2024-05-30,2024-05-31,2024-07-01,0,0.0017431986984755522,0.0,0.0017431986984755522,0.17091760302145917,0.829082396978541,0.0,1.0,0.0648366616174852,0.1,1.0620321512966047,1.073645929550684,-0.010817139928933184,0.001741681091029289,0.070544653109788
2024-06-04,CAUSAL_LSTM,6,2024-05-30,2024-05-31,2024-07-01,0,-0.0015255330104061028,0.0,-0.0015255330104061028,0.17062017814897618,0.8293798218510237,0.0,1.0,0.0648366616174852,0.1,1.060411986191689,1.073645929550684,-0.012326171035299649,-0.001526697820677425,0.06716296249522515
2024-06-05,CAUSAL_LSTM,6,2024-05-30,2024-05-31,2024-07-01,0,0.007524352761967024,0.0,0.007524352761967024,0.1708808625456362,0.8291191374543637,0.0,1.0,0.0648366616174852,0.1,1.0683909000488134,1.073645929550684,-0.004894564732406459,0.00749618602247337,0.06904724729867702
2024-06-06,CAUSAL_LSTM,6,2024-05-30,2024-05-31,2024-07-01,0,0.0010123334510931197,0.0,0.0010123334510931197,0.16960469697550595,0.830395303024494,0.0,1.0,0.0648366616174852,0.1,1.0694724678957763,1.073645929550684,-0.0038871862129205015,0.0010118213871421913,0.06905794797028263
2024-06-07,CAUSAL_LSTM,6,2024-05-30,2024-05-31,2024-07-01,0,-0.006040403455884664,0.0,-0.006040403455884664,0.16943317410563397,0.8305668258943661,0.0,1.0,0.0648366616174852,0.1,1.0630124227047253,1.073645929550684,-0.009904109495770808,-0.006058720491612733,0.07251942412502468
2024-06-10,CAUSAL_LSTM,6,2024-05-30,2024-05-31,2024-07-01,0,0.002205306624586399,0.0,0.002205306624586399,0.1704628384239499,0.8295371615760501,0.0,1.0,0.0648366616174852,0.1,1.0653566910425336,1.073645929550684,-0.007720644469466187,0.0022028785051088785,0.0712426786440444
2024-06-11,CAUSAL_LSTM,6,2024-05-30,2024-05-31,2024-07-01,0,0.0010142503861981455,0.0,0.0010142503861981455,0.17008774279799654,0.8299122572020035,0.0,1.0,0.0648366616174852,0.1,1.0664372294778621,1.073645929550684,-0.006714224749903019,0.0010137363817986082,0.07126934081204395
2024-06-12,CAUSAL_LSTM,6,2024-05-30,2024-05-31,2024-07-01,0,0.005657165858869883,0.0,0.005657165858869883,0.16991540603180777,0.8300845939681922,0.0,1.0,0.0648366616174852,0.1,1.072470241763092,1.073645929550684,-0.0010950423740571091,0.005641224190940206,0.07355557791469565
2024-06-13,CAUSAL_LSTM,6,2024-05-30,2024-05-31,2024-07-01,0,-5.901282633786963e-06,0.0,-5.901282633786963e-06,0.16895957369994322,0.8310404263000568,0.0,1.0,0.0648366616174852,0.1,1.072463912813079,1.073645929550684,-0.0011009371945363,-5.901300046423829e-06,0.0723624447185271
2024-06-14,CAUSAL_LSTM,6,2024-05-30,2024-05-31,2024-07-01,0,-0.0004268255579811638,0.0,-0.0004268255579811638,0.1689605707840254,0.8310394292159746,0.0,1.0,0.0648366616174852,0.1,1.072006157805078,1.073645929550684,-0.0015272928443851308,-0.0004269166739376385,0.06410848776823083
2024-06-17,CAUSAL_LSTM,6,2024-05-30,2024-05-31,2024-07-01,0,0.002782306167753408,0.0,0.002782306167753408,0.16903271826831734,0.8309672817316828,0.0,1.0,0.0648366616174852,0.1,1.0749888071498086,1.0749888071498086,0.0,0.00277844271848791,0.06440838021205378
2024-06-18,CAUSAL_LSTM,6,2024-05-30,2024-05-31,2024-07-01,0,0.0033842153568212786,0.0,0.0033842153568212786,0.16856372238386927,0.8314362776161308,0.0,1.0,0.0648366616174852,0.1,1.078626800779376,1.078626800779376,0.0,0.003378501787035504,0.06497812778889432
2024-06-20,CAUSAL_LSTM,6,2024-05-30,2024-05-31,2024-07-01,0,-0.00046430627664074584,0.0,-0.00046430627664074584,0.16799519048037348,0.8320048095196265,0.0,1.0,0.0648366616174852,0.1,1.0781259875856213,1.078626800779376,-0.00046430627664073576,-0.00046441410017673124,0.06502270879939293
2024-06-21,CAUSAL_LSTM,6,2024-05-30,2024-05-31,2024-07-01,0,-0.0020941897461014387,0.0,-0.0020941897461014387,0.16807322793503898,0.831926772064961,0.0,1.0,0.0648366616174852,0.1,1.075868187197414,1.078626800779376,-0.0025575236772984455,-0.0020963856277118947,0.06550534439832369
2024-06-24,CAUSAL_LSTM,6,2024-05-30,2024-05-31,2024-07-01,0,0.0004573614270303346,0.0,0.0004573614270303346,0.16842594381956336,0.8315740561804367,0.0,1.0,0.0648366616174852,0.1,1.076360247806807,1.078626800779376,-0.0021013319629469285,0.00045725686917213966,0.06338711941269598
2024-06-25,CAUSAL_LSTM,6,2024-05-30,2024-05-31,2024-07-01,0,0.00101365556556247,0.0,0.00101365556556247,0.16834894750469354,0.8316510524953064,0.0,1.0,0.0648366616174852,0.1,1.0774513063625466,1.078626800779376,-0.0010898064242238492,0.0010131421636721703,0.057458714692798514
2024-06-26,CAUSAL_LSTM,6,2024-05-30,2024-05-31,2024-07-01,0,-0.002994322323648214,0.0,-0.002994322323648214,0.16817847246007664,0.8318215275399236,0.0,1.0,0.0648366616174852,0.1,1.0742250698632612,1.078626800779376,-0.004080865516167709,-0.0029988142758801224,0.057165746297929546
2024-06-27,CAUSAL_LSTM,6,2024-05-30,2024-05-31,2024-07-01,0,0.002006354741658364,0.0,0.002006354741658364,0.16868356542566323,0.8313164345743369,0.0,1.0,0.0648366616174852,0.1,1.0763803464257897,1.078626800779376,-0.002082698438387709,0.0020043447001055715,0.05696829262169404
2024-06-28,CAUSAL_LSTM,6,2024-05-30,2024-05-31,2024-07-01,0,-0.0020110973746440466,0.0,-0.0020110973746440466,0.16834580402352234,0.8316541959764777,0.0,1.0,0.0648366616174852,0.1,1.0742156407369745,1.078626800779376,-0.004089607303669918,-0.0020131223463682323,0.047476564054865264
2024-07-01,CAUSAL_LSTM,6,2024-05-30,2024-05-31,2024-07-01,0,0.00012173505564139382,0.0,0.00012173505564139382,0.16868504607682916,0.8313149539231708,0.0,1.0,0.0648366616174852,0.1,1.0743464104377707,1.078626800779376,-0.003968370096601004,0.00012172764653080071,0.04754138765045848
2024-07-02,CAUSAL_LSTM,7,2024-07-01,2024-07-02,2024-07-31,1,0.0038703925896775523,0.00041527437437579613,0.003455118215301756,0.04014569750346353,0.9598543024965365,0.4152743743757961,1.0,0.06695170694851811,0.1,1.0780584042900183,1.078626800779376,-0.0005269630691050464,0.0034491630077160594,0.04733407387282065
2024-07-03,CAUSAL_LSTM,7,2024-07-01,2024-07-02,2024-07-31,0,0.005376136562115802,0.0,0.005376136562115802,0.03999091695482715,0.9600090830451726,0.0,1.0,0.06695170694851811,0.1,1.0838541934934183,1.0838541934934183,0.0,0.005361736727211877,0.049840031172158655
2024-07-05,CAUSAL_LSTM,7,2024-07-01,2024-07-02,2024-07-31,0,0.0040165252533678735,0.0,0.0040165252533678735,0.03977706999449591,0.9602229300055042,0.0,1.0,0.06695170694851811,0.1,1.0882075212325533,1.0882075212325533,0.0,0.00400848054978781,0.05003634803385171
2024-07-08,CAUSAL_LSTM,7,2024-07-01,2024-07-02,2024-07-31,0,-0.0020213422297938664,0.0,-0.0020213422297938664,0.03961794352384588,0.9603820564761542,0.0,1.0,0.06695170694851811,0.1,1.0860078814151066,1.0882075212325533,-0.0020213422297938877,-0.0020233878991288987,0.04569895624071731
2024-07-09,CAUSAL_LSTM,7,2024-07-01,2024-07-02,2024-07-31,0,-0.0004111023193206234,0.0,-0.0004111023193206234,0.03969818714597029,0.9603018128540296,0.0,1.0,0.06695170694851811,0.1,1.0855614210562563,1.0882075212325533,-0.0024316135706357045,-0.000411186845045707,0.04587306310003776
2024-07-10,CAUSAL_LSTM,7,2024-07-01,2024-07-02,2024-07-31,0,0.005554881180742049,0.0,0.005554881180742049,0.03971451387473489,0.9602854861252654,0.0,1.0,0.06695170694851811,0.1,1.0915915857646212,1.0915915857646212,0.0,0.005539509726404678,0.04171248660376745
2024-07-11,CAUSAL_LSTM,7,2024-07-01,2024-07-02,2024-07-31,0,0.004896085582635843,0.0,0.004896085582635843,0.03949512315837136,0.9605048768416286,0.0,1.0,0.06695170694851811,0.1,1.09693611158981,1.09693611158981,0.0,0.004884138734943191,0.04347049948108339
2024-07-12,CAUSAL_LSTM,7,2024-07-01,2024-07-02,2024-07-31,0,0.004093888669955519,0.0,0.004093888669955519,0.039302693805869676,0.9606973061941302,0.0,1.0,0.06695170694851811,0.1,1.1014268459087126,1.1014268459087126,0.0,0.004085531508828227,0.04442646420746774
2024-07-15,CAUSAL_LSTM,7,2024-07-01,2024-07-02,2024-07-31,0,0.00024370397313654824,0.0,0.00024370397313654824,0.03914244897748644,0.9608575510225135,0.0,1.0,0.06695170694851811,0.1,1.1016952680071797,1.1016952680071797,0.0,0.00024367428214706375,0.042013130833765046
2024-07-16,CAUSAL_LSTM,7,2024-07-01,2024-07-02,2024-07-31,0,0.007894594571591477,0.0,0.007894594571591477,0.03913291213131964,0.9608670878686805,0.0,1.0,0.06695170694851811,0.1,1.1103927054895373,1.1103927054895373,0.0,0.007863595304081235,0.04746777819450099
2024-07-17,CAUSAL_LSTM,7,2024-07-01,2024-07-02,2024-07-31,0,-0.003565913987841898,0.0,-0.003565913987841898,0.038826393495991714,0.9611736065040083,0.0,1.0,0.06695170694851811,0.1,1.1064331406090346,1.1103927054895373,-0.0035659139878417845,-0.003572287014079191,0.05036794559177157
2024-07-18,CAUSAL_LSTM,7,2024-07-01,2024-07-02,2024-07-31,0,-0.007132569419617617,0.0,-0.007132569419617617,0.03896534054889605,0.9610346594511041,0.0,1.0,0.06695170694851811,0.1,1.0985414294254752,1.1103927054895373,-0.01067304927839674,-0.00715812779665802,0.05833471092855151
2024-07-19,CAUSAL_LSTM,7,2024-07-01,2024-07-02,2024-07-31,0,-0.006299442724756937,0.0,-0.006299442724756937,0.03924526009088523,0.9607547399091148,0.0,1.0,0.06695170694851811,0.1,1.0916212306100368,1.1103927054895373,-0.01690525774052587,-0.006319367936641051,0.06291329136449357
2024-07-22,CAUSAL_LSTM,7,2024-07-01,2024-07-02,2024-07-31,0,0.004985033210156442,0.0,0.004985033210156442,0.03949405060061244,0.9605059493993875,0.0,1.0,0.06695170694851811,0.1,1.0970629986975398,1.1103927054895373,-0.012004497801632152,0.004972649071944708,0.0645837357309563
2024-07-23,CAUSAL_LSTM,7,2024-07-01,2024-07-02,2024-07-31,0,-0.0014407113389313202,0.0,-0.0014407113389313202,0.03929814802759723,0.960701851972403,0.0,1.0,0.06695170694851811,0.1,1.0954824475957943,1.1103927054895373,-0.013427914124462426,-0.0014417501613944667,0.06424904186848152
2024-07-24,CAUSAL_LSTM,7,2024-07-01,2024-07-02,2024-07-31,0,-0.009104284453050556,0.0,-0.009104284453050556,0.039354847001914786,0.9606451529980853,0.0,1.0,0.06695170694851811,0.1,1.085508863779558,1.1103927054895373,-0.022409947027712818,-0.009145981726258202,0.07302157044703803
2024-07-25,CAUSAL_LSTM,7,2024-07-01,2024-07-02,2024-07-31,0,-0.0008484634308544565,0.0,-0.0008484634308544565,0.03971643673945234,0.9602835632605476,0.0,1.0,0.06695170694851811,0.1,1.0845878492047727,1.1103927054895373,-0.02323939643802686,-0.0008488235796810215,0.07311036473045458
2024-07-26,CAUSAL_LSTM,7,2024-07-01,2024-07-02,2024-07-31,0,0.0076086579401801035,0.0,0.0076086579401801035,0.039750163299382364,0.9602498367006177,0.0,1.0,0.06695170694851811,0.1,1.0928401071554474,1.1103927054895373,-0.015807559116080006,0.007579858095546987,0.07618916534399416
2024-07-29,CAUSAL_LSTM,7,2024-07-01,2024-07-02,2024-07-31,0,-0.0014896201405045252,0.0,-0.0014896201405045252,0.03945000173047566,0.9605499982695244,0.0,1.0,0.06695170694851811,0.1,1.0912121905214776,1.1103927054895373,-0.017273631998153016,-0.0014907307276250028,0.07646500586310959
2024-07-30,CAUSAL_LSTM,7,2024-07-01,2024-07-02,2024-07-31,0,0.0016991677942209623,0.0,0.0016991677942209623,0.03950885491648753,0.9604911450835124,0.0,1.0,0.06695170694851811,0.1,1.093066343132273,1.1103927054895373,-0.015603815003112587,0.001697725841806162,0.07591407715743426
2024-07-31,CAUSAL_LSTM,7,2024-07-01,2024-07-02,2024-07-31,0,0.009259570321773797,0.0,0.009259570321773797,0.03944183661796136,0.9605581633820385,0.0,1.0,0.06695170694851811,0.1,1.1031876678028703,1.1103927054895373,-0.0064887293036480775,0.009216963313606512,0.08120135686027082
2024-08-01,CAUSAL_LSTM,8,2024-07-31,2024-08-01,2024-08-29,1,-0.008456339709796732,0.00024167195051209172,-0.008698011660308824,0.13590217336180288,0.8640978266381971,0.24167195051209173,1.0,0.061161266293332676,0.1,1.093592128604812,1.1103927054895373,-0.015130301920813105,-0.008736060155232112,0.08777046267751139
2024-08-02,CAUSAL_LSTM,8,2024-07-31,2024-08-01,2024-08-29,0,-0.0072758794482511635,0.0,-0.0072758794482511635,0.13706120951045894,0.8629387904895411,0.0,1.0,0.061161266293332676,0.1,1.085635284111527,1.1103927054895373,-0.02229609511627273,-0.007302477755037608,0.09019156584445352
2024-08-05,CAUSAL_LSTM,8,2024-07-31,2024-08-01,2024-08-29,0,-0.013973317240191054,0.0,-0.013973317240191054,0.13806575933128462,0.8619342406687153,0.0,1.0,0.061161266293332676,0.1,1.0704653578794918,1.1103927054895373,-0.035957861946186664,-0.01407186312313645,0.10132406525515117
2024-08-06,CAUSAL_LSTM,8,2024-07-31,2024-08-01,2024-08-29,0,0.0016036647958557278,0.0,0.0016036647958557278,0.14002233585084103,0.8599776641491591,0.0,1.0,0.061161266293332676,0.1,1.0721820254891063,1.1103927054895373,-0.03441186150766817,0.0016023802985523665,0.10154293217200949
2024-08-07,CAUSAL_LSTM,8,2024-07-31,2024-08-01,2024-08-29,0,-0.0016559196265247557,0.0,-0.0016559196265247557,0.13979814648479746,0.8602018535152026,0.0,1.0,0.061161266293332676,0.1,1.070406578229892,1.1103927054895373,-0.036010797857337074,-0.0016572921768608126,0.10160390435735317
2024-08-08,CAUSAL_LSTM,8,2024-07-31,2024-08-01,2024-08-29,0,0.011527764276562446,0.0,0.011527764276562446,0.14003002495141725,0.8599699750485826,0.0,1.0,0.061161266293332676,0.1,1.082745972943808,1.1103927054895373,-0.024898157569884893,0.011461825866418335,0.10803185270583104
2024-08-09,CAUSAL_LSTM,8,2024-07-31,2024-08-01,2024-08-29,0,0.0030181349349752947,0.0,0.0030181349349752947,0.1384341882613235,0.8615658117386766,0.0,1.0,0.061161266293332676,0.1,1.0860138463904536,1.1103927054895373,-0.02195516863408764,0.0030135895092413263,0.10707183294746554
2024-08-12,CAUSAL_LSTM,8,2024-07-31,2024-08-01,2024-08-29,0,0.0018632002191664107,0.0,0.0018632002191664107,0.13801763242326423,0.8619823675767355,0.0,1.0,0.061161266293332676,0.1,1.088037307627066,1.1103927054895373,-0.02013287528993224,0.0018614666146722276,0.10615106278676886
2024-08-13,CAUSAL_LSTM,8,2024-07-31,2024-08-01,2024-08-29,0,0.007614836364266385,0.0,0.007614836364266385,0.137760956179518,0.8622390438204821,0.0,1.0,0.061161266293332676,0.1,1.096322533682863,1.1103927054895373,-0.012671347476540862,0.007585989846296979,0.10985360440878761
2024-08-14,CAUSAL_LSTM,8,2024-07-31,2024-08-01,2024-08-29,0,0.0012781014368905847,0.0,0.0012781014368905847,0.1367198568419209,0.8632801431580794,0.0,1.0,0.061161266293332676,0.1,1.0977237450884585,1.1103927054895373,-0.011409441307067558,0.0012772853605273317,0.10604041443923706
2024-08-15,CAUSAL_LSTM,8,2024-07-31,2024-08-01,2024-08-29,0,0.006435941352514476,0.0,0.006435941352514476,0.1365453380491595,0.8634546619508404,0.0,1.0,0.061161266293332676,0.1,1.1047886307331105,1.1103927054895373,-0.005046930449670195,0.006415319117006789,0.10807416839365923
2024-08-16,CAUSAL_LSTM,8,2024-07-31,2024-08-01,2024-08-29,0,0.004113991462150704,0.0,0.004113991462150704,0.13567215998433135,0.8643278400156685,0.0,1.0,0.061161266293332676,0.1,1.1093337217274277,1.1103927054895373,-0.000953702016299407,0.004105552137563668,0.10578648040379031
2024-08-19,CAUSAL_LSTM,8,2024-07-31,2024-08-01,2024-08-29,0,0.004803465299629992,0.0,0.004803465299629992,0.13511629270972608,0.8648837072902739,0.0,1.0,0.061161266293332676,0.1,1.1146623677654548,1.1146623677654548,0.0,0.0047919654715011355,0.10379069834964624
2024-08-20,CAUSAL_LSTM,8,2024-07-31,2024-08-01,2024-08-29,0,-0.0016503959874157943,0.0,-0.0016503959874157943,0.134470368958605,0.8655296310413949,0.0,1.0,0.061161266293332676,0.1,1.1128227334663714,1.1146623677654548,-0.001650395987415676,-0.0016517593911840012,0.10312630314201017
2024-08-21,CAUSAL_LSTM,8,2024-07-31,2024-08-01,2024-08-29,0,0.002429347163179349,0.0,0.002429347163179349,0.13469266519277348,0.8653073348072264,0.0,1.0,0.061161266293332676,0.1,1.1155261662170395,1.1155261662170395,0.0,0.0024264010697841163,0.10299437303498872
2024-08-22,CAUSAL_LSTM,8,2024-07-31,2024-08-01,2024-08-29,0,-0.0049857750767611664,0.0,-0.0049857750767611664,0.13436624294165614,0.865633757058344,0.0,1.0,0.061161266293332676,0.1,1.1099644036600398,1.1155261662170395,-0.004985775076761012,-0.004998245520471751,0.09883357558967402
2024-08-23,CAUSAL_LSTM,8,2024-07-31,2024-08-01,2024-08-29,0,0.009590882537179005,0.0,0.009590882537179005,0.13503951961292002,0.8649604803870802,0.0,1.0,0.061161266293332676,0.1,1.1206099418759934,1.1206099418759934,0.0,0.00954518199658059,0.10278271202476863
2024-08-26,CAUSAL_LSTM,8,2024-07-31,2024-08-01,2024-08-29,0,-0.001544658411855622,0.0,-0.001544658411855622,0.13375667505391428,0.8662433249460857,0.0,1.0,0.061161266293332676,0.1,1.1188789823028655,1.1206099418759934,-0.0015446584118556927,-0.0015458526265879297,0.100887575866016
2024-08-27,CAUSAL_LSTM,8,2024-07-31,2024-08-01,2024-08-29,0,0.00048104982079946837,0.0,0.00048104982079946837,0.13396360306026378,0.866036396939736,0.0,1.0,0.061161266293332676,0.1,1.1194172188367986,1.1206099418759934,-0.0010643516487084392,0.0004809341534274485,0.10047472875329638
2024-08-28,CAUSAL_LSTM,8,2024-07-31,2024-08-01,2024-08-29,0,-0.0033342818042557277,0.0,-0.0033342818042557277,0.13389919087848653,0.8661008091215133,0.0,1.0,0.061161266293332676,0.1,1.1156847663726603,1.1206099418759934,-0.004395084604628674,-0.0033398529090333928,0.10167812589218257
2024-08-29,CAUSAL_LSTM,8,2024-07-31,2024-08-01,2024-08-29,0,0.0016258797580399973,0.0,0.0016258797580399973,0.13434714210987722,0.8656528578901227,0.0,1.0,0.061161266293332676,0.1,1.1174987356506592,1.1206099418759934,-0.002776350725682275,0.001624559446464372,0.09722814459677127
2024-08-30,CAUSAL_LSTM,9,2024-08-29,2024-08-30,2024-09-30,1,0.0013509056568464207,0.0006541176500914964,0.0006967880067549243,1.1102230246251565e-16,0.9999999999999999,0.6541176500914965,1.0,0.09331816495025624,0.1,1.1182773953672245,1.1206099418759934,-0.0020814972468155,0.0006965453626995149,0.09109627826593847
2024-09-03,CAUSAL_LSTM,9,2024-08-29,2024-08-30,2024-09-30,0,-0.010642900110091951,0.0,-0.010642900110091951,1.1087252414246277e-16,1.0,0.0,1.0,0.09331816495025624,0.1,1.1063756807529572,1.1206099418759934,-0.012702244189630174,-0.010699940851746224,0.0956726649388998
2024-09-04,CAUSAL_LSTM,9,2024-08-29,2024-08-30,2024-09-30,0,-8.749608407474099e-05,0.0,-8.749608407474099e-05,1.1206522311792196e-16,0.9999999999999998,0.0,1.0,0.09331816495025624,0.1,1.1062788772133758,1.1206099418759934,-0.012788628877079433,-8.749991208039715e-05,0.0788887074707734
2024-09-05,CAUSAL_LSTM,9,2024-08-29,2024-08-30,2024-09-30,0,0.0005189965110561482,0.0,0.0005189965110561482,1.120750292441034e-16,0.9999999999999999,0.0,1.0,0.09331816495025624,0.1,1.1068530320909047,1.1206099418759934,-0.012276269619791558,0.0005188618789472864,0.07897184488343229
2024-09-06,CAUSAL_LSTM,9,2024-08-29,2024-08-30,2024-09-30,0,-0.010172363150453733,0.0,-0.010172363150453733,1.1201689286752577e-16,0.9999999999999999,0.0,1.0,0.09331816495025624,0.1,1.0955937210942952,1.1206099418759934,-0.02232375409753995,-0.010224455203773245,0.08833054368312016
2024-09-09,CAUSAL_LSTM,9,2024-08-29,2024-08-30,2024-09-30,0,0.006818680006912658,0.0,0.006818680006912658,1.1316807967097844e-16,0.9999999999999997,0.0,1.0,0.09331816495025624,0.1,1.1030642240960198,1.1206099418759934,-0.0156572926263715,0.006795537947698626,0.08274060700066942
2024-09-10,CAUSAL_LSTM,9,2024-08-29,2024-08-30,2024-09-30,0,0.0015982308813673445,0.0,0.0015982308813673445,1.1240164879559193e-16,0.9999999999999998,0.0,1.0,0.09331816495025624,0.1,1.1048271754031016,1.1206099418759934,-0.014084085713598204,0.001596955069572579,0.08242640692975302
2024-09-11,CAUSAL_LSTM,9,2024-08-29,2024-08-30,2024-09-30,0,0.003528954653249932,0.0,0.003528954653249932,1.1222229166347753e-16,0.9999999999999998,0.0,1.0,0.09331816495025624,0.1,1.1087260604047775,1.1206099418759934,-0.010604833160163918,0.0035227425034177417,0.0828910160259643
2024-09-12,CAUSAL_LSTM,9,2024-08-29,2024-08-30,2024-09-30,0,0.008486311776918805,0.0,0.008486311776918805,1.1182765693318117e-16,0.9999999999999999,0.0,1.0,0.09331816495025624,0.1,1.1181350554285672,1.1206099418759934,-0.002208517303784574,0.008450505466193704,0.08381894142306484
2024-09-13,CAUSAL_LSTM,9,2024-08-29,2024-08-30,2024-09-30,0,0.005543053523722717,0.0,0.005543053523722717,1.1088663834826337e-16,0.9999999999999999,0.0,1.0,0.09331816495025624,0.1,1.1243329378875584,1.1243329378875584,0.0,0.005527747338491723,0.08531552906246374
2024-09-16,CAUSAL_LSTM,9,2024-08-29,2024-08-30,2024-09-30,0,0.0031766886703030153,0.0,0.0031766886703030153,1.1027537603654416e-16,1.0,0.0,1.0,0.09331816495025624,0.1,1.1279045935929943,1.1279045935929943,0.0,0.003171653655148054,0.08350947824606793
2024-09-17,CAUSAL_LSTM,9,2024-08-29,2024-08-30,2024-09-30,0,-0.0017468055721263464,0.0,-0.0017468055721263464,1.0992617480247937e-16,1.0,0.0,1.0,0.09331816495025624,0.1,1.1259343635640793,1.1279045935929943,-0.0017468055721262532,-0.0017483330160039078,0.0832158014593691
2024-09-18,CAUSAL_LSTM,9,2024-08-29,2024-08-30,2024-09-30,0,-0.004100820261631109,0.0,-0.004100820261631109,1.1011853046509014e-16,0.9999999999999999,0.0,1.0,0.09331816495025624,0.1,1.121317109112709,1.1279045935929943,-0.005840462498074017,-0.00410925168343155,0.0834231341754911
2024-09-19,CAUSAL_LSTM,9,2024-08-29,2024-08-30,2024-09-30,0,0.0125493137736593,0.0,0.0125493137736593,1.1057196622455217e-16,0.9999999999999999,0.0,1.0,0.09331816495025624,0.1,1.135388869354737,1.135388869354737,0.0,0.012471223774147834,0.09308159854829078
2024-09-20,CAUSAL_LSTM,9,2024-08-29,2024-08-30,2024-09-30,0,0.0012406740729947892,0.0,0.0012406740729947892,1.0920156156391305e-16,1.0,0.0,1.0,0.09331816495025624,0.1,1.1367975168877122,1.1367975168877122,0.0,0.0012399050729036876,0.09293606341460345
2024-09-23,CAUSAL_LSTM,9,2024-08-29,2024-08-30,2024-09-30,0,0.0011505778586577754,0.0,0.0011505778586577754,1.0906624590038556e-16,1.0,0.0,1.0,0.09331816495025624,0.1,1.1381054909404205,1.1381054909404205,0.0,0.001149916451238566,0.09042651971748339
2024-09-24,CAUSAL_LSTM,9,2024-08-29,2024-08-30,2024-09-30,0,0.006060946657431541,0.0,0.006060946657431541,1.089409009118941e-16,0.9999999999999999,0.0,1.0,0.09331816495025624,0.1,1.1450034876115402,1.1450034876115402,0.0,0.0060426530009426915,0.08710284922043046
2024-09-25,CAUSAL_LSTM,9,2024-08-29,2024-08-30,2024-09-30,0,-0.004297100685757597,0.0,-0.004297100685757597,1.0828459376526123e-16,1.0000000000000002,0.0,1.0,0.09331816495025624,0.1,1.14008329233973,1.1450034876115402,-0.0042971006857575045,-0.00430635975720434,0.0886409814139514
2024-09-26,CAUSAL_LSTM,9,2024-08-29,2024-08-30,2024-09-30,0,0.005128376088619908,0.0,0.005128376088619908,1.087519116795167e-16,0.9999999999999999,0.0,1.0,0.09331816495025624,0.1,1.1459300682352,1.1459300682352,0.0,0.005115270754923728,0.08981485521658912
2024-09-27,CAUSAL_LSTM,9,2024-08-29,2024-08-30,2024-09-30,0,-0.001429806695109465,0.0,-0.001429806695109465,1.0819703658423855e-16,0.9999999999999998,0.0,1.0,0.09331816495025624,0.1,1.1442916097515101,1.1459300682352,-0.0014298066951095034,-0.0014308298440886213,0.08886025261219144
2024-09-30,CAUSAL_LSTM,9,2024-08-29,2024-08-30,2024-09-30,0,-0.001286666840138557,0.0,-0.001286666840138557,1.0835195894056e-16,1.0,0.0,1.0,0.09331816495025624,0.1,1.142819287681794,1.1459300682352,-0.002714633850385728,-0.001287495306633807,0.08925894772135684
2024-10-01,CAUSAL_LSTM,10,2024-09-30,2024-10-01,2024-10-30,1,0.000305186519023263,0.0007428182467528005,-0.0004376317277295375,0.0,1.0,0.7428182467528005,1.0,0.08060668950432275,0.1,1.142319153702443,1.1459300682352,-0.003151077568213201,-0.0004377275164419012,0.08940461599516795
2024-10-02,CAUSAL_LSTM,10,2024-09-30,2024-10-01,2024-10-30,0,0.0012335264974224123,0.0,0.0012335264974224123,0.0,1.0,0.0,1.0,0.08060668950432275,0.1,1.143728234647048,1.1459300682352,-0.0019214380084666693,0.0012327663286738032,0.07861142481072599
2024-10-03,CAUSAL_LSTM,10,2024-09-30,2024-10-01,2024-10-30,0,-0.003516223047699931,0.0,-0.003516223047699931,0.0,1.0,0.0,1.0,0.08060668950432275,0.1,1.139706631068077,1.1459300682352,-0.005430904851556506,-0.003522419489605955,0.08041005519527648
2024-10-04,CAUSAL_LSTM,10,2024-09-30,2024-10-01,2024-10-30,0,0.0017633132611527239,0.0,0.0017633132611527239,0.0,1.0,0.0,1.0,0.08060668950432275,0.1,1.1417162908844631,1.1459300682352,-0.0036771679769485033,0.0017617604494519113,0.08035027202936308
2024-10-07,CAUSAL_LSTM,10,2024-09-30,2024-10-01,2024-10-30,0,-0.0037007947493285713,0.0,-0.0037007947493285713,0.0,1.0,0.0,1.0,0.08060668950432275,0.1,1.137491033229935,1.1459300682352,-0.007364354282335617,-0.00370765963246625,0.07102238841098006
2024-10-08,CAUSAL_LSTM,10,2024-09-30,2024-10-01,2024-10-30,0,-0.0008164568859151513,0.0,-0.0008164568859151513,0.0,1.0,0.0,1.0,0.08060668950432275,0.1,1.1365623208431876,1.1459300682352,-0.008174798490486634,-0.0008167903683668151,0.0691286714815858
2024-10-09,CAUSAL_LSTM,10,2024-09-30,2024-10-01,2024-10-30,0,0.0005967213356951506,0.0,0.0005967213356951506,0.0,1.0,0.0,1.0,0.08060668950432275,0.1,1.1372405318293821,1.1459300682352,-0.007582955231465682,0.0005965433683133501,0.0691840843509408
2024-10-10,CAUSAL_LSTM,10,2024-09-30,2024-10-01,2024-10-30,0,0.0003734651713848179,0.0,0.0003734651713848179,0.0,1.0000000000000002,0.0,1.0,0.08060668950432275,0.1,1.1376652515595076,1.1459300682352,-0.007212322029755969,0.0003733954506260091,0.06881249874020368
2024-10-11,CAUSAL_LSTM,10,2024-09-30,2024-10-01,2024-10-30,0,0.004602964022838834,0.0,0.004602964022838834,0.0,1.0,0.0,1.0,0.08060668950432275,0.1,1.14290188378247,1.1459300682352,-0.002642556065741042,0.004592402780220029,0.06489589798101639
2024-10-15,CAUSAL_LSTM,10,2024-09-30,2024-10-01,2024-10-30,0,-0.005113902381838817,0.0,-0.005113902381838817,0.0,0.9999999999999998,0.0,1.0,0.08060668950432275,0.1,1.1370571951167867,1.1459300682352,-0.007742944673821195,-0.0051270231318961065,0.06610355689477984
2024-10-16,CAUSAL_LSTM,10,2024-09-30,2024-10-01,2024-10-30,0,0.003846641964280428,0.0,0.003846641964280428,0.0,0.9999999999999998,0.0,1.0,0.08060668950432275,0.1,1.1414310470393099,1.1459300682352,-0.003926087045450277,0.003839262554989651,0.06647835842282254
2024-10-17,CAUSAL_LSTM,10,2024-09-30,2024-10-01,2024-10-30,0,-0.002248649946026399,0.0,-0.002248649946026399,0.0,1.0000000000000002,0.0,1.0,0.08060668950432275,0.1,1.138864368176992,1.1459300682352,-0.006165908596053815,-0.0022511819557641155,0.06672146895378343
2024-10-18,CAUSAL_LSTM,10,2024-09-30,2024-10-01,2024-10-30,0,0.0027594872688830934,0.0,0.0027594872688830934,0.0,1.0,0.0,1.0,0.08060668950432275,0.1,1.1420070499019612,1.1459300682352,-0.0034234360734425318,0.002755686873712222,0.06490249161195466
2024-10-21,CAUSAL_LSTM,10,2024-09-30,2024-10-01,2024-10-30,0,-0.006350806863291109,0.0,-0.006350806863291109,0.0,1.0,0.0,1.0,0.08060668950432275,0.1,1.134754383691517,1.1459300682352,-0.009752501355422383,-0.006371059027788909,0.0544468217938099
2024-10-22,CAUSAL_LSTM,10,2024-09-30,2024-10-01,2024-10-30,0,0.00048394112408501266,0.0,0.00048394112408501266,0.0,0.9999999999999999,0.0,1.0,0.08060668950432275,0.1,1.1353035380035212,1.1459300682352,-0.009273279867805795,0.0004838240623450263,0.05428798145966484
2024-10-23,CAUSAL_LSTM,10,2024-09-30,2024-10-01,2024-10-30,0,-0.005759497786173315,0.0,-0.005759497786173315,0.0,1.0000000000000002,0.0,1.0,0.08060668950432275,0.1,1.1287647597897552,1.1459300682352,-0.014979368219109945,-0.005776147654244938,0.05754299855531766
2024-10-24,CAUSAL_LSTM,10,2024-09-30,2024-10-01,2024-10-30,0,0.002324518451152736,0.0,0.002324518451152736,0.0,1.0,0.0,1.0,0.08060668950432275,0.1,1.1313885943008974,1.1459300682352,-0.012689669585769114,0.002321820937609105,0.05360919686197065
2024-10-25,CAUSAL_LSTM,10,2024-09-30,2024-10-01,2024-10-30,0,-0.0014957721727639805,0.0,-0.0014957721727639805,0.0,1.0,0.0,1.0,0.08060668950432275,0.1,1.1296962947249596,1.1459300682352,-0.01416646090388518,-0.001496891956727479,0.05200103073509846
2024-10-28,CAUSAL_LSTM,10,2024-09-30,2024-10-01,2024-10-30,0,0.0009954933299323918,0.0,0.0009954933299323918,0.0,1.0000000000000002,0.0,1.0,0.08060668950432275,0.1,1.1308208998512075,1.1459300682352,-0.013185070191291448,0.0009949981550490363,0.04828510149906048
2024-10-29,CAUSAL_LSTM,10,2024-09-30,2024-10-01,2024-10-30,0,0.0004922110985214905,0.0,0.0004922110985214905,0.0,0.9999999999999999,0.0,1.0,0.08060668950432275,0.1,1.1313775024485544,1.1459300682352,-0.012699348930652832,0.0004920900023736858,0.048343716028948144
2024-10-30,CAUSAL_LSTM,10,2024-09-30,2024-10-01,2024-10-30,0,-0.0014422073167121414,0.0,-0.0014422073167121414,0.0,0.9999999999999998,0.0,1.0,0.08060668950432275,0.1,1.1297458215365594,1.1459300682352,-0.014123241153419896,-0.0014432482986792517,0.048377040505095024
2024-10-31,CAUSAL_LSTM,11,2024-10-30,2024-10-31,2024-12-02,1,-0.006907909402837873,0.00031763006642282927,-0.007225539469260702,0.13970491082495406,0.8602950891750459,0.31763006642282926,1.0,0.07008445263425456,0.1,1.1215827985128146,1.1459300682352,-0.021246732586292727,-0.007251770109632187,0.05365255343907804
2024-11-01,CAUSAL_LSTM,11,2024-10-30,2024-10-31,2024-12-02,0,-0.0010086257421111897,0.0,-0.0010086257421111897,0.14067669267303023,0.8593233073269699,0.0,1.0,0.07008445263425456,0.1,1.1204515412303255,1.1459300682352,-0.022233928326981567,-0.001009134747347654,0.0531034716116989
2024-11-04,CAUSAL_LSTM,11,2024-10-30,2024-10-31,2024-12-02,0,0.003552340389754695,0.0,0.003552340389754695,0.1408187260651108,0.8591812739348892,0.0,1.0,0.07008445263425456,0.1,1.1244317664950008,1.1459300682352,-0.018760570418845823,0.003546045731407139,0.05446568868605263
2024-11-05,CAUSAL_LSTM,11,2024-10-30,2024-10-31,2024-12-02,0,0.006820508291427988,0.0,0.006820508291427988,0.14032026073539952,0.8596797392646004,0.0,1.0,0.07008445263425456,0.1,1.1321009626815248,1.1459300682352,-0.0120680187535116,0.006797353848507426,0.059798783141214513
2024-11-06,CAUSAL_LSTM,11,2024-10-30,2024-10-31,2024-12-02,0,0.004861557317873387,0.0,0.004861557317873387,0.13936968861860263,0.8606303113813975,0.0,1.0,0.07008445263425456,0.1,1.1376047364012207,1.1459300682352,-0.007265130800521602,0.00484977810953363,0.06117150758989827
2024-11-07,CAUSAL_LSTM,11,2024-10-30,2024-10-31,2024-12-02,0,0.006860452391511321,0.0,0.006860452391511321,0.13869541291897095,0.8613045870810291,0.0,1.0,0.07008445263425456,0.1,1.1454092195356589,1.1459300682352,-0.00045452049298544406,0.006837026568137277,0.06547111464035607
2024-11-08,CAUSAL_LSTM,11,2024-10-30,2024-10-31,2024-12-02,0,2.4110137331968752e-05,0.0,2.4110137331968752e-05,0.13775038297466083,0.8622496170253391,0.0,1.0,0.07008445263425456,0.1,1.1454368355092432,1.1459300682352,-0.0004304213142050095,2.4109846687279315e-05,0.065476101782184
2024-11-12,CAUSAL_LSTM,11,2024-10-30,2024-10-31,2024-12-02,0,-0.007573533638999429,0.0,-0.007573533638999429,0.13774706187408198,0.862252938125918,0.0,1.0,0.07008445263425456,0.1,1.136761831104165,1.1459300682352,-0.008000695142902359,-0.0076023584743555314,0.07102221650228224
2024-11-13,CAUSAL_LSTM,11,2024-10-30,2024-10-31,2024-12-02,0,-0.0029039139735243884,0.0,-0.0029039139735243884,0.13879825512833083,0.8612017448716691,0.0,1.0,0.07008445263425456,0.1,1.1334607725382524,1.1459300682352,-0.010881375786003344,-0.0029081385121539098,0.06959939400318695
2024-11-14,CAUSAL_LSTM,11,2024-10-30,2024-10-31,2024-12-02,0,-0.0025320221203578657,0.0,-0.0025320221203578657,0.1392024871759905,0.8607975128240093,0.0,1.0,0.07008445263425456,0.1,1.1305908247896277,1.1459300682352,-0.013385846022171077,-0.0025352331097094525,0.06793836087322384
2024-11-15,CAUSAL_LSTM,11,2024-10-30,2024-10-31,2024-12-02,0,-0.004969296176783215,0.0,-0.004969296176783215,0.13955584566423762,0.8604441543357624,0.0,1.0,0.07008445263425456,0.1,1.1249725841264944,1.1459300682352,-0.018288623965493356,-0.004981684185860367,0.06808479893021038
2024-11-18,CAUSAL_LSTM,11,2024-10-30,2024-10-31,2024-12-02,0,0.005462046737244881,0.0,0.005462046737244881,0.14025280338387625,0.859747196616124,0.0,1.0,0.07008445263425456,0.1,1.1311172369591123,1.1459300682352,-0.012926470547108049,0.005447183856568044,0.07102228924926336
2024-11-19,CAUSAL_LSTM,11,2024-10-30,2024-10-31,2024-12-02,0,0.0015528632514314744,0.0,0.0015528632514314744,0.13949089758186387,0.8605091024181363,0.0,1.0,0.07008445263425456,0.1,1.1328737073494468,1.1459300682352,-0.011393680336759804,0.0015516588060241045,0.07048466506351703
2024-11-20,CAUSAL_LSTM,11,2024-10-30,2024-10-31,2024-12-02,0,0.0005976774967858317,0.0,0.0005976774967858317,0.13927462313773628,0.8607253768622636,0.0,1.0,0.07008445263425456,0.1,1.1335508004710297,1.1459300682352,-0.01080281258631699,0.0005974989587259947,0.06707576306920095
2024-11-21,CAUSAL_LSTM,11,2024-10-30,2024-10-31,2024-12-02,0,0.003939904176224318,0.0,0.003939904176224318,0.13919143155135263,0.8608085684486473,0.0,1.0,0.07008445263425456,0.1,1.138016882003768,1.1459300682352,-0.00690547045651646,0.003932163079888814,0.06847105399916568
2024-11-22,CAUSAL_LSTM,11,2024-10-30,2024-10-31,2024-12-02,0,0.0032048585869723215,0.0,0.0032048585869723215,0.1386451828165603,0.8613548171834398,0.0,1.0,0.07008445263425456,0.1,1.1416640651801773,1.1459300682352,-0.003722742925833744,0.0031997339738787213,0.0657483930369822
2024-11-25,CAUSAL_LSTM,11,2024-10-30,2024-10-31,2024-12-02,0,0.0020349293908948976,0.0,0.0020349293908948976,0.1382022641037085,0.8617977358962915,0.0,1.0,0.07008445263425456,0.1,1.143987270940941,1.1459300682352,-0.0016953890539332939,0.0020328617266406196,0.06565734016975527
2024-11-26,CAUSAL_LSTM,11,2024-10-30,2024-10-31,2024-12-02,0,-0.00046526280290343626,0.0,-0.00046526280290343626,0.13792160337935253,0.8620783966206476,0.0,1.0,0.07008445263425456,0.1,1.1434550162167771,1.1459300682352,-0.002159863055373523,-0.00046537107122476986,0.06535316607426189
2024-11-27,CAUSAL_LSTM,11,2024-10-30,2024-10-31,2024-12-02,0,0.0008071600412404786,0.0,0.0008071600412404786,0.13798580304083619,0.8620141969591638,0.0,1.0,0.07008445263425456,0.1,1.1443779674148233,1.1459300682352,-0.0013544463692859443,0.0008068344627585723,0.06534123176323849
2024-11-29,CAUSAL_LSTM,11,2024-10-30,2024-10-31,2024-12-02,0,0.004741224626440258,0.0,0.004741224626440258,0.1378745162406214,0.8621254837593786,0.0,1.0,0.07008445263425456,0.1,1.1498037204158862,1.1498037204158862,0.0,0.004730020421439148,0.06690997123631869
2024-12-02,CAUSAL_LSTM,11,2024-10-30,2024-10-31,2024-12-02,0,-0.0006544264897749835,0.0,-0.0006544264897749835,0.13722390687401398,0.8627760931259861,0.0,1.0,0.07008445263425456,0.1,1.1490512584032042,1.1498037204158862,-0.0006544264897749841,-0.0006546407202607453,0.0666366060750694
2024-12-03,CAUSAL_LSTM,12,2024-12-02,2024-12-03,2025-01-02,1,-1.3648852461588083e-05,0.0002250340488281487,-0.0002386829012897368,0.03303024052965753,0.9669697594703425,0.2250340488281487,1.0,0.062321503031918364,0.1,1.148776999515118,1.1498037204158862,-0.0008929531906513022,-0.00023871139058678306,0.06005364202219633
2024-12-04,CAUSAL_LSTM,12,2024-12-02,2024-12-03,2025-01-02,0,0.0025729431732641286,0.0,0.0025729431732641286,0.03303069136069062,0.9669693086393095,0.0,1.0,0.062321503031918364,0.1,1.1517327374536233,1.1517327374536233,0.0,0.00256963882170329,0.05971799100177822
2024-12-05,CAUSAL_LSTM,12,2024-12-02,2024-12-03,2025-01-02,0,-0.0014298223766421039,0.0,-0.0014298223766421039,0.032945923372063576,0.9670540766279363,0.0,1.0,0.062321503031918364,0.1,1.1500859642137007,1.1517327374536233,-0.0014298223766422424,-0.0014308455480750483,0.059859720154743924
2024-12-06,CAUSAL_LSTM,12,2024-12-02,2024-12-03,2025-01-02,0,-1.6370585569947763e-05,0.0,-1.6370585569947763e-05,0.03299309764134591,0.9670069023586542,0.0,1.0,0.062321503031918364,0.1,1.1500671366330109,1.1517327374536233,-0.0014461695551825082,-1.637071956944615e-05,0.056192657119260796
2024-12-09,CAUSAL_LSTM,12,2024-12-02,2024-12-03,2025-01-02,0,-0.0010227604412330633,0.0,-0.0010227604412330633,0.03299363776651623,0.9670063622334839,0.0,1.0,0.062321503031918364,0.1,1.1488908934609003,1.1517327374536233,-0.002467450911403213,-0.0010232838175826548,0.0544492692877612
2024-12-10,CAUSAL_LSTM,12,2024-12-02,2024-12-03,2025-01-02,0,-0.002661841521592397,0.0,-0.002661841521592397,0.03302741690199971,0.9669725830980003,0.0,1.0,0.062321503031918364,0.1,1.1458327279769067,1.1517327374536233,-0.005122724469707185,-0.0026653905210505036,0.0502358833728872
2024-12-11,CAUSAL_LSTM,12,2024-12-02,2024-12-03,2025-01-02,0,0.003248245440907968,0.0,0.003248245440907968,0.03311556528869617,0.9668844347113039,0.0,1.0,0.062321503031918364,0.1,1.149554673911601,1.1517327374536233,-0.0018911188952028812,0.003242981288112292,0.051463631190195654
2024-12-12,CAUSAL_LSTM,12,2024-12-02,2024-12-03,2025-01-02,0,-0.00633341533555189,0.0,-0.00633341533555189,0.03300834607903304,0.9669916539209671,0.0,1.0,0.062321503031918364,0.1,1.1422740667107938,1.1517327374536233,-0.008212556989342645,-0.00635355649705481,0.04921988393318225
2024-12-13,CAUSAL_LSTM,12,2024-12-02,2024-12-03,2025-01-02,0,-0.0022112377019409277,0.0,-0.0022112377019409277,0.03321873411913076,0.9667812658808691,0.0,1.0,0.062321503031918364,0.1,1.1397482272285335,1.1517327374536233,-0.010405634775639383,-0.002213686098017855,0.048718168741837986
2024-12-16,CAUSAL_LSTM,12,2024-12-02,2024-12-03,2025-01-02,0,0.000176684988627847,0.0,0.000176684988627847,0.03329235142178087,0.9667076485782191,0.0,1.0,0.062321503031918364,0.1,1.1399496036310999,1.1517327374536233,-0.010230788306473615,0.00017666938167355974,0.047649272955038006
2024-12-17,CAUSAL_LSTM,12,2024-12-02,2024-12-03,2025-01-02,0,-0.0032508054898193074,0.0,-0.0032508054898193074,0.03328647020217174,0.9667135297978284,0.0,1.0,0.062321503031918364,0.1,1.1362438492014986,1.1517327374536233,-0.013448335493500996,-0.0032561008371961237,0.045524582207473664
2024-12-18,CAUSAL_LSTM,12,2024-12-02,2024-12-03,2025-01-02,0,-0.02036703641350515,0.0,-0.02036703641350515,0.03339503095212358,0.9666049690478762,0.0,1.0,0.062321503031918364,0.1,1.1131019293501905,1.1517327374536233,-0.03354146916830891,-0.020577304422811426,0.0832991827748642
2024-12-19,CAUSAL_LSTM,12,2024-12-02,2024-12-03,2025-01-02,0,-0.002462168991492724,0.0,-0.002462168991492724,0.034089329568762546,0.9659106704312374,0.0,1.0,0.062321503031918364,0.1,1.1103612842953736,1.1517327374536233,-0.03592105339448648,-0.0024652051142194363,0.08305371584024072
2024-12-20,CAUSAL_LSTM,12,2024-12-02,2024-12-03,2025-01-02,0,0.007856416954961767,0.0,0.007856416954961767,0.03417347042798202,0.9658265295720179,0.0,1.0,0.062321503031918364,0.1,1.119084745515445,1.1517327374536233,-0.028346847212453175,0.007825716006076705,0.0883618839618065
2024-12-23,CAUSAL_LSTM,12,2024-12-02,2024-12-03,2025-01-02,0,0.0020464603863815053,0.0,0.0020464603863815053,0.03390708225208347,0.9660929177479166,0.0,1.0,0.062321503031918364,0.1,1.121374908116146,1.1517327374536233,-0.02635839752597091,0.0020443692388060976,0.0873752220420384
2024-12-24,CAUSAL_LSTM,12,2024-12-02,2024-12-03,2025-01-02,0,0.00609719271638773,0.0,0.00609719271638773,0.033837834464291366,0.9661621655357087,0.0,1.0,0.062321503031918364,0.1,1.1282121470382518,1.1517327374536233,-0.020421917038994097,0.006078680048967246,0.089537267246301
2024-12-26,CAUSAL_LSTM,12,2024-12-02,2024-12-03,2025-01-02,0,0.001364123523293782,0.0,0.001364123523293782,0.033632768990172535,0.9663672310098276,0.0,1.0,0.062321503031918364,0.1,1.1297511677672925,1.1517327374536233,-0.019085651533123915,0.0013631939520709993,0.08932229858895689
2024-12-27,CAUSAL_LSTM,12,2024-12-02,2024-12-03,2025-01-02,0,-0.005743915596336776,0.0,-0.005743915596336776,0.033586952238548184,0.9664130477614518,0.0,1.0,0.062321503031918364,0.1,1.123261972414774,1.1517327374536233,-0.024719940757953474,-0.005760475321748392,0.0910903916869398
2024-12-30,CAUSAL_LSTM,12,2024-12-02,2024-12-03,2025-01-02,0,-0.0038173518436699205,0.0,-0.0038173518436699205,0.03378098737881301,0.9662190126211871,0.0,1.0,0.062321503031918364,0.1,1.1189740862534523,1.1517327374536233,-0.028442927890195535,-0.0038246565268419755,0.0914421877615199
2024-12-31,CAUSAL_LSTM,12,2024-12-02,2024-12-03,2025-01-02,0,-0.0005588267814329697,0.0,-0.0005588267814329697,0.03391043544206743,0.9660895645579327,0.0,1.0,0.062321503031918364,0.1,1.1183487735663245,1.1517327374536233,-0.02898586000178105,-0.0005589829833147004,0.08901936011001196
2025-01-02,CAUSAL_LSTM,12,2024-12-02,2024-12-03,2025-01-02,0,0.0016004707951781118,0.0,0.0016004707951781118,0.03392939609728443,0.9660706039027156,0.0,1.0,0.062321503031918364,0.1,1.1201386581172408,1.1517327374536233,-0.02743178022900883,0.0015991914066956947,0.08957255321537355
2025-01-03,CAUSAL_LSTM,13,2025-01-02,2025-01-03,2025-02-04,1,0.005169627876537441,0.0002787870216265908,0.00489084085491085,0.0,1.0,0.27878702162659075,1.0,0.06758303091528263,0.1,1.1256170780295256,1.1517327374536233,-0.022675103845564926,0.0048789195471218225,0.09199587405748415
2025-01-06,CAUSAL_LSTM,13,2025-01-02,2025-01-03,2025-02-04,0,0.002264221525469967,0.0,0.002264221525469967,0.0,1.0,0.0,1.0,0.06758303091528263,0.1,1.1281657244470367,1.1517327374536233,-0.020462223778314304,0.002261662038680383,0.0918526490865355
2025-01-07,CAUSAL_LSTM,13,2025-01-02,2025-01-03,2025-02-04,0,-0.004971159140174839,0.0,-0.004971159140174839,0.0,1.0,0.0,1.0,0.06758303091528263,0.1,1.1225574330943198,1.1517327374536233,-0.025331661947725292,-0.004983556454855134,0.09288880917997173
2025-01-08,CAUSAL_LSTM,13,2025-01-02,2025-01-03,2025-02-04,0,0.0008533176292442525,0.0,0.0008533176292442525,0.0,1.0,0.0,1.0,0.06758303091528263,0.1,1.1235153311418182,1.1517327374536233,-0.02449996027219925,0.0008529537607382908,0.09307155570850076
2025-01-10,CAUSAL_LSTM,13,2025-01-02,2025-01-03,2025-02-04,0,-0.007760720251217668,0.0,-0.007760720251217668,0.0,1.0,0.0,1.0,0.06758303091528263,0.1,1.1147960429588724,1.1517327374536233,-0.03207054318557845,-0.0077909913594045085,0.09589973435753181
2025-01-13,CAUSAL_LSTM,13,2025-01-02,2025-01-03,2025-02-04,0,0.0010608843008842119,0.0,0.0010608843008842119,0.0,1.0,0.0,1.0,0.06758303091528263,0.1,1.115978712579535,1.1517327374536233,-0.0310436820204808,0.0010603219608176383,0.09616532243986015
2025-01-14,CAUSAL_LSTM,13,2025-01-02,2025-01-03,2025-02-04,0,0.002085985896511951,0.0,0.002085985896511951,0.0,1.0,0.0,1.0,0.06758303091528263,0.1,1.1183066284347836,1.1517327374536233,-0.02902245280683935,0.0020838132488153953,0.09556380174180865
2025-01-15,CAUSAL_LSTM,13,2025-01-02,2025-01-03,2025-02-04,0,0.013787747086447128,0.0,0.013787747086447128,0.0,0.9999999999999999,0.0,1.0,0.06758303091528263,0.1,1.1337255573927398,1.1517327374536233,-0.015634859959521186,0.013693560858046643,0.10680974472616435
2025-01-16,CAUSAL_LSTM,13,2025-01-02,2025-01-03,2025-02-04,0,0.000752602882261353,0.0,0.000752602882261353,0.0,0.9999999999999999,0.0,1.0,0.06758303091528263,0.1,1.1345788025149268,1.1517327374536233,-0.014894023917929267,0.0007523198187262102,0.10665442318035377
2025-01-17,CAUSAL_LSTM,13,2025-01-02,2025-01-03,2025-02-04,0,0.0038459157515454883,0.0,0.0038459157515454883,0.0,0.9999999999999998,0.0,1.0,0.06758303091528263,0.1,1.1389422970028886,1.1517327374536233,-0.011105389327573656,0.0038385391247690737,0.10757488628325583
2025-01-21,CAUSAL_LSTM,13,2025-01-02,2025-01-03,2025-02-04,0,0.006923090722531317,0.0,0.006923090722531317,0.0,1.0,0.0,1.0,0.06758303091528263,0.1,1.1468272978527678,1.1517327374536233,-0.0042591822228661425,0.006899236164848287,0.1094870602985294
2025-01-22,CAUSAL_LSTM,13,2025-01-02,2025-01-03,2025-02-04,0,8.601917402934081e-05,0.0,8.601917402934081e-05,0.0,1.0,0.0,1.0,0.06758303091528263,0.1,1.1469259469896833,1.1517327374536233,-0.004173529420173794,8.60154745923373e-05,0.0785256265893554
2025-01-23,CAUSAL_LSTM,13,2025-01-02,2025-01-03,2025-02-04,0,0.0022122249434797657,0.0,0.0022122249434797657,0.0,1.0,0.0,1.0,0.06758303091528263,0.1,1.149463205177938,1.1517327374536233,-0.0019705372625795636,0.002209781576733863,0.07726695466189956
2025-01-24,CAUSAL_LSTM,13,2025-01-02,2025-01-03,2025-02-04,0,-1.193877632092058e-06,0.0,-1.193877632092058e-06,0.0,1.0,0.0,1.0,0.06758303091528263,0.1,1.1494618328595285,1.1517327374536233,-0.0019717287876312994,-1.1938783447645253e-06,0.07407322385417853
2025-01-27,CAUSAL_LSTM,13,2025-01-02,2025-01-03,2025-02-04,0,-0.0049509192744035015,0.0,-0.0049509192744035015,0.0,0.9999999999999999,0.0,1.0,0.06758303091528263,0.1,1.1437709401160332,1.1517327374536233,-0.006912886191976164,-0.004963215677690076,0.07707346120396072
2025-01-28,CAUSAL_LSTM,13,2025-01-02,2025-01-03,2025-02-04,0,0.0024096615949138556,0.0,0.0024096615949138556,0.0,0.9999999999999998,0.0,1.0,0.06758303091528263,0.1,1.1465270410238093,1.1517327374536233,-0.004519882313429147,0.0024067630158754183,0.07501183188050264
2025-01-29,CAUSAL_LSTM,13,2025-01-02,2025-01-03,2025-02-04,0,-0.001778184635612582,0.0,-0.001778184635612582,0.0,1.0,0.0,1.0,0.06758303091528263,0.1,1.1444883042551464,1.1517327374536233,-0.006290029763757254,-0.0017797674825861711,0.07548562075171453
2025-01-30,CAUSAL_LSTM,13,2025-01-02,2025-01-03,2025-02-04,0,0.005369962794124052,0.0,0.005369962794124052,0.0,1.0,0.0,1.0,0.06758303091528263,0.1,1.1506341638673068,1.1517327374536233,-0.0009538441954384247,0.005355595953900174,0.07344623871133919
2025-01-31,CAUSAL_LSTM,13,2025-01-02,2025-01-03,2025-02-04,0,-0.005046261457894437,0.0,-0.005046261457894437,0.0,1.0000000000000002,0.0,1.0,0.06758303091528263,0.1,1.1448277630340467,1.1517327374536233,-0.005995292306132494,-0.0050590368319525306,0.07461413229372654
2025-02-03,CAUSAL_LSTM,13,2025-01-02,2025-01-03,2025-02-04,0,-0.0018935575858388932,0.0,-0.0018935575858388932,0.0,0.9999999999999999,0.0,1.0,0.06758303091528263,0.1,1.1426599657388745,1.1517327374536233,-0.007877497460745841,-0.0018953526323782625,0.07512758651883689
2025-02-04,CAUSAL_LSTM,13,2025-01-02,2025-01-03,2025-02-04,0,0.0062513896291881265,0.0,0.0062513896291881265,0.0,1.0000000000000002,0.0,1.0,0.06758303091528263,0.1,1.1498031783983829,1.1517327374536233,-0.0016753531374879005,0.006231930747633431,0.07725829153003873
2025-02-05,CAUSAL_LSTM,14,2025-02-04,2025-02-05,2025-03-06,1,0.006169735860146812,0.0005648196047963794,0.005604916255350433,0.0,1.0,0.5648196047963794,1.0,0.07014808912926071,0.1,1.1562477289234416,1.1562477289234416,0.0,0.005589267159585765,0.07771714333430944
2025-02-06,CAUSAL_LSTM,14,2025-02-04,2025-02-05,2025-03-06,0,-0.0009541075551794462,0.0,-0.0009541075551794462,0.0,0.9999999999999999,0.0,1.0,0.07014808912926071,0.1,1.1551445442296167,1.1562477289234416,-0.0009541075551794398,-0.0009545630055149876,0.0780025640787148
2025-02-07,CAUSAL_LSTM,14,2025-02-04,2025-02-05,2025-03-06,0,-0.004978919310370502,0.0,-0.004978919310370502,0.0,0.9999999999999999,0.0,1.0,0.07014808912926071,0.1,1.1493931727520827,1.1562477289234416,-0.005928276441019231,-0.00499135542523439,0.07801026433463225
2025-02-10,CAUSAL_LSTM,14,2025-02-04,2025-02-05,2025-03-06,0,0.0044060215788369285,0.0,0.0044060215788369285,0.0,1.0,0.0,1.0,0.07014808912926071,0.1,1.1544574238737961,1.1562477289234416,-0.0015483749761069365,0.004396343483278872,0.07881610454559602
2025-02-11,CAUSAL_LSTM,14,2025-02-04,2025-02-05,2025-03-06,0,-0.0001833643016526332,0.0,-0.0001833643016526332,0.0,1.0,0.0,1.0,0.07014808912926071,0.1,1.1542457375944797,1.1562477289234416,-0.0017314553610634498,-0.00018338111494152953,0.07186683486695225
2025-02-12,CAUSAL_LSTM,14,2025-02-04,2025-02-05,2025-03-06,0,-0.0033405110899292195,0.0,-0.0033405110899292195,0.0,1.0,0.0,1.0,0.07014808912926071,0.1,1.150389966907542,1.1562477289234416,-0.005066182505157224,-0.003346103053918237,0.07391876732097415
2025-02-13,CAUSAL_LSTM,14,2025-02-04,2025-02-05,2025-03-06,0,0.007948530005161616,0.0,0.007948530005161616,0.0,1.0,0.0,1.0,0.07014808912926071,0.1,1.1595338760771434,1.1595338760771434,0.0,0.007917106842678103,0.07724019328308968
2025-02-14,CAUSAL_LSTM,14,2025-02-04,2025-02-05,2025-03-06,0,0.00016432640065501384,0.0,0.00016432640065501384,0.0,0.9999999999999998,0.0,1.0,0.07014808912926071,0.1,1.1597244181054367,1.1597244181054367,0.0,0.0001643129005509665,0.06388773602171062
2025-02-18,CAUSAL_LSTM,14,2025-02-04,2025-02-05,2025-03-06,0,0.002410856044899265,0.0,0.002410856044899265,0.0,0.9999999999999999,0.0,1.0,0.07014808912926071,0.1,1.1625203467292433,1.1625203467292433,0.0,0.0024079545938495064,0.06403810026063647
2025-02-19,CAUSAL_LSTM,14,2025-02-04,2025-02-05,2025-03-06,0,0.00133023226257239,0.0,0.00133023226257239,0.0,0.9999999999999999,0.0,1.0,0.07014808912926071,0.1,1.1640667688003594,1.1640667688003594,0.0,0.0013293482874774838,0.06330062164428353
2025-02-20,CAUSAL_LSTM,14,2025-02-04,2025-02-05,2025-03-06,0,0.0012531799579771634,0.0,0.0012531799579771634,0.0,0.9999999999999999,0.0,1.0,0.07014808912926071,0.1,1.1655255539447673,1.1655255539447673,0.0,0.001252395383380659,0.05962970072019431
2025-02-21,CAUSAL_LSTM,14,2025-02-04,2025-02-05,2025-03-06,0,-0.005988390912116015,0.0,-0.005988390912116015,0.0,1.0000000000000002,0.0,1.0,0.07014808912926071,0.1,1.1585459313096855,1.1655255539447673,-0.005988390912116004,-0.006006393230902756,0.06407919005176234
2025-02-24,CAUSAL_LSTM,14,2025-02-04,2025-02-05,2025-03-06,0,4.155552896421732e-05,0.0,4.155552896421732e-05,0.0,0.9999999999999998,0.0,1.0,0.07014808912926071,0.1,1.1585940752986903,1.1655255539447673,-0.005947084233903888,4.155466555714305e-05,0.06378122094815955
2025-02-25,CAUSAL_LSTM,14,2025-02-04,2025-02-05,2025-03-06,0,0.0021338003826685105,0.0,0.0021338003826685105,0.0,1.0000000000000002,0.0,1.0,0.07014808912926071,0.1,1.1610662837799202,1.1655255539447673,-0.0038259737418493422,0.0021315270639298525,0.06404929757320915
2025-02-26,CAUSAL_LSTM,14,2025-02-04,2025-02-05,2025-03-06,0,0.0002938759232933763,0.0,0.0002938759232933763,0.0,0.9999999999999998,0.0,1.0,0.07014808912926071,0.1,1.1614074932060707,1.1655255539447673,-0.0035332221801219754,0.00029383275022237413,0.06093495043694084
2025-02-27,CAUSAL_LSTM,14,2025-02-04,2025-02-05,2025-03-06,0,-0.007299850551103154,0.0,-0.007299850551103154,0.0,0.9999999999999999,0.0,1.0,0.07014808912926071,0.1,1.152929392076735,1.1655255539447673,-0.010807280737346492,-0.007326624838575724,0.06662077936614155
2025-02-28,CAUSAL_LSTM,14,2025-02-04,2025-02-05,2025-03-06,0,0.005385417683943123,0.0,0.005385417683943123,0.0,1.0,0.0,1.0,0.07014808912926071,0.1,1.159138398413163,1.1655255539447673,-0.005480064774201487,0.005370968176667222,0.0684355868859451
2025-03-03,CAUSAL_LSTM,14,2025-02-04,2025-02-05,2025-03-06,0,-0.002457104951044159,0.0,-0.002457104951044159,0.0,0.9999999999999998,0.0,1.0,0.07014808912926071,0.1,1.1562902737154765,1.1655255539447673,-0.00792370463095693,-0.0024601285873577057,0.06693975596395989
2025-03-04,CAUSAL_LSTM,14,2025-02-04,2025-02-05,2025-03-06,0,-0.004415330278367636,0.0,-0.004415330278367636,0.0,1.0,0.0,1.0,0.07014808912926071,0.1,1.1511848702593586,1.1655255539447673,-0.012304049136350637,-0.004425106636949298,0.06634157646139066
2025-03-05,CAUSAL_LSTM,14,2025-02-04,2025-02-05,2025-03-06,0,0.006064999949740987,0.0,0.006064999949740987,0.0,1.0000000000000002,0.0,1.0,0.07014808912926071,0.1,1.1581668064396242,1.1655255539447673,-0.006313673244003226,0.006046681866348743,0.06874595319944915
2025-03-06,CAUSAL_LSTM,14,2025-02-04,2025-02-05,2025-03-06,0,-0.0072283795190755465,0.0,-0.0072283795190755465,0.0,0.9999999999999999,0.0,1.0,0.07014808912926071,0.1,1.149795137216283,1.1655255539447673,-0.013496415136711626,-0.007254630833784607,0.07077297098040455
2025-03-07,CAUSAL_LSTM,15,2025-03-06,2025-03-07,2025-04-04,1,0.004619107406521403,0.0003579708410021091,0.004261136565519294,0.045135336919350455,0.9548646630806495,0.3579708410021091,1.0,0.07671559913951813,0.1,1.1546945713183314,1.1655255539447673,-0.009292788639234884,0.004252083631185957,0.06958388636833993
2025-03-10,CAUSAL_LSTM,15,2025-03-06,2025-03-07,2025-04-04,0,-0.01297678605952877,0.0,-0.01297678605952877,0.044927810536940484,0.9550721894630598,0.0,1.0,0.07671559913951813,0.1,1.139710346902234,1.1655255539447673,-0.02214898416869593,-0.013061720128713126,0.0829012955615506
2025-03-11,CAUSAL_LSTM,15,2025-03-06,2025-03-07,2025-04-04,0,-0.0030683850963556143,0.0,-0.0030683850963556143,0.04551849429921326,0.9544815057007869,0.0,1.0,0.07671559913951813,0.1,1.136213276659637,1.1655255539447673,-0.02514940765212903,-0.0030731022417224483,0.0818929960627951
2025-03-12,CAUSAL_LSTM,15,2025-03-06,2025-03-07,2025-04-04,0,0.0022158899801196313,0.0,0.0022158899801196313,0.045658592443788344,0.9543414075562117,0.0,1.0,0.07671559913951813,0.1,1.138731000274666,1.1655255539447673,-0.022989245992431573,0.0022134385166985163,0.08057042626691062
2025-03-13,CAUSAL_LSTM,15,2025-03-06,2025-03-07,2025-04-04,0,-0.004417802969283195,0.0,-0.004417802969283195,0.04555764172197873,0.9544423582780213,0.0,1.0,0.07671559913951813,0.1,1.1337003110804378,1.1655255539447673,-0.02730548700250779,-0.004427590297115452,0.0815935687923161
2025-03-14,CAUSAL_LSTM,15,2025-03-06,2025-03-07,2025-04-04,0,0.011562636355314659,0.0,0.011562636355314659,0.045759799500084006,0.9542402004999161,0.0,1.0,0.07671559913951813,0.1,1.146808875513368,1.1655255539447673,-0.01605857406390787,0.011496299935144848,0.09148454754929412
2025-03-17,CAUSAL_LSTM,15,2025-03-06,2025-03-07,2025-04-04,0,0.00797178559598577,0.0,0.00797178559598577,0.04523674348526524,0.9547632565147348,0.0,1.0,0.07671559913951813,0.1,1.155950989988534,1.1655255539447673,-0.00821480397733687,0.007940178777263225,0.09151020847500803
2025-03-18,CAUSAL_LSTM,15,2025-03-06,2025-03-07,2025-04-04,0,-0.0015731972793638265,0.0,-0.0015731972793638265,0.04487897789571363,0.9551210221042865,0.0,1.0,0.07671559913951813,0.1,1.1541324510360063,1.1655255539447673,-0.009775077749432981,-0.0015744360535983667,0.09163373008045968
2025-03-19,CAUSAL_LSTM,15,2025-03-06,2025-03-07,2025-04-04,0,0.005877841521404061,0.0,0.005877841521404061,0.04494969262986717,0.9550503073701329,0.0,1.0,0.07671559913951813,0.1,1.1609162586779056,1.1655255539447673,-0.003954692585899422,0.005860634405139628,0.09364469420850424
2025-03-20,CAUSAL_LSTM,15,2025-03-06,2025-03-07,2025-04-04,0,-0.00309774751921082,0.0,-0.00309774751921082,0.04468702935326634,0.9553129706467336,0.0,1.0,0.07671559913951813,0.1,1.1573200332175746,1.1655255539447673,-0.007040189465963076,-0.0031025554708381184,0.09407029112923115
2025-03-21,CAUSAL_LSTM,15,2025-03-06,2025-03-07,2025-04-04,0,-0.0036231287399903288,0.0,-0.0036231287399903288,0.04482588863859297,0.9551741113614072,0.0,1.0,0.07671559913951813,0.1,1.1531269137438573,1.1655255539447673,-0.010637810693164385,-0.003629708167807158,0.09458913323851516
2025-03-24,CAUSAL_LSTM,15,2025-03-06,2025-03-07,2025-04-04,0,0.004233474863765454,0.0,0.004233474863765454,0.04498888917594658,0.9550111108240534,0.0,1.0,0.07671559913951813,0.1,1.1580086475479232,1.1655255539447673,-0.0064493707335741,0.004224538920238583,0.09373315232874527
2025-03-25,CAUSAL_LSTM,15,2025-03-06,2025-03-07,2025-04-04,0,0.0008064059819880174,0.0,0.0008064059819880174,0.0447992327501827,0.9552007672498173,0.0,1.0,0.07671559913951813,0.1,1.1589424726484998,1.1655255539447673,-0.005648165562725627,0.0008060810113778851,0.09377709747443272
2025-03-26,CAUSAL_LSTM,15,2025-03-06,2025-03-07,2025-04-04,0,-0.0069785767973927935,0.0,-0.0069785767973927935,0.04476313548995106,0.9552368645100489,0.0,1.0,0.07671559913951813,0.1,1.150854703599362,1.1655255539447673,-0.012587326202974536,-0.0070030409475223005,0.09647831421328702
2025-03-27,CAUSAL_LSTM,15,2025-03-06,2025-03-07,2025-04-04,0,-0.00011800464110545199,0.0,-0.00011800464110545199,0.045077713777397534,0.9549222862226024,0.0,1.0,0.07671559913951813,0.1,1.150718897403099,1.1655255539447673,-0.012703845481168985,-0.00011801160420090364,0.09645042837006007
2025-03-28,CAUSAL_LSTM,15,2025-03-06,2025-03-07,2025-04-04,0,-0.0059760506506690275,0.0,-0.0059760506506690275,0.045083033784619225,0.9549169662153808,0.0,1.0,0.07671559913951813,0.1,1.1438421429875363,1.1655255539447673,-0.01860397730778418,-0.005993978703008851,0.09535583013825286
2025-03-31,CAUSAL_LSTM,15,2025-03-06,2025-03-07,2025-04-04,0,0.0018978448103381868,0.0,0.0018978448103381868,0.045354072016202146,0.9546459279837979,0.0,1.0,0.07671559913951813,0.1,1.1460129778624513,1.1655255539447673,-0.016741439959231275,0.0018960461781996922,0.09345754814593431
2025-04-01,CAUSAL_LSTM,15,2025-03-06,2025-03-07,2025-04-04,0,0.0007273319500485852,0.0,0.0007273319500485852,0.045268160073533036,0.9547318399264669,0.0,1.0,0.07671559913951813,0.1,1.1468465097164209,1.1655255539447673,-0.016026284593354867,0.0007270675723516014,0.09328545435691846
2025-04-02,CAUSAL_LSTM,15,2025-03-06,2025-03-07,2025-04-04,0,0.003621962031177594,0.0,0.003621962031177594,0.045235259024375876,0.9547647409756241,0.0,1.0,0.07671559913951813,0.1,1.1510003442302021,1.1655255539447673,-0.012462369156475361,0.0036154185221676104,0.09306171470445081
2025-04-03,CAUSAL_LSTM,15,2025-03-06,2025-03-07,2025-04-04,0,-0.023226558273035526,0.0,-0.023226558273035526,0.04507200991579202,0.9549279900842079,0.0,1.0,0.07671559913951813,0.1,1.1242665676626553,1.1655255539447673,-0.03539946948607808,-0.023500545614480478,0.12095025021589358
2025-04-04,CAUSAL_LSTM,15,2025-03-06,2025-03-07,2025-04-04,0,-0.04016886216647814,0.0,-0.04016886216647814,0.0461437708995275,0.9538562291004725,0.0,1.0,0.07671559913951813,0.1,1.0791060588678345,1.1655255539447673,-0.07414637524200363,-0.04099790808221992,0.18236827362065597
2025-04-07,CAUSAL_LSTM,16,2025-04-04,2025-04-07,2025-05-06,1,-0.007117872619689044,0.00042949272209156673,-0.007547365341780611,0.4685390250264361,0.5314609749735639,0.42949272209156675,1.0,0.051449042778339754,0.1,1.07096165119903,1.1655255539447673,-0.08113413080106391,-0.007575990825860571,0.18102214905054906
2025-04-08,CAUSAL_LSTM,16,2025-04-04,2025-04-07,2025-05-06,0,-0.006252549598697553,0.0,-0.006252549598697553,0.47189793441308275,0.5281020655869172,0.0,1.0,0.051449042778339754,0.1,1.0642654103566052,1.1655255539447673,-0.0868793852227806,-0.006272178650796128,0.17804693194403068
2025-04-09,CAUSAL_LSTM,16,2025-04-04,2025-04-07,2025-05-06,0,0.024096263106769267,0.0,0.024096263106769267,0.4748670642853145,0.5251329357146853,0.0,1.0,0.051449042778339754,0.1,1.0899102296999919,1.1655255539447673,-0.06487659064089368,0.023810529139144904,0.20124867546970696
2025-04-10,CAUSAL_LSTM,16,2025-04-04,2025-04-07,2025-05-06,0,-0.012162950345754413,0.0,-0.012162950345754413,0.46369377703295683,0.5363062229670431,0.0,1.0,0.051449042778339754,0.1,1.076653705694821,1.1655255539447673,-0.07625045023608101,-0.012237524336386254,0.20366503624868934
2025-04-11,CAUSAL_LSTM,16,2025-04-04,2025-04-07,2025-05-06,0,0.005899342292159925,0.0,0.005899342292159925,0.46940310367510013,0.5305968963248998,0.0,1.0,0.051449042778339754,0.1,1.0830052544348372,1.1655255539447673,-0.07080093544979504,0.005882009307817394,0.2056650455056368
2025-04-14,CAUSAL_LSTM,16,2025-04-04,2025-04-07,2025-05-06,0,0.0033215960132768605,0.0,0.0033215960132768605,0.46665017456464714,0.5333498254353529,0.0,1.0,0.051449042778339754,0.1,1.0866025603703258,1.1655255539447673,-0.06771451154144459,0.0033160916986110438,0.20070419601193998
2025-04-15,CAUSAL_LSTM,16,2025-04-04,2025-04-07,2025-05-06,0,0.0009362326187269292,0.0,0.0009362326187269292,0.4651052827118375,0.5348947172881626,0.0,1.0,0.051449042778339754,0.1,1.0876198731309368,1.1655255539447673,-0.06684167545718378,0.000935794626322611,0.1975249690691527
2025-04-16,CAUSAL_LSTM,16,2025-04-04,2025-04-07,2025-05-06,0,-0.000926415302480918,0.0,-0.000926415302480918,0.4646702432731334,0.5353297567268667,0.0,1.0,0.051449042778339754,0.1,1.0866122854371858,1.1655255539447673,-0.06770616760867787,-0.0009268446903520665,0.1975925170351215
2025-04-17,CAUSAL_LSTM,16,2025-04-04,2025-04-07,2025-05-06,0,0.0009805052764039076,0.0,0.0009805052764039076,0.46510112006796533,0.5348988799320346,0.0,1.0,0.051449042778339754,0.1,1.0876777145164622,1.1655255539447673,-0.06679204858685939,0.000980024895090677,0.19558827149080568
2025-04-21,CAUSAL_LSTM,16,2025-04-04,2025-04-07,2025-05-06,0,-0.0057161689851801,0.0,-0.0057161689851801,0.4646455326715234,0.5353544673284765,0.0,1.0,0.051449042778339754,0.1,1.0814603648988717,1.1655255539447673,-0.07212642293545057,-0.005732568805069155,0.19580025742084134
2025-04-22,CAUSAL_LSTM,16,2025-04-04,2025-04-07,2025-05-06,0,0.005428997273045267,0.0,0.005428997273045267,0.46731679443814456,0.5326832055618553,0.0,1.0,0.051449042778339754,0.1,1.0873316102708142,1.1655255539447673,-0.06708899981583649,0.005414313389218724,0.1980600726313186
2025-04-23,CAUSAL_LSTM,16,2025-04-04,2025-04-07,2025-05-06,0,0.0028430134251960252,0.0,0.0028430134251960252,0.46479343216240554,0.5352065678375945,0.0,1.0,0.051449042778339754,0.1,1.090422908636454,1.1655255539447673,-0.06443672131779987,0.0028389797059980974,0.19749846131575122
2025-04-24,CAUSAL_LSTM,16,2025-04-04,2025-04-07,2025-05-06,0,0.007242014536412938,0.0,0.007242014536412938,0.4634757643421279,0.5365242356578721,0.0,1.0,0.051449042778339754,0.1,1.098319767191637,1.1655255539447673,-0.05766135845384923,0.007215917072202147,0.20022845663974892
2025-04-25,CAUSAL_LSTM,16,2025-04-04,2025-04-07,2025-05-06,0,0.00143896035730357,0.0,0.00143896035730357,0.46014339915660124,0.5398566008433986,0.0,1.0,0.051449042778339754,0.1,1.0999002057962686,1.1655255539447673,-0.05630537050550899,0.0014379260459517565,0.20000250956775054
2025-04-28,CAUSAL_LSTM,16,2025-04-04,2025-04-07,2025-05-06,0,0.0014781909830015722,0.0,0.0014781909830015722,0.4594822224536048,0.5405177775463951,0.0,1.0,0.051449042778339754,0.1,1.1015260683626782,1.1655255539447673,-0.05491040961348326,0.001477099534157963,0.20028348673217006
2025-04-29,CAUSAL_LSTM,16,2025-04-04,2025-04-07,2025-05-06,0,0.0011569876061740443,0.0,0.0011569876061740443,0.4588040224846033,0.5411959775153967,0.0,1.0,0.051449042778339754,0.1,1.1028005203716515,1.1655255539447673,-0.05381695267068187,0.001156318811821769,0.20005457918167735
2025-04-30,CAUSAL_LSTM,16,2025-04-04,2025-04-07,2025-05-06,0,-0.002438610079108155,0.0,-0.002438610079108155,0.45827380537155415,0.5417261946284458,0.0,1.0,0.051449042778339754,0.1,1.1001112199074274,1.1655255539447673,-0.05612432418658042,-0.0024415883315165796,0.19962506117535697
2025-05-01,CAUSAL_LSTM,16,2025-04-04,2025-04-07,2025-05-06,0,-0.0013403561513107125,0.0,-0.0013403561513107125,0.4593940884258722,0.5406059115741277,0.0,1.0,0.051449042778339754,0.1,1.0986366790666986,1.1655255539447673,-0.05738945375472948,-0.001341255232099001,0.19940448014939163
2025-05-02,CAUSAL_LSTM,16,2025-04-04,2025-04-07,2025-05-06,0,0.0037438636247998786,0.0,0.0037438636247998786,0.4600106665524544,0.5399893334475456,0.0,1.0,0.051449042778339754,0.1,1.1027498249663275,1.1655255539447673,-0.053860448418288964,0.003736872810383658,0.19944836025763676
2025-05-05,CAUSAL_LSTM,16,2025-04-04,2025-04-07,2025-05-06,0,-0.0005944717023029834,0.0,-0.0005944717023029834,0.45829487304781835,0.5417051269521816,0.0,1.0,0.051449042778339754,0.1,1.1020942714006654,1.1655255539447673,-0.05442290160813401,-0.0005946484706647338,0.18354221239709498
2025-05-06,CAUSAL_LSTM,16,2025-04-04,2025-04-07,2025-05-06,0,-0.0007075967976229857,0.0,-0.0007075967976229857,0.4585674784373458,0.5414325215626543,0.0,1.0,0.051449042778339754,0.1,1.1013144330235436,1.1655255539447673,-0.05509198893486178,-0.000707847262396006,0.11182429182772026
2025-05-07,CAUSAL_LSTM,17,2025-05-06,2025-05-07,2025-06-05,1,-7.102196747280098e-05,0.00022455271716445403,-0.00029557468463725504,0.40719291737987984,0.5928070826201202,0.22455271716445402,0.9350900037088948,0.09999999999999998,0.1,1.1009889123573162,1.1655255539447673,-0.055371279822243546,-0.0002956183754438306,0.10757700552904523
2025-05-08,CAUSAL_LSTM,17,2025-05-06,2025-05-07,2025-06-05,0,0.00027829755719092637,0.0,0.00027829755719092637,0.40722183907608883,0.592778160923911,0.0,0.9350900037088948,0.09999999999999998,0.1,1.1012953148821194,1.1655255539447673,-0.05510839195696582,0.00027825883960892956,0.10409129766460105
2025-05-09,CAUSAL_LSTM,17,2025-05-06,2025-05-07,2025-06-05,0,0.0009123715149632215,0.0,0.0009123715149632215,0.40710854176340455,0.5928914582365954,0.0,0.9350900037088948,0.09999999999999998,0.1,1.1023001053569803,1.1655255539447673,-0.05424629976905948,0.0009119555570587654,0.065781677291679
2025-05-12,CAUSAL_LSTM,17,2025-05-06,2025-05-07,2025-06-05,0,0.007780137222978546,0.0,0.007780137222978546,0.40673744610351087,0.5932625538964892,0.0,0.9350900037088948,0.09999999999999998,0.1,1.1108761514375614,1.1655255539447673,-0.046888206202123084,0.007750028023675783,0.05182917430173996
2025-05-13,CAUSAL_LSTM,17,2025-05-06,2025-05-07,2025-06-05,0,0.002818805859839235,0.0,0.002818805859839235,0.4035974029259095,0.5964025970740904,0.0,0.9350900037088948,0.09999999999999998,0.1,1.1140074956427892,1.1655255539447673,-0.04420156909268369,0.0028148404766173483,0.04959524204481923
2025-05-14,CAUSAL_LSTM,17,2025-05-06,2025-05-07,2025-06-05,0,-0.002573939120226128,0.0,-0.002573939120226128,0.4024629380378004,0.5975370619621995,0.0,0.9350900037088948,0.09999999999999998,0.1,1.1111401081695291,1.1655255539447673,-0.046661736065046755,-0.002577257396774342,0.05082899847918581
2025-05-15,CAUSAL_LSTM,17,2025-05-06,2025-05-07,2025-06-05,0,0.002797445080704142,0.0,0.002797445080704142,0.4035015264016767,0.5964984735983233,0.0,0.9350900037088948,0.09999999999999998,0.1,1.114248461599101,1.1655255539447673,-0.04399482462835491,0.0027935395132591954,0.05117645327243169
2025-05-16,CAUSAL_LSTM,17,2025-05-06,2025-05-07,2025-06-05,0,0.0010004572703259627,0.0,0.0010004572703259627,0.40237590191427275,0.5976240980857274,0.0,0.9350900037088948,0.09999999999999998,0.1,1.1153632195734573,1.1655255539447673,-0.043038382300185196,0.0009999571464916442,0.05062261571654265
2025-05-19,CAUSAL_LSTM,17,2025-05-06,2025-05-07,2025-06-05,0,0.0006870785216772596,0.0,0.0006870785216772596,0.4019737443592484,0.5980262556407517,0.0,0.9350900037088948,0.09999999999999998,0.1,1.116129561685495,1.1655255539447673,-0.042380874526594225,0.000686842591292066,0.05065202772356262
2025-05-20,CAUSAL_LSTM,17,2025-05-06,2025-05-07,2025-06-05,0,0.0003855988272324966,0.0,0.0003855988272324966,0.4016977464654458,0.5983022535345542,0.0,0.9350900037088948,0.09999999999999998,0.1,1.1165599399355204,1.1655255539447673,-0.04201161771487627,0.0003855245031102975,0.044061301427943476
2025-05-21,CAUSAL_LSTM,17,2025-05-06,2025-05-07,2025-06-05,0,-0.006744629124680508,0.0,-0.006744629124680508,0.4015429119894991,0.5984570880105009,0.0,0.9350900037088948,0.09999999999999998,0.1,1.1090291572451798,1.1655255539447673,-0.04847289405914201,-0.006767476926947102,0.05026892164757698
2025-05-22,CAUSAL_LSTM,17,2025-05-06,2025-05-07,2025-06-05,0,-0.00031148516598302893,0.0,-0.00031148516598302893,0.4042695602397136,0.5957304397602863,0.0,0.9350900037088948,0.09999999999999998,0.1,1.1086837111140553,1.1655255539447673,-0.048769280637673385,-0.00031153368756343925,0.04995375027903573
2025-05-23,CAUSAL_LSTM,17,2025-05-06,2025-05-07,2025-06-05,0,0.000259539161274574,0.0,0.000259539161274574,0.4043955234464572,0.5956044765535429,0.0,0.9350900037088948,0.09999999999999998,0.1,1.1089714579545566,1.1655255539447673,-0.04852239901459143,0.0002595054868128914,0.0441560052404197
2025-05-27,CAUSAL_LSTM,17,2025-05-06,2025-05-07,2025-06-05,0,0.005515116521321432,0.0,0.005515116521321432,0.40429059420472613,0.595709405795274,0.0,0.9350900037088948,0.09999999999999998,0.1,1.1150875647639957,1.1655255539447673,-0.04327488917772948,0.005499963952790397,0.04741202506697743
2025-05-28,CAUSAL_LSTM,17,2025-05-06,2025-05-07,2025-06-05,0,-0.002689247816323736,0.0,-0.002689247816323736,0.40207311413020747,0.5979268858697927,0.0,0.9350900037088948,0.09999999999999998,0.1,1.1120888179654445,1.1655255539447673,-0.045847760092830314,-0.002692870339264694,0.04868230957773484
2025-05-29,CAUSAL_LSTM,17,2025-05-06,2025-05-07,2025-06-05,0,0.002055980501759924,0.0,0.002055980501759924,0.4031573040297043,0.5968426959702957,0.0,0.9350900037088948,0.09999999999999998,0.1,1.1143752508914067,1.1655255539447673,-0.0438860416918706,0.0020538698663032347,0.04894394185234195
2025-05-30,CAUSAL_LSTM,17,2025-05-06,2025-05-07,2025-06-05,0,-0.0011468236413601134,0.0,-0.0011468236413601134,0.4023301211453587,0.5976698788546414,0.0,0.9350900037088948,0.09999999999999998,0.1,1.113097259008338,1.1655255539447673,-0.044982535783092636,-0.0011474817467943335,0.04816396936596093
2025-06-02,CAUSAL_LSTM,17,2025-05-06,2025-05-07,2025-06-05,0,0.003612193712848928,0.0,0.003612193712848928,0.40279205259382533,0.5972079474061749,0.0,0.9350900037088948,0.09999999999999998,0.1,1.117117981929117,1.1655255539447673,-0.04153282770318756,0.0036056854092661687,0.04875003599826363
2025-06-03,CAUSAL_LSTM,17,2025-05-06,2025-05-07,2025-06-05,0,0.001954316382554193,0.0,0.001954316382554193,0.4013423263658265,0.5986576736341735,0.0,0.9350900037088948,0.09999999999999998,0.1,1.119301183902447,1.1655255539447673,-0.03965967960622763,0.0019524091907258644,0.04777508319730408
2025-06-04,CAUSAL_LSTM,17,2025-05-06,2025-05-07,2025-06-05,0,0.001852386673508398,0.0,0.001852386673508398,0.40055950636035864,0.5994404936396414,0.0,0.9350900037088948,0.09999999999999998,0.1,1.1213745624991498,1.1655255539447673,-0.03788075799469748,0.0018506731210957395,0.04768495374055248
2025-06-05,CAUSAL_LSTM,17,2025-05-06,2025-05-07,2025-06-05,0,-0.000865586873995566,0.0,-0.000865586873995566,0.39981888718192593,0.6001811128180742,0.0,0.9350900037088948,0.09999999999999998,0.1,1.120403915397018,1.1655255539447673,-0.038713555781795916,-0.0008659617106318405,0.04775212906364587
2025-06-06,CAUSAL_LSTM,18,2025-06-05,2025-06-06,2025-07-08,1,-8.415017876872019e-05,0.00035389044142987,-0.0004380406201985902,0.2839684503860913,0.7160315496139087,0.35389044142987003,0.7160315496139087,0.09999999999999998,0.1,1.1199131329710446,1.1655255539447673,-0.039134638292009694,-0.0004381365880172873,0.04779655065157371
2025-06-09,CAUSAL_LSTM,18,2025-06-05,2025-06-06,2025-07-08,0,0.0010398376706329962,0.0,0.0010398376706329962,0.2839923483929775,0.7160076516070224,0.0,0.7160315496139087,0.09999999999999998,0.1,1.1210776608345445,1.1655255539447673,-0.038135494292499295,0.001039297413929442,0.04776225557047201
2025-06-10,CAUSAL_LSTM,18,2025-06-05,2025-06-06,2025-07-08,0,0.003127723898407401,0.0,0.003127723898407401,0.28369734920221834,0.7163026507977817,0.0,0.7160315496139087,0.09999999999999998,0.1,1.1245840822263073,1.1655255539447673,-0.035127047690968194,0.0031228427452994877,0.04840934661089475
2025-06-11,CAUSAL_LSTM,18,2025-06-05,2025-06-06,2025-07-08,0,0.0014763846784046398,0.0,0.0014763846784046398,0.28281278888365174,0.7171872111163484,0.0,0.7160315496139087,0.09999999999999998,0.1,1.1262444009348842,1.1655255539447673,-0.0337025240475719,0.0014752958940566028,0.04172736913536824
2025-06-12,CAUSAL_LSTM,18,2025-06-05,2025-06-06,2025-07-08,0,0.0040541749727049355,0.0,0.0040541749727049355,0.28239586395686095,0.717604136043139,0.0,0.7160315496139087,0.09999999999999998,0.1,1.1308103927983035,1.1655255539447673,-0.02978498500437754,0.004045978949955927,0.04273631938902224
2025-06-13,CAUSAL_LSTM,18,2025-06-05,2025-06-06,2025-07-08,0,-0.00430704664354035,0.0,-0.00430704664354035,0.28125560452406645,0.7187443954759335,0.0,0.7160315496139087,0.09999999999999998,0.1,1.125939939691521,1.1655255539447673,-0.03396374632822696,-0.004316348688103735,0.04479818356169222
2025-06-16,CAUSAL_LSTM,18,2025-06-05,2025-06-06,2025-07-08,0,7.116618904410835e-05,0.0,7.116618904410835e-05,0.28247222557512314,0.7175277744248767,0.0,0.7160315496139087,0.09999999999999998,0.1,1.1260200685461215,1.1655255539447673,-0.03389499720957467,7.116365685101379e-05,0.04412925533039208
2025-06-17,CAUSAL_LSTM,18,2025-06-05,2025-06-06,2025-07-08,0,-0.00013190737100763673,0.0,-0.00013190737100763673,0.28245212453383267,0.7175478754661673,0.0,0.7160315496139087,0.09999999999999998,0.1,1.1258715381991777,1.1655255539447673,-0.03402243358061008,-0.00013191607155001867,0.044142008741955334
2025-06-18,CAUSAL_LSTM,18,2025-06-05,2025-06-06,2025-07-08,0,0.00031393980024387003,0.0,0.00031393980024387003,0.28248938696620496,0.717510613033795,0.0,0.7160315496139087,0.09999999999999998,0.1,1.1262249940849802,1.1655255539447673,-0.03371917477636832,0.000313890531456134,0.044135332681477804
2025-06-20,CAUSAL_LSTM,18,2025-06-05,2025-06-06,2025-07-08,0,-0.000516804231830893,0.0,-0.000516804231830893,0.2824007301373969,0.7175992698626031,0.0,0.7160315496139087,0.09999999999999998,0.1,1.1256429562420434,1.1655255539447673,-0.03421855279598096,-0.0005169378211662507,0.04425702840350082
2025-06-23,CAUSAL_LSTM,18,2025-06-05,2025-06-06,2025-07-08,0,0.001623349666000054,0.0,0.001623349666000054,0.28254675149425923,0.7174532485057407,0.0,0.7160315496139087,0.09999999999999998,0.1,1.1274702683590943,1.1655255539447673,-0.032650751806233225,0.001622033458182153,0.03593014428421944
2025-06-24,CAUSAL_LSTM,18,2025-06-05,2025-06-06,2025-07-08,0,0.004606168559405103,0.0,0.004606168559405103,0.28208882269814983,0.7179111773018501,0.0,0.7160315496139087,0.09999999999999998,0.1,1.132663586460874,1.1655255539447673,-0.02819497811323879,0.004595592628916519,0.03800393678907201
2025-06-25,CAUSAL_LSTM,18,2025-06-05,2025-06-06,2025-07-08,0,-0.00013968119957453014,0.0,-0.00013968119957453014,0.28079543160944587,0.7192045683905544,0.0,0.7160315496139087,0.09999999999999998,0.1,1.1325053746524028,1.1655255539447673,-0.028330721004448556,-0.00013969095590181502,0.03812940616353514
2025-06-26,CAUSAL_LSTM,18,2025-06-05,2025-06-06,2025-07-08,0,0.0038218095499319947,0.0,0.0038218095499319947,0.2808346589314875,0.7191653410685124,0.0,0.7160315496139087,0.09999999999999998,0.1,1.1368335945085988,1.1655255539447673,-0.024617186074607722,0.003814524990048616,0.036011269239329645
2025-06-27,CAUSAL_LSTM,18,2025-06-05,2025-06-06,2025-07-08,0,-0.0016287654101827952,0.0,-0.0016287654101827952,0.2797654486680271,0.7202345513319731,0.0,0.7160315496139087,0.09999999999999998,0.1,1.1349819592727295,1.1655255539447673,-0.026205855863616012,-0.0016300932906298691,0.03483695433879907
2025-06-30,CAUSAL_LSTM,18,2025-06-05,2025-06-06,2025-07-08,0,0.004237474195967885,0.0,0.004237474195967885,0.28022186434785373,0.7197781356521462,0.0,0.7160315496139087,0.09999999999999998,0.1,1.1397914160380367,1.1655255539447673,-0.02207942830565357,0.004228521384813745,0.03646563624529879
2025-07-01,CAUSAL_LSTM,18,2025-06-05,2025-06-06,2025-07-08,0,0.0017206213395760102,0.0,0.0017206213395760102,0.2790394419130897,0.7209605580869103,0.0,0.7160315496139087,0.09999999999999998,0.1,1.1417525654711371,1.1655255539447673,-0.020396797301586056,0.0017191427664788924,0.03560736890097384
2025-07-02,CAUSAL_LSTM,18,2025-06-05,2025-06-06,2025-07-08,0,0.0006299523672670258,0.0,0.0006299523672670258,0.27856014538258905,0.721439854617411,0.0,0.7160315496139087,0.09999999999999998,0.1,1.1424718152025888,1.1655255539447673,-0.019779693945063848,0.0006297540305652585,0.03456192150904234
2025-07-03,CAUSAL_LSTM,18,2025-06-05,2025-06-06,2025-07-08,0,0.00026573686214149814,0.0,0.00026573686214149814,0.2783847762337895,0.7216152237662105,0.0,0.7160315496139087,0.09999999999999998,0.1,1.1427754120778457,1.1655255539447673,-0.019519213276725567,0.00026570156035539985,0.034512356882341666
2025-07-07,CAUSAL_LSTM,18,2025-06-05,2025-06-06,2025-07-08,0,-0.005353852249420516,0.0,-0.005353852249420516,0.27831081879010416,0.7216891812098958,0.0,0.7160315496139087,0.09999999999999998,0.1,1.1366571613673102,1.1655255539447673,-0.024768562542237582,-0.005368235476459692,0.04073798573749058
2025-07-08,CAUSAL_LSTM,18,2025-06-05,2025-06-06,2025-07-08,0,0.00019230087787040366,0.0,0.00019230087787040366,0.2798088741604359,0.7201911258395642,0.0,0.7160315496139087,0.09999999999999998,0.1,1.1368757415372788,1.1655255539447673,-0.02458102468068768,0.00019228239042665192,0.04040716513337806
2025-07-09,CAUSAL_LSTM,19,2025-07-08,2025-07-09,2025-08-06,1,0.003671788636565211,0.0005458430087675741,0.003125945627797637,0.122950734364347,0.877049265635653,0.5458430087675741,0.8770492656356531,0.1,0.1,1.1404295532908864,1.1655255539447673,-0.02153191799951748,0.003121070017715957,0.04102587667622796
2025-07-10,CAUSAL_LSTM,19,2025-07-08,2025-07-09,2025-08-06,0,0.0017621472643605824,0.0,0.0017621472643605824,0.12250093681657526,0.8774990631834244,0.0,0.8770492656356531,0.1,0.1,1.1424391581084137,1.1655255539447673,-0.019807713145556405,0.0017605965043809705,0.041140534967659514
2025-07-11,CAUSAL_LSTM,19,2025-07-08,2025-07-09,2025-08-06,0,-0.001617068204368119,0.0,-0.001617068204368119,0.12228545184214057,0.8777145481578595,0.0,0.8770492656356531,0.1,0.1,1.1405917560704115,1.1655255539447673,-0.02139275092679549,-0.0016183770703642722,0.041189438920839046
2025-07-14,CAUSAL_LSTM,19,2025-07-08,2025-07-09,2025-08-06,0,-0.0008319190828991632,0.0,-0.0008319190828991632,0.12248351604149046,0.8775164839585095,0.0,0.8770492656356531,0.1,0.1,1.139642876022739,1.1655255539447673,-0.022206872971963,-0.0008322653196200177,0.04139826845472893
2025-07-15,CAUSAL_LSTM,19,2025-07-08,2025-07-09,2025-08-06,0,-0.006503176742952877,0.0,-0.006503176742952877,0.12258549725594438,0.8774145027440556,0.0,0.8770492656356531,0.1,0.1,1.132231576976116,1.1655255539447673,-0.02856563449507099,-0.006524414522255194,0.04611814703198653
2025-07-16,CAUSAL_LSTM,19,2025-07-08,2025-07-09,2025-08-06,0,0.004398214078679418,0.0,0.004398214078679418,0.12338791064682435,0.8766120893531757,0.0,0.8770492656356531,0.1,0.1,1.1372113738382976,1.1655255539447673,-0.024293058192194295,0.004388570202021334,0.045565551878632315
2025-07-17,CAUSAL_LSTM,19,2025-07-08,2025-07-09,2025-08-06,0,-0.0003876018512615889,0.0,-0.0003876018512615889,0.122847600600332,0.877152399399668,0.0,0.8770492656356531,0.1,0.1,1.136770588604522,1.1655255539447673,-0.02467124400912779,-0.0003876769882752639,0.04564436056369088
2025-07-18,CAUSAL_LSTM,19,2025-07-08,2025-07-09,2025-08-06,0,-0.0007513232167305573,0.0,-0.0007513232167305573,0.12289523502093734,0.877104764979063,0.0,0.8770492656356531,0.1,0.1,1.135916506469207,1.1655255539447673,-0.025404031147448825,-0.0007516056014688889,0.04579456146076631
2025-07-21,CAUSAL_LSTM,19,2025-07-08,2025-07-09,2025-08-06,0,0.002721543029883397,0.0,0.002721543029883397,0.12298763848910506,0.8770123615108951,0.0,0.8770492656356531,0.1,0.1,1.139007952119918,1.1655255539447673,-0.022751626281465542,0.0027178463372713748,0.046474529184078135
2025-07-22,CAUSAL_LSTM,19,2025-07-08,2025-07-09,2025-08-06,0,0.005967572458635848,0.0,0.005967572458635848,0.1226538308107735,0.8773461691892265,0.0,0.8770492656356531,0.1,0.1,1.145805064605156,1.1655255539447673,-0.016919825801215982,0.005949837021471637,0.049898766831050274
2025-07-23,CAUSAL_LSTM,19,2025-07-08,2025-07-09,2025-08-06,0,0.0034587610528005797,0.0,0.0034587610528005797,0.12192622721525834,0.8780737727847416,0.0,0.8770492656356531,0.1,0.1,1.149768130536714,1.1655255539447673,-0.013519586382916837,0.003452793295529063,0.05065508698907095
2025-07-24,CAUSAL_LSTM,19,2025-07-08,2025-07-09,2025-08-06,0,-0.002469990602982215,0.0,-0.002469990602982215,0.12150596710854046,0.8784940328914596,0.0,0.8770492656356531,0.1,0.1,1.1469282140586798,1.1655255539447673,-0.01595618373457708,-0.002473046062112157,0.05013014815828106
2025-07-25,CAUSAL_LSTM,19,2025-07-08,2025-07-09,2025-08-06,0,-0.00012962768562005064,0.0,-0.00012962768562005064,0.12180682883113242,0.8781931711688676,0.0,0.8770492656356531,0.1,0.1,1.146779540408719,1.1655255539447673,-0.01608374305702831,-0.00012963608801462006,0.05012830104306506
2025-07-28,CAUSAL_LSTM,19,2025-07-08,2025-07-09,2025-08-06,0,-0.0032783265209068335,0.0,-0.0032783265209068335,0.12182262041547304,0.878177379584527,0.0,0.8770492656356531,0.1,0.1,1.1430200226277638,1.1655255539447673,-0.01930934181651589,-0.0032837120067709604,0.05041656294555545
2025-07-29,CAUSAL_LSTM,19,2025-07-08,2025-07-09,2025-08-06,0,0.0006398841395972563,0.0,0.0006398841395972563,0.1222233083286398,0.8777766916713601,0.0,0.8770492656356531,0.1,0.1,1.1437514230114854,1.1655255539447673,-0.018681813418493065,0.0006396795010331966,0.049956299956876254
2025-07-30,CAUSAL_LSTM,19,2025-07-08,2025-07-09,2025-08-06,0,-0.005169402731314598,0.0,-0.005169402731314598,0.1221451495846918,0.8778548504153081,0.0,0.8770492656356531,0.1,0.1,1.137838911281425,1.1655255539447673,-0.023754642332496134,-0.005182810319723198,0.05140598310229117
2025-07-31,CAUSAL_LSTM,19,2025-07-08,2025-07-09,2025-08-06,0,-0.00537503289475387,0.0,-0.00537503289475387,0.12277984806663789,0.8772201519333622,0.0,0.8770492656356531,0.1,0.1,1.1317229897043564,1.1655255539447673,-0.029001993243309765,-0.005389530356957355,0.05409605996321995
2025-08-01,CAUSAL_LSTM,19,2025-07-08,2025-07-09,2025-08-06,0,0.0021839682303866604,0.0,0.0021839682303866604,0.1234433601882889,0.8765566398117113,0.0,0.8770492656356531,0.1,0.1,1.1341946367594689,1.1655255539447673,-0.026881364444784395,0.0021815868383969934,0.05473883193232602
2025-08-04,CAUSAL_LSTM,19,2025-07-08,2025-07-09,2025-08-06,0,0.0070512564445259504,0.0,0.0070512564445259504,0.12317435131821143,0.8768256486817886,0.0,0.8770492656356531,0.1,0.1,1.142192134001266,1.1655255539447673,-0.020019655394537206,0.007026512584578194,0.060407805529973414
2025-08-05,CAUSAL_LSTM,19,2025-07-08,2025-07-09,2025-08-06,0,-0.001197977880362006,0.0,-0.001197977880362006,0.12231189875388092,0.8776881012461191,0.0,0.8770492656356531,0.1,0.1,1.140823813089609,1.1655255539447673,-0.021193650170564182,-0.0011986960294713845,0.05741275782888134
2025-08-06,CAUSAL_LSTM,19,2025-07-08,2025-07-09,2025-08-06,0,-0.0021109960460897704,0.0,-0.0021109960460897704,0.1224586014496777,0.8775413985503223,0.0,0.8770492656356531,0.1,0.1,1.1384155385308916,1.1655255539447673,-0.023259906504941696,-0.0021132273389630587,0.05795654339353124
2025-08-07,CAUSAL_LSTM,20,2025-08-06,2025-08-07,2025-09-05,1,-0.00019134755015225662,0.0006656794142886848,-0.0008570269644409415,0.035617905487609236,0.9643820945123908,0.6656794142886848,1.0,0.05600586137998087,0.1,1.1374398857176322,1.1655255539447673,-0.02409699910231744,-0.0008573944220121966,0.0569425219379936
2025-08-08,CAUSAL_LSTM,20,2025-08-06,2025-08-07,2025-09-05,0,0.0013869271850863773,0.0,0.0013869271850863773,0.03562472219092532,0.9643752778090746,0.0,1.0,0.05600586137998087,0.1,1.1390174320165356,1.1655255539447673,-0.02274349270036502,0.0013859662899364717,0.05680082460610445
2025-08-11,CAUSAL_LSTM,20,2025-08-06,2025-08-07,2025-09-05,0,-0.001219315436317551,0.0,-0.001219315436317551,0.035575381726888476,0.9644246182731113,0.0,1.0,0.05600586137998087,0.1,1.137628610479443,1.1655255539447673,-0.0239350766449572,-0.0012200594062016371,0.05668709449162733
2025-08-12,CAUSAL_LSTM,20,2025-08-06,2025-08-07,2025-09-05,0,0.004805367649256565,0.0,0.004805367649256565,0.03561881229454251,0.9643811877054576,0.0,1.0,0.05600586137998087,0.1,1.1430953342011096,1.1655255539447673,-0.019244725838692855,0.004793858725148695,0.05910017702390721
2025-08-13,CAUSAL_LSTM,20,2025-08-06,2025-08-07,2025-09-05,0,0.005769941799943627,0.0,0.005769941799943627,0.03544846936663242,0.9645515306333674,0.0,1.0,0.05600586137998087,0.1,1.1496909277512373,1.1655255539447673,-0.013585824986794282,0.005753359441342774,0.05690814101412337
2025-08-14,CAUSAL_LSTM,20,2025-08-06,2025-08-07,2025-09-05,0,-0.002438061472729387,0.0,-0.002438061472729387,0.03524510714964619,0.9647548928503538,0.0,1.0,0.05600586137998087,0.1,1.1468879105947405,1.1655255539447673,-0.015990763383048057,-0.00244103838418155,0.056288296681572515
2025-08-15,CAUSAL_LSTM,20,2025-08-06,2025-08-07,2025-09-05,0,-0.00024098189973226387,0.0,-0.00024098189973226387,0.03533124690150023,0.9646687530984998,0.0,1.0,0.05600586137998087,0.1,1.1466115313672653,1.1655255539447673,-0.016227891798242133,-0.00024101094053589556,0.056264610399619705
2025-08-18,CAUSAL_LSTM,20,2025-08-06,2025-08-07,2025-09-05,0,-0.0008412340252176024,0.0,-0.0008412340252176024,0.035339763144758944,0.964660236855241,0.0,1.0,0.05600586137998087,0.1,1.1456469627333723,1.1655255539447673,-0.017055474368721568,-0.0008415880611254875,0.05628888520908464
2025-08-19,CAUSAL_LSTM,20,2025-08-06,2025-08-07,2025-09-05,0,-0.0013242430777768376,0.0,-0.0013242430777768376,0.03536951718607139,0.9646304828139286,0.0,1.0,0.05600586137998087,0.1,1.1441298476733965,1.1655255539447673,-0.01835713185262744,-0.0013251206624838975,0.05593805667282085
2025-08-20,CAUSAL_LSTM,20,2025-08-06,2025-08-07,2025-09-05,0,0.0015510182364483437,0.0,0.0015510182364483437,0.03541641713129717,0.9645835828687028,0.0,1.0,0.05600586137998087,0.1,1.145904413932003,1.1655255539447673,-0.016834585862451346,0.0015498166499580289,0.05220495534521606
2025-08-21,CAUSAL_LSTM,20,2025-08-06,2025-08-07,2025-09-05,0,-0.0026037033523137964,0.0,-0.0026037033523137964,0.03536157069028708,0.964638429309713,0.0,1.0,0.05600586137998087,0.1,1.142920818768017,1.1655255539447673,-0.019394456947120164,-0.002607098883137839,0.05137491399337878
2025-08-22,CAUSAL_LSTM,20,2025-08-06,2025-08-07,2025-09-05,0,0.01110292262626293,0.0,0.01110292262626293,0.035453882081916306,0.9645461179180838,0.0,1.0,0.05600586137998087,0.1,1.1556105801867433,1.1655255539447673,-0.008506869475719658,0.011041737652293732,0.06392021870366185
2025-08-25,CAUSAL_LSTM,20,2025-08-06,2025-08-07,2025-09-05,0,-0.004060320117708377,0.0,-0.004060320117708377,0.03506456295253063,0.9649354370474694,0.0,1.0,0.05600586137998087,0.1,1.1509184312997744,1.1655255539447673,-0.012532648980157046,-0.004068585598690109,0.06573045920674757
2025-08-26,CAUSAL_LSTM,20,2025-08-06,2025-08-07,2025-09-05,0,0.0017142903904697575,0.0,0.0017142903904697575,0.03520751674104886,0.9647924832589512,0.0,1.0,0.05600586137998087,0.1,1.152891439706766,1.1655255539447673,-0.010839843189401233,0.0017128226718561958,0.06469169748527014
2025-08-27,CAUSAL_LSTM,20,2025-08-06,2025-08-07,2025-09-05,0,0.0009126048340142389,0.0,0.0009126048340142389,0.035147264123909935,0.9648527358760899,0.0,1.0,0.05600586137998087,0.1,1.153943574007736,1.1655255539447673,-0.009937130848681641,0.0009121886634030003,0.06471080017190538
2025-08-28,CAUSAL_LSTM,20,2025-08-06,2025-08-07,2025-09-05,0,0.002686483991673306,0.0,0.002686483991673306,0.03511521780639237,0.9648847821936078,0.0,1.0,0.05600586137998087,0.1,1.157043624946602,1.1655255539447673,-0.00727734279995651,0.00268288184352121,0.06179697084600063
2025-08-29,CAUSAL_LSTM,20,2025-08-06,2025-08-07,2025-09-05,0,-0.002313710637813029,0.0,-0.002313710637813029,0.03502113409028856,0.9649788659097115,0.0,1.0,0.05600586137998087,0.1,1.1543665608031493,1.1655255539447673,-0.009574215772318317,-0.0023163914020775775,0.05876300108690079
2025-09-02,CAUSAL_LSTM,20,2025-08-06,2025-08-07,2025-09-05,0,-0.0014950433653947446,0.0,-0.0014950433653947446,0.03510235077268356,0.9648976492273166,0.0,1.0,0.05600586137998087,0.1,1.1526407327351869,1.1655255539447673,-0.011054945269943883,-0.0014961620578618085,0.05916622518272404
2025-09-03,CAUSAL_LSTM,20,2025-08-06,2025-08-07,2025-09-05,0,0.002569420822186717,0.0,0.002569420822186717,0.03515490888597459,0.9648450911140256,0.0,1.0,0.05600586137998087,0.1,1.1556023518343772,1.1655255539447673,-0.008513929254321928,0.0025661255040050927,0.055099370060342004
2025-09-04,CAUSAL_LSTM,20,2025-08-06,2025-08-07,2025-09-05,0,0.004714190544425021,0.0,0.004714190544425021,0.03506481262628653,0.9649351873737133,0.0,1.0,0.05600586137998087,0.1,1.1610500815145102,1.1655255539447673,-0.003839874994683523,0.004703113547255458,0.056506408854158384
2025-09-05,CAUSAL_LSTM,20,2025-08-06,2025-08-07,2025-09-05,0,0.00310182215390531,0.0,0.00310182215390531,0.03490028602789609,0.9650997139721038,0.0,1.0,0.05600586137998087,0.1,1.1646514523791456,1.1655255539447673,-0.0007499634501048069,0.0030970214283375305,0.055958845150961035
2025-09-08,CAUSAL_LSTM,21,2025-09-05,2025-09-08,2025-10-06,1,0.00445047389776778,0.00020897051371005675,0.004241503384057724,0.0,1.0000000000000002,0.20897051371005676,1.0,0.05365671650001701,0.1,1.1695913254556594,1.1695913254556594,0.0,0.004232533563317798,0.056507881177884356
2025-09-09,CAUSAL_LSTM,21,2025-09-05,2025-09-08,2025-10-06,0,-8.538631478048357e-05,0.0,-8.538631478048357e-05,0.0,1.0,0.0,1.0,0.05365671650001701,0.1,1.1694914583625795,1.1695913254556594,-8.538631478050007e-05,-8.538996039938492e-05,0.05671812723406329
2025-09-10,CAUSAL_LSTM,21,2025-09-05,2025-09-08,2025-10-06,0,0.002542970024520487,0.0,0.002542970024520487,0.0,1.0000000000000002,0.0,1.0,0.05365671650001701,0.1,1.1724654400851284,1.1724654400851284,0.0,0.002539742147352856,0.05614141224542064
2025-09-11,CAUSAL_LSTM,21,2025-09-05,2025-09-08,2025-10-06,0,0.006534712724590178,0.0,0.006534712724590178,0.0,1.0000000000000002,0.0,1.0,0.05365671650001701,0.1,1.180127164915595,1.180127164915595,0.0,0.006513454052014328,0.05773072827552318
2025-09-12,CAUSAL_LSTM,21,2025-09-05,2025-09-08,2025-10-06,0,-0.0021409915964713403,0.0,-0.0021409915964713403,0.0,1.0,0.0,1.0,0.05365671650001701,0.1,1.1776005225727433,1.180127164915595,-0.0021409915964712978,-0.0021432867955658956,0.056906463977042306
2025-09-15,CAUSAL_LSTM,21,2025-09-05,2025-09-08,2025-10-06,0,0.00347679307265013,0.0,0.00347679307265013,0.0,1.0,0.0,1.0,0.05365671650001701,0.1,1.1816947959119732,1.1816947959119732,0.0,0.003470763000448555,0.055892038396117234
2025-09-16,CAUSAL_LSTM,21,2025-09-05,2025-09-08,2025-10-06,0,0.0004963899649751283,0.0,0.0004963899649751283,0.0,1.0,0.0,1.0,0.05365671650001701,0.1,1.1822813773503271,1.1822813773503271,0.0,0.0004962668042319501,0.055673276236615436
2025-09-17,CAUSAL_LSTM,21,2025-09-05,2025-09-08,2025-10-06,0,-0.0011492493050980685,0.0,-0.0011492493050980685,0.0,1.0,0.0,1.0,0.05365671650001701,0.1,1.1809226412989768,1.1822813773503271,-0.0011492493050980768,-0.0011499101984834023,0.05584378049459671
2025-09-18,CAUSAL_LSTM,21,2025-09-05,2025-09-08,2025-10-06,0,0.0007655215282434257,0.0,0.0007655215282434257,0.0,1.0,0.0,1.0,0.05365671650001701,0.1,1.1818266630040812,1.1822813773503271,-0.0003846075519391423,0.0007652286660903148,0.05500079811889589
2025-09-19,CAUSAL_LSTM,21,2025-09-05,2025-09-08,2025-10-06,0,9.654373956329053e-05,0.0,9.654373956329053e-05,0.0,0.9999999999999999,0.0,1.0,0.05365671650001701,0.1,1.1819407609696433,1.1822813773503271,-0.0002881009438271409,9.653907951639593e-05,0.05522867488255237
2025-09-22,CAUSAL_LSTM,21,2025-09-05,2025-09-08,2025-10-06,0,0.0018120864859597417,0.0,0.0018120864859597417,0.0,1.0,0.0,1.0,0.05365671650001701,0.1,1.1840825398498012,1.1840825398498012,0.0,0.0018104466379754958,0.053197889838354245
2025-09-23,CAUSAL_LSTM,21,2025-09-05,2025-09-08,2025-10-06,0,0.0008352539222111037,0.0,0.0008352539222111037,0.0,1.0,0.0,1.0,0.05365671650001701,0.1,1.1850715494354325,1.1850715494354325,0.0,0.000834905291770275,0.04090787786040049
2025-09-24,CAUSAL_LSTM,21,2025-09-05,2025-09-08,2025-10-06,0,-0.0032010959267278565,0.0,-0.0032010959267278565,0.0,1.0,0.0,1.0,0.05365671650001701,0.1,1.1812780217256535,1.1850715494354325,-0.0032010959267279038,-0.003206230394504447,0.03959686165898916
2025-09-25,CAUSAL_LSTM,21,2025-09-05,2025-09-08,2025-10-06,0,-0.002462619486919956,0.0,-0.002462619486919956,0.0,1.0,0.0,1.0,0.05365671650001701,0.1,1.1783689834498816,1.1850715494354325,-0.00565583233243927,-0.002465656721682283,0.041564694948431284
2025-09-26,CAUSAL_LSTM,21,2025-09-05,2025-09-08,2025-10-06,0,0.003887579040662374,0.0,0.003887579040662374,0.0,1.0,0.0,1.0,0.05365671650001701,0.1,1.182949986012108,1.1850715494354325,-0.0017902407870100667,0.0038800419330162193,0.04270477665119683
2025-09-29,CAUSAL_LSTM,21,2025-09-05,2025-09-08,2025-10-06,0,0.0033647649315041053,0.0,0.0033647649315041053,0.0,0.9999999999999999,0.0,1.0,0.05365671650001701,0.1,1.1869303346407647,1.1869303346407647,0.0,0.003359116776245577,0.043066911962464614
2025-09-30,CAUSAL_LSTM,21,2025-09-05,2025-09-08,2025-10-06,0,0.0014379992409852918,0.0,0.0014379992409852918,0.0,1.0000000000000002,0.0,1.0,0.05365671650001701,0.1,1.1886371395610804,1.1886371395610804,0.0,0.0014369663101939784,0.04110782496958974
2025-10-01,CAUSAL_LSTM,21,2025-09-05,2025-09-08,2025-10-06,0,0.003974078224788285,0.0,0.003974078224788285,0.0,0.9999999999999999,0.0,1.0,0.05365671650001701,0.1,1.193360876534585,1.193360876534585,0.0,0.003966202435027326,0.04062249889668868
2025-10-02,CAUSAL_LSTM,21,2025-09-05,2025-09-08,2025-10-06,0,0.000370278525056708,0.0,0.000370278525056708,0.0,0.9999999999999999,0.0,1.0,0.05365671650001701,0.1,1.1938027524398085,1.1938027524398085,0.0,0.0003702099888814429,0.040712841002607
2025-10-03,CAUSAL_LSTM,21,2025-09-05,2025-09-08,2025-10-06,0,0.0021226829482359163,0.0,0.0021226829482359163,0.0,0.9999999999999999,0.0,1.0,0.05365671650001701,0.1,1.1963368171859696,1.1963368171859696,0.0,0.00212043323983581,0.039144296292929676
2025-10-06,CAUSAL_LSTM,21,2025-09-05,2025-09-08,2025-10-06,0,0.0016098561932802913,0.0,0.0016098561932802913,0.0,0.9999999999999998,0.0,1.0,0.05365671650001701,0.1,1.1982627474203655,1.1982627474203655,0.0,0.0016085617638427225,0.038680377912148234
2025-10-07,CAUSAL_LSTM,22,2025-10-06,2025-10-07,2025-11-05,1,-0.0015492826779222328,0.00046096459059956373,-0.0020102472685217965,1.1102230246251565e-16,0.9999999999999999,0.46096459059956374,1.0,0.050652883183042695,0.1,1.1958539430053923,1.1982627474203655,-0.0020102472685218364,-0.0020122705275173957,0.0388751510560113
2025-10-08,CAUSAL_LSTM,22,2025-10-06,2025-10-07,2025-11-05,0,0.003129062439020401,0.0,0.003129062439020401,1.111945742903426e-16,0.9999999999999997,0.0,1.0,0.050652883183042695,0.1,1.1995958446610049,1.1995958446610049,0.0,0.003124177111490411,0.03927416830494711
2025-10-09,CAUSAL_LSTM,22,2025-10-06,2025-10-07,2025-11-05,0,-0.005322000824232584,0.0,-0.005322000824232584,1.1084772483810084e-16,0.9999999999999999,0.0,1.0,0.050652883183042695,0.1,1.193211594586973,1.1995958446610049,-0.00532200082423262,-0.005336213118273504,0.04497735974674137
2025-10-10,CAUSAL_LSTM,22,2025-10-06,2025-10-07,2025-11-05,0,-0.013959960689740421,0.0,-0.013959960689740421,1.1144081293640152e-16,0.9999999999999999,0.0,1.0,0.050652883183042695,0.1,1.1765544076319965,1.1995958446610049,-0.019207666591675943,-0.014058317384240945,0.06448018106761763
2025-10-14,CAUSAL_LSTM,22,2025-10-06,2025-10-07,2025-11-05,0,0.0007789778967491758,0.0,0.0007789778967491758,1.1301854741553393e-16,0.9999999999999997,0.0,1.0,0.050652883183042695,0.1,1.1774709175098645,1.1995958446610049,-0.018443651042649778,0.0007786746509383346,0.0641323775949916
2025-10-15,CAUSAL_LSTM,22,2025-10-06,2025-10-07,2025-11-05,0,0.004492791376039346,0.0,0.004492791376039346,1.1293057699218986e-16,0.9999999999999997,0.0,1.0,0.050652883183042695,0.1,1.18276104869359,1.1995958446610049,-0.014033723142957588,0.0044827289166285466,0.06491451470549553
2025-10-16,CAUSAL_LSTM,22,2025-10-06,2025-10-07,2025-11-05,0,-0.0006974513321064932,0.0,-0.0006974513321064932,1.1242547279755788e-16,1.0,0.0,1.0,0.050652883183042695,0.1,1.181936130424615,1.1995958446610049,-0.014721386636163625,-0.0006976946644350379,0.06494121464054739
2025-10-17,CAUSAL_LSTM,22,2025-10-06,2025-10-07,2025-11-05,0,0.0007685915289671684,0.0,0.0007685915289671684,1.125039388195548e-16,0.9999999999999999,0.0,1.0,0.050652883183042695,0.1,1.1828445565222396,1.1995958446610049,-0.013964109840259642,0.0007682963137548913,0.06485832674373306
2025-10-20,CAUSAL_LSTM,22,2025-10-06,2025-10-07,2025-11-05,0,0.009372156978304865,0.0,0.009372156978304865,1.1241753565394379e-16,0.9999999999999999,0.0,1.0,0.050652883183042695,0.1,1.1939303613868997,1.1995958446610049,-0.004722826691439752,0.009328510808996764,0.07235317739570828
2025-10-21,CAUSAL_LSTM,22,2025-10-06,2025-10-07,2025-11-05,0,-0.006113522331550993,0.0,-0.006113522331550993,1.1137372363279883e-16,0.9999999999999998,0.0,1.0,0.050652883183042695,0.1,1.186631241460244,1.1995958446610049,-0.010807475916544629,-0.006132286424758005,0.07590500575930316
2025-10-22,CAUSAL_LSTM,22,2025-10-06,2025-10-07,2025-11-05,0,-0.00045177320256188115,0.0,-0.00045177320256188115,1.1205879759433858e-16,0.9999999999999999,0.0,1.0,0.050652883183042695,0.1,1.1860951532640296,1.1995958446610049,-0.011254366591100129,-0.0004518752828210658,0.07570022988814472
2025-10-23,CAUSAL_LSTM,22,2025-10-06,2025-10-07,2025-11-05,0,0.004547559886318924,0.0,0.004547559886318924,1.1210944563763175e-16,0.9999999999999998,0.0,1.0,0.050652883183042695,0.1,1.1914889920043703,1.1995958446610049,-0.006757986610836819,0.004537250977630191,0.07723576853814222
2025-10-24,CAUSAL_LSTM,22,2025-10-06,2025-10-07,2025-11-05,0,0.0032604164466115237,0.0,0.0032604164466115237,1.1160192918125125e-16,0.9999999999999997,0.0,1.0,0.050652883183042695,0.1,1.1953737423098578,1.1995958446610049,-0.0035196040149173546,0.003255112813816503,0.07682720784663971
2025-10-27,CAUSAL_LSTM,22,2025-10-06,2025-10-07,2025-11-05,0,0.0036021576397570194,0.0,0.0036021576397570194,1.1123924292411287e-16,0.9999999999999997,0.0,1.0,0.050652883183042695,0.1,1.199679666968084,1.199679666968084,0.0,0.0035956854079357385,0.07668376734983033
2025-10-28,CAUSAL_LSTM,22,2025-10-06,2025-10-07,2025-11-05,0,-0.0011690092811044686,0.0,-0.0011690092811044686,1.1083997984392756e-16,0.9999999999999998,0.0,1.0,0.050652883183042695,0.1,1.198277230303046,1.199679666968084,-0.0011690092811045272,-0.0011696931054374,0.07616599901165987
2025-10-29,CAUSAL_LSTM,22,2025-10-06,2025-10-07,2025-11-05,0,-0.0026010072842867255,0.0,-0.0026010072842867255,1.1096970445836082e-16,1.0,0.0,1.0,0.050652883183042695,0.1,1.1951605024984329,1.199679666968084,-0.0037669759637356526,-0.0026043957806777033,0.07625836001063135
2025-10-30,CAUSAL_LSTM,22,2025-10-06,2025-10-07,2025-11-05,0,-0.00400038947039559,0.0,-0.00400038947039559,1.1125909016231612e-16,0.9999999999999999,0.0,1.0,0.050652883183042695,0.1,1.1903793950088055,1.199679666968084,-0.007752296063150643,-0.0040084124321489965,0.07758305974134792
2025-10-31,CAUSAL_LSTM,22,2025-10-06,2025-10-07,2025-11-05,0,0.00020210147134334271,0.0,0.00020210147134334271,1.117059574984735e-16,0.9999999999999999,0.0,1.0,0.050652883183042695,0.1,1.1906199724359936,1.199679666968084,-0.007551761342247887,0.000202081051592178,0.07628599375807697
2025-11-03,CAUSAL_LSTM,22,2025-10-06,2025-10-07,2025-11-05,0,0.00024026936201590335,0.0,0.00024026936201590335,1.1168338612181366e-16,0.9999999999999998,0.0,1.0,0.050652883183042695,0.1,1.1909060419371742,1.199679666968084,-0.007313306437111811,0.00024024050195544126,0.0762770240468233
2025-11-04,CAUSAL_LSTM,22,2025-10-06,2025-10-07,2025-11-05,0,-0.0069244566748293285,0.0,-0.0069244566748293285,1.1165655847174475e-16,0.9999999999999997,0.0,1.0,0.050652883183042695,0.1,1.1826596646459877,1.199679666968084,-0.014187122438367616,-0.006948541974421831,0.0793353737796394
2025-11-05,CAUSAL_LSTM,22,2025-10-06,2025-10-07,2025-11-05,0,0.002490890830677028,0.0,0.002490890830677028,1.1243511052329295e-16,1.0,0.0,1.0,0.050652883183042695,0.1,1.185605540760466,1.199679666968084,-0.011731570180885997,0.0024877937041151363,0.0796941035594936
2025-11-06,CAUSAL_LSTM,23,2025-11-05,2025-11-06,2025-12-08,1,-0.0007203635785063551,0.00043105201232946906,-0.001151415590835824,0.0,1.0,0.43105201232946905,1.0,0.05619512522163342,0.1,1.184240416056253,1.199679666968084,-0.012869477858910683,-0.0011520789790398053,0.07954477392066882
2025-11-07,CAUSAL_LSTM,23,2025-11-05,2025-11-06,2025-12-08,0,0.0007485809052719958,0.0,0.0007485809052719958,0.0,1.0,0.0,1.0,0.05619512522163342,0.1,1.1851269158189641,1.199679666968084,-0.012130530799024597,0.0007483008583359379,0.07861446583254776
2025-11-10,CAUSAL_LSTM,23,2025-11-05,2025-11-06,2025-12-08,0,0.007509961686266387,0.0,0.007509961686266387,0.0,0.9999999999999999,0.0,1.0,0.05619512522163342,0.1,1.1940271735501276,1.199679666968084,-0.0047116689342929785,0.007481902319612635,0.08133174740636412
2025-11-12,CAUSAL_LSTM,23,2025-11-05,2025-11-06,2025-12-08,0,0.0006470034219253191,0.0,0.0006470034219253191,0.0,1.0,0.0,1.0,0.05619512522163342,0.1,1.1947997132172863,1.199679666968084,-0.004067713978291199,0.000646794205448981,0.06315144934992989
2025-11-13,CAUSAL_LSTM,23,2025-11-05,2025-11-06,2025-12-08,0,-0.008771622471254207,0.0,-0.008771622471254207,0.0,1.0,0.0,1.0,0.05619512522163342,0.1,1.1843193812041815,1.199679666968084,-0.012803655998206764,-0.008810319608954996,0.07127693414049162
2025-11-14,CAUSAL_LSTM,23,2025-11-05,2025-11-06,2025-12-08,0,-0.002067954880338527,0.0,-0.002067954880338527,0.0,1.0000000000000002,0.0,1.0,0.05619512522163342,0.1,1.1818702621599408,1.199679666968084,-0.014845133495637541,-0.0020700960514381623,0.0700074289285229
2025-11-17,CAUSAL_LSTM,23,2025-11-05,2025-11-06,2025-12-08,0,-0.005438062618175052,0.0,-0.005438062618175052,0.0,0.9999999999999999,0.0,1.0,0.05619512522163342,0.1,1.175443177667756,1.199679666968084,-0.020202467348288233,-0.00545290270603134,0.07246854857763367
2025-11-18,CAUSAL_LSTM,23,2025-11-05,2025-11-06,2025-12-08,0,-0.001122972332875264,0.0,-0.001122972332875264,0.0,1.0,0.0,1.0,0.05619512522163342,0.1,1.1741231875003681,1.199679666968084,-0.02130275286927552,-0.0011236033387511271,0.07242586975978177
2025-11-19,CAUSAL_LSTM,23,2025-11-05,2025-11-06,2025-12-08,0,-0.00039058654783571815,0.0,-0.00039058654783571815,0.0,1.0000000000000002,0.0,1.0,0.05619512522163342,0.1,1.1736645907778285,1.199679666968084,-0.021685018848408677,-0.0003906628466295617,0.06330855925038517
2025-11-20,CAUSAL_LSTM,23,2025-11-05,2025-11-06,2025-12-08,0,-0.005952419494789287,0.0,-0.005952419494789287,0.0,1.0,0.0,1.0,0.05619512522163342,0.1,1.1666784467873386,1.199679666968084,-0.027508360014259936,-0.005970205759705768,0.0631393041823843
2025-11-21,CAUSAL_LSTM,23,2025-11-05,2025-11-06,2025-12-08,0,0.005964954654229406,0.0,0.005964954654229406,0.0,1.0,0.0,1.0,0.05619512522163342,0.1,1.1736376308184917,1.199679666968084,-0.02170749148012785,0.005947234742944732,0.06734465968810316
2025-11-24,CAUSAL_LSTM,23,2025-11-05,2025-11-06,2025-12-08,0,0.007038476015242698,0.0,0.007038476015242698,0.0,1.0000000000000002,0.0,1.0,0.05619512522163342,0.1,1.1818982511335938,1.199679666968084,-0.014821803123019284,0.007013821561852195,0.0701673045302983
2025-11-25,CAUSAL_LSTM,23,2025-11-05,2025-11-06,2025-12-08,0,0.005329705194677441,0.0,0.005329705194677441,0.0,1.0000000000000002,0.0,1.0,0.05619512522163342,0.1,1.1881974203822407,1.199679666968084,-0.009571093769440986,0.005315552579851918,0.07185675955229658
2025-11-26,CAUSAL_LSTM,23,2025-11-05,2025-11-06,2025-12-08,0,0.005395370377999201,0.0,0.005395370377999201,0.0,1.0000000000000002,0.0,1.0,0.05619512522163342,0.1,1.1946081855473862,1.199679666968084,-0.00422736298725046,0.005380867509419205,0.07332321185941375
2025-11-28,CAUSAL_LSTM,23,2025-11-05,2025-11-06,2025-12-08,0,0.002487906928914283,0.0,0.002487906928914283,0.0,1.0,0.0,1.0,0.05619512522163342,0.1,1.1975802595295473,1.199679666968084,-0.001749973344003175,0.002484817212028455,0.07380660845674329
2025-12-01,CAUSAL_LSTM,23,2025-11-05,2025-11-06,2025-12-08,0,-0.004492594572089361,0.0,-0.004492594572089361,0.0,1.0,0.0,1.0,0.05619512522163342,0.1,1.1922000169559435,1.199679666968084,-0.006234705995345924,-0.00450271660258055,0.07492610905164115
2025-12-02,CAUSAL_LSTM,23,2025-11-05,2025-11-06,2025-12-08,0,4.064461800552024e-05,0.0,4.064461800552024e-05,0.0,1.0,0.0,1.0,0.05619512522163342,0.1,1.1922484734702188,1.199679666968084,-0.006194314784583987,4.064379203541458e-05,0.07357790086578749
2025-12-03,CAUSAL_LSTM,23,2025-11-05,2025-11-06,2025-12-08,0,0.004144067232930759,0.0,0.004144067232930759,0.0,1.0,0.0,1.0,0.05619512522163342,0.1,1.1971892313026384,1.199679666968084,-0.0020759172085825783,0.004135504235255581,0.07491324689730466
2025-12-04,CAUSAL_LSTM,23,2025-11-05,2025-11-06,2025-12-08,0,-0.00019055274902622657,0.0,-0.00019055274902622657,0.0,1.0000000000000002,0.0,1.0,0.05619512522163342,0.1,1.196961103603509,1.199679666968084,-0.002266074385878003,-0.00019057090650798262,0.07492968805300126
2025-12-05,CAUSAL_LSTM,23,2025-11-05,2025-11-06,2025-12-08,0,6.340794824183588e-05,0.0,6.340794824183588e-05,0.0,1.0000000000000002,0.0,1.0,0.05619512522163342,0.1,1.1970370004512139,1.199679666968084,-0.0022028101247635323,6.340593804286037e-05,0.07024228493660853
2025-12-08,CAUSAL_LSTM,23,2025-11-05,2025-11-06,2025-12-08,0,-0.0034774194607473273,0.0,-0.0034774194607473273,0.0,1.0,0.0,1.0,0.05619512522163342,0.1,1.1928744006906102,1.199679666968084,-0.005672569490714596,-0.0034834797372949324,0.07123259737863258
2025-12-09,CAUSAL_LSTM,24,2025-12-08,2025-12-09,2025-12-31,1,-0.0006121729540860389,0.0005177835012806456,-0.0011299564553666846,0.04965583888639946,0.9503441611136005,0.5177835012806457,1.0,0.05627782674377718,0.1,1.191526504561108,1.199679666968084,-0.006796116189566881,-0.001130595337480188,0.07122715192543266
2025-12-10,CAUSAL_LSTM,24,2025-12-08,2025-12-09,2025-12-31,0,0.005539782916627597,0.0,0.005539782916627597,0.04968625546818689,0.950313744531813,0.0,1.0,0.05627782674377718,0.1,1.1981273027357846,1.199679666968084,-0.0012939822813057278,0.005524494755320249,0.07349804229928292
2025-12-11,CAUSAL_LSTM,24,2025-12-08,2025-12-09,2025-12-31,0,0.001097012610245988,0.0,0.001097012610245988,0.04941252082942851,0.9505874791705714,0.0,1.0,0.05627782674377718,0.1,1.1994416634955658,1.199679666968084,-0.0001983891859397291,0.0010964113316124541,0.06907176353637924
2025-12-12,CAUSAL_LSTM,24,2025-12-08,2025-12-09,2025-12-31,0,-0.005860777589863633,0.0,-0.005860777589863633,0.04935837407065177,0.9506416259293483,0.0,1.0,0.05627782674377718,0.1,1.1924120026738023,1.199679666968084,-0.006058004060908284,-0.0058780193465818335,0.07218630402486194
2025-12-15,CAUSAL_LSTM,24,2025-12-08,2025-12-09,2025-12-31,0,-0.00012036468833539037,0.0,-0.00012036468833539037,0.04964935791487036,0.9503506420851298,0.0,1.0,0.05627782674377718,0.1,1.192268478374733,1.199679666968084,-0.006177639579472927,-0.00012037193274580937,0.06487343340647392
2025-12-16,CAUSAL_LSTM,24,2025-12-08,2025-12-09,2025-12-31,0,-0.0014086018142003827,0.0,-0.0014086018142003827,0.04965533466375134,0.9503446653362484,0.0,1.0,0.05627782674377718,0.1,1.1905890468330804,1.199679666968084,-0.007577539559354252,-0.0014095948263512215,0.06460680605884353
2025-12-17,CAUSAL_LSTM,24,2025-12-08,2025-12-09,2025-12-31,0,-0.002324888079493479,0.0,-0.002324888079493479,0.04972537792130309,0.9502746220786968,0.0,1.0,0.05627782674377718,0.1,1.1878210605505226,1.199679666968084,-0.009884810707454394,-0.0023275948278563678,0.06192112932859244
2025-12-18,CAUSAL_LSTM,24,2025-12-08,2025-12-09,2025-12-31,0,0.003451463037112698,0.0,0.003451463037112698,0.04984125325686701,0.9501587467431332,0.0,1.0,0.05627782674377718,0.1,1.1919207810357169,1.199679666968084,-0.006467464729127181,0.0034455204084807914,0.062433479603068553
2025-12-19,CAUSAL_LSTM,24,2025-12-08,2025-12-09,2025-12-31,0,0.002530648288263882,0.0,0.002530648288263882,0.0496698197100776,0.9503301802899222,0.0,1.0,0.05627782674377718,0.1,1.194937113319991,1.199679666968084,-0.003953183319409526,0.0025274515898947923,0.0625996353961178
2025-12-22,CAUSAL_LSTM,24,2025-12-08,2025-12-09,2025-12-31,0,0.003990599392233294,0.0,0.003990599392233294,0.04954444015740029,0.9504555598425997,0.0,1.0,0.05627782674377718,0.1,1.1997056286381629,1.1997056286381629,0.0,0.00398265807055672,0.058270860535925006
2025-12-23,CAUSAL_LSTM,24,2025-12-08,2025-12-09,2025-12-31,0,0.0025743634477212707,0.0,0.0025743634477212707,0.04934751399803153,0.9506524860019686,0.0,1.0,0.05627782674377718,0.1,1.2027941069565544,1.2027941069565544,0.0,0.0025710554502496844,0.05603020800031257
2025-12-24,CAUSAL_LSTM,24,2025-12-08,2025-12-09,2025-12-31,0,0.002305205779412283,0.0,0.002305205779412283,0.049220801765099916,0.9507791982349003,0.0,1.0,0.05627782674377718,0.1,1.2055667948833535,1.2055667948833535,0.0,0.002302552868790597,0.052074574936561646
2025-12-26,CAUSAL_LSTM,24,2025-12-08,2025-12-09,2025-12-31,0,0.0004490699067235671,0.0,0.0004490699067235671,0.049107598644890636,0.9508924013551091,0.0,1.0,0.05627782674377718,0.1,1.206108178651481,1.206108178651481,0.0,0.0004489691050098865,0.049597078965435165
2025-12-29,CAUSAL_LSTM,24,2025-12-08,2025-12-09,2025-12-31,0,-0.0030111190117609976,0.0,-0.0030111190117609976,0.049085555798926546,0.9509144442010733,0.0,1.0,0.05627782674377718,0.1,1.202476443384503,1.206108178651481,-0.0030111190117609876,-0.0030156615516564716,0.04814652580109982
2025-12-30,CAUSAL_LSTM,24,2025-12-08,2025-12-09,2025-12-31,0,-3.600521489260521e-05,0.0,-3.600521489260521e-05,0.04923380464411176,0.9507661953558882,0.0,1.0,0.05627782674377718,0.1,1.2024331479617556,1.206108178651481,-0.0030470158106665757,-3.600586309591412e-05,0.04750109307817357
2025-12-31,CAUSAL_LSTM,24,2025-12-08,2025-12-09,2025-12-31,0,-0.004541893253561954,0.0,-0.004541893253561954,0.04923557738165575,0.9507644226183443,0.0,1.0,0.05627782674377718,0.1,1.196971824959169,1.206108178651481,-0.007575069843674398,-0.00455223898876074,0.047563040563419756
