date,ticker,model,y_true,y_pred
2023-12-28,SPY,CAUSAL_XGBOOST,0.09591491993423809,0.12448742240667343
2023-12-29,SPY,CAUSAL_XGBOOST,0.0949116348532563,0.11465573310852051
2024-01-02,SPY,CAUSAL_XGBOOST,0.11209860922934974,0.11045259237289429
2024-01-03,SPY,CAUSAL_XGBOOST,0.1140896421183197,0.10856255888938904
2024-01-04,SPY,CAUSAL_XGBOOST,0.11590626765293525,0.10978958010673523
2024-01-05,SPY,CAUSAL_XGBOOST,0.11808435514723602,0.10884717851877213
2024-01-08,SPY,CAUSAL_XGBOOST,0.10987837849724964,0.10803474485874176
2024-01-09,SPY,CAUSAL_XGBOOST,0.11123023830831735,0.10464055091142654
2024-01-10,SPY,CAUSAL_XGBOOST,0.11080913426905808,0.10536950081586838
2024-01-11,SPY,CAUSAL_XGBOOST,0.11101204380450988,0.10455087572336197
2024-01-12,SPY,CAUSAL_XGBOOST,0.11133434040390817,0.10534310340881348
2024-01-16,SPY,CAUSAL_XGBOOST,0.12397643491102253,0.11011206358671188
2024-01-17,SPY,CAUSAL_XGBOOST,0.12302522281107733,0.11308245360851288
2024-01-18,SPY,CAUSAL_XGBOOST,0.12191018603608504,0.11139322817325592
2024-01-19,SPY,CAUSAL_XGBOOST,0.11899301768052407,0.10219860821962357
2024-01-22,SPY,CAUSAL_XGBOOST,0.12172912304833021,0.10388443619012833
2024-01-23,SPY,CAUSAL_XGBOOST,0.1215976293831696,0.1144806519150734
2024-01-24,SPY,CAUSAL_XGBOOST,0.13942421402489,0.11569836735725403
2024-01-25,SPY,CAUSAL_XGBOOST,0.13899659828707184,0.1158505231142044
2024-01-26,SPY,CAUSAL_XGBOOST,0.13999999785744108,0.11714284867048264
2024-01-29,SPY,CAUSAL_XGBOOST,0.13818684995909178,0.13247041404247284
2024-01-30,SPY,CAUSAL_XGBOOST,0.13832392053303597,0.11949530243873596
2024-01-31,SPY,CAUSAL_XGBOOST,0.1209489598340714,0.13384144008159637
2024-02-01,SPY,CAUSAL_XGBOOST,0.11739766140886577,0.11147598922252655
2024-02-02,SPY,CAUSAL_XGBOOST,0.1139185501983245,0.12113121896982193
2024-02-05,SPY,CAUSAL_XGBOOST,0.12006052027320295,0.12345859408378601
2024-02-06,SPY,CAUSAL_XGBOOST,0.12064465126690431,0.12284556031227112
2024-02-07,SPY,CAUSAL_XGBOOST,0.1219305053510737,0.12367039173841476
2024-02-08,SPY,CAUSAL_XGBOOST,0.12490107189173769,0.1367637813091278
2024-02-09,SPY,CAUSAL_XGBOOST,0.1239904550013427,0.14278918504714966
2024-02-12,SPY,CAUSAL_XGBOOST,0.1285032155882645,0.14744330942630768
2024-02-13,SPY,CAUSAL_XGBOOST,0.1157054723517266,0.12431284040212631
2024-02-14,SPY,CAUSAL_XGBOOST,0.11361130904683016,0.12038401514291763
2024-02-15,SPY,CAUSAL_XGBOOST,0.11564891073521767,0.11563091725111008
2024-02-16,SPY,CAUSAL_XGBOOST,0.1147257199841651,0.10969129949808121
2024-02-20,SPY,CAUSAL_XGBOOST,0.11247859415227139,0.10988650470972061
2024-02-21,SPY,CAUSAL_XGBOOST,0.11520746840077056,0.11146748065948486
2024-02-22,SPY,CAUSAL_XGBOOST,0.09364439744747563,0.11967352032661438
2024-02-23,SPY,CAUSAL_XGBOOST,0.09441881858013615,0.10446454584598541
2024-02-26,SPY,CAUSAL_XGBOOST,0.09382183510566719,0.10568755865097046
2024-02-27,SPY,CAUSAL_XGBOOST,0.09455334341602975,0.11440707743167877
2024-02-28,SPY,CAUSAL_XGBOOST,0.09719099270438311,0.12222786247730255
2024-02-29,SPY,CAUSAL_XGBOOST,0.09719342076120269,0.1285189837217331
2024-03-01,SPY,CAUSAL_XGBOOST,0.09338234429869864,0.13802306354045868
2024-03-04,SPY,CAUSAL_XGBOOST,0.09682127038349865,0.1411849409341812
2024-03-05,SPY,CAUSAL_XGBOOST,0.08795779594651104,0.1907024085521698
2024-03-06,SPY,CAUSAL_XGBOOST,0.09908623870754994,0.18579994142055511
2024-03-07,SPY,CAUSAL_XGBOOST,0.09974905288057681,0.19769243896007538
2024-03-08,SPY,CAUSAL_XGBOOST,0.09672842458412753,0.1868947297334671
2024-03-11,SPY,CAUSAL_XGBOOST,0.09652445880055396,0.19970521330833435
2024-03-12,SPY,CAUSAL_XGBOOST,0.09680384182564442,0.1920206993818283
2024-03-13,SPY,CAUSAL_XGBOOST,0.10029031614924368,0.21920186281204224
2024-03-14,SPY,CAUSAL_XGBOOST,0.1121847563102897,0.18487992882728577
2024-03-15,SPY,CAUSAL_XGBOOST,0.11834293113924033,0.18863725662231445
2024-03-18,SPY,CAUSAL_XGBOOST,0.11590791415070784,0.18136544525623322
2024-03-19,SPY,CAUSAL_XGBOOST,0.11457649291658932,0.1884777694940567
2024-03-20,SPY,CAUSAL_XGBOOST,0.10737671601458562,0.18718047440052032
2024-03-21,SPY,CAUSAL_XGBOOST,0.10793685738206112,0.20149417221546173
2024-03-22,SPY,CAUSAL_XGBOOST,0.11582841392863992,0.1479492336511612
2024-03-25,SPY,CAUSAL_XGBOOST,0.12582973973450154,0.1468038409948349
2024-03-26,SPY,CAUSAL_XGBOOST,0.12585596551343825,0.14763173460960388
2024-03-27,SPY,CAUSAL_XGBOOST,0.12075669455672124,0.14976568520069122
2024-03-28,SPY,CAUSAL_XGBOOST,0.12723538162301531,0.15032260119915009
2024-04-01,SPY,CAUSAL_XGBOOST,0.12844031963318647,0.16067036986351013
2024-04-02,SPY,CAUSAL_XGBOOST,0.13776770484937587,0.16479481756687164
2024-04-03,SPY,CAUSAL_XGBOOST,0.13748125589450252,0.16339538991451263
2024-04-04,SPY,CAUSAL_XGBOOST,0.1371557386431307,0.1983153223991394
2024-04-05,SPY,CAUSAL_XGBOOST,0.139391094965719,0.1687120795249939
2024-04-08,SPY,CAUSAL_XGBOOST,0.14471261742763641,0.16601942479610443
2024-04-09,SPY,CAUSAL_XGBOOST,0.144706093385361,0.16627363860607147
2024-04-10,SPY,CAUSAL_XGBOOST,0.13994625340981326,0.1498853862285614
2024-04-11,SPY,CAUSAL_XGBOOST,0.13887003492225475,0.16176868975162506
2024-04-12,SPY,CAUSAL_XGBOOST,0.12848119010038334,0.13926871120929718
2024-04-15,SPY,CAUSAL_XGBOOST,0.11817204647314887,0.16568928956985474
2024-04-16,SPY,CAUSAL_XGBOOST,0.1178918779601819,0.14402402937412262
2024-04-17,SPY,CAUSAL_XGBOOST,0.11953026333310095,0.17173367738723755
2024-04-18,SPY,CAUSAL_XGBOOST,0.11953009041412906,0.18134678900241852
2024-04-19,SPY,CAUSAL_XGBOOST,0.11161730712907149,0.16839568316936493
2024-04-22,SPY,CAUSAL_XGBOOST,0.10968455397356229,0.15837593376636505
2024-04-23,SPY,CAUSAL_XGBOOST,0.10458153823212714,0.14220933616161346
2024-04-24,SPY,CAUSAL_XGBOOST,0.10582604464003872,0.1316685676574707
2024-04-25,SPY,CAUSAL_XGBOOST,0.1092346436717237,0.12947554886341095
2024-04-26,SPY,CAUSAL_XGBOOST,0.10718467805579833,0.13519802689552307
2024-04-29,SPY,CAUSAL_XGBOOST,0.10713323688353346,0.15462876856327057
2024-04-30,SPY,CAUSAL_XGBOOST,0.09081433132653646,0.11675999313592911
2024-05-01,SPY,CAUSAL_XGBOOST,0.09433237658726962,0.1168864369392395
2024-05-02,SPY,CAUSAL_XGBOOST,0.09409208713680205,0.11349228024482727
2024-05-03,SPY,CAUSAL_XGBOOST,0.08615078827024565,0.12562741339206696
2024-05-06,SPY,CAUSAL_XGBOOST,0.0798057399313692,0.12408901751041412
2024-05-07,SPY,CAUSAL_XGBOOST,0.08835609309242375,0.12324114143848419
2024-05-08,SPY,CAUSAL_XGBOOST,0.08838428181346235,0.11677965521812439
2024-05-09,SPY,CAUSAL_XGBOOST,0.08756845331567056,0.12358196079730988
2024-05-10,SPY,CAUSAL_XGBOOST,0.08779363096261722,0.1209450364112854
2024-05-13,SPY,CAUSAL_XGBOOST,0.08772851318175498,0.1293671429157257
2024-05-14,SPY,CAUSAL_XGBOOST,0.09028967049936211,0.1340695470571518
2024-05-15,SPY,CAUSAL_XGBOOST,0.08117940644382345,0.15755049884319305
2024-05-16,SPY,CAUSAL_XGBOOST,0.0803143419869139,0.1453687995672226
2024-05-17,SPY,CAUSAL_XGBOOST,0.08367878947264137,0.16998669505119324
2024-05-20,SPY,CAUSAL_XGBOOST,0.08371617044477503,0.1564164161682129
2024-05-21,SPY,CAUSAL_XGBOOST,0.08510930091643935,0.15068936347961426
2024-05-22,SPY,CAUSAL_XGBOOST,0.08423959338571409,0.1356171816587448
2024-05-23,SPY,CAUSAL_XGBOOST,0.0796739803063823,0.14314916729927063
2024-05-24,SPY,CAUSAL_XGBOOST,0.07802824661847711,0.13931342959403992
2024-05-28,SPY,CAUSAL_XGBOOST,0.07796908667114512,0.13769057393074036
2024-05-29,SPY,CAUSAL_XGBOOST,0.070979130523689,0.13671526312828064
2024-05-30,SPY,CAUSAL_XGBOOST,0.06711364198080214,0.14273189008235931
2024-05-31,SPY,CAUSAL_XGBOOST,0.06200077603618593,0.12107589095830917
2024-06-03,SPY,CAUSAL_XGBOOST,0.0642019861154092,0.12150544673204422
2024-06-04,SPY,CAUSAL_XGBOOST,0.06459396467984475,0.13307520747184753
2024-06-05,SPY,CAUSAL_XGBOOST,0.05571951501781479,0.12897270917892456
2024-06-06,SPY,CAUSAL_XGBOOST,0.055311681317217365,0.13269884884357452
2024-06-07,SPY,CAUSAL_XGBOOST,0.054128744878037476,0.13516968488693237
2024-06-10,SPY,CAUSAL_XGBOOST,0.06059232638571167,0.1395835131406784
2024-06-11,SPY,CAUSAL_XGBOOST,0.0724025479980306,0.14009131491184235
2024-06-12,SPY,CAUSAL_XGBOOST,0.07053007504400599,0.14197859168052673
2024-06-13,SPY,CAUSAL_XGBOOST,0.07060020196825555,0.15084674954414368
2024-06-14,SPY,CAUSAL_XGBOOST,0.07182363950250226,0.15207114815711975
2024-06-17,SPY,CAUSAL_XGBOOST,0.08892385682035817,0.1507740020751953
2024-06-18,SPY,CAUSAL_XGBOOST,0.09395680329005543,0.1524161696434021
2024-06-20,SPY,CAUSAL_XGBOOST,0.09677129822473565,0.15289443731307983
2024-06-21,SPY,CAUSAL_XGBOOST,0.10267226301314795,0.13060978055000305
2024-06-24,SPY,CAUSAL_XGBOOST,0.10193382317536474,0.1238599643111229
2024-06-25,SPY,CAUSAL_XGBOOST,0.13192363940994647,0.12394910305738449
2024-06-26,SPY,CAUSAL_XGBOOST,0.13289278299048848,0.12451117485761642
2024-06-27,SPY,CAUSAL_XGBOOST,0.13920591387268355,0.1325097233057022
2024-06-28,SPY,CAUSAL_XGBOOST,0.13850746253846216,0.13481111824512482
2024-07-01,SPY,CAUSAL_XGBOOST,0.1394490836858969,0.1371113657951355
2024-07-02,SPY,CAUSAL_XGBOOST,0.14938365199442177,0.1323229819536209
2024-07-03,SPY,CAUSAL_XGBOOST,0.15684174244953134,0.11596488952636719
2024-07-05,SPY,CAUSAL_XGBOOST,0.16716263933884595,0.1223776638507843
2024-07-08,SPY,CAUSAL_XGBOOST,0.19302335091622597,0.13623948395252228
2024-07-09,SPY,CAUSAL_XGBOOST,0.19770503999144556,0.14067111909389496
2024-07-10,SPY,CAUSAL_XGBOOST,0.19194857204304855,0.14181648194789886
2024-07-11,SPY,CAUSAL_XGBOOST,0.21312526524135697,0.1393759399652481
2024-07-12,SPY,CAUSAL_XGBOOST,0.21221068928474598,0.14178568124771118
2024-07-15,SPY,CAUSAL_XGBOOST,0.2116321442814742,0.12275941669940948
2024-07-16,SPY,CAUSAL_XGBOOST,0.22021365847055166,0.11428084224462509
2024-07-17,SPY,CAUSAL_XGBOOST,0.21616646126542463,0.12805786728858948
2024-07-18,SPY,CAUSAL_XGBOOST,0.22394211813448822,0.11612437665462494
2024-07-19,SPY,CAUSAL_XGBOOST,0.22263528295130097,0.15690526366233826
2024-07-22,SPY,CAUSAL_XGBOOST,0.2222188702714397,0.1272600144147873
2024-07-23,SPY,CAUSAL_XGBOOST,0.22222591868447295,0.12632028758525848
2024-07-24,SPY,CAUSAL_XGBOOST,0.20445339604592436,0.2100576013326645
2024-07-25,SPY,CAUSAL_XGBOOST,0.20586894215326912,0.161593958735466
2024-07-26,SPY,CAUSAL_XGBOOST,0.20553055102171774,0.14952901005744934
2024-07-29,SPY,CAUSAL_XGBOOST,0.20599528908410292,0.19806836545467377
2024-07-30,SPY,CAUSAL_XGBOOST,0.2045509925333256,0.15770626068115234
2024-07-31,SPY,CAUSAL_XGBOOST,0.1988846499423147,0.17639824748039246
2024-08-01,SPY,CAUSAL_XGBOOST,0.19095464494332526,0.208400160074234
2024-08-02,SPY,CAUSAL_XGBOOST,0.17719994269556547,0.2439408004283905
2024-08-05,SPY,CAUSAL_XGBOOST,0.15762159020322433,0.40935662388801575
2024-08-06,SPY,CAUSAL_XGBOOST,0.15705465563008297,0.3257344365119934
2024-08-07,SPY,CAUSAL_XGBOOST,0.15437627512817192,0.35146161913871765
2024-08-08,SPY,CAUSAL_XGBOOST,0.15078217538866023,0.22215458750724792
2024-08-09,SPY,CAUSAL_XGBOOST,0.1546952797089759,0.21610701084136963
2024-08-12,SPY,CAUSAL_XGBOOST,0.15505424659848,0.21866008639335632
2024-08-13,SPY,CAUSAL_XGBOOST,0.14866758599344576,0.20591004192829132
2024-08-14,SPY,CAUSAL_XGBOOST,0.15075996279909526,0.1864261031150818
2024-08-15,SPY,CAUSAL_XGBOOST,0.14000129692564903,0.18396563827991486
2024-08-16,SPY,CAUSAL_XGBOOST,0.13992350015455196,0.17860092222690582
2024-08-19,SPY,CAUSAL_XGBOOST,0.13604858536361433,0.17743557691574097
2024-08-20,SPY,CAUSAL_XGBOOST,0.13638502784825918,0.18256646394729614
2024-08-21,SPY,CAUSAL_XGBOOST,0.14844222267067045,0.16881656646728516
2024-08-22,SPY,CAUSAL_XGBOOST,0.14517880981958647,0.1990988552570343
2024-08-23,SPY,CAUSAL_XGBOOST,0.14105501671425308,0.16083364188671112
2024-08-26,SPY,CAUSAL_XGBOOST,0.14070193353155433,0.15911069512367249
2024-08-27,SPY,CAUSAL_XGBOOST,0.141176951446401,0.1595308780670166
2024-08-28,SPY,CAUSAL_XGBOOST,0.13925313322576116,0.17902803421020508
2024-08-29,SPY,CAUSAL_XGBOOST,0.13955131900190343,0.15520688891410828
2024-08-30,SPY,CAUSAL_XGBOOST,0.13660622422336938,0.13781842589378357
2024-09-03,SPY,CAUSAL_XGBOOST,0.11654716252299223,0.19687147438526154
2024-09-04,SPY,CAUSAL_XGBOOST,0.11584080410066537,0.1985599249601364
2024-09-05,SPY,CAUSAL_XGBOOST,0.11557015487573587,0.19791348278522491
2024-09-06,SPY,CAUSAL_XGBOOST,0.09455833669428937,0.2042933851480484
2024-09-09,SPY,CAUSAL_XGBOOST,0.09886216268222495,0.17176637053489685
2024-09-10,SPY,CAUSAL_XGBOOST,0.10199361230218601,0.17015138268470764
2024-09-11,SPY,CAUSAL_XGBOOST,0.09924514106870501,0.15793432295322418
2024-09-12,SPY,CAUSAL_XGBOOST,0.09731507526742211,0.14365151524543762
2024-09-13,SPY,CAUSAL_XGBOOST,0.09772059689375878,0.134890615940094
2024-09-16,SPY,CAUSAL_XGBOOST,0.10035638906335365,0.14632093906402588
2024-09-17,SPY,CAUSAL_XGBOOST,0.10617209390487446,0.1369994729757309
2024-09-18,SPY,CAUSAL_XGBOOST,0.1051497035613135,0.14609980583190918
2024-09-19,SPY,CAUSAL_XGBOOST,0.0891957441183403,0.12644338607788086
2024-09-20,SPY,CAUSAL_XGBOOST,0.08901034695268677,0.11702907830476761
2024-09-23,SPY,CAUSAL_XGBOOST,0.0895562636886177,0.11153123527765274
2024-09-24,SPY,CAUSAL_XGBOOST,0.08953760861647934,0.11068343371152878
2024-09-25,SPY,CAUSAL_XGBOOST,0.09607386125699902,0.10660820454359055
2024-09-26,SPY,CAUSAL_XGBOOST,0.09547410670037836,0.11015821248292923
2024-09-27,SPY,CAUSAL_XGBOOST,0.09523893983139592,0.11945586651563644
2024-09-30,SPY,CAUSAL_XGBOOST,0.09486864232713828,0.13229048252105713
2024-10-01,SPY,CAUSAL_XGBOOST,0.0878267414942371,0.1448460966348648
2024-10-02,SPY,CAUSAL_XGBOOST,0.08904893405626185,0.13657011091709137
2024-10-03,SPY,CAUSAL_XGBOOST,0.11546539488952741,0.1539541780948639
2024-10-04,SPY,CAUSAL_XGBOOST,0.11169537938426828,0.15629921853542328
2024-10-07,SPY,CAUSAL_XGBOOST,0.10697188037646396,0.15542154014110565
2024-10-08,SPY,CAUSAL_XGBOOST,0.11030459177015628,0.17372092604637146
2024-10-09,SPY,CAUSAL_XGBOOST,0.13851279510071102,0.16540896892547607
2024-10-10,SPY,CAUSAL_XGBOOST,0.1399081494692963,0.16546252369880676
2024-10-11,SPY,CAUSAL_XGBOOST,0.13935632717080934,0.15927773714065552
2024-10-15,SPY,CAUSAL_XGBOOST,0.13406952763173094,0.1553386002779007
2024-10-16,SPY,CAUSAL_XGBOOST,0.13366785975628412,0.14384646713733673
2024-10-17,SPY,CAUSAL_XGBOOST,0.13641657014560662,0.14330178499221802
2024-10-18,SPY,CAUSAL_XGBOOST,0.1443875543931977,0.13911791145801544
2024-10-21,SPY,CAUSAL_XGBOOST,0.14490284447804758,0.15713414549827576
2024-10-22,SPY,CAUSAL_XGBOOST,0.14531107264448642,0.15849559009075165
2024-10-23,SPY,CAUSAL_XGBOOST,0.14067343887695874,0.12988442182540894
2024-10-24,SPY,CAUSAL_XGBOOST,0.141456158786216,0.13002341985702515
2024-10-25,SPY,CAUSAL_XGBOOST,0.141474942559915,0.13187678158283234
2024-10-28,SPY,CAUSAL_XGBOOST,0.14152626336886157,0.12972764670848846
2024-10-29,SPY,CAUSAL_XGBOOST,0.14216600740290905,0.12938056886196136
2024-10-30,SPY,CAUSAL_XGBOOST,0.14216802350078928,0.12291689217090607
2024-10-31,SPY,CAUSAL_XGBOOST,0.11820837078276973,0.13546954095363617
2024-11-01,SPY,CAUSAL_XGBOOST,0.11816339681000597,0.1398824006319046
2024-11-04,SPY,CAUSAL_XGBOOST,0.11707410664678283,0.1425859034061432
2024-11-05,SPY,CAUSAL_XGBOOST,0.11280681629713774,0.1347777545452118
2024-11-06,SPY,CAUSAL_XGBOOST,0.0782454374168176,0.10703148692846298
2024-11-07,SPY,CAUSAL_XGBOOST,0.07457634703192904,0.09827545285224915
2024-11-08,SPY,CAUSAL_XGBOOST,0.07656886440157813,0.09913768619298935
2024-11-12,SPY,CAUSAL_XGBOOST,0.08068937920095309,0.0982917845249176
2024-11-13,SPY,CAUSAL_XGBOOST,0.0834975569813715,0.10510014742612839
2024-11-14,SPY,CAUSAL_XGBOOST,0.07934715320642763,0.09680241346359253
2024-11-15,SPY,CAUSAL_XGBOOST,0.06103190261797603,0.10873422771692276
2024-11-18,SPY,CAUSAL_XGBOOST,0.06378888582029253,0.10404942184686661
2024-11-19,SPY,CAUSAL_XGBOOST,0.1284116573433917,0.11240968853235245
2024-11-20,SPY,CAUSAL_XGBOOST,0.1283867291770063,0.12187489867210388
2024-11-21,SPY,CAUSAL_XGBOOST,0.13427659015233764,0.11911814659833908
2024-11-22,SPY,CAUSAL_XGBOOST,0.1355503679874367,0.11498931050300598
2024-11-25,SPY,CAUSAL_XGBOOST,0.1406528147277334,0.109197236597538
2024-11-26,SPY,CAUSAL_XGBOOST,0.1395414643331091,0.11840273439884186
2024-11-27,SPY,CAUSAL_XGBOOST,0.14436863253241713,0.12256257981061935
2024-11-29,SPY,CAUSAL_XGBOOST,0.14765648521756633,0.12340458482503891
2024-12-02,SPY,CAUSAL_XGBOOST,0.14753716257357835,0.12183661758899689
2024-12-03,SPY,CAUSAL_XGBOOST,0.14743662329411603,0.12741996347904205
2024-12-04,SPY,CAUSAL_XGBOOST,0.1532703308401107,0.13052056729793549
2024-12-05,SPY,CAUSAL_XGBOOST,0.1551806515048676,0.13175447285175323
2024-12-06,SPY,CAUSAL_XGBOOST,0.15924613913401003,0.14403831958770752
2024-12-09,SPY,CAUSAL_XGBOOST,0.15892487761902233,0.14598599076271057
2024-12-10,SPY,CAUSAL_XGBOOST,0.16675934520782557,0.14554134011268616
2024-12-11,SPY,CAUSAL_XGBOOST,0.16355004016700087,0.15116064250469208
2024-12-12,SPY,CAUSAL_XGBOOST,0.1635321667517067,0.15049965679645538
2024-12-13,SPY,CAUSAL_XGBOOST,0.17791288090815777,0.1383758783340454
2024-12-16,SPY,CAUSAL_XGBOOST,0.1769374303702228,0.13405638933181763
2024-12-17,SPY,CAUSAL_XGBOOST,0.18078382888139197,0.13482387363910675
2024-12-18,SPY,CAUSAL_XGBOOST,0.14498861016691197,0.21346479654312134
2024-12-19,SPY,CAUSAL_XGBOOST,0.14548715968362913,0.1808098554611206
2024-12-20,SPY,CAUSAL_XGBOOST,0.14129296323856422,0.1514267772436142
2024-12-23,SPY,CAUSAL_XGBOOST,0.1411285054552132,0.13916312158107758
2024-12-24,SPY,CAUSAL_XGBOOST,0.14596293261359006,0.11715959757566452
2024-12-26,SPY,CAUSAL_XGBOOST,0.149212506534159,0.11785861104726791
2024-12-27,SPY,CAUSAL_XGBOOST,0.14484353651069853,0.1243709921836853
2024-12-30,SPY,CAUSAL_XGBOOST,0.13845967319846583,0.1449013203382492
2024-12-31,SPY,CAUSAL_XGBOOST,0.13940548937038497,0.13656839728355408
2025-01-02,SPY,CAUSAL_XGBOOST,0.14176393886177058,0.13579316437244415
2025-01-03,SPY,CAUSAL_XGBOOST,0.13707398792052247,0.12043018639087677
2025-01-06,SPY,CAUSAL_XGBOOST,0.13639646561367016,0.11984283477067947
2025-01-07,SPY,CAUSAL_XGBOOST,0.1288906400804066,0.1337311565876007
2025-01-08,SPY,CAUSAL_XGBOOST,0.1343474406722921,0.13689392805099487
2025-01-10,SPY,CAUSAL_XGBOOST,0.1209752682345623,0.15268710255622864
2025-01-13,SPY,CAUSAL_XGBOOST,0.12105143811412197,0.14257200062274933
2025-01-14,SPY,CAUSAL_XGBOOST,0.122468420669646,0.13803569972515106
2025-01-15,SPY,CAUSAL_XGBOOST,0.11167026811702632,0.11851046234369278
2025-01-16,SPY,CAUSAL_XGBOOST,0.11112446267738903,0.12810899317264557
2025-01-17,SPY,CAUSAL_XGBOOST,0.10671198170031024,0.12579889595508575
2025-01-21,SPY,CAUSAL_XGBOOST,0.10264329443904231,0.1217777356505394
2025-01-22,SPY,CAUSAL_XGBOOST,0.10245344119317204,0.12592284381389618
2025-01-23,SPY,CAUSAL_XGBOOST,0.11791792092653453,0.12891162931919098
2025-01-24,SPY,CAUSAL_XGBOOST,0.11844904717906282,0.1263234168291092
2025-01-27,SPY,CAUSAL_XGBOOST,0.10876773619439357,0.16388000547885895
2025-01-28,SPY,CAUSAL_XGBOOST,0.10357690155574427,0.1587407886981964
2025-01-29,SPY,CAUSAL_XGBOOST,0.11640049820378778,0.16162197291851044
2025-01-30,SPY,CAUSAL_XGBOOST,0.1290769475678872,0.1615065187215805
2025-01-31,SPY,CAUSAL_XGBOOST,0.14152531537914045,0.13962768018245697
2025-02-03,SPY,CAUSAL_XGBOOST,0.14518749058340868,0.14472010731697083
2025-02-04,SPY,CAUSAL_XGBOOST,0.14893220114358205,0.14380446076393127
2025-02-05,SPY,CAUSAL_XGBOOST,0.15804527402108076,0.12766841053962708
2025-02-06,SPY,CAUSAL_XGBOOST,0.1593128631050855,0.12679718434810638
2025-02-07,SPY,CAUSAL_XGBOOST,0.1802802337986077,0.13940604031085968
2025-02-10,SPY,CAUSAL_XGBOOST,0.17685554477867865,0.1204151138663292
2025-02-11,SPY,CAUSAL_XGBOOST,0.179262801331437,0.1224236860871315
2025-02-12,SPY,CAUSAL_XGBOOST,0.18231188763388523,0.12294496595859528
2025-02-13,SPY,CAUSAL_XGBOOST,0.19606212526983302,0.11206290870904922
2025-02-14,SPY,CAUSAL_XGBOOST,0.20001109273547565,0.11809846758842468
2025-02-18,SPY,CAUSAL_XGBOOST,0.20001636205801832,0.11690229177474976
2025-02-19,SPY,CAUSAL_XGBOOST,0.20593810143438135,0.11556955426931381
2025-02-20,SPY,CAUSAL_XGBOOST,0.20596424502893257,0.12164216488599777
2025-02-21,SPY,CAUSAL_XGBOOST,0.20012872372303614,0.1417602300643921
2025-02-24,SPY,CAUSAL_XGBOOST,0.2129890891404105,0.14004789292812347
2025-02-25,SPY,CAUSAL_XGBOOST,0.21314908853038533,0.14695827662944794
2025-02-26,SPY,CAUSAL_XGBOOST,0.21622957223826814,0.13825473189353943
2025-02-27,SPY,CAUSAL_XGBOOST,0.2098499334629244,0.14688321948051453
2025-02-28,SPY,CAUSAL_XGBOOST,0.2101304336805726,0.14494672417640686
2025-03-03,SPY,CAUSAL_XGBOOST,0.2056213114557326,0.16204510629177094
2025-03-04,SPY,CAUSAL_XGBOOST,0.2028198508458972,0.15396231412887573
2025-03-05,SPY,CAUSAL_XGBOOST,0.19997577676990194,0.16251088678836823
2025-03-06,SPY,CAUSAL_XGBOOST,0.26006657358324964,0.2026924341917038
2025-03-07,SPY,CAUSAL_XGBOOST,0.3274030372108872,0.16519874334335327
2025-03-10,SPY,CAUSAL_XGBOOST,0.3184688047840861,0.2021915167570114
2025-03-11,SPY,CAUSAL_XGBOOST,0.32055301908198264,0.21133214235305786
2025-03-12,SPY,CAUSAL_XGBOOST,0.4924702515306555,0.1838301569223404
2025-03-13,SPY,CAUSAL_XGBOOST,0.5152365541812697,0.18422932922840118
2025-03-14,SPY,CAUSAL_XGBOOST,0.513708517978985,0.17161358892917633
2025-03-17,SPY,CAUSAL_XGBOOST,0.5142736164186054,0.16407380998134613
2025-03-18,SPY,CAUSAL_XGBOOST,0.5133050780115719,0.1649652123451233
2025-03-19,SPY,CAUSAL_XGBOOST,0.5158889866295533,0.16594314575195312
2025-03-20,SPY,CAUSAL_XGBOOST,0.5162003706901672,0.15860018134117126
2025-03-21,SPY,CAUSAL_XGBOOST,0.521096038382067,0.14829862117767334
2025-03-24,SPY,CAUSAL_XGBOOST,0.5263552363441533,0.13990293443202972
2025-03-25,SPY,CAUSAL_XGBOOST,0.5305299483906587,0.12320548295974731
2025-03-26,SPY,CAUSAL_XGBOOST,0.5364046683266049,0.14006707072257996
2025-03-27,SPY,CAUSAL_XGBOOST,0.5373758046908687,0.12892940640449524
2025-03-28,SPY,CAUSAL_XGBOOST,0.5327375884178915,0.15226885676383972
2025-03-31,SPY,CAUSAL_XGBOOST,0.5326667064807427,0.14147348701953888
2025-04-01,SPY,CAUSAL_XGBOOST,0.5325384798142789,0.1427302062511444
2025-04-02,SPY,CAUSAL_XGBOOST,0.5326744134900682,0.13910342752933502
2025-04-03,SPY,CAUSAL_XGBOOST,0.5008552900173643,0.17957034707069397
2025-04-04,SPY,CAUSAL_XGBOOST,0.4439663381206718,0.45140302181243896
2025-04-07,SPY,CAUSAL_XGBOOST,0.44601084393855595,0.3868597745895386
2025-04-08,SPY,CAUSAL_XGBOOST,0.43917343723964125,0.37721696496009827
2025-04-09,SPY,CAUSAL_XGBOOST,0.26572373324257387,0.5662833452224731
2025-04-10,SPY,CAUSAL_XGBOOST,0.20258277112842749,0.759681224822998
2025-04-11,SPY,CAUSAL_XGBOOST,0.2221018419000746,0.5781928896903992
2025-04-14,SPY,CAUSAL_XGBOOST,0.22140338488248743,0.5757643580436707
2025-04-15,SPY,CAUSAL_XGBOOST,0.22015109047321987,0.5751265287399292
2025-04-16,SPY,CAUSAL_XGBOOST,0.19585370800698718,0.5719475746154785
2025-04-17,SPY,CAUSAL_XGBOOST,0.19516903932892923,0.5739616751670837
2025-04-21,SPY,CAUSAL_XGBOOST,0.1610673750021826,0.3243374228477478
2025-04-22,SPY,CAUSAL_XGBOOST,0.14973819162190966,0.27532318234443665
2025-04-23,SPY,CAUSAL_XGBOOST,0.16569843963385728,0.32555699348449707
2025-04-24,SPY,CAUSAL_XGBOOST,0.1540361399805229,0.24924512207508087
2025-04-25,SPY,CAUSAL_XGBOOST,0.15726420587334095,0.23182937502861023
2025-04-28,SPY,CAUSAL_XGBOOST,0.16948526069527087,0.2507272958755493
2025-04-29,SPY,CAUSAL_XGBOOST,0.17228866746885824,0.21983329951763153
2025-04-30,SPY,CAUSAL_XGBOOST,0.17205760111896237,0.22585630416870117
2025-05-01,SPY,CAUSAL_XGBOOST,0.1720118084760766,0.2021041214466095
2025-05-02,SPY,CAUSAL_XGBOOST,0.16650335272432126,0.1854219287633896
2025-05-05,SPY,CAUSAL_XGBOOST,0.1641575010382074,0.1880505383014679
2025-05-06,SPY,CAUSAL_XGBOOST,0.1592632360053639,0.21557168662548065
2025-05-07,SPY,CAUSAL_XGBOOST,0.16173965224231068,0.18074893951416016
2025-05-08,SPY,CAUSAL_XGBOOST,0.16327135223649766,0.20494289696216583
2025-05-09,SPY,CAUSAL_XGBOOST,0.16271015844049308,0.2127677947282791
2025-05-12,SPY,CAUSAL_XGBOOST,0.12067903496763864,0.19600912928581238
2025-05-13,SPY,CAUSAL_XGBOOST,0.1202583277583022,0.19980384409427643
2025-05-14,SPY,CAUSAL_XGBOOST,0.12065287661120125,0.1955355405807495
2025-05-15,SPY,CAUSAL_XGBOOST,0.12777486643876895,0.19342422485351562
2025-05-16,SPY,CAUSAL_XGBOOST,0.1301315734608339,0.19812928140163422
2025-05-19,SPY,CAUSAL_XGBOOST,0.13421976738837407,0.19814516603946686
2025-05-20,SPY,CAUSAL_XGBOOST,0.13356180981704444,0.16284902393817902
2025-05-21,SPY,CAUSAL_XGBOOST,0.11742904002993193,0.1635882705450058
2025-05-22,SPY,CAUSAL_XGBOOST,0.12136767220736683,0.17209389805793762
2025-05-23,SPY,CAUSAL_XGBOOST,0.12143271502815368,0.17569221556186676
2025-05-27,SPY,CAUSAL_XGBOOST,0.10092519947324488,0.1715736985206604
2025-05-28,SPY,CAUSAL_XGBOOST,0.09944076028596958,0.17423002421855927
2025-05-29,SPY,CAUSAL_XGBOOST,0.09974696512976244,0.17320674657821655
2025-05-30,SPY,CAUSAL_XGBOOST,0.09932884813503765,0.17266754806041718
2025-06-02,SPY,CAUSAL_XGBOOST,0.0990986999875451,0.16304080188274384
2025-06-03,SPY,CAUSAL_XGBOOST,0.09864223149057173,0.15978851914405823
2025-06-04,SPY,CAUSAL_XGBOOST,0.10019952746265834,0.15122626721858978
2025-06-05,SPY,CAUSAL_XGBOOST,0.10317353542258108,0.14148199558258057
2025-06-06,SPY,CAUSAL_XGBOOST,0.09939711691150922,0.13498403131961823
2025-06-09,SPY,CAUSAL_XGBOOST,0.10035909915771475,0.14003078639507294
2025-06-10,SPY,CAUSAL_XGBOOST,0.09954358851738322,0.14668621122837067
2025-06-11,SPY,CAUSAL_XGBOOST,0.10000092772866773,0.1661711037158966
2025-06-12,SPY,CAUSAL_XGBOOST,0.09972105822944098,0.16932177543640137
2025-06-13,SPY,CAUSAL_XGBOOST,0.09019466036947844,0.15753954648971558
2025-06-16,SPY,CAUSAL_XGBOOST,0.0861862889275232,0.13915419578552246
2025-06-17,SPY,CAUSAL_XGBOOST,0.07785006484398833,0.15228039026260376
2025-06-18,SPY,CAUSAL_XGBOOST,0.07815329505968416,0.13343869149684906
2025-06-20,SPY,CAUSAL_XGBOOST,0.07600318094019531,0.15331363677978516
2025-06-23,SPY,CAUSAL_XGBOOST,0.07181865590866776,0.14835648238658905
2025-06-24,SPY,CAUSAL_XGBOOST,0.06826797477649471,0.13450166583061218
2025-06-25,SPY,CAUSAL_XGBOOST,0.06834628453410416,0.12482932209968567
2025-06-26,SPY,CAUSAL_XGBOOST,0.06558644775324937,0.1282481551170349
2025-06-27,SPY,CAUSAL_XGBOOST,0.06509781970857667,0.11776315420866013
2025-06-30,SPY,CAUSAL_XGBOOST,0.06586392577526451,0.12988263368606567
2025-07-01,SPY,CAUSAL_XGBOOST,0.06626955736786093,0.12747523188591003
2025-07-02,SPY,CAUSAL_XGBOOST,0.06750635129019071,0.13897211849689484
2025-07-03,SPY,CAUSAL_XGBOOST,0.08699697225989123,0.13101176917552948
2025-07-07,SPY,CAUSAL_XGBOOST,0.09839109524123761,0.1309504210948944
2025-07-08,SPY,CAUSAL_XGBOOST,0.10053185714663875,0.12703686952590942
2025-07-09,SPY,CAUSAL_XGBOOST,0.10186374401113382,0.12731170654296875
2025-07-10,SPY,CAUSAL_XGBOOST,0.10167958107418647,0.12757398188114166
2025-07-11,SPY,CAUSAL_XGBOOST,0.10361887649063652,0.14376813173294067
2025-07-14,SPY,CAUSAL_XGBOOST,0.10412246020505113,0.1658851057291031
2025-07-15,SPY,CAUSAL_XGBOOST,0.10766290276599562,0.1590825766324997
2025-07-16,SPY,CAUSAL_XGBOOST,0.10768005877118081,0.16112765669822693
2025-07-17,SPY,CAUSAL_XGBOOST,0.10647572251236379,0.1527535319328308
2025-07-18,SPY,CAUSAL_XGBOOST,0.10704152193411604,0.1536339819431305
2025-07-21,SPY,CAUSAL_XGBOOST,0.10713484433745231,0.15646158158779144
2025-07-22,SPY,CAUSAL_XGBOOST,0.10962934282013924,0.16225077211856842
2025-07-23,SPY,CAUSAL_XGBOOST,0.10645807156586193,0.15737329423427582
2025-07-24,SPY,CAUSAL_XGBOOST,0.10755938688797291,0.1878906935453415
2025-07-25,SPY,CAUSAL_XGBOOST,0.11961289267804441,0.19035503268241882
2025-07-28,SPY,CAUSAL_XGBOOST,0.12092816239405736,0.18537382781505585
2025-07-29,SPY,CAUSAL_XGBOOST,0.12105216677674333,0.18015210330486298
2025-07-30,SPY,CAUSAL_XGBOOST,0.12091506243637622,0.16653862595558167
2025-07-31,SPY,CAUSAL_XGBOOST,0.1199158247391699,0.1681748628616333
2025-08-01,SPY,CAUSAL_XGBOOST,0.10387714885555177,0.19957569241523743
2025-08-04,SPY,CAUSAL_XGBOOST,0.09628060687606392,0.18867623805999756
2025-08-05,SPY,CAUSAL_XGBOOST,0.09509306496088253,0.20033864676952362
2025-08-06,SPY,CAUSAL_XGBOOST,0.0957394844174268,0.20224256813526154
2025-08-07,SPY,CAUSAL_XGBOOST,0.09661897155342052,0.15666557848453522
2025-08-08,SPY,CAUSAL_XGBOOST,0.09360181654837323,0.13998113572597504
2025-08-11,SPY,CAUSAL_XGBOOST,0.09308492116019004,0.14368125796318054
2025-08-12,SPY,CAUSAL_XGBOOST,0.08647266222126768,0.155014306306839
2025-08-13,SPY,CAUSAL_XGBOOST,0.09011452201938708,0.14646176993846893
2025-08-14,SPY,CAUSAL_XGBOOST,0.0901830008610953,0.16895228624343872
2025-08-15,SPY,CAUSAL_XGBOOST,0.0905591184919509,0.15142251551151276
2025-08-18,SPY,CAUSAL_XGBOOST,0.0909166009205396,0.1444907784461975
2025-08-19,SPY,CAUSAL_XGBOOST,0.08797442436721647,0.14622382819652557
2025-08-20,SPY,CAUSAL_XGBOOST,0.08722742288028895,0.1463209092617035
2025-08-21,SPY,CAUSAL_XGBOOST,0.08499007975849075,0.1495843231678009
2025-08-22,SPY,CAUSAL_XGBOOST,0.07076869206802168,0.12347912788391113
2025-08-25,SPY,CAUSAL_XGBOOST,0.07206970079988691,0.12414544075727463
2025-08-26,SPY,CAUSAL_XGBOOST,0.07347520812361638,0.13330808281898499
2025-08-27,SPY,CAUSAL_XGBOOST,0.0763585524513417,0.1354401558637619
2025-08-28,SPY,CAUSAL_XGBOOST,0.07769182167521856,0.13869573175907135
2025-08-29,SPY,CAUSAL_XGBOOST,0.07316433228332313,0.13621817529201508
2025-09-02,SPY,CAUSAL_XGBOOST,0.06526585130165108,0.16005907952785492
2025-09-03,SPY,CAUSAL_XGBOOST,0.06430974838704727,0.14191411435604095
2025-09-04,SPY,CAUSAL_XGBOOST,0.05987593115746621,0.13044476509094238
2025-09-05,SPY,CAUSAL_XGBOOST,0.057799017851066274,0.09304589778184891
2025-09-08,SPY,CAUSAL_XGBOOST,0.05810345764012421,0.08912908285856247
2025-09-09,SPY,CAUSAL_XGBOOST,0.06133528355350295,0.09003560990095139
2025-09-10,SPY,CAUSAL_XGBOOST,0.06314528857033493,0.08948198705911636
2025-09-11,SPY,CAUSAL_XGBOOST,0.0601361609272244,0.09495716542005539
2025-09-12,SPY,CAUSAL_XGBOOST,0.11796955419765216,0.09596472233533859
2025-09-15,SPY,CAUSAL_XGBOOST,0.12885962599709902,0.089980848133564
2025-09-16,SPY,CAUSAL_XGBOOST,0.1288339786120433,0.09692998230457306
2025-09-17,SPY,CAUSAL_XGBOOST,0.12950057598191725,0.09119027107954025
2025-09-18,SPY,CAUSAL_XGBOOST,0.13112600791695045,0.09495056420564651
2025-09-19,SPY,CAUSAL_XGBOOST,0.13150881020034935,0.09524538367986679
2025-09-22,SPY,CAUSAL_XGBOOST,0.13561058926175845,0.1063157245516777
2025-09-23,SPY,CAUSAL_XGBOOST,0.1338928513759678,0.11217603087425232
2025-09-24,SPY,CAUSAL_XGBOOST,0.13484351679427806,0.1134718582034111
2025-09-25,SPY,CAUSAL_XGBOOST,0.13471554198783942,0.11024102568626404
2025-09-26,SPY,CAUSAL_XGBOOST,0.13610227120473695,0.10729952901601791
2025-09-29,SPY,CAUSAL_XGBOOST,0.14113232729504147,0.11586456745862961
2025-09-30,SPY,CAUSAL_XGBOOST,0.14096205038567275,0.11385539919137955
2025-10-01,SPY,CAUSAL_XGBOOST,0.14083253175794505,0.11345036327838898
2025-10-02,SPY,CAUSAL_XGBOOST,0.14762097226908003,0.14171594381332397
2025-10-03,SPY,CAUSAL_XGBOOST,0.14784581491818308,0.13131266832351685
2025-10-06,SPY,CAUSAL_XGBOOST,0.14756734134932623,0.14012980461120605
2025-10-07,SPY,CAUSAL_XGBOOST,0.1536973730475357,0.15228301286697388
2025-10-08,SPY,CAUSAL_XGBOOST,0.15277014095898128,0.13199901580810547
2025-10-09,SPY,CAUSAL_XGBOOST,0.15747526941249368,0.13109798729419708
2025-10-10,SPY,CAUSAL_XGBOOST,0.11986428109514802,0.18104295432567596
2025-10-14,SPY,CAUSAL_XGBOOST,0.11990225556380409,0.17261524498462677
2025-10-15,SPY,CAUSAL_XGBOOST,0.11945335523927698,0.18078650534152985
2025-10-16,SPY,CAUSAL_XGBOOST,0.13286501996482833,0.2158776968717575
2025-10-17,SPY,CAUSAL_XGBOOST,0.13167458129138854,0.17511720955371857
2025-10-20,SPY,CAUSAL_XGBOOST,0.13083478598079393,0.16754449903964996
2025-10-21,SPY,CAUSAL_XGBOOST,0.13386529510714162,0.16877220571041107
2025-10-22,SPY,CAUSAL_XGBOOST,0.13380862130649207,0.17204691469669342
2025-10-23,SPY,CAUSAL_XGBOOST,0.1416007967532943,0.1626003384590149
2025-10-24,SPY,CAUSAL_XGBOOST,0.1433226124683011,0.1452135145664215
2025-10-27,SPY,CAUSAL_XGBOOST,0.14712983085787606,0.14609727263450623
2025-10-28,SPY,CAUSAL_XGBOOST,0.15133907721370138,0.15682649612426758
2025-10-29,SPY,CAUSAL_XGBOOST,0.15378923838320843,0.17973119020462036
2025-10-30,SPY,CAUSAL_XGBOOST,0.14996105020020128,0.1899309903383255
2025-10-31,SPY,CAUSAL_XGBOOST,0.15045695285620636,0.2055821567773819
2025-11-03,SPY,CAUSAL_XGBOOST,0.1504526549260908,0.20992843806743622
2025-11-04,SPY,CAUSAL_XGBOOST,0.1442421438631058,0.2247348129749298
2025-11-05,SPY,CAUSAL_XGBOOST,0.1438585269751836,0.22587990760803223
2025-11-06,SPY,CAUSAL_XGBOOST,0.13756702556622796,0.24363301694393158
2025-11-07,SPY,CAUSAL_XGBOOST,0.13835270258002347,0.24395005404949188
2025-11-10,SPY,CAUSAL_XGBOOST,0.12727758476515083,0.1791429966688156
2025-11-12,SPY,CAUSAL_XGBOOST,0.12935910032350406,0.1765715777873993
2025-11-13,SPY,CAUSAL_XGBOOST,0.1203347583623272,0.1794397234916687
2025-11-14,SPY,CAUSAL_XGBOOST,0.12056074561782466,0.1782463639974594
2025-11-17,SPY,CAUSAL_XGBOOST,0.11545021554788557,0.21714377403259277
2025-11-18,SPY,CAUSAL_XGBOOST,0.1186306515301543,0.22646170854568481
2025-11-19,SPY,CAUSAL_XGBOOST,0.12056138964084155,0.21018515527248383
2025-11-20,SPY,CAUSAL_XGBOOST,0.10687852432035534,0.23555868864059448
2025-11-21,SPY,CAUSAL_XGBOOST,0.10413274079722719,0.194549560546875
2025-11-24,SPY,CAUSAL_XGBOOST,0.09365976408626599,0.18392038345336914
2025-11-25,SPY,CAUSAL_XGBOOST,0.08940586766687655,0.16742563247680664
2025-11-26,SPY,CAUSAL_XGBOOST,0.08700061392933467,0.1658766269683838
2025-11-28,SPY,CAUSAL_XGBOOST,0.08667205882378452,0.1528439074754715
2025-12-01,SPY,CAUSAL_XGBOOST,0.08487998221078318,0.15683706104755402
2025-12-02,SPY,CAUSAL_XGBOOST,0.08940503770963246,0.1528148502111435
2025-12-03,SPY,CAUSAL_XGBOOST,0.08879808773056376,0.12910811603069305
2025-12-04,SPY,CAUSAL_XGBOOST,0.09178470290896676,0.1298714131116867
2025-12-05,SPY,CAUSAL_XGBOOST,0.0937576163215622,0.13670019805431366
2025-12-08,SPY,CAUSAL_XGBOOST,0.09387278065179513,0.1374829262495041
2025-12-09,SPY,CAUSAL_XGBOOST,0.09375618179763544,0.1405458003282547
2025-12-10,SPY,CAUSAL_XGBOOST,0.09374034938983009,0.12680254876613617
2025-12-11,SPY,CAUSAL_XGBOOST,0.09359627230760294,0.12449388206005096
2025-12-12,SPY,CAUSAL_XGBOOST,0.08412142224103006,0.1410355418920517
2025-12-15,SPY,CAUSAL_XGBOOST,0.08632983671154014,0.13798266649246216
2025-12-16,SPY,CAUSAL_XGBOOST,0.08549217434095335,0.13291317224502563
2025-12-17,SPY,CAUSAL_XGBOOST,0.07294240004385917,0.146041601896286
2025-12-18,SPY,CAUSAL_XGBOOST,0.10428074852992539,0.1314816027879715
2025-12-19,SPY,CAUSAL_XGBOOST,0.10734179735509206,0.1332012116909027
2025-12-22,SPY,CAUSAL_XGBOOST,0.10667395013496248,0.13075445592403412
2025-12-23,SPY,CAUSAL_XGBOOST,0.1054856850527175,0.13945773243904114
2025-12-24,SPY,CAUSAL_XGBOOST,0.10629479372204263,0.13842922449111938
2025-12-26,SPY,CAUSAL_XGBOOST,0.10713892131697007,0.14181797206401825
2025-12-29,SPY,CAUSAL_XGBOOST,0.10614830288104406,0.15344658493995667
2025-12-30,SPY,CAUSAL_XGBOOST,0.10635179157042272,0.15552464127540588
2025-12-31,SPY,CAUSAL_XGBOOST,0.10306477952433298,0.15555952489376068
2023-12-28,QQQ,CAUSAL_XGBOOST,0.14793403015233217,0.1646617352962494
2023-12-29,QQQ,CAUSAL_XGBOOST,0.14949143537266227,0.16329583525657654
2024-01-02,QQQ,CAUSAL_XGBOOST,0.15428864193854774,0.15529434382915497
2024-01-03,QQQ,CAUSAL_XGBOOST,0.15083283288811514,0.15545518696308136
2024-01-04,QQQ,CAUSAL_XGBOOST,0.15535201542761334,0.15893104672431946
2024-01-05,QQQ,CAUSAL_XGBOOST,0.15619339239963764,0.15488602221012115
2024-01-08,QQQ,CAUSAL_XGBOOST,0.14441298718195664,0.15321147441864014
2024-01-09,QQQ,CAUSAL_XGBOOST,0.14680594472909791,0.14981675148010254
2024-01-10,QQQ,CAUSAL_XGBOOST,0.14623241418355182,0.14728203415870667
2024-01-11,QQQ,CAUSAL_XGBOOST,0.14821762295541882,0.1493075042963028
2024-01-12,QQQ,CAUSAL_XGBOOST,0.15013581513825197,0.15730181336402893
2024-01-16,QQQ,CAUSAL_XGBOOST,0.16407676807811017,0.16472330689430237
2024-01-17,QQQ,CAUSAL_XGBOOST,0.16395320276068015,0.167299285531044
2024-01-18,QQQ,CAUSAL_XGBOOST,0.1587274428182132,0.1652415245771408
2024-01-19,QQQ,CAUSAL_XGBOOST,0.15023059134083236,0.15598273277282715
2024-01-22,QQQ,CAUSAL_XGBOOST,0.15334753359528042,0.15763305127620697
2024-01-23,QQQ,CAUSAL_XGBOOST,0.15362149411164716,0.16417378187179565
2024-01-24,QQQ,CAUSAL_XGBOOST,0.18363216282235156,0.16721530258655548
2024-01-25,QQQ,CAUSAL_XGBOOST,0.18428658286229177,0.1683999001979828
2024-01-26,QQQ,CAUSAL_XGBOOST,0.18247554656768883,0.16518262028694153
2024-01-29,QQQ,CAUSAL_XGBOOST,0.17961843390561688,0.17163878679275513
2024-01-30,QQQ,CAUSAL_XGBOOST,0.178911135737215,0.16104701161384583
2024-01-31,QQQ,CAUSAL_XGBOOST,0.16243040261672456,0.19933347404003143
2024-02-01,QQQ,CAUSAL_XGBOOST,0.16522749189251115,0.1610872745513916
2024-02-02,QQQ,CAUSAL_XGBOOST,0.15794280015678885,0.1648300439119339
2024-02-05,QQQ,CAUSAL_XGBOOST,0.1727825753909349,0.16795551776885986
2024-02-06,QQQ,CAUSAL_XGBOOST,0.17344272046560008,0.15369251370429993
2024-02-07,QQQ,CAUSAL_XGBOOST,0.17754174918371307,0.1576273888349533
2024-02-08,QQQ,CAUSAL_XGBOOST,0.18646328212790889,0.16083307564258575
2024-02-09,QQQ,CAUSAL_XGBOOST,0.18388757406768752,0.15758074820041656
2024-02-12,QQQ,CAUSAL_XGBOOST,0.18989585059277658,0.17016127705574036
2024-02-13,QQQ,CAUSAL_XGBOOST,0.18256236737195006,0.16144651174545288
2024-02-14,QQQ,CAUSAL_XGBOOST,0.17948397988817183,0.15856075286865234
2024-02-15,QQQ,CAUSAL_XGBOOST,0.18470179012634977,0.16066603362560272
2024-02-16,QQQ,CAUSAL_XGBOOST,0.18442710068001897,0.1565118134021759
2024-02-20,QQQ,CAUSAL_XGBOOST,0.18176008019155612,0.15366870164871216
2024-02-21,QQQ,CAUSAL_XGBOOST,0.18419701121937904,0.15328487753868103
2024-02-22,QQQ,CAUSAL_XGBOOST,0.15548115448686023,0.1874760389328003
2024-02-23,QQQ,CAUSAL_XGBOOST,0.1547976454462676,0.1811206042766571
2024-02-26,QQQ,CAUSAL_XGBOOST,0.15563623953030273,0.18565990030765533
2024-02-27,QQQ,CAUSAL_XGBOOST,0.15624929408441807,0.17362837493419647
2024-02-28,QQQ,CAUSAL_XGBOOST,0.15483110307211817,0.18867480754852295
2024-02-29,QQQ,CAUSAL_XGBOOST,0.15263660639950832,0.17622500658035278
2024-03-01,QQQ,CAUSAL_XGBOOST,0.14318332767493364,0.17556899785995483
2024-03-04,QQQ,CAUSAL_XGBOOST,0.1459800130547106,0.1711488515138626
2024-03-05,QQQ,CAUSAL_XGBOOST,0.12997171714220299,0.20558111369609833
2024-03-06,QQQ,CAUSAL_XGBOOST,0.14015679748463156,0.21453511714935303
2024-03-07,QQQ,CAUSAL_XGBOOST,0.1357120434050927,0.2100534737110138
2024-03-08,QQQ,CAUSAL_XGBOOST,0.1251564728807901,0.2116062343120575
2024-03-11,QQQ,CAUSAL_XGBOOST,0.1248069194203491,0.21688175201416016
2024-03-12,QQQ,CAUSAL_XGBOOST,0.11804434046848357,0.2122235745191574
2024-03-13,QQQ,CAUSAL_XGBOOST,0.1282146839733162,0.2160511463880539
2024-03-14,QQQ,CAUSAL_XGBOOST,0.14103022102675916,0.20871295034885406
2024-03-15,QQQ,CAUSAL_XGBOOST,0.14705142520133635,0.21543146669864655
2024-03-18,QQQ,CAUSAL_XGBOOST,0.14249429595981336,0.22703392803668976
2024-03-19,QQQ,CAUSAL_XGBOOST,0.14761138979868674,0.2284986972808838
2024-03-20,QQQ,CAUSAL_XGBOOST,0.13961894330306027,0.22760529816150665
2024-03-21,QQQ,CAUSAL_XGBOOST,0.15153508359226622,0.23728503286838531
2024-03-22,QQQ,CAUSAL_XGBOOST,0.1583504832539659,0.20826175808906555
2024-03-25,QQQ,CAUSAL_XGBOOST,0.17071419982311753,0.20482413470745087
2024-03-26,QQQ,CAUSAL_XGBOOST,0.171826438463036,0.21942859888076782
2024-03-27,QQQ,CAUSAL_XGBOOST,0.17092186360974557,0.21958337724208832
2024-03-28,QQQ,CAUSAL_XGBOOST,0.18207584198965954,0.21483255922794342
2024-04-01,QQQ,CAUSAL_XGBOOST,0.18271282588048118,0.2297051101922989
2024-04-02,QQQ,CAUSAL_XGBOOST,0.19167727773751925,0.23225151002407074
2024-04-03,QQQ,CAUSAL_XGBOOST,0.19191468198898134,0.2295137345790863
2024-04-04,QQQ,CAUSAL_XGBOOST,0.19253105486330035,0.24677449464797974
2024-04-05,QQQ,CAUSAL_XGBOOST,0.2016631157244084,0.23118136823177338
2024-04-08,QQQ,CAUSAL_XGBOOST,0.20573409489956515,0.2269207090139389
2024-04-09,QQQ,CAUSAL_XGBOOST,0.20526563520273697,0.23782223463058472
2024-04-10,QQQ,CAUSAL_XGBOOST,0.2027851582351559,0.20476631820201874
2024-04-11,QQQ,CAUSAL_XGBOOST,0.19442751902520705,0.21467015147209167
2024-04-12,QQQ,CAUSAL_XGBOOST,0.1856478118450061,0.20251986384391785
2024-04-15,QQQ,CAUSAL_XGBOOST,0.17445245174932295,0.2052920013666153
2024-04-16,QQQ,CAUSAL_XGBOOST,0.17527643227444004,0.19571447372436523
2024-04-17,QQQ,CAUSAL_XGBOOST,0.17365140526414485,0.2173454314470291
2024-04-18,QQQ,CAUSAL_XGBOOST,0.1716531477365092,0.23157234489917755
2024-04-19,QQQ,CAUSAL_XGBOOST,0.14705812318763511,0.22911512851715088
2024-04-22,QQQ,CAUSAL_XGBOOST,0.14587619316030112,0.21267560124397278
2024-04-23,QQQ,CAUSAL_XGBOOST,0.14042938616961925,0.19678764045238495
2024-04-24,QQQ,CAUSAL_XGBOOST,0.14103936386929214,0.19677045941352844
2024-04-25,QQQ,CAUSAL_XGBOOST,0.14078867801558723,0.1985023319721222
2024-04-26,QQQ,CAUSAL_XGBOOST,0.13558697154663277,0.20302876830101013
2024-04-29,QQQ,CAUSAL_XGBOOST,0.13556257813045997,0.2077932506799698
2024-04-30,QQQ,CAUSAL_XGBOOST,0.11481185133322816,0.18099988996982574
2024-05-01,QQQ,CAUSAL_XGBOOST,0.11979570414455713,0.18529224395751953
2024-05-02,QQQ,CAUSAL_XGBOOST,0.11597811429912486,0.1848842352628708
2024-05-03,QQQ,CAUSAL_XGBOOST,0.09739614395185332,0.21056297421455383
2024-05-06,QQQ,CAUSAL_XGBOOST,0.09163478675355533,0.20987969636917114
2024-05-07,QQQ,CAUSAL_XGBOOST,0.11221071466260607,0.21184879541397095
2024-05-08,QQQ,CAUSAL_XGBOOST,0.11212242756651916,0.20066151022911072
2024-05-09,QQQ,CAUSAL_XGBOOST,0.11279359940375647,0.21232517063617706
2024-05-10,QQQ,CAUSAL_XGBOOST,0.11293612284943949,0.18818679451942444
2024-05-13,QQQ,CAUSAL_XGBOOST,0.11396843505884025,0.19873639941215515
2024-05-14,QQQ,CAUSAL_XGBOOST,0.11908430076767663,0.199295312166214
2024-05-15,QQQ,CAUSAL_XGBOOST,0.11014959456650895,0.21072213351726532
2024-05-16,QQQ,CAUSAL_XGBOOST,0.10912536021387668,0.21402990818023682
2024-05-17,QQQ,CAUSAL_XGBOOST,0.11306307268615662,0.24084526300430298
2024-05-20,QQQ,CAUSAL_XGBOOST,0.1128769690226113,0.2387942671775818
2024-05-21,QQQ,CAUSAL_XGBOOST,0.11937872790702095,0.21176394820213318
2024-05-22,QQQ,CAUSAL_XGBOOST,0.12051036173143698,0.19404752552509308
2024-05-23,QQQ,CAUSAL_XGBOOST,0.1282247064060751,0.1904420256614685
2024-05-24,QQQ,CAUSAL_XGBOOST,0.12985027809207242,0.18922078609466553
2024-05-28,QQQ,CAUSAL_XGBOOST,0.12974674081000623,0.18203231692314148
2024-05-29,QQQ,CAUSAL_XGBOOST,0.12495240363510175,0.18068236112594604
2024-05-30,QQQ,CAUSAL_XGBOOST,0.11834286196552972,0.19425255060195923
2024-05-31,QQQ,CAUSAL_XGBOOST,0.1172653085450666,0.16570362448692322
2024-06-03,QQQ,CAUSAL_XGBOOST,0.11974091147925774,0.1731957197189331
2024-06-04,QQQ,CAUSAL_XGBOOST,0.12078315362857979,0.1761384755373001
2024-06-05,QQQ,CAUSAL_XGBOOST,0.10806487982527596,0.17738041281700134
2024-06-06,QQQ,CAUSAL_XGBOOST,0.10721547448480738,0.180071622133255
2024-06-07,QQQ,CAUSAL_XGBOOST,0.10641808540412032,0.18077707290649414
2024-06-10,QQQ,CAUSAL_XGBOOST,0.10902520177284244,0.18237021565437317
2024-06-11,QQQ,CAUSAL_XGBOOST,0.14256311984406794,0.1850695163011551
2024-06-12,QQQ,CAUSAL_XGBOOST,0.13779490709999442,0.18435125052928925
2024-06-13,QQQ,CAUSAL_XGBOOST,0.1372963418532563,0.19375956058502197
2024-06-14,QQQ,CAUSAL_XGBOOST,0.13691765695951547,0.18034091591835022
2024-06-17,QQQ,CAUSAL_XGBOOST,0.17155689666935792,0.18377092480659485
2024-06-18,QQQ,CAUSAL_XGBOOST,0.17227030851706326,0.18558092415332794
2024-06-20,QQQ,CAUSAL_XGBOOST,0.1729666926445,0.18306633830070496
2024-06-21,QQQ,CAUSAL_XGBOOST,0.18106624895370127,0.16407561302185059
2024-06-24,QQQ,CAUSAL_XGBOOST,0.17637042782757284,0.15437990427017212
2024-06-25,QQQ,CAUSAL_XGBOOST,0.2155341089216165,0.15495973825454712
2024-06-26,QQQ,CAUSAL_XGBOOST,0.21753746266887433,0.15990541875362396
2024-06-27,QQQ,CAUSAL_XGBOOST,0.22147941265016957,0.16629604995250702
2024-06-28,QQQ,CAUSAL_XGBOOST,0.2215633591456662,0.1732548326253891
2024-07-01,QQQ,CAUSAL_XGBOOST,0.22377159993925724,0.18168693780899048
2024-07-02,QQQ,CAUSAL_XGBOOST,0.24691074381833727,0.17962467670440674
2024-07-03,QQQ,CAUSAL_XGBOOST,0.2566404169272072,0.18085825443267822
2024-07-05,QQQ,CAUSAL_XGBOOST,0.26132985222198263,0.1948275864124298
2024-07-08,QQQ,CAUSAL_XGBOOST,0.27443694132245006,0.20632044970989227
2024-07-09,QQQ,CAUSAL_XGBOOST,0.2792517909045216,0.20859821140766144
2024-07-10,QQQ,CAUSAL_XGBOOST,0.27261408646608876,0.2056303471326828
2024-07-11,QQQ,CAUSAL_XGBOOST,0.29687127005865926,0.19140015542507172
2024-07-12,QQQ,CAUSAL_XGBOOST,0.29657492395315016,0.1874450296163559
2024-07-15,QQQ,CAUSAL_XGBOOST,0.29640485789755416,0.18269310891628265
2024-07-16,QQQ,CAUSAL_XGBOOST,0.3137861589459784,0.17601370811462402
2024-07-17,QQQ,CAUSAL_XGBOOST,0.29816388172814884,0.18205760419368744
2024-07-18,QQQ,CAUSAL_XGBOOST,0.3128298345978685,0.17762714624404907
2024-07-19,QQQ,CAUSAL_XGBOOST,0.31130034092515557,0.20147694647312164
2024-07-22,QQQ,CAUSAL_XGBOOST,0.3102634310655813,0.18211603164672852
2024-07-23,QQQ,CAUSAL_XGBOOST,0.31009570957134497,0.17347678542137146
2024-07-24,QQQ,CAUSAL_XGBOOST,0.2786833611167015,0.23985567688941956
2024-07-25,QQQ,CAUSAL_XGBOOST,0.2822546651188592,0.1962820142507553
2024-07-26,QQQ,CAUSAL_XGBOOST,0.2824931484944674,0.18979571759700775
2024-07-29,QQQ,CAUSAL_XGBOOST,0.2854524824047546,0.21892772614955902
2024-07-30,QQQ,CAUSAL_XGBOOST,0.279884035641168,0.19132812321186066
2024-07-31,QQQ,CAUSAL_XGBOOST,0.2643960030511884,0.22643083333969116
2024-08-01,QQQ,CAUSAL_XGBOOST,0.2481713460382236,0.2478070855140686
2024-08-02,QQQ,CAUSAL_XGBOOST,0.23199085076087533,0.2890750765800476
2024-08-05,QQQ,CAUSAL_XGBOOST,0.23306439750742639,0.49624162912368774
2024-08-06,QQQ,CAUSAL_XGBOOST,0.23250623721540775,0.42587336897850037
2024-08-07,QQQ,CAUSAL_XGBOOST,0.22731236735122895,0.4360986649990082
2024-08-08,QQQ,CAUSAL_XGBOOST,0.22735025070011258,0.2959764897823334
2024-08-09,QQQ,CAUSAL_XGBOOST,0.23117488703648356,0.28349149227142334
2024-08-12,QQQ,CAUSAL_XGBOOST,0.23320866023946493,0.27621591091156006
2024-08-13,QQQ,CAUSAL_XGBOOST,0.22934242680564224,0.26775339245796204
2024-08-14,QQQ,CAUSAL_XGBOOST,0.23160409857605938,0.2520013749599457
2024-08-15,QQQ,CAUSAL_XGBOOST,0.21443011954727925,0.25035858154296875
2024-08-16,QQQ,CAUSAL_XGBOOST,0.21496843471974567,0.24077919125556946
2024-08-19,QQQ,CAUSAL_XGBOOST,0.20925945453344733,0.24351298809051514
2024-08-20,QQQ,CAUSAL_XGBOOST,0.20959240213798075,0.2472553551197052
2024-08-21,QQQ,CAUSAL_XGBOOST,0.22833523528995187,0.24184270203113556
2024-08-22,QQQ,CAUSAL_XGBOOST,0.2205284141428248,0.26034432649612427
2024-08-23,QQQ,CAUSAL_XGBOOST,0.2175078202968206,0.23176753520965576
2024-08-26,QQQ,CAUSAL_XGBOOST,0.21462658271034818,0.23678797483444214
2024-08-27,QQQ,CAUSAL_XGBOOST,0.21451321540402865,0.21843856573104858
2024-08-28,QQQ,CAUSAL_XGBOOST,0.21044650204322604,0.22721441090106964
2024-08-29,QQQ,CAUSAL_XGBOOST,0.21183270153816514,0.19169561564922333
2024-08-30,QQQ,CAUSAL_XGBOOST,0.20851238621560536,0.19397267699241638
2024-09-03,QQQ,CAUSAL_XGBOOST,0.18087795868458453,0.24099580943584442
2024-09-04,QQQ,CAUSAL_XGBOOST,0.1800433409977717,0.25306957960128784
2024-09-05,QQQ,CAUSAL_XGBOOST,0.1803154417704913,0.25221118330955505
2024-09-06,QQQ,CAUSAL_XGBOOST,0.14579414244263458,0.2503432035446167
2024-09-09,QQQ,CAUSAL_XGBOOST,0.1512755051576264,0.22184275090694427
2024-09-10,QQQ,CAUSAL_XGBOOST,0.15557820943904618,0.20809394121170044
2024-09-11,QQQ,CAUSAL_XGBOOST,0.14131666133354942,0.19723206758499146
2024-09-12,QQQ,CAUSAL_XGBOOST,0.13928865787297257,0.19481196999549866
2024-09-13,QQQ,CAUSAL_XGBOOST,0.13900799705520608,0.194358691573143
2024-09-16,QQQ,CAUSAL_XGBOOST,0.13865887877230776,0.20387889444828033
2024-09-17,QQQ,CAUSAL_XGBOOST,0.1498267961399569,0.20355500280857086
2024-09-18,QQQ,CAUSAL_XGBOOST,0.14820262681916094,0.20752114057540894
2024-09-19,QQQ,CAUSAL_XGBOOST,0.12107173724505006,0.19369074702262878
2024-09-20,QQQ,CAUSAL_XGBOOST,0.12219738250397541,0.17828740179538727
2024-09-23,QQQ,CAUSAL_XGBOOST,0.12211839007974526,0.16698242723941803
2024-09-24,QQQ,CAUSAL_XGBOOST,0.12139723491799377,0.15910716354846954
2024-09-25,QQQ,CAUSAL_XGBOOST,0.1348322253526639,0.15514858067035675
2024-09-26,QQQ,CAUSAL_XGBOOST,0.13526791326321413,0.17058463394641876
2024-09-27,QQQ,CAUSAL_XGBOOST,0.1348903274465979,0.18161273002624512
2024-09-30,QQQ,CAUSAL_XGBOOST,0.13473353570020705,0.19324477016925812
2024-10-01,QQQ,CAUSAL_XGBOOST,0.12617261746340727,0.20584148168563843
2024-10-02,QQQ,CAUSAL_XGBOOST,0.13062225613808023,0.19620093703269958
2024-10-03,QQQ,CAUSAL_XGBOOST,0.16213278997510078,0.20588770508766174
2024-10-04,QQQ,CAUSAL_XGBOOST,0.1586404738173196,0.2023002654314041
2024-10-07,QQQ,CAUSAL_XGBOOST,0.15394208275718954,0.23009741306304932
2024-10-08,QQQ,CAUSAL_XGBOOST,0.15144193382742252,0.20799459517002106
2024-10-09,QQQ,CAUSAL_XGBOOST,0.17680218073077456,0.18101683259010315
2024-10-10,QQQ,CAUSAL_XGBOOST,0.18368184789379782,0.18821270763874054
2024-10-11,QQQ,CAUSAL_XGBOOST,0.18370199000699772,0.21683639287948608
2024-10-15,QQQ,CAUSAL_XGBOOST,0.17410793157881105,0.17274163663387299
2024-10-16,QQQ,CAUSAL_XGBOOST,0.17440254530169183,0.17866602540016174
2024-10-17,QQQ,CAUSAL_XGBOOST,0.17733767051020938,0.18700040876865387
2024-10-18,QQQ,CAUSAL_XGBOOST,0.19846971293129065,0.18627174198627472
2024-10-21,QQQ,CAUSAL_XGBOOST,0.1998309234723173,0.23039327561855316
2024-10-22,QQQ,CAUSAL_XGBOOST,0.2011153388923603,0.2243584394454956
2024-10-23,QQQ,CAUSAL_XGBOOST,0.19195403813424072,0.17250464856624603
2024-10-24,QQQ,CAUSAL_XGBOOST,0.19056934915628415,0.17739170789718628
2024-10-25,QQQ,CAUSAL_XGBOOST,0.18973292703324332,0.171529158949852
2024-10-28,QQQ,CAUSAL_XGBOOST,0.18971205738686045,0.16442818939685822
2024-10-29,QQQ,CAUSAL_XGBOOST,0.18780595699613942,0.16941872239112854
2024-10-30,QQQ,CAUSAL_XGBOOST,0.1880001612323039,0.16477848589420319
2024-10-31,QQQ,CAUSAL_XGBOOST,0.1615487854813489,0.17391535639762878
2024-11-01,QQQ,CAUSAL_XGBOOST,0.16335746265396292,0.17202253639698029
2024-11-04,QQQ,CAUSAL_XGBOOST,0.1619648119833608,0.18426558375358582
2024-11-05,QQQ,CAUSAL_XGBOOST,0.16166464988107915,0.1589614897966385
2024-11-06,QQQ,CAUSAL_XGBOOST,0.13612667646542154,0.13961629569530487
2024-11-07,QQQ,CAUSAL_XGBOOST,0.12883370178653442,0.15279518067836761
2024-11-08,QQQ,CAUSAL_XGBOOST,0.13279202527122996,0.15454256534576416
2024-11-12,QQQ,CAUSAL_XGBOOST,0.14621185332860917,0.14697949588298798
2024-11-13,QQQ,CAUSAL_XGBOOST,0.14872299553042534,0.14959803223609924
2024-11-14,QQQ,CAUSAL_XGBOOST,0.14687402352241793,0.15919271111488342
2024-11-15,QQQ,CAUSAL_XGBOOST,0.1159769844871332,0.16476348042488098
2024-11-18,QQQ,CAUSAL_XGBOOST,0.11915410386636074,0.16342946887016296
2024-11-19,QQQ,CAUSAL_XGBOOST,0.18497817786839243,0.17204736173152924
2024-11-20,QQQ,CAUSAL_XGBOOST,0.1860059418066995,0.17715346813201904
2024-11-21,QQQ,CAUSAL_XGBOOST,0.1877928886486956,0.16878442466259003
2024-11-22,QQQ,CAUSAL_XGBOOST,0.19012767938981598,0.16292130947113037
2024-11-25,QQQ,CAUSAL_XGBOOST,0.194624268064774,0.16601817309856415
2024-11-26,QQQ,CAUSAL_XGBOOST,0.19456133617784824,0.1748943328857422
2024-11-27,QQQ,CAUSAL_XGBOOST,0.19918890178188467,0.1742500364780426
2024-11-29,QQQ,CAUSAL_XGBOOST,0.2043215020823302,0.16851495206356049
2024-12-02,QQQ,CAUSAL_XGBOOST,0.2030862120962171,0.17408104240894318
2024-12-03,QQQ,CAUSAL_XGBOOST,0.2027606788898625,0.18297047913074493
2024-12-04,QQQ,CAUSAL_XGBOOST,0.20652658107218477,0.18739236891269684
2024-12-05,QQQ,CAUSAL_XGBOOST,0.21044747340071307,0.18571993708610535
2024-12-06,QQQ,CAUSAL_XGBOOST,0.21748192804420283,0.19459165632724762
2024-12-09,QQQ,CAUSAL_XGBOOST,0.21600624774902222,0.20435495674610138
2024-12-10,QQQ,CAUSAL_XGBOOST,0.22252376277680797,0.19728124141693115
2024-12-11,QQQ,CAUSAL_XGBOOST,0.2109647290744163,0.20023950934410095
2024-12-12,QQQ,CAUSAL_XGBOOST,0.21041592516488455,0.19907541573047638
2024-12-13,QQQ,CAUSAL_XGBOOST,0.22586413140064032,0.18592049181461334
2024-12-16,QQQ,CAUSAL_XGBOOST,0.21898742299325946,0.18728585541248322
2024-12-17,QQQ,CAUSAL_XGBOOST,0.2289327236692695,0.18594132363796234
2024-12-18,QQQ,CAUSAL_XGBOOST,0.18752378993041982,0.27404701709747314
2024-12-19,QQQ,CAUSAL_XGBOOST,0.19090675127047965,0.25164568424224854
2024-12-20,QQQ,CAUSAL_XGBOOST,0.18914820971711735,0.21147097647190094
2024-12-23,QQQ,CAUSAL_XGBOOST,0.188081125525744,0.19864046573638916
2024-12-24,QQQ,CAUSAL_XGBOOST,0.2098885566575865,0.17369745671749115
2024-12-26,QQQ,CAUSAL_XGBOOST,0.21762380401367337,0.15529152750968933
2024-12-27,QQQ,CAUSAL_XGBOOST,0.21253263621812904,0.1725391000509262
2024-12-30,QQQ,CAUSAL_XGBOOST,0.20713180217900323,0.1978355348110199
2024-12-31,QQQ,CAUSAL_XGBOOST,0.20444723940643716,0.19022025167942047
2025-01-02,QQQ,CAUSAL_XGBOOST,0.20676615110727992,0.18939751386642456
2025-01-03,QQQ,CAUSAL_XGBOOST,0.20323113250912447,0.16558051109313965
2025-01-06,QQQ,CAUSAL_XGBOOST,0.19978647954625878,0.1618732511997223
2025-01-07,QQQ,CAUSAL_XGBOOST,0.1883661703356258,0.18606886267662048
2025-01-08,QQQ,CAUSAL_XGBOOST,0.19488402509942485,0.18378572165966034
2025-01-10,QQQ,CAUSAL_XGBOOST,0.18849062672877526,0.19347643852233887
2025-01-13,QQQ,CAUSAL_XGBOOST,0.18819935688460745,0.18659435212612152
2025-01-14,QQQ,CAUSAL_XGBOOST,0.18794027246487993,0.18599161505699158
2025-01-15,QQQ,CAUSAL_XGBOOST,0.17782739559685604,0.15665876865386963
2025-01-16,QQQ,CAUSAL_XGBOOST,0.17485241185702177,0.1779245138168335
2025-01-17,QQQ,CAUSAL_XGBOOST,0.16644098367086238,0.17116567492485046
2025-01-21,QQQ,CAUSAL_XGBOOST,0.1657557944071955,0.18179641664028168
2025-01-22,QQQ,CAUSAL_XGBOOST,0.1612624440554878,0.1641971468925476
2025-01-23,QQQ,CAUSAL_XGBOOST,0.17819619890742427,0.17657899856567383
2025-01-24,QQQ,CAUSAL_XGBOOST,0.1818529990885975,0.1707760989665985
2025-01-27,QQQ,CAUSAL_XGBOOST,0.1544387012622354,0.22140806913375854
2025-01-28,QQQ,CAUSAL_XGBOOST,0.1447260937232546,0.21445587277412415
2025-01-29,QQQ,CAUSAL_XGBOOST,0.1745664962779778,0.22065728902816772
2025-01-30,QQQ,CAUSAL_XGBOOST,0.1844257311153803,0.20012781023979187
2025-01-31,QQQ,CAUSAL_XGBOOST,0.19850183735535623,0.20262525975704193
2025-02-03,QQQ,CAUSAL_XGBOOST,0.19743459935697175,0.20375466346740723
2025-02-04,QQQ,CAUSAL_XGBOOST,0.19817913902724596,0.19864505529403687
2025-02-05,QQQ,CAUSAL_XGBOOST,0.21620406570618747,0.18394127488136292
2025-02-06,QQQ,CAUSAL_XGBOOST,0.21750403809599303,0.18154989182949066
2025-02-07,QQQ,CAUSAL_XGBOOST,0.2505589994256479,0.20141467452049255
2025-02-10,QQQ,CAUSAL_XGBOOST,0.24262516130602693,0.17501066625118256
2025-02-11,QQQ,CAUSAL_XGBOOST,0.2498367443608055,0.17786884307861328
2025-02-12,QQQ,CAUSAL_XGBOOST,0.25302870110854603,0.17341367900371552
2025-02-13,QQQ,CAUSAL_XGBOOST,0.26524634341242764,0.1845940202474594
2025-02-14,QQQ,CAUSAL_XGBOOST,0.26647252896444334,0.18491125106811523
2025-02-18,QQQ,CAUSAL_XGBOOST,0.2679682583837877,0.1871688961982727
2025-02-19,QQQ,CAUSAL_XGBOOST,0.27612964154620484,0.18414908647537231
2025-02-20,QQQ,CAUSAL_XGBOOST,0.2762082267233154,0.19013617932796478
2025-02-21,QQQ,CAUSAL_XGBOOST,0.27181769030751846,0.20800161361694336
2025-02-24,QQQ,CAUSAL_XGBOOST,0.2855193783041056,0.20914670825004578
2025-02-25,QQQ,CAUSAL_XGBOOST,0.2845476338882483,0.21536961197853088
2025-02-26,QQQ,CAUSAL_XGBOOST,0.2900278262858372,0.19217801094055176
2025-02-27,QQQ,CAUSAL_XGBOOST,0.274681154760026,0.19978615641593933
2025-02-28,QQQ,CAUSAL_XGBOOST,0.27999207758827815,0.20843946933746338
2025-03-03,QQQ,CAUSAL_XGBOOST,0.27182500764979156,0.21849586069583893
2025-03-04,QQQ,CAUSAL_XGBOOST,0.27454271013297393,0.22767288982868195
2025-03-05,QQQ,CAUSAL_XGBOOST,0.2710800499648258,0.21728913486003876
2025-03-06,QQQ,CAUSAL_XGBOOST,0.31776846667341596,0.23784330487251282
2025-03-07,QQQ,CAUSAL_XGBOOST,0.37943502100040344,0.21519692242145538
2025-03-10,QQQ,CAUSAL_XGBOOST,0.3612490079461675,0.27710849046707153
2025-03-11,QQQ,CAUSAL_XGBOOST,0.3638390857443592,0.25578388571739197
2025-03-12,QQQ,CAUSAL_XGBOOST,0.5576652720958364,0.2401624619960785
2025-03-13,QQQ,CAUSAL_XGBOOST,0.574910192843233,0.23979289829730988
2025-03-14,QQQ,CAUSAL_XGBOOST,0.5718433409153606,0.22837869822978973
2025-03-17,QQQ,CAUSAL_XGBOOST,0.5719059966497647,0.21456564962863922
2025-03-18,QQQ,CAUSAL_XGBOOST,0.5694030514466117,0.21651846170425415
2025-03-19,QQQ,CAUSAL_XGBOOST,0.575369736037488,0.21991968154907227
2025-03-20,QQQ,CAUSAL_XGBOOST,0.5755200148368026,0.21113808453083038
2025-03-21,QQQ,CAUSAL_XGBOOST,0.5797118464286319,0.2010364532470703
2025-03-24,QQQ,CAUSAL_XGBOOST,0.582482399000269,0.1956019103527069
2025-03-25,QQQ,CAUSAL_XGBOOST,0.5895202716878153,0.18020638823509216
2025-03-26,QQQ,CAUSAL_XGBOOST,0.5973219632683802,0.19742216169834137
2025-03-27,QQQ,CAUSAL_XGBOOST,0.5988329507077202,0.17827625572681427
2025-03-28,QQQ,CAUSAL_XGBOOST,0.5910701986638923,0.19619202613830566
2025-03-31,QQQ,CAUSAL_XGBOOST,0.5914767827853745,0.1817971020936966
2025-04-01,QQQ,CAUSAL_XGBOOST,0.5908446057887247,0.18524178862571716
2025-04-02,QQQ,CAUSAL_XGBOOST,0.5920840074996633,0.18149368464946747
2025-04-03,QQQ,CAUSAL_XGBOOST,0.5558761310689808,0.25223881006240845
2025-04-04,QQQ,CAUSAL_XGBOOST,0.496405816786787,0.48521921038627625
2025-04-07,QQQ,CAUSAL_XGBOOST,0.4995828059036485,0.43009331822395325
2025-04-08,QQQ,CAUSAL_XGBOOST,0.49126457624669484,0.41171732544898987
2025-04-09,QQQ,CAUSAL_XGBOOST,0.29282938908487655,0.5152759552001953
2025-04-10,QQQ,CAUSAL_XGBOOST,0.23839460067641424,0.6843307614326477
2025-04-11,QQQ,CAUSAL_XGBOOST,0.26584858175466936,0.567237138748169
2025-04-14,QQQ,CAUSAL_XGBOOST,0.26799923240035856,0.567237138748169
2025-04-15,QQQ,CAUSAL_XGBOOST,0.26738366498941096,0.5666369199752808
2025-04-16,QQQ,CAUSAL_XGBOOST,0.23059731112557347,0.5675874352455139
2025-04-17,QQQ,CAUSAL_XGBOOST,0.229073135627526,0.5592197179794312
2025-04-21,QQQ,CAUSAL_XGBOOST,0.19535974449223267,0.41264408826828003
2025-04-22,QQQ,CAUSAL_XGBOOST,0.18995503787128856,0.36198702454566956
2025-04-23,QQQ,CAUSAL_XGBOOST,0.1968149481797719,0.4111272692680359
2025-04-24,QQQ,CAUSAL_XGBOOST,0.17966620230666316,0.29234713315963745
2025-04-25,QQQ,CAUSAL_XGBOOST,0.1846491526037431,0.28417617082595825
2025-04-28,QQQ,CAUSAL_XGBOOST,0.19636685466036644,0.28402701020240784
2025-04-29,QQQ,CAUSAL_XGBOOST,0.19900764642935745,0.28615322709083557
2025-04-30,QQQ,CAUSAL_XGBOOST,0.19851972516653668,0.29095572233200073
2025-05-01,QQQ,CAUSAL_XGBOOST,0.19696433233099828,0.26772186160087585
2025-05-02,QQQ,CAUSAL_XGBOOST,0.19335613820627798,0.2634753882884979
2025-05-05,QQQ,CAUSAL_XGBOOST,0.19067695718653455,0.26933473348617554
2025-05-06,QQQ,CAUSAL_XGBOOST,0.18409288218048006,0.29166942834854126
2025-05-07,QQQ,CAUSAL_XGBOOST,0.18916750898117962,0.2697238028049469
2025-05-08,QQQ,CAUSAL_XGBOOST,0.18894251286739205,0.2713969051837921
2025-05-09,QQQ,CAUSAL_XGBOOST,0.18838396262384544,0.26853618025779724
2025-05-12,QQQ,CAUSAL_XGBOOST,0.13375514779592948,0.22320793569087982
2025-05-13,QQQ,CAUSAL_XGBOOST,0.12657721311625444,0.22523106634616852
2025-05-14,QQQ,CAUSAL_XGBOOST,0.12556677059228044,0.21638965606689453
2025-05-15,QQQ,CAUSAL_XGBOOST,0.1351354617713354,0.21355871856212616
2025-05-16,QQQ,CAUSAL_XGBOOST,0.14247018013825527,0.2174084335565567
2025-05-19,QQQ,CAUSAL_XGBOOST,0.14774234449334456,0.21531662344932556
2025-05-20,QQQ,CAUSAL_XGBOOST,0.1470276558726066,0.19249393045902252
2025-05-21,QQQ,CAUSAL_XGBOOST,0.13768933845820788,0.19940562546253204
2025-05-22,QQQ,CAUSAL_XGBOOST,0.14127827420936473,0.20623135566711426
2025-05-23,QQQ,CAUSAL_XGBOOST,0.14260474180691415,0.22325395047664642
2025-05-27,QQQ,CAUSAL_XGBOOST,0.12081758179459667,0.19843555986881256
2025-05-28,QQQ,CAUSAL_XGBOOST,0.12105203950148395,0.20320190489292145
2025-05-29,QQQ,CAUSAL_XGBOOST,0.12105743478704663,0.19865109026432037
2025-05-30,QQQ,CAUSAL_XGBOOST,0.12065587585198424,0.20714344084262848
2025-06-02,QQQ,CAUSAL_XGBOOST,0.12590229842777828,0.20575641095638275
2025-06-03,QQQ,CAUSAL_XGBOOST,0.12544661202740467,0.1910829395055771
2025-06-04,QQQ,CAUSAL_XGBOOST,0.12828691703881448,0.18008998036384583
2025-06-05,QQQ,CAUSAL_XGBOOST,0.12829308957626553,0.2151363641023636
2025-06-06,QQQ,CAUSAL_XGBOOST,0.12562376592765354,0.1815464049577713
2025-06-09,QQQ,CAUSAL_XGBOOST,0.12679420946894698,0.18617895245552063
2025-06-10,QQQ,CAUSAL_XGBOOST,0.12648292760082283,0.16297274827957153
2025-06-11,QQQ,CAUSAL_XGBOOST,0.12591113099424484,0.22470934689044952
2025-06-12,QQQ,CAUSAL_XGBOOST,0.1260305141469681,0.2263103574514389
2025-06-13,QQQ,CAUSAL_XGBOOST,0.11354297141879789,0.20273824036121368
2025-06-16,QQQ,CAUSAL_XGBOOST,0.10591253195708328,0.1836472451686859
2025-06-17,QQQ,CAUSAL_XGBOOST,0.09782203570318487,0.19805054366588593
2025-06-18,QQQ,CAUSAL_XGBOOST,0.09820783017434924,0.18563823401927948
2025-06-20,QQQ,CAUSAL_XGBOOST,0.09475907363357892,0.20002703368663788
2025-06-23,QQQ,CAUSAL_XGBOOST,0.09599021734663023,0.19454139471054077
2025-06-24,QQQ,CAUSAL_XGBOOST,0.08439643759176886,0.16210488975048065
2025-06-25,QQQ,CAUSAL_XGBOOST,0.0843848595336557,0.1392638385295868
2025-06-26,QQQ,CAUSAL_XGBOOST,0.08007425094521814,0.14527501165866852
2025-06-27,QQQ,CAUSAL_XGBOOST,0.08000197561701189,0.13050048053264618
2025-06-30,QQQ,CAUSAL_XGBOOST,0.07885663815937702,0.14776231348514557
2025-07-01,QQQ,CAUSAL_XGBOOST,0.0697489773541582,0.14510898292064667
2025-07-02,QQQ,CAUSAL_XGBOOST,0.07151176393565419,0.15242159366607666
2025-07-03,QQQ,CAUSAL_XGBOOST,0.09752189716273069,0.15007226169109344
2025-07-07,QQQ,CAUSAL_XGBOOST,0.1135225674792853,0.1637704074382782
2025-07-08,QQQ,CAUSAL_XGBOOST,0.11693685721085112,0.13526907563209534
2025-07-09,QQQ,CAUSAL_XGBOOST,0.12233328939083304,0.13515497744083405
2025-07-10,QQQ,CAUSAL_XGBOOST,0.12226220357474216,0.14048877358436584
2025-07-11,QQQ,CAUSAL_XGBOOST,0.1247420511039249,0.18235290050506592
2025-07-14,QQQ,CAUSAL_XGBOOST,0.12565565422452388,0.18818330764770508
2025-07-15,QQQ,CAUSAL_XGBOOST,0.13155250378610175,0.18918991088867188
2025-07-16,QQQ,CAUSAL_XGBOOST,0.13161992976362186,0.18919521570205688
2025-07-17,QQQ,CAUSAL_XGBOOST,0.12997421121027855,0.18497313559055328
2025-07-18,QQQ,CAUSAL_XGBOOST,0.13143660859819972,0.17838585376739502
2025-07-21,QQQ,CAUSAL_XGBOOST,0.1308093915030525,0.1803612858057022
2025-07-22,QQQ,CAUSAL_XGBOOST,0.13941346087569703,0.19804106652736664
2025-07-23,QQQ,CAUSAL_XGBOOST,0.14055785620701228,0.20115883648395538
2025-07-24,QQQ,CAUSAL_XGBOOST,0.1413683320795696,0.23337066173553467
2025-07-25,QQQ,CAUSAL_XGBOOST,0.15152242669876337,0.22685463726520538
2025-07-28,QQQ,CAUSAL_XGBOOST,0.15164131273617107,0.2191462367773056
2025-07-29,QQQ,CAUSAL_XGBOOST,0.15207727062329773,0.19742104411125183
2025-07-30,QQQ,CAUSAL_XGBOOST,0.15209379346972973,0.19566361606121063
2025-07-31,QQQ,CAUSAL_XGBOOST,0.15178673513933508,0.20250564813613892
2025-08-01,QQQ,CAUSAL_XGBOOST,0.1389631276367094,0.24016310274600983
2025-08-04,QQQ,CAUSAL_XGBOOST,0.12800185413141776,0.2332395315170288
2025-08-05,QQQ,CAUSAL_XGBOOST,0.12801907102709734,0.24633027613162994
2025-08-06,QQQ,CAUSAL_XGBOOST,0.12435468547045463,0.23100222647190094
2025-08-07,QQQ,CAUSAL_XGBOOST,0.12398929985888504,0.19311341643333435
2025-08-08,QQQ,CAUSAL_XGBOOST,0.12083389926527609,0.18183572590351105
2025-08-11,QQQ,CAUSAL_XGBOOST,0.12046050265329154,0.1848369985818863
2025-08-12,QQQ,CAUSAL_XGBOOST,0.11206751981592648,0.18046066164970398
2025-08-13,QQQ,CAUSAL_XGBOOST,0.11391236617572703,0.1631346344947815
2025-08-14,QQQ,CAUSAL_XGBOOST,0.11473319010296502,0.17201560735702515
2025-08-15,QQQ,CAUSAL_XGBOOST,0.11644390870472388,0.17229291796684265
2025-08-18,QQQ,CAUSAL_XGBOOST,0.11653740270620999,0.16776975989341736
2025-08-19,QQQ,CAUSAL_XGBOOST,0.10342218008453935,0.16119186580181122
2025-08-20,QQQ,CAUSAL_XGBOOST,0.10216982809220501,0.16073550283908844
2025-08-21,QQQ,CAUSAL_XGBOOST,0.09952556276894849,0.16458474099636078
2025-08-22,QQQ,CAUSAL_XGBOOST,0.08930001611183089,0.1536937654018402
2025-08-25,QQQ,CAUSAL_XGBOOST,0.09331191755294597,0.15154747664928436
2025-08-26,QQQ,CAUSAL_XGBOOST,0.09543833128619524,0.15031428635120392
2025-08-27,QQQ,CAUSAL_XGBOOST,0.09809850209543729,0.1521667242050171
2025-08-28,QQQ,CAUSAL_XGBOOST,0.09709626940879514,0.1531243920326233
2025-08-29,QQQ,CAUSAL_XGBOOST,0.08377193031529485,0.14754435420036316
2025-09-02,QQQ,CAUSAL_XGBOOST,0.0732199185258215,0.16921626031398773
2025-09-03,QQQ,CAUSAL_XGBOOST,0.0713452413093247,0.15123946964740753
2025-09-04,QQQ,CAUSAL_XGBOOST,0.06779634842558135,0.15483057498931885
2025-09-05,QQQ,CAUSAL_XGBOOST,0.07197320123534275,0.1472550332546234
2025-09-08,QQQ,CAUSAL_XGBOOST,0.07375915343540812,0.14016397297382355
2025-09-09,QQQ,CAUSAL_XGBOOST,0.07871273170368993,0.13521963357925415
2025-09-10,QQQ,CAUSAL_XGBOOST,0.0849962441555915,0.13854752480983734
2025-09-11,QQQ,CAUSAL_XGBOOST,0.0851770397645822,0.14658242464065552
2025-09-12,QQQ,CAUSAL_XGBOOST,0.15784985207599178,0.14005963504314423
2025-09-15,QQQ,CAUSAL_XGBOOST,0.1720463872519703,0.13182273507118225
2025-09-16,QQQ,CAUSAL_XGBOOST,0.17407835412343098,0.1345490664243698
2025-09-17,QQQ,CAUSAL_XGBOOST,0.17521661309226666,0.13465958833694458
2025-09-18,QQQ,CAUSAL_XGBOOST,0.17341388889459083,0.13520249724388123
2025-09-19,QQQ,CAUSAL_XGBOOST,0.17331841141447876,0.13864664733409882
2025-09-22,QQQ,CAUSAL_XGBOOST,0.1776253987090433,0.14876675605773926
2025-09-23,QQQ,CAUSAL_XGBOOST,0.17551275991273035,0.1595529019832611
2025-09-24,QQQ,CAUSAL_XGBOOST,0.17898779661159375,0.15977692604064941
2025-09-25,QQQ,CAUSAL_XGBOOST,0.17985713262089148,0.16044701635837555
2025-09-26,QQQ,CAUSAL_XGBOOST,0.18261608875477878,0.1530369371175766
2025-09-29,QQQ,CAUSAL_XGBOOST,0.19100682562169377,0.15469005703926086
2025-09-30,QQQ,CAUSAL_XGBOOST,0.19192156440426572,0.15788540244102478
2025-10-01,QQQ,CAUSAL_XGBOOST,0.19188097652109015,0.1465969979763031
2025-10-02,QQQ,CAUSAL_XGBOOST,0.20211253080179312,0.21664540469646454
2025-10-03,QQQ,CAUSAL_XGBOOST,0.20117473965798408,0.19479097425937653
2025-10-06,QQQ,CAUSAL_XGBOOST,0.20044226171912033,0.19781622290611267
2025-10-07,QQQ,CAUSAL_XGBOOST,0.21453508302119217,0.19497039914131165
2025-10-08,QQQ,CAUSAL_XGBOOST,0.21213458671732158,0.19390740990638733
2025-10-09,QQQ,CAUSAL_XGBOOST,0.22341242845315795,0.19358079135417938
2025-10-10,QQQ,CAUSAL_XGBOOST,0.18092890032740175,0.21077795326709747
2025-10-14,QQQ,CAUSAL_XGBOOST,0.18029002491138207,0.20314070582389832
2025-10-15,QQQ,CAUSAL_XGBOOST,0.17949181769364206,0.2154308259487152
2025-10-16,QQQ,CAUSAL_XGBOOST,0.195397435656179,0.2530274987220764
2025-10-17,QQQ,CAUSAL_XGBOOST,0.19417564439013713,0.21254263818264008
2025-10-20,QQQ,CAUSAL_XGBOOST,0.19113491970351723,0.1995856612920761
2025-10-21,QQQ,CAUSAL_XGBOOST,0.19550075997384897,0.22558438777923584
2025-10-22,QQQ,CAUSAL_XGBOOST,0.1944297021389157,0.22748588025569916
2025-10-23,QQQ,CAUSAL_XGBOOST,0.20830860292775244,0.21944084763526917
2025-10-24,QQQ,CAUSAL_XGBOOST,0.2060565974554666,0.1954096257686615
2025-10-27,QQQ,CAUSAL_XGBOOST,0.21724803267848336,0.20785358548164368
2025-10-28,QQQ,CAUSAL_XGBOOST,0.21643218938681985,0.22198528051376343
2025-10-29,QQQ,CAUSAL_XGBOOST,0.21865551008758943,0.2198646515607834
2025-10-30,QQQ,CAUSAL_XGBOOST,0.21501744151772917,0.22292236983776093
2025-10-31,QQQ,CAUSAL_XGBOOST,0.21427251708995262,0.2535879611968994
2025-11-03,QQQ,CAUSAL_XGBOOST,0.21560848913090744,0.25456368923187256
2025-11-04,QQQ,CAUSAL_XGBOOST,0.20280167417918843,0.27314794063568115
2025-11-05,QQQ,CAUSAL_XGBOOST,0.2015267356052275,0.2763633131980896
2025-11-06,QQQ,CAUSAL_XGBOOST,0.18924336602961322,0.2980354428291321
2025-11-07,QQQ,CAUSAL_XGBOOST,0.18892261077780537,0.27915140986442566
2025-11-10,QQQ,CAUSAL_XGBOOST,0.1724044252531196,0.2000192552804947
2025-11-12,QQQ,CAUSAL_XGBOOST,0.17306803861334222,0.1952459216117859
2025-11-13,QQQ,CAUSAL_XGBOOST,0.1709900472101622,0.2181846648454666
2025-11-14,QQQ,CAUSAL_XGBOOST,0.17207333462418276,0.21917110681533813
2025-11-17,QQQ,CAUSAL_XGBOOST,0.1690354352046874,0.2642441391944885
2025-11-18,QQQ,CAUSAL_XGBOOST,0.17695306008727893,0.28280776739120483
2025-11-19,QQQ,CAUSAL_XGBOOST,0.18293066845365677,0.27207523584365845
2025-11-20,QQQ,CAUSAL_XGBOOST,0.16255691588937352,0.2896204888820648
2025-11-21,QQQ,CAUSAL_XGBOOST,0.16176306726300316,0.2583294212818146
2025-11-24,QQQ,CAUSAL_XGBOOST,0.1380927790146439,0.2364780753850937
2025-11-25,QQQ,CAUSAL_XGBOOST,0.1371084420369779,0.2231675684452057
2025-11-26,QQQ,CAUSAL_XGBOOST,0.13424683833463122,0.21346858143806458
2025-11-28,QQQ,CAUSAL_XGBOOST,0.13284378167559813,0.19380232691764832
2025-12-01,QQQ,CAUSAL_XGBOOST,0.13252443382497572,0.21401439607143402
2025-12-02,QQQ,CAUSAL_XGBOOST,0.1326805238632955,0.19446036219596863
2025-12-03,QQQ,CAUSAL_XGBOOST,0.13227798648961472,0.18433339893817902
2025-12-04,QQQ,CAUSAL_XGBOOST,0.13581779764671037,0.18078476190567017
2025-12-05,QQQ,CAUSAL_XGBOOST,0.13881244764726344,0.18895265460014343
2025-12-08,QQQ,CAUSAL_XGBOOST,0.13868828661843446,0.18268883228302002
2025-12-09,QQQ,CAUSAL_XGBOOST,0.14007889477384627,0.1648441106081009
2025-12-10,QQQ,CAUSAL_XGBOOST,0.14397119364360839,0.1604793518781662
2025-12-11,QQQ,CAUSAL_XGBOOST,0.14348504514599095,0.15941794216632843
2025-12-12,QQQ,CAUSAL_XGBOOST,0.1239920192237121,0.17593242228031158
2025-12-15,QQQ,CAUSAL_XGBOOST,0.12926870128914156,0.16214779019355774
2025-12-16,QQQ,CAUSAL_XGBOOST,0.12959091569128073,0.16306930780410767
2025-12-17,QQQ,CAUSAL_XGBOOST,0.10738576458324511,0.187214657664299
2025-12-18,QQQ,CAUSAL_XGBOOST,0.1254435702572579,0.16099172830581665
2025-12-19,QQQ,CAUSAL_XGBOOST,0.12610718625064563,0.16537897288799286
2025-12-22,QQQ,CAUSAL_XGBOOST,0.1276377334954606,0.1594482809305191
2025-12-23,QQQ,CAUSAL_XGBOOST,0.12703208330521745,0.15987154841423035
2025-12-24,QQQ,CAUSAL_XGBOOST,0.12757855899450443,0.1593599170446396
2025-12-26,QQQ,CAUSAL_XGBOOST,0.13142334329009392,0.1559464931488037
2025-12-29,QQQ,CAUSAL_XGBOOST,0.13013755191561022,0.15922841429710388
2025-12-30,QQQ,CAUSAL_XGBOOST,0.13202059264603894,0.16469240188598633
2025-12-31,QQQ,CAUSAL_XGBOOST,0.13609996601113977,0.18624112010002136
2023-12-28,IWM,CAUSAL_XGBOOST,0.18963327227253757,0.21851779520511627
2023-12-29,IWM,CAUSAL_XGBOOST,0.18314139981770383,0.21591995656490326
2024-01-02,IWM,CAUSAL_XGBOOST,0.20143427176538578,0.20830997824668884
2024-01-03,IWM,CAUSAL_XGBOOST,0.18419280556973425,0.20067408680915833
2024-01-04,IWM,CAUSAL_XGBOOST,0.18511392455709422,0.20479737222194672
2024-01-05,IWM,CAUSAL_XGBOOST,0.19051523529785205,0.2098669856786728
2024-01-08,IWM,CAUSAL_XGBOOST,0.18167764760986538,0.20521728694438934
2024-01-09,IWM,CAUSAL_XGBOOST,0.1792107620451064,0.20264586806297302
2024-01-10,IWM,CAUSAL_XGBOOST,0.18748494038660482,0.19816556572914124
2024-01-11,IWM,CAUSAL_XGBOOST,0.1929345000471686,0.19996130466461182
2024-01-12,IWM,CAUSAL_XGBOOST,0.20114389861109205,0.20199516415596008
2024-01-16,IWM,CAUSAL_XGBOOST,0.25131657160102455,0.19591952860355377
2024-01-17,IWM,CAUSAL_XGBOOST,0.2609424948681829,0.2104567289352417
2024-01-18,IWM,CAUSAL_XGBOOST,0.2742147878372816,0.20865274965763092
2024-01-19,IWM,CAUSAL_XGBOOST,0.27977113529658876,0.1865590363740921
2024-01-22,IWM,CAUSAL_XGBOOST,0.27616443143183345,0.18786178529262543
2024-01-23,IWM,CAUSAL_XGBOOST,0.2765486779348819,0.19921299815177917
2024-01-24,IWM,CAUSAL_XGBOOST,0.27560368536163266,0.20291997492313385
2024-01-25,IWM,CAUSAL_XGBOOST,0.27441486165416984,0.19795578718185425
2024-01-26,IWM,CAUSAL_XGBOOST,0.27502304029806873,0.19645172357559204
2024-01-29,IWM,CAUSAL_XGBOOST,0.2727205931830363,0.20624449849128723
2024-01-30,IWM,CAUSAL_XGBOOST,0.27258457829733806,0.19887524843215942
2024-01-31,IWM,CAUSAL_XGBOOST,0.2553328649185357,0.2047080546617508
2024-02-01,IWM,CAUSAL_XGBOOST,0.2540693610935129,0.18533790111541748
2024-02-02,IWM,CAUSAL_XGBOOST,0.25274165374415797,0.19423973560333252
2024-02-05,IWM,CAUSAL_XGBOOST,0.250388897361488,0.19743259251117706
2024-02-06,IWM,CAUSAL_XGBOOST,0.24995947532656138,0.1940506398677826
2024-02-07,IWM,CAUSAL_XGBOOST,0.24985576475272425,0.1953279674053192
2024-02-08,IWM,CAUSAL_XGBOOST,0.24636232289954407,0.20270028710365295
2024-02-09,IWM,CAUSAL_XGBOOST,0.24370561495994553,0.20219548046588898
2024-02-12,IWM,CAUSAL_XGBOOST,0.23582935614844563,0.19646112620830536
2024-02-13,IWM,CAUSAL_XGBOOST,0.17443704446079297,0.18384726345539093
2024-02-14,IWM,CAUSAL_XGBOOST,0.1722203692887855,0.18206854164600372
2024-02-15,IWM,CAUSAL_XGBOOST,0.14350495226782678,0.17217083275318146
2024-02-16,IWM,CAUSAL_XGBOOST,0.13641432216876276,0.17306379973888397
2024-02-20,IWM,CAUSAL_XGBOOST,0.1269661068592612,0.17861047387123108
2024-02-21,IWM,CAUSAL_XGBOOST,0.14144277634628818,0.18142345547676086
2024-02-22,IWM,CAUSAL_XGBOOST,0.1440955999973328,0.20495033264160156
2024-02-23,IWM,CAUSAL_XGBOOST,0.15502730370164283,0.18405799567699432
2024-02-26,IWM,CAUSAL_XGBOOST,0.1540055062572004,0.18272539973258972
2024-02-27,IWM,CAUSAL_XGBOOST,0.14654760328061392,0.21374160051345825
2024-02-28,IWM,CAUSAL_XGBOOST,0.16066758567978248,0.20412252843379974
2024-02-29,IWM,CAUSAL_XGBOOST,0.15964909716218656,0.20584683120250702
2024-03-01,IWM,CAUSAL_XGBOOST,0.1607592135089697,0.2119659036397934
2024-03-04,IWM,CAUSAL_XGBOOST,0.17471902339286036,0.2171047180891037
2024-03-05,IWM,CAUSAL_XGBOOST,0.1725204609809942,0.2529523968696594
2024-03-06,IWM,CAUSAL_XGBOOST,0.17454581742293956,0.2512072026729584
2024-03-07,IWM,CAUSAL_XGBOOST,0.17220085003455898,0.22646498680114746
2024-03-08,IWM,CAUSAL_XGBOOST,0.1734855106301751,0.22472508251667023
2024-03-11,IWM,CAUSAL_XGBOOST,0.17153534471843562,0.21976201236248016
2024-03-12,IWM,CAUSAL_XGBOOST,0.19685433181403394,0.22218137979507446
2024-03-13,IWM,CAUSAL_XGBOOST,0.19802255603601598,0.22289343178272247
2024-03-14,IWM,CAUSAL_XGBOOST,0.19791287600488425,0.22142505645751953
2024-03-15,IWM,CAUSAL_XGBOOST,0.20375120298303986,0.22838056087493896
2024-03-18,IWM,CAUSAL_XGBOOST,0.20331707020147874,0.21607054769992828
2024-03-19,IWM,CAUSAL_XGBOOST,0.2046623738322959,0.21237049996852875
2024-03-20,IWM,CAUSAL_XGBOOST,0.18800247068380538,0.2050333321094513
2024-03-21,IWM,CAUSAL_XGBOOST,0.18095334651272013,0.2043597251176834
2024-03-22,IWM,CAUSAL_XGBOOST,0.1840047082730581,0.18714414536952972
2024-03-25,IWM,CAUSAL_XGBOOST,0.19554044813868815,0.18445229530334473
2024-03-26,IWM,CAUSAL_XGBOOST,0.1957874990988449,0.18616937100887299
2024-03-27,IWM,CAUSAL_XGBOOST,0.17547998462730274,0.17897287011146545
2024-03-28,IWM,CAUSAL_XGBOOST,0.17996256029633184,0.19268593192100525
2024-04-01,IWM,CAUSAL_XGBOOST,0.182233225363206,0.19793778657913208
2024-04-02,IWM,CAUSAL_XGBOOST,0.18469984437582115,0.19368921220302582
2024-04-03,IWM,CAUSAL_XGBOOST,0.1825934306495377,0.1979239135980606
2024-04-04,IWM,CAUSAL_XGBOOST,0.19403189343798677,0.2075771689414978
2024-04-05,IWM,CAUSAL_XGBOOST,0.19729716990983834,0.19615806639194489
2024-04-08,IWM,CAUSAL_XGBOOST,0.2020029824913088,0.19737152755260468
2024-04-09,IWM,CAUSAL_XGBOOST,0.20162736027455086,0.1998785138130188
2024-04-10,IWM,CAUSAL_XGBOOST,0.17749184413508093,0.17616261541843414
2024-04-11,IWM,CAUSAL_XGBOOST,0.17943309695400747,0.17794063687324524
2024-04-12,IWM,CAUSAL_XGBOOST,0.1684171088914789,0.19614946842193604
2024-04-15,IWM,CAUSAL_XGBOOST,0.15723784667276333,0.21432657539844513
2024-04-16,IWM,CAUSAL_XGBOOST,0.1580864413910191,0.20208695530891418
2024-04-17,IWM,CAUSAL_XGBOOST,0.15293852879615097,0.2052156925201416
2024-04-18,IWM,CAUSAL_XGBOOST,0.15729862781777945,0.2046847939491272
2024-04-19,IWM,CAUSAL_XGBOOST,0.15748181396252736,0.20390281081199646
2024-04-22,IWM,CAUSAL_XGBOOST,0.1550897062777613,0.2125629186630249
2024-04-23,IWM,CAUSAL_XGBOOST,0.1474163655437494,0.19548892974853516
2024-04-24,IWM,CAUSAL_XGBOOST,0.1505398770656805,0.19759748876094818
2024-04-25,IWM,CAUSAL_XGBOOST,0.1622959639826315,0.19544067978858948
2024-04-26,IWM,CAUSAL_XGBOOST,0.16333374766264133,0.20206399261951447
2024-04-29,IWM,CAUSAL_XGBOOST,0.16194168190578362,0.20121902227401733
2024-04-30,IWM,CAUSAL_XGBOOST,0.15286486216146644,0.19792349636554718
2024-05-01,IWM,CAUSAL_XGBOOST,0.15541387591220177,0.2094091922044754
2024-05-02,IWM,CAUSAL_XGBOOST,0.1453408168986182,0.2028624415397644
2024-05-03,IWM,CAUSAL_XGBOOST,0.14385204225740056,0.20738832652568817
2024-05-06,IWM,CAUSAL_XGBOOST,0.14407101147421364,0.20382697880268097
2024-05-07,IWM,CAUSAL_XGBOOST,0.1544364778893414,0.19848626852035522
2024-05-08,IWM,CAUSAL_XGBOOST,0.15519993740142274,0.19914311170578003
2024-05-09,IWM,CAUSAL_XGBOOST,0.15563297130560727,0.20393690466880798
2024-05-10,IWM,CAUSAL_XGBOOST,0.1545088871817414,0.20703737437725067
2024-05-13,IWM,CAUSAL_XGBOOST,0.15447395737031455,0.2197505086660385
2024-05-14,IWM,CAUSAL_XGBOOST,0.16009657910833416,0.2126983404159546
2024-05-15,IWM,CAUSAL_XGBOOST,0.15481022716323145,0.22264017164707184
2024-05-16,IWM,CAUSAL_XGBOOST,0.1619671854481092,0.19087804853916168
2024-05-17,IWM,CAUSAL_XGBOOST,0.16597338773764136,0.19208745658397675
2024-05-20,IWM,CAUSAL_XGBOOST,0.16583532116046526,0.22113871574401855
2024-05-21,IWM,CAUSAL_XGBOOST,0.16603351461594384,0.2085377722978592
2024-05-22,IWM,CAUSAL_XGBOOST,0.16477925292222623,0.18351837992668152
2024-05-23,IWM,CAUSAL_XGBOOST,0.15572968000608417,0.1821398138999939
2024-05-24,IWM,CAUSAL_XGBOOST,0.15006300057578312,0.18263061344623566
2024-05-28,IWM,CAUSAL_XGBOOST,0.15016612854851882,0.17586550116539001
2024-05-29,IWM,CAUSAL_XGBOOST,0.14594047006098226,0.1774962693452835
2024-05-30,IWM,CAUSAL_XGBOOST,0.1425984852730626,0.18840306997299194
2024-05-31,IWM,CAUSAL_XGBOOST,0.1417270798723201,0.17714279890060425
2024-06-03,IWM,CAUSAL_XGBOOST,0.14142466451907054,0.1773875653743744
2024-06-04,IWM,CAUSAL_XGBOOST,0.13355568602891094,0.1750481128692627
2024-06-05,IWM,CAUSAL_XGBOOST,0.12195238388635521,0.15942224860191345
2024-06-06,IWM,CAUSAL_XGBOOST,0.12262700979725875,0.16985084116458893
2024-06-07,IWM,CAUSAL_XGBOOST,0.11592869050438381,0.16992849111557007
2024-06-10,IWM,CAUSAL_XGBOOST,0.12034385204743454,0.17459402978420258
2024-06-11,IWM,CAUSAL_XGBOOST,0.17132815311169106,0.17087863385677338
2024-06-12,IWM,CAUSAL_XGBOOST,0.1681923712350669,0.18298807740211487
2024-06-13,IWM,CAUSAL_XGBOOST,0.1726464678028507,0.1955069601535797
2024-06-14,IWM,CAUSAL_XGBOOST,0.18685004671072308,0.19177168607711792
2024-06-17,IWM,CAUSAL_XGBOOST,0.19565363079542358,0.19654347002506256
2024-06-18,IWM,CAUSAL_XGBOOST,0.21429733617026742,0.20189419388771057
2024-06-20,IWM,CAUSAL_XGBOOST,0.21476471381978623,0.2025095373392105
2024-06-21,IWM,CAUSAL_XGBOOST,0.21858562237034154,0.17854848504066467
2024-06-24,IWM,CAUSAL_XGBOOST,0.2195479801877367,0.17129525542259216
2024-06-25,IWM,CAUSAL_XGBOOST,0.23780547816381808,0.17282986640930176
2024-06-26,IWM,CAUSAL_XGBOOST,0.23811604527366634,0.17643624544143677
2024-06-27,IWM,CAUSAL_XGBOOST,0.24098659762054475,0.17636547982692719
2024-06-28,IWM,CAUSAL_XGBOOST,0.247907753209203,0.18721158802509308
2024-07-01,IWM,CAUSAL_XGBOOST,0.24325693127907683,0.18813559412956238
2024-07-02,IWM,CAUSAL_XGBOOST,0.24319180360681775,0.18053358793258667
2024-07-03,IWM,CAUSAL_XGBOOST,0.27824830800793937,0.18268415331840515
2024-07-05,IWM,CAUSAL_XGBOOST,0.31079441299116656,0.1910822093486786
2024-07-08,IWM,CAUSAL_XGBOOST,0.33338418252383556,0.192251518368721
2024-07-09,IWM,CAUSAL_XGBOOST,0.3351136667675522,0.20316731929779053
2024-07-10,IWM,CAUSAL_XGBOOST,0.33621376492871063,0.19832396507263184
2024-07-11,IWM,CAUSAL_XGBOOST,0.32243475938218563,0.19404827058315277
2024-07-12,IWM,CAUSAL_XGBOOST,0.31903022727394925,0.198501318693161
2024-07-15,IWM,CAUSAL_XGBOOST,0.310603773658474,0.15906156599521637
2024-07-16,IWM,CAUSAL_XGBOOST,0.2890108054543658,0.15514466166496277
2024-07-17,IWM,CAUSAL_XGBOOST,0.2880963029461888,0.14985233545303345
2024-07-18,IWM,CAUSAL_XGBOOST,0.2993800641274737,0.16162578761577606
2024-07-19,IWM,CAUSAL_XGBOOST,0.29936181600577183,0.17561689019203186
2024-07-22,IWM,CAUSAL_XGBOOST,0.2969319333286491,0.1528121680021286
2024-07-23,IWM,CAUSAL_XGBOOST,0.2957908193594868,0.1669301986694336
2024-07-24,IWM,CAUSAL_XGBOOST,0.29114883010024367,0.17357486486434937
2024-07-25,IWM,CAUSAL_XGBOOST,0.2883661790413474,0.17463989555835724
2024-07-26,IWM,CAUSAL_XGBOOST,0.3052586132116309,0.17213007807731628
2024-07-29,IWM,CAUSAL_XGBOOST,0.30282960658540725,0.16950729489326477
2024-07-30,IWM,CAUSAL_XGBOOST,0.3035503073996943,0.18044032156467438
2024-07-31,IWM,CAUSAL_XGBOOST,0.3031782552330488,0.1982688456773758
2024-08-01,IWM,CAUSAL_XGBOOST,0.2803831585732765,0.2123328596353531
2024-08-02,IWM,CAUSAL_XGBOOST,0.24522529296901402,0.23491187393665314
2024-08-05,IWM,CAUSAL_XGBOOST,0.24214983414028543,0.5571515560150146
2024-08-06,IWM,CAUSAL_XGBOOST,0.24064091797916845,0.4421229660511017
2024-08-07,IWM,CAUSAL_XGBOOST,0.23653142573510197,0.4628598392009735
2024-08-08,IWM,CAUSAL_XGBOOST,0.23388493120099502,0.2560654580593109
2024-08-09,IWM,CAUSAL_XGBOOST,0.2338814939559526,0.26171135902404785
2024-08-12,IWM,CAUSAL_XGBOOST,0.23123978630071465,0.260920912027359
2024-08-13,IWM,CAUSAL_XGBOOST,0.22415567581209028,0.24934430420398712
2024-08-14,IWM,CAUSAL_XGBOOST,0.22704265449526245,0.22934335470199585
2024-08-15,IWM,CAUSAL_XGBOOST,0.22531704410919703,0.21261276304721832
2024-08-16,IWM,CAUSAL_XGBOOST,0.22542772066048655,0.20976229012012482
2024-08-19,IWM,CAUSAL_XGBOOST,0.22331347343482932,0.21813178062438965
2024-08-20,IWM,CAUSAL_XGBOOST,0.21827379521396792,0.22874829173088074
2024-08-21,IWM,CAUSAL_XGBOOST,0.2249217196815529,0.22911570966243744
2024-08-22,IWM,CAUSAL_XGBOOST,0.22624017910897928,0.24467335641384125
2024-08-23,IWM,CAUSAL_XGBOOST,0.19787118775220866,0.22224490344524384
2024-08-26,IWM,CAUSAL_XGBOOST,0.19795086475256493,0.23132480680942535
2024-08-27,IWM,CAUSAL_XGBOOST,0.20095475228619997,0.2204410582780838
2024-08-28,IWM,CAUSAL_XGBOOST,0.20017867498053493,0.24308344721794128
2024-08-29,IWM,CAUSAL_XGBOOST,0.20002204471957025,0.2142888605594635
2024-08-30,IWM,CAUSAL_XGBOOST,0.19921739869153055,0.21020205318927765
2024-09-03,IWM,CAUSAL_XGBOOST,0.1703267953573702,0.2505888044834137
2024-09-04,IWM,CAUSAL_XGBOOST,0.17025983621580584,0.2590819001197815
2024-09-05,IWM,CAUSAL_XGBOOST,0.1712153151409211,0.255269318819046
2024-09-06,IWM,CAUSAL_XGBOOST,0.15888356505023335,0.24583593010902405
2024-09-09,IWM,CAUSAL_XGBOOST,0.16334850605840515,0.21931025385856628
2024-09-10,IWM,CAUSAL_XGBOOST,0.16305820712392907,0.21803522109985352
2024-09-11,IWM,CAUSAL_XGBOOST,0.16304445855163008,0.22310492396354675
2024-09-12,IWM,CAUSAL_XGBOOST,0.1603912345383061,0.2147006094455719
2024-09-13,IWM,CAUSAL_XGBOOST,0.1528712786129653,0.21098098158836365
2024-09-16,IWM,CAUSAL_XGBOOST,0.15422819562655476,0.19876597821712494
2024-09-17,IWM,CAUSAL_XGBOOST,0.15207947083793102,0.19236868619918823
2024-09-18,IWM,CAUSAL_XGBOOST,0.16143092471928366,0.20088839530944824
2024-09-19,IWM,CAUSAL_XGBOOST,0.1462827635386386,0.19227637350559235
2024-09-20,IWM,CAUSAL_XGBOOST,0.14041764840634965,0.1699550300836563
2024-09-23,IWM,CAUSAL_XGBOOST,0.15207192533286015,0.1702907532453537
2024-09-24,IWM,CAUSAL_XGBOOST,0.15273462100943774,0.1750783771276474
2024-09-25,IWM,CAUSAL_XGBOOST,0.1497436891501748,0.17075945436954498
2024-09-26,IWM,CAUSAL_XGBOOST,0.14877817637362437,0.17280784249305725
2024-09-27,IWM,CAUSAL_XGBOOST,0.14732406808521697,0.18958941102027893
2024-09-30,IWM,CAUSAL_XGBOOST,0.1583841162622464,0.19025525450706482
2024-10-01,IWM,CAUSAL_XGBOOST,0.15024848152637665,0.20290295779705048
2024-10-02,IWM,CAUSAL_XGBOOST,0.15024375697188133,0.19739380478858948
2024-10-03,IWM,CAUSAL_XGBOOST,0.16082074670955898,0.21427904069423676
2024-10-04,IWM,CAUSAL_XGBOOST,0.15414432607341594,0.210345059633255
2024-10-07,IWM,CAUSAL_XGBOOST,0.1522446711169288,0.20109222829341888
2024-10-08,IWM,CAUSAL_XGBOOST,0.16515222553215442,0.2043512761592865
2024-10-09,IWM,CAUSAL_XGBOOST,0.25528760486335356,0.20019805431365967
2024-10-10,IWM,CAUSAL_XGBOOST,0.2543619298687148,0.2024279534816742
2024-10-11,IWM,CAUSAL_XGBOOST,0.24777569359144316,0.1957848221063614
2024-10-15,IWM,CAUSAL_XGBOOST,0.26222553539877547,0.1922549307346344
2024-10-16,IWM,CAUSAL_XGBOOST,0.26127094497529324,0.18363851308822632
2024-10-17,IWM,CAUSAL_XGBOOST,0.2665525219308956,0.18065345287322998
2024-10-18,IWM,CAUSAL_XGBOOST,0.2726064237508511,0.1837795078754425
2024-10-21,IWM,CAUSAL_XGBOOST,0.2655657698630728,0.20025339722633362
2024-10-22,IWM,CAUSAL_XGBOOST,0.2655716132708346,0.21172937750816345
2024-10-23,IWM,CAUSAL_XGBOOST,0.2622714342225022,0.19620202481746674
2024-10-24,IWM,CAUSAL_XGBOOST,0.2659738728178829,0.1896866410970688
2024-10-25,IWM,CAUSAL_XGBOOST,0.26976155583734324,0.187472864985466
2024-10-28,IWM,CAUSAL_XGBOOST,0.2691547622172669,0.18516786396503448
2024-10-29,IWM,CAUSAL_XGBOOST,0.2710795076583698,0.18322014808654785
2024-10-30,IWM,CAUSAL_XGBOOST,0.27052635577969253,0.17924927175045013
2024-10-31,IWM,CAUSAL_XGBOOST,0.2589754921525194,0.18830928206443787
2024-11-01,IWM,CAUSAL_XGBOOST,0.25976962939093495,0.19716981053352356
2024-11-04,IWM,CAUSAL_XGBOOST,0.2632849057045578,0.1907968521118164
2024-11-05,IWM,CAUSAL_XGBOOST,0.2578067043163542,0.18789340555667877
2024-11-06,IWM,CAUSAL_XGBOOST,0.17211760897469489,0.18259477615356445
2024-11-07,IWM,CAUSAL_XGBOOST,0.17192548841263797,0.17470099031925201
2024-11-08,IWM,CAUSAL_XGBOOST,0.17104319971312862,0.17029865086078644
2024-11-12,IWM,CAUSAL_XGBOOST,0.15056041042443963,0.16724517941474915
2024-11-13,IWM,CAUSAL_XGBOOST,0.15370386403207686,0.17171931266784668
2024-11-14,IWM,CAUSAL_XGBOOST,0.1476343878158553,0.1902245432138443
2024-11-15,IWM,CAUSAL_XGBOOST,0.13722702327348701,0.1965687870979309
2024-11-18,IWM,CAUSAL_XGBOOST,0.14449322978619603,0.18126368522644043
2024-11-19,IWM,CAUSAL_XGBOOST,0.21532537320906864,0.2023313045501709
2024-11-20,IWM,CAUSAL_XGBOOST,0.21511624927885017,0.21188628673553467
2024-11-21,IWM,CAUSAL_XGBOOST,0.2098469227639618,0.21036019921302795
2024-11-22,IWM,CAUSAL_XGBOOST,0.1948426987385279,0.19301585853099823
2024-11-25,IWM,CAUSAL_XGBOOST,0.1880827638033516,0.18924075365066528
2024-11-26,IWM,CAUSAL_XGBOOST,0.19407101138377356,0.19378261268138885
2024-11-27,IWM,CAUSAL_XGBOOST,0.19755034527383844,0.1956019103527069
2024-11-29,IWM,CAUSAL_XGBOOST,0.19584473367542274,0.19403649866580963
2024-12-02,IWM,CAUSAL_XGBOOST,0.19641479552384547,0.19786299765110016
2024-12-03,IWM,CAUSAL_XGBOOST,0.19694375700939176,0.19605308771133423
2024-12-04,IWM,CAUSAL_XGBOOST,0.20639608522440245,0.19015461206436157
2024-12-05,IWM,CAUSAL_XGBOOST,0.20437504199846154,0.19994927942752838
2024-12-06,IWM,CAUSAL_XGBOOST,0.20374744839577455,0.2175425887107849
2024-12-09,IWM,CAUSAL_XGBOOST,0.20370159989800868,0.2232031226158142
2024-12-10,IWM,CAUSAL_XGBOOST,0.21450926942497078,0.21772480010986328
2024-12-11,IWM,CAUSAL_XGBOOST,0.213308040455217,0.21279701590538025
2024-12-12,IWM,CAUSAL_XGBOOST,0.21761186348400754,0.21424444019794464
2024-12-13,IWM,CAUSAL_XGBOOST,0.2312848408339858,0.1935322880744934
2024-12-16,IWM,CAUSAL_XGBOOST,0.2299864756891837,0.20071934163570404
2024-12-17,IWM,CAUSAL_XGBOOST,0.2281751047880458,0.21208584308624268
2024-12-18,IWM,CAUSAL_XGBOOST,0.17035713245249806,0.2668190598487854
2024-12-19,IWM,CAUSAL_XGBOOST,0.17156884539480835,0.22069743275642395
2024-12-20,IWM,CAUSAL_XGBOOST,0.16964595130021096,0.19395343959331512
2024-12-23,IWM,CAUSAL_XGBOOST,0.16980720355820653,0.19856290519237518
2024-12-24,IWM,CAUSAL_XGBOOST,0.17198412496691118,0.17158490419387817
2024-12-26,IWM,CAUSAL_XGBOOST,0.16830632597499395,0.17083394527435303
2024-12-27,IWM,CAUSAL_XGBOOST,0.15923899522766255,0.17563489079475403
2024-12-30,IWM,CAUSAL_XGBOOST,0.1590849673075526,0.20738515257835388
2024-12-31,IWM,CAUSAL_XGBOOST,0.16361557517711223,0.19969132542610168
2025-01-02,IWM,CAUSAL_XGBOOST,0.17001595800511618,0.2023048847913742
2025-01-03,IWM,CAUSAL_XGBOOST,0.16893125326566474,0.18986578285694122
2025-01-06,IWM,CAUSAL_XGBOOST,0.17281425050258337,0.18562474846839905
2025-01-07,IWM,CAUSAL_XGBOOST,0.17028321449865502,0.20429542660713196
2025-01-08,IWM,CAUSAL_XGBOOST,0.17532568926736572,0.2036752551794052
2025-01-10,IWM,CAUSAL_XGBOOST,0.15258769483134188,0.20963305234909058
2025-01-13,IWM,CAUSAL_XGBOOST,0.15529782911878706,0.19901043176651
2025-01-14,IWM,CAUSAL_XGBOOST,0.15594715071373239,0.20496796071529388
2025-01-15,IWM,CAUSAL_XGBOOST,0.14527393317846454,0.18058307468891144
2025-01-16,IWM,CAUSAL_XGBOOST,0.14521605046328268,0.19601388275623322
2025-01-17,IWM,CAUSAL_XGBOOST,0.14569605862611748,0.17469951510429382
2025-01-21,IWM,CAUSAL_XGBOOST,0.12837581661971145,0.17112372815608978
2025-01-22,IWM,CAUSAL_XGBOOST,0.13067105509480997,0.18177029490470886
2025-01-23,IWM,CAUSAL_XGBOOST,0.16302661095636234,0.1741129755973816
2025-01-24,IWM,CAUSAL_XGBOOST,0.1638640662423871,0.1736951470375061
2025-01-27,IWM,CAUSAL_XGBOOST,0.16194151739263737,0.20889027416706085
2025-01-28,IWM,CAUSAL_XGBOOST,0.16198663740076566,0.21252180635929108
2025-01-29,IWM,CAUSAL_XGBOOST,0.16829211562669746,0.21164442598819733
2025-01-30,IWM,CAUSAL_XGBOOST,0.16879040620920724,0.1941278874874115
2025-01-31,IWM,CAUSAL_XGBOOST,0.18926864925416303,0.20416861772537231
2025-02-03,IWM,CAUSAL_XGBOOST,0.18905706682921897,0.2033669799566269
2025-02-04,IWM,CAUSAL_XGBOOST,0.18466907252420403,0.20929329097270966
2025-02-05,IWM,CAUSAL_XGBOOST,0.17969899189423882,0.18175789713859558
2025-02-06,IWM,CAUSAL_XGBOOST,0.1822763153365101,0.17838595807552338
2025-02-07,IWM,CAUSAL_XGBOOST,0.1949003271280159,0.2039460837841034
2025-02-10,IWM,CAUSAL_XGBOOST,0.19230349412394795,0.17294451594352722
2025-02-11,IWM,CAUSAL_XGBOOST,0.19433759850814092,0.18580001592636108
2025-02-12,IWM,CAUSAL_XGBOOST,0.19677635070895735,0.18938684463500977
2025-02-13,IWM,CAUSAL_XGBOOST,0.21577406468272853,0.1746123731136322
2025-02-14,IWM,CAUSAL_XGBOOST,0.2245694976132118,0.18085773289203644
2025-02-18,IWM,CAUSAL_XGBOOST,0.2216241442009149,0.18452240526676178
2025-02-19,IWM,CAUSAL_XGBOOST,0.23370942457284438,0.18582594394683838
2025-02-20,IWM,CAUSAL_XGBOOST,0.23305059388901128,0.19008639454841614
2025-02-21,IWM,CAUSAL_XGBOOST,0.21402327038770952,0.2034454196691513
2025-02-24,IWM,CAUSAL_XGBOOST,0.23486311690071157,0.2050311416387558
2025-02-25,IWM,CAUSAL_XGBOOST,0.23516461753118273,0.211441770195961
2025-02-26,IWM,CAUSAL_XGBOOST,0.2367639802502604,0.20944125950336456
2025-02-27,IWM,CAUSAL_XGBOOST,0.23193395395378433,0.22529727220535278
2025-02-28,IWM,CAUSAL_XGBOOST,0.23624781640130993,0.2116355150938034
2025-03-03,IWM,CAUSAL_XGBOOST,0.21814243880807865,0.2267284095287323
2025-03-04,IWM,CAUSAL_XGBOOST,0.21550694269835807,0.22580833733081818
2025-03-05,IWM,CAUSAL_XGBOOST,0.2205099310232199,0.23535886406898499
2025-03-06,IWM,CAUSAL_XGBOOST,0.31682927045068454,0.24608182907104492
2025-03-07,IWM,CAUSAL_XGBOOST,0.3482592381393816,0.22922371327877045
2025-03-10,IWM,CAUSAL_XGBOOST,0.3410729884087598,0.28356704115867615
2025-03-11,IWM,CAUSAL_XGBOOST,0.34850087518289213,0.2522023022174835
2025-03-12,IWM,CAUSAL_XGBOOST,0.46889956270408994,0.22183866798877716
2025-03-13,IWM,CAUSAL_XGBOOST,0.4885836262679254,0.2118845283985138
2025-03-14,IWM,CAUSAL_XGBOOST,0.48250826045703027,0.22436454892158508
2025-03-17,IWM,CAUSAL_XGBOOST,0.48212117123058934,0.23123955726623535
2025-03-18,IWM,CAUSAL_XGBOOST,0.4823196996724896,0.23335325717926025
2025-03-19,IWM,CAUSAL_XGBOOST,0.4769507292053298,0.23285894095897675
2025-03-20,IWM,CAUSAL_XGBOOST,0.47936066866728,0.22684518992900848
2025-03-21,IWM,CAUSAL_XGBOOST,0.48251244219735423,0.22489145398139954
2025-03-24,IWM,CAUSAL_XGBOOST,0.4833333851806606,0.20746272802352905
2025-03-25,IWM,CAUSAL_XGBOOST,0.48857772321399295,0.19102074205875397
2025-03-26,IWM,CAUSAL_XGBOOST,0.49541685857365847,0.19833949208259583
2025-03-27,IWM,CAUSAL_XGBOOST,0.49548824520156576,0.18862976133823395
2025-03-28,IWM,CAUSAL_XGBOOST,0.49139575842786415,0.20489202439785004
2025-03-31,IWM,CAUSAL_XGBOOST,0.4918762152555888,0.1997532993555069
2025-04-01,IWM,CAUSAL_XGBOOST,0.4922340541956149,0.20159675180912018
2025-04-02,IWM,CAUSAL_XGBOOST,0.489072441606972,0.20627446472644806
2025-04-03,IWM,CAUSAL_XGBOOST,0.43132965295147435,0.2735150456428528
2025-04-04,IWM,CAUSAL_XGBOOST,0.39429303704923524,0.5570405125617981
2025-04-07,IWM,CAUSAL_XGBOOST,0.395216418243693,0.595164954662323
2025-04-08,IWM,CAUSAL_XGBOOST,0.3776870169897067,0.5902061462402344
2025-04-09,IWM,CAUSAL_XGBOOST,0.25806863043466327,0.6484434008598328
2025-04-10,IWM,CAUSAL_XGBOOST,0.19462202996997835,0.856732189655304
2025-04-11,IWM,CAUSAL_XGBOOST,0.21909971222718783,0.6893091797828674
2025-04-14,IWM,CAUSAL_XGBOOST,0.21818346469310385,0.6363110542297363
2025-04-15,IWM,CAUSAL_XGBOOST,0.22377151118003358,0.6344115734100342
2025-04-16,IWM,CAUSAL_XGBOOST,0.21691675337591973,0.6375303864479065
2025-04-17,IWM,CAUSAL_XGBOOST,0.2169306558206327,0.6381706595420837
2025-04-21,IWM,CAUSAL_XGBOOST,0.1978981672436177,0.43882516026496887
2025-04-22,IWM,CAUSAL_XGBOOST,0.18585767290183608,0.4295635223388672
2025-04-23,IWM,CAUSAL_XGBOOST,0.2178023881377218,0.43797892332077026
2025-04-24,IWM,CAUSAL_XGBOOST,0.20904236908345947,0.3184135854244232
2025-04-25,IWM,CAUSAL_XGBOOST,0.2098401795576843,0.26886263489723206
2025-04-28,IWM,CAUSAL_XGBOOST,0.22507983197399817,0.2688336968421936
2025-04-29,IWM,CAUSAL_XGBOOST,0.2299960918362365,0.22543950378894806
2025-04-30,IWM,CAUSAL_XGBOOST,0.22772072896860052,0.2575739026069641
2025-05-01,IWM,CAUSAL_XGBOOST,0.22902294362334905,0.24849772453308105
2025-05-02,IWM,CAUSAL_XGBOOST,0.21659728089490776,0.21098825335502625
2025-05-05,IWM,CAUSAL_XGBOOST,0.2198683243161824,0.21548250317573547
2025-05-06,IWM,CAUSAL_XGBOOST,0.21511496741988073,0.2064341902732849
2025-05-07,IWM,CAUSAL_XGBOOST,0.2152817831670603,0.17394842207431793
2025-05-08,IWM,CAUSAL_XGBOOST,0.2126841400171391,0.17337144911289215
2025-05-09,IWM,CAUSAL_XGBOOST,0.21252083558402543,0.16840440034866333
2025-05-12,IWM,CAUSAL_XGBOOST,0.17746580596929365,0.1779176890850067
2025-05-13,IWM,CAUSAL_XGBOOST,0.17839643188477652,0.17948240041732788
2025-05-14,IWM,CAUSAL_XGBOOST,0.17553710389965146,0.1737184375524521
2025-05-15,IWM,CAUSAL_XGBOOST,0.18788473035722003,0.17327983677387238
2025-05-16,IWM,CAUSAL_XGBOOST,0.1902615314812082,0.16987654566764832
2025-05-19,IWM,CAUSAL_XGBOOST,0.19361227679286322,0.16611596941947937
2025-05-20,IWM,CAUSAL_XGBOOST,0.19449811876277998,0.14805562794208527
2025-05-21,IWM,CAUSAL_XGBOOST,0.16272455198072483,0.16612720489501953
2025-05-22,IWM,CAUSAL_XGBOOST,0.16681199802281052,0.16495175659656525
2025-05-23,IWM,CAUSAL_XGBOOST,0.1695053979012766,0.1548914611339569
2025-05-27,IWM,CAUSAL_XGBOOST,0.155730251498633,0.16070637106895447
2025-05-28,IWM,CAUSAL_XGBOOST,0.15782212514514643,0.1671786606311798
2025-05-29,IWM,CAUSAL_XGBOOST,0.15799504836375397,0.166268453001976
2025-05-30,IWM,CAUSAL_XGBOOST,0.15558300750030402,0.1623380035161972
2025-06-02,IWM,CAUSAL_XGBOOST,0.15787945355935787,0.15920409560203552
2025-06-03,IWM,CAUSAL_XGBOOST,0.1556112771777858,0.15535351634025574
2025-06-04,IWM,CAUSAL_XGBOOST,0.15558263634854633,0.1564883291721344
2025-06-05,IWM,CAUSAL_XGBOOST,0.16893044710689425,0.15473943948745728
2025-06-06,IWM,CAUSAL_XGBOOST,0.16239213990362536,0.14857257902622223
2025-06-09,IWM,CAUSAL_XGBOOST,0.1644400273970047,0.15466031432151794
2025-06-10,IWM,CAUSAL_XGBOOST,0.1643849905269462,0.17911545932292938
2025-06-11,IWM,CAUSAL_XGBOOST,0.17301913138483474,0.20228709280490875
2025-06-12,IWM,CAUSAL_XGBOOST,0.17227759235243736,0.20258919894695282
2025-06-13,IWM,CAUSAL_XGBOOST,0.1744642981597161,0.1858106404542923
2025-06-16,IWM,CAUSAL_XGBOOST,0.17335830472911506,0.17054404318332672
2025-06-17,IWM,CAUSAL_XGBOOST,0.17018167661844855,0.1842685341835022
2025-06-18,IWM,CAUSAL_XGBOOST,0.17416878073723474,0.17907969653606415
2025-06-20,IWM,CAUSAL_XGBOOST,0.17505488296075913,0.1817074418067932
2025-06-23,IWM,CAUSAL_XGBOOST,0.17283872491005225,0.1862492859363556
2025-06-24,IWM,CAUSAL_XGBOOST,0.17496575314403356,0.17597448825836182
2025-06-25,IWM,CAUSAL_XGBOOST,0.17751239972985403,0.176284059882164
2025-06-26,IWM,CAUSAL_XGBOOST,0.17037588430794434,0.17397873103618622
2025-06-27,IWM,CAUSAL_XGBOOST,0.17065528171459174,0.16864335536956787
2025-06-30,IWM,CAUSAL_XGBOOST,0.1732258846357353,0.17710648477077484
2025-07-01,IWM,CAUSAL_XGBOOST,0.17159540028048498,0.17801861464977264
2025-07-02,IWM,CAUSAL_XGBOOST,0.16839167601976812,0.18806655704975128
2025-07-03,IWM,CAUSAL_XGBOOST,0.1787776299582661,0.19024373590946198
2025-07-07,IWM,CAUSAL_XGBOOST,0.1906394575928908,0.18124711513519287
2025-07-08,IWM,CAUSAL_XGBOOST,0.1898782550553194,0.18247763812541962
2025-07-09,IWM,CAUSAL_XGBOOST,0.18549019737675992,0.17987032234668732
2025-07-10,IWM,CAUSAL_XGBOOST,0.1843848666644478,0.17682437598705292
2025-07-11,IWM,CAUSAL_XGBOOST,0.17834715376779472,0.21338899433612823
2025-07-14,IWM,CAUSAL_XGBOOST,0.17642034349462246,0.21261121332645416
2025-07-15,IWM,CAUSAL_XGBOOST,0.19119175796384696,0.21171772480010986
2025-07-16,IWM,CAUSAL_XGBOOST,0.19911919139114823,0.21108508110046387
2025-07-17,IWM,CAUSAL_XGBOOST,0.20182705121244005,0.20719262957572937
2025-07-18,IWM,CAUSAL_XGBOOST,0.2007871218076793,0.20482654869556427
2025-07-21,IWM,CAUSAL_XGBOOST,0.20004024397107004,0.20740221440792084
2025-07-22,IWM,CAUSAL_XGBOOST,0.20085365573881922,0.20325720310211182
2025-07-23,IWM,CAUSAL_XGBOOST,0.19378854263698322,0.20114454627037048
2025-07-24,IWM,CAUSAL_XGBOOST,0.1871244902269368,0.219730943441391
2025-07-25,IWM,CAUSAL_XGBOOST,0.2305517811490476,0.2189999669790268
2025-07-28,IWM,CAUSAL_XGBOOST,0.23479531961245148,0.2095053642988205
2025-07-29,IWM,CAUSAL_XGBOOST,0.2337542055504575,0.21869850158691406
2025-07-30,IWM,CAUSAL_XGBOOST,0.23247287774949923,0.20448657870292664
2025-07-31,IWM,CAUSAL_XGBOOST,0.22754549265064386,0.22471386194229126
2025-08-01,IWM,CAUSAL_XGBOOST,0.21134372356106,0.2297782152891159
2025-08-04,IWM,CAUSAL_XGBOOST,0.20333264777551746,0.19171684980392456
2025-08-05,IWM,CAUSAL_XGBOOST,0.20369757630167973,0.1956147700548172
2025-08-06,IWM,CAUSAL_XGBOOST,0.20582156453416353,0.1911100149154663
2025-08-07,IWM,CAUSAL_XGBOOST,0.20429569054220428,0.18127058446407318
2025-08-08,IWM,CAUSAL_XGBOOST,0.20431508125666187,0.1516350358724594
2025-08-11,IWM,CAUSAL_XGBOOST,0.20681235124026176,0.15543819963932037
2025-08-12,IWM,CAUSAL_XGBOOST,0.18386810055553837,0.14983268082141876
2025-08-13,IWM,CAUSAL_XGBOOST,0.182727154969834,0.1478712558746338
2025-08-14,IWM,CAUSAL_XGBOOST,0.1800153605618317,0.15868626534938812
2025-08-15,IWM,CAUSAL_XGBOOST,0.17818436469099647,0.15613770484924316
2025-08-18,IWM,CAUSAL_XGBOOST,0.17876994180885947,0.15863169729709625
2025-08-19,IWM,CAUSAL_XGBOOST,0.17477584456283513,0.15181474387645721
2025-08-20,IWM,CAUSAL_XGBOOST,0.18905197413800975,0.15597210824489594
2025-08-21,IWM,CAUSAL_XGBOOST,0.1936721260452017,0.18091988563537598
2025-08-22,IWM,CAUSAL_XGBOOST,0.1445506215870666,0.15405139327049255
2025-08-25,IWM,CAUSAL_XGBOOST,0.13770161905272452,0.15380564332008362
2025-08-26,IWM,CAUSAL_XGBOOST,0.14203269351960549,0.15685425698757172
2025-08-27,IWM,CAUSAL_XGBOOST,0.14592748202041012,0.16036127507686615
2025-08-28,IWM,CAUSAL_XGBOOST,0.14846088185756465,0.15997587144374847
2025-08-29,IWM,CAUSAL_XGBOOST,0.14694746157734806,0.1588829904794693
2025-09-02,IWM,CAUSAL_XGBOOST,0.14467072570817255,0.1884739249944687
2025-09-03,IWM,CAUSAL_XGBOOST,0.14428847845665438,0.17545726895332336
2025-09-04,IWM,CAUSAL_XGBOOST,0.13999152974040383,0.16507574915885925
2025-09-05,IWM,CAUSAL_XGBOOST,0.14100248675580576,0.1582152098417282
2025-09-08,IWM,CAUSAL_XGBOOST,0.14121272389288406,0.15991881489753723
2025-09-09,IWM,CAUSAL_XGBOOST,0.1458009908333022,0.16510549187660217
2025-09-10,IWM,CAUSAL_XGBOOST,0.1483993903324376,0.16459979116916656
2025-09-11,IWM,CAUSAL_XGBOOST,0.13861474559544718,0.170403391122818
2025-09-12,IWM,CAUSAL_XGBOOST,0.17423024459868164,0.16858379542827606
2025-09-15,IWM,CAUSAL_XGBOOST,0.1993630026231878,0.15887226164340973
2025-09-16,IWM,CAUSAL_XGBOOST,0.20423292479236185,0.17500698566436768
2025-09-17,IWM,CAUSAL_XGBOOST,0.20609273007249965,0.1665748804807663
2025-09-18,IWM,CAUSAL_XGBOOST,0.20469895856842807,0.16013026237487793
2025-09-19,IWM,CAUSAL_XGBOOST,0.20428943936610666,0.1612071394920349
2025-09-22,IWM,CAUSAL_XGBOOST,0.21468746663945615,0.17369642853736877
2025-09-23,IWM,CAUSAL_XGBOOST,0.21532705018824727,0.18372146785259247
2025-09-24,IWM,CAUSAL_XGBOOST,0.2196614396674725,0.17028670012950897
2025-09-25,IWM,CAUSAL_XGBOOST,0.22042602752295753,0.19215460121631622
2025-09-26,IWM,CAUSAL_XGBOOST,0.22232464074558778,0.17611408233642578
2025-09-29,IWM,CAUSAL_XGBOOST,0.22240970170374957,0.17577730119228363
2025-09-30,IWM,CAUSAL_XGBOOST,0.223849706026086,0.17675350606441498
2025-10-01,IWM,CAUSAL_XGBOOST,0.22659427665455428,0.1767667979001999
2025-10-02,IWM,CAUSAL_XGBOOST,0.22779657912611875,0.1953391432762146
2025-10-03,IWM,CAUSAL_XGBOOST,0.22713823818610174,0.18957020342350006
2025-10-06,IWM,CAUSAL_XGBOOST,0.22693613836438634,0.1902761310338974
2025-10-07,IWM,CAUSAL_XGBOOST,0.23217210468158306,0.19228683412075043
2025-10-08,IWM,CAUSAL_XGBOOST,0.23502224490649185,0.18193356692790985
2025-10-09,IWM,CAUSAL_XGBOOST,0.24227642897396634,0.20400099456310272
2025-10-10,IWM,CAUSAL_XGBOOST,0.2165439700262673,0.20984822511672974
2025-10-14,IWM,CAUSAL_XGBOOST,0.18860930043570598,0.224013552069664
2025-10-15,IWM,CAUSAL_XGBOOST,0.18453124483312214,0.219167098402977
2025-10-16,IWM,CAUSAL_XGBOOST,0.19631383367069385,0.25122255086898804
2025-10-17,IWM,CAUSAL_XGBOOST,0.1960209575361108,0.22648406028747559
2025-10-20,IWM,CAUSAL_XGBOOST,0.191042545855226,0.2322290539741516
2025-10-21,IWM,CAUSAL_XGBOOST,0.19220924632476374,0.22854824364185333
2025-10-22,IWM,CAUSAL_XGBOOST,0.1869760805359692,0.2303115427494049
2025-10-23,IWM,CAUSAL_XGBOOST,0.1873986854162289,0.23595191538333893
2025-10-24,IWM,CAUSAL_XGBOOST,0.2118306003046772,0.2099953293800354
2025-10-27,IWM,CAUSAL_XGBOOST,0.22363730360059283,0.20932689309120178
2025-10-28,IWM,CAUSAL_XGBOOST,0.2384016538048313,0.2268853485584259
2025-10-29,IWM,CAUSAL_XGBOOST,0.23885704386869158,0.22919900715351105
2025-10-30,IWM,CAUSAL_XGBOOST,0.23764188250051468,0.2377564013004303
2025-10-31,IWM,CAUSAL_XGBOOST,0.24154280047215126,0.24274927377700806
2025-11-03,IWM,CAUSAL_XGBOOST,0.24135831948993497,0.2282206416130066
2025-11-04,IWM,CAUSAL_XGBOOST,0.2403228343634597,0.23112216591835022
2025-11-05,IWM,CAUSAL_XGBOOST,0.23723281128558374,0.23250316083431244
2025-11-06,IWM,CAUSAL_XGBOOST,0.22723751013699725,0.2543458342552185
2025-11-07,IWM,CAUSAL_XGBOOST,0.22700837151894587,0.24500754475593567
2025-11-10,IWM,CAUSAL_XGBOOST,0.22499953091872618,0.21588772535324097
2025-11-12,IWM,CAUSAL_XGBOOST,0.23071761618278291,0.20913340151309967
2025-11-13,IWM,CAUSAL_XGBOOST,0.21098039260472665,0.21838831901550293
2025-11-14,IWM,CAUSAL_XGBOOST,0.214617976590592,0.2147563397884369
2025-11-17,IWM,CAUSAL_XGBOOST,0.1991396904193532,0.22257350385189056
2025-11-18,IWM,CAUSAL_XGBOOST,0.20562989803495102,0.22985944151878357
2025-11-19,IWM,CAUSAL_XGBOOST,0.20550914983877577,0.22120000422000885
2025-11-20,IWM,CAUSAL_XGBOOST,0.18881456945049102,0.2668035328388214
2025-11-21,IWM,CAUSAL_XGBOOST,0.16980794092812249,0.22394682466983795
2025-11-24,IWM,CAUSAL_XGBOOST,0.16440747887257176,0.21945950388908386
2025-11-25,IWM,CAUSAL_XGBOOST,0.14845762375819058,0.2055247575044632
2025-11-26,IWM,CAUSAL_XGBOOST,0.14782642939103133,0.21648651361465454
2025-11-28,IWM,CAUSAL_XGBOOST,0.14873021420638144,0.21742427349090576
2025-12-01,IWM,CAUSAL_XGBOOST,0.14371352326933243,0.2090005725622177
2025-12-02,IWM,CAUSAL_XGBOOST,0.14644631553952658,0.21000918745994568
2025-12-03,IWM,CAUSAL_XGBOOST,0.13659660999142328,0.19321230053901672
2025-12-04,IWM,CAUSAL_XGBOOST,0.14458861087445962,0.19697250425815582
2025-12-05,IWM,CAUSAL_XGBOOST,0.15038144724256694,0.20095007121562958
2025-12-08,IWM,CAUSAL_XGBOOST,0.1508937118712736,0.21116825938224792
2025-12-09,IWM,CAUSAL_XGBOOST,0.15483575666048183,0.22099053859710693
2025-12-10,IWM,CAUSAL_XGBOOST,0.15008854743684943,0.19919636845588684
2025-12-11,IWM,CAUSAL_XGBOOST,0.1456887830668795,0.20440232753753662
2025-12-12,IWM,CAUSAL_XGBOOST,0.1325669361223282,0.20187623798847198
2025-12-15,IWM,CAUSAL_XGBOOST,0.12919654723766502,0.22336964309215546
2025-12-16,IWM,CAUSAL_XGBOOST,0.12825669343562704,0.21437275409698486
2025-12-17,IWM,CAUSAL_XGBOOST,0.11797098336148278,0.21033266186714172
2025-12-18,IWM,CAUSAL_XGBOOST,0.12992396544139845,0.205806165933609
2025-12-19,IWM,CAUSAL_XGBOOST,0.1420579286492992,0.18934676051139832
2025-12-22,IWM,CAUSAL_XGBOOST,0.13999212023794488,0.19043001532554626
2025-12-23,IWM,CAUSAL_XGBOOST,0.15707203394713784,0.18750283122062683
2025-12-24,IWM,CAUSAL_XGBOOST,0.15832515175439457,0.18994037806987762
2025-12-26,IWM,CAUSAL_XGBOOST,0.15596130514047193,0.18469475209712982
2025-12-29,IWM,CAUSAL_XGBOOST,0.15544209096342002,0.195792093873024
2025-12-30,IWM,CAUSAL_XGBOOST,0.1511867587856729,0.21156150102615356
2025-12-31,IWM,CAUSAL_XGBOOST,0.15900382672768915,0.2246544063091278
2023-12-28,EFA,CAUSAL_XGBOOST,0.11730972469650228,0.13449035584926605
2023-12-29,EFA,CAUSAL_XGBOOST,0.1173685310511925,0.1360553652048111
2024-01-02,EFA,CAUSAL_XGBOOST,0.11143488640374143,0.135000541806221
2024-01-03,EFA,CAUSAL_XGBOOST,0.11219262526414736,0.14019878208637238
2024-01-04,EFA,CAUSAL_XGBOOST,0.11667584672950737,0.14124703407287598
2024-01-05,EFA,CAUSAL_XGBOOST,0.11862149357942109,0.1335739642381668
2024-01-08,EFA,CAUSAL_XGBOOST,0.11451780539763802,0.13729305565357208
2024-01-09,EFA,CAUSAL_XGBOOST,0.10938177573295378,0.13363927602767944
2024-01-10,EFA,CAUSAL_XGBOOST,0.1074120272113331,0.13280537724494934
2024-01-11,EFA,CAUSAL_XGBOOST,0.10802805711206893,0.13389170169830322
2024-01-12,EFA,CAUSAL_XGBOOST,0.10724537289538671,0.13397632539272308
2024-01-16,EFA,CAUSAL_XGBOOST,0.10429098442124615,0.13627614080905914
2024-01-17,EFA,CAUSAL_XGBOOST,0.1042004083724165,0.1297490894794464
2024-01-18,EFA,CAUSAL_XGBOOST,0.10681391388325466,0.12726998329162598
2024-01-19,EFA,CAUSAL_XGBOOST,0.10676938910157834,0.11821795254945755
2024-01-22,EFA,CAUSAL_XGBOOST,0.10702396562381877,0.12191534042358398
2024-01-23,EFA,CAUSAL_XGBOOST,0.10585509573962588,0.1175704225897789
2024-01-24,EFA,CAUSAL_XGBOOST,0.10927800125291032,0.12171155214309692
2024-01-25,EFA,CAUSAL_XGBOOST,0.10923117012866712,0.12662574648857117
2024-01-26,EFA,CAUSAL_XGBOOST,0.10931878191264854,0.12406808137893677
2024-01-29,EFA,CAUSAL_XGBOOST,0.10821597931913128,0.12584343552589417
2024-01-30,EFA,CAUSAL_XGBOOST,0.11081753277105681,0.11749928444623947
2024-01-31,EFA,CAUSAL_XGBOOST,0.10849590367758144,0.12974241375923157
2024-02-01,EFA,CAUSAL_XGBOOST,0.10833894705795835,0.1254996806383133
2024-02-02,EFA,CAUSAL_XGBOOST,0.10371939596262808,0.12375234067440033
2024-02-05,EFA,CAUSAL_XGBOOST,0.10125291610393178,0.12756949663162231
2024-02-06,EFA,CAUSAL_XGBOOST,0.10623363578608766,0.12118548899888992
2024-02-07,EFA,CAUSAL_XGBOOST,0.11091714237487474,0.12377267330884933
2024-02-08,EFA,CAUSAL_XGBOOST,0.11188642265314949,0.13218159973621368
2024-02-09,EFA,CAUSAL_XGBOOST,0.11574567988398897,0.13498710095882416
2024-02-12,EFA,CAUSAL_XGBOOST,0.11746017368167261,0.13344092667102814
2024-02-13,EFA,CAUSAL_XGBOOST,0.09684462017953001,0.13024760782718658
2024-02-14,EFA,CAUSAL_XGBOOST,0.09936503779646598,0.13384577631950378
2024-02-15,EFA,CAUSAL_XGBOOST,0.09392292039815905,0.13972359895706177
2024-02-16,EFA,CAUSAL_XGBOOST,0.09423046558976228,0.14115233719348907
2024-02-20,EFA,CAUSAL_XGBOOST,0.09385194824741497,0.13932648301124573
2024-02-21,EFA,CAUSAL_XGBOOST,0.09889484322123264,0.13966518640518188
2024-02-22,EFA,CAUSAL_XGBOOST,0.09332424762164426,0.1364552080631256
2024-02-23,EFA,CAUSAL_XGBOOST,0.09425995479811637,0.13418617844581604
2024-02-26,EFA,CAUSAL_XGBOOST,0.09458014423326962,0.13689275085926056
2024-02-27,EFA,CAUSAL_XGBOOST,0.09445333488391906,0.12946991622447968
2024-02-28,EFA,CAUSAL_XGBOOST,0.09190579723987087,0.128917396068573
2024-02-29,EFA,CAUSAL_XGBOOST,0.09302575671841064,0.12234369665384293
2024-03-01,EFA,CAUSAL_XGBOOST,0.09023457156891927,0.11607174575328827
2024-03-04,EFA,CAUSAL_XGBOOST,0.0939096297828613,0.12792372703552246
2024-03-05,EFA,CAUSAL_XGBOOST,0.09489585199119385,0.13275782763957977
2024-03-06,EFA,CAUSAL_XGBOOST,0.09203471030386615,0.13356493413448334
2024-03-07,EFA,CAUSAL_XGBOOST,0.082091573287065,0.13389591872692108
2024-03-08,EFA,CAUSAL_XGBOOST,0.08335545741968901,0.13498063385486603
2024-03-11,EFA,CAUSAL_XGBOOST,0.08054490370610747,0.13405534625053406
2024-03-12,EFA,CAUSAL_XGBOOST,0.08885864945610891,0.13788838684558868
2024-03-13,EFA,CAUSAL_XGBOOST,0.089638010937678,0.1370304673910141
2024-03-14,EFA,CAUSAL_XGBOOST,0.1032310356539713,0.13464748859405518
2024-03-15,EFA,CAUSAL_XGBOOST,0.10330833716508898,0.13778991997241974
2024-03-18,EFA,CAUSAL_XGBOOST,0.10772783910401998,0.1325606405735016
2024-03-19,EFA,CAUSAL_XGBOOST,0.10732356056875038,0.13379645347595215
2024-03-20,EFA,CAUSAL_XGBOOST,0.09695772385729262,0.1292417198419571
2024-03-21,EFA,CAUSAL_XGBOOST,0.09724335023003441,0.13233791291713715
2024-03-22,EFA,CAUSAL_XGBOOST,0.10920783089235285,0.1314886063337326
2024-03-25,EFA,CAUSAL_XGBOOST,0.117869950489965,0.12567076086997986
2024-03-26,EFA,CAUSAL_XGBOOST,0.11762590031995836,0.12039871513843536
2024-03-27,EFA,CAUSAL_XGBOOST,0.11503147336260909,0.12025602906942368
2024-03-28,EFA,CAUSAL_XGBOOST,0.12002915990414247,0.12129908055067062
2024-04-01,EFA,CAUSAL_XGBOOST,0.12073334377526367,0.12439902126789093
2024-04-02,EFA,CAUSAL_XGBOOST,0.12618449720237657,0.12819427251815796
2024-04-03,EFA,CAUSAL_XGBOOST,0.12375262839051404,0.12664377689361572
2024-04-04,EFA,CAUSAL_XGBOOST,0.13134464514237773,0.13637308776378632
2024-04-05,EFA,CAUSAL_XGBOOST,0.1358769140007336,0.1295534074306488
2024-04-08,EFA,CAUSAL_XGBOOST,0.1369547698808696,0.12909626960754395
2024-04-09,EFA,CAUSAL_XGBOOST,0.13725560441320725,0.1297999620437622
2024-04-10,EFA,CAUSAL_XGBOOST,0.12782404188634472,0.12439984828233719
2024-04-11,EFA,CAUSAL_XGBOOST,0.12997799859683873,0.1252768337726593
2024-04-12,EFA,CAUSAL_XGBOOST,0.11262063041204874,0.12925592064857483
2024-04-15,EFA,CAUSAL_XGBOOST,0.11137292639148516,0.1355932652950287
2024-04-16,EFA,CAUSAL_XGBOOST,0.10324319124416964,0.13380102813243866
2024-04-17,EFA,CAUSAL_XGBOOST,0.10623096815107115,0.13368992507457733
2024-04-18,EFA,CAUSAL_XGBOOST,0.10866896086288164,0.136433944106102
2024-04-19,EFA,CAUSAL_XGBOOST,0.1081071715334174,0.13973814249038696
2024-04-22,EFA,CAUSAL_XGBOOST,0.10408958561337918,0.14492931962013245
2024-04-23,EFA,CAUSAL_XGBOOST,0.10089666690076479,0.1307765543460846
2024-04-24,EFA,CAUSAL_XGBOOST,0.10841515026673075,0.1318359076976776
2024-04-25,EFA,CAUSAL_XGBOOST,0.10878377529505129,0.1304483413696289
2024-04-26,EFA,CAUSAL_XGBOOST,0.10892741727769852,0.1345604807138443
2024-04-29,EFA,CAUSAL_XGBOOST,0.10898018928964452,0.1304456740617752
2024-04-30,EFA,CAUSAL_XGBOOST,0.11502451421949438,0.11719606816768646
2024-05-01,EFA,CAUSAL_XGBOOST,0.11653183565562511,0.11631739139556885
2024-05-02,EFA,CAUSAL_XGBOOST,0.11228967209666516,0.11678280681371689
2024-05-03,EFA,CAUSAL_XGBOOST,0.10831794259210463,0.1257420927286148
2024-05-06,EFA,CAUSAL_XGBOOST,0.10688642885972761,0.1310853660106659
2024-05-07,EFA,CAUSAL_XGBOOST,0.10878587061415597,0.12476161122322083
2024-05-08,EFA,CAUSAL_XGBOOST,0.1085974298763521,0.12828832864761353
2024-05-09,EFA,CAUSAL_XGBOOST,0.11467284574668293,0.12176867574453354
2024-05-10,EFA,CAUSAL_XGBOOST,0.11468449042534043,0.12873633205890656
2024-05-13,EFA,CAUSAL_XGBOOST,0.12231713343045927,0.1365671306848526
2024-05-14,EFA,CAUSAL_XGBOOST,0.1266472820706213,0.14309772849082947
2024-05-15,EFA,CAUSAL_XGBOOST,0.1304147711722894,0.17152386903762817
2024-05-16,EFA,CAUSAL_XGBOOST,0.13445256061385846,0.1806212067604065
2024-05-17,EFA,CAUSAL_XGBOOST,0.13472078823298492,0.18591587245464325
2024-05-20,EFA,CAUSAL_XGBOOST,0.1358563493236594,0.14908695220947266
2024-05-21,EFA,CAUSAL_XGBOOST,0.13599367353912492,0.1568969339132309
2024-05-22,EFA,CAUSAL_XGBOOST,0.13424372818939523,0.13468512892723083
2024-05-23,EFA,CAUSAL_XGBOOST,0.13681895230777286,0.1387154906988144
2024-05-24,EFA,CAUSAL_XGBOOST,0.13358620609059632,0.13715800642967224
2024-05-28,EFA,CAUSAL_XGBOOST,0.13575561873269124,0.13621819019317627
2024-05-29,EFA,CAUSAL_XGBOOST,0.12367694741259698,0.1337837278842926
2024-05-30,EFA,CAUSAL_XGBOOST,0.11972568988327849,0.1486697494983673
2024-05-31,EFA,CAUSAL_XGBOOST,0.11419534796665273,0.13745734095573425
2024-06-03,EFA,CAUSAL_XGBOOST,0.11402987540471811,0.12859752774238586
2024-06-04,EFA,CAUSAL_XGBOOST,0.1219804505158939,0.13080625236034393
2024-06-05,EFA,CAUSAL_XGBOOST,0.12171508960732697,0.13120818138122559
2024-06-06,EFA,CAUSAL_XGBOOST,0.12203205343526051,0.13463716208934784
2024-06-07,EFA,CAUSAL_XGBOOST,0.11671456206027772,0.13465160131454468
2024-06-10,EFA,CAUSAL_XGBOOST,0.12727646369383308,0.13062256574630737
2024-06-11,EFA,CAUSAL_XGBOOST,0.11950174598297297,0.13363219797611237
2024-06-12,EFA,CAUSAL_XGBOOST,0.1182471984262218,0.1312221735715866
2024-06-13,EFA,CAUSAL_XGBOOST,0.11001645286776723,0.13407011330127716
2024-06-14,EFA,CAUSAL_XGBOOST,0.10015734256643403,0.13176894187927246
2024-06-17,EFA,CAUSAL_XGBOOST,0.10328419268634226,0.13224413990974426
2024-06-18,EFA,CAUSAL_XGBOOST,0.11075204632256405,0.13286393880844116
2024-06-20,EFA,CAUSAL_XGBOOST,0.11361653677980903,0.13718803226947784
2024-06-21,EFA,CAUSAL_XGBOOST,0.11493485921965352,0.1433405578136444
2024-06-24,EFA,CAUSAL_XGBOOST,0.11499182979120454,0.1491364687681198
2024-06-25,EFA,CAUSAL_XGBOOST,0.12442315964390753,0.14816637337207794
2024-06-26,EFA,CAUSAL_XGBOOST,0.12364906530593824,0.1487278789281845
2024-06-27,EFA,CAUSAL_XGBOOST,0.1314190117849117,0.15168216824531555
2024-06-28,EFA,CAUSAL_XGBOOST,0.13266973047900837,0.15233322978019714
2024-07-01,EFA,CAUSAL_XGBOOST,0.1327455695755942,0.15403752028942108
2024-07-02,EFA,CAUSAL_XGBOOST,0.14112622712741948,0.15613053739070892
2024-07-03,EFA,CAUSAL_XGBOOST,0.16699088960420766,0.15469129383563995
2024-07-05,EFA,CAUSAL_XGBOOST,0.1726099635385174,0.161555677652359
2024-07-08,EFA,CAUSAL_XGBOOST,0.18663646459690586,0.165588840842247
2024-07-09,EFA,CAUSAL_XGBOOST,0.18725900854044333,0.16375309228897095
2024-07-10,EFA,CAUSAL_XGBOOST,0.1791197368724907,0.1557283252477646
2024-07-11,EFA,CAUSAL_XGBOOST,0.19132300880674472,0.1559792309999466
2024-07-12,EFA,CAUSAL_XGBOOST,0.18674640937812187,0.157026469707489
2024-07-15,EFA,CAUSAL_XGBOOST,0.1853612386013544,0.14967405796051025
2024-07-16,EFA,CAUSAL_XGBOOST,0.19631715487221552,0.1445423811674118
2024-07-17,EFA,CAUSAL_XGBOOST,0.1966781762776973,0.13700923323631287
2024-07-18,EFA,CAUSAL_XGBOOST,0.199192733047833,0.13561072945594788
2024-07-19,EFA,CAUSAL_XGBOOST,0.19877823917734716,0.13700947165489197
2024-07-22,EFA,CAUSAL_XGBOOST,0.19993882741384275,0.11494014412164688
2024-07-23,EFA,CAUSAL_XGBOOST,0.19909744970294188,0.11681089550256729
2024-07-24,EFA,CAUSAL_XGBOOST,0.19465025386849907,0.116692453622818
2024-07-25,EFA,CAUSAL_XGBOOST,0.1943948974071352,0.11698005348443985
2024-07-26,EFA,CAUSAL_XGBOOST,0.19936146659763151,0.11651696264743805
2024-07-29,EFA,CAUSAL_XGBOOST,0.19938772937653962,0.11593641340732574
2024-07-30,EFA,CAUSAL_XGBOOST,0.19958533184197896,0.11842984706163406
2024-07-31,EFA,CAUSAL_XGBOOST,0.19547778773268945,0.13719278573989868
2024-08-01,EFA,CAUSAL_XGBOOST,0.1646770912693338,0.14495590329170227
2024-08-02,EFA,CAUSAL_XGBOOST,0.14931014753026997,0.18677636981010437
2024-08-05,EFA,CAUSAL_XGBOOST,0.13624629737496763,0.474825918674469
2024-08-06,EFA,CAUSAL_XGBOOST,0.1393441956243842,0.3820287883281708
2024-08-07,EFA,CAUSAL_XGBOOST,0.1398263867562556,0.3870338499546051
2024-08-08,EFA,CAUSAL_XGBOOST,0.15215949158250527,0.2552192509174347
2024-08-09,EFA,CAUSAL_XGBOOST,0.15481389414567373,0.23344044387340546
2024-08-12,EFA,CAUSAL_XGBOOST,0.15650518013251494,0.22973652184009552
2024-08-13,EFA,CAUSAL_XGBOOST,0.14685189418906994,0.2119629830121994
2024-08-14,EFA,CAUSAL_XGBOOST,0.14866468586116108,0.20877277851104736
2024-08-15,EFA,CAUSAL_XGBOOST,0.14339120980087378,0.2052314281463623
2024-08-16,EFA,CAUSAL_XGBOOST,0.14473926506785878,0.18630728125572205
2024-08-19,EFA,CAUSAL_XGBOOST,0.14052389278430083,0.18840807676315308
2024-08-20,EFA,CAUSAL_XGBOOST,0.14055802051408464,0.18195384740829468
2024-08-21,EFA,CAUSAL_XGBOOST,0.1535258745039288,0.1871415078639984
2024-08-22,EFA,CAUSAL_XGBOOST,0.15648472275335418,0.18170686066150665
2024-08-23,EFA,CAUSAL_XGBOOST,0.1427702186067405,0.16938422620296478
2024-08-26,EFA,CAUSAL_XGBOOST,0.14335896735259337,0.1716817021369934
2024-08-27,EFA,CAUSAL_XGBOOST,0.1438545447833809,0.16792000830173492
2024-08-28,EFA,CAUSAL_XGBOOST,0.16277093371254403,0.17947594821453094
2024-08-29,EFA,CAUSAL_XGBOOST,0.16439461561067112,0.15712150931358337
2024-08-30,EFA,CAUSAL_XGBOOST,0.1649870811334327,0.15942716598510742
2024-09-03,EFA,CAUSAL_XGBOOST,0.15640121223942094,0.15585792064666748
2024-09-04,EFA,CAUSAL_XGBOOST,0.15557448059879767,0.15877045691013336
2024-09-05,EFA,CAUSAL_XGBOOST,0.15979769004974242,0.16021057963371277
2024-09-06,EFA,CAUSAL_XGBOOST,0.1431640165843106,0.16034647822380066
2024-09-09,EFA,CAUSAL_XGBOOST,0.14187717471787095,0.15200796723365784
2024-09-10,EFA,CAUSAL_XGBOOST,0.14051390462270794,0.15038487315177917
2024-09-11,EFA,CAUSAL_XGBOOST,0.13934033016841535,0.15169478952884674
2024-09-12,EFA,CAUSAL_XGBOOST,0.13673166337291778,0.1515406370162964
2024-09-13,EFA,CAUSAL_XGBOOST,0.13762628160306378,0.15340858697891235
2024-09-16,EFA,CAUSAL_XGBOOST,0.1350477461329797,0.15576574206352234
2024-09-17,EFA,CAUSAL_XGBOOST,0.1466841936583413,0.16338211297988892
2024-09-18,EFA,CAUSAL_XGBOOST,0.14663112948734816,0.16402754187583923
2024-09-19,EFA,CAUSAL_XGBOOST,0.12705291784378722,0.15446627140045166
2024-09-20,EFA,CAUSAL_XGBOOST,0.12533621105557732,0.15539515018463135
2024-09-23,EFA,CAUSAL_XGBOOST,0.13099086706206406,0.14805437624454498
2024-09-24,EFA,CAUSAL_XGBOOST,0.12935967064065346,0.15679973363876343
2024-09-25,EFA,CAUSAL_XGBOOST,0.13225197691086438,0.15254555642604828
2024-09-26,EFA,CAUSAL_XGBOOST,0.10329808838449442,0.14705027639865875
2024-09-27,EFA,CAUSAL_XGBOOST,0.10254303284866469,0.15883669257164001
2024-09-30,EFA,CAUSAL_XGBOOST,0.10891582780114153,0.1596883237361908
2024-10-01,EFA,CAUSAL_XGBOOST,0.10716264475772555,0.15491525828838348
2024-10-02,EFA,CAUSAL_XGBOOST,0.10851073736331704,0.16699431836605072
2024-10-03,EFA,CAUSAL_XGBOOST,0.10619613492297428,0.17109839618206024
2024-10-04,EFA,CAUSAL_XGBOOST,0.10340269547304216,0.15731699764728546
2024-10-07,EFA,CAUSAL_XGBOOST,0.10289945066303062,0.1596222072839737
2024-10-08,EFA,CAUSAL_XGBOOST,0.1107518536092124,0.170194610953331
2024-10-09,EFA,CAUSAL_XGBOOST,0.120474127355923,0.16737723350524902
2024-10-10,EFA,CAUSAL_XGBOOST,0.13456606082828973,0.17206592857837677
2024-10-11,EFA,CAUSAL_XGBOOST,0.1399661838602174,0.16835057735443115
2024-10-15,EFA,CAUSAL_XGBOOST,0.14200792056629907,0.16300687193870544
2024-10-16,EFA,CAUSAL_XGBOOST,0.14143813264661023,0.1580793410539627
2024-10-17,EFA,CAUSAL_XGBOOST,0.142102996246045,0.15450358390808105
2024-10-18,EFA,CAUSAL_XGBOOST,0.13786162274198122,0.15640228986740112
2024-10-21,EFA,CAUSAL_XGBOOST,0.13677683722514553,0.16949212551116943
2024-10-22,EFA,CAUSAL_XGBOOST,0.13615739146634384,0.17256192862987518
2024-10-23,EFA,CAUSAL_XGBOOST,0.13275669072043214,0.15900765359401703
2024-10-24,EFA,CAUSAL_XGBOOST,0.1302393600633806,0.15357445180416107
2024-10-25,EFA,CAUSAL_XGBOOST,0.1316386740598117,0.1554989367723465
2024-10-28,EFA,CAUSAL_XGBOOST,0.12930152985631507,0.15141098201274872
2024-10-29,EFA,CAUSAL_XGBOOST,0.1299772054934557,0.14785967767238617
2024-10-30,EFA,CAUSAL_XGBOOST,0.13103914963482988,0.14969585835933685
2024-10-31,EFA,CAUSAL_XGBOOST,0.1390307909071109,0.1422009915113449
2024-11-01,EFA,CAUSAL_XGBOOST,0.1392158352100954,0.13767167925834656
2024-11-04,EFA,CAUSAL_XGBOOST,0.14070870793522372,0.13214841485023499
2024-11-05,EFA,CAUSAL_XGBOOST,0.13595138075613744,0.13136637210845947
2024-11-06,EFA,CAUSAL_XGBOOST,0.12611802058422003,0.11005901545286179
2024-11-07,EFA,CAUSAL_XGBOOST,0.114026832686175,0.11206215620040894
2024-11-08,EFA,CAUSAL_XGBOOST,0.10178461399810187,0.11207835376262665
2024-11-12,EFA,CAUSAL_XGBOOST,0.08316405717508424,0.10964490473270416
2024-11-13,EFA,CAUSAL_XGBOOST,0.08702996749167519,0.117525614798069
2024-11-14,EFA,CAUSAL_XGBOOST,0.08807857457659315,0.11702577769756317
2024-11-15,EFA,CAUSAL_XGBOOST,0.08786372033083813,0.12110107392072678
2024-11-18,EFA,CAUSAL_XGBOOST,0.08665384518167145,0.12297561764717102
2024-11-19,EFA,CAUSAL_XGBOOST,0.12523481922947496,0.13852758705615997
2024-11-20,EFA,CAUSAL_XGBOOST,0.1253519813519105,0.13052348792552948
2024-11-21,EFA,CAUSAL_XGBOOST,0.12554615766327049,0.13228191435337067
2024-11-22,EFA,CAUSAL_XGBOOST,0.1271639546781235,0.13066352903842926
2024-11-25,EFA,CAUSAL_XGBOOST,0.1263374723237488,0.12466220557689667
2024-11-26,EFA,CAUSAL_XGBOOST,0.12622507723695547,0.1322401762008667
2024-11-27,EFA,CAUSAL_XGBOOST,0.12454916443444183,0.13225232064723969
2024-11-29,EFA,CAUSAL_XGBOOST,0.11502460005535496,0.13093264400959015
2024-12-02,EFA,CAUSAL_XGBOOST,0.11407178984236817,0.12757208943367004
2024-12-03,EFA,CAUSAL_XGBOOST,0.1108754469694229,0.12963536381721497
2024-12-04,EFA,CAUSAL_XGBOOST,0.11283244914683996,0.126606747508049
2024-12-05,EFA,CAUSAL_XGBOOST,0.1175706487622631,0.1255359649658203
2024-12-06,EFA,CAUSAL_XGBOOST,0.11747795401300136,0.14608198404312134
2024-12-09,EFA,CAUSAL_XGBOOST,0.11740943240870712,0.15721288323402405
2024-12-10,EFA,CAUSAL_XGBOOST,0.12450070729664726,0.15105101466178894
2024-12-11,EFA,CAUSAL_XGBOOST,0.12052098072931657,0.15252123773097992
2024-12-12,EFA,CAUSAL_XGBOOST,0.11999644651270712,0.14848297834396362
2024-12-13,EFA,CAUSAL_XGBOOST,0.1306174071478707,0.15689420700073242
2024-12-16,EFA,CAUSAL_XGBOOST,0.13217373259785983,0.13702817261219025
2024-12-17,EFA,CAUSAL_XGBOOST,0.13318978746273766,0.13836219906806946
2024-12-18,EFA,CAUSAL_XGBOOST,0.11848818672121995,0.16448526084423065
2024-12-19,EFA,CAUSAL_XGBOOST,0.11803651358670429,0.1332988142967224
2024-12-20,EFA,CAUSAL_XGBOOST,0.11872005219697074,0.1240423247218132
2024-12-23,EFA,CAUSAL_XGBOOST,0.11833721012397144,0.13454242050647736
2024-12-24,EFA,CAUSAL_XGBOOST,0.11852873096850401,0.1184689924120903
2024-12-26,EFA,CAUSAL_XGBOOST,0.1187216168588538,0.13265573978424072
2024-12-27,EFA,CAUSAL_XGBOOST,0.11832470884262643,0.1405157744884491
2024-12-30,EFA,CAUSAL_XGBOOST,0.11792088888656259,0.1370452493429184
2024-12-31,EFA,CAUSAL_XGBOOST,0.12540768917587244,0.1327989399433136
2025-01-02,EFA,CAUSAL_XGBOOST,0.13376107578866775,0.13234464824199677
2025-01-03,EFA,CAUSAL_XGBOOST,0.13786898047534965,0.1268988400697708
2025-01-06,EFA,CAUSAL_XGBOOST,0.13801172354678015,0.13352763652801514
2025-01-07,EFA,CAUSAL_XGBOOST,0.1377687247606574,0.12890474498271942
2025-01-08,EFA,CAUSAL_XGBOOST,0.1436801212672262,0.13055400550365448
2025-01-10,EFA,CAUSAL_XGBOOST,0.1285752156927523,0.1343573033809662
2025-01-13,EFA,CAUSAL_XGBOOST,0.12661424240215974,0.13335160911083221
2025-01-14,EFA,CAUSAL_XGBOOST,0.12661423534593405,0.13004621863365173
2025-01-15,EFA,CAUSAL_XGBOOST,0.12602095975354305,0.12273476272821426
2025-01-16,EFA,CAUSAL_XGBOOST,0.1261169156947586,0.12241058796644211
2025-01-17,EFA,CAUSAL_XGBOOST,0.12680096314827954,0.1268642693758011
2025-01-21,EFA,CAUSAL_XGBOOST,0.1203868711662292,0.12246064841747284
2025-01-22,EFA,CAUSAL_XGBOOST,0.11954980418378373,0.13488897681236267
2025-01-23,EFA,CAUSAL_XGBOOST,0.1213165670420091,0.13292181491851807
2025-01-24,EFA,CAUSAL_XGBOOST,0.12069520221405407,0.1327352374792099
2025-01-27,EFA,CAUSAL_XGBOOST,0.12353055383894038,0.1427575796842575
2025-01-28,EFA,CAUSAL_XGBOOST,0.12300289921432488,0.1415184736251831
2025-01-29,EFA,CAUSAL_XGBOOST,0.1317174139901832,0.13987044990062714
2025-01-30,EFA,CAUSAL_XGBOOST,0.12690150599279756,0.14030751585960388
2025-01-31,EFA,CAUSAL_XGBOOST,0.12536138549813983,0.12187041342258453
2025-02-03,EFA,CAUSAL_XGBOOST,0.11473594170774075,0.12003886699676514
2025-02-04,EFA,CAUSAL_XGBOOST,0.13365944006848873,0.11976154148578644
2025-02-05,EFA,CAUSAL_XGBOOST,0.13954568525855568,0.11869800835847855
2025-02-06,EFA,CAUSAL_XGBOOST,0.1423086245568117,0.1143178716301918
2025-02-07,EFA,CAUSAL_XGBOOST,0.16553416009458566,0.11615698784589767
2025-02-10,EFA,CAUSAL_XGBOOST,0.16538225086962852,0.11128401756286621
2025-02-11,EFA,CAUSAL_XGBOOST,0.16628307614369453,0.1087699830532074
2025-02-12,EFA,CAUSAL_XGBOOST,0.16840310571189132,0.11016473174095154
2025-02-13,EFA,CAUSAL_XGBOOST,0.17511682214989277,0.10813144594430923
2025-02-14,EFA,CAUSAL_XGBOOST,0.17869931575959677,0.11516343802213669
2025-02-18,EFA,CAUSAL_XGBOOST,0.17757089405932688,0.11966309696435928
2025-02-19,EFA,CAUSAL_XGBOOST,0.17222079533022522,0.11862780153751373
2025-02-20,EFA,CAUSAL_XGBOOST,0.17568685786738453,0.12676775455474854
2025-02-21,EFA,CAUSAL_XGBOOST,0.17566485727947279,0.12591806054115295
2025-02-24,EFA,CAUSAL_XGBOOST,0.17560288008008865,0.1225578635931015
2025-02-25,EFA,CAUSAL_XGBOOST,0.1739723501738614,0.127248153090477
2025-02-26,EFA,CAUSAL_XGBOOST,0.18108932192095858,0.12773925065994263
2025-02-27,EFA,CAUSAL_XGBOOST,0.17571421382361754,0.14003105461597443
2025-02-28,EFA,CAUSAL_XGBOOST,0.17920306637730374,0.1328105330467224
2025-03-03,EFA,CAUSAL_XGBOOST,0.1777269154703947,0.15483973920345306
2025-03-04,EFA,CAUSAL_XGBOOST,0.17785780548097244,0.14215347170829773
2025-03-05,EFA,CAUSAL_XGBOOST,0.15427693638940038,0.12677554786205292
2025-03-06,EFA,CAUSAL_XGBOOST,0.1668606625663449,0.13906171917915344
2025-03-07,EFA,CAUSAL_XGBOOST,0.2828472658844938,0.13558965921401978
2025-03-10,EFA,CAUSAL_XGBOOST,0.2833341548324812,0.17168617248535156
2025-03-11,EFA,CAUSAL_XGBOOST,0.2833319751771322,0.16361121833324432
2025-03-12,EFA,CAUSAL_XGBOOST,0.4005877530896807,0.1451793611049652
2025-03-13,EFA,CAUSAL_XGBOOST,0.40511784785307314,0.13663306832313538
2025-03-14,EFA,CAUSAL_XGBOOST,0.410341175060358,0.16000324487686157
2025-03-17,EFA,CAUSAL_XGBOOST,0.41013471409225954,0.15310880541801453
2025-03-18,EFA,CAUSAL_XGBOOST,0.4122303290372175,0.1521815061569214
2025-03-19,EFA,CAUSAL_XGBOOST,0.4117484792062911,0.16581732034683228
2025-03-20,EFA,CAUSAL_XGBOOST,0.41392821142958147,0.16017597913742065
2025-03-21,EFA,CAUSAL_XGBOOST,0.41383192911394334,0.14460274577140808
2025-03-24,EFA,CAUSAL_XGBOOST,0.4213587688125607,0.1403922587633133
2025-03-25,EFA,CAUSAL_XGBOOST,0.42109832980556816,0.12117244303226471
2025-03-26,EFA,CAUSAL_XGBOOST,0.4213470665671749,0.12363673746585846
2025-03-27,EFA,CAUSAL_XGBOOST,0.42152950071946627,0.12191930413246155
2025-03-28,EFA,CAUSAL_XGBOOST,0.4205051315110149,0.1436813771724701
2025-03-31,EFA,CAUSAL_XGBOOST,0.4187677879194909,0.1272600144147873
2025-04-01,EFA,CAUSAL_XGBOOST,0.41890715943943035,0.12069092690944672
2025-04-02,EFA,CAUSAL_XGBOOST,0.4192627288900266,0.11834949254989624
2025-04-03,EFA,CAUSAL_XGBOOST,0.41470400135860624,0.2142433375120163
2025-04-04,EFA,CAUSAL_XGBOOST,0.3170354169202381,0.30935537815093994
2025-04-07,EFA,CAUSAL_XGBOOST,0.2966215370126509,0.333893358707428
2025-04-08,EFA,CAUSAL_XGBOOST,0.29659664202959424,0.34075769782066345
2025-04-09,EFA,CAUSAL_XGBOOST,0.16620835262740946,0.4821191728115082
2025-04-10,EFA,CAUSAL_XGBOOST,0.13956761638892057,0.6547620296478271
2025-04-11,EFA,CAUSAL_XGBOOST,0.11960553225746813,0.5895054340362549
2025-04-14,EFA,CAUSAL_XGBOOST,0.11778910858645698,0.5633993744850159
2025-04-15,EFA,CAUSAL_XGBOOST,0.12029905295928243,0.5620628595352173
2025-04-16,EFA,CAUSAL_XGBOOST,0.11996645968978185,0.5635160207748413
2025-04-17,EFA,CAUSAL_XGBOOST,0.11742477182718554,0.5604908466339111
2025-04-21,EFA,CAUSAL_XGBOOST,0.1139943953842975,0.35544055700302124
2025-04-22,EFA,CAUSAL_XGBOOST,0.09692796508411984,0.2798851728439331
2025-04-23,EFA,CAUSAL_XGBOOST,0.10259350276026741,0.33416563272476196
2025-04-24,EFA,CAUSAL_XGBOOST,0.09604339463122223,0.2585316300392151
2025-04-25,EFA,CAUSAL_XGBOOST,0.09585098142063715,0.2461298406124115
2025-04-28,EFA,CAUSAL_XGBOOST,0.10418904101654834,0.2810765504837036
2025-04-29,EFA,CAUSAL_XGBOOST,0.11587091673552596,0.22931383550167084
2025-04-30,EFA,CAUSAL_XGBOOST,0.1155426153247175,0.27506354451179504
2025-05-01,EFA,CAUSAL_XGBOOST,0.11379473492473936,0.19916385412216187
2025-05-02,EFA,CAUSAL_XGBOOST,0.1008619196811602,0.16152872145175934
2025-05-05,EFA,CAUSAL_XGBOOST,0.10657400447236172,0.15601322054862976
2025-05-06,EFA,CAUSAL_XGBOOST,0.10646212877476705,0.214609757065773
2025-05-07,EFA,CAUSAL_XGBOOST,0.10511022533938,0.1543119251728058
2025-05-08,EFA,CAUSAL_XGBOOST,0.1031480515389347,0.14201879501342773
2025-05-09,EFA,CAUSAL_XGBOOST,0.10306594386863986,0.15290971100330353
2025-05-12,EFA,CAUSAL_XGBOOST,0.10249468935584195,0.14615513384342194
2025-05-13,EFA,CAUSAL_XGBOOST,0.10328289755105237,0.14631350338459015
2025-05-14,EFA,CAUSAL_XGBOOST,0.10211856859076666,0.14463259279727936
2025-05-15,EFA,CAUSAL_XGBOOST,0.11061446573248253,0.15092352032661438
2025-05-16,EFA,CAUSAL_XGBOOST,0.11091646556322284,0.1496182680130005
2025-05-19,EFA,CAUSAL_XGBOOST,0.11652972263663713,0.149638369679451
2025-05-20,EFA,CAUSAL_XGBOOST,0.11545697313405326,0.1495826542377472
2025-05-21,EFA,CAUSAL_XGBOOST,0.11807716990324028,0.156716987490654
2025-05-22,EFA,CAUSAL_XGBOOST,0.1210729637768703,0.1504552960395813
2025-05-23,EFA,CAUSAL_XGBOOST,0.12810877461798742,0.15269164741039276
2025-05-27,EFA,CAUSAL_XGBOOST,0.11931264948651371,0.15326303243637085
2025-05-28,EFA,CAUSAL_XGBOOST,0.11761829780847698,0.1509479284286499
2025-05-29,EFA,CAUSAL_XGBOOST,0.12047355119667079,0.15196020901203156
2025-05-30,EFA,CAUSAL_XGBOOST,0.12049292920573948,0.14796501398086548
2025-06-02,EFA,CAUSAL_XGBOOST,0.1155016769981493,0.1508578509092331
2025-06-03,EFA,CAUSAL_XGBOOST,0.11159828054767634,0.1516629159450531
2025-06-04,EFA,CAUSAL_XGBOOST,0.11090575824017576,0.14804662764072418
2025-06-05,EFA,CAUSAL_XGBOOST,0.11848186187515893,0.14300130307674408
2025-06-06,EFA,CAUSAL_XGBOOST,0.12054948695319755,0.14623549580574036
2025-06-09,EFA,CAUSAL_XGBOOST,0.12298100076174531,0.14509865641593933
2025-06-10,EFA,CAUSAL_XGBOOST,0.12310028440852044,0.1215890571475029
2025-06-11,EFA,CAUSAL_XGBOOST,0.12837066660124824,0.13115674257278442
2025-06-12,EFA,CAUSAL_XGBOOST,0.12550078401355297,0.12548653781414032
2025-06-13,EFA,CAUSAL_XGBOOST,0.1224560816302131,0.1202586367726326
2025-06-16,EFA,CAUSAL_XGBOOST,0.12259238313822064,0.1227317675948143
2025-06-17,EFA,CAUSAL_XGBOOST,0.11346103309828082,0.1210755705833435
2025-06-18,EFA,CAUSAL_XGBOOST,0.11419088090650699,0.1194748654961586
2025-06-20,EFA,CAUSAL_XGBOOST,0.10924278876989678,0.12201404571533203
2025-06-23,EFA,CAUSAL_XGBOOST,0.10799142119479575,0.1249157264828682
2025-06-24,EFA,CAUSAL_XGBOOST,0.1310333322306058,0.12409163266420364
2025-06-25,EFA,CAUSAL_XGBOOST,0.1327060572358394,0.12520171701908112
2025-06-26,EFA,CAUSAL_XGBOOST,0.1284206833534043,0.1291603147983551
2025-06-27,EFA,CAUSAL_XGBOOST,0.13896254648246345,0.13119833171367645
2025-06-30,EFA,CAUSAL_XGBOOST,0.13911910865425625,0.1250452995300293
2025-07-01,EFA,CAUSAL_XGBOOST,0.14128885883165576,0.1298925280570984
2025-07-02,EFA,CAUSAL_XGBOOST,0.14530702344892843,0.13332302868366241
2025-07-03,EFA,CAUSAL_XGBOOST,0.14531067280963805,0.13273820281028748
2025-07-07,EFA,CAUSAL_XGBOOST,0.14924334038246942,0.13740023970603943
2025-07-08,EFA,CAUSAL_XGBOOST,0.14668538079337656,0.13855063915252686
2025-07-09,EFA,CAUSAL_XGBOOST,0.14604538142364687,0.1474795639514923
2025-07-10,EFA,CAUSAL_XGBOOST,0.14981601372424203,0.13696923851966858
2025-07-11,EFA,CAUSAL_XGBOOST,0.14678166700519024,0.15757811069488525
2025-07-14,EFA,CAUSAL_XGBOOST,0.1478415138437426,0.16175152361392975
2025-07-15,EFA,CAUSAL_XGBOOST,0.14717296972044544,0.15719223022460938
2025-07-16,EFA,CAUSAL_XGBOOST,0.14774619508560494,0.158366397023201
2025-07-17,EFA,CAUSAL_XGBOOST,0.14783440515932086,0.1594580113887787
2025-07-18,EFA,CAUSAL_XGBOOST,0.14753796688092,0.1604437530040741
2025-07-21,EFA,CAUSAL_XGBOOST,0.1474529451701935,0.16252709925174713
2025-07-22,EFA,CAUSAL_XGBOOST,0.1469001736078656,0.16104240715503693
2025-07-23,EFA,CAUSAL_XGBOOST,0.11964981620686792,0.15670455992221832
2025-07-24,EFA,CAUSAL_XGBOOST,0.11869490789965793,0.1870652735233307
2025-07-25,EFA,CAUSAL_XGBOOST,0.128897123688754,0.18566782772541046
2025-07-28,EFA,CAUSAL_XGBOOST,0.12391203709621156,0.1738225519657135
2025-07-29,EFA,CAUSAL_XGBOOST,0.12360581426113856,0.17692101001739502
2025-07-30,EFA,CAUSAL_XGBOOST,0.12022233696135848,0.1470842808485031
2025-07-31,EFA,CAUSAL_XGBOOST,0.11074516010820686,0.15115918219089508
2025-08-01,EFA,CAUSAL_XGBOOST,0.11332022182922995,0.14599868655204773
2025-08-04,EFA,CAUSAL_XGBOOST,0.11361636036656783,0.13346372544765472
2025-08-05,EFA,CAUSAL_XGBOOST,0.11351656468055475,0.14371024072170258
2025-08-06,EFA,CAUSAL_XGBOOST,0.11398176618034195,0.16792184114456177
2025-08-07,EFA,CAUSAL_XGBOOST,0.11107612110170513,0.16737398505210876
2025-08-08,EFA,CAUSAL_XGBOOST,0.1141995710479488,0.16441610455513
2025-08-11,EFA,CAUSAL_XGBOOST,0.11368820704408668,0.17347665131092072
2025-08-12,EFA,CAUSAL_XGBOOST,0.10630103938479488,0.1614532768726349
2025-08-13,EFA,CAUSAL_XGBOOST,0.11044472228638949,0.1646319329738617
2025-08-14,EFA,CAUSAL_XGBOOST,0.1117882877473559,0.1627114713191986
2025-08-15,EFA,CAUSAL_XGBOOST,0.11229134615397121,0.15715251863002777
2025-08-18,EFA,CAUSAL_XGBOOST,0.11282197184112161,0.15436439216136932
2025-08-19,EFA,CAUSAL_XGBOOST,0.1139102638798013,0.147300586104393
2025-08-20,EFA,CAUSAL_XGBOOST,0.11401800424873483,0.1423007994890213
2025-08-21,EFA,CAUSAL_XGBOOST,0.11241145736838065,0.14234969019889832
2025-08-22,EFA,CAUSAL_XGBOOST,0.09963225924567158,0.13680987060070038
2025-08-25,EFA,CAUSAL_XGBOOST,0.08683252862686724,0.1493997871875763
2025-08-26,EFA,CAUSAL_XGBOOST,0.08963188176361554,0.1436891406774521
2025-08-27,EFA,CAUSAL_XGBOOST,0.09310258746193907,0.13666954636573792
2025-08-28,EFA,CAUSAL_XGBOOST,0.09616224360919139,0.1341436803340912
2025-08-29,EFA,CAUSAL_XGBOOST,0.09401330896249198,0.13384757936000824
2025-09-02,EFA,CAUSAL_XGBOOST,0.08561560992136408,0.13544417917728424
2025-09-03,EFA,CAUSAL_XGBOOST,0.08885505939062294,0.12846970558166504
2025-09-04,EFA,CAUSAL_XGBOOST,0.08653519424164528,0.12847033143043518
2025-09-05,EFA,CAUSAL_XGBOOST,0.0893036770436439,0.11812795698642731
2025-09-08,EFA,CAUSAL_XGBOOST,0.08393904076605507,0.10741360485553741
2025-09-09,EFA,CAUSAL_XGBOOST,0.08994337438604916,0.10863019526004791
2025-09-10,EFA,CAUSAL_XGBOOST,0.09002967041113134,0.10823848843574524
2025-09-11,EFA,CAUSAL_XGBOOST,0.08906229211405899,0.11043661832809448
2025-09-12,EFA,CAUSAL_XGBOOST,0.11084731698069583,0.11138124763965607
2025-09-15,EFA,CAUSAL_XGBOOST,0.11207828736194653,0.11800750344991684
2025-09-16,EFA,CAUSAL_XGBOOST,0.11295305689800192,0.11813802272081375
2025-09-17,EFA,CAUSAL_XGBOOST,0.11323842820412679,0.11845819652080536
2025-09-18,EFA,CAUSAL_XGBOOST,0.1138736383925576,0.11893357336521149
2025-09-19,EFA,CAUSAL_XGBOOST,0.11274972165652646,0.11659333854913712
2025-09-22,EFA,CAUSAL_XGBOOST,0.11553166766810348,0.12666797637939453
2025-09-23,EFA,CAUSAL_XGBOOST,0.11896142590578977,0.12399495393037796
2025-09-24,EFA,CAUSAL_XGBOOST,0.11674671757788231,0.1401081532239914
2025-09-25,EFA,CAUSAL_XGBOOST,0.11327838319698341,0.13590963184833527
2025-09-26,EFA,CAUSAL_XGBOOST,0.11096374365074695,0.13794134557247162
2025-09-29,EFA,CAUSAL_XGBOOST,0.1124226709371046,0.13832637667655945
2025-09-30,EFA,CAUSAL_XGBOOST,0.1121538672308169,0.1450909972190857
2025-10-01,EFA,CAUSAL_XGBOOST,0.11147697440183661,0.14549772441387177
2025-10-02,EFA,CAUSAL_XGBOOST,0.11274694017328653,0.14560391008853912
2025-10-03,EFA,CAUSAL_XGBOOST,0.10881509071541805,0.1264685094356537
2025-10-06,EFA,CAUSAL_XGBOOST,0.108417255450517,0.1354738175868988
2025-10-07,EFA,CAUSAL_XGBOOST,0.11014502924219187,0.14153096079826355
2025-10-08,EFA,CAUSAL_XGBOOST,0.11222304907725007,0.12528619170188904
2025-10-09,EFA,CAUSAL_XGBOOST,0.10853434338640366,0.11735334992408752
2025-10-10,EFA,CAUSAL_XGBOOST,0.08402415681695713,0.13586299121379852
2025-10-14,EFA,CAUSAL_XGBOOST,0.08904086522626568,0.14664892852306366
2025-10-15,EFA,CAUSAL_XGBOOST,0.08969698868074034,0.15101508796215057
2025-10-16,EFA,CAUSAL_XGBOOST,0.09820635072306316,0.1913139820098877
2025-10-17,EFA,CAUSAL_XGBOOST,0.09884586464907669,0.15515005588531494
2025-10-20,EFA,CAUSAL_XGBOOST,0.10523080249281849,0.15153661370277405
2025-10-21,EFA,CAUSAL_XGBOOST,0.11176903722828244,0.14676383137702942
2025-10-22,EFA,CAUSAL_XGBOOST,0.11199876030205623,0.14785201847553253
2025-10-23,EFA,CAUSAL_XGBOOST,0.1187170417922708,0.14259882271289825
2025-10-24,EFA,CAUSAL_XGBOOST,0.13330437475409015,0.14522144198417664
2025-10-27,EFA,CAUSAL_XGBOOST,0.13006067433852905,0.14646035432815552
2025-10-28,EFA,CAUSAL_XGBOOST,0.13858497481798854,0.14797143638134003
2025-10-29,EFA,CAUSAL_XGBOOST,0.1435318669895242,0.15672889351844788
2025-10-30,EFA,CAUSAL_XGBOOST,0.14310480953177993,0.1565103530883789
2025-10-31,EFA,CAUSAL_XGBOOST,0.14405664266559975,0.15396574139595032
2025-11-03,EFA,CAUSAL_XGBOOST,0.14451825501983684,0.16775603592395782
2025-11-04,EFA,CAUSAL_XGBOOST,0.1399280619427438,0.16362647712230682
2025-11-05,EFA,CAUSAL_XGBOOST,0.1386702316868454,0.17371328175067902
2025-11-06,EFA,CAUSAL_XGBOOST,0.13823371813402982,0.1795983910560608
2025-11-07,EFA,CAUSAL_XGBOOST,0.13857371062130802,0.17415478825569153
2025-11-10,EFA,CAUSAL_XGBOOST,0.1337456119027928,0.16859038174152374
2025-11-12,EFA,CAUSAL_XGBOOST,0.13703810626127505,0.16278986632823944
2025-11-13,EFA,CAUSAL_XGBOOST,0.1325488408274313,0.16635474562644958
2025-11-14,EFA,CAUSAL_XGBOOST,0.13335396753104253,0.1661652773618698
2025-11-17,EFA,CAUSAL_XGBOOST,0.12462629172779605,0.16618724167346954
2025-11-18,EFA,CAUSAL_XGBOOST,0.11812670499719016,0.1686050146818161
2025-11-19,EFA,CAUSAL_XGBOOST,0.11831020426636177,0.16345341503620148
2025-11-20,EFA,CAUSAL_XGBOOST,0.10283694849562927,0.18295423686504364
2025-11-21,EFA,CAUSAL_XGBOOST,0.09222404877492861,0.14957793056964874
2025-11-24,EFA,CAUSAL_XGBOOST,0.09287154389680197,0.15322040021419525
2025-11-25,EFA,CAUSAL_XGBOOST,0.08647877088098568,0.14526917040348053
2025-11-26,EFA,CAUSAL_XGBOOST,0.08018699489470645,0.14532773196697235
2025-11-28,EFA,CAUSAL_XGBOOST,0.08169813180600458,0.13357976078987122
2025-12-01,EFA,CAUSAL_XGBOOST,0.07810224376025876,0.14551126956939697
2025-12-02,EFA,CAUSAL_XGBOOST,0.0807167792641905,0.15523920953273773
2025-12-03,EFA,CAUSAL_XGBOOST,0.08589462603275996,0.13927632570266724
2025-12-04,EFA,CAUSAL_XGBOOST,0.09253191461580698,0.14116638898849487
2025-12-05,EFA,CAUSAL_XGBOOST,0.09222956371228697,0.15926796197891235
2025-12-08,EFA,CAUSAL_XGBOOST,0.09274126055169354,0.15682025253772736
2025-12-09,EFA,CAUSAL_XGBOOST,0.09214977081524403,0.1427605301141739
2025-12-10,EFA,CAUSAL_XGBOOST,0.08964226636507336,0.1503177136182785
2025-12-11,EFA,CAUSAL_XGBOOST,0.08973409776449781,0.15320929884910583
2025-12-12,EFA,CAUSAL_XGBOOST,0.09027226008216666,0.14698949456214905
2025-12-15,EFA,CAUSAL_XGBOOST,0.0895633943668052,0.14141079783439636
2025-12-16,EFA,CAUSAL_XGBOOST,0.08659017076906533,0.13927631080150604
2025-12-17,EFA,CAUSAL_XGBOOST,0.07741774669503709,0.12834568321704865
2025-12-18,EFA,CAUSAL_XGBOOST,0.09870964024370969,0.13419871032238007
2025-12-19,EFA,CAUSAL_XGBOOST,0.10185206327408677,0.136013463139534
2025-12-22,EFA,CAUSAL_XGBOOST,0.10210119941588497,0.13647966086864471
2025-12-23,EFA,CAUSAL_XGBOOST,0.10177853983055335,0.13886304199695587
2025-12-24,EFA,CAUSAL_XGBOOST,0.10233723200392426,0.1337045282125473
2025-12-26,EFA,CAUSAL_XGBOOST,0.11361871722250676,0.13684675097465515
2025-12-29,EFA,CAUSAL_XGBOOST,0.12170939069809643,0.14408162236213684
2025-12-30,EFA,CAUSAL_XGBOOST,0.12261976541267888,0.14349107444286346
2025-12-31,EFA,CAUSAL_XGBOOST,0.12769596890604257,0.14393441379070282
2023-12-28,EEM,CAUSAL_XGBOOST,0.14823444047177234,0.14956507086753845
2023-12-29,EEM,CAUSAL_XGBOOST,0.14983178781372933,0.14872361719608307
2024-01-02,EEM,CAUSAL_XGBOOST,0.14603433068249452,0.14422093331813812
2024-01-03,EEM,CAUSAL_XGBOOST,0.1505975416370915,0.14675207436084747
2024-01-04,EEM,CAUSAL_XGBOOST,0.1505134172511873,0.15163427591323853
2024-01-05,EEM,CAUSAL_XGBOOST,0.1505181835874227,0.15012672543525696
2024-01-08,EEM,CAUSAL_XGBOOST,0.17174264191925925,0.14608991146087646
2024-01-09,EEM,CAUSAL_XGBOOST,0.16322999296157295,0.14399150013923645
2024-01-10,EEM,CAUSAL_XGBOOST,0.16446123312190375,0.1458122432231903
2024-01-11,EEM,CAUSAL_XGBOOST,0.1645183927806673,0.14769640564918518
2024-01-12,EEM,CAUSAL_XGBOOST,0.16618626835101605,0.1503736823797226
2024-01-16,EEM,CAUSAL_XGBOOST,0.1557703877271301,0.1519978940486908
2024-01-17,EEM,CAUSAL_XGBOOST,0.14997899726695085,0.15519222617149353
2024-01-18,EEM,CAUSAL_XGBOOST,0.1487772760750451,0.1513330489397049
2024-01-19,EEM,CAUSAL_XGBOOST,0.14604043407344322,0.1371401846408844
2024-01-22,EEM,CAUSAL_XGBOOST,0.14015162210971951,0.13939207792282104
2024-01-23,EEM,CAUSAL_XGBOOST,0.13838727124466374,0.13888882100582123
2024-01-24,EEM,CAUSAL_XGBOOST,0.13758842342550556,0.14771173894405365
2024-01-25,EEM,CAUSAL_XGBOOST,0.13790328794005452,0.15672490000724792
2024-01-26,EEM,CAUSAL_XGBOOST,0.13984352074218023,0.15598538517951965
2024-01-29,EEM,CAUSAL_XGBOOST,0.13974354028525562,0.1644483059644699
2024-01-30,EEM,CAUSAL_XGBOOST,0.14573312513163197,0.15350891649723053
2024-01-31,EEM,CAUSAL_XGBOOST,0.14334488455043495,0.15572911500930786
2024-02-01,EEM,CAUSAL_XGBOOST,0.1454307739846157,0.14665551483631134
2024-02-02,EEM,CAUSAL_XGBOOST,0.1451652041062537,0.1553390771150589
2024-02-05,EEM,CAUSAL_XGBOOST,0.15047496600497928,0.1585267186164856
2024-02-06,EEM,CAUSAL_XGBOOST,0.13784626055744403,0.15045344829559326
2024-02-07,EEM,CAUSAL_XGBOOST,0.13891792606377545,0.15089760720729828
2024-02-08,EEM,CAUSAL_XGBOOST,0.13674786146024231,0.15116021037101746
2024-02-09,EEM,CAUSAL_XGBOOST,0.13643182927389896,0.15161943435668945
2024-02-12,EEM,CAUSAL_XGBOOST,0.13874281575893893,0.1593380719423294
2024-02-13,EEM,CAUSAL_XGBOOST,0.1169467391313584,0.14665016531944275
2024-02-14,EEM,CAUSAL_XGBOOST,0.11149340678224418,0.14799322187900543
2024-02-15,EEM,CAUSAL_XGBOOST,0.11409571506003974,0.14263446629047394
2024-02-16,EEM,CAUSAL_XGBOOST,0.1133099742291282,0.1459975391626358
2024-02-20,EEM,CAUSAL_XGBOOST,0.11515852428086015,0.14555557072162628
2024-02-21,EEM,CAUSAL_XGBOOST,0.12118253850718246,0.14658398926258087
2024-02-22,EEM,CAUSAL_XGBOOST,0.1163881115546957,0.14691616594791412
2024-02-23,EEM,CAUSAL_XGBOOST,0.11954400539345539,0.1409578025341034
2024-02-26,EEM,CAUSAL_XGBOOST,0.11821355948698956,0.14065872132778168
2024-02-27,EEM,CAUSAL_XGBOOST,0.11817964981473103,0.14352641999721527
2024-02-28,EEM,CAUSAL_XGBOOST,0.10668735061902733,0.14762428402900696
2024-02-29,EEM,CAUSAL_XGBOOST,0.10700626828392552,0.14642971754074097
2024-03-01,EEM,CAUSAL_XGBOOST,0.09910864301175473,0.14241307973861694
2024-03-04,EEM,CAUSAL_XGBOOST,0.09875444439255708,0.15741683542728424
2024-03-05,EEM,CAUSAL_XGBOOST,0.09140205563911603,0.15524496138095856
2024-03-06,EEM,CAUSAL_XGBOOST,0.07951253581702951,0.15846413373947144
2024-03-07,EEM,CAUSAL_XGBOOST,0.07711085210442428,0.15584464371204376
2024-03-08,EEM,CAUSAL_XGBOOST,0.07978735639834751,0.1520649790763855
2024-03-11,EEM,CAUSAL_XGBOOST,0.08237333454818457,0.1535216122865677
2024-03-12,EEM,CAUSAL_XGBOOST,0.08943721103615693,0.15035314857959747
2024-03-13,EEM,CAUSAL_XGBOOST,0.09129414645429175,0.15496139228343964
2024-03-14,EEM,CAUSAL_XGBOOST,0.12262519982780823,0.15453721582889557
2024-03-15,EEM,CAUSAL_XGBOOST,0.12282256660187715,0.15362229943275452
2024-03-18,EEM,CAUSAL_XGBOOST,0.13031100281377775,0.14964212477207184
2024-03-19,EEM,CAUSAL_XGBOOST,0.1296451488706214,0.1518072485923767
2024-03-20,EEM,CAUSAL_XGBOOST,0.12282229450847745,0.14873728156089783
2024-03-21,EEM,CAUSAL_XGBOOST,0.12268226951653026,0.14941006898880005
2024-03-22,EEM,CAUSAL_XGBOOST,0.12867762386494921,0.16264459490776062
2024-03-25,EEM,CAUSAL_XGBOOST,0.13258519021344892,0.16259124875068665
2024-03-26,EEM,CAUSAL_XGBOOST,0.13332501730002586,0.15132717788219452
2024-03-27,EEM,CAUSAL_XGBOOST,0.13343774248342774,0.15242604911327362
2024-03-28,EEM,CAUSAL_XGBOOST,0.1392641511552322,0.16179423034191132
2024-04-01,EEM,CAUSAL_XGBOOST,0.1432857958541264,0.15944983065128326
2024-04-02,EEM,CAUSAL_XGBOOST,0.1518311171086753,0.1642531007528305
2024-04-03,EEM,CAUSAL_XGBOOST,0.1518571326400876,0.16391557455062866
2024-04-04,EEM,CAUSAL_XGBOOST,0.17667375103025762,0.17019979655742645
2024-04-05,EEM,CAUSAL_XGBOOST,0.17885595951022953,0.16956481337547302
2024-04-08,EEM,CAUSAL_XGBOOST,0.17785334735280384,0.17283283174037933
2024-04-09,EEM,CAUSAL_XGBOOST,0.17816608924473584,0.17751485109329224
2024-04-10,EEM,CAUSAL_XGBOOST,0.1700208129049044,0.1654885709285736
2024-04-11,EEM,CAUSAL_XGBOOST,0.16923574816854864,0.1728965789079666
2024-04-12,EEM,CAUSAL_XGBOOST,0.1428735683089514,0.14471442997455597
2024-04-15,EEM,CAUSAL_XGBOOST,0.14001328548408037,0.14502394199371338
2024-04-16,EEM,CAUSAL_XGBOOST,0.12614136040279997,0.14610975980758667
2024-04-17,EEM,CAUSAL_XGBOOST,0.12691920243248073,0.14610321819782257
2024-04-18,EEM,CAUSAL_XGBOOST,0.12722051838910034,0.14849543571472168
2024-04-19,EEM,CAUSAL_XGBOOST,0.12321592107056206,0.14928093552589417
2024-04-22,EEM,CAUSAL_XGBOOST,0.1247203533148262,0.15570051968097687
2024-04-23,EEM,CAUSAL_XGBOOST,0.12896321672263525,0.14279429614543915
2024-04-24,EEM,CAUSAL_XGBOOST,0.1311265795571715,0.13353660702705383
2024-04-25,EEM,CAUSAL_XGBOOST,0.13637009922861046,0.13581344485282898
2024-04-26,EEM,CAUSAL_XGBOOST,0.1323192989366037,0.13506120443344116
2024-04-29,EEM,CAUSAL_XGBOOST,0.1298388857124971,0.14999577403068542
2024-04-30,EEM,CAUSAL_XGBOOST,0.1314116922300523,0.13608838617801666
2024-05-01,EEM,CAUSAL_XGBOOST,0.1323452432689868,0.13692428171634674
2024-05-02,EEM,CAUSAL_XGBOOST,0.10315480675099464,0.1303604543209076
2024-05-03,EEM,CAUSAL_XGBOOST,0.10505744163145109,0.13710863888263702
2024-05-06,EEM,CAUSAL_XGBOOST,0.11570891518990796,0.14096365869045258
2024-05-07,EEM,CAUSAL_XGBOOST,0.12894071362278964,0.13822048902511597
2024-05-08,EEM,CAUSAL_XGBOOST,0.13011316557883038,0.13909879326820374
2024-05-09,EEM,CAUSAL_XGBOOST,0.13595681075160637,0.13444571197032928
2024-05-10,EEM,CAUSAL_XGBOOST,0.1375702124638504,0.12948691844940186
2024-05-13,EEM,CAUSAL_XGBOOST,0.134825702737778,0.12909339368343353
2024-05-14,EEM,CAUSAL_XGBOOST,0.13857135287575878,0.1256168633699417
2024-05-15,EEM,CAUSAL_XGBOOST,0.1321877642634991,0.12608793377876282
2024-05-16,EEM,CAUSAL_XGBOOST,0.13193488267341374,0.12956099212169647
2024-05-17,EEM,CAUSAL_XGBOOST,0.13326401003189658,0.13992375135421753
2024-05-20,EEM,CAUSAL_XGBOOST,0.1377330379010347,0.14563553035259247
2024-05-21,EEM,CAUSAL_XGBOOST,0.13617208885124185,0.1401159167289734
2024-05-22,EEM,CAUSAL_XGBOOST,0.1362547062880799,0.1351921260356903
2024-05-23,EEM,CAUSAL_XGBOOST,0.1336213207619244,0.14656111598014832
2024-05-24,EEM,CAUSAL_XGBOOST,0.13348008395017125,0.14524011313915253
2024-05-28,EEM,CAUSAL_XGBOOST,0.13359149470323345,0.15699483454227448
2024-05-29,EEM,CAUSAL_XGBOOST,0.12162326500736372,0.14884084463119507
2024-05-30,EEM,CAUSAL_XGBOOST,0.12102182630005394,0.1551094800233841
2024-05-31,EEM,CAUSAL_XGBOOST,0.11445317549696915,0.15421205759048462
2024-06-03,EEM,CAUSAL_XGBOOST,0.10958311981449842,0.1507561206817627
2024-06-04,EEM,CAUSAL_XGBOOST,0.10429583042090165,0.1512690931558609
2024-06-05,EEM,CAUSAL_XGBOOST,0.09169319355441852,0.1437874734401703
2024-06-06,EEM,CAUSAL_XGBOOST,0.09112585194256458,0.14687299728393555
2024-06-07,EEM,CAUSAL_XGBOOST,0.07736820031479019,0.14865009486675262
2024-06-10,EEM,CAUSAL_XGBOOST,0.0772281652516524,0.14873582124710083
2024-06-11,EEM,CAUSAL_XGBOOST,0.07503647707698892,0.1484653800725937
2024-06-12,EEM,CAUSAL_XGBOOST,0.07038467030453562,0.15232127904891968
2024-06-13,EEM,CAUSAL_XGBOOST,0.08301460662436767,0.15060681104660034
2024-06-14,EEM,CAUSAL_XGBOOST,0.08383525869346138,0.14624369144439697
2024-06-17,EEM,CAUSAL_XGBOOST,0.10557912182327646,0.14629600942134857
2024-06-18,EEM,CAUSAL_XGBOOST,0.1077485290850969,0.14874106645584106
2024-06-20,EEM,CAUSAL_XGBOOST,0.11343045029862621,0.14581583440303802
2024-06-21,EEM,CAUSAL_XGBOOST,0.11649859769662808,0.14189353585243225
2024-06-24,EEM,CAUSAL_XGBOOST,0.121152267958486,0.14680491387844086
2024-06-25,EEM,CAUSAL_XGBOOST,0.1317527100479504,0.14625105261802673
2024-06-26,EEM,CAUSAL_XGBOOST,0.13223314622683993,0.15032191574573517
2024-06-27,EEM,CAUSAL_XGBOOST,0.13770995322301216,0.15047940611839294
2024-06-28,EEM,CAUSAL_XGBOOST,0.13791410780579103,0.15135161578655243
2024-07-01,EEM,CAUSAL_XGBOOST,0.1382268872240618,0.14267204701900482
2024-07-02,EEM,CAUSAL_XGBOOST,0.15924010066081876,0.155076801776886
2024-07-03,EEM,CAUSAL_XGBOOST,0.16150903842491088,0.1582975536584854
2024-07-05,EEM,CAUSAL_XGBOOST,0.16624672792393266,0.1712622195482254
2024-07-08,EEM,CAUSAL_XGBOOST,0.19033851577982652,0.18081134557724
2024-07-09,EEM,CAUSAL_XGBOOST,0.19127950417375583,0.17635683715343475
2024-07-10,EEM,CAUSAL_XGBOOST,0.1915753263130992,0.16161313652992249
2024-07-11,EEM,CAUSAL_XGBOOST,0.21073160675940733,0.16198675334453583
2024-07-12,EEM,CAUSAL_XGBOOST,0.21141820507395537,0.1650979369878769
2024-07-15,EEM,CAUSAL_XGBOOST,0.21039797495074408,0.15689094364643097
2024-07-16,EEM,CAUSAL_XGBOOST,0.21390747536268243,0.15668192505836487
2024-07-17,EEM,CAUSAL_XGBOOST,0.20746988361958213,0.13287518918514252
2024-07-18,EEM,CAUSAL_XGBOOST,0.20952927692171752,0.13879387080669403
2024-07-19,EEM,CAUSAL_XGBOOST,0.21041900400010252,0.1483968198299408
2024-07-22,EEM,CAUSAL_XGBOOST,0.21105934139902965,0.11761471629142761
2024-07-23,EEM,CAUSAL_XGBOOST,0.21044153035758492,0.121035635471344
2024-07-24,EEM,CAUSAL_XGBOOST,0.20245114395109817,0.12081006914377213
2024-07-25,EEM,CAUSAL_XGBOOST,0.20780330607429884,0.12615416944026947
2024-07-26,EEM,CAUSAL_XGBOOST,0.2125460515654163,0.11943287402391434
2024-07-29,EEM,CAUSAL_XGBOOST,0.21494365810112406,0.12082580476999283
2024-07-30,EEM,CAUSAL_XGBOOST,0.2137878993116865,0.1215510442852974
2024-07-31,EEM,CAUSAL_XGBOOST,0.2019441679791329,0.12273606657981873
2024-08-01,EEM,CAUSAL_XGBOOST,0.19047055833665638,0.14276611804962158
2024-08-02,EEM,CAUSAL_XGBOOST,0.18135207318593713,0.1725081503391266
2024-08-05,EEM,CAUSAL_XGBOOST,0.163378916560194,0.36766165494918823
2024-08-06,EEM,CAUSAL_XGBOOST,0.16321260832631868,0.3024093806743622
2024-08-07,EEM,CAUSAL_XGBOOST,0.1625731458857318,0.29073283076286316
2024-08-08,EEM,CAUSAL_XGBOOST,0.159097260507214,0.2369185984134674
2024-08-09,EEM,CAUSAL_XGBOOST,0.16073377973451614,0.2081792950630188
2024-08-12,EEM,CAUSAL_XGBOOST,0.16081963147474576,0.2009882777929306
2024-08-13,EEM,CAUSAL_XGBOOST,0.15785465388529624,0.1814495027065277
2024-08-14,EEM,CAUSAL_XGBOOST,0.15960813901405405,0.1778654158115387
2024-08-15,EEM,CAUSAL_XGBOOST,0.15545870619454422,0.17945507168769836
2024-08-16,EEM,CAUSAL_XGBOOST,0.14987366682742223,0.1715690791606903
2024-08-19,EEM,CAUSAL_XGBOOST,0.14521874961368456,0.1788358986377716
2024-08-20,EEM,CAUSAL_XGBOOST,0.14331779354430696,0.18625399470329285
2024-08-21,EEM,CAUSAL_XGBOOST,0.16223930846372286,0.17724378407001495
2024-08-22,EEM,CAUSAL_XGBOOST,0.15560870235541585,0.18373923003673553
2024-08-23,EEM,CAUSAL_XGBOOST,0.14654691092458383,0.17923986911773682
2024-08-26,EEM,CAUSAL_XGBOOST,0.18438778321263646,0.18326438963413239
2024-08-27,EEM,CAUSAL_XGBOOST,0.19001011668724602,0.17400451004505157
2024-08-28,EEM,CAUSAL_XGBOOST,0.2228240966461382,0.1818055808544159
2024-08-29,EEM,CAUSAL_XGBOOST,0.223463634588916,0.1623210310935974
2024-08-30,EEM,CAUSAL_XGBOOST,0.23440540611974203,0.15203362703323364
2024-09-03,EEM,CAUSAL_XGBOOST,0.21863866996502548,0.17608694732189178
2024-09-04,EEM,CAUSAL_XGBOOST,0.22453886063731063,0.1743956357240677
2024-09-05,EEM,CAUSAL_XGBOOST,0.2323634687957508,0.17859387397766113
2024-09-06,EEM,CAUSAL_XGBOOST,0.21629699683964124,0.18737231194972992
2024-09-09,EEM,CAUSAL_XGBOOST,0.2162859020903969,0.16792601346969604
2024-09-10,EEM,CAUSAL_XGBOOST,0.2405829193151139,0.15960530936717987
2024-09-11,EEM,CAUSAL_XGBOOST,0.2430409058343867,0.1653648465871811
2024-09-12,EEM,CAUSAL_XGBOOST,0.24266090632184784,0.15788723528385162
2024-09-13,EEM,CAUSAL_XGBOOST,0.24293186876998585,0.15773428976535797
2024-09-16,EEM,CAUSAL_XGBOOST,0.24461501485523993,0.16215433180332184
2024-09-17,EEM,CAUSAL_XGBOOST,0.26026704887446783,0.17044351994991302
2024-09-18,EEM,CAUSAL_XGBOOST,0.25990721390205757,0.17187972366809845
2024-09-19,EEM,CAUSAL_XGBOOST,0.2513978518303482,0.15996907651424408
2024-09-20,EEM,CAUSAL_XGBOOST,0.25246567717251306,0.1630295217037201
2024-09-23,EEM,CAUSAL_XGBOOST,0.25381070101741315,0.16519320011138916
2024-09-24,EEM,CAUSAL_XGBOOST,0.22452781791634316,0.16834184527397156
2024-09-25,EEM,CAUSAL_XGBOOST,0.2222217248392403,0.16556565463542938
2024-09-26,EEM,CAUSAL_XGBOOST,0.17753205736420347,0.17756108939647675
2024-09-27,EEM,CAUSAL_XGBOOST,0.1775509834847181,0.1856922209262848
2024-09-30,EEM,CAUSAL_XGBOOST,0.17000175491540676,0.1855345070362091
2024-10-01,EEM,CAUSAL_XGBOOST,0.16767402806427228,0.18783171474933624
2024-10-02,EEM,CAUSAL_XGBOOST,0.15135493155381785,0.18472900986671448
2024-10-03,EEM,CAUSAL_XGBOOST,0.1480679009780012,0.19973137974739075
2024-10-04,EEM,CAUSAL_XGBOOST,0.1423435031003596,0.18938429653644562
2024-10-07,EEM,CAUSAL_XGBOOST,0.13991005424637404,0.20841509103775024
2024-10-08,EEM,CAUSAL_XGBOOST,0.1250296920468235,0.20206506550312042
2024-10-09,EEM,CAUSAL_XGBOOST,0.13071572512283255,0.19179049134254456
2024-10-10,EEM,CAUSAL_XGBOOST,0.15421300918958375,0.189603790640831
2024-10-11,EEM,CAUSAL_XGBOOST,0.1745638541163775,0.18404936790466309
2024-10-15,EEM,CAUSAL_XGBOOST,0.1723817319881483,0.1821122020483017
2024-10-16,EEM,CAUSAL_XGBOOST,0.16916513391328442,0.18943171203136444
2024-10-17,EEM,CAUSAL_XGBOOST,0.16941965246356158,0.19791242480278015
2024-10-18,EEM,CAUSAL_XGBOOST,0.16311866021053062,0.19106146693229675
2024-10-21,EEM,CAUSAL_XGBOOST,0.1704965048828913,0.19665028154850006
2024-10-22,EEM,CAUSAL_XGBOOST,0.17060715043919167,0.20352691411972046
2024-10-23,EEM,CAUSAL_XGBOOST,0.17011357647300845,0.18089459836483002
2024-10-24,EEM,CAUSAL_XGBOOST,0.17010074676735124,0.18301580846309662
2024-10-25,EEM,CAUSAL_XGBOOST,0.17025592262681355,0.18289725482463837
2024-10-28,EEM,CAUSAL_XGBOOST,0.16887511919541706,0.18296141922473907
2024-10-29,EEM,CAUSAL_XGBOOST,0.1689872876866768,0.17320998013019562
2024-10-30,EEM,CAUSAL_XGBOOST,0.16708544369189252,0.1626644730567932
2024-10-31,EEM,CAUSAL_XGBOOST,0.1665158946415474,0.1783263236284256
2024-11-01,EEM,CAUSAL_XGBOOST,0.16740244050937358,0.18148192763328552
2024-11-04,EEM,CAUSAL_XGBOOST,0.16595985704286545,0.16859246790409088
2024-11-05,EEM,CAUSAL_XGBOOST,0.15719528863299898,0.17590023577213287
2024-11-06,EEM,CAUSAL_XGBOOST,0.15485813788034575,0.1518831104040146
2024-11-07,EEM,CAUSAL_XGBOOST,0.12922962658140594,0.1470569223165512
2024-11-08,EEM,CAUSAL_XGBOOST,0.12295174035420393,0.1467098742723465
2024-11-12,EEM,CAUSAL_XGBOOST,0.11405396049935743,0.15104663372039795
2024-11-13,EEM,CAUSAL_XGBOOST,0.11291630801972638,0.1526445895433426
2024-11-14,EEM,CAUSAL_XGBOOST,0.11028873517546985,0.14268864691257477
2024-11-15,EEM,CAUSAL_XGBOOST,0.11278315528204251,0.1449042409658432
2024-11-18,EEM,CAUSAL_XGBOOST,0.10638185080286952,0.153132826089859
2024-11-19,EEM,CAUSAL_XGBOOST,0.135986525746181,0.1580265760421753
2024-11-20,EEM,CAUSAL_XGBOOST,0.13678820742285516,0.15742172300815582
2024-11-21,EEM,CAUSAL_XGBOOST,0.13765058794527457,0.15457560122013092
2024-11-22,EEM,CAUSAL_XGBOOST,0.13928528447174557,0.15203380584716797
2024-11-25,EEM,CAUSAL_XGBOOST,0.13970604207813925,0.1418326050043106
2024-11-26,EEM,CAUSAL_XGBOOST,0.13946752772962584,0.14446595311164856
2024-11-27,EEM,CAUSAL_XGBOOST,0.14029629051819903,0.1424630582332611
2024-11-29,EEM,CAUSAL_XGBOOST,0.14281946291078412,0.14607729017734528
2024-12-02,EEM,CAUSAL_XGBOOST,0.14203466485459063,0.14288687705993652
2024-12-03,EEM,CAUSAL_XGBOOST,0.14155702096546566,0.1486102044582367
2024-12-04,EEM,CAUSAL_XGBOOST,0.14591083341203778,0.15040279924869537
2024-12-05,EEM,CAUSAL_XGBOOST,0.14421021834895228,0.15537169575691223
2024-12-06,EEM,CAUSAL_XGBOOST,0.1458144752006727,0.16856995224952698
2024-12-09,EEM,CAUSAL_XGBOOST,0.12163339048929704,0.16754946112632751
2024-12-10,EEM,CAUSAL_XGBOOST,0.1230246569794683,0.17233851552009583
2024-12-11,EEM,CAUSAL_XGBOOST,0.12123152864085436,0.17257796227931976
2024-12-12,EEM,CAUSAL_XGBOOST,0.13122033625307505,0.17291975021362305
2024-12-13,EEM,CAUSAL_XGBOOST,0.14180033772827852,0.15956422686576843
2024-12-16,EEM,CAUSAL_XGBOOST,0.14112464692708113,0.15549936890602112
2024-12-17,EEM,CAUSAL_XGBOOST,0.14494933791645884,0.15710289776325226
2024-12-18,EEM,CAUSAL_XGBOOST,0.123715274898377,0.19401077926158905
2024-12-19,EEM,CAUSAL_XGBOOST,0.12332130368904709,0.17012889683246613
2024-12-20,EEM,CAUSAL_XGBOOST,0.12283594300795492,0.15508705377578735
2024-12-23,EEM,CAUSAL_XGBOOST,0.12336709897419806,0.15608341991901398
2024-12-24,EEM,CAUSAL_XGBOOST,0.13978468102781008,0.14721572399139404
2024-12-26,EEM,CAUSAL_XGBOOST,0.14201409627577244,0.1382940411567688
2024-12-27,EEM,CAUSAL_XGBOOST,0.14102855990150479,0.14370396733283997
2024-12-30,EEM,CAUSAL_XGBOOST,0.14903636508438292,0.16012422740459442
2024-12-31,EEM,CAUSAL_XGBOOST,0.1551116100047702,0.15549051761627197
2025-01-02,EEM,CAUSAL_XGBOOST,0.15772833289838203,0.15570048987865448
2025-01-03,EEM,CAUSAL_XGBOOST,0.16641924095246413,0.14285847544670105
2025-01-06,EEM,CAUSAL_XGBOOST,0.16668290143841144,0.13927850127220154
2025-01-07,EEM,CAUSAL_XGBOOST,0.16428923998617465,0.15684166550636292
2025-01-08,EEM,CAUSAL_XGBOOST,0.1629166082481096,0.1550614982843399
2025-01-10,EEM,CAUSAL_XGBOOST,0.1507157431679551,0.1677875965833664
2025-01-13,EEM,CAUSAL_XGBOOST,0.14848807377588236,0.1540786474943161
2025-01-14,EEM,CAUSAL_XGBOOST,0.14578666861289377,0.15044176578521729
2025-01-15,EEM,CAUSAL_XGBOOST,0.14157307597877938,0.15310677886009216
2025-01-16,EEM,CAUSAL_XGBOOST,0.14189735582677615,0.15978282690048218
2025-01-17,EEM,CAUSAL_XGBOOST,0.14129687579216496,0.15505093336105347
2025-01-21,EEM,CAUSAL_XGBOOST,0.13917152712878747,0.15184447169303894
2025-01-22,EEM,CAUSAL_XGBOOST,0.14103192860382024,0.14884868264198303
2025-01-23,EEM,CAUSAL_XGBOOST,0.1424776826073674,0.1448390930891037
2025-01-24,EEM,CAUSAL_XGBOOST,0.15517753073037263,0.14151424169540405
2025-01-27,EEM,CAUSAL_XGBOOST,0.13661119660992033,0.17846660315990448
2025-01-28,EEM,CAUSAL_XGBOOST,0.13813849250518137,0.17616736888885498
2025-01-29,EEM,CAUSAL_XGBOOST,0.15899660427251466,0.17690511047840118
2025-01-30,EEM,CAUSAL_XGBOOST,0.1570927276765402,0.15875361859798431
2025-01-31,EEM,CAUSAL_XGBOOST,0.15486587186586367,0.16504834592342377
2025-02-03,EEM,CAUSAL_XGBOOST,0.15489753304459325,0.16516588628292084
2025-02-04,EEM,CAUSAL_XGBOOST,0.17585437630867617,0.16324855387210846
2025-02-05,EEM,CAUSAL_XGBOOST,0.17750248728769782,0.1499842405319214
2025-02-06,EEM,CAUSAL_XGBOOST,0.17769456829625843,0.14414815604686737
2025-02-07,EEM,CAUSAL_XGBOOST,0.19943072623108893,0.1557714194059372
2025-02-10,EEM,CAUSAL_XGBOOST,0.1969507355449951,0.14690428972244263
2025-02-11,EEM,CAUSAL_XGBOOST,0.1973005953533102,0.14677484333515167
2025-02-12,EEM,CAUSAL_XGBOOST,0.19699849517384804,0.145627960562706
2025-02-13,EEM,CAUSAL_XGBOOST,0.2062303228745926,0.15023134648799896
2025-02-14,EEM,CAUSAL_XGBOOST,0.21293314013495704,0.15420188009738922
2025-02-18,EEM,CAUSAL_XGBOOST,0.2130409752494451,0.15598328411579132
2025-02-19,EEM,CAUSAL_XGBOOST,0.21300761586530734,0.1593863070011139
2025-02-20,EEM,CAUSAL_XGBOOST,0.21335040989632542,0.16155897080898285
2025-02-21,EEM,CAUSAL_XGBOOST,0.21380466316118088,0.17380370199680328
2025-02-24,EEM,CAUSAL_XGBOOST,0.20669351705499764,0.17312178015708923
2025-02-25,EEM,CAUSAL_XGBOOST,0.20707630748885372,0.17353245615959167
2025-02-26,EEM,CAUSAL_XGBOOST,0.20517276149992195,0.1513839215040207
2025-02-27,EEM,CAUSAL_XGBOOST,0.19263977405569463,0.16060389578342438
2025-02-28,EEM,CAUSAL_XGBOOST,0.19841870035250833,0.16035021841526031
2025-03-03,EEM,CAUSAL_XGBOOST,0.19547618822332444,0.1844978928565979
2025-03-04,EEM,CAUSAL_XGBOOST,0.1937463263541719,0.18204380571842194
2025-03-05,EEM,CAUSAL_XGBOOST,0.16158001132249591,0.1727263331413269
2025-03-06,EEM,CAUSAL_XGBOOST,0.1767655701648007,0.18988291919231415
2025-03-07,EEM,CAUSAL_XGBOOST,0.2635563999201502,0.17655357718467712
2025-03-10,EEM,CAUSAL_XGBOOST,0.281105332043069,0.2232472449541092
2025-03-11,EEM,CAUSAL_XGBOOST,0.278107279493887,0.20625700056552887
2025-03-12,EEM,CAUSAL_XGBOOST,0.37992184486981473,0.20354658365249634
2025-03-13,EEM,CAUSAL_XGBOOST,0.3832274716742154,0.20271141827106476
2025-03-14,EEM,CAUSAL_XGBOOST,0.3954634360021168,0.20161202549934387
2025-03-17,EEM,CAUSAL_XGBOOST,0.39111000766344123,0.20245131850242615
2025-03-18,EEM,CAUSAL_XGBOOST,0.3911871766383973,0.210921511054039
2025-03-19,EEM,CAUSAL_XGBOOST,0.39157973566314835,0.2066657543182373
2025-03-20,EEM,CAUSAL_XGBOOST,0.39325281636042275,0.19776929914951324
2025-03-21,EEM,CAUSAL_XGBOOST,0.3933514620340189,0.1892077475786209
2025-03-24,EEM,CAUSAL_XGBOOST,0.3977379090806426,0.18181449174880981
2025-03-25,EEM,CAUSAL_XGBOOST,0.40082867089569174,0.16490745544433594
2025-03-26,EEM,CAUSAL_XGBOOST,0.40324139209328713,0.17942556738853455
2025-03-27,EEM,CAUSAL_XGBOOST,0.4026408476872247,0.1680447906255722
2025-03-28,EEM,CAUSAL_XGBOOST,0.397387349151037,0.18535593152046204
2025-03-31,EEM,CAUSAL_XGBOOST,0.39749518590216226,0.1678883582353592
2025-04-01,EEM,CAUSAL_XGBOOST,0.3974284924412415,0.1531936228275299
2025-04-02,EEM,CAUSAL_XGBOOST,0.39739115928636687,0.15826615691184998
2025-04-03,EEM,CAUSAL_XGBOOST,0.40119735543440466,0.2507312595844269
2025-04-04,EEM,CAUSAL_XGBOOST,0.33396086942024517,0.38621705770492554
2025-04-07,EEM,CAUSAL_XGBOOST,0.29480600016567204,0.418867826461792
2025-04-08,EEM,CAUSAL_XGBOOST,0.2924388841272147,0.42379239201545715
2025-04-09,EEM,CAUSAL_XGBOOST,0.19014723236054373,0.5080374479293823
2025-04-10,EEM,CAUSAL_XGBOOST,0.17265202023578363,0.6911882758140564
2025-04-11,EEM,CAUSAL_XGBOOST,0.15639613763516177,0.565204381942749
2025-04-14,EEM,CAUSAL_XGBOOST,0.15585660026228557,0.5590268969535828
2025-04-15,EEM,CAUSAL_XGBOOST,0.15494905569012607,0.5566269755363464
2025-04-16,EEM,CAUSAL_XGBOOST,0.1438033722428316,0.5426706075668335
2025-04-17,EEM,CAUSAL_XGBOOST,0.14504466539334226,0.5090906620025635
2025-04-21,EEM,CAUSAL_XGBOOST,0.14415935000143207,0.39228007197380066
2025-04-22,EEM,CAUSAL_XGBOOST,0.1407706773291228,0.35428446531295776
2025-04-23,EEM,CAUSAL_XGBOOST,0.14006136304675246,0.352260947227478
2025-04-24,EEM,CAUSAL_XGBOOST,0.13868499244448623,0.23189060389995575
2025-04-25,EEM,CAUSAL_XGBOOST,0.13764834552259078,0.23396502435207367
2025-04-28,EEM,CAUSAL_XGBOOST,0.1389708994980122,0.2345869541168213
2025-04-29,EEM,CAUSAL_XGBOOST,0.14147086121075983,0.23584823310375214
2025-04-30,EEM,CAUSAL_XGBOOST,0.14153199027505148,0.2344471961259842
2025-05-01,EEM,CAUSAL_XGBOOST,0.15079838006512186,0.22421079874038696
2025-05-02,EEM,CAUSAL_XGBOOST,0.1171213136605295,0.21014750003814697
2025-05-05,EEM,CAUSAL_XGBOOST,0.11468210168563181,0.21342016756534576
2025-05-06,EEM,CAUSAL_XGBOOST,0.1203626650256289,0.22526678442955017
2025-05-07,EEM,CAUSAL_XGBOOST,0.11050221373841042,0.19077885150909424
2025-05-08,EEM,CAUSAL_XGBOOST,0.10996027668247013,0.19860434532165527
2025-05-09,EEM,CAUSAL_XGBOOST,0.11103819516799183,0.18224632740020752
2025-05-12,EEM,CAUSAL_XGBOOST,0.08733002780277596,0.1660180538892746
2025-05-13,EEM,CAUSAL_XGBOOST,0.08773013577696823,0.17250055074691772
2025-05-14,EEM,CAUSAL_XGBOOST,0.08516676271965119,0.17685222625732422
2025-05-15,EEM,CAUSAL_XGBOOST,0.10569420204384038,0.17444543540477753
2025-05-16,EEM,CAUSAL_XGBOOST,0.11281300454218424,0.17914338409900665
2025-05-19,EEM,CAUSAL_XGBOOST,0.12427322743960388,0.17466416954994202
2025-05-20,EEM,CAUSAL_XGBOOST,0.12414220400716186,0.1691010743379593
2025-05-21,EEM,CAUSAL_XGBOOST,0.1258201831032526,0.17442971467971802
2025-05-22,EEM,CAUSAL_XGBOOST,0.12765957432340153,0.1711178869009018
2025-05-23,EEM,CAUSAL_XGBOOST,0.15413032733477666,0.17153367400169373
2025-05-27,EEM,CAUSAL_XGBOOST,0.15326103856674517,0.1702231615781784
2025-05-28,EEM,CAUSAL_XGBOOST,0.1516265911350065,0.1686796247959137
2025-05-29,EEM,CAUSAL_XGBOOST,0.15357288260164675,0.17278632521629333
2025-05-30,EEM,CAUSAL_XGBOOST,0.1432108629778041,0.17818892002105713
2025-06-02,EEM,CAUSAL_XGBOOST,0.1425672690247718,0.1798419952392578
2025-06-03,EEM,CAUSAL_XGBOOST,0.14260362995566842,0.17934945225715637
2025-06-04,EEM,CAUSAL_XGBOOST,0.1386242591683007,0.17699351906776428
2025-06-05,EEM,CAUSAL_XGBOOST,0.15087238836422068,0.17591559886932373
2025-06-06,EEM,CAUSAL_XGBOOST,0.15160943059801482,0.1769438236951828
2025-06-09,EEM,CAUSAL_XGBOOST,0.15012309098071167,0.1772288829088211
2025-06-10,EEM,CAUSAL_XGBOOST,0.14938748955437142,0.14135248959064484
2025-06-11,EEM,CAUSAL_XGBOOST,0.14986438876791952,0.15153862535953522
2025-06-12,EEM,CAUSAL_XGBOOST,0.1498526419613216,0.1513606160879135
2025-06-13,EEM,CAUSAL_XGBOOST,0.13711496848553814,0.15517623722553253
2025-06-16,EEM,CAUSAL_XGBOOST,0.13232305658010884,0.14507119357585907
2025-06-17,EEM,CAUSAL_XGBOOST,0.12046154003858801,0.1491439789533615
2025-06-18,EEM,CAUSAL_XGBOOST,0.12132086712962924,0.14479544758796692
2025-06-20,EEM,CAUSAL_XGBOOST,0.11783064506266752,0.1547575294971466
2025-06-23,EEM,CAUSAL_XGBOOST,0.11665983918818965,0.1543014943599701
2025-06-24,EEM,CAUSAL_XGBOOST,0.0853395533539787,0.14311723411083221
2025-06-25,EEM,CAUSAL_XGBOOST,0.08932276869290869,0.1487826555967331
2025-06-26,EEM,CAUSAL_XGBOOST,0.08887238422448145,0.1530306488275528
2025-06-27,EEM,CAUSAL_XGBOOST,0.09149768295171182,0.1511218100786209
2025-06-30,EEM,CAUSAL_XGBOOST,0.09121953944438223,0.15485799312591553
2025-07-01,EEM,CAUSAL_XGBOOST,0.09578461892632135,0.1593589335680008
2025-07-02,EEM,CAUSAL_XGBOOST,0.09714298770784704,0.1644616425037384
2025-07-03,EEM,CAUSAL_XGBOOST,0.0990532845051017,0.15927353501319885
2025-07-07,EEM,CAUSAL_XGBOOST,0.0922287742374643,0.16753964126110077
2025-07-08,EEM,CAUSAL_XGBOOST,0.09029107814347367,0.16514404118061066
2025-07-09,EEM,CAUSAL_XGBOOST,0.09110790340876988,0.16906139254570007
2025-07-10,EEM,CAUSAL_XGBOOST,0.09477504282839266,0.16732507944107056
2025-07-11,EEM,CAUSAL_XGBOOST,0.09364665959203945,0.1790499985218048
2025-07-14,EEM,CAUSAL_XGBOOST,0.09472908816132398,0.19166888296604156
2025-07-15,EEM,CAUSAL_XGBOOST,0.10039657496400269,0.1924632042646408
2025-07-16,EEM,CAUSAL_XGBOOST,0.10680419533720421,0.19252130389213562
2025-07-17,EEM,CAUSAL_XGBOOST,0.11639996567752306,0.19205816090106964
2025-07-18,EEM,CAUSAL_XGBOOST,0.11588886380180283,0.21644987165927887
2025-07-21,EEM,CAUSAL_XGBOOST,0.1154588079158218,0.21301840245723724
2025-07-22,EEM,CAUSAL_XGBOOST,0.11983295494119016,0.21408994495868683
2025-07-23,EEM,CAUSAL_XGBOOST,0.11434588655659322,0.21709616482257843
2025-07-24,EEM,CAUSAL_XGBOOST,0.11295381611188036,0.23242953419685364
2025-07-25,EEM,CAUSAL_XGBOOST,0.1322025018063229,0.23964251577854156
2025-07-28,EEM,CAUSAL_XGBOOST,0.13150434761642593,0.23917776346206665
2025-07-29,EEM,CAUSAL_XGBOOST,0.13216077126723977,0.2284034788608551
2025-07-30,EEM,CAUSAL_XGBOOST,0.1311100128059437,0.22600655257701874
2025-07-31,EEM,CAUSAL_XGBOOST,0.12887180393561282,0.2253817617893219
2025-08-01,EEM,CAUSAL_XGBOOST,0.12674965734620508,0.22602541744709015
2025-08-04,EEM,CAUSAL_XGBOOST,0.12279632520554187,0.23092642426490784
2025-08-05,EEM,CAUSAL_XGBOOST,0.1230163024461532,0.23666556179523468
2025-08-06,EEM,CAUSAL_XGBOOST,0.12321995081939659,0.23780390620231628
2025-08-07,EEM,CAUSAL_XGBOOST,0.12680077835189035,0.19555577635765076
2025-08-08,EEM,CAUSAL_XGBOOST,0.12978097860400234,0.1952209174633026
2025-08-11,EEM,CAUSAL_XGBOOST,0.129484337952384,0.19690507650375366
2025-08-12,EEM,CAUSAL_XGBOOST,0.12524465980881117,0.20003782212734222
2025-08-13,EEM,CAUSAL_XGBOOST,0.12825196174042328,0.19768895208835602
2025-08-14,EEM,CAUSAL_XGBOOST,0.11744259604401533,0.19254083931446075
2025-08-15,EEM,CAUSAL_XGBOOST,0.11862540715530542,0.19189366698265076
2025-08-18,EEM,CAUSAL_XGBOOST,0.11931963631572694,0.19295069575309753
2025-08-19,EEM,CAUSAL_XGBOOST,0.11220337975042358,0.16549833118915558
2025-08-20,EEM,CAUSAL_XGBOOST,0.11284401205351352,0.1679944396018982
2025-08-21,EEM,CAUSAL_XGBOOST,0.11287497188526392,0.17827151715755463
2025-08-22,EEM,CAUSAL_XGBOOST,0.09504717594280199,0.1439189910888672
2025-08-25,EEM,CAUSAL_XGBOOST,0.090271479996909,0.17188601195812225
2025-08-26,EEM,CAUSAL_XGBOOST,0.09095060549307764,0.1757768839597702
2025-08-27,EEM,CAUSAL_XGBOOST,0.09077202482667392,0.15386375784873962
2025-08-28,EEM,CAUSAL_XGBOOST,0.09219995152871989,0.1593455821275711
2025-08-29,EEM,CAUSAL_XGBOOST,0.0906829824223917,0.15768474340438843
2025-09-02,EEM,CAUSAL_XGBOOST,0.0894380995397242,0.15931832790374756
2025-09-03,EEM,CAUSAL_XGBOOST,0.09077212857606917,0.1605198234319687
2025-09-04,EEM,CAUSAL_XGBOOST,0.08708696211320417,0.16127514839172363
2025-09-05,EEM,CAUSAL_XGBOOST,0.08196697030643327,0.14897523820400238
2025-09-08,EEM,CAUSAL_XGBOOST,0.07951242022701803,0.14364974200725555
2025-09-09,EEM,CAUSAL_XGBOOST,0.08826292312754723,0.14108626544475555
2025-09-10,EEM,CAUSAL_XGBOOST,0.0890281040920086,0.14113815128803253
2025-09-11,EEM,CAUSAL_XGBOOST,0.08941563098829236,0.14048409461975098
2025-09-12,EEM,CAUSAL_XGBOOST,0.1653689100763887,0.14372600615024567
2025-09-15,EEM,CAUSAL_XGBOOST,0.19342553288162698,0.15538957715034485
2025-09-16,EEM,CAUSAL_XGBOOST,0.1947404900096637,0.15237759053707123
2025-09-17,EEM,CAUSAL_XGBOOST,0.202776886517197,0.15326504409313202
2025-09-18,EEM,CAUSAL_XGBOOST,0.2035070661052091,0.15109072625637054
2025-09-19,EEM,CAUSAL_XGBOOST,0.20320061924036056,0.1522626429796219
2025-09-22,EEM,CAUSAL_XGBOOST,0.207636201537855,0.15163461863994598
2025-09-23,EEM,CAUSAL_XGBOOST,0.21247717746230554,0.1548609733581543
2025-09-24,EEM,CAUSAL_XGBOOST,0.21199226130445045,0.15967123210430145
2025-09-25,EEM,CAUSAL_XGBOOST,0.2120372361845612,0.15849654376506805
2025-09-26,EEM,CAUSAL_XGBOOST,0.21220833294101096,0.16971895098686218
2025-09-29,EEM,CAUSAL_XGBOOST,0.21315087458209794,0.16889525949954987
2025-09-30,EEM,CAUSAL_XGBOOST,0.21326222600165257,0.17948101460933685
2025-10-01,EEM,CAUSAL_XGBOOST,0.21264149376041921,0.18159811198711395
2025-10-02,EEM,CAUSAL_XGBOOST,0.21682799450905177,0.18413028120994568
2025-10-03,EEM,CAUSAL_XGBOOST,0.2170893304487253,0.1893519014120102
2025-10-06,EEM,CAUSAL_XGBOOST,0.21755208612695062,0.18996556103229523
2025-10-07,EEM,CAUSAL_XGBOOST,0.2264945505838788,0.19834592938423157
2025-10-08,EEM,CAUSAL_XGBOOST,0.226958414596971,0.1925656795501709
2025-10-09,EEM,CAUSAL_XGBOOST,0.22535518314622618,0.18064077198505402
2025-10-10,EEM,CAUSAL_XGBOOST,0.17519333209434684,0.1932433396577835
2025-10-14,EEM,CAUSAL_XGBOOST,0.151143908263146,0.20340098440647125
2025-10-15,EEM,CAUSAL_XGBOOST,0.14204480879948905,0.2109137922525406
2025-10-16,EEM,CAUSAL_XGBOOST,0.14833809866264622,0.2155333012342453
2025-10-17,EEM,CAUSAL_XGBOOST,0.14830441180542542,0.1714273989200592
2025-10-20,EEM,CAUSAL_XGBOOST,0.14657238940805103,0.19793923199176788
2025-10-21,EEM,CAUSAL_XGBOOST,0.14221318777728442,0.19859561324119568
2025-10-22,EEM,CAUSAL_XGBOOST,0.1426751310594188,0.18496742844581604
2025-10-23,EEM,CAUSAL_XGBOOST,0.14594160511558316,0.17809702455997467
2025-10-24,EEM,CAUSAL_XGBOOST,0.142930094728084,0.14904919266700745
2025-10-27,EEM,CAUSAL_XGBOOST,0.14232138273837114,0.15795263648033142
2025-10-28,EEM,CAUSAL_XGBOOST,0.14353716738158367,0.1841544806957245
2025-10-29,EEM,CAUSAL_XGBOOST,0.14464777711902177,0.18947094678878784
2025-10-30,EEM,CAUSAL_XGBOOST,0.1411635450264078,0.19061623513698578
2025-10-31,EEM,CAUSAL_XGBOOST,0.14107703486991627,0.20644411444664001
2025-11-03,EEM,CAUSAL_XGBOOST,0.13858741618817963,0.20323435962200165
2025-11-04,EEM,CAUSAL_XGBOOST,0.12270300224383467,0.21961310505867004
2025-11-05,EEM,CAUSAL_XGBOOST,0.11781141417440433,0.21815736591815948
2025-11-06,EEM,CAUSAL_XGBOOST,0.1184392499256659,0.2286572903394699
2025-11-07,EEM,CAUSAL_XGBOOST,0.11822468999988361,0.22215762734413147
2025-11-10,EEM,CAUSAL_XGBOOST,0.09882959083654988,0.14644122123718262
2025-11-12,EEM,CAUSAL_XGBOOST,0.10859506525400633,0.15068668127059937
2025-11-13,EEM,CAUSAL_XGBOOST,0.10854961442849798,0.15397672355175018
2025-11-14,EEM,CAUSAL_XGBOOST,0.10875666492609536,0.15295176208019257
2025-11-17,EEM,CAUSAL_XGBOOST,0.10287089342450052,0.17183877527713776
2025-11-18,EEM,CAUSAL_XGBOOST,0.10443124758547728,0.1799830198287964
2025-11-19,EEM,CAUSAL_XGBOOST,0.11204214469443108,0.1886630654335022
2025-11-20,EEM,CAUSAL_XGBOOST,0.10409662565650442,0.195251926779747
2025-11-21,EEM,CAUSAL_XGBOOST,0.10492888365277835,0.1796133667230606
2025-11-24,EEM,CAUSAL_XGBOOST,0.1007270324268152,0.17394180595874786
2025-11-25,EEM,CAUSAL_XGBOOST,0.10042726912184399,0.15913209319114685
2025-11-26,EEM,CAUSAL_XGBOOST,0.10022762166462042,0.16207517683506012
2025-11-28,EEM,CAUSAL_XGBOOST,0.10111222649638613,0.15546654164791107
2025-12-01,EEM,CAUSAL_XGBOOST,0.10142276606037798,0.16557194292545319
2025-12-02,EEM,CAUSAL_XGBOOST,0.1025693588956767,0.16069556772708893
2025-12-03,EEM,CAUSAL_XGBOOST,0.1391100787713649,0.14084409177303314
2025-12-04,EEM,CAUSAL_XGBOOST,0.14193246010959054,0.12866942584514618
2025-12-05,EEM,CAUSAL_XGBOOST,0.14186634990108005,0.13478584587574005
2025-12-08,EEM,CAUSAL_XGBOOST,0.14566499471796895,0.14036178588867188
2025-12-09,EEM,CAUSAL_XGBOOST,0.14504242962508324,0.14219635725021362
2025-12-10,EEM,CAUSAL_XGBOOST,0.14192538045538264,0.1372300535440445
2025-12-11,EEM,CAUSAL_XGBOOST,0.14473696313516138,0.1358814686536789
2025-12-12,EEM,CAUSAL_XGBOOST,0.13949493976875108,0.12769317626953125
2025-12-15,EEM,CAUSAL_XGBOOST,0.13730484259254186,0.12962117791175842
2025-12-16,EEM,CAUSAL_XGBOOST,0.1318484393300344,0.13207678496837616
2025-12-17,EEM,CAUSAL_XGBOOST,0.12831337824782765,0.1430218666791916
2025-12-18,EEM,CAUSAL_XGBOOST,0.13559382049942878,0.13459137082099915
2025-12-19,EEM,CAUSAL_XGBOOST,0.1415033898916608,0.1337023228406906
2025-12-22,EEM,CAUSAL_XGBOOST,0.14197280378283592,0.14061248302459717
2025-12-23,EEM,CAUSAL_XGBOOST,0.14209297596856163,0.14528506994247437
2025-12-24,EEM,CAUSAL_XGBOOST,0.1421652876704254,0.14445003867149353
2025-12-26,EEM,CAUSAL_XGBOOST,0.15214229074466035,0.14687050879001617
2025-12-29,EEM,CAUSAL_XGBOOST,0.14973067815891344,0.15775196254253387
2025-12-30,EEM,CAUSAL_XGBOOST,0.15419680365489102,0.16121602058410645
2025-12-31,EEM,CAUSAL_XGBOOST,0.1803911646011222,0.15859392285346985
2023-12-28,XLK,CAUSAL_XGBOOST,0.19017730423622242,0.1712038666009903
2023-12-29,XLK,CAUSAL_XGBOOST,0.1931415947035692,0.17030830681324005
2024-01-02,XLK,CAUSAL_XGBOOST,0.18325769622700852,0.16685502231121063
2024-01-03,XLK,CAUSAL_XGBOOST,0.1797804980214724,0.1539747416973114
2024-01-04,XLK,CAUSAL_XGBOOST,0.17613335030688926,0.16019392013549805
2024-01-05,XLK,CAUSAL_XGBOOST,0.1754149405486229,0.15909628570079803
2024-01-08,XLK,CAUSAL_XGBOOST,0.1614892849832616,0.14701707661151886
2024-01-09,XLK,CAUSAL_XGBOOST,0.1650014850959527,0.14223872125148773
2024-01-10,XLK,CAUSAL_XGBOOST,0.1641290993607331,0.14946812391281128
2024-01-11,XLK,CAUSAL_XGBOOST,0.16768701821406717,0.15392759442329407
2024-01-12,XLK,CAUSAL_XGBOOST,0.17275761920031063,0.16202688217163086
2024-01-16,XLK,CAUSAL_XGBOOST,0.18767854700968062,0.18065887689590454
2024-01-17,XLK,CAUSAL_XGBOOST,0.18746932975739442,0.18740718066692352
2024-01-18,XLK,CAUSAL_XGBOOST,0.17740872859495263,0.18869781494140625
2024-01-19,XLK,CAUSAL_XGBOOST,0.16402550165589572,0.16785211861133575
2024-01-22,XLK,CAUSAL_XGBOOST,0.1677027308409288,0.1740202009677887
2024-01-23,XLK,CAUSAL_XGBOOST,0.16831325188488958,0.18774423003196716
2024-01-24,XLK,CAUSAL_XGBOOST,0.20363494974751314,0.1956724375486374
2024-01-25,XLK,CAUSAL_XGBOOST,0.20343751248425943,0.1929066777229309
2024-01-26,XLK,CAUSAL_XGBOOST,0.19854283784311996,0.18713702261447906
2024-01-29,XLK,CAUSAL_XGBOOST,0.19616368977966436,0.18802087008953094
2024-01-30,XLK,CAUSAL_XGBOOST,0.19444765849488635,0.17514668405056
2024-01-31,XLK,CAUSAL_XGBOOST,0.17940535164564436,0.18020673096179962
2024-02-01,XLK,CAUSAL_XGBOOST,0.18463841114435417,0.17125116288661957
2024-02-02,XLK,CAUSAL_XGBOOST,0.18253978028604564,0.17336103320121765
2024-02-05,XLK,CAUSAL_XGBOOST,0.20606514498218856,0.18252386152744293
2024-02-06,XLK,CAUSAL_XGBOOST,0.20657262577670155,0.1767583042383194
2024-02-07,XLK,CAUSAL_XGBOOST,0.2086600190862464,0.17969223856925964
2024-02-08,XLK,CAUSAL_XGBOOST,0.2164912357014046,0.185907781124115
2024-02-09,XLK,CAUSAL_XGBOOST,0.21133304006097423,0.1841970682144165
2024-02-12,XLK,CAUSAL_XGBOOST,0.22141757502989406,0.19249829649925232
2024-02-13,XLK,CAUSAL_XGBOOST,0.21561804173662,0.17567124962806702
2024-02-14,XLK,CAUSAL_XGBOOST,0.21302849416509592,0.1785859763622284
2024-02-15,XLK,CAUSAL_XGBOOST,0.22045815134547747,0.16788679361343384
2024-02-16,XLK,CAUSAL_XGBOOST,0.21805560327159254,0.16718532145023346
2024-02-20,XLK,CAUSAL_XGBOOST,0.21436913336143812,0.16778427362442017
2024-02-21,XLK,CAUSAL_XGBOOST,0.2145961005353567,0.17151522636413574
2024-02-22,XLK,CAUSAL_XGBOOST,0.18398794171925295,0.16329248249530792
2024-02-23,XLK,CAUSAL_XGBOOST,0.18357776831802428,0.17061324417591095
2024-02-26,XLK,CAUSAL_XGBOOST,0.18567907744772832,0.17834360897541046
2024-02-27,XLK,CAUSAL_XGBOOST,0.18650642458796213,0.1671271175146103
2024-02-28,XLK,CAUSAL_XGBOOST,0.1860678175661057,0.1855420023202896
2024-02-29,XLK,CAUSAL_XGBOOST,0.18251005566714606,0.18101030588150024
2024-03-01,XLK,CAUSAL_XGBOOST,0.17050664121868922,0.1779758781194687
2024-03-04,XLK,CAUSAL_XGBOOST,0.17365288104170518,0.1825263798236847
2024-03-05,XLK,CAUSAL_XGBOOST,0.14885586340590243,0.2066882699728012
2024-03-06,XLK,CAUSAL_XGBOOST,0.15701598965517669,0.2157149463891983
2024-03-07,XLK,CAUSAL_XGBOOST,0.15178247800404596,0.2183060497045517
2024-03-08,XLK,CAUSAL_XGBOOST,0.14239423744996493,0.21817857027053833
2024-03-11,XLK,CAUSAL_XGBOOST,0.14321649954057863,0.2176584154367447
2024-03-12,XLK,CAUSAL_XGBOOST,0.12855772962504408,0.21577849984169006
2024-03-13,XLK,CAUSAL_XGBOOST,0.14386237419589035,0.21621012687683105
2024-03-14,XLK,CAUSAL_XGBOOST,0.15521001813185148,0.21722295880317688
2024-03-15,XLK,CAUSAL_XGBOOST,0.16065729907653115,0.21933607757091522
2024-03-18,XLK,CAUSAL_XGBOOST,0.15940595120176423,0.22014783322811127
2024-03-19,XLK,CAUSAL_XGBOOST,0.16436496171308676,0.21570350229740143
2024-03-20,XLK,CAUSAL_XGBOOST,0.15976734048318128,0.22043460607528687
2024-03-21,XLK,CAUSAL_XGBOOST,0.1706323525113834,0.22146694362163544
2024-03-22,XLK,CAUSAL_XGBOOST,0.17632911131490717,0.1983877420425415
2024-03-25,XLK,CAUSAL_XGBOOST,0.1878121669437521,0.19657325744628906
2024-03-26,XLK,CAUSAL_XGBOOST,0.18952385549231696,0.22073456645011902
2024-03-27,XLK,CAUSAL_XGBOOST,0.18747154047508016,0.2262713760137558
2024-03-28,XLK,CAUSAL_XGBOOST,0.19392540258959334,0.23324567079544067
2024-04-01,XLK,CAUSAL_XGBOOST,0.19450087660528462,0.24292032420635223
2024-04-02,XLK,CAUSAL_XGBOOST,0.20590491393487648,0.2453923225402832
2024-04-03,XLK,CAUSAL_XGBOOST,0.2066316466578206,0.23875387012958527
2024-04-04,XLK,CAUSAL_XGBOOST,0.20990353993708577,0.29317212104797363
2024-04-05,XLK,CAUSAL_XGBOOST,0.2300628334262428,0.2720085382461548
2024-04-08,XLK,CAUSAL_XGBOOST,0.23438496559604852,0.2561609745025635
2024-04-09,XLK,CAUSAL_XGBOOST,0.23372750833702527,0.25536736845970154
2024-04-10,XLK,CAUSAL_XGBOOST,0.22990898013597755,0.23342151939868927
2024-04-11,XLK,CAUSAL_XGBOOST,0.21775769915308155,0.23063088953495026
2024-04-12,XLK,CAUSAL_XGBOOST,0.21051889015613817,0.22225379943847656
2024-04-15,XLK,CAUSAL_XGBOOST,0.19834965446697952,0.244737908244133
2024-04-16,XLK,CAUSAL_XGBOOST,0.2001746894078825,0.20911642909049988
2024-04-17,XLK,CAUSAL_XGBOOST,0.2034207630551422,0.25458940863609314
2024-04-18,XLK,CAUSAL_XGBOOST,0.19753182747858902,0.2559734880924225
2024-04-19,XLK,CAUSAL_XGBOOST,0.1766631249339172,0.2615286707878113
2024-04-22,XLK,CAUSAL_XGBOOST,0.17780134548496315,0.2634611129760742
2024-04-23,XLK,CAUSAL_XGBOOST,0.17426389900663317,0.20683515071868896
2024-04-24,XLK,CAUSAL_XGBOOST,0.17440646120376985,0.1989949345588684
2024-04-25,XLK,CAUSAL_XGBOOST,0.17853477343326316,0.20653048157691956
2024-04-26,XLK,CAUSAL_XGBOOST,0.1772642979349741,0.21217723190784454
2024-04-29,XLK,CAUSAL_XGBOOST,0.17726120071264076,0.20645084977149963
2024-04-30,XLK,CAUSAL_XGBOOST,0.1537891304179741,0.19234514236450195
2024-05-01,XLK,CAUSAL_XGBOOST,0.17529790252183608,0.1862693578004837
2024-05-02,XLK,CAUSAL_XGBOOST,0.17099977160189617,0.18254415690898895
2024-05-03,XLK,CAUSAL_XGBOOST,0.14501005343084988,0.1879568099975586
2024-05-06,XLK,CAUSAL_XGBOOST,0.14041424456501422,0.19231490790843964
2024-05-07,XLK,CAUSAL_XGBOOST,0.15670208030152116,0.19209636747837067
2024-05-08,XLK,CAUSAL_XGBOOST,0.15818575873971633,0.1856199949979782
2024-05-09,XLK,CAUSAL_XGBOOST,0.15785775394273127,0.20311376452445984
2024-05-10,XLK,CAUSAL_XGBOOST,0.1578013207648465,0.19471608102321625
2024-05-13,XLK,CAUSAL_XGBOOST,0.16754233532791604,0.19565656781196594
2024-05-14,XLK,CAUSAL_XGBOOST,0.17934421165260725,0.19816166162490845
2024-05-15,XLK,CAUSAL_XGBOOST,0.1665784522334347,0.19800740480422974
2024-05-16,XLK,CAUSAL_XGBOOST,0.16473647782259937,0.18943342566490173
2024-05-17,XLK,CAUSAL_XGBOOST,0.1681508704201251,0.21555384993553162
2024-05-20,XLK,CAUSAL_XGBOOST,0.16618821601186357,0.2319825440645218
2024-05-21,XLK,CAUSAL_XGBOOST,0.17459145993118105,0.21528233587741852
2024-05-22,XLK,CAUSAL_XGBOOST,0.17545182918503624,0.21583673357963562
2024-05-23,XLK,CAUSAL_XGBOOST,0.19801161321366456,0.2152421474456787
2024-05-24,XLK,CAUSAL_XGBOOST,0.20501592800256385,0.21680429577827454
2024-05-28,XLK,CAUSAL_XGBOOST,0.20535561941612335,0.2053871601819992
2024-05-29,XLK,CAUSAL_XGBOOST,0.20291429473603223,0.20703230798244476
2024-05-30,XLK,CAUSAL_XGBOOST,0.17928862103591042,0.20846609771251678
2024-05-31,XLK,CAUSAL_XGBOOST,0.17953156489656893,0.187019944190979
2024-06-03,XLK,CAUSAL_XGBOOST,0.1794482946379969,0.19173623621463776
2024-06-04,XLK,CAUSAL_XGBOOST,0.1820940702665558,0.1864256113767624
2024-06-05,XLK,CAUSAL_XGBOOST,0.17049861153093868,0.19311478734016418
2024-06-06,XLK,CAUSAL_XGBOOST,0.16858264131706616,0.19640593230724335
2024-06-07,XLK,CAUSAL_XGBOOST,0.16945891132820345,0.19294577836990356
2024-06-10,XLK,CAUSAL_XGBOOST,0.1730769792394909,0.19199448823928833
2024-06-11,XLK,CAUSAL_XGBOOST,0.19575693376740108,0.1927015334367752
2024-06-12,XLK,CAUSAL_XGBOOST,0.1839049276045375,0.19594857096672058
2024-06-13,XLK,CAUSAL_XGBOOST,0.18258749733399274,0.2033635675907135
2024-06-14,XLK,CAUSAL_XGBOOST,0.18326148493362937,0.1902804672718048
2024-06-17,XLK,CAUSAL_XGBOOST,0.22675670593115377,0.19820374250411987
2024-06-18,XLK,CAUSAL_XGBOOST,0.22661376414290132,0.20261827111244202
2024-06-20,XLK,CAUSAL_XGBOOST,0.2297215446326276,0.19924628734588623
2024-06-21,XLK,CAUSAL_XGBOOST,0.24636527849351772,0.18212608993053436
2024-06-24,XLK,CAUSAL_XGBOOST,0.2295203496454736,0.17100776731967926
2024-06-25,XLK,CAUSAL_XGBOOST,0.2656387838960252,0.176151305437088
2024-06-26,XLK,CAUSAL_XGBOOST,0.2672231004152624,0.18232975900173187
2024-06-27,XLK,CAUSAL_XGBOOST,0.27265908892908575,0.1870516687631607
2024-06-28,XLK,CAUSAL_XGBOOST,0.27268120573136223,0.195253387093544
2024-07-01,XLK,CAUSAL_XGBOOST,0.28161704669785753,0.20716607570648193
2024-07-02,XLK,CAUSAL_XGBOOST,0.3238867748468868,0.20038676261901855
2024-07-03,XLK,CAUSAL_XGBOOST,0.34175771177087483,0.20221006870269775
2024-07-05,XLK,CAUSAL_XGBOOST,0.3503125717345018,0.2130352258682251
2024-07-08,XLK,CAUSAL_XGBOOST,0.3595522452166159,0.22870030999183655
2024-07-09,XLK,CAUSAL_XGBOOST,0.36710977144104306,0.23336070775985718
2024-07-10,XLK,CAUSAL_XGBOOST,0.3586055803537452,0.22193008661270142
2024-07-11,XLK,CAUSAL_XGBOOST,0.3881405520389249,0.2199234515428543
2024-07-12,XLK,CAUSAL_XGBOOST,0.3861773220596223,0.218997523188591
2024-07-15,XLK,CAUSAL_XGBOOST,0.3886148883813529,0.21482503414154053
2024-07-16,XLK,CAUSAL_XGBOOST,0.40952699820285837,0.20708277821540833
2024-07-17,XLK,CAUSAL_XGBOOST,0.3888133195816389,0.24442541599273682
2024-07-18,XLK,CAUSAL_XGBOOST,0.4036530820905716,0.24376028776168823
2024-07-19,XLK,CAUSAL_XGBOOST,0.3997774864953019,0.26084914803504944
2024-07-22,XLK,CAUSAL_XGBOOST,0.3950866447055646,0.22525693476200104
2024-07-23,XLK,CAUSAL_XGBOOST,0.3950306918868071,0.21963286399841309
2024-07-24,XLK,CAUSAL_XGBOOST,0.36268832660410005,0.23727312684059143
2024-07-25,XLK,CAUSAL_XGBOOST,0.3712402698997657,0.236768439412117
2024-07-26,XLK,CAUSAL_XGBOOST,0.3728042509201538,0.22329695522785187
2024-07-29,XLK,CAUSAL_XGBOOST,0.37572474898468,0.22209350764751434
2024-07-30,XLK,CAUSAL_XGBOOST,0.3623419923978395,0.22458022832870483
2024-07-31,XLK,CAUSAL_XGBOOST,0.3365620320030112,0.273914098739624
2024-08-01,XLK,CAUSAL_XGBOOST,0.3074738707099212,0.3026380240917206
2024-08-02,XLK,CAUSAL_XGBOOST,0.28837880278687994,0.35815325379371643
2024-08-05,XLK,CAUSAL_XGBOOST,0.3137283447905797,0.6369666457176208
2024-08-06,XLK,CAUSAL_XGBOOST,0.3117863824670119,0.566949725151062
2024-08-07,XLK,CAUSAL_XGBOOST,0.30444667271146636,0.542172372341156
2024-08-08,XLK,CAUSAL_XGBOOST,0.29380466666094734,0.3784785568714142
2024-08-09,XLK,CAUSAL_XGBOOST,0.2992051307213315,0.3536722958087921
2024-08-12,XLK,CAUSAL_XGBOOST,0.302438247534611,0.3465867042541504
2024-08-13,XLK,CAUSAL_XGBOOST,0.3069033391427574,0.33200111985206604
2024-08-14,XLK,CAUSAL_XGBOOST,0.3076096006388352,0.315598726272583
2024-08-15,XLK,CAUSAL_XGBOOST,0.2908064199004398,0.2985777258872986
2024-08-16,XLK,CAUSAL_XGBOOST,0.2910071199697552,0.2765561640262604
2024-08-19,XLK,CAUSAL_XGBOOST,0.2841992535346821,0.30229294300079346
2024-08-20,XLK,CAUSAL_XGBOOST,0.28548242635969934,0.3088347315788269
2024-08-21,XLK,CAUSAL_XGBOOST,0.30502216596663234,0.3083531856536865
2024-08-22,XLK,CAUSAL_XGBOOST,0.29352693411100345,0.3177124857902527
2024-08-23,XLK,CAUSAL_XGBOOST,0.2876926585923451,0.2941933572292328
2024-08-26,XLK,CAUSAL_XGBOOST,0.28493659471527927,0.3035862147808075
2024-08-27,XLK,CAUSAL_XGBOOST,0.28436021895033103,0.2827804386615753
2024-08-28,XLK,CAUSAL_XGBOOST,0.28242489311917623,0.2978614866733551
2024-08-29,XLK,CAUSAL_XGBOOST,0.28258523388281603,0.2634458839893341
2024-08-30,XLK,CAUSAL_XGBOOST,0.27943191390719835,0.2510209083557129
2024-09-03,XLK,CAUSAL_XGBOOST,0.23605353037126636,0.3061211109161377
2024-09-04,XLK,CAUSAL_XGBOOST,0.23590091942070351,0.3151664435863495
2024-09-05,XLK,CAUSAL_XGBOOST,0.235340156678809,0.3010868728160858
2024-09-06,XLK,CAUSAL_XGBOOST,0.2091639704657299,0.32503214478492737
2024-09-09,XLK,CAUSAL_XGBOOST,0.20890365980111805,0.27870041131973267
2024-09-10,XLK,CAUSAL_XGBOOST,0.21183047715476644,0.26740196347236633
2024-09-11,XLK,CAUSAL_XGBOOST,0.18351920973019378,0.24089059233665466
2024-09-12,XLK,CAUSAL_XGBOOST,0.1827645148844364,0.24910610914230347
2024-09-13,XLK,CAUSAL_XGBOOST,0.182551278611858,0.2424904704093933
2024-09-16,XLK,CAUSAL_XGBOOST,0.18468616562230064,0.2621438205242157
2024-09-17,XLK,CAUSAL_XGBOOST,0.20511846561489822,0.22596250474452972
2024-09-18,XLK,CAUSAL_XGBOOST,0.20066477462144727,0.2382514327764511
2024-09-19,XLK,CAUSAL_XGBOOST,0.1747527996073698,0.22590304911136627
2024-09-20,XLK,CAUSAL_XGBOOST,0.1732135392511658,0.20826783776283264
2024-09-23,XLK,CAUSAL_XGBOOST,0.17328095155074055,0.17463664710521698
2024-09-24,XLK,CAUSAL_XGBOOST,0.17273371991330677,0.1754777878522873
2024-09-25,XLK,CAUSAL_XGBOOST,0.18196628669711426,0.16603854298591614
2024-09-26,XLK,CAUSAL_XGBOOST,0.17638213459188148,0.18188410997390747
2024-09-27,XLK,CAUSAL_XGBOOST,0.17320985748418735,0.1991259753704071
2024-09-30,XLK,CAUSAL_XGBOOST,0.17314725815788498,0.21750184893608093
2024-10-01,XLK,CAUSAL_XGBOOST,0.14945958198550746,0.22327670454978943
2024-10-02,XLK,CAUSAL_XGBOOST,0.16263265864040544,0.21312300860881805
2024-10-03,XLK,CAUSAL_XGBOOST,0.2027565161808863,0.23934264481067657
2024-10-04,XLK,CAUSAL_XGBOOST,0.20051882827423917,0.2401658445596695
2024-10-07,XLK,CAUSAL_XGBOOST,0.1990184771588586,0.24289751052856445
2024-10-08,XLK,CAUSAL_XGBOOST,0.1940178660533972,0.27647170424461365
2024-10-09,XLK,CAUSAL_XGBOOST,0.21532749515052044,0.25688692927360535
2024-10-10,XLK,CAUSAL_XGBOOST,0.2232422835076777,0.26132839918136597
2024-10-11,XLK,CAUSAL_XGBOOST,0.22342856396641944,0.26610127091407776
2024-10-15,XLK,CAUSAL_XGBOOST,0.2034017728210674,0.24814920127391815
2024-10-16,XLK,CAUSAL_XGBOOST,0.20410058844335474,0.2232220470905304
2024-10-17,XLK,CAUSAL_XGBOOST,0.20464332872228,0.22494326531887054
2024-10-18,XLK,CAUSAL_XGBOOST,0.22420413170342265,0.22855834662914276
2024-10-21,XLK,CAUSAL_XGBOOST,0.22382471563304185,0.25763362646102905
2024-10-22,XLK,CAUSAL_XGBOOST,0.22593060670599383,0.2691005766391754
2024-10-23,XLK,CAUSAL_XGBOOST,0.2195533716860233,0.20049205422401428
2024-10-24,XLK,CAUSAL_XGBOOST,0.22203803646243403,0.19489169120788574
2024-10-25,XLK,CAUSAL_XGBOOST,0.2214750098557283,0.18239042162895203
2024-10-28,XLK,CAUSAL_XGBOOST,0.2214610353936619,0.17468464374542236
2024-10-29,XLK,CAUSAL_XGBOOST,0.21706724359002522,0.17404134571552277
2024-10-30,XLK,CAUSAL_XGBOOST,0.2148355868241238,0.1680745929479599
2024-10-31,XLK,CAUSAL_XGBOOST,0.17757739068604025,0.18577302992343903
2024-11-01,XLK,CAUSAL_XGBOOST,0.17844213942938958,0.17929674685001373
2024-11-04,XLK,CAUSAL_XGBOOST,0.17801772802919266,0.19664840400218964
2024-11-05,XLK,CAUSAL_XGBOOST,0.18201629796921884,0.18598756194114685
2024-11-06,XLK,CAUSAL_XGBOOST,0.15800351346057856,0.17743541300296783
2024-11-07,XLK,CAUSAL_XGBOOST,0.14687495644896864,0.16804252564907074
2024-11-08,XLK,CAUSAL_XGBOOST,0.1490210352669321,0.16661123931407928
2024-11-12,XLK,CAUSAL_XGBOOST,0.16445487312648624,0.17035551369190216
2024-11-13,XLK,CAUSAL_XGBOOST,0.1653428148019244,0.1739240139722824
2024-11-14,XLK,CAUSAL_XGBOOST,0.1651411853747068,0.16914254426956177
2024-11-15,XLK,CAUSAL_XGBOOST,0.13603391325882178,0.18115493655204773
2024-11-18,XLK,CAUSAL_XGBOOST,0.139518044340481,0.17353478074073792
2024-11-19,XLK,CAUSAL_XGBOOST,0.1848307143618201,0.18529166281223297
2024-11-20,XLK,CAUSAL_XGBOOST,0.1848113160848748,0.18270163238048553
2024-11-21,XLK,CAUSAL_XGBOOST,0.18883286395718987,0.18584369122982025
2024-11-22,XLK,CAUSAL_XGBOOST,0.1921471249932224,0.18090863525867462
2024-11-25,XLK,CAUSAL_XGBOOST,0.19485774037430204,0.17298245429992676
2024-11-26,XLK,CAUSAL_XGBOOST,0.19444657468650145,0.18296164274215698
2024-11-27,XLK,CAUSAL_XGBOOST,0.1941892340145744,0.1837218552827835
2024-11-29,XLK,CAUSAL_XGBOOST,0.19801885458900775,0.1809033304452896
2024-12-02,XLK,CAUSAL_XGBOOST,0.1971150192658412,0.188007190823555
2024-12-03,XLK,CAUSAL_XGBOOST,0.19654700765783165,0.1925421953201294
2024-12-04,XLK,CAUSAL_XGBOOST,0.19413768883628532,0.19656088948249817
2024-12-05,XLK,CAUSAL_XGBOOST,0.19938034893949882,0.19618728756904602
2024-12-06,XLK,CAUSAL_XGBOOST,0.21098023381519906,0.2121986746788025
2024-12-09,XLK,CAUSAL_XGBOOST,0.21011000734151392,0.224157452583313
2024-12-10,XLK,CAUSAL_XGBOOST,0.21848130487336462,0.22771179676055908
2024-12-11,XLK,CAUSAL_XGBOOST,0.2109919214466846,0.24177266657352448
2024-12-12,XLK,CAUSAL_XGBOOST,0.2114280436964645,0.23615452647209167
2024-12-13,XLK,CAUSAL_XGBOOST,0.2243083592501652,0.23090708255767822
2024-12-16,XLK,CAUSAL_XGBOOST,0.2212543213230051,0.22443805634975433
2024-12-17,XLK,CAUSAL_XGBOOST,0.2294359556342988,0.23193655908107758
2024-12-18,XLK,CAUSAL_XGBOOST,0.19859284295292187,0.29136279225349426
2024-12-19,XLK,CAUSAL_XGBOOST,0.2126744090815702,0.27010151743888855
2024-12-20,XLK,CAUSAL_XGBOOST,0.2071869847902291,0.23047702014446259
2024-12-23,XLK,CAUSAL_XGBOOST,0.2081949958429284,0.2257840931415558
2024-12-24,XLK,CAUSAL_XGBOOST,0.2709803546645421,0.20125988125801086
2024-12-26,XLK,CAUSAL_XGBOOST,0.2899363751909057,0.19550251960754395
2024-12-27,XLK,CAUSAL_XGBOOST,0.2876788715228637,0.21186284720897675
2024-12-30,XLK,CAUSAL_XGBOOST,0.2845458296772738,0.23604588210582733
2024-12-31,XLK,CAUSAL_XGBOOST,0.2837734716652637,0.22737228870391846
2025-01-02,XLK,CAUSAL_XGBOOST,0.2875778744614524,0.228628471493721
2025-01-03,XLK,CAUSAL_XGBOOST,0.28618264069888544,0.20374855399131775
2025-01-06,XLK,CAUSAL_XGBOOST,0.2869437198164755,0.2026364803314209
2025-01-07,XLK,CAUSAL_XGBOOST,0.27789429331036347,0.21525755524635315
2025-01-08,XLK,CAUSAL_XGBOOST,0.27964123996690765,0.22230251133441925
2025-01-10,XLK,CAUSAL_XGBOOST,0.27179854430537864,0.225487619638443
2025-01-13,XLK,CAUSAL_XGBOOST,0.2699039863319875,0.21971246600151062
2025-01-14,XLK,CAUSAL_XGBOOST,0.2702856716397319,0.21088053286075592
2025-01-15,XLK,CAUSAL_XGBOOST,0.26603046516911383,0.1973327398300171
2025-01-16,XLK,CAUSAL_XGBOOST,0.2638531132468542,0.20961596071720123
2025-01-17,XLK,CAUSAL_XGBOOST,0.2604365058185233,0.21612825989723206
2025-01-21,XLK,CAUSAL_XGBOOST,0.2593032878382711,0.21219177544116974
2025-01-22,XLK,CAUSAL_XGBOOST,0.24737619259645152,0.19607220590114594
2025-01-23,XLK,CAUSAL_XGBOOST,0.2656943742798531,0.20109137892723083
2025-01-24,XLK,CAUSAL_XGBOOST,0.2678232607696681,0.1954154670238495
2025-01-27,XLK,CAUSAL_XGBOOST,0.2029707711241893,0.2612065076828003
2025-01-28,XLK,CAUSAL_XGBOOST,0.18300348404747047,0.26855766773223877
2025-01-29,XLK,CAUSAL_XGBOOST,0.22328772986767395,0.27391839027404785
2025-01-30,XLK,CAUSAL_XGBOOST,0.2293759146840158,0.26488134264945984
2025-01-31,XLK,CAUSAL_XGBOOST,0.25185906872144465,0.2664550244808197
2025-02-03,XLK,CAUSAL_XGBOOST,0.2486124905668286,0.2685390114784241
2025-02-04,XLK,CAUSAL_XGBOOST,0.24831033549077958,0.24536845088005066
2025-02-05,XLK,CAUSAL_XGBOOST,0.2572150787919628,0.20876336097717285
2025-02-06,XLK,CAUSAL_XGBOOST,0.2645828769704918,0.20689541101455688
2025-02-07,XLK,CAUSAL_XGBOOST,0.2998729662082451,0.22759680449962616
2025-02-10,XLK,CAUSAL_XGBOOST,0.29068624544249033,0.19590288400650024
2025-02-11,XLK,CAUSAL_XGBOOST,0.3001597866383355,0.19129231572151184
2025-02-12,XLK,CAUSAL_XGBOOST,0.30369774519022713,0.19316184520721436
2025-02-13,XLK,CAUSAL_XGBOOST,0.3222902349952679,0.18831531703472137
2025-02-14,XLK,CAUSAL_XGBOOST,0.3238454990143377,0.1946517825126648
2025-02-18,XLK,CAUSAL_XGBOOST,0.32095570461585593,0.20211675763130188
2025-02-19,XLK,CAUSAL_XGBOOST,0.32767786556316103,0.19806548953056335
2025-02-20,XLK,CAUSAL_XGBOOST,0.3275323722211003,0.20295144617557526
2025-02-21,XLK,CAUSAL_XGBOOST,0.31891528324368,0.21906258165836334
2025-02-24,XLK,CAUSAL_XGBOOST,0.327099901840352,0.2161332368850708
2025-02-25,XLK,CAUSAL_XGBOOST,0.32558846628276306,0.2332954704761505
2025-02-26,XLK,CAUSAL_XGBOOST,0.32942655248864966,0.2175406664609909
2025-02-27,XLK,CAUSAL_XGBOOST,0.3061892506167978,0.22116515040397644
2025-02-28,XLK,CAUSAL_XGBOOST,0.30993385433536025,0.22604013979434967
2025-03-03,XLK,CAUSAL_XGBOOST,0.2938938530901598,0.2616029679775238
2025-03-04,XLK,CAUSAL_XGBOOST,0.29600907714353614,0.25397244095802307
2025-03-05,XLK,CAUSAL_XGBOOST,0.29209214855113164,0.25893285870552063
2025-03-06,XLK,CAUSAL_XGBOOST,0.3699046390877445,0.30512744188308716
2025-03-07,XLK,CAUSAL_XGBOOST,0.4249417315243077,0.2796439826488495
2025-03-10,XLK,CAUSAL_XGBOOST,0.4076031282990205,0.3040206730365753
2025-03-11,XLK,CAUSAL_XGBOOST,0.4104896805012934,0.3056013882160187
2025-03-12,XLK,CAUSAL_XGBOOST,0.623769951932061,0.29700198769569397
2025-03-13,XLK,CAUSAL_XGBOOST,0.64222869426309,0.30136460065841675
2025-03-14,XLK,CAUSAL_XGBOOST,0.6366006723590252,0.2922961413860321
2025-03-17,XLK,CAUSAL_XGBOOST,0.6371208875363282,0.26669931411743164
2025-03-18,XLK,CAUSAL_XGBOOST,0.6360382350151029,0.26797211170196533
2025-03-19,XLK,CAUSAL_XGBOOST,0.6434191524122194,0.26988595724105835
2025-03-20,XLK,CAUSAL_XGBOOST,0.6433740147788916,0.26357534527778625
2025-03-21,XLK,CAUSAL_XGBOOST,0.6469556863236505,0.26844850182533264
2025-03-24,XLK,CAUSAL_XGBOOST,0.6499718151684777,0.2586337924003601
2025-03-25,XLK,CAUSAL_XGBOOST,0.6609459988300797,0.23779799044132233
2025-03-26,XLK,CAUSAL_XGBOOST,0.673234694536318,0.2446575164794922
2025-03-27,XLK,CAUSAL_XGBOOST,0.6751354456601647,0.2045121043920517
2025-03-28,XLK,CAUSAL_XGBOOST,0.6692825804610718,0.23759707808494568
2025-03-31,XLK,CAUSAL_XGBOOST,0.6694510145952446,0.21072696149349213
2025-04-01,XLK,CAUSAL_XGBOOST,0.6691300545328007,0.21246588230133057
2025-04-02,XLK,CAUSAL_XGBOOST,0.6705977206994674,0.19166558980941772
2025-04-03,XLK,CAUSAL_XGBOOST,0.6165157180717699,0.32793158292770386
2025-04-04,XLK,CAUSAL_XGBOOST,0.5546252684113007,0.5193145871162415
2025-04-07,XLK,CAUSAL_XGBOOST,0.5577530002162439,0.4562465250492096
2025-04-08,XLK,CAUSAL_XGBOOST,0.5477449433222153,0.42304831743240356
2025-04-09,XLK,CAUSAL_XGBOOST,0.3316548465870125,0.6453734040260315
2025-04-10,XLK,CAUSAL_XGBOOST,0.27267786958251927,0.9047434329986572
2025-04-11,XLK,CAUSAL_XGBOOST,0.3033637209148643,0.7546302080154419
2025-04-14,XLK,CAUSAL_XGBOOST,0.30764587790028747,0.7515422105789185
2025-04-15,XLK,CAUSAL_XGBOOST,0.307337087241877,0.750429093837738
2025-04-16,XLK,CAUSAL_XGBOOST,0.2637056605721554,0.7593750357627869
2025-04-17,XLK,CAUSAL_XGBOOST,0.25946416999829575,0.7546957731246948
2025-04-21,XLK,CAUSAL_XGBOOST,0.22672686379648235,0.5002939105033875
2025-04-22,XLK,CAUSAL_XGBOOST,0.22710806513924534,0.35062605142593384
2025-04-23,XLK,CAUSAL_XGBOOST,0.23717297678614052,0.48958954215049744
2025-04-24,XLK,CAUSAL_XGBOOST,0.21127926173225844,0.38157323002815247
2025-04-25,XLK,CAUSAL_XGBOOST,0.21617847343330235,0.39086484909057617
2025-04-28,XLK,CAUSAL_XGBOOST,0.22535845005607352,0.3811762034893036
2025-04-29,XLK,CAUSAL_XGBOOST,0.22793041881348838,0.3926284611225128
2025-04-30,XLK,CAUSAL_XGBOOST,0.22822476716156312,0.38732314109802246
2025-05-01,XLK,CAUSAL_XGBOOST,0.2269293486351736,0.2531941831111908
2025-05-02,XLK,CAUSAL_XGBOOST,0.22286964428326386,0.2533588409423828
2025-05-05,XLK,CAUSAL_XGBOOST,0.22365431848475623,0.2720802128314972
2025-05-06,XLK,CAUSAL_XGBOOST,0.21875153946001694,0.3957788944244385
2025-05-07,XLK,CAUSAL_XGBOOST,0.2197218330170656,0.26750442385673523
2025-05-08,XLK,CAUSAL_XGBOOST,0.2196917621082157,0.39555007219314575
2025-05-09,XLK,CAUSAL_XGBOOST,0.2186447954836854,0.41268104314804077
2025-05-12,XLK,CAUSAL_XGBOOST,0.1579050852638747,0.35133683681488037
2025-05-13,XLK,CAUSAL_XGBOOST,0.1425730086534463,0.34935855865478516
2025-05-14,XLK,CAUSAL_XGBOOST,0.14414686075949368,0.34814342856407166
2025-05-15,XLK,CAUSAL_XGBOOST,0.15480484795397403,0.35217615962028503
2025-05-16,XLK,CAUSAL_XGBOOST,0.16378974901562707,0.35151591897010803
2025-05-19,XLK,CAUSAL_XGBOOST,0.1664416066468868,0.3483220040798187
2025-05-20,XLK,CAUSAL_XGBOOST,0.16532098409965865,0.25585752725601196
2025-05-21,XLK,CAUSAL_XGBOOST,0.14845095234951322,0.25208595395088196
2025-05-22,XLK,CAUSAL_XGBOOST,0.1515120574038486,0.24939480423927307
2025-05-23,XLK,CAUSAL_XGBOOST,0.15069172161056066,0.2453310638666153
2025-05-27,XLK,CAUSAL_XGBOOST,0.133970748011099,0.2548520565032959
2025-05-28,XLK,CAUSAL_XGBOOST,0.13115388877219894,0.2627331614494324
2025-05-29,XLK,CAUSAL_XGBOOST,0.13227933506696415,0.2635752558708191
2025-05-30,XLK,CAUSAL_XGBOOST,0.13091667682612645,0.27259203791618347
2025-06-02,XLK,CAUSAL_XGBOOST,0.13850027607639956,0.2665635049343109
2025-06-03,XLK,CAUSAL_XGBOOST,0.13464204579932304,0.25684472918510437
2025-06-04,XLK,CAUSAL_XGBOOST,0.1384777342003917,0.24504758417606354
2025-06-05,XLK,CAUSAL_XGBOOST,0.1430479737671873,0.2563236355781555
2025-06-06,XLK,CAUSAL_XGBOOST,0.14170466251653965,0.24036942422389984
2025-06-09,XLK,CAUSAL_XGBOOST,0.14187939377712733,0.23387503623962402
2025-06-10,XLK,CAUSAL_XGBOOST,0.14386096950666602,0.2309430092573166
2025-06-11,XLK,CAUSAL_XGBOOST,0.14518984120073478,0.25667664408683777
2025-06-12,XLK,CAUSAL_XGBOOST,0.14403771321108533,0.26128870248794556
2025-06-13,XLK,CAUSAL_XGBOOST,0.13093100733251936,0.24255438148975372
2025-06-16,XLK,CAUSAL_XGBOOST,0.12274445716918132,0.23416221141815186
2025-06-17,XLK,CAUSAL_XGBOOST,0.11804861933997568,0.24407747387886047
2025-06-18,XLK,CAUSAL_XGBOOST,0.11881465955881484,0.2315797507762909
2025-06-20,XLK,CAUSAL_XGBOOST,0.11514815274869146,0.2309316098690033
2025-06-23,XLK,CAUSAL_XGBOOST,0.12134792574318003,0.23616716265678406
2025-06-24,XLK,CAUSAL_XGBOOST,0.10899442491830377,0.2234717756509781
2025-06-25,XLK,CAUSAL_XGBOOST,0.10694734605730775,0.18897846341133118
2025-06-26,XLK,CAUSAL_XGBOOST,0.10560929327193173,0.1909058690071106
2025-06-27,XLK,CAUSAL_XGBOOST,0.10677141439620072,0.19315285980701447
2025-06-30,XLK,CAUSAL_XGBOOST,0.10363646919074955,0.20001952350139618
2025-07-01,XLK,CAUSAL_XGBOOST,0.09504707995404785,0.19892257452011108
2025-07-02,XLK,CAUSAL_XGBOOST,0.09662752210287232,0.19743545353412628
2025-07-03,XLK,CAUSAL_XGBOOST,0.11919249694682812,0.20134204626083374
2025-07-07,XLK,CAUSAL_XGBOOST,0.13485313797809648,0.19885341823101044
2025-07-08,XLK,CAUSAL_XGBOOST,0.1382480188577929,0.19022193551063538
2025-07-09,XLK,CAUSAL_XGBOOST,0.1420565195353961,0.19433890283107758
2025-07-10,XLK,CAUSAL_XGBOOST,0.14114766297707537,0.17455609142780304
2025-07-11,XLK,CAUSAL_XGBOOST,0.1427491218434356,0.19975782930850983
2025-07-14,XLK,CAUSAL_XGBOOST,0.14581596541586753,0.2246933877468109
2025-07-15,XLK,CAUSAL_XGBOOST,0.1518121868719499,0.2186918407678604
2025-07-16,XLK,CAUSAL_XGBOOST,0.1518490744163312,0.22869837284088135
2025-07-17,XLK,CAUSAL_XGBOOST,0.149980126184231,0.2262464463710785
2025-07-18,XLK,CAUSAL_XGBOOST,0.15315843269943774,0.22521047294139862
2025-07-21,XLK,CAUSAL_XGBOOST,0.15321579280694309,0.22674988210201263
2025-07-22,XLK,CAUSAL_XGBOOST,0.16311864465172055,0.23095707595348358
2025-07-23,XLK,CAUSAL_XGBOOST,0.1638995949970942,0.2295781970024109
2025-07-24,XLK,CAUSAL_XGBOOST,0.16353295222886607,0.24129566550254822
2025-07-25,XLK,CAUSAL_XGBOOST,0.17069504102394434,0.23727594316005707
2025-07-28,XLK,CAUSAL_XGBOOST,0.16828504138232478,0.23212753236293793
2025-07-29,XLK,CAUSAL_XGBOOST,0.16921880976224962,0.21522514522075653
2025-07-30,XLK,CAUSAL_XGBOOST,0.17018711248345839,0.20903024077415466
2025-07-31,XLK,CAUSAL_XGBOOST,0.17009271741745263,0.2218816578388214
2025-08-01,XLK,CAUSAL_XGBOOST,0.16013322781404538,0.2466859370470047
2025-08-04,XLK,CAUSAL_XGBOOST,0.14789547143539006,0.2643466591835022
2025-08-05,XLK,CAUSAL_XGBOOST,0.14653516918332163,0.2638082802295685
2025-08-06,XLK,CAUSAL_XGBOOST,0.14192668477321574,0.263428270816803
2025-08-07,XLK,CAUSAL_XGBOOST,0.1419200098586677,0.2081642895936966
2025-08-08,XLK,CAUSAL_XGBOOST,0.13986054603589476,0.2054058462381363
2025-08-11,XLK,CAUSAL_XGBOOST,0.13782352961704245,0.19072087109088898
2025-08-12,XLK,CAUSAL_XGBOOST,0.14185816298926862,0.18711721897125244
2025-08-13,XLK,CAUSAL_XGBOOST,0.1422581386921318,0.19186516106128693
2025-08-14,XLK,CAUSAL_XGBOOST,0.141983618723539,0.19152985513210297
2025-08-15,XLK,CAUSAL_XGBOOST,0.1414853606590154,0.1895543783903122
2025-08-18,XLK,CAUSAL_XGBOOST,0.1425059943042486,0.18260681629180908
2025-08-19,XLK,CAUSAL_XGBOOST,0.1256638752257409,0.17283524572849274
2025-08-20,XLK,CAUSAL_XGBOOST,0.13238350410033314,0.17033818364143372
2025-08-21,XLK,CAUSAL_XGBOOST,0.1321818939746904,0.19591335952281952
2025-08-22,XLK,CAUSAL_XGBOOST,0.13335119599971296,0.1843183934688568
2025-08-25,XLK,CAUSAL_XGBOOST,0.13902645158776866,0.19209633767604828
2025-08-26,XLK,CAUSAL_XGBOOST,0.1430748734865029,0.18472543358802795
2025-08-27,XLK,CAUSAL_XGBOOST,0.1436893560025796,0.19007940590381622
2025-08-28,XLK,CAUSAL_XGBOOST,0.14233705201983823,0.18762966990470886
2025-08-29,XLK,CAUSAL_XGBOOST,0.12608973430011255,0.19174054265022278
2025-09-02,XLK,CAUSAL_XGBOOST,0.11564993744970489,0.21662594377994537
2025-09-03,XLK,CAUSAL_XGBOOST,0.11721203783183787,0.19012297689914703
2025-09-04,XLK,CAUSAL_XGBOOST,0.11725583017801827,0.2000630646944046
2025-09-05,XLK,CAUSAL_XGBOOST,0.12138115517330013,0.18148978054523468
2025-09-08,XLK,CAUSAL_XGBOOST,0.12269181384410642,0.1793927401304245
2025-09-09,XLK,CAUSAL_XGBOOST,0.12848312430122252,0.17356346547603607
2025-09-10,XLK,CAUSAL_XGBOOST,0.12764593928796011,0.17390654981136322
2025-09-11,XLK,CAUSAL_XGBOOST,0.12908815094265308,0.1699446737766266
2025-09-12,XLK,CAUSAL_XGBOOST,0.20545907619992398,0.16576722264289856
2025-09-15,XLK,CAUSAL_XGBOOST,0.21932164340255073,0.15225982666015625
2025-09-16,XLK,CAUSAL_XGBOOST,0.22503884016700773,0.16214482486248016
2025-09-17,XLK,CAUSAL_XGBOOST,0.22594355857112308,0.1476822793483734
2025-09-18,XLK,CAUSAL_XGBOOST,0.2191396533884093,0.15152668952941895
2025-09-19,XLK,CAUSAL_XGBOOST,0.2168222497216113,0.15540456771850586
2025-09-22,XLK,CAUSAL_XGBOOST,0.2142763605572644,0.17358987033367157
2025-09-23,XLK,CAUSAL_XGBOOST,0.21125548384138512,0.17824430763721466
2025-09-24,XLK,CAUSAL_XGBOOST,0.21345102244619657,0.18155935406684875
2025-09-25,XLK,CAUSAL_XGBOOST,0.2167875833452379,0.18677955865859985
2025-09-26,XLK,CAUSAL_XGBOOST,0.22199466174447396,0.17631706595420837
2025-09-29,XLK,CAUSAL_XGBOOST,0.22879307318984488,0.18156789243221283
2025-09-30,XLK,CAUSAL_XGBOOST,0.22989251907186473,0.17948560416698456
2025-10-01,XLK,CAUSAL_XGBOOST,0.22913505793373817,0.18770848214626312
2025-10-02,XLK,CAUSAL_XGBOOST,0.23558543417113922,0.23050998151302338
2025-10-03,XLK,CAUSAL_XGBOOST,0.2340181664980568,0.23314400017261505
2025-10-06,XLK,CAUSAL_XGBOOST,0.2324888981883689,0.24022869765758514
2025-10-07,XLK,CAUSAL_XGBOOST,0.2529304704788027,0.23265448212623596
2025-10-08,XLK,CAUSAL_XGBOOST,0.24608225144778623,0.24944265186786652
2025-10-09,XLK,CAUSAL_XGBOOST,0.25714895474619887,0.2384166717529297
2025-10-10,XLK,CAUSAL_XGBOOST,0.20642119252241972,0.2465042620897293
2025-10-14,XLK,CAUSAL_XGBOOST,0.20463339362188365,0.2618459463119507
2025-10-15,XLK,CAUSAL_XGBOOST,0.2025861380862069,0.29306158423423767
2025-10-16,XLK,CAUSAL_XGBOOST,0.22403714803519156,0.3177303969860077
2025-10-17,XLK,CAUSAL_XGBOOST,0.2247180136928731,0.23919790983200073
2025-10-20,XLK,CAUSAL_XGBOOST,0.2282052193779597,0.23099814355373383
2025-10-21,XLK,CAUSAL_XGBOOST,0.2347105178129929,0.23708583414554596
2025-10-22,XLK,CAUSAL_XGBOOST,0.2344407699529342,0.24406641721725464
2025-10-23,XLK,CAUSAL_XGBOOST,0.25322461320553197,0.2291313111782074
2025-10-24,XLK,CAUSAL_XGBOOST,0.24526381539994094,0.2156534492969513
2025-10-27,XLK,CAUSAL_XGBOOST,0.25209973353373266,0.2409776896238327
2025-10-28,XLK,CAUSAL_XGBOOST,0.24838216976130986,0.2517077624797821
2025-10-29,XLK,CAUSAL_XGBOOST,0.2515705481211885,0.2535496950149536
2025-10-30,XLK,CAUSAL_XGBOOST,0.2527085518838855,0.2557779550552368
2025-10-31,XLK,CAUSAL_XGBOOST,0.2526244118203502,0.2739412784576416
2025-11-03,XLK,CAUSAL_XGBOOST,0.25566681420262427,0.3002992272377014
2025-11-04,XLK,CAUSAL_XGBOOST,0.23881711882807918,0.31629329919815063
2025-11-05,XLK,CAUSAL_XGBOOST,0.23877037348211513,0.3191661834716797
2025-11-06,XLK,CAUSAL_XGBOOST,0.228577651503874,0.3404836058616638
2025-11-07,XLK,CAUSAL_XGBOOST,0.2290709071989868,0.34545639157295227
2025-11-10,XLK,CAUSAL_XGBOOST,0.21094451407457246,0.21587051451206207
2025-11-12,XLK,CAUSAL_XGBOOST,0.20980958228019403,0.2057475596666336
2025-11-13,XLK,CAUSAL_XGBOOST,0.2168244010715254,0.22791439294815063
2025-11-14,XLK,CAUSAL_XGBOOST,0.21858256229999706,0.23208178579807281
2025-11-17,XLK,CAUSAL_XGBOOST,0.21120091446229655,0.294751912355423
2025-11-18,XLK,CAUSAL_XGBOOST,0.21856040001952817,0.3069113492965698
2025-11-19,XLK,CAUSAL_XGBOOST,0.22405986318577759,0.28964290022850037
2025-11-20,XLK,CAUSAL_XGBOOST,0.20091533272111736,0.32807543873786926
2025-11-21,XLK,CAUSAL_XGBOOST,0.20107075414196768,0.27348095178604126
2025-11-24,XLK,CAUSAL_XGBOOST,0.18639846039374008,0.2641744613647461
2025-11-25,XLK,CAUSAL_XGBOOST,0.18639172753653388,0.24750950932502747
2025-11-26,XLK,CAUSAL_XGBOOST,0.1829274472898089,0.2372165322303772
2025-11-28,XLK,CAUSAL_XGBOOST,0.18229517918525132,0.22287029027938843
2025-12-01,XLK,CAUSAL_XGBOOST,0.18289679442921336,0.23254668712615967
2025-12-02,XLK,CAUSAL_XGBOOST,0.18318480622028546,0.21908771991729736
2025-12-03,XLK,CAUSAL_XGBOOST,0.1831680341716431,0.21462850272655487
2025-12-04,XLK,CAUSAL_XGBOOST,0.1828230703462377,0.20825275778770447
2025-12-05,XLK,CAUSAL_XGBOOST,0.18790734064163475,0.20451153814792633
2025-12-08,XLK,CAUSAL_XGBOOST,0.1861359981602008,0.22041434049606323
2025-12-09,XLK,CAUSAL_XGBOOST,0.19358543364581307,0.21700428426265717
2025-12-10,XLK,CAUSAL_XGBOOST,0.19922522661635889,0.20207923650741577
2025-12-11,XLK,CAUSAL_XGBOOST,0.19934216027292834,0.19160351157188416
2025-12-12,XLK,CAUSAL_XGBOOST,0.16766894045714378,0.19533973932266235
2025-12-15,XLK,CAUSAL_XGBOOST,0.17002055810121733,0.19140084087848663
2025-12-16,XLK,CAUSAL_XGBOOST,0.1706940871354458,0.186435267329216
2025-12-17,XLK,CAUSAL_XGBOOST,0.14628521027551092,0.20189179480075836
2025-12-18,XLK,CAUSAL_XGBOOST,0.16974981749053386,0.17870277166366577
2025-12-19,XLK,CAUSAL_XGBOOST,0.15896218949661703,0.18092483282089233
2025-12-22,XLK,CAUSAL_XGBOOST,0.16006786026224865,0.17120905220508575
2025-12-23,XLK,CAUSAL_XGBOOST,0.15886520984744212,0.17449335753917694
2025-12-24,XLK,CAUSAL_XGBOOST,0.16061459512897935,0.1644197255373001
2025-12-26,XLK,CAUSAL_XGBOOST,0.1675565008893194,0.1665796935558319
2025-12-29,XLK,CAUSAL_XGBOOST,0.16842642125256294,0.15553167462348938
2025-12-30,XLK,CAUSAL_XGBOOST,0.17855870991954967,0.15992958843708038
2025-12-31,XLK,CAUSAL_XGBOOST,0.19038483834560352,0.18384136259555817
2023-12-28,XLF,CAUSAL_XGBOOST,0.08857378661605246,0.16172191500663757
2023-12-29,XLF,CAUSAL_XGBOOST,0.09527604863804154,0.16455115377902985
2024-01-02,XLF,CAUSAL_XGBOOST,0.10771831314921082,0.1326349675655365
2024-01-03,XLF,CAUSAL_XGBOOST,0.10128419695479304,0.13683609664440155
2024-01-04,XLF,CAUSAL_XGBOOST,0.10131787245055451,0.12920525670051575
2024-01-05,XLF,CAUSAL_XGBOOST,0.10445862344742303,0.135850191116333
2024-01-08,XLF,CAUSAL_XGBOOST,0.10281755456521206,0.13833853602409363
2024-01-09,XLF,CAUSAL_XGBOOST,0.1012299870348869,0.13216613233089447
2024-01-10,XLF,CAUSAL_XGBOOST,0.10318422028456473,0.12757942080497742
2024-01-11,XLF,CAUSAL_XGBOOST,0.10138989638038517,0.12799812853336334
2024-01-12,XLF,CAUSAL_XGBOOST,0.10085561926680839,0.12342028319835663
2024-01-16,XLF,CAUSAL_XGBOOST,0.11106396743328377,0.13365043699741364
2024-01-17,XLF,CAUSAL_XGBOOST,0.11335630703783307,0.12515822052955627
2024-01-18,XLF,CAUSAL_XGBOOST,0.12453637008061211,0.12448036670684814
2024-01-19,XLF,CAUSAL_XGBOOST,0.11698679831235599,0.11727531999349594
2024-01-22,XLF,CAUSAL_XGBOOST,0.11785835333283891,0.11555598676204681
2024-01-23,XLF,CAUSAL_XGBOOST,0.11793212089534308,0.13005994260311127
2024-01-24,XLF,CAUSAL_XGBOOST,0.12267561876417249,0.13245783746242523
2024-01-25,XLF,CAUSAL_XGBOOST,0.12268413588365465,0.13435988128185272
2024-01-26,XLF,CAUSAL_XGBOOST,0.12519761312199645,0.1315460205078125
2024-01-29,XLF,CAUSAL_XGBOOST,0.12521105837731444,0.1355515569448471
2024-01-30,XLF,CAUSAL_XGBOOST,0.11895077466199129,0.13105972111225128
2024-01-31,XLF,CAUSAL_XGBOOST,0.10774912247917913,0.1759333312511444
2024-02-01,XLF,CAUSAL_XGBOOST,0.10835630108021815,0.11918581277132034
2024-02-02,XLF,CAUSAL_XGBOOST,0.10806007796602475,0.12019988894462585
2024-02-05,XLF,CAUSAL_XGBOOST,0.10439102286679049,0.12019169330596924
2024-02-06,XLF,CAUSAL_XGBOOST,0.1049687651282574,0.11817817389965057
2024-02-07,XLF,CAUSAL_XGBOOST,0.10387776802558585,0.12757104635238647
2024-02-08,XLF,CAUSAL_XGBOOST,0.10172850743904785,0.13988085091114044
2024-02-09,XLF,CAUSAL_XGBOOST,0.10169643342355314,0.14732353389263153
2024-02-12,XLF,CAUSAL_XGBOOST,0.10156440553419839,0.15295596420764923
2024-02-13,XLF,CAUSAL_XGBOOST,0.08471990355966902,0.11834713071584702
2024-02-14,XLF,CAUSAL_XGBOOST,0.08972498291905726,0.12348729372024536
2024-02-15,XLF,CAUSAL_XGBOOST,0.07107951407055092,0.12403011322021484
2024-02-16,XLF,CAUSAL_XGBOOST,0.07038301552866995,0.12536774575710297
2024-02-20,XLF,CAUSAL_XGBOOST,0.06911726493982524,0.1317444145679474
2024-02-21,XLF,CAUSAL_XGBOOST,0.07729695659645229,0.1325392723083496
2024-02-22,XLF,CAUSAL_XGBOOST,0.07288155317375718,0.16404736042022705
2024-02-23,XLF,CAUSAL_XGBOOST,0.08721636300530428,0.12032297998666763
2024-02-26,XLF,CAUSAL_XGBOOST,0.08620085185730673,0.12525704503059387
2024-02-27,XLF,CAUSAL_XGBOOST,0.08634362356121197,0.12718336284160614
2024-02-28,XLF,CAUSAL_XGBOOST,0.09334597813040474,0.12472107261419296
2024-02-29,XLF,CAUSAL_XGBOOST,0.0935938034996215,0.12885330617427826
2024-03-01,XLF,CAUSAL_XGBOOST,0.0968959549389216,0.12899088859558105
2024-03-04,XLF,CAUSAL_XGBOOST,0.10036893645756075,0.1449413001537323
2024-03-05,XLF,CAUSAL_XGBOOST,0.10054627739221539,0.1776682287454605
2024-03-06,XLF,CAUSAL_XGBOOST,0.10968396101431406,0.18111033737659454
2024-03-07,XLF,CAUSAL_XGBOOST,0.11333674919972586,0.19264177978038788
2024-03-08,XLF,CAUSAL_XGBOOST,0.11379995865605562,0.1850949376821518
2024-03-11,XLF,CAUSAL_XGBOOST,0.11672433640236837,0.20616361498832703
2024-03-12,XLF,CAUSAL_XGBOOST,0.1294490678870449,0.19417515397071838
2024-03-13,XLF,CAUSAL_XGBOOST,0.12910090286762466,0.20035944879055023
2024-03-14,XLF,CAUSAL_XGBOOST,0.1345219191984015,0.18974806368350983
2024-03-15,XLF,CAUSAL_XGBOOST,0.13536366552293733,0.19575123488903046
2024-03-18,XLF,CAUSAL_XGBOOST,0.13445528077145993,0.1906013935804367
2024-03-19,XLF,CAUSAL_XGBOOST,0.13320408217237148,0.20809894800186157
2024-03-20,XLF,CAUSAL_XGBOOST,0.12497173695474907,0.18911601603031158
2024-03-21,XLF,CAUSAL_XGBOOST,0.13238305575832227,0.20213918387889862
2024-03-22,XLF,CAUSAL_XGBOOST,0.13594508970011968,0.15431983768939972
2024-03-25,XLF,CAUSAL_XGBOOST,0.13757782373031432,0.15077510476112366
2024-03-26,XLF,CAUSAL_XGBOOST,0.13693910290199215,0.15858878195285797
2024-03-27,XLF,CAUSAL_XGBOOST,0.13040736647572937,0.15598930418491364
2024-03-28,XLF,CAUSAL_XGBOOST,0.12798538747693547,0.1604398936033249
2024-04-01,XLF,CAUSAL_XGBOOST,0.12715021577191668,0.1691141277551651
2024-04-02,XLF,CAUSAL_XGBOOST,0.1300334257512188,0.1652698814868927
2024-04-03,XLF,CAUSAL_XGBOOST,0.13009927210462394,0.1677585244178772
2024-04-04,XLF,CAUSAL_XGBOOST,0.12549484478439685,0.1756458729505539
2024-04-05,XLF,CAUSAL_XGBOOST,0.1201376427543816,0.15784122049808502
2024-04-08,XLF,CAUSAL_XGBOOST,0.12872177581614253,0.17041271924972534
2024-04-09,XLF,CAUSAL_XGBOOST,0.12816393659173875,0.1698504537343979
2024-04-10,XLF,CAUSAL_XGBOOST,0.11638615158132601,0.14376288652420044
2024-04-11,XLF,CAUSAL_XGBOOST,0.11511398214167096,0.1623254418373108
2024-04-12,XLF,CAUSAL_XGBOOST,0.10137697599889707,0.16707035899162292
2024-04-15,XLF,CAUSAL_XGBOOST,0.10055337429286193,0.17787648737430573
2024-04-16,XLF,CAUSAL_XGBOOST,0.09512159021548133,0.16827213764190674
2024-04-17,XLF,CAUSAL_XGBOOST,0.09648488144758008,0.1719411015510559
2024-04-18,XLF,CAUSAL_XGBOOST,0.09706095960573714,0.18355101346969604
2024-04-19,XLF,CAUSAL_XGBOOST,0.08998005943601163,0.1725511997938156
2024-04-22,XLF,CAUSAL_XGBOOST,0.09987005218379313,0.17573624849319458
2024-04-23,XLF,CAUSAL_XGBOOST,0.09992461915349897,0.1451973170042038
2024-04-24,XLF,CAUSAL_XGBOOST,0.10285352153422478,0.14564108848571777
2024-04-25,XLF,CAUSAL_XGBOOST,0.11342263623785569,0.1613178551197052
2024-04-26,XLF,CAUSAL_XGBOOST,0.11473643542895787,0.1667482554912567
2024-04-29,XLF,CAUSAL_XGBOOST,0.12230403448834794,0.1773459017276764
2024-04-30,XLF,CAUSAL_XGBOOST,0.12042899493138774,0.13621997833251953
2024-05-01,XLF,CAUSAL_XGBOOST,0.12159928640817477,0.12899120151996613
2024-05-02,XLF,CAUSAL_XGBOOST,0.13090524740538675,0.12571659684181213
2024-05-03,XLF,CAUSAL_XGBOOST,0.1336668405822541,0.13681770861148834
2024-05-06,XLF,CAUSAL_XGBOOST,0.12751837885852343,0.13644322752952576
2024-05-07,XLF,CAUSAL_XGBOOST,0.12736301016907034,0.13861986994743347
2024-05-08,XLF,CAUSAL_XGBOOST,0.12669393113181027,0.13505853712558746
2024-05-09,XLF,CAUSAL_XGBOOST,0.1248173678650708,0.14726565778255463
2024-05-10,XLF,CAUSAL_XGBOOST,0.12448581850224523,0.15539541840553284
2024-05-13,XLF,CAUSAL_XGBOOST,0.12983302668154972,0.1880108118057251
2024-05-14,XLF,CAUSAL_XGBOOST,0.12788139489089456,0.1979251205921173
2024-05-15,XLF,CAUSAL_XGBOOST,0.12377222974318215,0.1834736466407776
2024-05-16,XLF,CAUSAL_XGBOOST,0.12371368515171097,0.23366397619247437
2024-05-17,XLF,CAUSAL_XGBOOST,0.1252864520226506,0.22168858349323273
2024-05-20,XLF,CAUSAL_XGBOOST,0.11998944778124927,0.20676247775554657
2024-05-21,XLF,CAUSAL_XGBOOST,0.11917236180621704,0.18996268510818481
2024-05-22,XLF,CAUSAL_XGBOOST,0.11834809591857832,0.1638166755437851
2024-05-23,XLF,CAUSAL_XGBOOST,0.11359046481569798,0.16469675302505493
2024-05-24,XLF,CAUSAL_XGBOOST,0.11494649317796081,0.16266128420829773
2024-05-28,XLF,CAUSAL_XGBOOST,0.11006111466836352,0.1575171798467636
2024-05-29,XLF,CAUSAL_XGBOOST,0.10599621295071517,0.15429310500621796
2024-05-30,XLF,CAUSAL_XGBOOST,0.10499343370762583,0.16871997714042664
2024-05-31,XLF,CAUSAL_XGBOOST,0.09102096926541509,0.15587854385375977
2024-06-03,XLF,CAUSAL_XGBOOST,0.09742021649177607,0.12220437079668045
2024-06-04,XLF,CAUSAL_XGBOOST,0.09651871863904514,0.12763240933418274
2024-06-05,XLF,CAUSAL_XGBOOST,0.09618038593839721,0.11956770718097687
2024-06-06,XLF,CAUSAL_XGBOOST,0.09677305374467718,0.12531079351902008
2024-06-07,XLF,CAUSAL_XGBOOST,0.09916710137541343,0.122537761926651
2024-06-10,XLF,CAUSAL_XGBOOST,0.09840923118009938,0.12142621725797653
2024-06-11,XLF,CAUSAL_XGBOOST,0.08974572955144067,0.12122257053852081
2024-06-12,XLF,CAUSAL_XGBOOST,0.08922883428187073,0.12427058815956116
2024-06-13,XLF,CAUSAL_XGBOOST,0.09876171797066789,0.12750083208084106
2024-06-14,XLF,CAUSAL_XGBOOST,0.1004212068911479,0.12880070507526398
2024-06-17,XLF,CAUSAL_XGBOOST,0.09964660017171309,0.13185717165470123
2024-06-18,XLF,CAUSAL_XGBOOST,0.11339759253915377,0.1359253078699112
2024-06-20,XLF,CAUSAL_XGBOOST,0.12154921906731085,0.13198354840278625
2024-06-21,XLF,CAUSAL_XGBOOST,0.12032038582640316,0.12185356765985489
2024-06-24,XLF,CAUSAL_XGBOOST,0.1166052540435118,0.12479992210865021
2024-06-25,XLF,CAUSAL_XGBOOST,0.12510135563948055,0.128500297665596
2024-06-26,XLF,CAUSAL_XGBOOST,0.12176248769868951,0.12686333060264587
2024-06-27,XLF,CAUSAL_XGBOOST,0.13005720907228996,0.12897257506847382
2024-06-28,XLF,CAUSAL_XGBOOST,0.13091419902072385,0.13272415101528168
2024-07-01,XLF,CAUSAL_XGBOOST,0.1345703329034178,0.13510222733020782
2024-07-02,XLF,CAUSAL_XGBOOST,0.13208670479242202,0.13051564991474152
2024-07-03,XLF,CAUSAL_XGBOOST,0.1437068925890802,0.12793463468551636
2024-07-05,XLF,CAUSAL_XGBOOST,0.17227006561330951,0.1324346661567688
2024-07-08,XLF,CAUSAL_XGBOOST,0.20258740132482342,0.133429154753685
2024-07-09,XLF,CAUSAL_XGBOOST,0.2092311553399294,0.1343478262424469
2024-07-10,XLF,CAUSAL_XGBOOST,0.20875209043870363,0.12967641651630402
2024-07-11,XLF,CAUSAL_XGBOOST,0.21495259232630573,0.13034866750240326
2024-07-12,XLF,CAUSAL_XGBOOST,0.21517310865422584,0.12762394547462463
2024-07-15,XLF,CAUSAL_XGBOOST,0.2088422349601371,0.11979963630437851
2024-07-16,XLF,CAUSAL_XGBOOST,0.20672023036659112,0.11536737531423569
2024-07-17,XLF,CAUSAL_XGBOOST,0.20989548903750277,0.1222992092370987
2024-07-18,XLF,CAUSAL_XGBOOST,0.20838912074685145,0.10577186942100525
2024-07-19,XLF,CAUSAL_XGBOOST,0.2060720796188301,0.13107161223888397
2024-07-22,XLF,CAUSAL_XGBOOST,0.20603838767032767,0.11399492621421814
2024-07-23,XLF,CAUSAL_XGBOOST,0.20655558233207869,0.11384491622447968
2024-07-24,XLF,CAUSAL_XGBOOST,0.1995740722621182,0.13663984835147858
2024-07-25,XLF,CAUSAL_XGBOOST,0.19999420109462093,0.13671892881393433
2024-07-26,XLF,CAUSAL_XGBOOST,0.19497188815604813,0.13155053555965424
2024-07-29,XLF,CAUSAL_XGBOOST,0.1948507460333293,0.13451935350894928
2024-07-30,XLF,CAUSAL_XGBOOST,0.19178134473131853,0.14011667668819427
2024-07-31,XLF,CAUSAL_XGBOOST,0.19136019636629875,0.14701302349567413
2024-08-01,XLF,CAUSAL_XGBOOST,0.18382875033473697,0.17433549463748932
2024-08-02,XLF,CAUSAL_XGBOOST,0.15401946919274775,0.22531215846538544
2024-08-05,XLF,CAUSAL_XGBOOST,0.10101397799160536,0.5218539237976074
2024-08-06,XLF,CAUSAL_XGBOOST,0.09359213753507062,0.4293330907821655
2024-08-07,XLF,CAUSAL_XGBOOST,0.1083633672371106,0.46012964844703674
2024-08-08,XLF,CAUSAL_XGBOOST,0.11761752359036895,0.3069302439689636
2024-08-09,XLF,CAUSAL_XGBOOST,0.12551164962316336,0.267978698015213
2024-08-12,XLF,CAUSAL_XGBOOST,0.13105068259549055,0.25739985704421997
2024-08-13,XLF,CAUSAL_XGBOOST,0.13180485272210973,0.2510528862476349
2024-08-14,XLF,CAUSAL_XGBOOST,0.1262758775383982,0.20090340077877045
2024-08-15,XLF,CAUSAL_XGBOOST,0.12309861999476224,0.1819128692150116
2024-08-16,XLF,CAUSAL_XGBOOST,0.12830442056192004,0.17514553666114807
2024-08-19,XLF,CAUSAL_XGBOOST,0.12824003099688738,0.1706746518611908
2024-08-20,XLF,CAUSAL_XGBOOST,0.12819575076719084,0.1720414012670517
2024-08-21,XLF,CAUSAL_XGBOOST,0.1319299943161278,0.17072612047195435
2024-08-22,XLF,CAUSAL_XGBOOST,0.13156962134606504,0.20541571080684662
2024-08-23,XLF,CAUSAL_XGBOOST,0.12943833237597943,0.165838360786438
2024-08-26,XLF,CAUSAL_XGBOOST,0.13367710120198978,0.17867489159107208
2024-08-27,XLF,CAUSAL_XGBOOST,0.13464798263486868,0.1689092218875885
2024-08-28,XLF,CAUSAL_XGBOOST,0.13557844257434232,0.20170144736766815
2024-08-29,XLF,CAUSAL_XGBOOST,0.1321865497788148,0.16554491221904755
2024-08-30,XLF,CAUSAL_XGBOOST,0.12828283338781246,0.15268655121326447
2024-09-03,XLF,CAUSAL_XGBOOST,0.12690544868026615,0.21416833996772766
2024-09-04,XLF,CAUSAL_XGBOOST,0.12690650797117822,0.20950043201446533
2024-09-05,XLF,CAUSAL_XGBOOST,0.12191714935455703,0.20249676704406738
2024-09-06,XLF,CAUSAL_XGBOOST,0.12224197885709856,0.22231483459472656
2024-09-09,XLF,CAUSAL_XGBOOST,0.12162385585006456,0.1957111805677414
2024-09-10,XLF,CAUSAL_XGBOOST,0.1162488719015218,0.19133260846138
2024-09-11,XLF,CAUSAL_XGBOOST,0.1174469281104519,0.1835905909538269
2024-09-12,XLF,CAUSAL_XGBOOST,0.11870565079623484,0.16824112832546234
2024-09-13,XLF,CAUSAL_XGBOOST,0.1340518575536694,0.16984857618808746
2024-09-16,XLF,CAUSAL_XGBOOST,0.12905009255592823,0.1700359731912613
2024-09-17,XLF,CAUSAL_XGBOOST,0.12847502384033696,0.14254623651504517
2024-09-18,XLF,CAUSAL_XGBOOST,0.13212485832602647,0.1445005089044571
2024-09-19,XLF,CAUSAL_XGBOOST,0.1284006745601727,0.155580073595047
2024-09-20,XLF,CAUSAL_XGBOOST,0.12817808247693696,0.1310381442308426
2024-09-23,XLF,CAUSAL_XGBOOST,0.13282592486949582,0.12484034150838852
2024-09-24,XLF,CAUSAL_XGBOOST,0.12803603248780113,0.17798151075839996
2024-09-25,XLF,CAUSAL_XGBOOST,0.1248826200532467,0.17628152668476105
2024-09-26,XLF,CAUSAL_XGBOOST,0.12462496312176889,0.17198117077350616
2024-09-27,XLF,CAUSAL_XGBOOST,0.13334005811663427,0.1701132357120514
2024-09-30,XLF,CAUSAL_XGBOOST,0.13857081963475815,0.1760357767343521
2024-10-01,XLF,CAUSAL_XGBOOST,0.1392020477518398,0.1842714250087738
2024-10-02,XLF,CAUSAL_XGBOOST,0.13942675532777893,0.1810365617275238
2024-10-03,XLF,CAUSAL_XGBOOST,0.1485405863961346,0.18827679753303528
2024-10-04,XLF,CAUSAL_XGBOOST,0.13777074281836602,0.17699703574180603
2024-10-07,XLF,CAUSAL_XGBOOST,0.13270877302973424,0.1793951690196991
2024-10-08,XLF,CAUSAL_XGBOOST,0.13482790738976513,0.1787097305059433
2024-10-09,XLF,CAUSAL_XGBOOST,0.24425646338406753,0.17261391878128052
2024-10-10,XLF,CAUSAL_XGBOOST,0.25362506726040046,0.1934933215379715
2024-10-11,XLF,CAUSAL_XGBOOST,0.24774284786068482,0.17976626753807068
2024-10-15,XLF,CAUSAL_XGBOOST,0.251716546092472,0.18029585480690002
2024-10-16,XLF,CAUSAL_XGBOOST,0.2493656310460833,0.16829517483711243
2024-10-17,XLF,CAUSAL_XGBOOST,0.24998004814511945,0.15952619910240173
2024-10-18,XLF,CAUSAL_XGBOOST,0.2500311237654979,0.17548543214797974
2024-10-21,XLF,CAUSAL_XGBOOST,0.247040277591289,0.1752869188785553
2024-10-22,XLF,CAUSAL_XGBOOST,0.24880605849437032,0.1849774271249771
2024-10-23,XLF,CAUSAL_XGBOOST,0.24932774020907245,0.1773321032524109
2024-10-24,XLF,CAUSAL_XGBOOST,0.2517821449250129,0.16879956424236298
2024-10-25,XLF,CAUSAL_XGBOOST,0.2474743040388494,0.18550565838813782
2024-10-28,XLF,CAUSAL_XGBOOST,0.2457812979955269,0.1793781816959381
2024-10-29,XLF,CAUSAL_XGBOOST,0.243038754059245,0.17600470781326294
2024-10-30,XLF,CAUSAL_XGBOOST,0.24318321085909367,0.18567240238189697
2024-10-31,XLF,CAUSAL_XGBOOST,0.2339508443334146,0.17905324697494507
2024-11-01,XLF,CAUSAL_XGBOOST,0.23989359643754268,0.17533743381500244
2024-11-04,XLF,CAUSAL_XGBOOST,0.2397322344848075,0.17508791387081146
2024-11-05,XLF,CAUSAL_XGBOOST,0.24063148263549566,0.16500449180603027
2024-11-06,XLF,CAUSAL_XGBOOST,0.12319321146969713,0.1400413066148758
2024-11-07,XLF,CAUSAL_XGBOOST,0.10547359337550738,0.14320272207260132
2024-11-08,XLF,CAUSAL_XGBOOST,0.11504662754470424,0.12207107990980148
2024-11-12,XLF,CAUSAL_XGBOOST,0.10292629721419982,0.12658299505710602
2024-11-13,XLF,CAUSAL_XGBOOST,0.10411656400128713,0.12424083054065704
2024-11-14,XLF,CAUSAL_XGBOOST,0.10375537768101899,0.1382400095462799
2024-11-15,XLF,CAUSAL_XGBOOST,0.10237624337726461,0.14007022976875305
2024-11-18,XLF,CAUSAL_XGBOOST,0.1041600027347494,0.13493956625461578
2024-11-19,XLF,CAUSAL_XGBOOST,0.14684013559563452,0.1487242728471756
2024-11-20,XLF,CAUSAL_XGBOOST,0.14815615893025677,0.1601554900407791
2024-11-21,XLF,CAUSAL_XGBOOST,0.15103833794884236,0.15748947858810425
2024-11-22,XLF,CAUSAL_XGBOOST,0.14427787747375834,0.13620074093341827
2024-11-25,XLF,CAUSAL_XGBOOST,0.1494998962722505,0.13069486618041992
2024-11-26,XLF,CAUSAL_XGBOOST,0.14967567389639905,0.1337714046239853
2024-11-27,XLF,CAUSAL_XGBOOST,0.15020087864215403,0.12853212654590607
2024-11-29,XLF,CAUSAL_XGBOOST,0.1516689893299968,0.13056226074695587
2024-12-02,XLF,CAUSAL_XGBOOST,0.14983706398007038,0.14020630717277527
2024-12-03,XLF,CAUSAL_XGBOOST,0.1485830092599478,0.13934166729450226
2024-12-04,XLF,CAUSAL_XGBOOST,0.15248168692430028,0.14266517758369446
2024-12-05,XLF,CAUSAL_XGBOOST,0.15164881254892773,0.1467059701681137
2024-12-06,XLF,CAUSAL_XGBOOST,0.15154053799166978,0.1649654060602188
2024-12-09,XLF,CAUSAL_XGBOOST,0.14577207468436512,0.16088145971298218
2024-12-10,XLF,CAUSAL_XGBOOST,0.1676619396546991,0.16914823651313782
2024-12-11,XLF,CAUSAL_XGBOOST,0.1703679929672871,0.1635982096195221
2024-12-12,XLF,CAUSAL_XGBOOST,0.177390996354552,0.16526338458061218
2024-12-13,XLF,CAUSAL_XGBOOST,0.20051435232256448,0.16186638176441193
2024-12-16,XLF,CAUSAL_XGBOOST,0.20165936496038533,0.15792305767536163
2024-12-17,XLF,CAUSAL_XGBOOST,0.20133682836064962,0.1574922800064087
2024-12-18,XLF,CAUSAL_XGBOOST,0.16376943496183402,0.19434581696987152
2024-12-19,XLF,CAUSAL_XGBOOST,0.16622319074063413,0.1797071248292923
2024-12-20,XLF,CAUSAL_XGBOOST,0.16067190048394578,0.14919646084308624
2024-12-23,XLF,CAUSAL_XGBOOST,0.16068299342613376,0.15318675339221954
2024-12-24,XLF,CAUSAL_XGBOOST,0.16013060185034422,0.12059091031551361
2024-12-26,XLF,CAUSAL_XGBOOST,0.1608102920222728,0.1248248964548111
2024-12-27,XLF,CAUSAL_XGBOOST,0.15728095988331373,0.12686870992183685
2024-12-30,XLF,CAUSAL_XGBOOST,0.15218193775743633,0.1557295173406601
2024-12-31,XLF,CAUSAL_XGBOOST,0.15555002161815917,0.15394052863121033
2025-01-02,XLF,CAUSAL_XGBOOST,0.1564212871040682,0.14738693833351135
2025-01-03,XLF,CAUSAL_XGBOOST,0.15647190091860275,0.13302740454673767
2025-01-06,XLF,CAUSAL_XGBOOST,0.15740110578850106,0.1312425285577774
2025-01-07,XLF,CAUSAL_XGBOOST,0.15696010892445694,0.15776929259300232
2025-01-08,XLF,CAUSAL_XGBOOST,0.16043630141243442,0.16050827503204346
2025-01-10,XLF,CAUSAL_XGBOOST,0.13050840903792743,0.16489958763122559
2025-01-13,XLF,CAUSAL_XGBOOST,0.1301248102171852,0.15802209079265594
2025-01-14,XLF,CAUSAL_XGBOOST,0.1286928280283056,0.1594810038805008
2025-01-15,XLF,CAUSAL_XGBOOST,0.10022446508812945,0.12184640765190125
2025-01-16,XLF,CAUSAL_XGBOOST,0.09883387171437849,0.14098761975765228
2025-01-17,XLF,CAUSAL_XGBOOST,0.09782790480637545,0.1281527876853943
2025-01-21,XLF,CAUSAL_XGBOOST,0.09492118781567618,0.11216084659099579
2025-01-22,XLF,CAUSAL_XGBOOST,0.1105658036623358,0.1309480369091034
2025-01-23,XLF,CAUSAL_XGBOOST,0.1188130818206374,0.13818852603435516
2025-01-24,XLF,CAUSAL_XGBOOST,0.11935636926594617,0.1382671594619751
2025-01-27,XLF,CAUSAL_XGBOOST,0.11228470540815964,0.1722467839717865
2025-01-28,XLF,CAUSAL_XGBOOST,0.11235743705516091,0.18133080005645752
2025-01-29,XLF,CAUSAL_XGBOOST,0.11430891815043134,0.18227261304855347
2025-01-30,XLF,CAUSAL_XGBOOST,0.13157520290892,0.16137197613716125
2025-01-31,XLF,CAUSAL_XGBOOST,0.1335598931263584,0.16795673966407776
2025-02-03,XLF,CAUSAL_XGBOOST,0.18487034830630933,0.16734448075294495
2025-02-04,XLF,CAUSAL_XGBOOST,0.1865238612130654,0.17512351274490356
2025-02-05,XLF,CAUSAL_XGBOOST,0.18937212045685922,0.15378065407276154
2025-02-06,XLF,CAUSAL_XGBOOST,0.1854176387599792,0.1620338261127472
2025-02-07,XLF,CAUSAL_XGBOOST,0.19808907898371547,0.1797691285610199
2025-02-10,XLF,CAUSAL_XGBOOST,0.19827642561462533,0.14583100378513336
2025-02-11,XLF,CAUSAL_XGBOOST,0.19786160321931912,0.15044796466827393
2025-02-12,XLF,CAUSAL_XGBOOST,0.19793310474990475,0.14388976991176605
2025-02-13,XLF,CAUSAL_XGBOOST,0.21708768840710507,0.122874416410923
2025-02-14,XLF,CAUSAL_XGBOOST,0.2228101611358238,0.13041429221630096
2025-02-18,XLF,CAUSAL_XGBOOST,0.21989039233353092,0.1337185651063919
2025-02-19,XLF,CAUSAL_XGBOOST,0.22524934241841785,0.13487285375595093
2025-02-20,XLF,CAUSAL_XGBOOST,0.22036777559332912,0.13919830322265625
2025-02-21,XLF,CAUSAL_XGBOOST,0.2168188749483175,0.1600651741027832
2025-02-24,XLF,CAUSAL_XGBOOST,0.22616199556669733,0.16353550553321838
2025-02-25,XLF,CAUSAL_XGBOOST,0.22723145251465685,0.16529765725135803
2025-02-26,XLF,CAUSAL_XGBOOST,0.2273368475163613,0.16015572845935822
2025-02-27,XLF,CAUSAL_XGBOOST,0.22632199174773948,0.18095073103904724
2025-02-28,XLF,CAUSAL_XGBOOST,0.22122834169027172,0.1847946047782898
2025-03-03,XLF,CAUSAL_XGBOOST,0.22618337750804665,0.19680584967136383
2025-03-04,XLF,CAUSAL_XGBOOST,0.18696200193202822,0.18555517494678497
2025-03-05,XLF,CAUSAL_XGBOOST,0.18814531220718939,0.19728682935237885
2025-03-06,XLF,CAUSAL_XGBOOST,0.2547389290968224,0.19762484729290009
2025-03-07,XLF,CAUSAL_XGBOOST,0.3672620856450554,0.17778010666370392
2025-03-10,XLF,CAUSAL_XGBOOST,0.36140765924238366,0.2463640421628952
2025-03-11,XLF,CAUSAL_XGBOOST,0.3610186198458781,0.22998902201652527
2025-03-12,XLF,CAUSAL_XGBOOST,0.45193086333871096,0.2015446573495865
2025-03-13,XLF,CAUSAL_XGBOOST,0.4625767143517926,0.20134805142879486
2025-03-14,XLF,CAUSAL_XGBOOST,0.45858630694045766,0.21173857152462006
2025-03-17,XLF,CAUSAL_XGBOOST,0.4580522715154064,0.21292521059513092
2025-03-18,XLF,CAUSAL_XGBOOST,0.458313844413089,0.21620860695838928
2025-03-19,XLF,CAUSAL_XGBOOST,0.45838949301021786,0.2185790240764618
2025-03-20,XLF,CAUSAL_XGBOOST,0.4585561665977339,0.21942710876464844
2025-03-21,XLF,CAUSAL_XGBOOST,0.4633695675023255,0.2210007607936859
2025-03-24,XLF,CAUSAL_XGBOOST,0.4754819093656134,0.18488526344299316
2025-03-25,XLF,CAUSAL_XGBOOST,0.4774963773329138,0.17839179933071136
2025-03-26,XLF,CAUSAL_XGBOOST,0.48000015390655587,0.1885848343372345
2025-03-27,XLF,CAUSAL_XGBOOST,0.4800967519934882,0.18061818182468414
2025-03-28,XLF,CAUSAL_XGBOOST,0.47597229988906203,0.20280788838863373
2025-03-31,XLF,CAUSAL_XGBOOST,0.4753557661873197,0.19273270666599274
2025-04-01,XLF,CAUSAL_XGBOOST,0.4754752012719127,0.18774749338626862
2025-04-02,XLF,CAUSAL_XGBOOST,0.47424949633506575,0.18851487338542938
2025-04-03,XLF,CAUSAL_XGBOOST,0.4427329295533719,0.25617167353630066
2025-04-04,XLF,CAUSAL_XGBOOST,0.33591083311502,0.6948689222335815
2025-04-07,XLF,CAUSAL_XGBOOST,0.33711793328308726,0.6437950730323792
2025-04-08,XLF,CAUSAL_XGBOOST,0.3353200956320381,0.6498055458068848
2025-04-09,XLF,CAUSAL_XGBOOST,0.22516987427614663,0.7263606786727905
2025-04-10,XLF,CAUSAL_XGBOOST,0.19358253356955782,0.9525034427642822
2025-04-11,XLF,CAUSAL_XGBOOST,0.19704367039642137,0.7641350626945496
2025-04-14,XLF,CAUSAL_XGBOOST,0.1957970316949863,0.7462689280509949
2025-04-15,XLF,CAUSAL_XGBOOST,0.19721433024916182,0.7450233697891235
2025-04-16,XLF,CAUSAL_XGBOOST,0.18335796388773856,0.7539392709732056
2025-04-17,XLF,CAUSAL_XGBOOST,0.18319685370924485,0.7434425950050354
2025-04-21,XLF,CAUSAL_XGBOOST,0.155045310550558,0.5553396940231323
2025-04-22,XLF,CAUSAL_XGBOOST,0.12498162830033548,0.49581366777420044
2025-04-23,XLF,CAUSAL_XGBOOST,0.14964487303680804,0.5495021939277649
2025-04-24,XLF,CAUSAL_XGBOOST,0.14678757049907343,0.4472799301147461
2025-04-25,XLF,CAUSAL_XGBOOST,0.14611763551809398,0.31630855798721313
2025-04-28,XLF,CAUSAL_XGBOOST,0.1559771657767647,0.31651386618614197
2025-04-29,XLF,CAUSAL_XGBOOST,0.15676561881634518,0.18903928995132446
2025-04-30,XLF,CAUSAL_XGBOOST,0.15717292750841144,0.22151580452919006
2025-05-01,XLF,CAUSAL_XGBOOST,0.15693721935650554,0.20003630220890045
2025-05-02,XLF,CAUSAL_XGBOOST,0.14131021992234014,0.1749887317419052
2025-05-05,XLF,CAUSAL_XGBOOST,0.13838465959850846,0.19804681837558746
2025-05-06,XLF,CAUSAL_XGBOOST,0.13839444520680405,0.24695715308189392
2025-05-07,XLF,CAUSAL_XGBOOST,0.1382735594336738,0.18311582505702972
2025-05-08,XLF,CAUSAL_XGBOOST,0.14177559804924605,0.18845616281032562
2025-05-09,XLF,CAUSAL_XGBOOST,0.14381226324721225,0.19121283292770386
2025-05-12,XLF,CAUSAL_XGBOOST,0.1252831774248464,0.16095472872257233
2025-05-13,XLF,CAUSAL_XGBOOST,0.12448573147173676,0.16596592962741852
2025-05-14,XLF,CAUSAL_XGBOOST,0.12408666510303146,0.16534322500228882
2025-05-15,XLF,CAUSAL_XGBOOST,0.14138757124271178,0.16497334837913513
2025-05-16,XLF,CAUSAL_XGBOOST,0.14622160974271697,0.15918555855751038
2025-05-19,XLF,CAUSAL_XGBOOST,0.14701883313674674,0.16309304535388947
2025-05-20,XLF,CAUSAL_XGBOOST,0.14624841743452668,0.15600311756134033
2025-05-21,XLF,CAUSAL_XGBOOST,0.12708023636951266,0.17481498420238495
2025-05-22,XLF,CAUSAL_XGBOOST,0.13437864344672895,0.1707664281129837
2025-05-23,XLF,CAUSAL_XGBOOST,0.14217827420324916,0.18814878165721893
2025-05-27,XLF,CAUSAL_XGBOOST,0.13025739049847598,0.15443861484527588
2025-05-28,XLF,CAUSAL_XGBOOST,0.12931098749823383,0.16311733424663544
2025-05-29,XLF,CAUSAL_XGBOOST,0.12868582349437474,0.151983380317688
2025-05-30,XLF,CAUSAL_XGBOOST,0.13105866744542108,0.15104788541793823
2025-06-02,XLF,CAUSAL_XGBOOST,0.1317284337246309,0.14916715025901794
2025-06-03,XLF,CAUSAL_XGBOOST,0.13203595404684043,0.14724066853523254
2025-06-04,XLF,CAUSAL_XGBOOST,0.13281508782924026,0.1482483148574829
2025-06-05,XLF,CAUSAL_XGBOOST,0.13853075407967627,0.15261173248291016
2025-06-06,XLF,CAUSAL_XGBOOST,0.1383325574485546,0.14315123856067657
2025-06-09,XLF,CAUSAL_XGBOOST,0.13638131457072553,0.15259777009487152
2025-06-10,XLF,CAUSAL_XGBOOST,0.13724847225512213,0.13469743728637695
2025-06-11,XLF,CAUSAL_XGBOOST,0.14372088458097157,0.14664973318576813
2025-06-12,XLF,CAUSAL_XGBOOST,0.14525449177629418,0.1509309560060501
2025-06-13,XLF,CAUSAL_XGBOOST,0.138824722666361,0.14073841273784637
2025-06-16,XLF,CAUSAL_XGBOOST,0.13567033620589403,0.1369611918926239
2025-06-17,XLF,CAUSAL_XGBOOST,0.13553304794637133,0.1483844369649887
2025-06-18,XLF,CAUSAL_XGBOOST,0.13531294758954088,0.13854838907718658
2025-06-20,XLF,CAUSAL_XGBOOST,0.1365932291866263,0.1398494988679886
2025-06-23,XLF,CAUSAL_XGBOOST,0.13172205887341631,0.1534980982542038
2025-06-24,XLF,CAUSAL_XGBOOST,0.12474820524123001,0.13585136830806732
2025-06-25,XLF,CAUSAL_XGBOOST,0.12373938178100428,0.13100272417068481
2025-06-26,XLF,CAUSAL_XGBOOST,0.12349003786560464,0.13404984772205353
2025-06-27,XLF,CAUSAL_XGBOOST,0.12698096863255362,0.11592071503400803
2025-06-30,XLF,CAUSAL_XGBOOST,0.12581933371271556,0.1419525146484375
2025-07-01,XLF,CAUSAL_XGBOOST,0.12456988169149869,0.14148961007595062
2025-07-02,XLF,CAUSAL_XGBOOST,0.1265649249637518,0.15172037482261658
2025-07-03,XLF,CAUSAL_XGBOOST,0.13547255588887133,0.14614509046077728
2025-07-07,XLF,CAUSAL_XGBOOST,0.13801406731143584,0.1547188013792038
2025-07-08,XLF,CAUSAL_XGBOOST,0.1352052972377757,0.14934754371643066
2025-07-09,XLF,CAUSAL_XGBOOST,0.13575222387664956,0.1539391279220581
2025-07-10,XLF,CAUSAL_XGBOOST,0.13873960088381976,0.16531091928482056
2025-07-11,XLF,CAUSAL_XGBOOST,0.13911456011494944,0.19832012057304382
2025-07-14,XLF,CAUSAL_XGBOOST,0.13607425167522716,0.21767820417881012
2025-07-15,XLF,CAUSAL_XGBOOST,0.12829599728942961,0.20797011256217957
2025-07-16,XLF,CAUSAL_XGBOOST,0.12757707611990216,0.21320421993732452
2025-07-17,XLF,CAUSAL_XGBOOST,0.12423598667537114,0.20306649804115295
2025-07-18,XLF,CAUSAL_XGBOOST,0.13011918578080361,0.19910092651844025
2025-07-21,XLF,CAUSAL_XGBOOST,0.12972631409818783,0.21492701768875122
2025-07-22,XLF,CAUSAL_XGBOOST,0.12835176609556176,0.2114604264497757
2025-07-23,XLF,CAUSAL_XGBOOST,0.12639035985902766,0.19287988543510437
2025-07-24,XLF,CAUSAL_XGBOOST,0.12683806739962136,0.2083069533109665
2025-07-25,XLF,CAUSAL_XGBOOST,0.13795685199940366,0.21229207515716553
2025-07-28,XLF,CAUSAL_XGBOOST,0.1372372413595607,0.20789915323257446
2025-07-29,XLF,CAUSAL_XGBOOST,0.13820393926334706,0.19845139980316162
2025-07-30,XLF,CAUSAL_XGBOOST,0.1378857457833386,0.1913127899169922
2025-07-31,XLF,CAUSAL_XGBOOST,0.13516449292233185,0.2064177393913269
2025-08-01,XLF,CAUSAL_XGBOOST,0.11240722531605266,0.23161885142326355
2025-08-04,XLF,CAUSAL_XGBOOST,0.11404342473039836,0.19955500960350037
2025-08-05,XLF,CAUSAL_XGBOOST,0.11278941564422935,0.20695093274116516
2025-08-06,XLF,CAUSAL_XGBOOST,0.11651823277738214,0.20627905428409576
2025-08-07,XLF,CAUSAL_XGBOOST,0.12955187400248547,0.17834825813770294
2025-08-08,XLF,CAUSAL_XGBOOST,0.12635095547415717,0.16085679829120636
2025-08-11,XLF,CAUSAL_XGBOOST,0.1266715004705866,0.1624758392572403
2025-08-12,XLF,CAUSAL_XGBOOST,0.12120883343091106,0.15366773307323456
2025-08-13,XLF,CAUSAL_XGBOOST,0.13227504287294026,0.15924261510372162
2025-08-14,XLF,CAUSAL_XGBOOST,0.13293512129844381,0.1637296825647354
2025-08-15,XLF,CAUSAL_XGBOOST,0.1268454905673663,0.15933550894260406
2025-08-18,XLF,CAUSAL_XGBOOST,0.12741274411783235,0.16286157071590424
2025-08-19,XLF,CAUSAL_XGBOOST,0.13106674984376807,0.17104876041412354
2025-08-20,XLF,CAUSAL_XGBOOST,0.13032604106144244,0.16370396316051483
2025-08-21,XLF,CAUSAL_XGBOOST,0.12931733028762796,0.17559483647346497
2025-08-22,XLF,CAUSAL_XGBOOST,0.11689091543517546,0.15059466660022736
2025-08-25,XLF,CAUSAL_XGBOOST,0.11601081084705685,0.13983352482318878
2025-08-26,XLF,CAUSAL_XGBOOST,0.11351104562067231,0.14997626841068268
2025-08-27,XLF,CAUSAL_XGBOOST,0.11366103108305206,0.1552329808473587
2025-08-28,XLF,CAUSAL_XGBOOST,0.11658903293952162,0.15704594552516937
2025-08-29,XLF,CAUSAL_XGBOOST,0.11755986044328748,0.1486186385154724
2025-09-02,XLF,CAUSAL_XGBOOST,0.11562585227417475,0.1760764867067337
2025-09-03,XLF,CAUSAL_XGBOOST,0.12017170879788715,0.15258055925369263
2025-09-04,XLF,CAUSAL_XGBOOST,0.11378115949462161,0.1588440239429474
2025-09-05,XLF,CAUSAL_XGBOOST,0.09463488465642556,0.12788347899913788
2025-09-08,XLF,CAUSAL_XGBOOST,0.09472231165101867,0.1310475766658783
2025-09-09,XLF,CAUSAL_XGBOOST,0.09380032052279487,0.13332828879356384
2025-09-10,XLF,CAUSAL_XGBOOST,0.09475836419807453,0.1350122094154358
2025-09-11,XLF,CAUSAL_XGBOOST,0.07517103483924267,0.12899337708950043
2025-09-12,XLF,CAUSAL_XGBOOST,0.10669524295641945,0.13140328228473663
2025-09-15,XLF,CAUSAL_XGBOOST,0.11342432195075929,0.13145899772644043
2025-09-16,XLF,CAUSAL_XGBOOST,0.12063500003710437,0.13158199191093445
2025-09-17,XLF,CAUSAL_XGBOOST,0.11496989859088688,0.13301613926887512
2025-09-18,XLF,CAUSAL_XGBOOST,0.15069389636144204,0.12629887461662292
2025-09-19,XLF,CAUSAL_XGBOOST,0.1543044925850095,0.13300089538097382
2025-09-22,XLF,CAUSAL_XGBOOST,0.16148882485663912,0.1357540786266327
2025-09-23,XLF,CAUSAL_XGBOOST,0.16101254368824522,0.158708393573761
2025-09-24,XLF,CAUSAL_XGBOOST,0.16178052531002687,0.15511071681976318
2025-09-25,XLF,CAUSAL_XGBOOST,0.16206433766209744,0.16768355667591095
2025-09-26,XLF,CAUSAL_XGBOOST,0.16487089479495867,0.14869330823421478
2025-09-29,XLF,CAUSAL_XGBOOST,0.1645016787505954,0.15327267348766327
2025-09-30,XLF,CAUSAL_XGBOOST,0.16511511901633227,0.16521988809108734
2025-10-01,XLF,CAUSAL_XGBOOST,0.17282784582662497,0.16650691628456116
2025-10-02,XLF,CAUSAL_XGBOOST,0.1733839663824418,0.17229895293712616
2025-10-03,XLF,CAUSAL_XGBOOST,0.17144220295526977,0.16567936539649963
2025-10-06,XLF,CAUSAL_XGBOOST,0.17171584467108778,0.16192831099033356
2025-10-07,XLF,CAUSAL_XGBOOST,0.17308269666099854,0.17424657940864563
2025-10-08,XLF,CAUSAL_XGBOOST,0.17330757751449336,0.16269077360630035
2025-10-09,XLF,CAUSAL_XGBOOST,0.1733204359337477,0.16160452365875244
2025-10-10,XLF,CAUSAL_XGBOOST,0.1561521251356395,0.20435431599617004
2025-10-14,XLF,CAUSAL_XGBOOST,0.14872659600379845,0.2214168906211853
2025-10-15,XLF,CAUSAL_XGBOOST,0.15185396836955323,0.22596734762191772
2025-10-16,XLF,CAUSAL_XGBOOST,0.12008998555744074,0.24730943143367767
2025-10-17,XLF,CAUSAL_XGBOOST,0.12344353616700965,0.19713562726974487
2025-10-20,XLF,CAUSAL_XGBOOST,0.13394295992640293,0.20585094392299652
2025-10-21,XLF,CAUSAL_XGBOOST,0.13394506119826444,0.19960223138332367
2025-10-22,XLF,CAUSAL_XGBOOST,0.13400529201473368,0.1896817684173584
2025-10-23,XLF,CAUSAL_XGBOOST,0.1363783209396576,0.18259486556053162
2025-10-24,XLF,CAUSAL_XGBOOST,0.13650495075279365,0.14679166674613953
2025-10-27,XLF,CAUSAL_XGBOOST,0.13656711323705895,0.14143937826156616
2025-10-28,XLF,CAUSAL_XGBOOST,0.1435690287590149,0.14814183115959167
2025-10-29,XLF,CAUSAL_XGBOOST,0.13187831563379615,0.16643065214157104
2025-10-30,XLF,CAUSAL_XGBOOST,0.13365748754173556,0.1674564927816391
2025-10-31,XLF,CAUSAL_XGBOOST,0.13748805505561218,0.17839841544628143
2025-11-03,XLF,CAUSAL_XGBOOST,0.13649159241557973,0.19857071340084076
2025-11-04,XLF,CAUSAL_XGBOOST,0.14301062553335728,0.23165346682071686
2025-11-05,XLF,CAUSAL_XGBOOST,0.14279252849215265,0.23817573487758636
2025-11-06,XLF,CAUSAL_XGBOOST,0.1417804292081104,0.24962812662124634
2025-11-07,XLF,CAUSAL_XGBOOST,0.1410501679937029,0.23396028578281403
2025-11-10,XLF,CAUSAL_XGBOOST,0.14143057462708056,0.2201213240623474
2025-11-12,XLF,CAUSAL_XGBOOST,0.15644058278421538,0.2203657329082489
2025-11-13,XLF,CAUSAL_XGBOOST,0.1473818613261631,0.2303694784641266
2025-11-14,XLF,CAUSAL_XGBOOST,0.14067178719948928,0.2285655289888382
2025-11-17,XLF,CAUSAL_XGBOOST,0.12040706571380456,0.20483076572418213
2025-11-18,XLF,CAUSAL_XGBOOST,0.11981393809364287,0.23785676062107086
2025-11-19,XLF,CAUSAL_XGBOOST,0.12094453936484702,0.20218031108379364
2025-11-20,XLF,CAUSAL_XGBOOST,0.11318452822084843,0.2541961669921875
2025-11-21,XLF,CAUSAL_XGBOOST,0.11440214817643705,0.2041882574558258
2025-11-24,XLF,CAUSAL_XGBOOST,0.11451044683075651,0.19787220656871796
2025-11-25,XLF,CAUSAL_XGBOOST,0.10982033568168134,0.1825484037399292
2025-11-26,XLF,CAUSAL_XGBOOST,0.10979577042107988,0.17337462306022644
2025-11-28,XLF,CAUSAL_XGBOOST,0.1119723577663254,0.1592990756034851
2025-12-01,XLF,CAUSAL_XGBOOST,0.10669884213090175,0.1801263391971588
2025-12-02,XLF,CAUSAL_XGBOOST,0.11170764963421317,0.1812467873096466
2025-12-03,XLF,CAUSAL_XGBOOST,0.10344569216428368,0.13409003615379333
2025-12-04,XLF,CAUSAL_XGBOOST,0.12583787737789148,0.14050935208797455
2025-12-05,XLF,CAUSAL_XGBOOST,0.1258614061262382,0.15109409391880035
2025-12-08,XLF,CAUSAL_XGBOOST,0.13766677151717926,0.15754961967468262
2025-12-09,XLF,CAUSAL_XGBOOST,0.13625991763510992,0.1573154181241989
2025-12-10,XLF,CAUSAL_XGBOOST,0.1334855322605584,0.140494704246521
2025-12-11,XLF,CAUSAL_XGBOOST,0.12317894079875312,0.1372644156217575
2025-12-12,XLF,CAUSAL_XGBOOST,0.14189592696914052,0.15113963186740875
2025-12-15,XLF,CAUSAL_XGBOOST,0.1418617629918146,0.15089283883571625
2025-12-16,XLF,CAUSAL_XGBOOST,0.14104825371883872,0.14852799475193024
2025-12-17,XLF,CAUSAL_XGBOOST,0.14112953221350283,0.15893420577049255
2025-12-18,XLF,CAUSAL_XGBOOST,0.16315405460800167,0.15319958329200745
2025-12-19,XLF,CAUSAL_XGBOOST,0.1628430003872294,0.14026014506816864
2025-12-22,XLF,CAUSAL_XGBOOST,0.15786180305563405,0.1402599811553955
2025-12-23,XLF,CAUSAL_XGBOOST,0.16329059550247452,0.15377818048000336
2025-12-24,XLF,CAUSAL_XGBOOST,0.16393511951870146,0.15680758655071259
2025-12-26,XLF,CAUSAL_XGBOOST,0.16512305174410527,0.16993069648742676
2025-12-29,XLF,CAUSAL_XGBOOST,0.1649063867299728,0.16432741284370422
2025-12-30,XLF,CAUSAL_XGBOOST,0.17089891102607638,0.16645142436027527
2025-12-31,XLF,CAUSAL_XGBOOST,0.16947057571637844,0.1762992888689041
2023-12-28,XLE,CAUSAL_XGBOOST,0.1911116761214805,0.2176102250814438
2023-12-29,XLE,CAUSAL_XGBOOST,0.19425559803104142,0.21753838658332825
2024-01-02,XLE,CAUSAL_XGBOOST,0.20226611855061843,0.20361560583114624
2024-01-03,XLE,CAUSAL_XGBOOST,0.1921811854791576,0.2057006061077118
2024-01-04,XLE,CAUSAL_XGBOOST,0.18270842374987808,0.20385144650936127
2024-01-05,XLE,CAUSAL_XGBOOST,0.18273592930482685,0.20150436460971832
2024-01-08,XLE,CAUSAL_XGBOOST,0.1786313552164935,0.2050195336341858
2024-01-09,XLE,CAUSAL_XGBOOST,0.1682999125119065,0.19264039397239685
2024-01-10,XLE,CAUSAL_XGBOOST,0.16643177169848314,0.19542929530143738
2024-01-11,XLE,CAUSAL_XGBOOST,0.17736298773770257,0.1939416229724884
2024-01-12,XLE,CAUSAL_XGBOOST,0.1772057303077325,0.19453249871730804
2024-01-16,XLE,CAUSAL_XGBOOST,0.15677850114917746,0.17831040918827057
2024-01-17,XLE,CAUSAL_XGBOOST,0.15269443491934667,0.1803421527147293
2024-01-18,XLE,CAUSAL_XGBOOST,0.17659896290083954,0.1824323683977127
2024-01-19,XLE,CAUSAL_XGBOOST,0.1771802828966701,0.17637577652931213
2024-01-22,XLE,CAUSAL_XGBOOST,0.18254972657338248,0.1731310933828354
2024-01-23,XLE,CAUSAL_XGBOOST,0.19110533157266868,0.17766164243221283
2024-01-24,XLE,CAUSAL_XGBOOST,0.1869024200682996,0.17612530291080475
2024-01-25,XLE,CAUSAL_XGBOOST,0.17478926084808186,0.17965920269489288
2024-01-26,XLE,CAUSAL_XGBOOST,0.17355348848505148,0.17737503349781036
2024-01-29,XLE,CAUSAL_XGBOOST,0.1744228348257717,0.18642956018447876
2024-01-30,XLE,CAUSAL_XGBOOST,0.17119776453409247,0.19345976412296295
2024-01-31,XLE,CAUSAL_XGBOOST,0.15574233274350932,0.20095328986644745
2024-02-01,XLE,CAUSAL_XGBOOST,0.15948065324894664,0.19481222331523895
2024-02-02,XLE,CAUSAL_XGBOOST,0.1659619948418399,0.19354595243930817
2024-02-05,XLE,CAUSAL_XGBOOST,0.1664418305943645,0.20767413079738617
2024-02-06,XLE,CAUSAL_XGBOOST,0.16643034956443883,0.20359545946121216
2024-02-07,XLE,CAUSAL_XGBOOST,0.16796487617039182,0.20101574063301086
2024-02-08,XLE,CAUSAL_XGBOOST,0.1654934057223121,0.20513956248760223
2024-02-09,XLE,CAUSAL_XGBOOST,0.1541399066250103,0.2045951634645462
2024-02-12,XLE,CAUSAL_XGBOOST,0.1523245117825223,0.20842674374580383
2024-02-13,XLE,CAUSAL_XGBOOST,0.1511397123700742,0.2053845375776291
2024-02-14,XLE,CAUSAL_XGBOOST,0.1514737305541188,0.20747651159763336
2024-02-15,XLE,CAUSAL_XGBOOST,0.12502414360889805,0.1990618109703064
2024-02-16,XLE,CAUSAL_XGBOOST,0.12415591393686184,0.19599497318267822
2024-02-20,XLE,CAUSAL_XGBOOST,0.11746245671072587,0.19987758994102478
2024-02-21,XLE,CAUSAL_XGBOOST,0.10681691171557284,0.19850175082683563
2024-02-22,XLE,CAUSAL_XGBOOST,0.10690039994288116,0.20378811657428741
2024-02-23,XLE,CAUSAL_XGBOOST,0.10222500028545121,0.20461405813694
2024-02-26,XLE,CAUSAL_XGBOOST,0.10387289499052049,0.2036137729883194
2024-02-27,XLE,CAUSAL_XGBOOST,0.10829275321328129,0.19860634207725525
2024-02-28,XLE,CAUSAL_XGBOOST,0.10721813068111945,0.20050419867038727
2024-02-29,XLE,CAUSAL_XGBOOST,0.1093613774787356,0.20021329820156097
2024-03-01,XLE,CAUSAL_XGBOOST,0.10702732752556357,0.20670469105243683
2024-03-04,XLE,CAUSAL_XGBOOST,0.0946763106162224,0.2180900126695633
2024-03-05,XLE,CAUSAL_XGBOOST,0.09458639712157108,0.22420985996723175
2024-03-06,XLE,CAUSAL_XGBOOST,0.09698001179721102,0.22230100631713867
2024-03-07,XLE,CAUSAL_XGBOOST,0.09809082902883126,0.222841277718544
2024-03-08,XLE,CAUSAL_XGBOOST,0.10710250505706292,0.22240614891052246
2024-03-11,XLE,CAUSAL_XGBOOST,0.10694731443205407,0.22481383383274078
2024-03-12,XLE,CAUSAL_XGBOOST,0.10445277974576324,0.22834733128547668
2024-03-13,XLE,CAUSAL_XGBOOST,0.09832320029379533,0.22516345977783203
2024-03-14,XLE,CAUSAL_XGBOOST,0.12011250367801449,0.22299878299236298
2024-03-15,XLE,CAUSAL_XGBOOST,0.12791530781430796,0.22608281672000885
2024-03-18,XLE,CAUSAL_XGBOOST,0.1337476837645345,0.23010599613189697
2024-03-19,XLE,CAUSAL_XGBOOST,0.12968509091317817,0.228824183344841
2024-03-20,XLE,CAUSAL_XGBOOST,0.13024100769472696,0.22464631497859955
2024-03-21,XLE,CAUSAL_XGBOOST,0.13496245284103017,0.2261304259300232
2024-03-22,XLE,CAUSAL_XGBOOST,0.1355507659968129,0.21854718029499054
2024-03-25,XLE,CAUSAL_XGBOOST,0.13341675030000807,0.22157536447048187
2024-03-26,XLE,CAUSAL_XGBOOST,0.1289304156257035,0.19842980802059174
2024-03-27,XLE,CAUSAL_XGBOOST,0.1264525808726566,0.18889480829238892
2024-03-28,XLE,CAUSAL_XGBOOST,0.12739006544667925,0.191556915640831
2024-04-01,XLE,CAUSAL_XGBOOST,0.12697622052778285,0.18675649166107178
2024-04-02,XLE,CAUSAL_XGBOOST,0.1586666332238906,0.18905746936798096
2024-04-03,XLE,CAUSAL_XGBOOST,0.1633985836171782,0.19033333659172058
2024-04-04,XLE,CAUSAL_XGBOOST,0.16600279925141273,0.2154196947813034
2024-04-05,XLE,CAUSAL_XGBOOST,0.1591054755671611,0.20940372347831726
2024-04-08,XLE,CAUSAL_XGBOOST,0.16295560238891696,0.20749542117118835
2024-04-09,XLE,CAUSAL_XGBOOST,0.16276028811836793,0.20227394998073578
2024-04-10,XLE,CAUSAL_XGBOOST,0.1616134863204909,0.19118498265743256
2024-04-11,XLE,CAUSAL_XGBOOST,0.17104524197166196,0.1974981129169464
2024-04-12,XLE,CAUSAL_XGBOOST,0.16284993350652455,0.2126365453004837
2024-04-15,XLE,CAUSAL_XGBOOST,0.160085373876224,0.2212962955236435
2024-04-16,XLE,CAUSAL_XGBOOST,0.15747563730941982,0.2192932367324829
2024-04-17,XLE,CAUSAL_XGBOOST,0.15744630180722735,0.21576513350009918
2024-04-18,XLE,CAUSAL_XGBOOST,0.1573718890117982,0.20639823377132416
2024-04-19,XLE,CAUSAL_XGBOOST,0.15946037784448394,0.20691999793052673
2024-04-22,XLE,CAUSAL_XGBOOST,0.15912342072157587,0.21932834386825562
2024-04-23,XLE,CAUSAL_XGBOOST,0.15804370431827372,0.20058678090572357
2024-04-24,XLE,CAUSAL_XGBOOST,0.17042873725855553,0.17605675756931305
2024-04-25,XLE,CAUSAL_XGBOOST,0.1701868390674083,0.18138448894023895
2024-04-26,XLE,CAUSAL_XGBOOST,0.16909190128286672,0.17960453033447266
2024-04-29,XLE,CAUSAL_XGBOOST,0.17199201382373738,0.18866543471813202
2024-04-30,XLE,CAUSAL_XGBOOST,0.14927289040453187,0.17266727983951569
2024-05-01,XLE,CAUSAL_XGBOOST,0.13966563144096777,0.1704525202512741
2024-05-02,XLE,CAUSAL_XGBOOST,0.16469395067731749,0.1650112122297287
2024-05-03,XLE,CAUSAL_XGBOOST,0.1903451566038073,0.16870880126953125
2024-05-06,XLE,CAUSAL_XGBOOST,0.1896909244936481,0.1729167252779007
2024-05-07,XLE,CAUSAL_XGBOOST,0.1897686314904758,0.17001433670520782
2024-05-08,XLE,CAUSAL_XGBOOST,0.19140511966793125,0.17136090993881226
2024-05-09,XLE,CAUSAL_XGBOOST,0.18330241029913896,0.17009036242961884
2024-05-10,XLE,CAUSAL_XGBOOST,0.18615172060547963,0.17296773195266724
2024-05-13,XLE,CAUSAL_XGBOOST,0.186121075542451,0.17367424070835114
2024-05-14,XLE,CAUSAL_XGBOOST,0.18848427266144865,0.1732020229101181
2024-05-15,XLE,CAUSAL_XGBOOST,0.1892185633690559,0.17731574177742004
2024-05-16,XLE,CAUSAL_XGBOOST,0.18992470846194867,0.15400342643260956
2024-05-17,XLE,CAUSAL_XGBOOST,0.18053659616904022,0.15589986741542816
2024-05-20,XLE,CAUSAL_XGBOOST,0.1822637220312592,0.17700538039207458
2024-05-21,XLE,CAUSAL_XGBOOST,0.19713745869753915,0.17609316110610962
2024-05-22,XLE,CAUSAL_XGBOOST,0.18686599101069082,0.1454549878835678
2024-05-23,XLE,CAUSAL_XGBOOST,0.2059566280815472,0.17538584768772125
2024-05-24,XLE,CAUSAL_XGBOOST,0.2060363895934258,0.17459586262702942
2024-05-28,XLE,CAUSAL_XGBOOST,0.2057614023180444,0.1756344437599182
2024-05-29,XLE,CAUSAL_XGBOOST,0.1954970057603364,0.17728815972805023
2024-05-30,XLE,CAUSAL_XGBOOST,0.19568811773908498,0.18082541227340698
2024-05-31,XLE,CAUSAL_XGBOOST,0.17392983839903206,0.1813129335641861
2024-06-03,XLE,CAUSAL_XGBOOST,0.14475075575663965,0.17156168818473816
2024-06-04,XLE,CAUSAL_XGBOOST,0.1400795778239686,0.17076440155506134
2024-06-05,XLE,CAUSAL_XGBOOST,0.1526088663773113,0.16795556247234344
2024-06-06,XLE,CAUSAL_XGBOOST,0.15328968362216042,0.16774822771549225
2024-06-07,XLE,CAUSAL_XGBOOST,0.15590462456620308,0.16703878343105316
2024-06-10,XLE,CAUSAL_XGBOOST,0.1554032998463799,0.16521643102169037
2024-06-11,XLE,CAUSAL_XGBOOST,0.15976817451412814,0.16463541984558105
2024-06-12,XLE,CAUSAL_XGBOOST,0.154438644960212,0.16495434939861298
2024-06-13,XLE,CAUSAL_XGBOOST,0.15721938711238254,0.17229466140270233
2024-06-14,XLE,CAUSAL_XGBOOST,0.15317209504539014,0.1744529902935028
2024-06-17,XLE,CAUSAL_XGBOOST,0.15525801495302385,0.1755428910255432
2024-06-18,XLE,CAUSAL_XGBOOST,0.1552714228715363,0.17586666345596313
2024-06-20,XLE,CAUSAL_XGBOOST,0.15189152816320736,0.17659559845924377
2024-06-21,XLE,CAUSAL_XGBOOST,0.15223636052340028,0.19825290143489838
2024-06-24,XLE,CAUSAL_XGBOOST,0.13749202787144432,0.17866872251033783
2024-06-25,XLE,CAUSAL_XGBOOST,0.13711549694049371,0.1796937882900238
2024-06-26,XLE,CAUSAL_XGBOOST,0.1461558840880897,0.17660993337631226
2024-06-27,XLE,CAUSAL_XGBOOST,0.14630692640436585,0.17779192328453064
2024-06-28,XLE,CAUSAL_XGBOOST,0.1494651736176794,0.18428358435630798
2024-07-01,XLE,CAUSAL_XGBOOST,0.15902043225098417,0.18446020781993866
2024-07-02,XLE,CAUSAL_XGBOOST,0.15931318616014728,0.17596779763698578
2024-07-03,XLE,CAUSAL_XGBOOST,0.18703139267475008,0.18347316980361938
2024-07-05,XLE,CAUSAL_XGBOOST,0.2013813582375587,0.18402479588985443
2024-07-08,XLE,CAUSAL_XGBOOST,0.21464799364776893,0.18323400616645813
2024-07-09,XLE,CAUSAL_XGBOOST,0.21465970463882345,0.1895853728055954
2024-07-10,XLE,CAUSAL_XGBOOST,0.21357117237217385,0.1993945986032486
2024-07-11,XLE,CAUSAL_XGBOOST,0.22463719543755192,0.19813881814479828
2024-07-12,XLE,CAUSAL_XGBOOST,0.22458323622592863,0.1930699199438095
2024-07-15,XLE,CAUSAL_XGBOOST,0.21801643708862042,0.17114660143852234
2024-07-16,XLE,CAUSAL_XGBOOST,0.21901662481864365,0.1658976972103119
2024-07-17,XLE,CAUSAL_XGBOOST,0.21657334702117192,0.15279944241046906
2024-07-18,XLE,CAUSAL_XGBOOST,0.22183259195191452,0.17217262089252472
2024-07-19,XLE,CAUSAL_XGBOOST,0.2190052116894684,0.19115155935287476
2024-07-22,XLE,CAUSAL_XGBOOST,0.21973263038803803,0.17058058083057404
2024-07-23,XLE,CAUSAL_XGBOOST,0.23269145787293374,0.16379037499427795
2024-07-24,XLE,CAUSAL_XGBOOST,0.23285187964583434,0.19905829429626465
2024-07-25,XLE,CAUSAL_XGBOOST,0.2235083232334732,0.204209104180336
2024-07-26,XLE,CAUSAL_XGBOOST,0.23050877315220436,0.19801609218120575
2024-07-29,XLE,CAUSAL_XGBOOST,0.23121886774838984,0.19753247499465942
2024-07-30,XLE,CAUSAL_XGBOOST,0.2258176836021603,0.2012910544872284
2024-07-31,XLE,CAUSAL_XGBOOST,0.22551093408641418,0.21492606401443481
2024-08-01,XLE,CAUSAL_XGBOOST,0.21082485921280206,0.21813631057739258
2024-08-02,XLE,CAUSAL_XGBOOST,0.18681616361815953,0.26059791445732117
2024-08-05,XLE,CAUSAL_XGBOOST,0.1919097640512074,0.60886549949646
2024-08-06,XLE,CAUSAL_XGBOOST,0.1985224466551529,0.4508490562438965
2024-08-07,XLE,CAUSAL_XGBOOST,0.2001259714025967,0.5205920338630676
2024-08-08,XLE,CAUSAL_XGBOOST,0.18776740186971985,0.4430138170719147
2024-08-09,XLE,CAUSAL_XGBOOST,0.18999360005348306,0.27018973231315613
2024-08-12,XLE,CAUSAL_XGBOOST,0.1962371533483747,0.26879221200942993
2024-08-13,XLE,CAUSAL_XGBOOST,0.1960484943672288,0.2634521722793579
2024-08-14,XLE,CAUSAL_XGBOOST,0.19816163573298293,0.24032895267009735
2024-08-15,XLE,CAUSAL_XGBOOST,0.19331466902702427,0.23134708404541016
2024-08-16,XLE,CAUSAL_XGBOOST,0.19976697014382697,0.23183846473693848
2024-08-19,XLE,CAUSAL_XGBOOST,0.20508594920757947,0.21912263333797455
2024-08-20,XLE,CAUSAL_XGBOOST,0.18310440902192462,0.22106049954891205
2024-08-21,XLE,CAUSAL_XGBOOST,0.18817059234655115,0.21788685023784637
2024-08-22,XLE,CAUSAL_XGBOOST,0.18809716445302682,0.221367746591568
2024-08-23,XLE,CAUSAL_XGBOOST,0.18560159757726302,0.20307819545269012
2024-08-26,XLE,CAUSAL_XGBOOST,0.1824768967424978,0.2051071673631668
2024-08-27,XLE,CAUSAL_XGBOOST,0.19237034979757434,0.1978304386138916
2024-08-28,XLE,CAUSAL_XGBOOST,0.2026155882130675,0.21539390087127686
2024-08-29,XLE,CAUSAL_XGBOOST,0.21113306788264383,0.20114924013614655
2024-08-30,XLE,CAUSAL_XGBOOST,0.21254593956313056,0.20383375883102417
2024-09-03,XLE,CAUSAL_XGBOOST,0.20957768209284292,0.23878571391105652
2024-09-04,XLE,CAUSAL_XGBOOST,0.20445479680866943,0.23444046080112457
2024-09-05,XLE,CAUSAL_XGBOOST,0.20796910089908716,0.23596146702766418
2024-09-06,XLE,CAUSAL_XGBOOST,0.20011145137485303,0.2753516435623169
2024-09-09,XLE,CAUSAL_XGBOOST,0.19986102050298646,0.23763038218021393
2024-09-10,XLE,CAUSAL_XGBOOST,0.21491871657343573,0.23126879334449768
2024-09-11,XLE,CAUSAL_XGBOOST,0.2093431729728914,0.23306381702423096
2024-09-12,XLE,CAUSAL_XGBOOST,0.2088677689557282,0.2249535322189331
2024-09-13,XLE,CAUSAL_XGBOOST,0.2089170166118055,0.22736555337905884
2024-09-16,XLE,CAUSAL_XGBOOST,0.20793072726880876,0.2281045764684677
2024-09-17,XLE,CAUSAL_XGBOOST,0.24167408108748686,0.22807782888412476
2024-09-18,XLE,CAUSAL_XGBOOST,0.2419430823688641,0.2238427847623825
2024-09-19,XLE,CAUSAL_XGBOOST,0.23927897268124151,0.2168748527765274
2024-09-20,XLE,CAUSAL_XGBOOST,0.23952094346741934,0.20990559458732605
2024-09-23,XLE,CAUSAL_XGBOOST,0.23634894627707623,0.2104659527540207
2024-09-24,XLE,CAUSAL_XGBOOST,0.23615449143764422,0.20966386795043945
2024-09-25,XLE,CAUSAL_XGBOOST,0.22474555234726906,0.20743943750858307
2024-09-26,XLE,CAUSAL_XGBOOST,0.21038886237416188,0.20668411254882812
2024-09-27,XLE,CAUSAL_XGBOOST,0.1998661050803946,0.23013722896575928
2024-09-30,XLE,CAUSAL_XGBOOST,0.20059386462556558,0.23410852253437042
2024-10-01,XLE,CAUSAL_XGBOOST,0.19100586221212912,0.23369835317134857
2024-10-02,XLE,CAUSAL_XGBOOST,0.18681676349042559,0.24617575109004974
2024-10-03,XLE,CAUSAL_XGBOOST,0.1755827917218321,0.24727541208267212
2024-10-04,XLE,CAUSAL_XGBOOST,0.17089952887517434,0.23086217045783997
2024-10-07,XLE,CAUSAL_XGBOOST,0.18424129664528135,0.23363131284713745
2024-10-08,XLE,CAUSAL_XGBOOST,0.16256580200915405,0.23605751991271973
2024-10-09,XLE,CAUSAL_XGBOOST,0.20925186812293467,0.22186723351478577
2024-10-10,XLE,CAUSAL_XGBOOST,0.20903238667896765,0.2355516254901886
2024-10-11,XLE,CAUSAL_XGBOOST,0.2092101961655816,0.23217295110225677
2024-10-15,XLE,CAUSAL_XGBOOST,0.1706902638605926,0.23969364166259766
2024-10-16,XLE,CAUSAL_XGBOOST,0.17161558587950876,0.22824928164482117
2024-10-17,XLE,CAUSAL_XGBOOST,0.1714700712090706,0.2203977108001709
2024-10-18,XLE,CAUSAL_XGBOOST,0.17079716039566278,0.21913503110408783
2024-10-21,XLE,CAUSAL_XGBOOST,0.17370760206087665,0.21650315821170807
2024-10-22,XLE,CAUSAL_XGBOOST,0.17699171554196386,0.23518763482570648
2024-10-23,XLE,CAUSAL_XGBOOST,0.17615519597715712,0.22207032144069672
2024-10-24,XLE,CAUSAL_XGBOOST,0.17631669682323703,0.21520565450191498
2024-10-25,XLE,CAUSAL_XGBOOST,0.17584146739176465,0.20429061353206635
2024-10-28,XLE,CAUSAL_XGBOOST,0.19228960810296544,0.21163395047187805
2024-10-29,XLE,CAUSAL_XGBOOST,0.18028075037515248,0.22226329147815704
2024-10-30,XLE,CAUSAL_XGBOOST,0.18109566015992654,0.2189326286315918
2024-10-31,XLE,CAUSAL_XGBOOST,0.1808916429963878,0.23129703104496002
2024-11-01,XLE,CAUSAL_XGBOOST,0.1846714034484424,0.23050953447818756
2024-11-04,XLE,CAUSAL_XGBOOST,0.17764786551561243,0.22063922882080078
2024-11-05,XLE,CAUSAL_XGBOOST,0.20112197864034348,0.2147514820098877
2024-11-06,XLE,CAUSAL_XGBOOST,0.15117004608565726,0.2090328186750412
2024-11-07,XLE,CAUSAL_XGBOOST,0.16178308920308795,0.18766005337238312
2024-11-08,XLE,CAUSAL_XGBOOST,0.15914953176728402,0.18664808571338654
2024-11-12,XLE,CAUSAL_XGBOOST,0.15793142303539995,0.1801500916481018
2024-11-13,XLE,CAUSAL_XGBOOST,0.15516976721593959,0.19260238111019135
2024-11-14,XLE,CAUSAL_XGBOOST,0.15347334835200063,0.19663630425930023
2024-11-15,XLE,CAUSAL_XGBOOST,0.1676172684616438,0.19810539484024048
2024-11-18,XLE,CAUSAL_XGBOOST,0.15486612820090398,0.23045405745506287
2024-11-19,XLE,CAUSAL_XGBOOST,0.17830107831898903,0.25847554206848145
2024-11-20,XLE,CAUSAL_XGBOOST,0.16761490326962633,0.2254108488559723
2024-11-21,XLE,CAUSAL_XGBOOST,0.16981009618160745,0.22207753360271454
2024-11-22,XLE,CAUSAL_XGBOOST,0.17339791024549142,0.20479847490787506
2024-11-25,XLE,CAUSAL_XGBOOST,0.17446283048586939,0.19055625796318054
2024-11-26,XLE,CAUSAL_XGBOOST,0.17464365249042377,0.19387757778167725
2024-11-27,XLE,CAUSAL_XGBOOST,0.17499064313434992,0.19671142101287842
2024-11-29,XLE,CAUSAL_XGBOOST,0.17240299726168015,0.19490255415439606
2024-12-02,XLE,CAUSAL_XGBOOST,0.18352175376349641,0.19001059234142303
2024-12-03,XLE,CAUSAL_XGBOOST,0.19176792255327332,0.1884532868862152
2024-12-04,XLE,CAUSAL_XGBOOST,0.1810083687161636,0.18879444897174835
2024-12-05,XLE,CAUSAL_XGBOOST,0.17969901899286847,0.19052395224571228
2024-12-06,XLE,CAUSAL_XGBOOST,0.17647613990464836,0.1997637301683426
2024-12-09,XLE,CAUSAL_XGBOOST,0.1766615063758455,0.20350348949432373
2024-12-10,XLE,CAUSAL_XGBOOST,0.17626246273843724,0.19789576530456543
2024-12-11,XLE,CAUSAL_XGBOOST,0.1919822735934796,0.2011364847421646
2024-12-12,XLE,CAUSAL_XGBOOST,0.19261325325363896,0.20301567018032074
2024-12-13,XLE,CAUSAL_XGBOOST,0.196727990245985,0.21010665595531464
2024-12-16,XLE,CAUSAL_XGBOOST,0.17466734528201366,0.20705826580524445
2024-12-17,XLE,CAUSAL_XGBOOST,0.1699934103018998,0.20792320370674133
2024-12-18,XLE,CAUSAL_XGBOOST,0.11803296846871031,0.26956427097320557
2024-12-19,XLE,CAUSAL_XGBOOST,0.13708906129499404,0.23405595123767853
2024-12-20,XLE,CAUSAL_XGBOOST,0.1360445918604536,0.1997045874595642
2024-12-23,XLE,CAUSAL_XGBOOST,0.1456038654788747,0.20406366884708405
2024-12-24,XLE,CAUSAL_XGBOOST,0.15357170117679397,0.19635485112667084
2024-12-26,XLE,CAUSAL_XGBOOST,0.15967228336817654,0.1916431039571762
2024-12-27,XLE,CAUSAL_XGBOOST,0.159313656010719,0.20312346518039703
2024-12-30,XLE,CAUSAL_XGBOOST,0.1590594912926782,0.21107420325279236
2024-12-31,XLE,CAUSAL_XGBOOST,0.189981324050285,0.21058021485805511
2025-01-02,XLE,CAUSAL_XGBOOST,0.18699868799984817,0.20719698071479797
2025-01-03,XLE,CAUSAL_XGBOOST,0.1979492167141329,0.19992224872112274
2025-01-06,XLE,CAUSAL_XGBOOST,0.19666599224819062,0.19905228912830353
2025-01-07,XLE,CAUSAL_XGBOOST,0.20675734305415844,0.21529817581176758
2025-01-08,XLE,CAUSAL_XGBOOST,0.2067481281032991,0.22006802260875702
2025-01-10,XLE,CAUSAL_XGBOOST,0.22015197401731884,0.2281675636768341
2025-01-13,XLE,CAUSAL_XGBOOST,0.20943848157671324,0.22555957734584808
2025-01-14,XLE,CAUSAL_XGBOOST,0.2234746723736466,0.224355086684227
2025-01-15,XLE,CAUSAL_XGBOOST,0.2180794191652705,0.18964289128780365
2025-01-16,XLE,CAUSAL_XGBOOST,0.21665936013609507,0.20422831177711487
2025-01-17,XLE,CAUSAL_XGBOOST,0.221004624356478,0.19350996613502502
2025-01-21,XLE,CAUSAL_XGBOOST,0.22292622837384618,0.19296018779277802
2025-01-22,XLE,CAUSAL_XGBOOST,0.2154004425874425,0.19878485798835754
2025-01-23,XLE,CAUSAL_XGBOOST,0.22789208846938225,0.19827450811862946
2025-01-24,XLE,CAUSAL_XGBOOST,0.22539915730752996,0.19450050592422485
2025-01-27,XLE,CAUSAL_XGBOOST,0.22828428972606735,0.2171415239572525
2025-01-28,XLE,CAUSAL_XGBOOST,0.22663535972944765,0.21719908714294434
2025-01-29,XLE,CAUSAL_XGBOOST,0.2273561494279216,0.2194558084011078
2025-01-30,XLE,CAUSAL_XGBOOST,0.23330212501821362,0.20735077559947968
2025-01-31,XLE,CAUSAL_XGBOOST,0.24618411050638137,0.20230908691883087
2025-02-03,XLE,CAUSAL_XGBOOST,0.2474191605512915,0.20258204638957977
2025-02-04,XLE,CAUSAL_XGBOOST,0.23849584212329272,0.20724093914031982
2025-02-05,XLE,CAUSAL_XGBOOST,0.2387526944556161,0.18962305784225464
2025-02-06,XLE,CAUSAL_XGBOOST,0.24018818781906212,0.19087524712085724
2025-02-07,XLE,CAUSAL_XGBOOST,0.24188752032182181,0.20283852517604828
2025-02-10,XLE,CAUSAL_XGBOOST,0.2286055660699793,0.1863657534122467
2025-02-11,XLE,CAUSAL_XGBOOST,0.22696156571092702,0.19212059676647186
2025-02-12,XLE,CAUSAL_XGBOOST,0.21196635191778165,0.18470418453216553
2025-02-13,XLE,CAUSAL_XGBOOST,0.23613763208337635,0.18199226260185242
2025-02-14,XLE,CAUSAL_XGBOOST,0.24240583594899698,0.18393144011497498
2025-02-18,XLE,CAUSAL_XGBOOST,0.23760786764432426,0.18205861747264862
2025-02-19,XLE,CAUSAL_XGBOOST,0.24302467066758282,0.18564903736114502
2025-02-20,XLE,CAUSAL_XGBOOST,0.2412190088556947,0.1850355714559555
2025-02-21,XLE,CAUSAL_XGBOOST,0.22976951598963735,0.2060225009918213
2025-02-24,XLE,CAUSAL_XGBOOST,0.23271989940336027,0.2043684870004654
2025-02-25,XLE,CAUSAL_XGBOOST,0.2250718812569441,0.20801910758018494
2025-02-26,XLE,CAUSAL_XGBOOST,0.22332156276124754,0.1987045556306839
2025-02-27,XLE,CAUSAL_XGBOOST,0.2275415013871853,0.20813089609146118
2025-02-28,XLE,CAUSAL_XGBOOST,0.22321496726146373,0.2028466910123825
2025-03-03,XLE,CAUSAL_XGBOOST,0.17822021268849642,0.2243705689907074
2025-03-04,XLE,CAUSAL_XGBOOST,0.17134013649413873,0.22255249321460724
2025-03-05,XLE,CAUSAL_XGBOOST,0.15657602432192494,0.2065480500459671
2025-03-06,XLE,CAUSAL_XGBOOST,0.3459992324386952,0.2349700927734375
2025-03-07,XLE,CAUSAL_XGBOOST,0.4831439526649574,0.2159864902496338
2025-03-10,XLE,CAUSAL_XGBOOST,0.48098799364145695,0.2390395998954773
2025-03-11,XLE,CAUSAL_XGBOOST,0.48512831278840984,0.24659363925457
2025-03-12,XLE,CAUSAL_XGBOOST,0.5633133152193861,0.240614652633667
2025-03-13,XLE,CAUSAL_XGBOOST,0.6085040450275856,0.24081213772296906
2025-03-14,XLE,CAUSAL_XGBOOST,0.6051678393098892,0.24267850816249847
2025-03-17,XLE,CAUSAL_XGBOOST,0.6008396913117536,0.21953289210796356
2025-03-18,XLE,CAUSAL_XGBOOST,0.6003636211460545,0.21955326199531555
2025-03-19,XLE,CAUSAL_XGBOOST,0.5969601473835106,0.21250848472118378
2025-03-20,XLE,CAUSAL_XGBOOST,0.6051063399908219,0.21290931105613708
2025-03-21,XLE,CAUSAL_XGBOOST,0.609341178237487,0.21080246567726135
2025-03-24,XLE,CAUSAL_XGBOOST,0.6168543969061122,0.20018687844276428
2025-03-25,XLE,CAUSAL_XGBOOST,0.6158522548355843,0.20123784244060516
2025-03-26,XLE,CAUSAL_XGBOOST,0.6196097133346722,0.20268405973911285
2025-03-27,XLE,CAUSAL_XGBOOST,0.6196776468696151,0.20203988254070282
2025-03-28,XLE,CAUSAL_XGBOOST,0.6213939382954744,0.20178329944610596
2025-03-31,XLE,CAUSAL_XGBOOST,0.6184901625073869,0.20592452585697174
2025-04-01,XLE,CAUSAL_XGBOOST,0.6211937592756841,0.2114713490009308
2025-04-02,XLE,CAUSAL_XGBOOST,0.621704922785696,0.21463343501091003
2025-04-03,XLE,CAUSAL_XGBOOST,0.5603496200981778,0.311790406703949
2025-04-04,XLE,CAUSAL_XGBOOST,0.4434572856319862,0.8546696305274963
2025-04-07,XLE,CAUSAL_XGBOOST,0.4425717669143689,0.7726602554321289
2025-04-08,XLE,CAUSAL_XGBOOST,0.4328174890970693,0.7694792747497559
2025-04-09,XLE,CAUSAL_XGBOOST,0.34287326295214293,0.8732492327690125
2025-04-10,XLE,CAUSAL_XGBOOST,0.2351867664409177,1.0680580139160156
2025-04-11,XLE,CAUSAL_XGBOOST,0.23669725437195255,0.8984439969062805
2025-04-14,XLE,CAUSAL_XGBOOST,0.2396094127125895,0.8762786984443665
2025-04-15,XLE,CAUSAL_XGBOOST,0.24154405507570853,0.877500593662262
2025-04-16,XLE,CAUSAL_XGBOOST,0.24099221521430203,0.8760555386543274
2025-04-17,XLE,CAUSAL_XGBOOST,0.23103704687327173,0.863924503326416
2025-04-21,XLE,CAUSAL_XGBOOST,0.213013367731904,0.6566089987754822
2025-04-22,XLE,CAUSAL_XGBOOST,0.2003619929330633,0.6407639980316162
2025-04-23,XLE,CAUSAL_XGBOOST,0.21234951984433742,0.6981083154678345
2025-04-24,XLE,CAUSAL_XGBOOST,0.2048241964254514,0.6774498224258423
2025-04-25,XLE,CAUSAL_XGBOOST,0.2051624937783231,0.6951284408569336
2025-04-28,XLE,CAUSAL_XGBOOST,0.20599426979140012,0.6965586543083191
2025-04-29,XLE,CAUSAL_XGBOOST,0.21066645326515088,0.4345385730266571
2025-04-30,XLE,CAUSAL_XGBOOST,0.18712624170769046,0.4872322380542755
2025-05-01,XLE,CAUSAL_XGBOOST,0.1901134925891012,0.4810585379600525
2025-05-02,XLE,CAUSAL_XGBOOST,0.1887485148048078,0.40642049908638
2025-05-05,XLE,CAUSAL_XGBOOST,0.1793647244909045,0.4302999973297119
2025-05-06,XLE,CAUSAL_XGBOOST,0.19505113443521435,0.4354507625102997
2025-05-07,XLE,CAUSAL_XGBOOST,0.19515647783014495,0.37572190165519714
2025-05-08,XLE,CAUSAL_XGBOOST,0.20071077582600974,0.3412123918533325
2025-05-09,XLE,CAUSAL_XGBOOST,0.19798569946764535,0.3078790605068207
2025-05-12,XLE,CAUSAL_XGBOOST,0.18614841299131704,0.2696850001811981
2025-05-13,XLE,CAUSAL_XGBOOST,0.18652917192924492,0.265475869178772
2025-05-14,XLE,CAUSAL_XGBOOST,0.18527096506786084,0.2689228951931
2025-05-15,XLE,CAUSAL_XGBOOST,0.1940877843869204,0.2632980942726135
2025-05-16,XLE,CAUSAL_XGBOOST,0.19444413011184253,0.2585534155368805
2025-05-19,XLE,CAUSAL_XGBOOST,0.18854285739354734,0.2762549817562103
2025-05-20,XLE,CAUSAL_XGBOOST,0.1865245812867733,0.2383209764957428
2025-05-21,XLE,CAUSAL_XGBOOST,0.17038684586268452,0.25707486271858215
2025-05-22,XLE,CAUSAL_XGBOOST,0.1988776169247247,0.24464914202690125
2025-05-23,XLE,CAUSAL_XGBOOST,0.20688732256017403,0.30056294798851013
2025-05-27,XLE,CAUSAL_XGBOOST,0.20663948306576743,0.25086894631385803
2025-05-28,XLE,CAUSAL_XGBOOST,0.20408889765648505,0.2533763647079468
2025-05-29,XLE,CAUSAL_XGBOOST,0.2052796380789612,0.24536342918872833
2025-05-30,XLE,CAUSAL_XGBOOST,0.20330718667298672,0.2445225864648819
2025-06-02,XLE,CAUSAL_XGBOOST,0.20043337818929843,0.23066557943820953
2025-06-03,XLE,CAUSAL_XGBOOST,0.20463121713055324,0.22647322714328766
2025-06-04,XLE,CAUSAL_XGBOOST,0.18747853479274568,0.22738315165042877
2025-06-05,XLE,CAUSAL_XGBOOST,0.19267115609386828,0.22027252614498138
2025-06-06,XLE,CAUSAL_XGBOOST,0.2029923157716487,0.22405816614627838
2025-06-09,XLE,CAUSAL_XGBOOST,0.2051744968614074,0.22567810118198395
2025-06-10,XLE,CAUSAL_XGBOOST,0.19863984055886946,0.19808638095855713
2025-06-11,XLE,CAUSAL_XGBOOST,0.1938713911801279,0.2131694257259369
2025-06-12,XLE,CAUSAL_XGBOOST,0.1992175683640255,0.21555651724338531
2025-06-13,XLE,CAUSAL_XGBOOST,0.19733480094030195,0.21087080240249634
2025-06-16,XLE,CAUSAL_XGBOOST,0.19938965855237945,0.19286958873271942
2025-06-17,XLE,CAUSAL_XGBOOST,0.19762400038135358,0.2264067530632019
2025-06-18,XLE,CAUSAL_XGBOOST,0.19830418605763706,0.1975828856229782
2025-06-20,XLE,CAUSAL_XGBOOST,0.19663674841080597,0.21605630218982697
2025-06-23,XLE,CAUSAL_XGBOOST,0.17643139810559877,0.20144158601760864
2025-06-24,XLE,CAUSAL_XGBOOST,0.17822380990297046,0.18723241984844208
2025-06-25,XLE,CAUSAL_XGBOOST,0.1782076992144849,0.19422759115695953
2025-06-26,XLE,CAUSAL_XGBOOST,0.17279028669652327,0.1992100030183792
2025-06-27,XLE,CAUSAL_XGBOOST,0.17509533751338907,0.19657209515571594
2025-06-30,XLE,CAUSAL_XGBOOST,0.17507314419055361,0.20312002301216125
2025-07-01,XLE,CAUSAL_XGBOOST,0.18354978503368036,0.20987118780612946
2025-07-02,XLE,CAUSAL_XGBOOST,0.17505754231372792,0.21326066553592682
2025-07-03,XLE,CAUSAL_XGBOOST,0.18738449698730683,0.2139110267162323
2025-07-07,XLE,CAUSAL_XGBOOST,0.18455144037226112,0.20768404006958008
2025-07-08,XLE,CAUSAL_XGBOOST,0.15489261395913037,0.22322024405002594
2025-07-09,XLE,CAUSAL_XGBOOST,0.15680160730122186,0.20292580127716064
2025-07-10,XLE,CAUSAL_XGBOOST,0.15280857561997882,0.21285153925418854
2025-07-11,XLE,CAUSAL_XGBOOST,0.15409243161739655,0.2201288789510727
2025-07-14,XLE,CAUSAL_XGBOOST,0.15220868722716166,0.23428422212600708
2025-07-15,XLE,CAUSAL_XGBOOST,0.14697082630147837,0.23420225083827972
2025-07-16,XLE,CAUSAL_XGBOOST,0.15094044876676185,0.23245981335639954
2025-07-17,XLE,CAUSAL_XGBOOST,0.14902622206992575,0.22746194899082184
2025-07-18,XLE,CAUSAL_XGBOOST,0.1463904769476944,0.22883641719818115
2025-07-21,XLE,CAUSAL_XGBOOST,0.14311526439795366,0.23426875472068787
2025-07-22,XLE,CAUSAL_XGBOOST,0.1420490414996471,0.2319311648607254
2025-07-23,XLE,CAUSAL_XGBOOST,0.13343718894354012,0.20399117469787598
2025-07-24,XLE,CAUSAL_XGBOOST,0.13323886577565458,0.2263135313987732
2025-07-25,XLE,CAUSAL_XGBOOST,0.15153308933277537,0.22458207607269287
2025-07-28,XLE,CAUSAL_XGBOOST,0.14644085160609818,0.2331230640411377
2025-07-29,XLE,CAUSAL_XGBOOST,0.14208882107751786,0.22695131599903107
2025-07-30,XLE,CAUSAL_XGBOOST,0.13762447335956063,0.21032996475696564
2025-07-31,XLE,CAUSAL_XGBOOST,0.13751715911465817,0.23084019124507904
2025-08-01,XLE,CAUSAL_XGBOOST,0.11522727037670315,0.24794705212116241
2025-08-04,XLE,CAUSAL_XGBOOST,0.11386607107402512,0.21134233474731445
2025-08-05,XLE,CAUSAL_XGBOOST,0.14572778942190792,0.23048047721385956
2025-08-06,XLE,CAUSAL_XGBOOST,0.1406692627470433,0.24132448434829712
2025-08-07,XLE,CAUSAL_XGBOOST,0.15970110622335984,0.21271903812885284
2025-08-08,XLE,CAUSAL_XGBOOST,0.1593185887880098,0.20165103673934937
2025-08-11,XLE,CAUSAL_XGBOOST,0.15582294185845524,0.20925362408161163
2025-08-12,XLE,CAUSAL_XGBOOST,0.1649319227749615,0.20642130076885223
2025-08-13,XLE,CAUSAL_XGBOOST,0.16164355321403726,0.20477108657360077
2025-08-14,XLE,CAUSAL_XGBOOST,0.16382468702008368,0.20390650629997253
2025-08-15,XLE,CAUSAL_XGBOOST,0.16474381265675334,0.21185851097106934
2025-08-18,XLE,CAUSAL_XGBOOST,0.17043289068498724,0.21622496843338013
2025-08-19,XLE,CAUSAL_XGBOOST,0.1702148863884665,0.19890697300434113
2025-08-20,XLE,CAUSAL_XGBOOST,0.17014592876323575,0.20040632784366608
2025-08-21,XLE,CAUSAL_XGBOOST,0.17781572738604712,0.2094300538301468
2025-08-22,XLE,CAUSAL_XGBOOST,0.1631889133330177,0.1852365881204605
2025-08-25,XLE,CAUSAL_XGBOOST,0.1738075689170013,0.20678527653217316
2025-08-26,XLE,CAUSAL_XGBOOST,0.1786398545756141,0.20579414069652557
2025-08-27,XLE,CAUSAL_XGBOOST,0.17722719449157331,0.19777697324752808
2025-08-28,XLE,CAUSAL_XGBOOST,0.1780354377507282,0.2020384818315506
2025-08-29,XLE,CAUSAL_XGBOOST,0.19100972347809592,0.19223664700984955
2025-09-02,XLE,CAUSAL_XGBOOST,0.1949246051783361,0.19680742919445038
2025-09-03,XLE,CAUSAL_XGBOOST,0.17598421913883278,0.1932978332042694
2025-09-04,XLE,CAUSAL_XGBOOST,0.17877224562149457,0.18580107390880585
2025-09-05,XLE,CAUSAL_XGBOOST,0.163829359234348,0.18090781569480896
2025-09-08,XLE,CAUSAL_XGBOOST,0.16373415052509138,0.17125964164733887
2025-09-09,XLE,CAUSAL_XGBOOST,0.16331299817093417,0.17332957684993744
2025-09-10,XLE,CAUSAL_XGBOOST,0.15398465327951127,0.17374292016029358
2025-09-11,XLE,CAUSAL_XGBOOST,0.16185475973883848,0.18507608771324158
2025-09-12,XLE,CAUSAL_XGBOOST,0.19127286922510403,0.18619781732559204
2025-09-15,XLE,CAUSAL_XGBOOST,0.19836654733444417,0.1828555017709732
2025-09-16,XLE,CAUSAL_XGBOOST,0.18761596504080857,0.17425304651260376
2025-09-17,XLE,CAUSAL_XGBOOST,0.18710772658413616,0.18255241215229034
2025-09-18,XLE,CAUSAL_XGBOOST,0.19073448343000737,0.16913297772407532
2025-09-19,XLE,CAUSAL_XGBOOST,0.18920064234928669,0.17545227706432343
2025-09-22,XLE,CAUSAL_XGBOOST,0.19359321363966547,0.1751348078250885
2025-09-23,XLE,CAUSAL_XGBOOST,0.1822142928251423,0.18321341276168823
2025-09-24,XLE,CAUSAL_XGBOOST,0.18200624003712623,0.18910083174705505
2025-09-25,XLE,CAUSAL_XGBOOST,0.1858613565411855,0.18495631217956543
2025-09-26,XLE,CAUSAL_XGBOOST,0.184202074084344,0.17947323620319366
2025-09-29,XLE,CAUSAL_XGBOOST,0.17425179299280436,0.17916084825992584
2025-09-30,XLE,CAUSAL_XGBOOST,0.17409905619059696,0.1865655928850174
2025-10-01,XLE,CAUSAL_XGBOOST,0.17670095465375396,0.19800017774105072
2025-10-02,XLE,CAUSAL_XGBOOST,0.1743593425277863,0.20502085983753204
2025-10-03,XLE,CAUSAL_XGBOOST,0.17538246181795342,0.19422926008701324
2025-10-06,XLE,CAUSAL_XGBOOST,0.17425315064868582,0.20105238258838654
2025-10-07,XLE,CAUSAL_XGBOOST,0.1776595426972936,0.20696665346622467
2025-10-08,XLE,CAUSAL_XGBOOST,0.1773394014557051,0.1989458054304123
2025-10-09,XLE,CAUSAL_XGBOOST,0.1743177006195989,0.19400936365127563
2025-10-10,XLE,CAUSAL_XGBOOST,0.14161008946162285,0.2360222190618515
2025-10-14,XLE,CAUSAL_XGBOOST,0.1425704384798115,0.24450184404850006
2025-10-15,XLE,CAUSAL_XGBOOST,0.15450179779828568,0.24201644957065582
2025-10-16,XLE,CAUSAL_XGBOOST,0.1449112595354181,0.29584750533103943
2025-10-17,XLE,CAUSAL_XGBOOST,0.15217545758236287,0.2274971455335617
2025-10-20,XLE,CAUSAL_XGBOOST,0.16805162110814933,0.2259899079799652
2025-10-21,XLE,CAUSAL_XGBOOST,0.16854726671735581,0.21446654200553894
2025-10-22,XLE,CAUSAL_XGBOOST,0.17250509757440238,0.21093396842479706
2025-10-23,XLE,CAUSAL_XGBOOST,0.17182563907256598,0.19989553093910217
2025-10-24,XLE,CAUSAL_XGBOOST,0.1688904265376183,0.17619866132736206
2025-10-27,XLE,CAUSAL_XGBOOST,0.16923193083630236,0.17490871250629425
2025-10-28,XLE,CAUSAL_XGBOOST,0.166262157894242,0.18101730942726135
2025-10-29,XLE,CAUSAL_XGBOOST,0.16632670982290879,0.2126181274652481
2025-10-30,XLE,CAUSAL_XGBOOST,0.16985004682295998,0.20240022242069244
2025-10-31,XLE,CAUSAL_XGBOOST,0.17104263871467626,0.20926149189472198
2025-11-03,XLE,CAUSAL_XGBOOST,0.17889502071644936,0.2178475558757782
2025-11-04,XLE,CAUSAL_XGBOOST,0.18322970552943843,0.23934940993785858
2025-11-05,XLE,CAUSAL_XGBOOST,0.18332296456778177,0.2390596568584442
2025-11-06,XLE,CAUSAL_XGBOOST,0.1828769653370477,0.2399197369813919
2025-11-07,XLE,CAUSAL_XGBOOST,0.18229600374286015,0.24177558720111847
2025-11-10,XLE,CAUSAL_XGBOOST,0.18084912245906073,0.21803422272205353
2025-11-12,XLE,CAUSAL_XGBOOST,0.17163537319662603,0.20924973487854004
2025-11-13,XLE,CAUSAL_XGBOOST,0.17565958208464869,0.2095017284154892
2025-11-14,XLE,CAUSAL_XGBOOST,0.16597556405862623,0.22888417541980743
2025-11-17,XLE,CAUSAL_XGBOOST,0.18814050090834486,0.22737333178520203
2025-11-18,XLE,CAUSAL_XGBOOST,0.20336841200828423,0.31766971945762634
2025-11-19,XLE,CAUSAL_XGBOOST,0.2046986033864516,0.236538365483284
2025-11-20,XLE,CAUSAL_XGBOOST,0.20090484098116013,0.34814634919166565
2025-11-21,XLE,CAUSAL_XGBOOST,0.20315420122228217,0.2188907414674759
2025-11-24,XLE,CAUSAL_XGBOOST,0.2042326485656587,0.1995004117488861
2025-11-25,XLE,CAUSAL_XGBOOST,0.20312831027696482,0.20359617471694946
2025-11-26,XLE,CAUSAL_XGBOOST,0.20191176442653305,0.20422594249248505
2025-11-28,XLE,CAUSAL_XGBOOST,0.19922663359712844,0.19703853130340576
2025-12-01,XLE,CAUSAL_XGBOOST,0.1980516566288458,0.20537006855010986
2025-12-02,XLE,CAUSAL_XGBOOST,0.19345637875529897,0.1984710991382599
2025-12-03,XLE,CAUSAL_XGBOOST,0.19643379047348092,0.1797209084033966
2025-12-04,XLE,CAUSAL_XGBOOST,0.2178446852555177,0.17331083118915558
2025-12-05,XLE,CAUSAL_XGBOOST,0.23944264452864414,0.18516822159290314
2025-12-08,XLE,CAUSAL_XGBOOST,0.23962197887893366,0.17621412873268127
2025-12-09,XLE,CAUSAL_XGBOOST,0.26300072102133,0.18004031479358673
2025-12-10,XLE,CAUSAL_XGBOOST,0.2608626729779988,0.16897086799144745
2025-12-11,XLE,CAUSAL_XGBOOST,0.26166728422988805,0.17336098849773407
2025-12-12,XLE,CAUSAL_XGBOOST,0.26253580370414925,0.18291281163692474
2025-12-15,XLE,CAUSAL_XGBOOST,0.2696391973773185,0.18234498798847198
2025-12-16,XLE,CAUSAL_XGBOOST,0.24249649334688875,0.17957891523838043
2025-12-17,XLE,CAUSAL_XGBOOST,0.23381276729960349,0.1815371811389923
2025-12-18,XLE,CAUSAL_XGBOOST,0.2248688920479209,0.17321808636188507
2025-12-19,XLE,CAUSAL_XGBOOST,0.23469408403509248,0.17154012620449066
2025-12-22,XLE,CAUSAL_XGBOOST,0.23407378029557635,0.15628018975257874
2025-12-23,XLE,CAUSAL_XGBOOST,0.2340224089078798,0.16374075412750244
2025-12-24,XLE,CAUSAL_XGBOOST,0.23276545531374043,0.16333089768886566
2025-12-26,XLE,CAUSAL_XGBOOST,0.2306328181927444,0.17011213302612305
2025-12-29,XLE,CAUSAL_XGBOOST,0.23034213050035068,0.18376930058002472
2025-12-30,XLE,CAUSAL_XGBOOST,0.23057423790504766,0.18605948984622955
2025-12-31,XLE,CAUSAL_XGBOOST,0.22710170038096472,0.18458200991153717
2023-12-28,XLV,CAUSAL_XGBOOST,0.09100928175032912,0.10605184733867645
2023-12-29,XLV,CAUSAL_XGBOOST,0.0910405274593397,0.10175229609012604
2024-01-02,XLV,CAUSAL_XGBOOST,0.06925679058201889,0.0987047553062439
2024-01-03,XLV,CAUSAL_XGBOOST,0.08123746542945957,0.10592375695705414
2024-01-04,XLV,CAUSAL_XGBOOST,0.08059736567869427,0.10354292392730713
2024-01-05,XLV,CAUSAL_XGBOOST,0.0806228054277794,0.10748576372861862
2024-01-08,XLV,CAUSAL_XGBOOST,0.08342903512848746,0.10702136904001236
2024-01-09,XLV,CAUSAL_XGBOOST,0.08339883027304135,0.10618877410888672
2024-01-10,XLV,CAUSAL_XGBOOST,0.0832521429278066,0.10276313126087189
2024-01-11,XLV,CAUSAL_XGBOOST,0.08326791840781021,0.10194816440343857
2024-01-12,XLV,CAUSAL_XGBOOST,0.08218039069697661,0.10179239511489868
2024-01-16,XLV,CAUSAL_XGBOOST,0.08683328889506689,0.10878468304872513
2024-01-17,XLV,CAUSAL_XGBOOST,0.0899114550084894,0.10598553717136383
2024-01-18,XLV,CAUSAL_XGBOOST,0.09176581983965111,0.11009421199560165
2024-01-19,XLV,CAUSAL_XGBOOST,0.09169223395443082,0.10092827677726746
2024-01-22,XLV,CAUSAL_XGBOOST,0.0933233434678744,0.10832048952579498
2024-01-23,XLV,CAUSAL_XGBOOST,0.09286495863816069,0.11442068964242935
2024-01-24,XLV,CAUSAL_XGBOOST,0.08924197216830164,0.11644325405359268
2024-01-25,XLV,CAUSAL_XGBOOST,0.08782999775412743,0.11742467433214188
2024-01-26,XLV,CAUSAL_XGBOOST,0.0922041893565593,0.11869405210018158
2024-01-29,XLV,CAUSAL_XGBOOST,0.09249964737658478,0.12522992491722107
2024-01-30,XLV,CAUSAL_XGBOOST,0.09601087635663351,0.12400542944669724
2024-01-31,XLV,CAUSAL_XGBOOST,0.10195663565609532,0.15699906647205353
2024-02-01,XLV,CAUSAL_XGBOOST,0.09867677594827648,0.12374816089868546
2024-02-02,XLV,CAUSAL_XGBOOST,0.09868719094541725,0.12593641877174377
2024-02-05,XLV,CAUSAL_XGBOOST,0.10336314723885107,0.13604846596717834
2024-02-06,XLV,CAUSAL_XGBOOST,0.09914508613170647,0.12653076648712158
2024-02-07,XLV,CAUSAL_XGBOOST,0.09990124598072224,0.13096892833709717
2024-02-08,XLV,CAUSAL_XGBOOST,0.09993870097918132,0.13608892261981964
2024-02-09,XLV,CAUSAL_XGBOOST,0.09989674162959856,0.13540016114711761
2024-02-12,XLV,CAUSAL_XGBOOST,0.10081219112714426,0.13928011059761047
2024-02-13,XLV,CAUSAL_XGBOOST,0.0951151535386718,0.12700992822647095
2024-02-14,XLV,CAUSAL_XGBOOST,0.09234759509364662,0.12413901090621948
2024-02-15,XLV,CAUSAL_XGBOOST,0.09024769905187285,0.12251170724630356
2024-02-16,XLV,CAUSAL_XGBOOST,0.0894718383150889,0.11915086209774017
2024-02-20,XLV,CAUSAL_XGBOOST,0.09161154371218289,0.1191829964518547
2024-02-21,XLV,CAUSAL_XGBOOST,0.09182080927969558,0.12257299572229385
2024-02-22,XLV,CAUSAL_XGBOOST,0.08136270597666335,0.15902301669120789
2024-02-23,XLV,CAUSAL_XGBOOST,0.07916061887495805,0.14367513358592987
2024-02-26,XLV,CAUSAL_XGBOOST,0.0774238968967141,0.14331968128681183
2024-02-27,XLV,CAUSAL_XGBOOST,0.07835741009074552,0.10844380408525467
2024-02-28,XLV,CAUSAL_XGBOOST,0.08933935502174602,0.11357783526182175
2024-02-29,XLV,CAUSAL_XGBOOST,0.08294645110471109,0.11614376306533813
2024-03-01,XLV,CAUSAL_XGBOOST,0.08222011714672187,0.11615338921546936
2024-03-04,XLV,CAUSAL_XGBOOST,0.09972853649628347,0.12125083059072495
2024-03-05,XLV,CAUSAL_XGBOOST,0.09629918457171345,0.15292349457740784
2024-03-06,XLV,CAUSAL_XGBOOST,0.10521460241948906,0.1483239233493805
2024-03-07,XLV,CAUSAL_XGBOOST,0.10937738549612093,0.15877258777618408
2024-03-08,XLV,CAUSAL_XGBOOST,0.10962303009849075,0.15457242727279663
2024-03-11,XLV,CAUSAL_XGBOOST,0.11085795593002365,0.1591327041387558
2024-03-12,XLV,CAUSAL_XGBOOST,0.11526389983625072,0.15471704304218292
2024-03-13,XLV,CAUSAL_XGBOOST,0.1153218593575719,0.15386028587818146
2024-03-14,XLV,CAUSAL_XGBOOST,0.1245371928425243,0.14905942976474762
2024-03-15,XLV,CAUSAL_XGBOOST,0.12437790748867752,0.16477397084236145
2024-03-18,XLV,CAUSAL_XGBOOST,0.12449496073990224,0.17184293270111084
2024-03-19,XLV,CAUSAL_XGBOOST,0.12014395388968052,0.1817018687725067
2024-03-20,XLV,CAUSAL_XGBOOST,0.12047263253925518,0.1692698448896408
2024-03-21,XLV,CAUSAL_XGBOOST,0.12179462393567118,0.18189188838005066
2024-03-22,XLV,CAUSAL_XGBOOST,0.12371918081264228,0.14118927717208862
2024-03-25,XLV,CAUSAL_XGBOOST,0.13479579468750613,0.14231707155704498
2024-03-26,XLV,CAUSAL_XGBOOST,0.13358891541931003,0.12497931718826294
2024-03-27,XLV,CAUSAL_XGBOOST,0.12228742770496724,0.12605386972427368
2024-03-28,XLV,CAUSAL_XGBOOST,0.12233494370733228,0.12837328016757965
2024-04-01,XLV,CAUSAL_XGBOOST,0.12207229181497688,0.12557674944400787
2024-04-02,XLV,CAUSAL_XGBOOST,0.11104755739273084,0.12445909529924393
2024-04-03,XLV,CAUSAL_XGBOOST,0.11160516931779707,0.123947374522686
2024-04-04,XLV,CAUSAL_XGBOOST,0.09986887500622627,0.12620526552200317
2024-04-05,XLV,CAUSAL_XGBOOST,0.09427491166857402,0.1356930434703827
2024-04-08,XLV,CAUSAL_XGBOOST,0.09536206698633065,0.13301922380924225
2024-04-09,XLV,CAUSAL_XGBOOST,0.09935143357198228,0.13289988040924072
2024-04-10,XLV,CAUSAL_XGBOOST,0.09050201032565143,0.125090092420578
2024-04-11,XLV,CAUSAL_XGBOOST,0.09366214536807962,0.1337706744670868
2024-04-12,XLV,CAUSAL_XGBOOST,0.07269530055389986,0.12181410938501358
2024-04-15,XLV,CAUSAL_XGBOOST,0.07208830115123328,0.1271786242723465
2024-04-16,XLV,CAUSAL_XGBOOST,0.07244166681225946,0.12922729551792145
2024-04-17,XLV,CAUSAL_XGBOOST,0.08414306823288396,0.1299687922000885
2024-04-18,XLV,CAUSAL_XGBOOST,0.08471178586181956,0.13659192621707916
2024-04-19,XLV,CAUSAL_XGBOOST,0.08465259648168573,0.13062676787376404
2024-04-22,XLV,CAUSAL_XGBOOST,0.08611627126261173,0.12207217514514923
2024-04-23,XLV,CAUSAL_XGBOOST,0.07631249364233035,0.1277841329574585
2024-04-24,XLV,CAUSAL_XGBOOST,0.0741415466427792,0.14729200303554535
2024-04-25,XLV,CAUSAL_XGBOOST,0.08193295296438345,0.14785374701023102
2024-04-26,XLV,CAUSAL_XGBOOST,0.08382037297577162,0.16362681984901428
2024-04-29,XLV,CAUSAL_XGBOOST,0.09661564682982494,0.1948653906583786
2024-04-30,XLV,CAUSAL_XGBOOST,0.1012549072590077,0.1276102364063263
2024-05-01,XLV,CAUSAL_XGBOOST,0.10113139769520386,0.12158525735139847
2024-05-02,XLV,CAUSAL_XGBOOST,0.11273510597997256,0.11766812950372696
2024-05-03,XLV,CAUSAL_XGBOOST,0.11457956191538592,0.1378757506608963
2024-05-06,XLV,CAUSAL_XGBOOST,0.11429678558785832,0.13414312899112701
2024-05-07,XLV,CAUSAL_XGBOOST,0.11204908324409389,0.12976984679698944
2024-05-08,XLV,CAUSAL_XGBOOST,0.11095808907971712,0.11361129581928253
2024-05-09,XLV,CAUSAL_XGBOOST,0.10774272664775364,0.14389829337596893
2024-05-10,XLV,CAUSAL_XGBOOST,0.10809548967813115,0.12617674469947815
2024-05-13,XLV,CAUSAL_XGBOOST,0.10951239933747654,0.12614746391773224
2024-05-14,XLV,CAUSAL_XGBOOST,0.10934551026796639,0.12416855245828629
2024-05-15,XLV,CAUSAL_XGBOOST,0.095937769123711,0.145372211933136
2024-05-16,XLV,CAUSAL_XGBOOST,0.09586042440797683,0.1646280586719513
2024-05-17,XLV,CAUSAL_XGBOOST,0.09562861373175709,0.16716255247592926
2024-05-20,XLV,CAUSAL_XGBOOST,0.0954879186873124,0.14773404598236084
2024-05-21,XLV,CAUSAL_XGBOOST,0.09602949037146927,0.13878466188907623
2024-05-22,XLV,CAUSAL_XGBOOST,0.0963403833148055,0.1263308823108673
2024-05-23,XLV,CAUSAL_XGBOOST,0.0888717788212815,0.11422716826200485
2024-05-24,XLV,CAUSAL_XGBOOST,0.08871148633555148,0.11344574391841888
2024-05-28,XLV,CAUSAL_XGBOOST,0.07614133322943373,0.09786773473024368
2024-05-29,XLV,CAUSAL_XGBOOST,0.06908090131749682,0.09513623267412186
2024-05-30,XLV,CAUSAL_XGBOOST,0.06954137001683752,0.11589278280735016
2024-05-31,XLV,CAUSAL_XGBOOST,0.05538568012502553,0.09666977822780609
2024-06-03,XLV,CAUSAL_XGBOOST,0.05191714217185561,0.09337571263313293
2024-06-04,XLV,CAUSAL_XGBOOST,0.05753680219921355,0.09135414659976959
2024-06-05,XLV,CAUSAL_XGBOOST,0.06210769529904819,0.08386287838220596
2024-06-06,XLV,CAUSAL_XGBOOST,0.060703307796726766,0.09269766509532928
2024-06-07,XLV,CAUSAL_XGBOOST,0.06340530427963802,0.09333089739084244
2024-06-10,XLV,CAUSAL_XGBOOST,0.07099220705520867,0.09462133795022964
2024-06-11,XLV,CAUSAL_XGBOOST,0.07340322124444236,0.10659945756196976
2024-06-12,XLV,CAUSAL_XGBOOST,0.07535357510134959,0.1113811656832695
2024-06-13,XLV,CAUSAL_XGBOOST,0.07678476282227076,0.10728311538696289
2024-06-14,XLV,CAUSAL_XGBOOST,0.09003983712551632,0.10348080843687057
2024-06-17,XLV,CAUSAL_XGBOOST,0.0900961908687205,0.1067541167140007
2024-06-18,XLV,CAUSAL_XGBOOST,0.12601448180471755,0.10723627358675003
2024-06-20,XLV,CAUSAL_XGBOOST,0.1266826400767167,0.10965072363615036
2024-06-21,XLV,CAUSAL_XGBOOST,0.12775242406414758,0.11004599183797836
2024-06-24,XLV,CAUSAL_XGBOOST,0.12646317845842686,0.11356168985366821
2024-06-25,XLV,CAUSAL_XGBOOST,0.12858259750931947,0.11324542760848999
2024-06-26,XLV,CAUSAL_XGBOOST,0.12938680278123363,0.11424209922552109
2024-06-27,XLV,CAUSAL_XGBOOST,0.12997018068171906,0.11621447652578354
2024-06-28,XLV,CAUSAL_XGBOOST,0.1297478545733074,0.12325412780046463
2024-07-01,XLV,CAUSAL_XGBOOST,0.12705595879667236,0.12190451472997665
2024-07-02,XLV,CAUSAL_XGBOOST,0.12705885507092185,0.11719709634780884
2024-07-03,XLV,CAUSAL_XGBOOST,0.12525807481726128,0.11513739824295044
2024-07-05,XLV,CAUSAL_XGBOOST,0.1248079807271733,0.12396162748336792
2024-07-08,XLV,CAUSAL_XGBOOST,0.16230379797372174,0.12498743832111359
2024-07-09,XLV,CAUSAL_XGBOOST,0.1622344829052191,0.1229996457695961
2024-07-10,XLV,CAUSAL_XGBOOST,0.1634998376203889,0.11629076302051544
2024-07-11,XLV,CAUSAL_XGBOOST,0.17979091261681068,0.11753752827644348
2024-07-12,XLV,CAUSAL_XGBOOST,0.17932073826139452,0.1153789535164833
2024-07-15,XLV,CAUSAL_XGBOOST,0.17941274047188785,0.10723256319761276
2024-07-16,XLV,CAUSAL_XGBOOST,0.17740896003549303,0.09929044544696808
2024-07-17,XLV,CAUSAL_XGBOOST,0.17714836737047532,0.11697684973478317
2024-07-18,XLV,CAUSAL_XGBOOST,0.15496756123781147,0.10344002395868301
2024-07-19,XLV,CAUSAL_XGBOOST,0.15451684155130235,0.09923344105482101
2024-07-22,XLV,CAUSAL_XGBOOST,0.1546377534587886,0.09021880477666855
2024-07-23,XLV,CAUSAL_XGBOOST,0.15460353036107585,0.09191872179508209
2024-07-24,XLV,CAUSAL_XGBOOST,0.15274493659102342,0.10617624223232269
2024-07-25,XLV,CAUSAL_XGBOOST,0.1508117511404953,0.10949661582708359
2024-07-26,XLV,CAUSAL_XGBOOST,0.1504530749505885,0.1056230440735817
2024-07-29,XLV,CAUSAL_XGBOOST,0.15062270418640986,0.1008196771144867
2024-07-30,XLV,CAUSAL_XGBOOST,0.15058961230184936,0.10367276519536972
2024-07-31,XLV,CAUSAL_XGBOOST,0.14924384378463185,0.11510629951953888
2024-08-01,XLV,CAUSAL_XGBOOST,0.14611137175941835,0.1265471875667572
2024-08-02,XLV,CAUSAL_XGBOOST,0.1466082130735415,0.1386716216802597
2024-08-05,XLV,CAUSAL_XGBOOST,0.10012114499080822,0.31433627009391785
2024-08-06,XLV,CAUSAL_XGBOOST,0.10154698966425546,0.15883582830429077
2024-08-07,XLV,CAUSAL_XGBOOST,0.10834166787180137,0.15878064930438995
2024-08-08,XLV,CAUSAL_XGBOOST,0.0837439751130724,0.14641496539115906
2024-08-09,XLV,CAUSAL_XGBOOST,0.0851453953059982,0.14858704805374146
2024-08-12,XLV,CAUSAL_XGBOOST,0.08318585198877779,0.15281079709529877
2024-08-13,XLV,CAUSAL_XGBOOST,0.07608611723493265,0.14163608849048615
2024-08-14,XLV,CAUSAL_XGBOOST,0.07609998463978429,0.12467092275619507
2024-08-15,XLV,CAUSAL_XGBOOST,0.07393412700336535,0.11007938534021378
2024-08-16,XLV,CAUSAL_XGBOOST,0.07671969002151069,0.1210661455988884
2024-08-19,XLV,CAUSAL_XGBOOST,0.08517972928767896,0.1481495499610901
2024-08-20,XLV,CAUSAL_XGBOOST,0.08453016964885829,0.15552905201911926
2024-08-21,XLV,CAUSAL_XGBOOST,0.08521546227444686,0.15383893251419067
2024-08-22,XLV,CAUSAL_XGBOOST,0.0866942984205347,0.14609751105308533
2024-08-23,XLV,CAUSAL_XGBOOST,0.0855579038109057,0.1435096561908722
2024-08-26,XLV,CAUSAL_XGBOOST,0.08580603265199739,0.14346469938755035
2024-08-27,XLV,CAUSAL_XGBOOST,0.09190681250880398,0.1423199474811554
2024-08-28,XLV,CAUSAL_XGBOOST,0.09284174042238624,0.1469687670469284
2024-08-29,XLV,CAUSAL_XGBOOST,0.09225659183726216,0.1379510462284088
2024-08-30,XLV,CAUSAL_XGBOOST,0.09184426521169307,0.1344957947731018
2024-09-03,XLV,CAUSAL_XGBOOST,0.09313272543385145,0.16272102296352386
2024-09-04,XLV,CAUSAL_XGBOOST,0.09316995185121411,0.16686157882213593
2024-09-05,XLV,CAUSAL_XGBOOST,0.08573566689605004,0.1636771410703659
2024-09-06,XLV,CAUSAL_XGBOOST,0.08531139553897724,0.17408232390880585
2024-09-09,XLV,CAUSAL_XGBOOST,0.08143013840219317,0.16487769782543182
2024-09-10,XLV,CAUSAL_XGBOOST,0.08226977112939705,0.1638931930065155
2024-09-11,XLV,CAUSAL_XGBOOST,0.09104594480250054,0.15413866937160492
2024-09-12,XLV,CAUSAL_XGBOOST,0.09044277317104213,0.15218998491764069
2024-09-13,XLV,CAUSAL_XGBOOST,0.09447819324633797,0.1554093360900879
2024-09-16,XLV,CAUSAL_XGBOOST,0.0931513370240173,0.1574045866727829
2024-09-17,XLV,CAUSAL_XGBOOST,0.09603999814771211,0.12596310675144196
2024-09-18,XLV,CAUSAL_XGBOOST,0.09676035929225568,0.12575432658195496
2024-09-19,XLV,CAUSAL_XGBOOST,0.09726168878413109,0.13060645759105682
2024-09-20,XLV,CAUSAL_XGBOOST,0.09859667481822629,0.11853647232055664
2024-09-23,XLV,CAUSAL_XGBOOST,0.10642594873330001,0.11916721612215042
2024-09-24,XLV,CAUSAL_XGBOOST,0.10637462019615139,0.12588302791118622
2024-09-25,XLV,CAUSAL_XGBOOST,0.10224909077304861,0.12110821157693863
2024-09-26,XLV,CAUSAL_XGBOOST,0.10309950819051383,0.12175653129816055
2024-09-27,XLV,CAUSAL_XGBOOST,0.1041633308224815,0.12490594387054443
2024-09-30,XLV,CAUSAL_XGBOOST,0.10051518909867888,0.13339538872241974
2024-10-01,XLV,CAUSAL_XGBOOST,0.09972986037937395,0.13847416639328003
2024-10-02,XLV,CAUSAL_XGBOOST,0.0997232000017186,0.14104951918125153
2024-10-03,XLV,CAUSAL_XGBOOST,0.09915537057700971,0.15058301389217377
2024-10-04,XLV,CAUSAL_XGBOOST,0.10237298727045802,0.14139561355113983
2024-10-07,XLV,CAUSAL_XGBOOST,0.10352758108037681,0.14249081909656525
2024-10-08,XLV,CAUSAL_XGBOOST,0.10540829855350396,0.15430890023708344
2024-10-09,XLV,CAUSAL_XGBOOST,0.09696359646330312,0.15268534421920776
2024-10-10,XLV,CAUSAL_XGBOOST,0.10166842821893984,0.15176288783550262
2024-10-11,XLV,CAUSAL_XGBOOST,0.10149844569719262,0.14323636889457703
2024-10-15,XLV,CAUSAL_XGBOOST,0.10210795645372622,0.14218901097774506
2024-10-16,XLV,CAUSAL_XGBOOST,0.10061333856679988,0.1384260058403015
2024-10-17,XLV,CAUSAL_XGBOOST,0.11121830781805726,0.13151594996452332
2024-10-18,XLV,CAUSAL_XGBOOST,0.12116170737376601,0.1324222832918167
2024-10-21,XLV,CAUSAL_XGBOOST,0.11832573934384359,0.12887290120124817
2024-10-22,XLV,CAUSAL_XGBOOST,0.11832994754084122,0.12874692678451538
2024-10-23,XLV,CAUSAL_XGBOOST,0.1297735634692984,0.1349041610956192
2024-10-24,XLV,CAUSAL_XGBOOST,0.13404444999295675,0.13661356270313263
2024-10-25,XLV,CAUSAL_XGBOOST,0.13364634221225408,0.13576504588127136
2024-10-28,XLV,CAUSAL_XGBOOST,0.1379806187722878,0.1315878927707672
2024-10-29,XLV,CAUSAL_XGBOOST,0.13972789478048048,0.13263268768787384
2024-10-30,XLV,CAUSAL_XGBOOST,0.14128890612005077,0.14499293267726898
2024-10-31,XLV,CAUSAL_XGBOOST,0.1384640207512083,0.14852148294448853
2024-11-01,XLV,CAUSAL_XGBOOST,0.13692798459111374,0.14480069279670715
2024-11-04,XLV,CAUSAL_XGBOOST,0.1350968336577404,0.14284773170948029
2024-11-05,XLV,CAUSAL_XGBOOST,0.13230495385418448,0.14466193318367004
2024-11-06,XLV,CAUSAL_XGBOOST,0.1375823211632801,0.12334216386079788
2024-11-07,XLV,CAUSAL_XGBOOST,0.13496211933364388,0.12545868754386902
2024-11-08,XLV,CAUSAL_XGBOOST,0.13210396620665016,0.12281975895166397
2024-11-12,XLV,CAUSAL_XGBOOST,0.1311409301216031,0.12234313040971756
2024-11-13,XLV,CAUSAL_XGBOOST,0.132975629218481,0.12279292941093445
2024-11-14,XLV,CAUSAL_XGBOOST,0.12258417084445129,0.12033819407224655
2024-11-15,XLV,CAUSAL_XGBOOST,0.1116971854814887,0.10555282235145569
2024-11-18,XLV,CAUSAL_XGBOOST,0.1115401111096203,0.11273256689310074
2024-11-19,XLV,CAUSAL_XGBOOST,0.11958045634237864,0.11222051829099655
2024-11-20,XLV,CAUSAL_XGBOOST,0.1107562968864952,0.10971885919570923
2024-11-21,XLV,CAUSAL_XGBOOST,0.11735154579471026,0.11312785744667053
2024-11-22,XLV,CAUSAL_XGBOOST,0.12461422133965867,0.10844965279102325
2024-11-25,XLV,CAUSAL_XGBOOST,0.12076756069417205,0.11071386933326721
2024-11-26,XLV,CAUSAL_XGBOOST,0.1186678951962158,0.11896811425685883
2024-11-27,XLV,CAUSAL_XGBOOST,0.11567064608614205,0.11501849442720413
2024-11-29,XLV,CAUSAL_XGBOOST,0.11859953532109842,0.11036577075719833
2024-12-02,XLV,CAUSAL_XGBOOST,0.12024818972695675,0.11612465232610703
2024-12-03,XLV,CAUSAL_XGBOOST,0.1208339540952364,0.11224275827407837
2024-12-04,XLV,CAUSAL_XGBOOST,0.1288972050014895,0.11273236572742462
2024-12-05,XLV,CAUSAL_XGBOOST,0.12499839780657139,0.11208657920360565
2024-12-06,XLV,CAUSAL_XGBOOST,0.1264443134046438,0.11402623355388641
2024-12-09,XLV,CAUSAL_XGBOOST,0.12769176247681766,0.1083461195230484
2024-12-10,XLV,CAUSAL_XGBOOST,0.12824464589433557,0.10086396336555481
2024-12-11,XLV,CAUSAL_XGBOOST,0.12908802994599156,0.10632624477148056
2024-12-12,XLV,CAUSAL_XGBOOST,0.1313074024269226,0.10471024364233017
2024-12-13,XLV,CAUSAL_XGBOOST,0.13214959745142324,0.11531933397054672
2024-12-16,XLV,CAUSAL_XGBOOST,0.12476321506608462,0.11318580061197281
2024-12-17,XLV,CAUSAL_XGBOOST,0.12759309662252466,0.11751005053520203
2024-12-18,XLV,CAUSAL_XGBOOST,0.12774169134637473,0.16670940816402435
2024-12-19,XLV,CAUSAL_XGBOOST,0.12371058473477267,0.13111375272274017
2024-12-20,XLV,CAUSAL_XGBOOST,0.1245361406025557,0.11783760040998459
2024-12-23,XLV,CAUSAL_XGBOOST,0.12130177448512507,0.11470513790845871
2024-12-24,XLV,CAUSAL_XGBOOST,0.14095767335768858,0.11195091158151627
2024-12-26,XLV,CAUSAL_XGBOOST,0.14525377179478552,0.10285104066133499
2024-12-27,XLV,CAUSAL_XGBOOST,0.1461049076763679,0.10395603626966476
2024-12-30,XLV,CAUSAL_XGBOOST,0.13852077430185325,0.11191623657941818
2024-12-31,XLV,CAUSAL_XGBOOST,0.14054623955487103,0.10916764289140701
2025-01-02,XLV,CAUSAL_XGBOOST,0.14011337534630533,0.10832200199365616
2025-01-03,XLV,CAUSAL_XGBOOST,0.1396577333957964,0.10629433393478394
2025-01-06,XLV,CAUSAL_XGBOOST,0.14132127280610254,0.10750902444124222
2025-01-07,XLV,CAUSAL_XGBOOST,0.1476687576679221,0.11534088104963303
2025-01-08,XLV,CAUSAL_XGBOOST,0.14952951305113577,0.11845128238201141
2025-01-10,XLV,CAUSAL_XGBOOST,0.1472030120667642,0.11535485088825226
2025-01-13,XLV,CAUSAL_XGBOOST,0.14233463386827264,0.10520415008068085
2025-01-14,XLV,CAUSAL_XGBOOST,0.1357546295735327,0.10597964376211166
2025-01-15,XLV,CAUSAL_XGBOOST,0.1357237333166136,0.09884727001190186
2025-01-16,XLV,CAUSAL_XGBOOST,0.14299469524361527,0.10561640560626984
2025-01-17,XLV,CAUSAL_XGBOOST,0.1404016745378076,0.10142726451158524
2025-01-21,XLV,CAUSAL_XGBOOST,0.13596868617109775,0.09924362599849701
2025-01-22,XLV,CAUSAL_XGBOOST,0.13606250317696242,0.10125095397233963
2025-01-23,XLV,CAUSAL_XGBOOST,0.13111367150474318,0.1013832688331604
2025-01-24,XLV,CAUSAL_XGBOOST,0.1336354759716397,0.0999327078461647
2025-01-27,XLV,CAUSAL_XGBOOST,0.11216048051680237,0.10729806870222092
2025-01-28,XLV,CAUSAL_XGBOOST,0.11234552919203673,0.1059984341263771
2025-01-29,XLV,CAUSAL_XGBOOST,0.11116563769475078,0.10594521462917328
2025-01-30,XLV,CAUSAL_XGBOOST,0.11127127387587375,0.1099967285990715
2025-01-31,XLV,CAUSAL_XGBOOST,0.11114028058902431,0.11506769806146622
2025-02-03,XLV,CAUSAL_XGBOOST,0.1162489350430993,0.11294346302747726
2025-02-04,XLV,CAUSAL_XGBOOST,0.12062534955957205,0.11990977078676224
2025-02-05,XLV,CAUSAL_XGBOOST,0.11675676150153247,0.10951478034257889
2025-02-06,XLV,CAUSAL_XGBOOST,0.1115224336560191,0.11235693097114563
2025-02-07,XLV,CAUSAL_XGBOOST,0.11746250848904166,0.1187247633934021
2025-02-10,XLV,CAUSAL_XGBOOST,0.12420266600179818,0.11631105840206146
2025-02-11,XLV,CAUSAL_XGBOOST,0.1290626246304593,0.10917690396308899
2025-02-12,XLV,CAUSAL_XGBOOST,0.13017994019480617,0.10812059044837952
2025-02-13,XLV,CAUSAL_XGBOOST,0.13256479632671503,0.1230989545583725
2025-02-14,XLV,CAUSAL_XGBOOST,0.13434337323489642,0.12799417972564697
2025-02-18,XLV,CAUSAL_XGBOOST,0.1339939523151195,0.12822985649108887
2025-02-19,XLV,CAUSAL_XGBOOST,0.1261057589521233,0.12684409320354462
2025-02-20,XLV,CAUSAL_XGBOOST,0.12450229879207679,0.12857475876808167
2025-02-21,XLV,CAUSAL_XGBOOST,0.12337242225551798,0.12860389053821564
2025-02-24,XLV,CAUSAL_XGBOOST,0.12296265478687633,0.12731467187404633
2025-02-25,XLV,CAUSAL_XGBOOST,0.1267047952307247,0.12806467711925507
2025-02-26,XLV,CAUSAL_XGBOOST,0.12502351775277315,0.12713424861431122
2025-02-27,XLV,CAUSAL_XGBOOST,0.1247103721393958,0.13608317077159882
2025-02-28,XLV,CAUSAL_XGBOOST,0.11638410753966265,0.13158701360225677
2025-03-03,XLV,CAUSAL_XGBOOST,0.12194702326795828,0.13858367502689362
2025-03-04,XLV,CAUSAL_XGBOOST,0.1339104154195319,0.13321594893932343
2025-03-05,XLV,CAUSAL_XGBOOST,0.1306072712952655,0.13652923703193665
2025-03-06,XLV,CAUSAL_XGBOOST,0.1326038735731044,0.14422021806240082
2025-03-07,XLV,CAUSAL_XGBOOST,0.23411803740847886,0.13508814573287964
2025-03-10,XLV,CAUSAL_XGBOOST,0.23307007240138977,0.1629624217748642
2025-03-11,XLV,CAUSAL_XGBOOST,0.2331371490116328,0.16853100061416626
2025-03-12,XLV,CAUSAL_XGBOOST,0.28542006895469696,0.13693132996559143
2025-03-13,XLV,CAUSAL_XGBOOST,0.300353217298018,0.1366809755563736
2025-03-14,XLV,CAUSAL_XGBOOST,0.30460244963039385,0.1342366337776184
2025-03-17,XLV,CAUSAL_XGBOOST,0.30428211049943665,0.1357504427433014
2025-03-18,XLV,CAUSAL_XGBOOST,0.3042765299897722,0.1463719755411148
2025-03-19,XLV,CAUSAL_XGBOOST,0.30500045944066545,0.15021084249019623
2025-03-20,XLV,CAUSAL_XGBOOST,0.3046930258541297,0.14845430850982666
2025-03-21,XLV,CAUSAL_XGBOOST,0.311178943561966,0.14101393520832062
2025-03-24,XLV,CAUSAL_XGBOOST,0.3193570814088679,0.1374860554933548
2025-03-25,XLV,CAUSAL_XGBOOST,0.31927318138694033,0.13332757353782654
2025-03-26,XLV,CAUSAL_XGBOOST,0.3240010966128088,0.14236243069171906
2025-03-27,XLV,CAUSAL_XGBOOST,0.32475001637038076,0.13081291317939758
2025-03-28,XLV,CAUSAL_XGBOOST,0.3255309198102597,0.14499148726463318
2025-03-31,XLV,CAUSAL_XGBOOST,0.32338231001128964,0.13756629824638367
2025-04-01,XLV,CAUSAL_XGBOOST,0.3197247661466974,0.14128120243549347
2025-04-02,XLV,CAUSAL_XGBOOST,0.33176349917817904,0.13862474262714386
2025-04-03,XLV,CAUSAL_XGBOOST,0.3360895899826289,0.18157324194908142
2025-04-04,XLV,CAUSAL_XGBOOST,0.26698239814176167,0.38688135147094727
2025-04-07,XLV,CAUSAL_XGBOOST,0.28542152625485256,0.3738865852355957
2025-04-08,XLV,CAUSAL_XGBOOST,0.28352192004387183,0.37551170587539673
2025-04-09,XLV,CAUSAL_XGBOOST,0.2385594339234445,0.41918453574180603
2025-04-10,XLV,CAUSAL_XGBOOST,0.22015142912516708,0.6266151070594788
2025-04-11,XLV,CAUSAL_XGBOOST,0.23175743383784905,0.47932785749435425
2025-04-14,XLV,CAUSAL_XGBOOST,0.2500991970310721,0.47773972153663635
2025-04-15,XLV,CAUSAL_XGBOOST,0.2611370355639501,0.47807323932647705
2025-04-16,XLV,CAUSAL_XGBOOST,0.26602531916321903,0.4711451232433319
2025-04-17,XLV,CAUSAL_XGBOOST,0.27685553415509206,0.47132501006126404
2025-04-21,XLV,CAUSAL_XGBOOST,0.26769309057319235,0.2689337432384491
2025-04-22,XLV,CAUSAL_XGBOOST,0.2593505064916144,0.24563273787498474
2025-04-23,XLV,CAUSAL_XGBOOST,0.2712697691992035,0.2673693299293518
2025-04-24,XLV,CAUSAL_XGBOOST,0.2671264904564319,0.20654559135437012
2025-04-25,XLV,CAUSAL_XGBOOST,0.26575458269243535,0.1683114618062973
2025-04-28,XLV,CAUSAL_XGBOOST,0.2713950388585286,0.18389225006103516
2025-04-29,XLV,CAUSAL_XGBOOST,0.2701649655564282,0.172970250248909
2025-04-30,XLV,CAUSAL_XGBOOST,0.26921486808809403,0.17600081861019135
2025-05-01,XLV,CAUSAL_XGBOOST,0.2532981773520601,0.17302896082401276
2025-05-02,XLV,CAUSAL_XGBOOST,0.24704226177068372,0.16467751562595367
2025-05-05,XLV,CAUSAL_XGBOOST,0.24753147075793605,0.16869576275348663
2025-05-06,XLV,CAUSAL_XGBOOST,0.22770563233120275,0.17307934165000916
2025-05-07,XLV,CAUSAL_XGBOOST,0.22572983135574887,0.1631436049938202
2025-05-08,XLV,CAUSAL_XGBOOST,0.2263777599018148,0.16229277849197388
2025-05-09,XLV,CAUSAL_XGBOOST,0.2227529600732018,0.16100074350833893
2025-05-12,XLV,CAUSAL_XGBOOST,0.20854881542403975,0.14128226041793823
2025-05-13,XLV,CAUSAL_XGBOOST,0.17483546845286663,0.13929550349712372
2025-05-14,XLV,CAUSAL_XGBOOST,0.14828819576623736,0.13945479691028595
2025-05-15,XLV,CAUSAL_XGBOOST,0.1459317946519636,0.13684193789958954
2025-05-16,XLV,CAUSAL_XGBOOST,0.13071906484142193,0.1433592587709427
2025-05-19,XLV,CAUSAL_XGBOOST,0.14060047134043105,0.13806802034378052
2025-05-20,XLV,CAUSAL_XGBOOST,0.14028303151403262,0.13366061449050903
2025-05-21,XLV,CAUSAL_XGBOOST,0.11288013497267213,0.13118821382522583
2025-05-22,XLV,CAUSAL_XGBOOST,0.1086173459559618,0.13360656797885895
2025-05-23,XLV,CAUSAL_XGBOOST,0.1153018628800612,0.13815028965473175
2025-05-27,XLV,CAUSAL_XGBOOST,0.10570371712336465,0.13689997792243958
2025-05-28,XLV,CAUSAL_XGBOOST,0.10334215744070167,0.14343136548995972
2025-05-29,XLV,CAUSAL_XGBOOST,0.10196663294092989,0.13766859471797943
2025-05-30,XLV,CAUSAL_XGBOOST,0.10380283575680266,0.14872217178344727
2025-06-02,XLV,CAUSAL_XGBOOST,0.11369969603512355,0.1510200798511505
2025-06-03,XLV,CAUSAL_XGBOOST,0.12091734422108845,0.15046799182891846
2025-06-04,XLV,CAUSAL_XGBOOST,0.12087604179641431,0.1485508233308792
2025-06-05,XLV,CAUSAL_XGBOOST,0.12529890772190513,0.1525566577911377
2025-06-06,XLV,CAUSAL_XGBOOST,0.12187120636891528,0.15004323422908783
2025-06-09,XLV,CAUSAL_XGBOOST,0.12215517324763601,0.14839166402816772
2025-06-10,XLV,CAUSAL_XGBOOST,0.11745088338183138,0.15476813912391663
2025-06-11,XLV,CAUSAL_XGBOOST,0.12152925326756354,0.17420779168605804
2025-06-12,XLV,CAUSAL_XGBOOST,0.11806676519612046,0.17471003532409668
2025-06-13,XLV,CAUSAL_XGBOOST,0.13313004204579912,0.1588420867919922
2025-06-16,XLV,CAUSAL_XGBOOST,0.14109529621852396,0.1523899883031845
2025-06-17,XLV,CAUSAL_XGBOOST,0.13416467418201714,0.15736912190914154
2025-06-18,XLV,CAUSAL_XGBOOST,0.13610984572415502,0.15396195650100708
2025-06-20,XLV,CAUSAL_XGBOOST,0.13653819990568147,0.15818455815315247
2025-06-23,XLV,CAUSAL_XGBOOST,0.15193851500008768,0.1568557322025299
2025-06-24,XLV,CAUSAL_XGBOOST,0.1625843998992437,0.1451178640127182
2025-06-25,XLV,CAUSAL_XGBOOST,0.16342838507773447,0.14289860427379608
2025-06-26,XLV,CAUSAL_XGBOOST,0.16415134208439475,0.14535893499851227
2025-06-27,XLV,CAUSAL_XGBOOST,0.16738581780145,0.13875529170036316
2025-06-30,XLV,CAUSAL_XGBOOST,0.16756175584616229,0.14064188301563263
2025-07-01,XLV,CAUSAL_XGBOOST,0.15887465067895248,0.13963337242603302
2025-07-02,XLV,CAUSAL_XGBOOST,0.18429403431348665,0.1391112357378006
2025-07-03,XLV,CAUSAL_XGBOOST,0.18582322826986036,0.13513071835041046
2025-07-07,XLV,CAUSAL_XGBOOST,0.19213573915137067,0.1474701464176178
2025-07-08,XLV,CAUSAL_XGBOOST,0.19152322334541635,0.14898528158664703
2025-07-09,XLV,CAUSAL_XGBOOST,0.19702431527252795,0.14342190325260162
2025-07-10,XLV,CAUSAL_XGBOOST,0.19751403594637476,0.12290835380554199
2025-07-11,XLV,CAUSAL_XGBOOST,0.20049555949079234,0.13353107869625092
2025-07-14,XLV,CAUSAL_XGBOOST,0.20074778886148262,0.13578356802463531
2025-07-15,XLV,CAUSAL_XGBOOST,0.19319759033455045,0.13937611877918243
2025-07-16,XLV,CAUSAL_XGBOOST,0.19668091968449194,0.13559548556804657
2025-07-17,XLV,CAUSAL_XGBOOST,0.19300558108344054,0.1323748081922531
2025-07-18,XLV,CAUSAL_XGBOOST,0.19923877091683598,0.13280318677425385
2025-07-21,XLV,CAUSAL_XGBOOST,0.19795287138104423,0.1416226327419281
2025-07-22,XLV,CAUSAL_XGBOOST,0.1889268193035041,0.139215886592865
2025-07-23,XLV,CAUSAL_XGBOOST,0.17587718361224045,0.1402893215417862
2025-07-24,XLV,CAUSAL_XGBOOST,0.1757566065795367,0.14465448260307312
2025-07-25,XLV,CAUSAL_XGBOOST,0.1771204889356501,0.1464088410139084
2025-07-28,XLV,CAUSAL_XGBOOST,0.1820995327974458,0.14198170602321625
2025-07-29,XLV,CAUSAL_XGBOOST,0.18143032243208881,0.13136720657348633
2025-07-30,XLV,CAUSAL_XGBOOST,0.18123846741654423,0.12434849888086319
2025-07-31,XLV,CAUSAL_XGBOOST,0.1458736727193793,0.13175608217716217
2025-08-01,XLV,CAUSAL_XGBOOST,0.14658668935214844,0.16383248567581177
2025-08-04,XLV,CAUSAL_XGBOOST,0.1397208281975565,0.15887215733528137
2025-08-05,XLV,CAUSAL_XGBOOST,0.14022510935234486,0.16262148320674896
2025-08-06,XLV,CAUSAL_XGBOOST,0.1255273941378414,0.16327939927577972
2025-08-07,XLV,CAUSAL_XGBOOST,0.11386195977753938,0.15579155087471008
2025-08-08,XLV,CAUSAL_XGBOOST,0.11261229549652746,0.1388462334871292
2025-08-11,XLV,CAUSAL_XGBOOST,0.11271327602217526,0.14146125316619873
2025-08-12,XLV,CAUSAL_XGBOOST,0.11968254097165965,0.1629033237695694
2025-08-13,XLV,CAUSAL_XGBOOST,0.12183117516309326,0.1520269215106964
2025-08-14,XLV,CAUSAL_XGBOOST,0.13094150260271714,0.1546810269355774
2025-08-15,XLV,CAUSAL_XGBOOST,0.12264315352770809,0.15284030139446259
2025-08-18,XLV,CAUSAL_XGBOOST,0.12226142900906369,0.15810559689998627
2025-08-19,XLV,CAUSAL_XGBOOST,0.12037803688038608,0.15046276152133942
2025-08-20,XLV,CAUSAL_XGBOOST,0.1190072302042908,0.14393244683742523
2025-08-21,XLV,CAUSAL_XGBOOST,0.1184667832517412,0.1659521907567978
2025-08-22,XLV,CAUSAL_XGBOOST,0.11451527202864413,0.1495126634836197
2025-08-25,XLV,CAUSAL_XGBOOST,0.10202914887935635,0.15496714413166046
2025-08-26,XLV,CAUSAL_XGBOOST,0.10088316687535226,0.15549176931381226
2025-08-27,XLV,CAUSAL_XGBOOST,0.11703723172121183,0.15213406085968018
2025-08-28,XLV,CAUSAL_XGBOOST,0.1226176749701834,0.1545947641134262
2025-08-29,XLV,CAUSAL_XGBOOST,0.12007162907867477,0.15078462660312653
2025-09-02,XLV,CAUSAL_XGBOOST,0.1475082951382825,0.15141554176807404
2025-09-03,XLV,CAUSAL_XGBOOST,0.179351130587036,0.13990828394889832
2025-09-04,XLV,CAUSAL_XGBOOST,0.17998972819753187,0.13861487805843353
2025-09-05,XLV,CAUSAL_XGBOOST,0.18281488301334325,0.11916666477918625
2025-09-08,XLV,CAUSAL_XGBOOST,0.18448804445686776,0.11247050017118454
2025-09-09,XLV,CAUSAL_XGBOOST,0.18424996065152144,0.11583348363637924
2025-09-10,XLV,CAUSAL_XGBOOST,0.17932506308320298,0.1172068864107132
2025-09-11,XLV,CAUSAL_XGBOOST,0.17162992194482338,0.12169527262449265
2025-09-12,XLV,CAUSAL_XGBOOST,0.17495838563837995,0.11608481407165527
2025-09-15,XLV,CAUSAL_XGBOOST,0.17113293338938515,0.1147066205739975
2025-09-16,XLV,CAUSAL_XGBOOST,0.17097866424127448,0.11530695855617523
2025-09-17,XLV,CAUSAL_XGBOOST,0.17099179275182452,0.11593864858150482
2025-09-18,XLV,CAUSAL_XGBOOST,0.17153250215832744,0.11292420327663422
2025-09-19,XLV,CAUSAL_XGBOOST,0.17184653642696285,0.11411057412624359
2025-09-22,XLV,CAUSAL_XGBOOST,0.17393498241070932,0.10896970331668854
2025-09-23,XLV,CAUSAL_XGBOOST,0.17393138149774304,0.1239972785115242
2025-09-24,XLV,CAUSAL_XGBOOST,0.17221063961125083,0.12443030625581741
2025-09-25,XLV,CAUSAL_XGBOOST,0.1555890986897049,0.1288088858127594
2025-09-26,XLV,CAUSAL_XGBOOST,0.15467151671184814,0.12798164784908295
2025-09-29,XLV,CAUSAL_XGBOOST,0.154729638682113,0.12778939306735992
2025-09-30,XLV,CAUSAL_XGBOOST,0.1390376075091438,0.1320990025997162
2025-10-01,XLV,CAUSAL_XGBOOST,0.09849968824767491,0.13688519597053528
2025-10-02,XLV,CAUSAL_XGBOOST,0.09841621868279776,0.1774119883775711
2025-10-03,XLV,CAUSAL_XGBOOST,0.08953905547416495,0.1604175716638565
2025-10-06,XLV,CAUSAL_XGBOOST,0.08796682502126228,0.15953640639781952
2025-10-07,XLV,CAUSAL_XGBOOST,0.08931570970873465,0.1655004918575287
2025-10-08,XLV,CAUSAL_XGBOOST,0.09003619706113841,0.15595859289169312
2025-10-09,XLV,CAUSAL_XGBOOST,0.08964044484827892,0.16350863873958588
2025-10-10,XLV,CAUSAL_XGBOOST,0.06955509224462378,0.1582118719816208
2025-10-14,XLV,CAUSAL_XGBOOST,0.10391877422029261,0.18442286550998688
2025-10-15,XLV,CAUSAL_XGBOOST,0.11114076848314483,0.19059722125530243
2025-10-16,XLV,CAUSAL_XGBOOST,0.11050037843502367,0.17179884016513824
2025-10-17,XLV,CAUSAL_XGBOOST,0.1147808418754687,0.15908609330654144
2025-10-20,XLV,CAUSAL_XGBOOST,0.11179916267513072,0.15302923321723938
2025-10-21,XLV,CAUSAL_XGBOOST,0.11249498594939338,0.1605459749698639
2025-10-22,XLV,CAUSAL_XGBOOST,0.11277614345039642,0.164933979511261
2025-10-23,XLV,CAUSAL_XGBOOST,0.11633052419990259,0.1645759493112564
2025-10-24,XLV,CAUSAL_XGBOOST,0.13417857149839565,0.1542922854423523
2025-10-27,XLV,CAUSAL_XGBOOST,0.13424489968659395,0.1595749855041504
2025-10-28,XLV,CAUSAL_XGBOOST,0.14607118980744574,0.17997755110263824
2025-10-29,XLV,CAUSAL_XGBOOST,0.13808287647813577,0.16322872042655945
2025-10-30,XLV,CAUSAL_XGBOOST,0.1420636532165867,0.16607843339443207
2025-10-31,XLV,CAUSAL_XGBOOST,0.1574269119330177,0.16802038252353668
2025-11-03,XLV,CAUSAL_XGBOOST,0.16100663049173689,0.191648930311203
2025-11-04,XLV,CAUSAL_XGBOOST,0.1610234879346335,0.18660999834537506
2025-11-05,XLV,CAUSAL_XGBOOST,0.16562517985477512,0.1905384212732315
2025-11-06,XLV,CAUSAL_XGBOOST,0.1674300790261167,0.1931971162557602
2025-11-07,XLV,CAUSAL_XGBOOST,0.1751333010227612,0.19030031561851501
2025-11-10,XLV,CAUSAL_XGBOOST,0.17820134750848138,0.15032479166984558
2025-11-12,XLV,CAUSAL_XGBOOST,0.16232221668279032,0.14377020299434662
2025-11-13,XLV,CAUSAL_XGBOOST,0.16260760874243144,0.15184436738491058
2025-11-14,XLV,CAUSAL_XGBOOST,0.16673854830138043,0.1512996256351471
2025-11-17,XLV,CAUSAL_XGBOOST,0.17439988570042952,0.15278294682502747
2025-11-18,XLV,CAUSAL_XGBOOST,0.17356275378632122,0.15834204852581024
2025-11-19,XLV,CAUSAL_XGBOOST,0.1733886039433133,0.14852382242679596
2025-11-20,XLV,CAUSAL_XGBOOST,0.17291005133361806,0.16648374497890472
2025-11-21,XLV,CAUSAL_XGBOOST,0.15813119636103193,0.1519668698310852
2025-11-24,XLV,CAUSAL_XGBOOST,0.15770555547060927,0.15306450426578522
2025-11-25,XLV,CAUSAL_XGBOOST,0.1358859906034499,0.14090070128440857
2025-11-26,XLV,CAUSAL_XGBOOST,0.13601038972580226,0.13967084884643555
2025-11-28,XLV,CAUSAL_XGBOOST,0.13511426014454989,0.140519380569458
2025-12-01,XLV,CAUSAL_XGBOOST,0.12350987668986955,0.15182307362556458
2025-12-02,XLV,CAUSAL_XGBOOST,0.12328507834222761,0.14782562851905823
2025-12-03,XLV,CAUSAL_XGBOOST,0.12324950669675606,0.12686985731124878
2025-12-04,XLV,CAUSAL_XGBOOST,0.1203376587618188,0.13497106730937958
2025-12-05,XLV,CAUSAL_XGBOOST,0.13619424872747457,0.13759846985340118
2025-12-08,XLV,CAUSAL_XGBOOST,0.12879406787874642,0.13430672883987427
2025-12-09,XLV,CAUSAL_XGBOOST,0.12871322335696786,0.13673505187034607
2025-12-10,XLV,CAUSAL_XGBOOST,0.12403946321033618,0.13636916875839233
2025-12-11,XLV,CAUSAL_XGBOOST,0.12085670011072591,0.13455766439437866
2025-12-12,XLV,CAUSAL_XGBOOST,0.12221658394510031,0.13189567625522614
2025-12-15,XLV,CAUSAL_XGBOOST,0.11602601081428464,0.13599535822868347
2025-12-16,XLV,CAUSAL_XGBOOST,0.10693852101474013,0.1273716539144516
2025-12-17,XLV,CAUSAL_XGBOOST,0.11116201762832013,0.13610218465328217
2025-12-18,XLV,CAUSAL_XGBOOST,0.11168133852310215,0.13155746459960938
2025-12-19,XLV,CAUSAL_XGBOOST,0.12645959142262822,0.12890489399433136
2025-12-22,XLV,CAUSAL_XGBOOST,0.12493342041933207,0.1315913051366806
2025-12-23,XLV,CAUSAL_XGBOOST,0.12640099161364757,0.13996486365795135
2025-12-24,XLV,CAUSAL_XGBOOST,0.1258874827447416,0.13737753033638
2025-12-26,XLV,CAUSAL_XGBOOST,0.14048442569510602,0.135855570435524
2025-12-29,XLV,CAUSAL_XGBOOST,0.14272632977761968,0.13621246814727783
2025-12-30,XLV,CAUSAL_XGBOOST,0.14304536384551908,0.14224517345428467
2025-12-31,XLV,CAUSAL_XGBOOST,0.1435379036077015,0.14649386703968048
2023-12-28,TLT,CAUSAL_XGBOOST,0.12886500951146054,0.18419870734214783
2023-12-29,TLT,CAUSAL_XGBOOST,0.13264094757387263,0.184055894613266
2024-01-02,TLT,CAUSAL_XGBOOST,0.13757384744913045,0.19249381124973297
2024-01-03,TLT,CAUSAL_XGBOOST,0.15456411566225983,0.19388195872306824
2024-01-04,TLT,CAUSAL_XGBOOST,0.1653774780159504,0.19258959591388702
2024-01-05,TLT,CAUSAL_XGBOOST,0.1773203674793194,0.19399484992027283
2024-01-08,TLT,CAUSAL_XGBOOST,0.17724678128478497,0.18859358131885529
2024-01-09,TLT,CAUSAL_XGBOOST,0.1767043623223023,0.19654998183250427
2024-01-10,TLT,CAUSAL_XGBOOST,0.17708104799535643,0.19472584128379822
2024-01-11,TLT,CAUSAL_XGBOOST,0.17539568907058894,0.1919822096824646
2024-01-12,TLT,CAUSAL_XGBOOST,0.17560069405599454,0.19433878362178802
2024-01-16,TLT,CAUSAL_XGBOOST,0.1749993009161958,0.18464460968971252
2024-01-17,TLT,CAUSAL_XGBOOST,0.17637650823510717,0.18445371091365814
2024-01-18,TLT,CAUSAL_XGBOOST,0.17459416854800885,0.17985525727272034
2024-01-19,TLT,CAUSAL_XGBOOST,0.17526237706108416,0.17697572708129883
2024-01-22,TLT,CAUSAL_XGBOOST,0.17369072005943798,0.17694461345672607
2024-01-23,TLT,CAUSAL_XGBOOST,0.1732663103288868,0.18466168642044067
2024-01-24,TLT,CAUSAL_XGBOOST,0.1732603609106203,0.18412700295448303
2024-01-25,TLT,CAUSAL_XGBOOST,0.17835931498528473,0.18951447308063507
2024-01-26,TLT,CAUSAL_XGBOOST,0.17856107812232622,0.1877637654542923
2024-01-29,TLT,CAUSAL_XGBOOST,0.17495936907834522,0.17948974668979645
2024-01-30,TLT,CAUSAL_XGBOOST,0.17319031327431664,0.20264528691768646
2024-01-31,TLT,CAUSAL_XGBOOST,0.1711909203728179,0.19776788353919983
2024-02-01,TLT,CAUSAL_XGBOOST,0.15587819205349465,0.18842783570289612
2024-02-02,TLT,CAUSAL_XGBOOST,0.13619103952889955,0.19023850560188293
2024-02-05,TLT,CAUSAL_XGBOOST,0.1252988393519196,0.20015740394592285
2024-02-06,TLT,CAUSAL_XGBOOST,0.12237563058392598,0.19465519487857819
2024-02-07,TLT,CAUSAL_XGBOOST,0.12082126012404108,0.19629758596420288
2024-02-08,TLT,CAUSAL_XGBOOST,0.11868740768391371,0.20219700038433075
2024-02-09,TLT,CAUSAL_XGBOOST,0.11829155772776205,0.2027408331632614
2024-02-12,TLT,CAUSAL_XGBOOST,0.12301985955838646,0.20501627027988434
2024-02-13,TLT,CAUSAL_XGBOOST,0.10569073111949431,0.2032635509967804
2024-02-14,TLT,CAUSAL_XGBOOST,0.12006248191414164,0.2018943727016449
2024-02-15,TLT,CAUSAL_XGBOOST,0.11865129611353707,0.20723599195480347
2024-02-16,TLT,CAUSAL_XGBOOST,0.11725834374221364,0.2089046835899353
2024-02-20,TLT,CAUSAL_XGBOOST,0.11762656581225044,0.2075992375612259
2024-02-21,TLT,CAUSAL_XGBOOST,0.11443523418916673,0.2123861461877823
2024-02-22,TLT,CAUSAL_XGBOOST,0.11347385695258386,0.20524337887763977
2024-02-23,TLT,CAUSAL_XGBOOST,0.10845713699780593,0.20661017298698425
2024-02-26,TLT,CAUSAL_XGBOOST,0.1094845865654498,0.2066413015127182
2024-02-27,TLT,CAUSAL_XGBOOST,0.10644546160497947,0.1909024715423584
2024-02-28,TLT,CAUSAL_XGBOOST,0.10966257373760702,0.1852719783782959
2024-02-29,TLT,CAUSAL_XGBOOST,0.10724769974773807,0.18662884831428528
2024-03-01,TLT,CAUSAL_XGBOOST,0.12461902162034406,0.1887281835079193
2024-03-04,TLT,CAUSAL_XGBOOST,0.1252347612229127,0.19305181503295898
2024-03-05,TLT,CAUSAL_XGBOOST,0.11197615777287681,0.18334566056728363
2024-03-06,TLT,CAUSAL_XGBOOST,0.11321618993255804,0.19099554419517517
2024-03-07,TLT,CAUSAL_XGBOOST,0.12143800561910217,0.18364278972148895
2024-03-08,TLT,CAUSAL_XGBOOST,0.12166689223948608,0.18237429857254028
2024-03-11,TLT,CAUSAL_XGBOOST,0.12819217207024108,0.18307389318943024
2024-03-12,TLT,CAUSAL_XGBOOST,0.1456356204333275,0.18000875413417816
2024-03-13,TLT,CAUSAL_XGBOOST,0.14556994989996885,0.19086642563343048
2024-03-14,TLT,CAUSAL_XGBOOST,0.13926225239340695,0.18240666389465332
2024-03-15,TLT,CAUSAL_XGBOOST,0.14815408202300218,0.1761535406112671
2024-03-18,TLT,CAUSAL_XGBOOST,0.1490267090501572,0.16909684240818024
2024-03-19,TLT,CAUSAL_XGBOOST,0.15545370868524205,0.17259541153907776
2024-03-20,TLT,CAUSAL_XGBOOST,0.1557506969767492,0.17146356403827667
2024-03-21,TLT,CAUSAL_XGBOOST,0.1563533132506645,0.17268621921539307
2024-03-22,TLT,CAUSAL_XGBOOST,0.15035499399386035,0.15328563749790192
2024-03-25,TLT,CAUSAL_XGBOOST,0.15039502181092684,0.15418174862861633
2024-03-26,TLT,CAUSAL_XGBOOST,0.15006869402139578,0.14568009972572327
2024-03-27,TLT,CAUSAL_XGBOOST,0.1429962640026267,0.13950569927692413
2024-03-28,TLT,CAUSAL_XGBOOST,0.14615348633258005,0.1462821364402771
2024-04-01,TLT,CAUSAL_XGBOOST,0.13963027174088485,0.15404899418354034
2024-04-02,TLT,CAUSAL_XGBOOST,0.14107487584490078,0.15022052824497223
2024-04-03,TLT,CAUSAL_XGBOOST,0.1449273446708929,0.14709916710853577
2024-04-04,TLT,CAUSAL_XGBOOST,0.14294003291474694,0.14698562026023865
2024-04-05,TLT,CAUSAL_XGBOOST,0.14138575052439212,0.15460696816444397
2024-04-08,TLT,CAUSAL_XGBOOST,0.14230911850316494,0.15500685572624207
2024-04-09,TLT,CAUSAL_XGBOOST,0.13984948184127854,0.16547034680843353
2024-04-10,TLT,CAUSAL_XGBOOST,0.11709193989844356,0.16107800602912903
2024-04-11,TLT,CAUSAL_XGBOOST,0.11683770967632004,0.16531389951705933
2024-04-12,TLT,CAUSAL_XGBOOST,0.11747301156298291,0.17831984162330627
2024-04-15,TLT,CAUSAL_XGBOOST,0.10192656975615624,0.17907917499542236
2024-04-16,TLT,CAUSAL_XGBOOST,0.09898729661135136,0.17961227893829346
2024-04-17,TLT,CAUSAL_XGBOOST,0.10251088464576605,0.17834220826625824
2024-04-18,TLT,CAUSAL_XGBOOST,0.09992282697856297,0.18111121654510498
2024-04-19,TLT,CAUSAL_XGBOOST,0.10430461222220751,0.1836821585893631
2024-04-22,TLT,CAUSAL_XGBOOST,0.10490352094956389,0.17228786647319794
2024-04-23,TLT,CAUSAL_XGBOOST,0.10567186071386662,0.17456042766571045
2024-04-24,TLT,CAUSAL_XGBOOST,0.10060050498300074,0.18445445597171783
2024-04-25,TLT,CAUSAL_XGBOOST,0.09992355624220438,0.19054371118545532
2024-04-26,TLT,CAUSAL_XGBOOST,0.09928544908566007,0.18484818935394287
2024-04-29,TLT,CAUSAL_XGBOOST,0.11187533781577061,0.1689678132534027
2024-04-30,TLT,CAUSAL_XGBOOST,0.11650131897820681,0.16526465117931366
2024-05-01,TLT,CAUSAL_XGBOOST,0.11850945458241137,0.16424690186977386
2024-05-02,TLT,CAUSAL_XGBOOST,0.11982184081994206,0.15980230271816254
2024-05-03,TLT,CAUSAL_XGBOOST,0.12755476793355996,0.1547640860080719
2024-05-06,TLT,CAUSAL_XGBOOST,0.13260920710945268,0.15611104667186737
2024-05-07,TLT,CAUSAL_XGBOOST,0.13324051500277637,0.15745092928409576
2024-05-08,TLT,CAUSAL_XGBOOST,0.1307129692398652,0.1556922048330307
2024-05-09,TLT,CAUSAL_XGBOOST,0.14860521594380507,0.14840534329414368
2024-05-10,TLT,CAUSAL_XGBOOST,0.14923753726023103,0.1468886286020279
2024-05-13,TLT,CAUSAL_XGBOOST,0.15306125601915319,0.15160776674747467
2024-05-14,TLT,CAUSAL_XGBOOST,0.15394800272425604,0.15194816887378693
2024-05-15,TLT,CAUSAL_XGBOOST,0.15510298740503806,0.15845836699008942
2024-05-16,TLT,CAUSAL_XGBOOST,0.1569638246235042,0.15591038763523102
2024-05-17,TLT,CAUSAL_XGBOOST,0.1596289103766981,0.15965601801872253
2024-05-20,TLT,CAUSAL_XGBOOST,0.16097994882285813,0.15822717547416687
2024-05-21,TLT,CAUSAL_XGBOOST,0.163409929810681,0.15409326553344727
2024-05-22,TLT,CAUSAL_XGBOOST,0.1634895767845788,0.14036354422569275
2024-05-23,TLT,CAUSAL_XGBOOST,0.16103751177907918,0.13873285055160522
2024-05-24,TLT,CAUSAL_XGBOOST,0.1609910542760538,0.13938945531845093
2024-05-28,TLT,CAUSAL_XGBOOST,0.16092352465931262,0.13058637082576752
2024-05-29,TLT,CAUSAL_XGBOOST,0.15222717843160458,0.13286499679088593
2024-05-30,TLT,CAUSAL_XGBOOST,0.16760730258604503,0.1417214721441269
2024-05-31,TLT,CAUSAL_XGBOOST,0.17863824514654816,0.13266558945178986
2024-06-03,TLT,CAUSAL_XGBOOST,0.1710430940490236,0.13157491385936737
2024-06-04,TLT,CAUSAL_XGBOOST,0.17244750723263763,0.13853196799755096
2024-06-05,TLT,CAUSAL_XGBOOST,0.17302595581097838,0.12911571562290192
2024-06-06,TLT,CAUSAL_XGBOOST,0.1731671127462331,0.13499927520751953
2024-06-07,TLT,CAUSAL_XGBOOST,0.15999857234039574,0.13030366599559784
2024-06-10,TLT,CAUSAL_XGBOOST,0.1578309147759472,0.1243792176246643
2024-06-11,TLT,CAUSAL_XGBOOST,0.15736663886856458,0.12837642431259155
2024-06-12,TLT,CAUSAL_XGBOOST,0.15603851271633293,0.13717210292816162
2024-06-13,TLT,CAUSAL_XGBOOST,0.15323850224886604,0.14179182052612305
2024-06-14,TLT,CAUSAL_XGBOOST,0.15871474232707045,0.14114031195640564
2024-06-17,TLT,CAUSAL_XGBOOST,0.15436971417975626,0.14101684093475342
2024-06-18,TLT,CAUSAL_XGBOOST,0.1532879015649395,0.14369767904281616
2024-06-20,TLT,CAUSAL_XGBOOST,0.15289040026103837,0.14261429011821747
2024-06-21,TLT,CAUSAL_XGBOOST,0.1531387251739212,0.13405859470367432
2024-06-24,TLT,CAUSAL_XGBOOST,0.15219573969256525,0.14433154463768005
2024-06-25,TLT,CAUSAL_XGBOOST,0.15593419860269253,0.1456385999917984
2024-06-26,TLT,CAUSAL_XGBOOST,0.15158833792752407,0.14260582625865936
2024-06-27,TLT,CAUSAL_XGBOOST,0.1536042364303072,0.14587658643722534
2024-06-28,TLT,CAUSAL_XGBOOST,0.13780882504314185,0.14569038152694702
2024-07-01,TLT,CAUSAL_XGBOOST,0.11940616643214957,0.1379544734954834
2024-07-02,TLT,CAUSAL_XGBOOST,0.12121143719893278,0.14038652181625366
2024-07-03,TLT,CAUSAL_XGBOOST,0.1169069682045395,0.14535419642925262
2024-07-05,TLT,CAUSAL_XGBOOST,0.15396335588425114,0.1471189707517624
2024-07-08,TLT,CAUSAL_XGBOOST,0.15409098512513844,0.14675991237163544
2024-07-09,TLT,CAUSAL_XGBOOST,0.17791734075123525,0.14659428596496582
2024-07-10,TLT,CAUSAL_XGBOOST,0.18102350095216632,0.14707638323307037
2024-07-11,TLT,CAUSAL_XGBOOST,0.18074029902668284,0.13986676931381226
2024-07-12,TLT,CAUSAL_XGBOOST,0.18308277937971337,0.14506776630878448
2024-07-15,TLT,CAUSAL_XGBOOST,0.1766602993107137,0.14379240572452545
2024-07-16,TLT,CAUSAL_XGBOOST,0.17207581359712468,0.1380576342344284
2024-07-17,TLT,CAUSAL_XGBOOST,0.1726751541997609,0.13861066102981567
2024-07-18,TLT,CAUSAL_XGBOOST,0.17300382766043593,0.1414342224597931
2024-07-19,TLT,CAUSAL_XGBOOST,0.17045685451472845,0.14291122555732727
2024-07-22,TLT,CAUSAL_XGBOOST,0.16935335560334744,0.1606118232011795
2024-07-23,TLT,CAUSAL_XGBOOST,0.16943775067909997,0.15916316211223602
2024-07-24,TLT,CAUSAL_XGBOOST,0.1613389586756968,0.1602037250995636
2024-07-25,TLT,CAUSAL_XGBOOST,0.16778801089450898,0.1601276993751526
2024-07-26,TLT,CAUSAL_XGBOOST,0.16738044814223427,0.1622515618801117
2024-07-29,TLT,CAUSAL_XGBOOST,0.16824408517535597,0.1591264009475708
2024-07-30,TLT,CAUSAL_XGBOOST,0.16885822806853254,0.16230057179927826
2024-07-31,TLT,CAUSAL_XGBOOST,0.16665281951052413,0.16970720887184143
2024-08-01,TLT,CAUSAL_XGBOOST,0.16550809251546253,0.16629064083099365
2024-08-02,TLT,CAUSAL_XGBOOST,0.1286697145951312,0.19243943691253662
2024-08-05,TLT,CAUSAL_XGBOOST,0.14094168356451278,0.2815408706665039
2024-08-06,TLT,CAUSAL_XGBOOST,0.12152877099515454,0.21539491415023804
2024-08-07,TLT,CAUSAL_XGBOOST,0.11811178540660681,0.21312928199768066
2024-08-08,TLT,CAUSAL_XGBOOST,0.114426310630038,0.22550220787525177
2024-08-09,TLT,CAUSAL_XGBOOST,0.11128236036588417,0.21083325147628784
2024-08-12,TLT,CAUSAL_XGBOOST,0.11253416104169661,0.21376045048236847
2024-08-13,TLT,CAUSAL_XGBOOST,0.11160389579228844,0.21023398637771606
2024-08-14,TLT,CAUSAL_XGBOOST,0.11262257302148067,0.21206383407115936
2024-08-15,TLT,CAUSAL_XGBOOST,0.1070511185779465,0.20527416467666626
2024-08-16,TLT,CAUSAL_XGBOOST,0.11002672603333004,0.19969899952411652
2024-08-19,TLT,CAUSAL_XGBOOST,0.11228679324199067,0.1822565197944641
2024-08-20,TLT,CAUSAL_XGBOOST,0.12021597776250614,0.17479518055915833
2024-08-21,TLT,CAUSAL_XGBOOST,0.12102940865322348,0.16652525961399078
2024-08-22,TLT,CAUSAL_XGBOOST,0.11588037513343438,0.17192770540714264
2024-08-23,TLT,CAUSAL_XGBOOST,0.11420542230557064,0.16952623426914215
2024-08-26,TLT,CAUSAL_XGBOOST,0.11373225067553969,0.16976675391197205
2024-08-27,TLT,CAUSAL_XGBOOST,0.11774593931820126,0.16391277313232422
2024-08-28,TLT,CAUSAL_XGBOOST,0.11789916653355437,0.16398556530475616
2024-08-29,TLT,CAUSAL_XGBOOST,0.1183502801843114,0.156203955411911
2024-08-30,TLT,CAUSAL_XGBOOST,0.11248479900249592,0.15323401987552643
2024-09-03,TLT,CAUSAL_XGBOOST,0.10015812186177772,0.16160264611244202
2024-09-04,TLT,CAUSAL_XGBOOST,0.09385988021587886,0.1580200344324112
2024-09-05,TLT,CAUSAL_XGBOOST,0.0959912812469619,0.15685850381851196
2024-09-06,TLT,CAUSAL_XGBOOST,0.10358125389018051,0.17048339545726776
2024-09-09,TLT,CAUSAL_XGBOOST,0.10272023878946879,0.14504992961883545
2024-09-10,TLT,CAUSAL_XGBOOST,0.09785676000468736,0.14258742332458496
2024-09-11,TLT,CAUSAL_XGBOOST,0.09810438529918576,0.13861292600631714
2024-09-12,TLT,CAUSAL_XGBOOST,0.0979686701384448,0.14723344147205353
2024-09-13,TLT,CAUSAL_XGBOOST,0.09570609171470558,0.1480088233947754
2024-09-16,TLT,CAUSAL_XGBOOST,0.08535179699942604,0.14214204251766205
2024-09-17,TLT,CAUSAL_XGBOOST,0.10192484178264777,0.13422444462776184
2024-09-18,TLT,CAUSAL_XGBOOST,0.09820679571206244,0.13535018265247345
2024-09-19,TLT,CAUSAL_XGBOOST,0.10996372100212416,0.13428246974945068
2024-09-20,TLT,CAUSAL_XGBOOST,0.11051942987267797,0.12514157593250275
2024-09-23,TLT,CAUSAL_XGBOOST,0.12293474393141236,0.11808791011571884
2024-09-24,TLT,CAUSAL_XGBOOST,0.12338773218343393,0.12355360388755798
2024-09-25,TLT,CAUSAL_XGBOOST,0.12185451968150118,0.12268438935279846
2024-09-26,TLT,CAUSAL_XGBOOST,0.12495437284254568,0.12604506313800812
2024-09-27,TLT,CAUSAL_XGBOOST,0.12179062485931982,0.13699856400489807
2024-09-30,TLT,CAUSAL_XGBOOST,0.12165843198624494,0.13237453997135162
2024-10-01,TLT,CAUSAL_XGBOOST,0.1168592435622824,0.14746586978435516
2024-10-02,TLT,CAUSAL_XGBOOST,0.11729885220500438,0.12602044641971588
2024-10-03,TLT,CAUSAL_XGBOOST,0.11556093092131292,0.1271149218082428
2024-10-04,TLT,CAUSAL_XGBOOST,0.11783278691036657,0.13638097047805786
2024-10-07,TLT,CAUSAL_XGBOOST,0.13175602711248388,0.12514595687389374
2024-10-08,TLT,CAUSAL_XGBOOST,0.13342235008440367,0.12018020451068878
2024-10-09,TLT,CAUSAL_XGBOOST,0.1633186289572263,0.1223464161157608
2024-10-10,TLT,CAUSAL_XGBOOST,0.17109464535607632,0.1268826723098755
2024-10-11,TLT,CAUSAL_XGBOOST,0.17766816768605898,0.11787766218185425
2024-10-15,TLT,CAUSAL_XGBOOST,0.1784126250639585,0.11980146169662476
2024-10-16,TLT,CAUSAL_XGBOOST,0.17861390090558002,0.1051076129078865
2024-10-17,TLT,CAUSAL_XGBOOST,0.17398026457428142,0.10807178914546967
2024-10-18,TLT,CAUSAL_XGBOOST,0.17375950053562741,0.11527592688798904
2024-10-21,TLT,CAUSAL_XGBOOST,0.1638232126093334,0.12015409022569656
2024-10-22,TLT,CAUSAL_XGBOOST,0.16509898128868564,0.12631890177726746
2024-10-23,TLT,CAUSAL_XGBOOST,0.16518688110384674,0.12703628838062286
2024-10-24,TLT,CAUSAL_XGBOOST,0.16302958631183168,0.13070890307426453
2024-10-25,TLT,CAUSAL_XGBOOST,0.16222683968353255,0.12838046252727509
2024-10-28,TLT,CAUSAL_XGBOOST,0.1869386064624024,0.1196356937289238
2024-10-29,TLT,CAUSAL_XGBOOST,0.18757944252249517,0.12155863642692566
2024-10-30,TLT,CAUSAL_XGBOOST,0.18883024302284587,0.13258792459964752
2024-10-31,TLT,CAUSAL_XGBOOST,0.1919486963157775,0.13640569150447845
2024-11-01,TLT,CAUSAL_XGBOOST,0.18338754345755004,0.1321830302476883
2024-11-04,TLT,CAUSAL_XGBOOST,0.17959522664144958,0.14745013415813446
2024-11-05,TLT,CAUSAL_XGBOOST,0.18245798143368105,0.14364470541477203
2024-11-06,TLT,CAUSAL_XGBOOST,0.14775871392900153,0.1259334832429886
2024-11-07,TLT,CAUSAL_XGBOOST,0.14288279395761902,0.13183143734931946
2024-11-08,TLT,CAUSAL_XGBOOST,0.1420544754257162,0.12272706627845764
2024-11-12,TLT,CAUSAL_XGBOOST,0.13489098882748393,0.12533029913902283
2024-11-13,TLT,CAUSAL_XGBOOST,0.1379836205355016,0.12783211469650269
2024-11-14,TLT,CAUSAL_XGBOOST,0.14212176916201047,0.13173708319664001
2024-11-15,TLT,CAUSAL_XGBOOST,0.1420925097522335,0.13550277054309845
2024-11-18,TLT,CAUSAL_XGBOOST,0.14219802385860866,0.1533450335264206
2024-11-19,TLT,CAUSAL_XGBOOST,0.1481729650335446,0.1493009626865387
2024-11-20,TLT,CAUSAL_XGBOOST,0.1570156164155049,0.14639481902122498
2024-11-21,TLT,CAUSAL_XGBOOST,0.1588483644601717,0.1438053548336029
2024-11-22,TLT,CAUSAL_XGBOOST,0.16153119959478998,0.1458556354045868
2024-11-25,TLT,CAUSAL_XGBOOST,0.12903832660590372,0.13670256733894348
2024-11-26,TLT,CAUSAL_XGBOOST,0.12904242453627454,0.14222198724746704
2024-11-27,TLT,CAUSAL_XGBOOST,0.12609449792000285,0.14035366475582123
2024-11-29,TLT,CAUSAL_XGBOOST,0.12317749996774521,0.1435542106628418
2024-12-02,TLT,CAUSAL_XGBOOST,0.12171448070980735,0.14149051904678345
2024-12-03,TLT,CAUSAL_XGBOOST,0.12192628896120072,0.1451656073331833
2024-12-04,TLT,CAUSAL_XGBOOST,0.11095061709449823,0.14958153665065765
2024-12-05,TLT,CAUSAL_XGBOOST,0.10901313272978538,0.14863939583301544
2024-12-06,TLT,CAUSAL_XGBOOST,0.11016518158940668,0.15014967322349548
2024-12-09,TLT,CAUSAL_XGBOOST,0.11048593187494005,0.14982634782791138
2024-12-10,TLT,CAUSAL_XGBOOST,0.11086868319705905,0.15065403282642365
2024-12-11,TLT,CAUSAL_XGBOOST,0.10968320367063662,0.14994429051876068
2024-12-12,TLT,CAUSAL_XGBOOST,0.10500743323652936,0.15002992749214172
2024-12-13,TLT,CAUSAL_XGBOOST,0.12348461689434087,0.15583910048007965
2024-12-16,TLT,CAUSAL_XGBOOST,0.12360447345243834,0.1631721556186676
2024-12-17,TLT,CAUSAL_XGBOOST,0.12331490757311726,0.15154527127742767
2024-12-18,TLT,CAUSAL_XGBOOST,0.1218514312190003,0.15284937620162964
2024-12-19,TLT,CAUSAL_XGBOOST,0.11062016015241682,0.14864154160022736
2024-12-20,TLT,CAUSAL_XGBOOST,0.11151092334815067,0.14460378885269165
2024-12-23,TLT,CAUSAL_XGBOOST,0.10843218445913856,0.14577509462833405
2024-12-24,TLT,CAUSAL_XGBOOST,0.11551559436049758,0.14694058895111084
2024-12-26,TLT,CAUSAL_XGBOOST,0.11552627197677211,0.141559898853302
2024-12-27,TLT,CAUSAL_XGBOOST,0.11154780522590095,0.14476190507411957
2024-12-30,TLT,CAUSAL_XGBOOST,0.10874555466345039,0.14530101418495178
2024-12-31,TLT,CAUSAL_XGBOOST,0.10967203367710672,0.14065052568912506
2025-01-02,TLT,CAUSAL_XGBOOST,0.11289894801664345,0.142348513007164
2025-01-03,TLT,CAUSAL_XGBOOST,0.1123514465588206,0.13771139085292816
2025-01-06,TLT,CAUSAL_XGBOOST,0.12315721416579592,0.135572612285614
2025-01-07,TLT,CAUSAL_XGBOOST,0.11333699846081767,0.13545876741409302
2025-01-08,TLT,CAUSAL_XGBOOST,0.11762953528277664,0.13283424079418182
2025-01-10,TLT,CAUSAL_XGBOOST,0.11475654369393642,0.13497823476791382
2025-01-13,TLT,CAUSAL_XGBOOST,0.11851653095041956,0.133966326713562
2025-01-14,TLT,CAUSAL_XGBOOST,0.13037524763540992,0.1319151371717453
2025-01-15,TLT,CAUSAL_XGBOOST,0.1294218139257575,0.13424700498580933
2025-01-16,TLT,CAUSAL_XGBOOST,0.13004002545930857,0.13640718162059784
2025-01-17,TLT,CAUSAL_XGBOOST,0.13822441516427544,0.1301964819431305
2025-01-21,TLT,CAUSAL_XGBOOST,0.134823402738461,0.13350848853588104
2025-01-22,TLT,CAUSAL_XGBOOST,0.1336766582852163,0.13106636703014374
2025-01-23,TLT,CAUSAL_XGBOOST,0.13533206948321247,0.13352185487747192
2025-01-24,TLT,CAUSAL_XGBOOST,0.13502505113997743,0.1320129781961441
2025-01-27,TLT,CAUSAL_XGBOOST,0.14150941749480106,0.13279230892658234
2025-01-28,TLT,CAUSAL_XGBOOST,0.1418155781802046,0.1338280886411667
2025-01-29,TLT,CAUSAL_XGBOOST,0.1449518134583731,0.13475662469863892
2025-01-30,TLT,CAUSAL_XGBOOST,0.14932116309574892,0.12808699905872345
2025-01-31,TLT,CAUSAL_XGBOOST,0.1455918054385977,0.131973534822464
2025-02-03,TLT,CAUSAL_XGBOOST,0.1539992474327411,0.1326933056116104
2025-02-04,TLT,CAUSAL_XGBOOST,0.15793601282359623,0.13435861468315125
2025-02-05,TLT,CAUSAL_XGBOOST,0.148390320539641,0.13260455429553986
2025-02-06,TLT,CAUSAL_XGBOOST,0.14893356558291646,0.13619503378868103
2025-02-07,TLT,CAUSAL_XGBOOST,0.15076497538740607,0.13639198243618011
2025-02-10,TLT,CAUSAL_XGBOOST,0.15298189214245822,0.1394442319869995
2025-02-11,TLT,CAUSAL_XGBOOST,0.1527125121203732,0.13929587602615356
2025-02-12,TLT,CAUSAL_XGBOOST,0.14476809412637368,0.14373372495174408
2025-02-13,TLT,CAUSAL_XGBOOST,0.13643441056716005,0.14637692272663116
2025-02-14,TLT,CAUSAL_XGBOOST,0.13631024408841086,0.13866953551769257
2025-02-18,TLT,CAUSAL_XGBOOST,0.12763360271366014,0.14097177982330322
2025-02-19,TLT,CAUSAL_XGBOOST,0.1282403616509948,0.14670751988887787
2025-02-20,TLT,CAUSAL_XGBOOST,0.12809394189896864,0.14080297946929932
2025-02-21,TLT,CAUSAL_XGBOOST,0.12465062059372535,0.1477421075105667
2025-02-24,TLT,CAUSAL_XGBOOST,0.13033226784953253,0.15149062871932983
2025-02-25,TLT,CAUSAL_XGBOOST,0.11383418805986034,0.1524810642004013
2025-02-26,TLT,CAUSAL_XGBOOST,0.11278417672669001,0.15153905749320984
2025-02-27,TLT,CAUSAL_XGBOOST,0.11093954244874248,0.14994508028030396
2025-02-28,TLT,CAUSAL_XGBOOST,0.11351947162903318,0.14738449454307556
2025-03-03,TLT,CAUSAL_XGBOOST,0.11837318751129136,0.15184791386127472
2025-03-04,TLT,CAUSAL_XGBOOST,0.11462011759238039,0.1488979160785675
2025-03-05,TLT,CAUSAL_XGBOOST,0.11051629287898418,0.14933136105537415
2025-03-06,TLT,CAUSAL_XGBOOST,0.11038102494679658,0.14732277393341064
2025-03-07,TLT,CAUSAL_XGBOOST,0.11449166028604861,0.1470777690410614
2025-03-10,TLT,CAUSAL_XGBOOST,0.1575586053231603,0.14801549911499023
2025-03-11,TLT,CAUSAL_XGBOOST,0.1695587047938776,0.1465936005115509
2025-03-12,TLT,CAUSAL_XGBOOST,0.17012328241587177,0.1453997790813446
2025-03-13,TLT,CAUSAL_XGBOOST,0.19243878180696594,0.1480923742055893
2025-03-14,TLT,CAUSAL_XGBOOST,0.19391173015353397,0.15511642396450043
2025-03-17,TLT,CAUSAL_XGBOOST,0.19502619453413242,0.1521897166967392
2025-03-18,TLT,CAUSAL_XGBOOST,0.1956768291727773,0.15315274894237518
2025-03-19,TLT,CAUSAL_XGBOOST,0.19585921555524766,0.1487322747707367
2025-03-20,TLT,CAUSAL_XGBOOST,0.19743324370338114,0.14373762905597687
2025-03-21,TLT,CAUSAL_XGBOOST,0.2048361837845756,0.14500664174556732
2025-03-24,TLT,CAUSAL_XGBOOST,0.20454200153776494,0.1388358771800995
2025-03-25,TLT,CAUSAL_XGBOOST,0.20844871424570705,0.14088189601898193
2025-03-26,TLT,CAUSAL_XGBOOST,0.21137752915427754,0.140719935297966
2025-03-27,TLT,CAUSAL_XGBOOST,0.21285165177148105,0.1422598958015442
2025-03-28,TLT,CAUSAL_XGBOOST,0.20813839088637323,0.13696198165416718
2025-03-31,TLT,CAUSAL_XGBOOST,0.20725938491908868,0.14222899079322815
2025-04-01,TLT,CAUSAL_XGBOOST,0.20623985377565832,0.14767520129680634
2025-04-02,TLT,CAUSAL_XGBOOST,0.2067070641130615,0.1446920782327652
2025-04-03,TLT,CAUSAL_XGBOOST,0.20811707552429512,0.14160600304603577
2025-04-04,TLT,CAUSAL_XGBOOST,0.20266863210806269,0.3330080807209015
2025-04-07,TLT,CAUSAL_XGBOOST,0.17510350029257055,0.348664253950119
2025-04-08,TLT,CAUSAL_XGBOOST,0.1627361792931484,0.36387839913368225
2025-04-09,TLT,CAUSAL_XGBOOST,0.1657333777323118,0.33011943101882935
2025-04-10,TLT,CAUSAL_XGBOOST,0.13145303348813758,0.4500029683113098
2025-04-11,TLT,CAUSAL_XGBOOST,0.13460460532178178,0.3655346632003784
2025-04-14,TLT,CAUSAL_XGBOOST,0.13239150440809228,0.3573390245437622
2025-04-15,TLT,CAUSAL_XGBOOST,0.13295776569551215,0.3575891852378845
2025-04-16,TLT,CAUSAL_XGBOOST,0.1355836409724821,0.36748024821281433
2025-04-17,TLT,CAUSAL_XGBOOST,0.13297443931115133,0.3574495017528534
2025-04-21,TLT,CAUSAL_XGBOOST,0.11717572821095817,0.3119465112686157
2025-04-22,TLT,CAUSAL_XGBOOST,0.11822176824290577,0.2729606330394745
2025-04-23,TLT,CAUSAL_XGBOOST,0.12606850524010493,0.29349106550216675
2025-04-24,TLT,CAUSAL_XGBOOST,0.12055417500309766,0.25274428725242615
2025-04-25,TLT,CAUSAL_XGBOOST,0.11630637070357946,0.21991239488124847
2025-04-28,TLT,CAUSAL_XGBOOST,0.12641203799717018,0.2246726155281067
2025-04-29,TLT,CAUSAL_XGBOOST,0.12060104387693434,0.22279033064842224
2025-04-30,TLT,CAUSAL_XGBOOST,0.12561413038097158,0.22453339397907257
2025-05-01,TLT,CAUSAL_XGBOOST,0.12544311834800173,0.19878971576690674
2025-05-02,TLT,CAUSAL_XGBOOST,0.12401226499566041,0.19568435847759247
2025-05-05,TLT,CAUSAL_XGBOOST,0.12299130937801594,0.1933843046426773
2025-05-06,TLT,CAUSAL_XGBOOST,0.1367032257379677,0.17988266050815582
2025-05-07,TLT,CAUSAL_XGBOOST,0.1356688259237306,0.15902504324913025
2025-05-08,TLT,CAUSAL_XGBOOST,0.13742209002903005,0.16096897423267365
2025-05-09,TLT,CAUSAL_XGBOOST,0.13733661132365302,0.148483544588089
2025-05-12,TLT,CAUSAL_XGBOOST,0.1349084456734377,0.14369629323482513
2025-05-13,TLT,CAUSAL_XGBOOST,0.13443664202153208,0.14668720960617065
2025-05-14,TLT,CAUSAL_XGBOOST,0.1377247032917779,0.14699961245059967
2025-05-15,TLT,CAUSAL_XGBOOST,0.13994895239617142,0.14437176287174225
2025-05-16,TLT,CAUSAL_XGBOOST,0.1444215826718701,0.13655854761600494
2025-05-19,TLT,CAUSAL_XGBOOST,0.1505258383754104,0.13682129979133606
2025-05-20,TLT,CAUSAL_XGBOOST,0.14780003409511897,0.12619413435459137
2025-05-21,TLT,CAUSAL_XGBOOST,0.132010442700103,0.13179071247577667
2025-05-22,TLT,CAUSAL_XGBOOST,0.13148551431778485,0.1315678358078003
2025-05-23,TLT,CAUSAL_XGBOOST,0.13301911798054306,0.1238325983285904
2025-05-27,TLT,CAUSAL_XGBOOST,0.1252126827500624,0.14095045626163483
2025-05-28,TLT,CAUSAL_XGBOOST,0.12411785529243646,0.13598628342151642
2025-05-29,TLT,CAUSAL_XGBOOST,0.12391402967886031,0.12971273064613342
2025-05-30,TLT,CAUSAL_XGBOOST,0.1278790394903457,0.12786124646663666
2025-06-02,TLT,CAUSAL_XGBOOST,0.12153053201492116,0.12578175961971283
2025-06-03,TLT,CAUSAL_XGBOOST,0.12444379799526314,0.12498432397842407
2025-06-04,TLT,CAUSAL_XGBOOST,0.11561807410891173,0.12274840474128723
2025-06-05,TLT,CAUSAL_XGBOOST,0.1210482860247608,0.12699618935585022
2025-06-06,TLT,CAUSAL_XGBOOST,0.11139658817840839,0.1302778571844101
2025-06-09,TLT,CAUSAL_XGBOOST,0.11674049656429475,0.12890587747097015
2025-06-10,TLT,CAUSAL_XGBOOST,0.11573913623218253,0.1251824051141739
2025-06-11,TLT,CAUSAL_XGBOOST,0.12655206675243422,0.13173332810401917
2025-06-12,TLT,CAUSAL_XGBOOST,0.1185912338675449,0.13120108842849731
2025-06-13,TLT,CAUSAL_XGBOOST,0.11628461298473591,0.1251102089881897
2025-06-16,TLT,CAUSAL_XGBOOST,0.11080768450580814,0.12186112999916077
2025-06-17,TLT,CAUSAL_XGBOOST,0.10116968607645818,0.12328741699457169
2025-06-18,TLT,CAUSAL_XGBOOST,0.10110855357875329,0.12091537564992905
2025-06-20,TLT,CAUSAL_XGBOOST,0.10642758290155208,0.12083330005407333
2025-06-23,TLT,CAUSAL_XGBOOST,0.10803856136231692,0.11535540968179703
2025-06-24,TLT,CAUSAL_XGBOOST,0.10627458832423775,0.10928859561681747
2025-06-25,TLT,CAUSAL_XGBOOST,0.10611354988426885,0.10968677699565887
2025-06-26,TLT,CAUSAL_XGBOOST,0.10710398183835668,0.11504030972719193
2025-06-27,TLT,CAUSAL_XGBOOST,0.10718441626695366,0.11476127058267593
2025-06-30,TLT,CAUSAL_XGBOOST,0.11845248217459406,0.11710666120052338
2025-07-01,TLT,CAUSAL_XGBOOST,0.11914427767108351,0.11679039895534515
2025-07-02,TLT,CAUSAL_XGBOOST,0.11731445911996524,0.11859754472970963
2025-07-03,TLT,CAUSAL_XGBOOST,0.12519645265358692,0.11850868910551071
2025-07-07,TLT,CAUSAL_XGBOOST,0.11929560108769298,0.11550184339284897
2025-07-08,TLT,CAUSAL_XGBOOST,0.11904948640607349,0.10962889343500137
2025-07-09,TLT,CAUSAL_XGBOOST,0.11685777628717678,0.10951840132474899
2025-07-10,TLT,CAUSAL_XGBOOST,0.11717052199292688,0.11581128090620041
2025-07-11,TLT,CAUSAL_XGBOOST,0.10588987865991424,0.1293538361787796
2025-07-14,TLT,CAUSAL_XGBOOST,0.10523088322408643,0.1316835880279541
2025-07-15,TLT,CAUSAL_XGBOOST,0.10338553160667444,0.13484323024749756
2025-07-16,TLT,CAUSAL_XGBOOST,0.10627326368726167,0.13336911797523499
2025-07-17,TLT,CAUSAL_XGBOOST,0.11095431363879141,0.1351443976163864
2025-07-18,TLT,CAUSAL_XGBOOST,0.11492357310982675,0.13575419783592224
2025-07-21,TLT,CAUSAL_XGBOOST,0.11159053543361978,0.13859909772872925
2025-07-22,TLT,CAUSAL_XGBOOST,0.11142882934839521,0.14130550622940063
2025-07-23,TLT,CAUSAL_XGBOOST,0.10943013686607429,0.13070935010910034
2025-07-24,TLT,CAUSAL_XGBOOST,0.11095182672250863,0.1392100304365158
2025-07-25,TLT,CAUSAL_XGBOOST,0.11178648598562851,0.13031885027885437
2025-07-28,TLT,CAUSAL_XGBOOST,0.10947187374039989,0.13295836746692657
2025-07-29,TLT,CAUSAL_XGBOOST,0.09168246119431753,0.1288389414548874
2025-07-30,TLT,CAUSAL_XGBOOST,0.08985040684674922,0.13176977634429932
2025-07-31,TLT,CAUSAL_XGBOOST,0.09276309430022898,0.13817311823368073
2025-08-01,TLT,CAUSAL_XGBOOST,0.08088322877586131,0.13094070553779602
2025-08-04,TLT,CAUSAL_XGBOOST,0.08321712759472359,0.12914052605628967
2025-08-05,TLT,CAUSAL_XGBOOST,0.0926973305997521,0.13415804505348206
2025-08-06,TLT,CAUSAL_XGBOOST,0.09531151583727873,0.1351594626903534
2025-08-07,TLT,CAUSAL_XGBOOST,0.10936259486871194,0.132771298289299
2025-08-08,TLT,CAUSAL_XGBOOST,0.11620967127856237,0.13091181218624115
2025-08-11,TLT,CAUSAL_XGBOOST,0.11904942251698088,0.13361462950706482
2025-08-12,TLT,CAUSAL_XGBOOST,0.11763474449892226,0.1316947489976883
2025-08-13,TLT,CAUSAL_XGBOOST,0.11660831362400499,0.13017821311950684
2025-08-14,TLT,CAUSAL_XGBOOST,0.11386450369346786,0.12999992072582245
2025-08-15,TLT,CAUSAL_XGBOOST,0.10879033429582108,0.13560740649700165
2025-08-18,TLT,CAUSAL_XGBOOST,0.10704361248331043,0.13530653715133667
2025-08-19,TLT,CAUSAL_XGBOOST,0.10780748962310192,0.13348467648029327
2025-08-20,TLT,CAUSAL_XGBOOST,0.11661425006455771,0.13473589718341827
2025-08-21,TLT,CAUSAL_XGBOOST,0.1148501314127043,0.13889284431934357
2025-08-22,TLT,CAUSAL_XGBOOST,0.11423219981207133,0.1378237009048462
2025-08-25,TLT,CAUSAL_XGBOOST,0.1149954782243439,0.1386297345161438
2025-08-26,TLT,CAUSAL_XGBOOST,0.11638168558590425,0.13678203523159027
2025-08-27,TLT,CAUSAL_XGBOOST,0.11611002739012424,0.13848091661930084
2025-08-28,TLT,CAUSAL_XGBOOST,0.11482672723779659,0.13815990090370178
2025-08-29,TLT,CAUSAL_XGBOOST,0.11303635232368954,0.13898314535617828
2025-09-02,TLT,CAUSAL_XGBOOST,0.10910634723167287,0.137628972530365
2025-09-03,TLT,CAUSAL_XGBOOST,0.10410664225532539,0.1358908861875534
2025-09-04,TLT,CAUSAL_XGBOOST,0.10190492901106375,0.13368329405784607
2025-09-05,TLT,CAUSAL_XGBOOST,0.08873925389000309,0.11823713034391403
2025-09-08,TLT,CAUSAL_XGBOOST,0.08033174974646713,0.1143324002623558
2025-09-09,TLT,CAUSAL_XGBOOST,0.08062970527883667,0.11391611397266388
2025-09-10,TLT,CAUSAL_XGBOOST,0.07798387220810127,0.11641539633274078
2025-09-11,TLT,CAUSAL_XGBOOST,0.07378448065185218,0.11612970381975174
2025-09-12,TLT,CAUSAL_XGBOOST,0.09262526922167809,0.11927038431167603
2025-09-15,TLT,CAUSAL_XGBOOST,0.09245280395891464,0.11854157596826553
2025-09-16,TLT,CAUSAL_XGBOOST,0.09280034000402694,0.12670466303825378
2025-09-17,TLT,CAUSAL_XGBOOST,0.09266015887652188,0.12309037148952484
2025-09-18,TLT,CAUSAL_XGBOOST,0.08639696925403391,0.11792538315057755
2025-09-19,TLT,CAUSAL_XGBOOST,0.08621911316188482,0.11943814158439636
2025-09-22,TLT,CAUSAL_XGBOOST,0.08453990149055994,0.12339155375957489
2025-09-23,TLT,CAUSAL_XGBOOST,0.08315972422001103,0.12782776355743408
2025-09-24,TLT,CAUSAL_XGBOOST,0.08074257816109162,0.1309373378753662
2025-09-25,TLT,CAUSAL_XGBOOST,0.08634274085069507,0.1317298412322998
2025-09-26,TLT,CAUSAL_XGBOOST,0.08597297767804797,0.13441243767738342
2025-09-29,TLT,CAUSAL_XGBOOST,0.08272976268344573,0.1349838674068451
2025-09-30,TLT,CAUSAL_XGBOOST,0.0812631461177168,0.14407727122306824
2025-10-01,TLT,CAUSAL_XGBOOST,0.09126196261185371,0.14522787928581238
2025-10-02,TLT,CAUSAL_XGBOOST,0.09406913983918637,0.14980070292949677
2025-10-03,TLT,CAUSAL_XGBOOST,0.09452361612399428,0.14589418470859528
2025-10-06,TLT,CAUSAL_XGBOOST,0.08989401868924796,0.1475796103477478
2025-10-07,TLT,CAUSAL_XGBOOST,0.08817511376700958,0.15149059891700745
2025-10-08,TLT,CAUSAL_XGBOOST,0.09723989264227416,0.14731116592884064
2025-10-09,TLT,CAUSAL_XGBOOST,0.10219125959340948,0.15538527071475983
2025-10-10,TLT,CAUSAL_XGBOOST,0.0844043097007238,0.15040390193462372
2025-10-14,TLT,CAUSAL_XGBOOST,0.08531202784102226,0.14323972165584564
2025-10-15,TLT,CAUSAL_XGBOOST,0.0853149292777988,0.14964638650417328
2025-10-16,TLT,CAUSAL_XGBOOST,0.08500900397523226,0.13353991508483887
2025-10-17,TLT,CAUSAL_XGBOOST,0.08670365764151106,0.12817910313606262
2025-10-20,TLT,CAUSAL_XGBOOST,0.08580589749711204,0.13485145568847656
2025-10-21,TLT,CAUSAL_XGBOOST,0.08284213580253424,0.13680481910705566
2025-10-22,TLT,CAUSAL_XGBOOST,0.08248815141695924,0.137191504240036
2025-10-23,TLT,CAUSAL_XGBOOST,0.08220845863060929,0.13443128764629364
2025-10-24,TLT,CAUSAL_XGBOOST,0.08332728360928475,0.1345478892326355
2025-10-27,TLT,CAUSAL_XGBOOST,0.08527447997965924,0.13603250682353973
2025-10-28,TLT,CAUSAL_XGBOOST,0.08524317208721571,0.1367010921239853
2025-10-29,TLT,CAUSAL_XGBOOST,0.07952583532619911,0.14182375371456146
2025-10-30,TLT,CAUSAL_XGBOOST,0.07857358740506473,0.1470799595117569
2025-10-31,TLT,CAUSAL_XGBOOST,0.08985038792884005,0.14860500395298004
2025-11-03,TLT,CAUSAL_XGBOOST,0.08958380253122956,0.1399005800485611
2025-11-04,TLT,CAUSAL_XGBOOST,0.0898299628528981,0.14191937446594238
2025-11-05,TLT,CAUSAL_XGBOOST,0.08300882358330716,0.14130616188049316
2025-11-06,TLT,CAUSAL_XGBOOST,0.077314126108801,0.14077402651309967
2025-11-07,TLT,CAUSAL_XGBOOST,0.07770875370516808,0.13607126474380493
2025-11-10,TLT,CAUSAL_XGBOOST,0.07795165867609392,0.13579337298870087
2025-11-12,TLT,CAUSAL_XGBOOST,0.07679347078571336,0.1355704367160797
2025-11-13,TLT,CAUSAL_XGBOOST,0.07876387046774773,0.1324366331100464
2025-11-14,TLT,CAUSAL_XGBOOST,0.07690529003016697,0.13578926026821136
2025-11-17,TLT,CAUSAL_XGBOOST,0.07923057127193017,0.12809708714485168
2025-11-18,TLT,CAUSAL_XGBOOST,0.07924055287810201,0.1301589012145996
2025-11-19,TLT,CAUSAL_XGBOOST,0.08119414283198001,0.13293562829494476
2025-11-20,TLT,CAUSAL_XGBOOST,0.08058844236147202,0.1317114681005478
2025-11-21,TLT,CAUSAL_XGBOOST,0.07961485249230736,0.1357838213443756
2025-11-24,TLT,CAUSAL_XGBOOST,0.07643682422877776,0.13650701940059662
2025-11-25,TLT,CAUSAL_XGBOOST,0.07954990485340828,0.13461945950984955
2025-11-26,TLT,CAUSAL_XGBOOST,0.07743333751968588,0.1367802619934082
2025-11-28,TLT,CAUSAL_XGBOOST,0.07821654061702327,0.13147369027137756
2025-12-01,TLT,CAUSAL_XGBOOST,0.06531976523570449,0.1300877183675766
2025-12-02,TLT,CAUSAL_XGBOOST,0.07066350701451925,0.130623459815979
2025-12-03,TLT,CAUSAL_XGBOOST,0.06943280888415293,0.09434091299772263
2025-12-04,TLT,CAUSAL_XGBOOST,0.07033986729520791,0.09319526702165604
2025-12-05,TLT,CAUSAL_XGBOOST,0.06887927641144088,0.09656206518411636
2025-12-08,TLT,CAUSAL_XGBOOST,0.07121233389222868,0.09663040190935135
2025-12-09,TLT,CAUSAL_XGBOOST,0.07342224114720587,0.09783125668764114
2025-12-10,TLT,CAUSAL_XGBOOST,0.07603282183373411,0.09425681829452515
2025-12-11,TLT,CAUSAL_XGBOOST,0.07661699602153281,0.09414805471897125
2025-12-12,TLT,CAUSAL_XGBOOST,0.06789256576380386,0.09315405040979385
2025-12-15,TLT,CAUSAL_XGBOOST,0.07047841128102127,0.09316523373126984
2025-12-16,TLT,CAUSAL_XGBOOST,0.06824885841962995,0.09234771132469177
2025-12-17,TLT,CAUSAL_XGBOOST,0.0716433644158825,0.09936371445655823
2025-12-18,TLT,CAUSAL_XGBOOST,0.08375521680134919,0.10150963813066483
2025-12-19,TLT,CAUSAL_XGBOOST,0.08786042054124468,0.10083712637424469
2025-12-22,TLT,CAUSAL_XGBOOST,0.08889642636410333,0.09955009073019028
2025-12-23,TLT,CAUSAL_XGBOOST,0.08922518622107398,0.10113805532455444
2025-12-24,TLT,CAUSAL_XGBOOST,0.0882372929233335,0.10106143355369568
2025-12-26,TLT,CAUSAL_XGBOOST,0.0903716380675739,0.10210104286670685
2025-12-29,TLT,CAUSAL_XGBOOST,0.08961254621717131,0.10303615778684616
2025-12-30,TLT,CAUSAL_XGBOOST,0.08927223672256449,0.11358413100242615
2025-12-31,TLT,CAUSAL_XGBOOST,0.08684989631646652,0.12067142128944397
2023-12-28,LQD,CAUSAL_XGBOOST,0.07366931661848569,0.09677542001008987
2023-12-29,LQD,CAUSAL_XGBOOST,0.07399992364769244,0.09341606497764587
2024-01-02,LQD,CAUSAL_XGBOOST,0.07054867317155873,0.09778884053230286
2024-01-03,LQD,CAUSAL_XGBOOST,0.07482079190721717,0.09813994914293289
2024-01-04,LQD,CAUSAL_XGBOOST,0.07969535206369664,0.09975556284189224
2024-01-05,LQD,CAUSAL_XGBOOST,0.08634617344885491,0.10206726938486099
2024-01-08,LQD,CAUSAL_XGBOOST,0.0843125485720398,0.0968896746635437
2024-01-09,LQD,CAUSAL_XGBOOST,0.08469300918855156,0.09798602014780045
2024-01-10,LQD,CAUSAL_XGBOOST,0.0864503238775251,0.09799457341432571
2024-01-11,LQD,CAUSAL_XGBOOST,0.0831020062504516,0.09936587512493134
2024-01-12,LQD,CAUSAL_XGBOOST,0.08245328287119284,0.09855577349662781
2024-01-16,LQD,CAUSAL_XGBOOST,0.08380424996239558,0.10202321410179138
2024-01-17,LQD,CAUSAL_XGBOOST,0.0859348972524208,0.09906822443008423
2024-01-18,LQD,CAUSAL_XGBOOST,0.08702022193014589,0.09759170562028885
2024-01-19,LQD,CAUSAL_XGBOOST,0.08765407501928245,0.099972203373909
2024-01-22,LQD,CAUSAL_XGBOOST,0.08797318593071991,0.09977315366268158
2024-01-23,LQD,CAUSAL_XGBOOST,0.08751299170705308,0.09937100857496262
2024-01-24,LQD,CAUSAL_XGBOOST,0.08760313726094535,0.0994282215833664
2024-01-25,LQD,CAUSAL_XGBOOST,0.08472951620851424,0.10171549022197723
2024-01-26,LQD,CAUSAL_XGBOOST,0.08485450786692336,0.10236623883247375
2024-01-29,LQD,CAUSAL_XGBOOST,0.0831542652148546,0.10264171659946442
2024-01-30,LQD,CAUSAL_XGBOOST,0.08190864736616046,0.10311072319746017
2024-01-31,LQD,CAUSAL_XGBOOST,0.08120658995522609,0.11127615720033646
2024-02-01,LQD,CAUSAL_XGBOOST,0.07906829283976512,0.10042591392993927
2024-02-02,LQD,CAUSAL_XGBOOST,0.07315377480770778,0.0999467745423317
2024-02-05,LQD,CAUSAL_XGBOOST,0.06814903342561253,0.10122519731521606
2024-02-06,LQD,CAUSAL_XGBOOST,0.06574165489156586,0.09922690689563751
2024-02-07,LQD,CAUSAL_XGBOOST,0.065436872162976,0.09916076064109802
2024-02-08,LQD,CAUSAL_XGBOOST,0.062398194911071306,0.0980357751250267
2024-02-09,LQD,CAUSAL_XGBOOST,0.06204987606566898,0.09901757538318634
2024-02-12,LQD,CAUSAL_XGBOOST,0.06349407571604954,0.0987120196223259
2024-02-13,LQD,CAUSAL_XGBOOST,0.047354460819553156,0.09846483170986176
2024-02-14,LQD,CAUSAL_XGBOOST,0.05365565728060998,0.09880849719047546
2024-02-15,LQD,CAUSAL_XGBOOST,0.05222201480947999,0.10491103678941727
2024-02-16,LQD,CAUSAL_XGBOOST,0.05079018909152358,0.10816477239131927
2024-02-20,LQD,CAUSAL_XGBOOST,0.05043845349594632,0.10758980363607407
2024-02-21,LQD,CAUSAL_XGBOOST,0.04966946844474113,0.10532762110233307
2024-02-22,LQD,CAUSAL_XGBOOST,0.04964035953258958,0.10491178929805756
2024-02-23,LQD,CAUSAL_XGBOOST,0.049964438463196446,0.10105641186237335
2024-02-26,LQD,CAUSAL_XGBOOST,0.05022122352319013,0.10058580338954926
2024-02-27,LQD,CAUSAL_XGBOOST,0.049832132855765675,0.09909521043300629
2024-02-28,LQD,CAUSAL_XGBOOST,0.05466827898788347,0.09539574384689331
2024-02-29,LQD,CAUSAL_XGBOOST,0.055027891224815266,0.09622260928153992
2024-03-01,LQD,CAUSAL_XGBOOST,0.06262806850833057,0.09996379166841507
2024-03-04,LQD,CAUSAL_XGBOOST,0.062499514285145996,0.1004650816321373
2024-03-05,LQD,CAUSAL_XGBOOST,0.059165555397217004,0.10214576125144958
2024-03-06,LQD,CAUSAL_XGBOOST,0.05840087747194018,0.10339101403951645
2024-03-07,LQD,CAUSAL_XGBOOST,0.05911010919740317,0.09094391018152237
2024-03-08,LQD,CAUSAL_XGBOOST,0.05866582185125651,0.09261178970336914
2024-03-11,LQD,CAUSAL_XGBOOST,0.06221032062612784,0.09266477078199387
2024-03-12,LQD,CAUSAL_XGBOOST,0.07892158345329557,0.0922219380736351
2024-03-13,LQD,CAUSAL_XGBOOST,0.079006174396767,0.0939243957400322
2024-03-14,LQD,CAUSAL_XGBOOST,0.07618577367353602,0.09507643431425095
2024-03-15,LQD,CAUSAL_XGBOOST,0.08464029236787135,0.08816271275281906
2024-03-18,LQD,CAUSAL_XGBOOST,0.08497509374272597,0.08413828164339066
2024-03-19,LQD,CAUSAL_XGBOOST,0.08709196499461108,0.0826444998383522
2024-03-20,LQD,CAUSAL_XGBOOST,0.08640813654730344,0.08340392261743546
2024-03-21,LQD,CAUSAL_XGBOOST,0.08623569685406385,0.08595291525125504
2024-03-22,LQD,CAUSAL_XGBOOST,0.08561056975621698,0.06326030194759369
2024-03-25,LQD,CAUSAL_XGBOOST,0.08594406713764334,0.06314019113779068
2024-03-26,LQD,CAUSAL_XGBOOST,0.0864183870112678,0.048590049147605896
2024-03-27,LQD,CAUSAL_XGBOOST,0.08087559597119505,0.04874083399772644
2024-03-28,LQD,CAUSAL_XGBOOST,0.08328095539256912,0.05012337863445282
2024-04-01,LQD,CAUSAL_XGBOOST,0.07994985611540431,0.061083659529685974
2024-04-02,LQD,CAUSAL_XGBOOST,0.08160444067596807,0.061289627104997635
2024-04-03,LQD,CAUSAL_XGBOOST,0.08351978312068102,0.05667519569396973
2024-04-04,LQD,CAUSAL_XGBOOST,0.08700668238328677,0.04926764592528343
2024-04-05,LQD,CAUSAL_XGBOOST,0.08986886079604461,0.05299440771341324
2024-04-08,LQD,CAUSAL_XGBOOST,0.09046172378138921,0.05306059867143631
2024-04-09,LQD,CAUSAL_XGBOOST,0.08848343592431557,0.05705682188272476
2024-04-10,LQD,CAUSAL_XGBOOST,0.07182046122999633,0.07148657739162445
2024-04-11,LQD,CAUSAL_XGBOOST,0.07131842191380743,0.07297389209270477
2024-04-12,LQD,CAUSAL_XGBOOST,0.07224235879194492,0.07435580343008041
2024-04-15,LQD,CAUSAL_XGBOOST,0.05835621624453128,0.07450301945209503
2024-04-16,LQD,CAUSAL_XGBOOST,0.056535340016439437,0.07288702577352524
2024-04-17,LQD,CAUSAL_XGBOOST,0.06107229265512013,0.07315921038389206
2024-04-18,LQD,CAUSAL_XGBOOST,0.06078305733102725,0.07433626800775528
2024-04-19,LQD,CAUSAL_XGBOOST,0.06220390955284877,0.07330753654241562
2024-04-22,LQD,CAUSAL_XGBOOST,0.06229710046446226,0.06879135966300964
2024-04-23,LQD,CAUSAL_XGBOOST,0.062293180463093636,0.07299528270959854
2024-04-24,LQD,CAUSAL_XGBOOST,0.06030056460244263,0.08854026347398758
2024-04-25,LQD,CAUSAL_XGBOOST,0.06181344328386583,0.08799117803573608
2024-04-26,LQD,CAUSAL_XGBOOST,0.0613012927477785,0.08612436056137085
2024-04-29,LQD,CAUSAL_XGBOOST,0.06499459095907476,0.08786105364561081
2024-04-30,LQD,CAUSAL_XGBOOST,0.06482934493890523,0.08488260209560394
2024-05-01,LQD,CAUSAL_XGBOOST,0.06663149777604306,0.08757998794317245
2024-05-02,LQD,CAUSAL_XGBOOST,0.06497231849684146,0.08520407229661942
2024-05-03,LQD,CAUSAL_XGBOOST,0.0648420757006588,0.08934756368398666
2024-05-06,LQD,CAUSAL_XGBOOST,0.06545699958569015,0.08879697322845459
2024-05-07,LQD,CAUSAL_XGBOOST,0.06615340049888405,0.08707451820373535
2024-05-08,LQD,CAUSAL_XGBOOST,0.06523674329371393,0.08468636125326157
2024-05-09,LQD,CAUSAL_XGBOOST,0.07397511199196397,0.08244308084249496
2024-05-10,LQD,CAUSAL_XGBOOST,0.0733645910096813,0.0823163166642189
2024-05-13,LQD,CAUSAL_XGBOOST,0.07466442230921991,0.0778176486492157
2024-05-14,LQD,CAUSAL_XGBOOST,0.07684298865634497,0.07715704292058945
2024-05-15,LQD,CAUSAL_XGBOOST,0.07230579968093825,0.08641268312931061
2024-05-16,LQD,CAUSAL_XGBOOST,0.07187213606065163,0.08937949687242508
2024-05-17,LQD,CAUSAL_XGBOOST,0.07366413909602272,0.08775986731052399
2024-05-20,LQD,CAUSAL_XGBOOST,0.0749417914590069,0.08197951316833496
2024-05-21,LQD,CAUSAL_XGBOOST,0.07625458385493045,0.07839607447385788
2024-05-22,LQD,CAUSAL_XGBOOST,0.07588473128646213,0.07408292591571808
2024-05-23,LQD,CAUSAL_XGBOOST,0.07352053319886666,0.07271574437618256
2024-05-24,LQD,CAUSAL_XGBOOST,0.07332941268503869,0.07278262823820114
2024-05-28,LQD,CAUSAL_XGBOOST,0.07270084680017597,0.07272293418645859
2024-05-29,LQD,CAUSAL_XGBOOST,0.0690350399349236,0.07307998836040497
2024-05-30,LQD,CAUSAL_XGBOOST,0.07135434327861821,0.07644288241863251
2024-05-31,LQD,CAUSAL_XGBOOST,0.0733188120028266,0.0762716755270958
2024-06-03,LQD,CAUSAL_XGBOOST,0.07272637573717604,0.07715494930744171
2024-06-04,LQD,CAUSAL_XGBOOST,0.07616628987271752,0.07997463643550873
2024-06-05,LQD,CAUSAL_XGBOOST,0.07746857051859918,0.07598979771137238
2024-06-06,LQD,CAUSAL_XGBOOST,0.07740907007456488,0.07695657759904861
2024-06-07,LQD,CAUSAL_XGBOOST,0.06979496173930853,0.08034076541662216
2024-06-10,LQD,CAUSAL_XGBOOST,0.06931372025845803,0.07687275111675262
2024-06-11,LQD,CAUSAL_XGBOOST,0.07009930172244254,0.07474150508642197
2024-06-12,LQD,CAUSAL_XGBOOST,0.06817632765818603,0.07627158612012863
2024-06-13,LQD,CAUSAL_XGBOOST,0.06998451653718009,0.07896402478218079
2024-06-14,LQD,CAUSAL_XGBOOST,0.07267166830109865,0.0791049599647522
2024-06-17,LQD,CAUSAL_XGBOOST,0.07000579265487915,0.07748623937368393
2024-06-18,LQD,CAUSAL_XGBOOST,0.07067309531331631,0.0800609216094017
2024-06-20,LQD,CAUSAL_XGBOOST,0.07093026503443095,0.07876833528280258
2024-06-21,LQD,CAUSAL_XGBOOST,0.07099657988601157,0.07694762945175171
2024-06-24,LQD,CAUSAL_XGBOOST,0.07102460925171804,0.0788942351937294
2024-06-25,LQD,CAUSAL_XGBOOST,0.07446078964091993,0.07444525510072708
2024-06-26,LQD,CAUSAL_XGBOOST,0.07298201526984638,0.07438337802886963
2024-06-27,LQD,CAUSAL_XGBOOST,0.07509724969042972,0.07609974592924118
2024-06-28,LQD,CAUSAL_XGBOOST,0.0705715578835858,0.07315671443939209
2024-07-01,LQD,CAUSAL_XGBOOST,0.065675316964938,0.06820934265851974
2024-07-02,LQD,CAUSAL_XGBOOST,0.06507277910936154,0.06821757555007935
2024-07-03,LQD,CAUSAL_XGBOOST,0.06153264102811722,0.06969284266233444
2024-07-05,LQD,CAUSAL_XGBOOST,0.06737330196188432,0.07093842327594757
2024-07-08,LQD,CAUSAL_XGBOOST,0.0685912460258006,0.0725870206952095
2024-07-09,LQD,CAUSAL_XGBOOST,0.07321620400038299,0.07079461216926575
2024-07-10,LQD,CAUSAL_XGBOOST,0.0755256190636394,0.08096067607402802
2024-07-11,LQD,CAUSAL_XGBOOST,0.07341311417597188,0.07513338327407837
2024-07-12,LQD,CAUSAL_XGBOOST,0.07445224424088435,0.0776323452591896
2024-07-15,LQD,CAUSAL_XGBOOST,0.07123330408935771,0.06983065605163574
2024-07-16,LQD,CAUSAL_XGBOOST,0.0724555977223566,0.07408992201089859
2024-07-17,LQD,CAUSAL_XGBOOST,0.07351446057024569,0.07261161506175995
2024-07-18,LQD,CAUSAL_XGBOOST,0.07242892234842166,0.07439091801643372
2024-07-19,LQD,CAUSAL_XGBOOST,0.07039099596300419,0.07452452182769775
2024-07-22,LQD,CAUSAL_XGBOOST,0.07004157150613327,0.0666363462805748
2024-07-23,LQD,CAUSAL_XGBOOST,0.0695613835756417,0.06768576800823212
2024-07-24,LQD,CAUSAL_XGBOOST,0.06301177548515972,0.06597687304019928
2024-07-25,LQD,CAUSAL_XGBOOST,0.06641509054096423,0.06517142802476883
2024-07-26,LQD,CAUSAL_XGBOOST,0.06655486636644704,0.06587029248476028
2024-07-29,LQD,CAUSAL_XGBOOST,0.06740391838895692,0.06533361971378326
2024-07-30,LQD,CAUSAL_XGBOOST,0.06790619252770812,0.06606800109148026
2024-07-31,LQD,CAUSAL_XGBOOST,0.06712461607756856,0.0699557438492775
2024-08-01,LQD,CAUSAL_XGBOOST,0.06734360656791144,0.06575778126716614
2024-08-02,LQD,CAUSAL_XGBOOST,0.05982806612175272,0.08397388458251953
2024-08-05,LQD,CAUSAL_XGBOOST,0.059616117072979063,0.1981273740530014
2024-08-06,LQD,CAUSAL_XGBOOST,0.05656121115762497,0.13297103345394135
2024-08-07,LQD,CAUSAL_XGBOOST,0.05368833043941968,0.13177509605884552
2024-08-08,LQD,CAUSAL_XGBOOST,0.054051689350149895,0.1262914538383484
2024-08-09,LQD,CAUSAL_XGBOOST,0.052521281739186576,0.10339748114347458
2024-08-12,LQD,CAUSAL_XGBOOST,0.05267545182664227,0.09944029897451401
2024-08-13,LQD,CAUSAL_XGBOOST,0.04862170071964152,0.0987560823559761
2024-08-14,LQD,CAUSAL_XGBOOST,0.04748692649521174,0.09984041005373001
2024-08-15,LQD,CAUSAL_XGBOOST,0.04562676181376084,0.09614478796720505
2024-08-16,LQD,CAUSAL_XGBOOST,0.04662588213790209,0.09624642133712769
2024-08-19,LQD,CAUSAL_XGBOOST,0.04664834134385088,0.09120122343301773
2024-08-20,LQD,CAUSAL_XGBOOST,0.049967108169691375,0.08674515783786774
2024-08-21,LQD,CAUSAL_XGBOOST,0.0497011630915339,0.08365541696548462
2024-08-22,LQD,CAUSAL_XGBOOST,0.04620685106351631,0.08615429699420929
2024-08-23,LQD,CAUSAL_XGBOOST,0.04346830174467288,0.08308838307857513
2024-08-26,LQD,CAUSAL_XGBOOST,0.04298474268698064,0.08144862949848175
2024-08-27,LQD,CAUSAL_XGBOOST,0.04897850984931962,0.07828797399997711
2024-08-28,LQD,CAUSAL_XGBOOST,0.04805107613436134,0.07827309519052505
2024-08-29,LQD,CAUSAL_XGBOOST,0.048558169666083666,0.07833101600408554
2024-08-30,LQD,CAUSAL_XGBOOST,0.04825438798726916,0.07664071023464203
2024-09-03,LQD,CAUSAL_XGBOOST,0.049645009317426325,0.07927162200212479
2024-09-04,LQD,CAUSAL_XGBOOST,0.04702198746590354,0.07144562900066376
2024-09-05,LQD,CAUSAL_XGBOOST,0.05057545651412528,0.07259858399629593
2024-09-06,LQD,CAUSAL_XGBOOST,0.05424644031258908,0.07661774009466171
2024-09-09,LQD,CAUSAL_XGBOOST,0.05616601896996337,0.06879796832799911
2024-09-10,LQD,CAUSAL_XGBOOST,0.055631011569474594,0.06980873644351959
2024-09-11,LQD,CAUSAL_XGBOOST,0.055702117835092956,0.06827907264232635
2024-09-12,LQD,CAUSAL_XGBOOST,0.05571806602293345,0.06641138345003128
2024-09-13,LQD,CAUSAL_XGBOOST,0.053922259751447536,0.06640764325857162
2024-09-16,LQD,CAUSAL_XGBOOST,0.050358477026910715,0.06718571484088898
2024-09-17,LQD,CAUSAL_XGBOOST,0.05453500127085131,0.05797009915113449
2024-09-18,LQD,CAUSAL_XGBOOST,0.05485743908724178,0.06164317578077316
2024-09-19,LQD,CAUSAL_XGBOOST,0.05982818333358981,0.058317698538303375
2024-09-20,LQD,CAUSAL_XGBOOST,0.05945110614456268,0.050638191401958466
2024-09-23,LQD,CAUSAL_XGBOOST,0.06790681553880046,0.051404811441898346
2024-09-24,LQD,CAUSAL_XGBOOST,0.06710810969424236,0.05115292966365814
2024-09-25,LQD,CAUSAL_XGBOOST,0.06550117652502428,0.050840798765420914
2024-09-26,LQD,CAUSAL_XGBOOST,0.06722435288877436,0.04951608553528786
2024-09-27,LQD,CAUSAL_XGBOOST,0.064358435206717,0.05231773853302002
2024-09-30,LQD,CAUSAL_XGBOOST,0.06432509569492387,0.05274396017193794
2024-10-01,LQD,CAUSAL_XGBOOST,0.0608161003901498,0.06282943487167358
2024-10-02,LQD,CAUSAL_XGBOOST,0.060799852119429135,0.04889395833015442
2024-10-03,LQD,CAUSAL_XGBOOST,0.0580845033609087,0.04826169088482857
2024-10-04,LQD,CAUSAL_XGBOOST,0.05812029099914056,0.05588887631893158
2024-10-07,LQD,CAUSAL_XGBOOST,0.06418655042560145,0.05989065766334534
2024-10-08,LQD,CAUSAL_XGBOOST,0.06650642064975942,0.054105330258607864
2024-10-09,LQD,CAUSAL_XGBOOST,0.07504709468946562,0.053008273243904114
2024-10-10,LQD,CAUSAL_XGBOOST,0.08781076292651761,0.05338196083903313
2024-10-11,LQD,CAUSAL_XGBOOST,0.08890073320451174,0.05312519520521164
2024-10-15,LQD,CAUSAL_XGBOOST,0.0919353623548526,0.05358158051967621
2024-10-16,LQD,CAUSAL_XGBOOST,0.09102607243996143,0.052609559148550034
2024-10-17,LQD,CAUSAL_XGBOOST,0.08821409159129986,0.05584321171045303
2024-10-18,LQD,CAUSAL_XGBOOST,0.08837258687924203,0.054729580879211426
2024-10-21,LQD,CAUSAL_XGBOOST,0.08167607884681607,0.060542069375514984
2024-10-22,LQD,CAUSAL_XGBOOST,0.08214592721077547,0.05906057357788086
2024-10-23,LQD,CAUSAL_XGBOOST,0.08171986073861982,0.05827215313911438
2024-10-24,LQD,CAUSAL_XGBOOST,0.0808884357986164,0.06294986605644226
2024-10-25,LQD,CAUSAL_XGBOOST,0.08067023560042985,0.059006113559007645
2024-10-28,LQD,CAUSAL_XGBOOST,0.09219167476121534,0.051259007304906845
2024-10-29,LQD,CAUSAL_XGBOOST,0.09273297860858598,0.052838124334812164
2024-10-30,LQD,CAUSAL_XGBOOST,0.0933148038767745,0.05628424882888794
2024-10-31,LQD,CAUSAL_XGBOOST,0.0949229475624122,0.05663534626364708
2024-11-01,LQD,CAUSAL_XGBOOST,0.09188796281462022,0.05636771768331528
2024-11-04,LQD,CAUSAL_XGBOOST,0.09037556605947464,0.06277813762426376
2024-11-05,LQD,CAUSAL_XGBOOST,0.09040031114760454,0.060875944793224335
2024-11-06,LQD,CAUSAL_XGBOOST,0.08036260789364094,0.051492828875780106
2024-11-07,LQD,CAUSAL_XGBOOST,0.07025365494365018,0.05875224620103836
2024-11-08,LQD,CAUSAL_XGBOOST,0.07038476231618378,0.058297351002693176
2024-11-12,LQD,CAUSAL_XGBOOST,0.06194534108698799,0.061207883059978485
2024-11-13,LQD,CAUSAL_XGBOOST,0.06409049041717887,0.05655312538146973
2024-11-14,LQD,CAUSAL_XGBOOST,0.06780977498933516,0.06244758516550064
2024-11-15,LQD,CAUSAL_XGBOOST,0.06788154080742936,0.05760880187153816
2024-11-18,LQD,CAUSAL_XGBOOST,0.06768837448095599,0.06156279146671295
2024-11-19,LQD,CAUSAL_XGBOOST,0.0811503882910881,0.0646195039153099
2024-11-20,LQD,CAUSAL_XGBOOST,0.08285204109909863,0.06596047431230545
2024-11-21,LQD,CAUSAL_XGBOOST,0.08428420054637709,0.06964268535375595
2024-11-22,LQD,CAUSAL_XGBOOST,0.08466334681370562,0.0706281065940857
2024-11-25,LQD,CAUSAL_XGBOOST,0.07136985132301563,0.06820442527532578
2024-11-26,LQD,CAUSAL_XGBOOST,0.07138329872034666,0.06831579655408859
2024-11-27,LQD,CAUSAL_XGBOOST,0.07041540106194324,0.06725078821182251
2024-11-29,LQD,CAUSAL_XGBOOST,0.06812124426522169,0.07246905565261841
2024-12-02,LQD,CAUSAL_XGBOOST,0.06743660661538406,0.07109308242797852
2024-12-03,LQD,CAUSAL_XGBOOST,0.06716447164048972,0.0726906955242157
2024-12-04,LQD,CAUSAL_XGBOOST,0.06328938005246577,0.0750163272023201
2024-12-05,LQD,CAUSAL_XGBOOST,0.06316427998465143,0.0672115907073021
2024-12-06,LQD,CAUSAL_XGBOOST,0.06212050711812997,0.06609457731246948
2024-12-09,LQD,CAUSAL_XGBOOST,0.06343208086379311,0.06504989415407181
2024-12-10,LQD,CAUSAL_XGBOOST,0.064909006687137,0.06567052751779556
2024-12-11,LQD,CAUSAL_XGBOOST,0.06492727608567356,0.06955108791589737
2024-12-12,LQD,CAUSAL_XGBOOST,0.06444226502047933,0.06846924871206284
2024-12-13,LQD,CAUSAL_XGBOOST,0.07887353561162014,0.06852079182863235
2024-12-16,LQD,CAUSAL_XGBOOST,0.07915749772361787,0.07123290747404099
2024-12-17,LQD,CAUSAL_XGBOOST,0.0793182702264805,0.06479658931493759
2024-12-18,LQD,CAUSAL_XGBOOST,0.06952872178237769,0.07204816490411758
2024-12-19,LQD,CAUSAL_XGBOOST,0.06757309642245522,0.0699956864118576
2024-12-20,LQD,CAUSAL_XGBOOST,0.06634163422964512,0.06302144378423691
2024-12-23,LQD,CAUSAL_XGBOOST,0.06579609831559088,0.06297678500413895
2024-12-24,LQD,CAUSAL_XGBOOST,0.06928527706370678,0.06076057255268097
2024-12-26,LQD,CAUSAL_XGBOOST,0.06953897799275936,0.059203140437603
2024-12-27,LQD,CAUSAL_XGBOOST,0.06778961031720063,0.06050071120262146
2024-12-30,LQD,CAUSAL_XGBOOST,0.06660629100919023,0.058354079723358154
2024-12-31,LQD,CAUSAL_XGBOOST,0.0670678033246374,0.05907436087727547
2025-01-02,LQD,CAUSAL_XGBOOST,0.06721698460504745,0.0578344501554966
2025-01-03,LQD,CAUSAL_XGBOOST,0.06665133514281306,0.06116931885480881
2025-01-06,LQD,CAUSAL_XGBOOST,0.06923439390115885,0.060270365327596664
2025-01-07,LQD,CAUSAL_XGBOOST,0.06688343121821354,0.06050852686166763
2025-01-08,LQD,CAUSAL_XGBOOST,0.06968830948753202,0.05952736735343933
2025-01-10,LQD,CAUSAL_XGBOOST,0.06517817323339677,0.060595132410526276
2025-01-13,LQD,CAUSAL_XGBOOST,0.06470544567538646,0.059308115392923355
2025-01-14,LQD,CAUSAL_XGBOOST,0.06887597433963626,0.059063781052827835
2025-01-15,LQD,CAUSAL_XGBOOST,0.06121988733911578,0.07345597445964813
2025-01-16,LQD,CAUSAL_XGBOOST,0.06212929514973258,0.07066641747951508
2025-01-17,LQD,CAUSAL_XGBOOST,0.06448579601876754,0.06951712816953659
2025-01-21,LQD,CAUSAL_XGBOOST,0.06143989243236691,0.06517482548952103
2025-01-22,LQD,CAUSAL_XGBOOST,0.06047107413781703,0.0639093816280365
2025-01-23,LQD,CAUSAL_XGBOOST,0.060875352945662514,0.06378321349620819
2025-01-24,LQD,CAUSAL_XGBOOST,0.06107161033757607,0.06299513578414917
2025-01-27,LQD,CAUSAL_XGBOOST,0.06208335796845129,0.06410173326730728
2025-01-28,LQD,CAUSAL_XGBOOST,0.06163060040672808,0.0634390190243721
2025-01-29,LQD,CAUSAL_XGBOOST,0.06391888331977244,0.06409388780593872
2025-01-30,LQD,CAUSAL_XGBOOST,0.06496534331289568,0.06383372098207474
2025-01-31,LQD,CAUSAL_XGBOOST,0.06335226836029749,0.06606762111186981
2025-02-03,LQD,CAUSAL_XGBOOST,0.06542353936811861,0.06431984156370163
2025-02-04,LQD,CAUSAL_XGBOOST,0.06706250482045763,0.06552712619304657
2025-02-05,LQD,CAUSAL_XGBOOST,0.06433944512110074,0.0670774057507515
2025-02-06,LQD,CAUSAL_XGBOOST,0.06422077030517384,0.0684078261256218
2025-02-07,LQD,CAUSAL_XGBOOST,0.06258283745277494,0.06811141222715378
2025-02-10,LQD,CAUSAL_XGBOOST,0.06771952177974774,0.07161249965429306
2025-02-11,LQD,CAUSAL_XGBOOST,0.06814468764388423,0.07013145089149475
2025-02-12,LQD,CAUSAL_XGBOOST,0.065255275932906,0.06985382735729218
2025-02-13,LQD,CAUSAL_XGBOOST,0.05991435524556728,0.07322949171066284
2025-02-14,LQD,CAUSAL_XGBOOST,0.058813776975057006,0.0693146139383316
2025-02-18,LQD,CAUSAL_XGBOOST,0.05691763147162484,0.07187917083501816
2025-02-19,LQD,CAUSAL_XGBOOST,0.05993023166846037,0.06987296789884567
2025-02-20,LQD,CAUSAL_XGBOOST,0.06018209472153505,0.06895655393600464
2025-02-21,LQD,CAUSAL_XGBOOST,0.059616257361667924,0.06667765229940414
2025-02-24,LQD,CAUSAL_XGBOOST,0.061323090452454335,0.06745684146881104
2025-02-25,LQD,CAUSAL_XGBOOST,0.05467420301873114,0.07296816259622574
2025-02-26,LQD,CAUSAL_XGBOOST,0.055532097983920156,0.0687384232878685
2025-02-27,LQD,CAUSAL_XGBOOST,0.05391638489370987,0.06732621043920517
2025-02-28,LQD,CAUSAL_XGBOOST,0.05609264352445808,0.06683431565761566
2025-03-03,LQD,CAUSAL_XGBOOST,0.055248480409394445,0.06802233308553696
2025-03-04,LQD,CAUSAL_XGBOOST,0.05583177213463378,0.06932347267866135
2025-03-05,LQD,CAUSAL_XGBOOST,0.055110436318841174,0.07554912567138672
2025-03-06,LQD,CAUSAL_XGBOOST,0.05369209268211725,0.07359714061021805
2025-03-07,LQD,CAUSAL_XGBOOST,0.05349305700421547,0.07352147996425629
2025-03-10,LQD,CAUSAL_XGBOOST,0.08796986213940652,0.07328058034181595
2025-03-11,LQD,CAUSAL_XGBOOST,0.09577311850663565,0.07518910616636276
2025-03-12,LQD,CAUSAL_XGBOOST,0.11399662291664937,0.07717529684305191
2025-03-13,LQD,CAUSAL_XGBOOST,0.12823461606138015,0.07125694304704666
2025-03-14,LQD,CAUSAL_XGBOOST,0.1282561993434568,0.06398893147706985
2025-03-17,LQD,CAUSAL_XGBOOST,0.1304026404158557,0.062061771750450134
2025-03-18,LQD,CAUSAL_XGBOOST,0.13181056931597268,0.06624656915664673
2025-03-19,LQD,CAUSAL_XGBOOST,0.13083041888417785,0.06596540659666061
2025-03-20,LQD,CAUSAL_XGBOOST,0.130826381157618,0.06813704967498779
2025-03-21,LQD,CAUSAL_XGBOOST,0.13558805906196175,0.0661822184920311
2025-03-24,LQD,CAUSAL_XGBOOST,0.13570531532737548,0.05988243222236633
2025-03-25,LQD,CAUSAL_XGBOOST,0.1368948320940716,0.05926087498664856
2025-03-26,LQD,CAUSAL_XGBOOST,0.1416244544406475,0.06234314292669296
2025-03-27,LQD,CAUSAL_XGBOOST,0.14279990593689185,0.062482740730047226
2025-03-28,LQD,CAUSAL_XGBOOST,0.14142401562083057,0.06553124636411667
2025-03-31,LQD,CAUSAL_XGBOOST,0.1414950057627069,0.0672479197382927
2025-04-01,LQD,CAUSAL_XGBOOST,0.14185556202324456,0.06686211377382278
2025-04-02,LQD,CAUSAL_XGBOOST,0.1419382382440904,0.0661337599158287
2025-04-03,LQD,CAUSAL_XGBOOST,0.1420685790094551,0.07756040245294571
2025-04-04,LQD,CAUSAL_XGBOOST,0.1420833317927855,0.3128032982349396
2025-04-07,LQD,CAUSAL_XGBOOST,0.12334385732572781,0.29397428035736084
2025-04-08,LQD,CAUSAL_XGBOOST,0.11330064470072493,0.2748676836490631
2025-04-09,LQD,CAUSAL_XGBOOST,0.09921802019055635,0.29726335406303406
2025-04-10,LQD,CAUSAL_XGBOOST,0.07589092226072167,0.4086678624153137
2025-04-11,LQD,CAUSAL_XGBOOST,0.07589053716096678,0.3280847370624542
2025-04-14,LQD,CAUSAL_XGBOOST,0.07325243819588326,0.32379674911499023
2025-04-15,LQD,CAUSAL_XGBOOST,0.0735703796917719,0.32323551177978516
2025-04-16,LQD,CAUSAL_XGBOOST,0.07643232379028987,0.32575803995132446
2025-04-17,LQD,CAUSAL_XGBOOST,0.07640403725525846,0.3262143135070801
2025-04-21,LQD,CAUSAL_XGBOOST,0.06400803969737463,0.1825852394104004
2025-04-22,LQD,CAUSAL_XGBOOST,0.06478712065167475,0.17363576591014862
2025-04-23,LQD,CAUSAL_XGBOOST,0.075596092205653,0.18266470730304718
2025-04-24,LQD,CAUSAL_XGBOOST,0.06816851907199449,0.12140766531229019
2025-04-25,LQD,CAUSAL_XGBOOST,0.0649975533217145,0.12063904851675034
2025-04-28,LQD,CAUSAL_XGBOOST,0.07281841384182826,0.12099573016166687
2025-04-29,LQD,CAUSAL_XGBOOST,0.07254031152414817,0.12501509487628937
2025-04-30,LQD,CAUSAL_XGBOOST,0.07279685181917718,0.12744329869747162
2025-05-01,LQD,CAUSAL_XGBOOST,0.072282869282483,0.11901897192001343
2025-05-02,LQD,CAUSAL_XGBOOST,0.07249883574159832,0.11618358641862869
2025-05-05,LQD,CAUSAL_XGBOOST,0.07223332838011158,0.11813904345035553
2025-05-06,LQD,CAUSAL_XGBOOST,0.07613523995676388,0.11373893916606903
2025-05-07,LQD,CAUSAL_XGBOOST,0.07701568443630691,0.09842056781053543
2025-05-08,LQD,CAUSAL_XGBOOST,0.07803414871703876,0.10687963664531708
2025-05-09,LQD,CAUSAL_XGBOOST,0.0785538465852148,0.10033535957336426
2025-05-12,LQD,CAUSAL_XGBOOST,0.07880587473170479,0.07750020176172256
2025-05-13,LQD,CAUSAL_XGBOOST,0.07932361324289869,0.07616773992776871
2025-05-14,LQD,CAUSAL_XGBOOST,0.07797359970880885,0.07614719122648239
2025-05-15,LQD,CAUSAL_XGBOOST,0.07878781586077285,0.07273489236831665
2025-05-16,LQD,CAUSAL_XGBOOST,0.07906576544124835,0.07502176612615585
2025-05-19,LQD,CAUSAL_XGBOOST,0.07976990327934112,0.06972832977771759
2025-05-20,LQD,CAUSAL_XGBOOST,0.07897082461475367,0.06813026964664459
2025-05-21,LQD,CAUSAL_XGBOOST,0.06518425834774841,0.07301796972751617
2025-05-22,LQD,CAUSAL_XGBOOST,0.06383692167804791,0.07244067639112473
2025-05-23,LQD,CAUSAL_XGBOOST,0.06498151639839314,0.07507570087909698
2025-05-27,LQD,CAUSAL_XGBOOST,0.0590041327880759,0.07156692445278168
2025-05-28,LQD,CAUSAL_XGBOOST,0.058408121170390216,0.07164875417947769
2025-05-29,LQD,CAUSAL_XGBOOST,0.057904845982202,0.06920734792947769
2025-05-30,LQD,CAUSAL_XGBOOST,0.05979731895112056,0.06936727464199066
2025-06-02,LQD,CAUSAL_XGBOOST,0.058026598512233,0.06762804090976715
2025-06-03,LQD,CAUSAL_XGBOOST,0.05818593106465121,0.06717783212661743
2025-06-04,LQD,CAUSAL_XGBOOST,0.05484408507175975,0.06713122874498367
2025-06-05,LQD,CAUSAL_XGBOOST,0.058371836763349255,0.07032028585672379
2025-06-06,LQD,CAUSAL_XGBOOST,0.054529565415711904,0.07060147076845169
2025-06-09,LQD,CAUSAL_XGBOOST,0.05684051362784983,0.07075612992048264
2025-06-10,LQD,CAUSAL_XGBOOST,0.056584307455190136,0.07296604663133621
2025-06-11,LQD,CAUSAL_XGBOOST,0.06074622985818905,0.07080160826444626
2025-06-12,LQD,CAUSAL_XGBOOST,0.057496806325126305,0.06933386623859406
2025-06-13,LQD,CAUSAL_XGBOOST,0.054734385786254974,0.07381055504083633
2025-06-16,LQD,CAUSAL_XGBOOST,0.05449080946903274,0.07012328505516052
2025-06-17,LQD,CAUSAL_XGBOOST,0.05382454486478515,0.07168728113174438
2025-06-18,LQD,CAUSAL_XGBOOST,0.05410441257117231,0.07086464762687683
2025-06-20,LQD,CAUSAL_XGBOOST,0.05556051001174026,0.06786197423934937
2025-06-23,LQD,CAUSAL_XGBOOST,0.05551034799403179,0.06584607809782028
2025-06-24,LQD,CAUSAL_XGBOOST,0.05356181547584173,0.06503834575414658
2025-06-25,LQD,CAUSAL_XGBOOST,0.05366177418793569,0.06391137093305588
2025-06-26,LQD,CAUSAL_XGBOOST,0.053286135976638595,0.06554845720529556
2025-06-27,LQD,CAUSAL_XGBOOST,0.05346285741965554,0.06464976072311401
2025-06-30,LQD,CAUSAL_XGBOOST,0.0550729185191057,0.06711641699075699
2025-07-01,LQD,CAUSAL_XGBOOST,0.05657741770124314,0.0674852505326271
2025-07-02,LQD,CAUSAL_XGBOOST,0.05659391758618263,0.06861181557178497
2025-07-03,LQD,CAUSAL_XGBOOST,0.06408959480114212,0.06934386491775513
2025-07-07,LQD,CAUSAL_XGBOOST,0.05948864937642771,0.06599237769842148
2025-07-08,LQD,CAUSAL_XGBOOST,0.05785858629465152,0.06590244919061661
2025-07-09,LQD,CAUSAL_XGBOOST,0.05526863705839026,0.06654772907495499
2025-07-10,LQD,CAUSAL_XGBOOST,0.05558330413357765,0.0642298087477684
2025-07-11,LQD,CAUSAL_XGBOOST,0.05173202939790867,0.061240341514348984
2025-07-14,LQD,CAUSAL_XGBOOST,0.051626992980535046,0.0643668845295906
2025-07-15,LQD,CAUSAL_XGBOOST,0.04878965542753239,0.06234702467918396
2025-07-16,LQD,CAUSAL_XGBOOST,0.05095273721722647,0.06300213932991028
2025-07-17,LQD,CAUSAL_XGBOOST,0.053474189445591985,0.06355202198028564
2025-07-18,LQD,CAUSAL_XGBOOST,0.05398325922551812,0.06372860819101334
2025-07-21,LQD,CAUSAL_XGBOOST,0.05356614533074451,0.06466645747423172
2025-07-22,LQD,CAUSAL_XGBOOST,0.053273460041761825,0.06526512652635574
2025-07-23,LQD,CAUSAL_XGBOOST,0.05269515767272874,0.06229567155241966
2025-07-24,LQD,CAUSAL_XGBOOST,0.054585716473338056,0.06436087191104889
2025-07-25,LQD,CAUSAL_XGBOOST,0.05981673153652942,0.0656016394495964
2025-07-28,LQD,CAUSAL_XGBOOST,0.06023342872670327,0.0649915337562561
2025-07-29,LQD,CAUSAL_XGBOOST,0.05610553508759301,0.060973409563302994
2025-07-30,LQD,CAUSAL_XGBOOST,0.05389391554303748,0.0587306022644043
2025-07-31,LQD,CAUSAL_XGBOOST,0.05396890594211635,0.06018974632024765
2025-08-01,LQD,CAUSAL_XGBOOST,0.04671341165971466,0.057989198714494705
2025-08-04,LQD,CAUSAL_XGBOOST,0.04779747799744354,0.059283677488565445
2025-08-05,LQD,CAUSAL_XGBOOST,0.05246320391693759,0.060961488634347916
2025-08-06,LQD,CAUSAL_XGBOOST,0.057602216528211,0.058170732110738754
2025-08-07,LQD,CAUSAL_XGBOOST,0.06115691791344229,0.06278663873672485
2025-08-08,LQD,CAUSAL_XGBOOST,0.059944229806240756,0.061597805470228195
2025-08-11,LQD,CAUSAL_XGBOOST,0.060815673475208346,0.06391917914152145
2025-08-12,LQD,CAUSAL_XGBOOST,0.061217670393320135,0.061319492757320404
2025-08-13,LQD,CAUSAL_XGBOOST,0.06068458607863491,0.06211648881435394
2025-08-14,LQD,CAUSAL_XGBOOST,0.059315691635979446,0.0644017904996872
2025-08-15,LQD,CAUSAL_XGBOOST,0.05899785010642194,0.06812938302755356
2025-08-18,LQD,CAUSAL_XGBOOST,0.058420896880740814,0.06784845888614655
2025-08-19,LQD,CAUSAL_XGBOOST,0.05949673912551127,0.06906624138355255
2025-08-20,LQD,CAUSAL_XGBOOST,0.06058993880661529,0.06805752217769623
2025-08-21,LQD,CAUSAL_XGBOOST,0.05821998926622898,0.06375379860401154
2025-08-22,LQD,CAUSAL_XGBOOST,0.05395930783001455,0.06947757303714752
2025-08-25,LQD,CAUSAL_XGBOOST,0.05257822688466709,0.06830260157585144
2025-08-26,LQD,CAUSAL_XGBOOST,0.05552717990284074,0.06518959254026413
2025-08-27,LQD,CAUSAL_XGBOOST,0.056252400992212535,0.06801382452249527
2025-08-28,LQD,CAUSAL_XGBOOST,0.05621529063923734,0.0676899403333664
2025-08-29,LQD,CAUSAL_XGBOOST,0.05461207223794627,0.06900019198656082
2025-09-02,LQD,CAUSAL_XGBOOST,0.052738568055533765,0.06407687813043594
2025-09-03,LQD,CAUSAL_XGBOOST,0.050791827620295535,0.06560032814741135
2025-09-04,LQD,CAUSAL_XGBOOST,0.04602934177846301,0.06046108901500702
2025-09-05,LQD,CAUSAL_XGBOOST,0.041134471526819885,0.0551302470266819
2025-09-08,LQD,CAUSAL_XGBOOST,0.041242942653666806,0.054058972746133804
2025-09-09,LQD,CAUSAL_XGBOOST,0.041169453047922445,0.056294698268175125
2025-09-10,LQD,CAUSAL_XGBOOST,0.040129775030904036,0.05489324778318405
2025-09-11,LQD,CAUSAL_XGBOOST,0.03667805201246054,0.05553680285811424
2025-09-12,LQD,CAUSAL_XGBOOST,0.037864495827471145,0.057202864438295364
2025-09-15,LQD,CAUSAL_XGBOOST,0.038201761745917794,0.05769965797662735
2025-09-16,LQD,CAUSAL_XGBOOST,0.039914072009936304,0.05677655339241028
2025-09-17,LQD,CAUSAL_XGBOOST,0.03928857717917326,0.05456165596842766
2025-09-18,LQD,CAUSAL_XGBOOST,0.039412749659293436,0.055530186742544174
2025-09-19,LQD,CAUSAL_XGBOOST,0.04010501401132461,0.05532730370759964
2025-09-22,LQD,CAUSAL_XGBOOST,0.03988408686870602,0.05838911235332489
2025-09-23,LQD,CAUSAL_XGBOOST,0.03960384321241327,0.06632481515407562
2025-09-24,LQD,CAUSAL_XGBOOST,0.03568889669869201,0.06564205884933472
2025-09-25,LQD,CAUSAL_XGBOOST,0.035200617149769305,0.0658772811293602
2025-09-26,LQD,CAUSAL_XGBOOST,0.03528564876273057,0.062214598059654236
2025-09-29,LQD,CAUSAL_XGBOOST,0.034231647036416804,0.06212780624628067
2025-09-30,LQD,CAUSAL_XGBOOST,0.03370667581241462,0.06571745872497559
2025-10-01,LQD,CAUSAL_XGBOOST,0.03876009995326232,0.06616776436567307
2025-10-02,LQD,CAUSAL_XGBOOST,0.04335916436070618,0.06745540350675583
2025-10-03,LQD,CAUSAL_XGBOOST,0.045496036853222795,0.05344131216406822
2025-10-06,LQD,CAUSAL_XGBOOST,0.045047901270365946,0.052998870611190796
2025-10-07,LQD,CAUSAL_XGBOOST,0.044773364437498714,0.05280401557683945
2025-10-08,LQD,CAUSAL_XGBOOST,0.04575364953526004,0.052445340901613235
2025-10-09,LQD,CAUSAL_XGBOOST,0.049145920901423994,0.0470522865653038
2025-10-10,LQD,CAUSAL_XGBOOST,0.048642065461531526,0.05911460146307945
2025-10-14,LQD,CAUSAL_XGBOOST,0.04764422994893581,0.048043206334114075
2025-10-15,LQD,CAUSAL_XGBOOST,0.04771374673680612,0.0497029572725296
2025-10-16,LQD,CAUSAL_XGBOOST,0.048986324778321544,0.052853062748909
2025-10-17,LQD,CAUSAL_XGBOOST,0.04932635383129445,0.04819917678833008
2025-10-20,LQD,CAUSAL_XGBOOST,0.04763504475343292,0.04993438720703125
2025-10-21,LQD,CAUSAL_XGBOOST,0.04772115453485998,0.05182557553052902
2025-10-22,LQD,CAUSAL_XGBOOST,0.04738567820646153,0.05217565596103668
2025-10-23,LQD,CAUSAL_XGBOOST,0.047991938429165645,0.05499335005879402
2025-10-24,LQD,CAUSAL_XGBOOST,0.049624882951185764,0.05861149728298187
2025-10-27,LQD,CAUSAL_XGBOOST,0.0516439818995617,0.056118618696928024
2025-10-28,LQD,CAUSAL_XGBOOST,0.052925463567210514,0.05597776547074318
2025-10-29,LQD,CAUSAL_XGBOOST,0.050610843903655826,0.0563652366399765
2025-10-30,LQD,CAUSAL_XGBOOST,0.04692936588275747,0.058221880346536636
2025-10-31,LQD,CAUSAL_XGBOOST,0.048753256054766554,0.0566348172724247
2025-11-03,LQD,CAUSAL_XGBOOST,0.04755526801066754,0.05548577383160591
2025-11-04,LQD,CAUSAL_XGBOOST,0.04790855045806305,0.0553290955722332
2025-11-05,LQD,CAUSAL_XGBOOST,0.04697099029478033,0.05487826094031334
2025-11-06,LQD,CAUSAL_XGBOOST,0.04365741997032658,0.059359025210142136
2025-11-07,LQD,CAUSAL_XGBOOST,0.04371815838525014,0.056001078337430954
2025-11-10,LQD,CAUSAL_XGBOOST,0.043972937431546615,0.05050390213727951
2025-11-12,LQD,CAUSAL_XGBOOST,0.04495273867411192,0.05122493579983711
2025-11-13,LQD,CAUSAL_XGBOOST,0.046720862331314304,0.046687740832567215
2025-11-14,LQD,CAUSAL_XGBOOST,0.04573795244689514,0.04871034994721413
2025-11-17,LQD,CAUSAL_XGBOOST,0.04630187347690394,0.05044461786746979
2025-11-18,LQD,CAUSAL_XGBOOST,0.04655122530699922,0.052901942282915115
2025-11-19,LQD,CAUSAL_XGBOOST,0.048250144023287214,0.04957377538084984
2025-11-20,LQD,CAUSAL_XGBOOST,0.04922188489728259,0.050017666071653366
2025-11-21,LQD,CAUSAL_XGBOOST,0.04763725990474194,0.05003849416971207
2025-11-24,LQD,CAUSAL_XGBOOST,0.04549787473722826,0.04550158977508545
2025-11-25,LQD,CAUSAL_XGBOOST,0.046601887263305865,0.04746946692466736
2025-11-26,LQD,CAUSAL_XGBOOST,0.04476171717927349,0.04690789431333542
2025-11-28,LQD,CAUSAL_XGBOOST,0.04476512053671402,0.04585827514529228
2025-12-01,LQD,CAUSAL_XGBOOST,0.04048270213557116,0.045187585055828094
2025-12-02,LQD,CAUSAL_XGBOOST,0.0432714716620289,0.04602690041065216
2025-12-03,LQD,CAUSAL_XGBOOST,0.04234434839617297,0.049312714487314224
2025-12-04,LQD,CAUSAL_XGBOOST,0.04327114307025703,0.04762651026248932
2025-12-05,LQD,CAUSAL_XGBOOST,0.04312133091261009,0.05161569267511368
2025-12-08,LQD,CAUSAL_XGBOOST,0.04245514453082366,0.04998840391635895
2025-12-09,LQD,CAUSAL_XGBOOST,0.04348293754402598,0.053672946989536285
2025-12-10,LQD,CAUSAL_XGBOOST,0.042249426415848126,0.04700023680925369
2025-12-11,LQD,CAUSAL_XGBOOST,0.04213615578163063,0.0479101724922657
2025-12-12,LQD,CAUSAL_XGBOOST,0.035984549031494346,0.04875890910625458
2025-12-15,LQD,CAUSAL_XGBOOST,0.03665238186781776,0.04886411875486374
2025-12-16,LQD,CAUSAL_XGBOOST,0.03657274057877749,0.04883098602294922
2025-12-17,LQD,CAUSAL_XGBOOST,0.03804346738024268,0.05112648010253906
2025-12-18,LQD,CAUSAL_XGBOOST,0.04182925712018325,0.05171066150069237
2025-12-19,LQD,CAUSAL_XGBOOST,0.04627703268931525,0.05251237750053406
2025-12-22,LQD,CAUSAL_XGBOOST,0.04663980078565987,0.050605408847332
2025-12-23,LQD,CAUSAL_XGBOOST,0.046584956345679183,0.05183609202504158
2025-12-24,LQD,CAUSAL_XGBOOST,0.04465921906969126,0.05011783167719841
2025-12-26,LQD,CAUSAL_XGBOOST,0.0448614354371224,0.049915146082639694
2025-12-29,LQD,CAUSAL_XGBOOST,0.04490429598393288,0.053410906344652176
2025-12-30,LQD,CAUSAL_XGBOOST,0.04472276228802037,0.05723770707845688
2025-12-31,LQD,CAUSAL_XGBOOST,0.04201345834137648,0.05481113865971565
2023-12-28,HYG,CAUSAL_XGBOOST,0.05513583017192733,0.09353696554899216
2023-12-29,HYG,CAUSAL_XGBOOST,0.0534237385505941,0.08770547807216644
2024-01-02,HYG,CAUSAL_XGBOOST,0.05298585502531354,0.09009797871112823
2024-01-03,HYG,CAUSAL_XGBOOST,0.05520774196318089,0.08501826971769333
2024-01-04,HYG,CAUSAL_XGBOOST,0.055921564393460646,0.0865638256072998
2024-01-05,HYG,CAUSAL_XGBOOST,0.05898110512609226,0.08721572160720825
2024-01-08,HYG,CAUSAL_XGBOOST,0.057051821986733045,0.09034246951341629
2024-01-09,HYG,CAUSAL_XGBOOST,0.05709298225907495,0.08211269974708557
2024-01-10,HYG,CAUSAL_XGBOOST,0.056848874709442596,0.08162932097911835
2024-01-11,HYG,CAUSAL_XGBOOST,0.056160343635394544,0.08262552320957184
2024-01-12,HYG,CAUSAL_XGBOOST,0.056604689843097085,0.08357983082532883
2024-01-16,HYG,CAUSAL_XGBOOST,0.059415185975343295,0.07424938678741455
2024-01-17,HYG,CAUSAL_XGBOOST,0.05900491874777098,0.07182720303535461
2024-01-18,HYG,CAUSAL_XGBOOST,0.05980626839429142,0.07092342525720596
2024-01-19,HYG,CAUSAL_XGBOOST,0.06067701028501882,0.06887611746788025
2024-01-22,HYG,CAUSAL_XGBOOST,0.06104987771143069,0.06863994151353836
2024-01-23,HYG,CAUSAL_XGBOOST,0.06127908988840912,0.07153264433145523
2024-01-24,HYG,CAUSAL_XGBOOST,0.06342174853438208,0.0687609389424324
2024-01-25,HYG,CAUSAL_XGBOOST,0.057399884440061874,0.07507698982954025
2024-01-26,HYG,CAUSAL_XGBOOST,0.05851244465396992,0.07531078904867172
2024-01-29,HYG,CAUSAL_XGBOOST,0.05813577628483606,0.07184907048940659
2024-01-30,HYG,CAUSAL_XGBOOST,0.057977627016631235,0.06904758512973785
2024-01-31,HYG,CAUSAL_XGBOOST,0.05739335856557417,0.08241371810436249
2024-02-01,HYG,CAUSAL_XGBOOST,0.05520317941381991,0.07211631536483765
2024-02-02,HYG,CAUSAL_XGBOOST,0.05252554607648468,0.07093477994203568
2024-02-05,HYG,CAUSAL_XGBOOST,0.04939361645995093,0.07256258279085159
2024-02-06,HYG,CAUSAL_XGBOOST,0.04855924972765673,0.06916767358779907
2024-02-07,HYG,CAUSAL_XGBOOST,0.04841159681398711,0.07028619945049286
2024-02-08,HYG,CAUSAL_XGBOOST,0.0483000633815104,0.07298541814088821
2024-02-09,HYG,CAUSAL_XGBOOST,0.047928911173166056,0.07209111005067825
2024-02-12,HYG,CAUSAL_XGBOOST,0.04703699496058773,0.07606334984302521
2024-02-13,HYG,CAUSAL_XGBOOST,0.034666021550990675,0.07089993357658386
2024-02-14,HYG,CAUSAL_XGBOOST,0.03815563093488762,0.06905488669872284
2024-02-15,HYG,CAUSAL_XGBOOST,0.03655289122099453,0.06741034984588623
2024-02-16,HYG,CAUSAL_XGBOOST,0.03517953116246371,0.06809306889772415
2024-02-20,HYG,CAUSAL_XGBOOST,0.036943173104339935,0.07024863362312317
2024-02-21,HYG,CAUSAL_XGBOOST,0.03700695723797595,0.07135199010372162
2024-02-22,HYG,CAUSAL_XGBOOST,0.034205937238860486,0.07722379267215729
2024-02-23,HYG,CAUSAL_XGBOOST,0.03468535029060768,0.0680447444319725
2024-02-26,HYG,CAUSAL_XGBOOST,0.03272581219295628,0.06885293871164322
2024-02-27,HYG,CAUSAL_XGBOOST,0.03318595901401393,0.06532254815101624
2024-02-28,HYG,CAUSAL_XGBOOST,0.03719447621854868,0.06543305516242981
2024-02-29,HYG,CAUSAL_XGBOOST,0.03835650949342187,0.06259997934103012
2024-03-01,HYG,CAUSAL_XGBOOST,0.03973227572570928,0.0637151300907135
2024-03-04,HYG,CAUSAL_XGBOOST,0.040249045269113874,0.06738923490047455
2024-03-05,HYG,CAUSAL_XGBOOST,0.040188779579677536,0.07449565827846527
2024-03-06,HYG,CAUSAL_XGBOOST,0.0393627762038939,0.06491421908140182
2024-03-07,HYG,CAUSAL_XGBOOST,0.039234593575831145,0.0731976181268692
2024-03-08,HYG,CAUSAL_XGBOOST,0.04017733845444994,0.06654070317745209
2024-03-11,HYG,CAUSAL_XGBOOST,0.04084338014176685,0.07025925815105438
2024-03-12,HYG,CAUSAL_XGBOOST,0.0515839837677054,0.06703382730484009
2024-03-13,HYG,CAUSAL_XGBOOST,0.051533729761340026,0.06744156032800674
2024-03-14,HYG,CAUSAL_XGBOOST,0.04892904060560676,0.06665932387113571
2024-03-15,HYG,CAUSAL_XGBOOST,0.05274553626016174,0.06414829939603806
2024-03-18,HYG,CAUSAL_XGBOOST,0.0525345314587429,0.06339459121227264
2024-03-19,HYG,CAUSAL_XGBOOST,0.05010522755916072,0.06713593751192093
2024-03-20,HYG,CAUSAL_XGBOOST,0.04800549205260753,0.06289979815483093
2024-03-21,HYG,CAUSAL_XGBOOST,0.04906257633424435,0.06274774670600891
2024-03-22,HYG,CAUSAL_XGBOOST,0.054098344870405754,0.049921296536922455
2024-03-25,HYG,CAUSAL_XGBOOST,0.05638340076505095,0.05054193735122681
2024-03-26,HYG,CAUSAL_XGBOOST,0.05671934282683776,0.04446547105908394
2024-03-27,HYG,CAUSAL_XGBOOST,0.05290579705076131,0.04789670929312706
2024-03-28,HYG,CAUSAL_XGBOOST,0.05431955024531114,0.04724922776222229
2024-04-01,HYG,CAUSAL_XGBOOST,0.05387780889555837,0.051877718418836594
2024-04-02,HYG,CAUSAL_XGBOOST,0.059472749475561804,0.05104721337556839
2024-04-03,HYG,CAUSAL_XGBOOST,0.06267915199789399,0.04748990759253502
2024-04-04,HYG,CAUSAL_XGBOOST,0.06648338664127718,0.05427800863981247
2024-04-05,HYG,CAUSAL_XGBOOST,0.06780523091504406,0.051006022840738297
2024-04-08,HYG,CAUSAL_XGBOOST,0.0674944200022241,0.051620885729789734
2024-04-09,HYG,CAUSAL_XGBOOST,0.0671960982016837,0.051150646060705185
2024-04-10,HYG,CAUSAL_XGBOOST,0.058927821560826134,0.051340728998184204
2024-04-11,HYG,CAUSAL_XGBOOST,0.05867355015934918,0.057729318737983704
2024-04-12,HYG,CAUSAL_XGBOOST,0.05906464548345985,0.06359276175498962
2024-04-15,HYG,CAUSAL_XGBOOST,0.05419721506030372,0.06881052255630493
2024-04-16,HYG,CAUSAL_XGBOOST,0.051920877257232635,0.06839528679847717
2024-04-17,HYG,CAUSAL_XGBOOST,0.054541376852879624,0.06780969351530075
2024-04-18,HYG,CAUSAL_XGBOOST,0.05606875348628334,0.05998387560248375
2024-04-19,HYG,CAUSAL_XGBOOST,0.05613639477967153,0.061943069100379944
2024-04-22,HYG,CAUSAL_XGBOOST,0.053689201951636,0.06810331344604492
2024-04-23,HYG,CAUSAL_XGBOOST,0.05261038905550096,0.06463334709405899
2024-04-24,HYG,CAUSAL_XGBOOST,0.052599140584856936,0.06667876243591309
2024-04-25,HYG,CAUSAL_XGBOOST,0.05379434306419966,0.06707991659641266
2024-04-26,HYG,CAUSAL_XGBOOST,0.05404658989244344,0.06371244043111801
2024-04-29,HYG,CAUSAL_XGBOOST,0.05559145784876307,0.06354615092277527
2024-04-30,HYG,CAUSAL_XGBOOST,0.04962933636349022,0.05481220409274101
2024-05-01,HYG,CAUSAL_XGBOOST,0.048230292677409005,0.051332201808691025
2024-05-02,HYG,CAUSAL_XGBOOST,0.0448359828327556,0.052413396537303925
2024-05-03,HYG,CAUSAL_XGBOOST,0.04374771467811847,0.05431928113102913
2024-05-06,HYG,CAUSAL_XGBOOST,0.04365633931817608,0.055665574967861176
2024-05-07,HYG,CAUSAL_XGBOOST,0.04505796304194657,0.05574570596218109
2024-05-08,HYG,CAUSAL_XGBOOST,0.044618830526429724,0.054693080484867096
2024-05-09,HYG,CAUSAL_XGBOOST,0.045783024556511884,0.05426047369837761
2024-05-10,HYG,CAUSAL_XGBOOST,0.04539908856501504,0.05394241586327553
2024-05-13,HYG,CAUSAL_XGBOOST,0.04549396266517698,0.06001649051904678
2024-05-14,HYG,CAUSAL_XGBOOST,0.04716443263069922,0.061023227870464325
2024-05-15,HYG,CAUSAL_XGBOOST,0.04272528482508243,0.05994391813874245
2024-05-16,HYG,CAUSAL_XGBOOST,0.04426616285202274,0.060504328459501266
2024-05-17,HYG,CAUSAL_XGBOOST,0.04430962699891266,0.06096246838569641
2024-05-20,HYG,CAUSAL_XGBOOST,0.04555226222896918,0.06049661710858345
2024-05-21,HYG,CAUSAL_XGBOOST,0.04551560005367227,0.06316060572862625
2024-05-22,HYG,CAUSAL_XGBOOST,0.0446615766328888,0.05554722622036934
2024-05-23,HYG,CAUSAL_XGBOOST,0.042585428929001044,0.0552586130797863
2024-05-24,HYG,CAUSAL_XGBOOST,0.04124958162691174,0.05507374927401543
2024-05-28,HYG,CAUSAL_XGBOOST,0.03907347597457923,0.05662592872977257
2024-05-29,HYG,CAUSAL_XGBOOST,0.03681248697706795,0.05674416944384575
2024-05-30,HYG,CAUSAL_XGBOOST,0.03630818736315033,0.058654673397541046
2024-05-31,HYG,CAUSAL_XGBOOST,0.03445755223104624,0.05493161454796791
2024-06-03,HYG,CAUSAL_XGBOOST,0.03407991763821481,0.05179325491189957
2024-06-04,HYG,CAUSAL_XGBOOST,0.03588042649731402,0.05144953355193138
2024-06-05,HYG,CAUSAL_XGBOOST,0.035611380334182596,0.0501006655395031
2024-06-06,HYG,CAUSAL_XGBOOST,0.03485603119602578,0.05134174972772598
2024-06-07,HYG,CAUSAL_XGBOOST,0.03352808889996933,0.056854717433452606
2024-06-10,HYG,CAUSAL_XGBOOST,0.034105594723547385,0.055135395377874374
2024-06-11,HYG,CAUSAL_XGBOOST,0.0356687254550374,0.050405412912368774
2024-06-12,HYG,CAUSAL_XGBOOST,0.03424170220053019,0.055797725915908813
2024-06-13,HYG,CAUSAL_XGBOOST,0.03417550182257488,0.05480813980102539
2024-06-14,HYG,CAUSAL_XGBOOST,0.03141045180826241,0.0556969940662384
2024-06-17,HYG,CAUSAL_XGBOOST,0.03235398985312182,0.05332762748003006
2024-06-18,HYG,CAUSAL_XGBOOST,0.032995211424166185,0.05254007503390312
2024-06-20,HYG,CAUSAL_XGBOOST,0.03306486275697859,0.05285795405507088
2024-06-21,HYG,CAUSAL_XGBOOST,0.03473259663371435,0.04823952540755272
2024-06-24,HYG,CAUSAL_XGBOOST,0.0341459959161069,0.05078998953104019
2024-06-25,HYG,CAUSAL_XGBOOST,0.03703748579844913,0.049678999930620193
2024-06-26,HYG,CAUSAL_XGBOOST,0.035544961726613304,0.04978746548295021
2024-06-27,HYG,CAUSAL_XGBOOST,0.03655670636266549,0.053161729127168655
2024-06-28,HYG,CAUSAL_XGBOOST,0.03505109276070594,0.05133430287241936
2024-07-01,HYG,CAUSAL_XGBOOST,0.03483157438003264,0.052293386310338974
2024-07-02,HYG,CAUSAL_XGBOOST,0.03550701098538446,0.05478842556476593
2024-07-03,HYG,CAUSAL_XGBOOST,0.03600710065477732,0.05316832661628723
2024-07-05,HYG,CAUSAL_XGBOOST,0.03776901797719218,0.056621141731739044
2024-07-08,HYG,CAUSAL_XGBOOST,0.0444980443160513,0.06302241235971451
2024-07-09,HYG,CAUSAL_XGBOOST,0.04598327710679825,0.0652356892824173
2024-07-10,HYG,CAUSAL_XGBOOST,0.04578451559174044,0.0636846274137497
2024-07-11,HYG,CAUSAL_XGBOOST,0.04629224659277358,0.06335846334695816
2024-07-12,HYG,CAUSAL_XGBOOST,0.045593223579375126,0.06348239630460739
2024-07-15,HYG,CAUSAL_XGBOOST,0.04561069217393343,0.05142885819077492
2024-07-16,HYG,CAUSAL_XGBOOST,0.046474121179849975,0.046449143439531326
2024-07-17,HYG,CAUSAL_XGBOOST,0.04641152771253348,0.04026833176612854
2024-07-18,HYG,CAUSAL_XGBOOST,0.04546346537527453,0.04319565370678902
2024-07-19,HYG,CAUSAL_XGBOOST,0.04602712087377228,0.056517910212278366
2024-07-22,HYG,CAUSAL_XGBOOST,0.044869583671505814,0.04530459642410278
2024-07-23,HYG,CAUSAL_XGBOOST,0.04518653592965984,0.0456932932138443
2024-07-24,HYG,CAUSAL_XGBOOST,0.04312563845125481,0.04716508463025093
2024-07-25,HYG,CAUSAL_XGBOOST,0.04374811465766229,0.04795828461647034
2024-07-26,HYG,CAUSAL_XGBOOST,0.045829312256220896,0.04494072124361992
2024-07-29,HYG,CAUSAL_XGBOOST,0.046600191735968674,0.04567514359951019
2024-07-30,HYG,CAUSAL_XGBOOST,0.04658858898377227,0.04955346882343292
2024-07-31,HYG,CAUSAL_XGBOOST,0.04574499441794503,0.061188384890556335
2024-08-01,HYG,CAUSAL_XGBOOST,0.044444379027532926,0.07190454006195068
2024-08-02,HYG,CAUSAL_XGBOOST,0.041706517648430946,0.08231111615896225
2024-08-05,HYG,CAUSAL_XGBOOST,0.03632599390048233,0.20999465882778168
2024-08-06,HYG,CAUSAL_XGBOOST,0.03626190553835723,0.1485237330198288
2024-08-07,HYG,CAUSAL_XGBOOST,0.03704500437059446,0.14819318056106567
2024-08-08,HYG,CAUSAL_XGBOOST,0.03643934162793516,0.10081087797880173
2024-08-09,HYG,CAUSAL_XGBOOST,0.03652491349544585,0.09676336497068405
2024-08-12,HYG,CAUSAL_XGBOOST,0.03802791728376532,0.09628338366746902
2024-08-13,HYG,CAUSAL_XGBOOST,0.035626832794057796,0.0974821075797081
2024-08-14,HYG,CAUSAL_XGBOOST,0.03551222288337886,0.09784925729036331
2024-08-15,HYG,CAUSAL_XGBOOST,0.036190805109342555,0.07436709851026535
2024-08-16,HYG,CAUSAL_XGBOOST,0.035707567018964465,0.07576148957014084
2024-08-19,HYG,CAUSAL_XGBOOST,0.03564519301117089,0.07087566703557968
2024-08-20,HYG,CAUSAL_XGBOOST,0.035087473682453,0.06345297396183014
2024-08-21,HYG,CAUSAL_XGBOOST,0.03555724350033074,0.06464219093322754
2024-08-22,HYG,CAUSAL_XGBOOST,0.03461698681888094,0.05937432870268822
2024-08-23,HYG,CAUSAL_XGBOOST,0.03219069401554142,0.05782892554998398
2024-08-26,HYG,CAUSAL_XGBOOST,0.03066786308262202,0.059305962175130844
2024-08-27,HYG,CAUSAL_XGBOOST,0.03141383995872354,0.05242159217596054
2024-08-28,HYG,CAUSAL_XGBOOST,0.03123513147903739,0.06301302462816238
2024-08-29,HYG,CAUSAL_XGBOOST,0.031798384363314953,0.055999573320150375
2024-08-30,HYG,CAUSAL_XGBOOST,0.032222864821297756,0.05307675898075104
2024-09-03,HYG,CAUSAL_XGBOOST,0.02828407039559114,0.06854161620140076
2024-09-04,HYG,CAUSAL_XGBOOST,0.02657078665437059,0.05717608332633972
2024-09-05,HYG,CAUSAL_XGBOOST,0.027017319659575916,0.05851094052195549
2024-09-06,HYG,CAUSAL_XGBOOST,0.02690505388738766,0.0592794306576252
2024-09-09,HYG,CAUSAL_XGBOOST,0.030910861766434955,0.05749673396348953
2024-09-10,HYG,CAUSAL_XGBOOST,0.030808016676158893,0.053253985941410065
2024-09-11,HYG,CAUSAL_XGBOOST,0.030731730569237694,0.0616154782474041
2024-09-12,HYG,CAUSAL_XGBOOST,0.030582854950545066,0.053470417857170105
2024-09-13,HYG,CAUSAL_XGBOOST,0.030449071211637344,0.048628486692905426
2024-09-16,HYG,CAUSAL_XGBOOST,0.029245698665956995,0.0527387410402298
2024-09-17,HYG,CAUSAL_XGBOOST,0.029266919906599177,0.04227667301893234
2024-09-18,HYG,CAUSAL_XGBOOST,0.029748125026043067,0.04361220821738243
2024-09-19,HYG,CAUSAL_XGBOOST,0.028235057505773493,0.03817053884267807
2024-09-20,HYG,CAUSAL_XGBOOST,0.029225847965551256,0.03605959191918373
2024-09-23,HYG,CAUSAL_XGBOOST,0.03187919883201622,0.03718683496117592
2024-09-24,HYG,CAUSAL_XGBOOST,0.03215508653315104,0.037564877420663834
2024-09-25,HYG,CAUSAL_XGBOOST,0.03354063050418832,0.03520384058356285
2024-09-26,HYG,CAUSAL_XGBOOST,0.034807960296848996,0.043279100209474564
2024-09-27,HYG,CAUSAL_XGBOOST,0.03332611902280498,0.0437404066324234
2024-09-30,HYG,CAUSAL_XGBOOST,0.034898292272919615,0.043788619339466095
2024-10-01,HYG,CAUSAL_XGBOOST,0.03493441052930655,0.04707387462258339
2024-10-02,HYG,CAUSAL_XGBOOST,0.035318938447693224,0.04254714772105217
2024-10-03,HYG,CAUSAL_XGBOOST,0.03564956780999055,0.046039652079343796
2024-10-04,HYG,CAUSAL_XGBOOST,0.03555309211247608,0.049400459975004196
2024-10-07,HYG,CAUSAL_XGBOOST,0.03383578550616129,0.04925326630473137
2024-10-08,HYG,CAUSAL_XGBOOST,0.034215621012778696,0.04891021549701691
2024-10-09,HYG,CAUSAL_XGBOOST,0.034605595955232014,0.04738296568393707
2024-10-10,HYG,CAUSAL_XGBOOST,0.037356195891113546,0.048502955585718155
2024-10-11,HYG,CAUSAL_XGBOOST,0.03673381807785098,0.04595156013965607
2024-10-15,HYG,CAUSAL_XGBOOST,0.040173227400907105,0.04511469230055809
2024-10-16,HYG,CAUSAL_XGBOOST,0.039714233314977324,0.039609503000974655
2024-10-17,HYG,CAUSAL_XGBOOST,0.040107452069598065,0.03854154050350189
2024-10-18,HYG,CAUSAL_XGBOOST,0.039120515350343506,0.040000397711992264
2024-10-21,HYG,CAUSAL_XGBOOST,0.036844837578013,0.04498746618628502
2024-10-22,HYG,CAUSAL_XGBOOST,0.03663923490783488,0.0436444990336895
2024-10-23,HYG,CAUSAL_XGBOOST,0.03452629952623256,0.04436679184436798
2024-10-24,HYG,CAUSAL_XGBOOST,0.03330982114550965,0.04236665740609169
2024-10-25,HYG,CAUSAL_XGBOOST,0.03300897398287407,0.04068485647439957
2024-10-28,HYG,CAUSAL_XGBOOST,0.03434955213865848,0.03953807055950165
2024-10-29,HYG,CAUSAL_XGBOOST,0.035329353598467485,0.04115449637174606
2024-10-30,HYG,CAUSAL_XGBOOST,0.03562504570538698,0.040835052728652954
2024-10-31,HYG,CAUSAL_XGBOOST,0.03364289716884145,0.04338918998837471
2024-11-01,HYG,CAUSAL_XGBOOST,0.03380350635394333,0.04547154903411865
2024-11-04,HYG,CAUSAL_XGBOOST,0.03306160544749274,0.044212013483047485
2024-11-05,HYG,CAUSAL_XGBOOST,0.03274963845097229,0.04314213991165161
2024-11-06,HYG,CAUSAL_XGBOOST,0.03288233021130555,0.02824884094297886
2024-11-07,HYG,CAUSAL_XGBOOST,0.03007456452475393,0.030855810269713402
2024-11-08,HYG,CAUSAL_XGBOOST,0.03021290728106897,0.028573501855134964
2024-11-12,HYG,CAUSAL_XGBOOST,0.025039261419655876,0.03113558143377304
2024-11-13,HYG,CAUSAL_XGBOOST,0.027616659650462134,0.029256783425807953
2024-11-14,HYG,CAUSAL_XGBOOST,0.028629557599596386,0.02655394934117794
2024-11-15,HYG,CAUSAL_XGBOOST,0.029089085679777884,0.030301401391625404
2024-11-18,HYG,CAUSAL_XGBOOST,0.02991693991334441,0.030166778713464737
2024-11-19,HYG,CAUSAL_XGBOOST,0.04751544275357105,0.030491629615426064
2024-11-20,HYG,CAUSAL_XGBOOST,0.04757132096738917,0.03599647432565689
2024-11-21,HYG,CAUSAL_XGBOOST,0.053096348208624265,0.0360417477786541
2024-11-22,HYG,CAUSAL_XGBOOST,0.05387737130339989,0.03421489894390106
2024-11-25,HYG,CAUSAL_XGBOOST,0.053342560159913274,0.03258432447910309
2024-11-26,HYG,CAUSAL_XGBOOST,0.05386035232015404,0.03557421267032623
2024-11-27,HYG,CAUSAL_XGBOOST,0.05388719576507703,0.038442619144916534
2024-11-29,HYG,CAUSAL_XGBOOST,0.053579713970654384,0.03825564309954643
2024-12-02,HYG,CAUSAL_XGBOOST,0.05358756821539619,0.036800090223550797
2024-12-03,HYG,CAUSAL_XGBOOST,0.054487220165024886,0.03639877960085869
2024-12-04,HYG,CAUSAL_XGBOOST,0.054018357828941384,0.037727635353803635
2024-12-05,HYG,CAUSAL_XGBOOST,0.05445674760258253,0.0372975654900074
2024-12-06,HYG,CAUSAL_XGBOOST,0.05510668866626719,0.039249248802661896
2024-12-09,HYG,CAUSAL_XGBOOST,0.05532112668916067,0.0422847755253315
2024-12-10,HYG,CAUSAL_XGBOOST,0.05789836655407896,0.0398360900580883
2024-12-11,HYG,CAUSAL_XGBOOST,0.05783127369381201,0.03973812982439995
2024-12-12,HYG,CAUSAL_XGBOOST,0.05760011956913335,0.04104134812951088
2024-12-13,HYG,CAUSAL_XGBOOST,0.06520129879843431,0.037332914769649506
2024-12-16,HYG,CAUSAL_XGBOOST,0.06499587419036168,0.03775503858923912
2024-12-17,HYG,CAUSAL_XGBOOST,0.06446638671925799,0.03639376908540726
2024-12-18,HYG,CAUSAL_XGBOOST,0.05118668426035504,0.06484658271074295
2024-12-19,HYG,CAUSAL_XGBOOST,0.05138499892737991,0.05952358990907669
2024-12-20,HYG,CAUSAL_XGBOOST,0.04742863650516063,0.05246948450803757
2024-12-23,HYG,CAUSAL_XGBOOST,0.04574842496029781,0.05027170106768608
2024-12-24,HYG,CAUSAL_XGBOOST,0.04492519995945476,0.04845339059829712
2024-12-26,HYG,CAUSAL_XGBOOST,0.04457602735991625,0.04867854714393616
2024-12-27,HYG,CAUSAL_XGBOOST,0.04225892841541734,0.04788121208548546
2024-12-30,HYG,CAUSAL_XGBOOST,0.04239160162968835,0.049266789108514786
2024-12-31,HYG,CAUSAL_XGBOOST,0.04342982509542388,0.051118817180395126
2025-01-02,HYG,CAUSAL_XGBOOST,0.04343875852084742,0.051420703530311584
2025-01-03,HYG,CAUSAL_XGBOOST,0.04432579953845277,0.05017635598778725
2025-01-06,HYG,CAUSAL_XGBOOST,0.04474095896552519,0.05041387677192688
2025-01-07,HYG,CAUSAL_XGBOOST,0.043089853644743166,0.049562349915504456
2025-01-08,HYG,CAUSAL_XGBOOST,0.045126358205829026,0.05936792492866516
2025-01-10,HYG,CAUSAL_XGBOOST,0.04003726984215903,0.04930858314037323
2025-01-13,HYG,CAUSAL_XGBOOST,0.040084433566322755,0.04923115670681
2025-01-14,HYG,CAUSAL_XGBOOST,0.04140584981813746,0.048747170716524124
2025-01-15,HYG,CAUSAL_XGBOOST,0.03219593683379383,0.04931802302598953
2025-01-16,HYG,CAUSAL_XGBOOST,0.03219444109306338,0.04898516461253166
2025-01-17,HYG,CAUSAL_XGBOOST,0.03249267478778255,0.04952407628297806
2025-01-21,HYG,CAUSAL_XGBOOST,0.031418090444868395,0.04937812313437462
2025-01-22,HYG,CAUSAL_XGBOOST,0.030815251833816816,0.04807198792695999
2025-01-23,HYG,CAUSAL_XGBOOST,0.03162967402464075,0.04380084201693535
2025-01-24,HYG,CAUSAL_XGBOOST,0.03168066435345681,0.04361385852098465
2025-01-27,HYG,CAUSAL_XGBOOST,0.032661973759726445,0.04206748306751251
2025-01-28,HYG,CAUSAL_XGBOOST,0.03276256990274139,0.03835718333721161
2025-01-29,HYG,CAUSAL_XGBOOST,0.03357200084299718,0.03757012262940407
2025-01-30,HYG,CAUSAL_XGBOOST,0.03423657550804442,0.035501301288604736
2025-01-31,HYG,CAUSAL_XGBOOST,0.034310068911138164,0.03347720205783844
2025-02-03,HYG,CAUSAL_XGBOOST,0.033823874470804635,0.03479830548167229
2025-02-04,HYG,CAUSAL_XGBOOST,0.03227665584770261,0.03558972105383873
2025-02-05,HYG,CAUSAL_XGBOOST,0.03409983954483536,0.035096392035484314
2025-02-06,HYG,CAUSAL_XGBOOST,0.03410542328823154,0.03478296473622322
2025-02-07,HYG,CAUSAL_XGBOOST,0.03498396297373908,0.034915998578071594
2025-02-10,HYG,CAUSAL_XGBOOST,0.036496391556114,0.03645951300859451
2025-02-11,HYG,CAUSAL_XGBOOST,0.03677857734427489,0.04401876777410507
2025-02-12,HYG,CAUSAL_XGBOOST,0.04110375605463594,0.04406240954995155
2025-02-13,HYG,CAUSAL_XGBOOST,0.04117454825903845,0.04437007009983063
2025-02-14,HYG,CAUSAL_XGBOOST,0.041988773174310094,0.04430753365159035
2025-02-18,HYG,CAUSAL_XGBOOST,0.04229883681803275,0.04299164563417435
2025-02-19,HYG,CAUSAL_XGBOOST,0.048672399204304106,0.042992133647203445
2025-02-20,HYG,CAUSAL_XGBOOST,0.04887743119653692,0.04218948259949684
2025-02-21,HYG,CAUSAL_XGBOOST,0.048712302733699614,0.040486376732587814
2025-02-24,HYG,CAUSAL_XGBOOST,0.04963171546465942,0.039040807634592056
2025-02-25,HYG,CAUSAL_XGBOOST,0.04879650506934301,0.03965510055422783
2025-02-26,HYG,CAUSAL_XGBOOST,0.05037657556354419,0.04398063197731972
2025-02-27,HYG,CAUSAL_XGBOOST,0.050385689353882435,0.04053512215614319
2025-02-28,HYG,CAUSAL_XGBOOST,0.04920857090103455,0.03534412011504173
2025-03-03,HYG,CAUSAL_XGBOOST,0.0492532105871748,0.03768812492489815
2025-03-04,HYG,CAUSAL_XGBOOST,0.05021395622670697,0.037280093878507614
2025-03-05,HYG,CAUSAL_XGBOOST,0.05083510831443042,0.038020774722099304
2025-03-06,HYG,CAUSAL_XGBOOST,0.06605138998225629,0.06130405142903328
2025-03-07,HYG,CAUSAL_XGBOOST,0.08125908809658403,0.03856325522065163
2025-03-10,HYG,CAUSAL_XGBOOST,0.08483038262608567,0.06789858639240265
2025-03-11,HYG,CAUSAL_XGBOOST,0.08521755055352777,0.06916206330060959
2025-03-12,HYG,CAUSAL_XGBOOST,0.1314834086433746,0.060393158346414566
2025-03-13,HYG,CAUSAL_XGBOOST,0.14227712964840336,0.06209268793463707
2025-03-14,HYG,CAUSAL_XGBOOST,0.1415596401678197,0.04350252076983452
2025-03-17,HYG,CAUSAL_XGBOOST,0.1426809530224986,0.0429752878844738
2025-03-18,HYG,CAUSAL_XGBOOST,0.14325060248264768,0.04486909136176109
2025-03-19,HYG,CAUSAL_XGBOOST,0.14064325914755446,0.04624456167221069
2025-03-20,HYG,CAUSAL_XGBOOST,0.14275949649466965,0.04053464159369469
2025-03-21,HYG,CAUSAL_XGBOOST,0.14392711841416542,0.03945568576455116
2025-03-24,HYG,CAUSAL_XGBOOST,0.1443159312050923,0.03973644599318504
2025-03-25,HYG,CAUSAL_XGBOOST,0.14585155799564106,0.039533115923404694
2025-03-26,HYG,CAUSAL_XGBOOST,0.14909143319527982,0.04023585096001625
2025-03-27,HYG,CAUSAL_XGBOOST,0.14895009648900348,0.0389413945376873
2025-03-28,HYG,CAUSAL_XGBOOST,0.14878216825102852,0.040665123611688614
2025-03-31,HYG,CAUSAL_XGBOOST,0.149000694707873,0.04151223227381706
2025-04-01,HYG,CAUSAL_XGBOOST,0.15011309812380952,0.04037613794207573
2025-04-02,HYG,CAUSAL_XGBOOST,0.1499994968795027,0.03831949830055237
2025-04-03,HYG,CAUSAL_XGBOOST,0.14292591101377303,0.07012923806905746
2025-04-04,HYG,CAUSAL_XGBOOST,0.131577846451317,0.16724872589111328
2025-04-07,HYG,CAUSAL_XGBOOST,0.12649763139518666,0.17491649091243744
2025-04-08,HYG,CAUSAL_XGBOOST,0.12430224692997596,0.16782379150390625
2025-04-09,HYG,CAUSAL_XGBOOST,0.08459399067949776,0.30497434735298157
2025-04-10,HYG,CAUSAL_XGBOOST,0.055208611690083696,0.3841763734817505
2025-04-11,HYG,CAUSAL_XGBOOST,0.06249200936651421,0.3176054358482361
2025-04-14,HYG,CAUSAL_XGBOOST,0.061461947715164014,0.3159768283367157
2025-04-15,HYG,CAUSAL_XGBOOST,0.06424043868663047,0.30328676104545593
2025-04-16,HYG,CAUSAL_XGBOOST,0.06398662508410427,0.31606346368789673
2025-04-17,HYG,CAUSAL_XGBOOST,0.06197446453077087,0.3083682358264923
2025-04-21,HYG,CAUSAL_XGBOOST,0.056301975300057615,0.2052614986896515
2025-04-22,HYG,CAUSAL_XGBOOST,0.05607781244487959,0.17683185636997223
2025-04-23,HYG,CAUSAL_XGBOOST,0.061141661179134804,0.19741418957710266
2025-04-24,HYG,CAUSAL_XGBOOST,0.05332910696269927,0.14230355620384216
2025-04-25,HYG,CAUSAL_XGBOOST,0.05335199987385981,0.1343519389629364
2025-04-28,HYG,CAUSAL_XGBOOST,0.057055958075026815,0.14207059144973755
2025-04-29,HYG,CAUSAL_XGBOOST,0.056710370547605415,0.13505490124225616
2025-04-30,HYG,CAUSAL_XGBOOST,0.05244967367746258,0.13490030169487
2025-05-01,HYG,CAUSAL_XGBOOST,0.05242154674374884,0.125049889087677
2025-05-02,HYG,CAUSAL_XGBOOST,0.051829859039359286,0.11552359908819199
2025-05-05,HYG,CAUSAL_XGBOOST,0.051862270659289646,0.11770918220281601
2025-05-06,HYG,CAUSAL_XGBOOST,0.051685228543490176,0.1301431506872177
2025-05-07,HYG,CAUSAL_XGBOOST,0.052792583504707204,0.10556067526340485
2025-05-08,HYG,CAUSAL_XGBOOST,0.052762514729536844,0.10135553032159805
2025-05-09,HYG,CAUSAL_XGBOOST,0.05276817107290914,0.06351547688245773
2025-05-12,HYG,CAUSAL_XGBOOST,0.04092330974958144,0.07213190197944641
2025-05-13,HYG,CAUSAL_XGBOOST,0.040632706048855875,0.06181744113564491
2025-05-14,HYG,CAUSAL_XGBOOST,0.03797739870712589,0.06174576282501221
2025-05-15,HYG,CAUSAL_XGBOOST,0.03956056116420589,0.0614645779132843
2025-05-16,HYG,CAUSAL_XGBOOST,0.03994134671933157,0.06405243277549744
2025-05-19,HYG,CAUSAL_XGBOOST,0.04017084895261762,0.06366133689880371
2025-05-20,HYG,CAUSAL_XGBOOST,0.04029314041678856,0.05913789942860603
2025-05-21,HYG,CAUSAL_XGBOOST,0.0315878272868468,0.06088687479496002
2025-05-22,HYG,CAUSAL_XGBOOST,0.031518548570595356,0.06253600865602493
2025-05-23,HYG,CAUSAL_XGBOOST,0.03191864327715398,0.0670696347951889
2025-05-27,HYG,CAUSAL_XGBOOST,0.025959701273092422,0.058682266622781754
2025-05-28,HYG,CAUSAL_XGBOOST,0.026564174555111997,0.0590350404381752
2025-05-29,HYG,CAUSAL_XGBOOST,0.026869348288959358,0.05875718221068382
2025-05-30,HYG,CAUSAL_XGBOOST,0.029025478955035336,0.060038238763809204
2025-06-02,HYG,CAUSAL_XGBOOST,0.02980725550733543,0.06044365465641022
2025-06-03,HYG,CAUSAL_XGBOOST,0.02979668446325289,0.059964727610349655
2025-06-04,HYG,CAUSAL_XGBOOST,0.029552184245553826,0.06010919809341431
2025-06-05,HYG,CAUSAL_XGBOOST,0.03142373437949008,0.05967797338962555
2025-06-06,HYG,CAUSAL_XGBOOST,0.03217859645852367,0.057865217328071594
2025-06-09,HYG,CAUSAL_XGBOOST,0.033000497127365094,0.05877826362848282
2025-06-10,HYG,CAUSAL_XGBOOST,0.03299909956889582,0.04932871460914612
2025-06-11,HYG,CAUSAL_XGBOOST,0.03353037640072987,0.04452894255518913
2025-06-12,HYG,CAUSAL_XGBOOST,0.033471654042436336,0.04440271854400635
2025-06-13,HYG,CAUSAL_XGBOOST,0.033445469850475175,0.03906559199094772
2025-06-16,HYG,CAUSAL_XGBOOST,0.03387057187013728,0.04104740172624588
2025-06-17,HYG,CAUSAL_XGBOOST,0.033286204382508074,0.03839102014899254
2025-06-18,HYG,CAUSAL_XGBOOST,0.03324409576479722,0.032913170754909515
2025-06-20,HYG,CAUSAL_XGBOOST,0.03207783409545305,0.034913305193185806
2025-06-23,HYG,CAUSAL_XGBOOST,0.03200822149357715,0.03420315682888031
2025-06-24,HYG,CAUSAL_XGBOOST,0.030964756321092923,0.03171887993812561
2025-06-25,HYG,CAUSAL_XGBOOST,0.03146543138651241,0.030880382284522057
2025-06-26,HYG,CAUSAL_XGBOOST,0.03012842351249855,0.03212416544556618
2025-06-27,HYG,CAUSAL_XGBOOST,0.03012815530577536,0.03254277631640434
2025-06-30,HYG,CAUSAL_XGBOOST,0.027114877264311655,0.03189772367477417
2025-07-01,HYG,CAUSAL_XGBOOST,0.027860590027484523,0.03211846575140953
2025-07-02,HYG,CAUSAL_XGBOOST,0.027152753690888865,0.037756700068712234
2025-07-03,HYG,CAUSAL_XGBOOST,0.027065052672875803,0.036935899406671524
2025-07-07,HYG,CAUSAL_XGBOOST,0.026482558576025987,0.03530386835336685
2025-07-08,HYG,CAUSAL_XGBOOST,0.025904537076895513,0.029804788529872894
2025-07-09,HYG,CAUSAL_XGBOOST,0.02449927354706708,0.03592300042510033
2025-07-10,HYG,CAUSAL_XGBOOST,0.024498697595960767,0.029466185718774796
2025-07-11,HYG,CAUSAL_XGBOOST,0.02382160142169325,0.04117336869239807
2025-07-14,HYG,CAUSAL_XGBOOST,0.023812076037018105,0.043047547340393066
2025-07-15,HYG,CAUSAL_XGBOOST,0.02120512184819634,0.0452275313436985
2025-07-16,HYG,CAUSAL_XGBOOST,0.02118235466971212,0.044248104095458984
2025-07-17,HYG,CAUSAL_XGBOOST,0.023957173816511048,0.04509653151035309
2025-07-18,HYG,CAUSAL_XGBOOST,0.02372737404264631,0.045247841626405716
2025-07-21,HYG,CAUSAL_XGBOOST,0.023748501032125766,0.0470130518078804
2025-07-22,HYG,CAUSAL_XGBOOST,0.023164873952467708,0.04839048907160759
2025-07-23,HYG,CAUSAL_XGBOOST,0.02321154808435284,0.05383690819144249
2025-07-24,HYG,CAUSAL_XGBOOST,0.02380292055505541,0.06407003849744797
2025-07-25,HYG,CAUSAL_XGBOOST,0.036994388961719075,0.06115401163697243
2025-07-28,HYG,CAUSAL_XGBOOST,0.03787602731901543,0.06408685445785522
2025-07-29,HYG,CAUSAL_XGBOOST,0.03842565481650885,0.06497889012098312
2025-07-30,HYG,CAUSAL_XGBOOST,0.03724647750620555,0.06214381009340286
2025-07-31,HYG,CAUSAL_XGBOOST,0.03725047986195771,0.060044895857572556
2025-08-01,HYG,CAUSAL_XGBOOST,0.03825102910545971,0.05412411689758301
2025-08-04,HYG,CAUSAL_XGBOOST,0.0371413059917462,0.05166136100888252
2025-08-05,HYG,CAUSAL_XGBOOST,0.037953913834498657,0.05892512574791908
2025-08-06,HYG,CAUSAL_XGBOOST,0.03875009299905739,0.05205999314785004
2025-08-07,HYG,CAUSAL_XGBOOST,0.03830796170777456,0.05347874015569687
2025-08-08,HYG,CAUSAL_XGBOOST,0.03833308746763721,0.05071087181568146
2025-08-11,HYG,CAUSAL_XGBOOST,0.03878124411209721,0.054846201092004776
2025-08-12,HYG,CAUSAL_XGBOOST,0.038294230833446796,0.05445491895079613
2025-08-13,HYG,CAUSAL_XGBOOST,0.03819726183088249,0.055600520223379135
2025-08-14,HYG,CAUSAL_XGBOOST,0.03685563942731492,0.06194169446825981
2025-08-15,HYG,CAUSAL_XGBOOST,0.03771471522582923,0.063444122672081
2025-08-18,HYG,CAUSAL_XGBOOST,0.03771136620366753,0.061731137335300446
2025-08-19,HYG,CAUSAL_XGBOOST,0.03804420199630254,0.06603692471981049
2025-08-20,HYG,CAUSAL_XGBOOST,0.03822929303759611,0.052822016179561615
2025-08-21,HYG,CAUSAL_XGBOOST,0.03697612818282039,0.052732840180397034
2025-08-22,HYG,CAUSAL_XGBOOST,0.025465441789530415,0.052260324358940125
2025-08-25,HYG,CAUSAL_XGBOOST,0.024192252619319315,0.057020153850317
2025-08-26,HYG,CAUSAL_XGBOOST,0.024315435241390397,0.055359046906232834
2025-08-27,HYG,CAUSAL_XGBOOST,0.026667671557291606,0.05355299264192581
2025-08-28,HYG,CAUSAL_XGBOOST,0.027388197156502432,0.0528557263314724
2025-08-29,HYG,CAUSAL_XGBOOST,0.026625350815438976,0.048893559724092484
2025-09-02,HYG,CAUSAL_XGBOOST,0.02619497706626016,0.04868991672992706
2025-09-03,HYG,CAUSAL_XGBOOST,0.025381066001980524,0.04480089992284775
2025-09-04,HYG,CAUSAL_XGBOOST,0.024046723958818617,0.047481607645750046
2025-09-05,HYG,CAUSAL_XGBOOST,0.02454314852515938,0.03533761575818062
2025-09-08,HYG,CAUSAL_XGBOOST,0.024529893863663107,0.03286849707365036
2025-09-09,HYG,CAUSAL_XGBOOST,0.024529973045864805,0.033572226762771606
2025-09-10,HYG,CAUSAL_XGBOOST,0.025178684903059356,0.03270367532968521
2025-09-11,HYG,CAUSAL_XGBOOST,0.025669894820398186,0.034385230392217636
2025-09-12,HYG,CAUSAL_XGBOOST,0.03266064711904911,0.0335785448551178
2025-09-15,HYG,CAUSAL_XGBOOST,0.03877102276327044,0.03220849856734276
2025-09-16,HYG,CAUSAL_XGBOOST,0.03900263335479785,0.03000417724251747
2025-09-17,HYG,CAUSAL_XGBOOST,0.04060549175154311,0.02875922992825508
2025-09-18,HYG,CAUSAL_XGBOOST,0.04177353243055314,0.030304618179798126
2025-09-19,HYG,CAUSAL_XGBOOST,0.042922658794268015,0.029228782281279564
2025-09-22,HYG,CAUSAL_XGBOOST,0.043466586329983646,0.029922757297754288
2025-09-23,HYG,CAUSAL_XGBOOST,0.043706611706319884,0.036111313849687576
2025-09-24,HYG,CAUSAL_XGBOOST,0.043584228724430636,0.03806943818926811
2025-09-25,HYG,CAUSAL_XGBOOST,0.04300003112426859,0.03423970937728882
2025-09-26,HYG,CAUSAL_XGBOOST,0.04348454196692297,0.04145257547497749
2025-09-29,HYG,CAUSAL_XGBOOST,0.043897204145235555,0.03439604490995407
2025-09-30,HYG,CAUSAL_XGBOOST,0.04407054853797283,0.041110582649707794
2025-10-01,HYG,CAUSAL_XGBOOST,0.04513918421602749,0.042010825127363205
2025-10-02,HYG,CAUSAL_XGBOOST,0.04560310944536127,0.043203599750995636
2025-10-03,HYG,CAUSAL_XGBOOST,0.04543981450845392,0.03759336471557617
2025-10-06,HYG,CAUSAL_XGBOOST,0.04672187435787505,0.03911864757537842
2025-10-07,HYG,CAUSAL_XGBOOST,0.046604795071617446,0.04265924543142319
2025-10-08,HYG,CAUSAL_XGBOOST,0.04648041583057865,0.04071333631873131
2025-10-09,HYG,CAUSAL_XGBOOST,0.045252275104348816,0.039268556982278824
2025-10-10,HYG,CAUSAL_XGBOOST,0.03929919823332293,0.045974425971508026
2025-10-14,HYG,CAUSAL_XGBOOST,0.03478839771264889,0.04223080724477768
2025-10-15,HYG,CAUSAL_XGBOOST,0.033981160398807546,0.04509785771369934
2025-10-16,HYG,CAUSAL_XGBOOST,0.03475496438083101,0.05308514088392258
2025-10-17,HYG,CAUSAL_XGBOOST,0.0334498869108101,0.04299270361661911
2025-10-20,HYG,CAUSAL_XGBOOST,0.032981761452115205,0.04411618411540985
2025-10-21,HYG,CAUSAL_XGBOOST,0.0326844576065501,0.04754230007529259
2025-10-22,HYG,CAUSAL_XGBOOST,0.032603554969298204,0.04369812831282616
2025-10-23,HYG,CAUSAL_XGBOOST,0.03148335060503829,0.044033441692590714
2025-10-24,HYG,CAUSAL_XGBOOST,0.03235644550255338,0.043962012976408005
2025-10-27,HYG,CAUSAL_XGBOOST,0.032662378825078664,0.04530154541134834
2025-10-28,HYG,CAUSAL_XGBOOST,0.03493808540338599,0.04902157559990883
2025-10-29,HYG,CAUSAL_XGBOOST,0.033031055940907224,0.05265132337808609
2025-10-30,HYG,CAUSAL_XGBOOST,0.0320805074209843,0.04724379628896713
2025-10-31,HYG,CAUSAL_XGBOOST,0.03298109569558911,0.04941003769636154
2025-11-03,HYG,CAUSAL_XGBOOST,0.030845691410875075,0.05023536831140518
2025-11-04,HYG,CAUSAL_XGBOOST,0.030828807732205192,0.04671909287571907
2025-11-05,HYG,CAUSAL_XGBOOST,0.03079496842800666,0.04920472577214241
2025-11-06,HYG,CAUSAL_XGBOOST,0.03085268419130399,0.05070330947637558
2025-11-07,HYG,CAUSAL_XGBOOST,0.0326130029026019,0.051824938505887985
2025-11-10,HYG,CAUSAL_XGBOOST,0.03100556155313397,0.05251854285597801
2025-11-12,HYG,CAUSAL_XGBOOST,0.03185514048424278,0.05278608947992325
2025-11-13,HYG,CAUSAL_XGBOOST,0.028509690087494977,0.04862961545586586
2025-11-14,HYG,CAUSAL_XGBOOST,0.028498719795894117,0.0486055389046669
2025-11-17,HYG,CAUSAL_XGBOOST,0.02740130289117856,0.04817564785480499
2025-11-18,HYG,CAUSAL_XGBOOST,0.02814494481179783,0.050497498363256454
2025-11-19,HYG,CAUSAL_XGBOOST,0.02922190879131977,0.0457034632563591
2025-11-20,HYG,CAUSAL_XGBOOST,0.029147352143458607,0.057442937046289444
2025-11-21,HYG,CAUSAL_XGBOOST,0.027331687011508378,0.04579053074121475
2025-11-24,HYG,CAUSAL_XGBOOST,0.026063975213738256,0.046319250017404556
2025-11-25,HYG,CAUSAL_XGBOOST,0.024111563358111526,0.045476946979761124
2025-11-26,HYG,CAUSAL_XGBOOST,0.024146366627829922,0.046140577644109726
2025-11-28,HYG,CAUSAL_XGBOOST,0.024134010905789822,0.04463069513440132
2025-12-01,HYG,CAUSAL_XGBOOST,0.02300309954601387,0.04570041969418526
2025-12-02,HYG,CAUSAL_XGBOOST,0.022802447784554623,0.047111876308918
2025-12-03,HYG,CAUSAL_XGBOOST,0.022705175853518184,0.033000633120536804
2025-12-04,HYG,CAUSAL_XGBOOST,0.02417704959244345,0.033321868628263474
2025-12-05,HYG,CAUSAL_XGBOOST,0.02414999100320802,0.03562629967927933
2025-12-08,HYG,CAUSAL_XGBOOST,0.0219014309836935,0.03520500287413597
2025-12-09,HYG,CAUSAL_XGBOOST,0.021127009763763478,0.03475429490208626
2025-12-10,HYG,CAUSAL_XGBOOST,0.018363089778586885,0.03876705467700958
2025-12-11,HYG,CAUSAL_XGBOOST,0.018258444581769187,0.037949852645397186
2025-12-12,HYG,CAUSAL_XGBOOST,0.016240890438725383,0.035967957228422165
2025-12-15,HYG,CAUSAL_XGBOOST,0.01634860934232036,0.03484993427991867
2025-12-16,HYG,CAUSAL_XGBOOST,0.01643732884018915,0.034895721822977066
2025-12-17,HYG,CAUSAL_XGBOOST,0.015142808158188319,0.035141970962285995
2025-12-18,HYG,CAUSAL_XGBOOST,0.016754203665407415,0.033101193606853485
2025-12-19,HYG,CAUSAL_XGBOOST,0.01894355978508707,0.03019937500357628
2025-12-22,HYG,CAUSAL_XGBOOST,0.01891249019291395,0.03413325548171997
2025-12-23,HYG,CAUSAL_XGBOOST,0.01917709919356682,0.033932533115148544
2025-12-24,HYG,CAUSAL_XGBOOST,0.018394681832566737,0.03616529330611229
2025-12-26,HYG,CAUSAL_XGBOOST,0.01821834104268087,0.038974322378635406
2025-12-29,HYG,CAUSAL_XGBOOST,0.019494019971619217,0.04206416383385658
2025-12-30,HYG,CAUSAL_XGBOOST,0.019335225594065326,0.04518396034836769
2025-12-31,HYG,CAUSAL_XGBOOST,0.019057538822815877,0.04714977368712425
2023-12-28,GLD,CAUSAL_XGBOOST,0.09529490958322409,0.13360819220542908
2023-12-29,GLD,CAUSAL_XGBOOST,0.0955648149286664,0.12268256396055222
2024-01-02,GLD,CAUSAL_XGBOOST,0.09536060845615033,0.12466256320476532
2024-01-03,GLD,CAUSAL_XGBOOST,0.09822898486955683,0.12345731258392334
2024-01-04,GLD,CAUSAL_XGBOOST,0.10417741010062406,0.12240170687437057
2024-01-05,GLD,CAUSAL_XGBOOST,0.10586921794876747,0.11881693452596664
2024-01-08,GLD,CAUSAL_XGBOOST,0.10393402458661453,0.11152253299951553
2024-01-09,GLD,CAUSAL_XGBOOST,0.10394439273057121,0.11084257811307907
2024-01-10,GLD,CAUSAL_XGBOOST,0.10362810718928485,0.11356373131275177
2024-01-11,GLD,CAUSAL_XGBOOST,0.10439757947076465,0.11915921419858932
2024-01-12,GLD,CAUSAL_XGBOOST,0.09800385777571405,0.10879737883806229
2024-01-16,GLD,CAUSAL_XGBOOST,0.10423062152195943,0.1190936416387558
2024-01-17,GLD,CAUSAL_XGBOOST,0.09706079104905314,0.12244711816310883
2024-01-18,GLD,CAUSAL_XGBOOST,0.09543611027163518,0.12158826738595963
2024-01-19,GLD,CAUSAL_XGBOOST,0.09578656994875474,0.11572997272014618
2024-01-22,GLD,CAUSAL_XGBOOST,0.09755277987174817,0.1153784766793251
2024-01-23,GLD,CAUSAL_XGBOOST,0.09650257280435338,0.11562076956033707
2024-01-24,GLD,CAUSAL_XGBOOST,0.0915655775059799,0.11483506113290787
2024-01-25,GLD,CAUSAL_XGBOOST,0.0926372217991274,0.11043407768011093
2024-01-26,GLD,CAUSAL_XGBOOST,0.09303561470972455,0.11042806506156921
2024-01-29,GLD,CAUSAL_XGBOOST,0.08966100979980905,0.1073177382349968
2024-01-30,GLD,CAUSAL_XGBOOST,0.0897665161714341,0.0978059247136116
2024-01-31,GLD,CAUSAL_XGBOOST,0.0915867722199968,0.1086154356598854
2024-02-01,GLD,CAUSAL_XGBOOST,0.10735858203559664,0.1070328876376152
2024-02-02,GLD,CAUSAL_XGBOOST,0.11345892440190367,0.10239176452159882
2024-02-05,GLD,CAUSAL_XGBOOST,0.11076316428999458,0.10283046960830688
2024-02-06,GLD,CAUSAL_XGBOOST,0.11221968865171796,0.10039009898900986
2024-02-07,GLD,CAUSAL_XGBOOST,0.11215208337711885,0.10331033915281296
2024-02-08,GLD,CAUSAL_XGBOOST,0.11278777880471938,0.10248950868844986
2024-02-09,GLD,CAUSAL_XGBOOST,0.10966546708319252,0.10433921217918396
2024-02-12,GLD,CAUSAL_XGBOOST,0.11965280449741207,0.10541344434022903
2024-02-13,GLD,CAUSAL_XGBOOST,0.1015039583149541,0.11494697630405426
2024-02-14,GLD,CAUSAL_XGBOOST,0.1045622609567505,0.11829978227615356
2024-02-15,GLD,CAUSAL_XGBOOST,0.10722114645713371,0.12518548965454102
2024-02-16,GLD,CAUSAL_XGBOOST,0.10746682908804306,0.1280120611190796
2024-02-20,GLD,CAUSAL_XGBOOST,0.10827828373854333,0.1258440464735031
2024-02-21,GLD,CAUSAL_XGBOOST,0.11178485829303587,0.12341905385255814
2024-02-22,GLD,CAUSAL_XGBOOST,0.11248596697009544,0.12538689374923706
2024-02-23,GLD,CAUSAL_XGBOOST,0.11963144141244611,0.12377122044563293
2024-02-26,GLD,CAUSAL_XGBOOST,0.11801539536960674,0.12531690299510956
2024-02-27,GLD,CAUSAL_XGBOOST,0.11689484547682012,0.11656983196735382
2024-02-28,GLD,CAUSAL_XGBOOST,0.11742953096929899,0.1200496107339859
2024-02-29,GLD,CAUSAL_XGBOOST,0.12170034978325653,0.11648998409509659
2024-03-01,GLD,CAUSAL_XGBOOST,0.11144990544426803,0.1078406497836113
2024-03-04,GLD,CAUSAL_XGBOOST,0.10951617625292734,0.1008739247918129
2024-03-05,GLD,CAUSAL_XGBOOST,0.11071439366599052,0.11286504566669464
2024-03-06,GLD,CAUSAL_XGBOOST,0.11437843850993565,0.10795358568429947
2024-03-07,GLD,CAUSAL_XGBOOST,0.1243464082089002,0.1127692312002182
2024-03-08,GLD,CAUSAL_XGBOOST,0.12347087918673381,0.11826075613498688
2024-03-11,GLD,CAUSAL_XGBOOST,0.12347607775568034,0.118892140686512
2024-03-12,GLD,CAUSAL_XGBOOST,0.12120709869295537,0.1136351227760315
2024-03-13,GLD,CAUSAL_XGBOOST,0.13273422029691137,0.1114879623055458
2024-03-14,GLD,CAUSAL_XGBOOST,0.14408188266805633,0.10459109395742416
2024-03-15,GLD,CAUSAL_XGBOOST,0.15028092167321772,0.1054709330201149
2024-03-18,GLD,CAUSAL_XGBOOST,0.15040262291169468,0.10497445613145828
2024-03-19,GLD,CAUSAL_XGBOOST,0.15536072576057575,0.10498914867639542
2024-03-20,GLD,CAUSAL_XGBOOST,0.1531027148497752,0.1045432761311531
2024-03-21,GLD,CAUSAL_XGBOOST,0.15188491925119563,0.10047007352113724
2024-03-22,GLD,CAUSAL_XGBOOST,0.17984564533479236,0.09268932044506073
2024-03-25,GLD,CAUSAL_XGBOOST,0.18115608592028204,0.09221958369016647
2024-03-26,GLD,CAUSAL_XGBOOST,0.18211056141336285,0.09627950936555862
2024-03-27,GLD,CAUSAL_XGBOOST,0.18178795870096237,0.10164531320333481
2024-03-28,GLD,CAUSAL_XGBOOST,0.17811161245390067,0.10136895626783371
2024-04-01,GLD,CAUSAL_XGBOOST,0.17648407597695073,0.09897331148386002
2024-04-02,GLD,CAUSAL_XGBOOST,0.18625449018124407,0.10079574584960938
2024-04-03,GLD,CAUSAL_XGBOOST,0.18643109150563292,0.09993494302034378
2024-04-04,GLD,CAUSAL_XGBOOST,0.18553325593165204,0.10119926929473877
2024-04-05,GLD,CAUSAL_XGBOOST,0.17487456047770705,0.10102266073226929
2024-04-08,GLD,CAUSAL_XGBOOST,0.1776719614329625,0.10448413342237473
2024-04-09,GLD,CAUSAL_XGBOOST,0.17692874775951742,0.10117641091346741
2024-04-10,GLD,CAUSAL_XGBOOST,0.17415657751804559,0.10905755311250687
2024-04-11,GLD,CAUSAL_XGBOOST,0.16915786763081828,0.11215299367904663
2024-04-12,GLD,CAUSAL_XGBOOST,0.1648968541957832,0.11265624314546585
2024-04-15,GLD,CAUSAL_XGBOOST,0.15509106403746506,0.11172018200159073
2024-04-16,GLD,CAUSAL_XGBOOST,0.15857430445563805,0.11182186007499695
2024-04-17,GLD,CAUSAL_XGBOOST,0.16337203605475056,0.1117882952094078
2024-04-18,GLD,CAUSAL_XGBOOST,0.16358438446086393,0.11227460950613022
2024-04-19,GLD,CAUSAL_XGBOOST,0.17346461057845136,0.11369960010051727
2024-04-22,GLD,CAUSAL_XGBOOST,0.1448852268683582,0.1094493716955185
2024-04-23,GLD,CAUSAL_XGBOOST,0.14451880038447498,0.11098014563322067
2024-04-24,GLD,CAUSAL_XGBOOST,0.1616863393908962,0.11924414336681366
2024-04-25,GLD,CAUSAL_XGBOOST,0.17741498064479785,0.12319575995206833
2024-04-26,GLD,CAUSAL_XGBOOST,0.17703711678760253,0.1305641084909439
2024-04-29,GLD,CAUSAL_XGBOOST,0.18079857127602175,0.12741798162460327
2024-04-30,GLD,CAUSAL_XGBOOST,0.16810201055529514,0.11619297415018082
2024-05-01,GLD,CAUSAL_XGBOOST,0.16547594853811687,0.11491216719150543
2024-05-02,GLD,CAUSAL_XGBOOST,0.1666041086324078,0.1168915182352066
2024-05-03,GLD,CAUSAL_XGBOOST,0.16912076656514913,0.12160453200340271
2024-05-06,GLD,CAUSAL_XGBOOST,0.16878489031864574,0.1205681562423706
2024-05-07,GLD,CAUSAL_XGBOOST,0.17280179821155955,0.12078114598989487
2024-05-08,GLD,CAUSAL_XGBOOST,0.17368267203580764,0.12101472914218903
2024-05-09,GLD,CAUSAL_XGBOOST,0.2109423781468751,0.12351267039775848
2024-05-10,GLD,CAUSAL_XGBOOST,0.21158797248571082,0.12877587974071503
2024-05-13,GLD,CAUSAL_XGBOOST,0.20859042532174416,0.13262535631656647
2024-05-14,GLD,CAUSAL_XGBOOST,0.20631252105601203,0.13279081881046295
2024-05-15,GLD,CAUSAL_XGBOOST,0.20142319590731764,0.13599427044391632
2024-05-16,GLD,CAUSAL_XGBOOST,0.2078324387680854,0.13346438109874725
2024-05-17,GLD,CAUSAL_XGBOOST,0.19781137419565514,0.14361099898815155
2024-05-20,GLD,CAUSAL_XGBOOST,0.19780461482835654,0.13893628120422363
2024-05-21,GLD,CAUSAL_XGBOOST,0.20438320889200412,0.1289605349302292
2024-05-22,GLD,CAUSAL_XGBOOST,0.2013599578986911,0.15165935456752777
2024-05-23,GLD,CAUSAL_XGBOOST,0.1891243959700729,0.15974634885787964
2024-05-24,GLD,CAUSAL_XGBOOST,0.1898907696163,0.1607333868741989
2024-05-28,GLD,CAUSAL_XGBOOST,0.18794774322718574,0.14465762674808502
2024-05-29,GLD,CAUSAL_XGBOOST,0.1904769133082322,0.13338203728199005
2024-05-30,GLD,CAUSAL_XGBOOST,0.19031242167738904,0.1457463651895523
2024-05-31,GLD,CAUSAL_XGBOOST,0.18942910887413264,0.13004212081432343
2024-06-03,GLD,CAUSAL_XGBOOST,0.1865475380033046,0.12129347026348114
2024-06-04,GLD,CAUSAL_XGBOOST,0.1879431347370636,0.1200927123427391
2024-06-05,GLD,CAUSAL_XGBOOST,0.18930129657571743,0.11991216987371445
2024-06-06,GLD,CAUSAL_XGBOOST,0.19311475434428083,0.12026092410087585
2024-06-07,GLD,CAUSAL_XGBOOST,0.13837332340909486,0.10996609181165695
2024-06-10,GLD,CAUSAL_XGBOOST,0.13577396483852094,0.11035414785146713
2024-06-11,GLD,CAUSAL_XGBOOST,0.14749847744385877,0.11446192860603333
2024-06-12,GLD,CAUSAL_XGBOOST,0.14778865955178094,0.11281168460845947
2024-06-13,GLD,CAUSAL_XGBOOST,0.14291548543789523,0.11543134599924088
2024-06-14,GLD,CAUSAL_XGBOOST,0.15134562166070237,0.11563189327716827
2024-06-17,GLD,CAUSAL_XGBOOST,0.15096972308205495,0.12109656631946564
2024-06-18,GLD,CAUSAL_XGBOOST,0.15440130958006668,0.11475670337677002
2024-06-20,GLD,CAUSAL_XGBOOST,0.16558246743676722,0.10808202624320984
2024-06-21,GLD,CAUSAL_XGBOOST,0.15386326611038312,0.12395289540290833
2024-06-24,GLD,CAUSAL_XGBOOST,0.15378248096084124,0.12417430430650711
2024-06-25,GLD,CAUSAL_XGBOOST,0.15304007021118282,0.1232251226902008
2024-06-26,GLD,CAUSAL_XGBOOST,0.16073907492319175,0.1189461424946785
2024-06-27,GLD,CAUSAL_XGBOOST,0.1601116314522779,0.13079260289669037
2024-06-28,GLD,CAUSAL_XGBOOST,0.16034910428647262,0.1352049857378006
2024-07-01,GLD,CAUSAL_XGBOOST,0.16327418374300223,0.1375652253627777
2024-07-02,GLD,CAUSAL_XGBOOST,0.17308709075735312,0.13724470138549805
2024-07-03,GLD,CAUSAL_XGBOOST,0.17109796095198976,0.14075152575969696
2024-07-05,GLD,CAUSAL_XGBOOST,0.16582770614814593,0.14308062195777893
2024-07-08,GLD,CAUSAL_XGBOOST,0.16614687179218768,0.12925231456756592
2024-07-09,GLD,CAUSAL_XGBOOST,0.16914786179917224,0.1311255395412445
2024-07-10,GLD,CAUSAL_XGBOOST,0.16877092953045952,0.13300299644470215
2024-07-11,GLD,CAUSAL_XGBOOST,0.1661656074487226,0.1547304391860962
2024-07-12,GLD,CAUSAL_XGBOOST,0.16632912759978788,0.15273581445217133
2024-07-15,GLD,CAUSAL_XGBOOST,0.17639786178298467,0.1398400068283081
2024-07-16,GLD,CAUSAL_XGBOOST,0.16203666652429377,0.13720625638961792
2024-07-17,GLD,CAUSAL_XGBOOST,0.16384460300977258,0.1354462057352066
2024-07-18,GLD,CAUSAL_XGBOOST,0.16256980352936082,0.14161239564418793
2024-07-19,GLD,CAUSAL_XGBOOST,0.1650603661824982,0.13049444556236267
2024-07-22,GLD,CAUSAL_XGBOOST,0.16551134395746414,0.14818844199180603
2024-07-23,GLD,CAUSAL_XGBOOST,0.16552871549051032,0.1495663970708847
2024-07-24,GLD,CAUSAL_XGBOOST,0.16471623837146698,0.14751237630844116
2024-07-25,GLD,CAUSAL_XGBOOST,0.15976344847603624,0.14610810577869415
2024-07-26,GLD,CAUSAL_XGBOOST,0.1604723111569598,0.14379851520061493
2024-07-29,GLD,CAUSAL_XGBOOST,0.15980986312472098,0.1499282419681549
2024-07-30,GLD,CAUSAL_XGBOOST,0.15754030407709885,0.14612683653831482
2024-07-31,GLD,CAUSAL_XGBOOST,0.1495748710665663,0.150910884141922
2024-08-01,GLD,CAUSAL_XGBOOST,0.14919850705830612,0.15977753698825836
2024-08-02,GLD,CAUSAL_XGBOOST,0.15195351421227093,0.15731164813041687
2024-08-05,GLD,CAUSAL_XGBOOST,0.14434665140247915,0.19762864708900452
2024-08-06,GLD,CAUSAL_XGBOOST,0.13978592375113919,0.16696572303771973
2024-08-07,GLD,CAUSAL_XGBOOST,0.14099654842894668,0.167862206697464
2024-08-08,GLD,CAUSAL_XGBOOST,0.13651917925157275,0.16730262339115143
2024-08-09,GLD,CAUSAL_XGBOOST,0.13682816009606874,0.1645766943693161
2024-08-12,GLD,CAUSAL_XGBOOST,0.12472374385390259,0.16056400537490845
2024-08-13,GLD,CAUSAL_XGBOOST,0.1247390802602291,0.1635402888059616
2024-08-14,GLD,CAUSAL_XGBOOST,0.13281475185707153,0.16361674666404724
2024-08-15,GLD,CAUSAL_XGBOOST,0.13559074763461468,0.15905538201332092
2024-08-16,GLD,CAUSAL_XGBOOST,0.11422010077715149,0.14408649504184723
2024-08-19,GLD,CAUSAL_XGBOOST,0.11642737487408222,0.15424875915050507
2024-08-20,GLD,CAUSAL_XGBOOST,0.12023050964577932,0.15297161042690277
2024-08-21,GLD,CAUSAL_XGBOOST,0.1308054133833865,0.1515689492225647
2024-08-22,GLD,CAUSAL_XGBOOST,0.12618252002685218,0.15822196006774902
2024-08-23,GLD,CAUSAL_XGBOOST,0.1218650019591966,0.15122443437576294
2024-08-26,GLD,CAUSAL_XGBOOST,0.12867194544485414,0.15248431265354156
2024-08-27,GLD,CAUSAL_XGBOOST,0.1295190825308736,0.16081003844738007
2024-08-28,GLD,CAUSAL_XGBOOST,0.12462351658616841,0.15736950933933258
2024-08-29,GLD,CAUSAL_XGBOOST,0.13043550979109356,0.16067811846733093
2024-08-30,GLD,CAUSAL_XGBOOST,0.13133577116010584,0.16276997327804565
2024-09-03,GLD,CAUSAL_XGBOOST,0.13163490626741095,0.16026484966278076
2024-09-04,GLD,CAUSAL_XGBOOST,0.13174906675882372,0.14866586029529572
2024-09-05,GLD,CAUSAL_XGBOOST,0.13099806224031293,0.1400756686925888
2024-09-06,GLD,CAUSAL_XGBOOST,0.12674898611220553,0.14504605531692505
2024-09-09,GLD,CAUSAL_XGBOOST,0.12866512500811905,0.14555802941322327
2024-09-10,GLD,CAUSAL_XGBOOST,0.1332637319101569,0.14483807981014252
2024-09-11,GLD,CAUSAL_XGBOOST,0.13535858806241735,0.13725587725639343
2024-09-12,GLD,CAUSAL_XGBOOST,0.12425771063659104,0.14772282540798187
2024-09-13,GLD,CAUSAL_XGBOOST,0.125175848675199,0.14318501949310303
2024-09-16,GLD,CAUSAL_XGBOOST,0.1255394201835672,0.14791440963745117
2024-09-17,GLD,CAUSAL_XGBOOST,0.12304738889299219,0.13823901116847992
2024-09-18,GLD,CAUSAL_XGBOOST,0.1181911057470584,0.13317571580410004
2024-09-19,GLD,CAUSAL_XGBOOST,0.10878059453888717,0.1355985701084137
2024-09-20,GLD,CAUSAL_XGBOOST,0.10630405734891869,0.13361813127994537
2024-09-23,GLD,CAUSAL_XGBOOST,0.10654725858206725,0.1402260959148407
2024-09-24,GLD,CAUSAL_XGBOOST,0.10229576330743971,0.1424563229084015
2024-09-25,GLD,CAUSAL_XGBOOST,0.1129600687046684,0.13955466449260712
2024-09-26,GLD,CAUSAL_XGBOOST,0.11455110487986653,0.13345620036125183
2024-09-27,GLD,CAUSAL_XGBOOST,0.10936079154367015,0.14485390484333038
2024-09-30,GLD,CAUSAL_XGBOOST,0.10346228043525933,0.1460280418395996
2024-10-01,GLD,CAUSAL_XGBOOST,0.10389941394016813,0.14285223186016083
2024-10-02,GLD,CAUSAL_XGBOOST,0.10432093034440931,0.12202543020248413
2024-10-03,GLD,CAUSAL_XGBOOST,0.12204538124689555,0.1246635690331459
2024-10-04,GLD,CAUSAL_XGBOOST,0.12309907146476554,0.12690824270248413
2024-10-07,GLD,CAUSAL_XGBOOST,0.12173838729279832,0.13173024356365204
2024-10-08,GLD,CAUSAL_XGBOOST,0.11684799709181985,0.12261506915092468
2024-10-09,GLD,CAUSAL_XGBOOST,0.16419079874029285,0.12150658667087555
2024-10-10,GLD,CAUSAL_XGBOOST,0.17133048100360299,0.12259303778409958
2024-10-11,GLD,CAUSAL_XGBOOST,0.16984165328908696,0.12074165046215057
2024-10-15,GLD,CAUSAL_XGBOOST,0.19186257274031793,0.12263182550668716
2024-10-16,GLD,CAUSAL_XGBOOST,0.19289012897194988,0.13262829184532166
2024-10-17,GLD,CAUSAL_XGBOOST,0.19059992568351491,0.1319148987531662
2024-10-18,GLD,CAUSAL_XGBOOST,0.18440822199082588,0.12341620773077011
2024-10-21,GLD,CAUSAL_XGBOOST,0.19998555554015476,0.12033770233392715
2024-10-22,GLD,CAUSAL_XGBOOST,0.19854848972230793,0.12851238250732422
2024-10-23,GLD,CAUSAL_XGBOOST,0.19670452239165134,0.13180114328861237
2024-10-24,GLD,CAUSAL_XGBOOST,0.19710309859728528,0.13184501230716705
2024-10-25,GLD,CAUSAL_XGBOOST,0.20308624247906754,0.12389937788248062
2024-10-28,GLD,CAUSAL_XGBOOST,0.2279446450897847,0.12886156141757965
2024-10-29,GLD,CAUSAL_XGBOOST,0.22334269369226287,0.12862075865268707
2024-10-30,GLD,CAUSAL_XGBOOST,0.22206281480851184,0.13004079461097717
2024-10-31,GLD,CAUSAL_XGBOOST,0.22014286081254925,0.1414584219455719
2024-11-01,GLD,CAUSAL_XGBOOST,0.22147812455886018,0.1349499374628067
2024-11-04,GLD,CAUSAL_XGBOOST,0.22160173482849116,0.14191576838493347
2024-11-05,GLD,CAUSAL_XGBOOST,0.22180690496853933,0.13367345929145813
2024-11-06,GLD,CAUSAL_XGBOOST,0.19500165009878717,0.12397423386573792
2024-11-07,GLD,CAUSAL_XGBOOST,0.18507487403485073,0.1232626885175705
2024-11-08,GLD,CAUSAL_XGBOOST,0.1880164025983524,0.12667900323867798
2024-11-12,GLD,CAUSAL_XGBOOST,0.17058047537995186,0.12555605173110962
2024-11-13,GLD,CAUSAL_XGBOOST,0.1757543043426006,0.1258724331855774
2024-11-14,GLD,CAUSAL_XGBOOST,0.1822244340363367,0.12415705621242523
2024-11-15,GLD,CAUSAL_XGBOOST,0.1818285373920636,0.1272059828042984
2024-11-18,GLD,CAUSAL_XGBOOST,0.17100955593721173,0.13031591475009918
2024-11-19,GLD,CAUSAL_XGBOOST,0.18186907151199816,0.12937235832214355
2024-11-20,GLD,CAUSAL_XGBOOST,0.18050217212832897,0.12010922282934189
2024-11-21,GLD,CAUSAL_XGBOOST,0.1820700247655238,0.12182886153459549
2024-11-22,GLD,CAUSAL_XGBOOST,0.17501705492337033,0.12559999525547028
2024-11-25,GLD,CAUSAL_XGBOOST,0.14028972275142457,0.11356978118419647
2024-11-26,GLD,CAUSAL_XGBOOST,0.14228148210005945,0.12124340236186981
2024-11-27,GLD,CAUSAL_XGBOOST,0.1440830282003019,0.12007041275501251
2024-11-29,GLD,CAUSAL_XGBOOST,0.14032250214874797,0.1208316758275032
2024-12-02,GLD,CAUSAL_XGBOOST,0.13940549564198873,0.11733749508857727
2024-12-03,GLD,CAUSAL_XGBOOST,0.14761721320535973,0.12100598216056824
2024-12-04,GLD,CAUSAL_XGBOOST,0.15001657741866806,0.11642620712518692
2024-12-05,GLD,CAUSAL_XGBOOST,0.14767586792414056,0.11626502126455307
2024-12-06,GLD,CAUSAL_XGBOOST,0.14898720801763188,0.11514393985271454
2024-12-09,GLD,CAUSAL_XGBOOST,0.14595846640945714,0.11459791660308838
2024-12-10,GLD,CAUSAL_XGBOOST,0.14225586672395196,0.1266990303993225
2024-12-11,GLD,CAUSAL_XGBOOST,0.14169598796770771,0.12494399398565292
2024-12-12,GLD,CAUSAL_XGBOOST,0.13356402940492068,0.12026581913232803
2024-12-13,GLD,CAUSAL_XGBOOST,0.12800664207946547,0.13110439479351044
2024-12-16,GLD,CAUSAL_XGBOOST,0.1296683306533404,0.1300586313009262
2024-12-17,GLD,CAUSAL_XGBOOST,0.13052588457086572,0.13073056936264038
2024-12-18,GLD,CAUSAL_XGBOOST,0.11573968274743034,0.1311815083026886
2024-12-19,GLD,CAUSAL_XGBOOST,0.1158927960102723,0.12966017425060272
2024-12-20,GLD,CAUSAL_XGBOOST,0.1134724002957182,0.12432396411895752
2024-12-23,GLD,CAUSAL_XGBOOST,0.1109607030730083,0.11878009885549545
2024-12-24,GLD,CAUSAL_XGBOOST,0.12076863670835769,0.11627589911222458
2024-12-26,GLD,CAUSAL_XGBOOST,0.1218621209299904,0.11479216814041138
2024-12-27,GLD,CAUSAL_XGBOOST,0.11922140128251485,0.11925486475229263
2024-12-30,GLD,CAUSAL_XGBOOST,0.12492400721708863,0.11879180371761322
2024-12-31,GLD,CAUSAL_XGBOOST,0.12460592580976147,0.11873021721839905
2025-01-02,GLD,CAUSAL_XGBOOST,0.11897050473370015,0.11733520776033401
2025-01-03,GLD,CAUSAL_XGBOOST,0.11421217783107986,0.12553679943084717
2025-01-06,GLD,CAUSAL_XGBOOST,0.11294171489604149,0.13557206094264984
2025-01-07,GLD,CAUSAL_XGBOOST,0.11528857672914519,0.1204427033662796
2025-01-08,GLD,CAUSAL_XGBOOST,0.11532350378256492,0.12793892621994019
2025-01-10,GLD,CAUSAL_XGBOOST,0.12297088785269754,0.12589994072914124
2025-01-13,GLD,CAUSAL_XGBOOST,0.11527837393164173,0.1194949820637703
2025-01-14,GLD,CAUSAL_XGBOOST,0.11574773955624056,0.12104368209838867
2025-01-15,GLD,CAUSAL_XGBOOST,0.11697276476252479,0.12750519812107086
2025-01-16,GLD,CAUSAL_XGBOOST,0.1345730676151819,0.12370456755161285
2025-01-17,GLD,CAUSAL_XGBOOST,0.13873500693400853,0.12400943785905838
2025-01-21,GLD,CAUSAL_XGBOOST,0.13264402795124816,0.12379925698041916
2025-01-22,GLD,CAUSAL_XGBOOST,0.13285034908160806,0.1213080957531929
2025-01-23,GLD,CAUSAL_XGBOOST,0.1326368781934663,0.13305912911891937
2025-01-24,GLD,CAUSAL_XGBOOST,0.13242886572298163,0.1314743012189865
2025-01-27,GLD,CAUSAL_XGBOOST,0.1365772990060189,0.1252627819776535
2025-01-28,GLD,CAUSAL_XGBOOST,0.1350168807810297,0.12786537408828735
2025-01-29,GLD,CAUSAL_XGBOOST,0.14791966954140645,0.1293524205684662
2025-01-30,GLD,CAUSAL_XGBOOST,0.14238987929623345,0.12405430525541306
2025-01-31,GLD,CAUSAL_XGBOOST,0.14872765037970048,0.12102044373750687
2025-02-03,GLD,CAUSAL_XGBOOST,0.15031151263035905,0.12264806032180786
2025-02-04,GLD,CAUSAL_XGBOOST,0.14727738512376956,0.12159832566976547
2025-02-05,GLD,CAUSAL_XGBOOST,0.14779264829050756,0.12202270328998566
2025-02-06,GLD,CAUSAL_XGBOOST,0.14724467432536464,0.12828098237514496
2025-02-07,GLD,CAUSAL_XGBOOST,0.15116929479031138,0.13393178582191467
2025-02-10,GLD,CAUSAL_XGBOOST,0.1447442084141096,0.13251055777072906
2025-02-11,GLD,CAUSAL_XGBOOST,0.14473884685240573,0.13196010887622833
2025-02-12,GLD,CAUSAL_XGBOOST,0.15691257249041377,0.13133105635643005
2025-02-13,GLD,CAUSAL_XGBOOST,0.15372240411003443,0.1300031691789627
2025-02-14,GLD,CAUSAL_XGBOOST,0.14239184029329666,0.11890784651041031
2025-02-18,GLD,CAUSAL_XGBOOST,0.13679798471246593,0.12531697750091553
2025-02-19,GLD,CAUSAL_XGBOOST,0.1369890419452313,0.12719108164310455
2025-02-20,GLD,CAUSAL_XGBOOST,0.1373708903771409,0.11665596067905426
2025-02-21,GLD,CAUSAL_XGBOOST,0.14151993226509627,0.125045046210289
2025-02-24,GLD,CAUSAL_XGBOOST,0.14215541611754312,0.12017175555229187
2025-02-25,GLD,CAUSAL_XGBOOST,0.13224716180472013,0.12220995128154755
2025-02-26,GLD,CAUSAL_XGBOOST,0.13257513332804816,0.12063372135162354
2025-02-27,GLD,CAUSAL_XGBOOST,0.122371179834991,0.12624095380306244
2025-02-28,GLD,CAUSAL_XGBOOST,0.11798252708913577,0.1283528357744217
2025-03-03,GLD,CAUSAL_XGBOOST,0.11926725852580199,0.13348114490509033
2025-03-04,GLD,CAUSAL_XGBOOST,0.11956587123898336,0.13428707420825958
2025-03-05,GLD,CAUSAL_XGBOOST,0.11957001163182857,0.13586477935314178
2025-03-06,GLD,CAUSAL_XGBOOST,0.12051389317156534,0.14334717392921448
2025-03-07,GLD,CAUSAL_XGBOOST,0.1538371412969972,0.1386316567659378
2025-03-10,GLD,CAUSAL_XGBOOST,0.17174136438255072,0.16184405982494354
2025-03-11,GLD,CAUSAL_XGBOOST,0.16820272089743327,0.16131336987018585
2025-03-12,GLD,CAUSAL_XGBOOST,0.2095758562362875,0.15774351358413696
2025-03-13,GLD,CAUSAL_XGBOOST,0.2168838867782537,0.15329289436340332
2025-03-14,GLD,CAUSAL_XGBOOST,0.2237416972886681,0.1474619358778
2025-03-17,GLD,CAUSAL_XGBOOST,0.22626195600906562,0.15062104165554047
2025-03-18,GLD,CAUSAL_XGBOOST,0.22431971486820104,0.15250317752361298
2025-03-19,GLD,CAUSAL_XGBOOST,0.2467684267843171,0.1605157107114792
2025-03-20,GLD,CAUSAL_XGBOOST,0.2479798866539732,0.15577998757362366
2025-03-21,GLD,CAUSAL_XGBOOST,0.25986535976376707,0.15584218502044678
2025-03-24,GLD,CAUSAL_XGBOOST,0.26747759371258883,0.13304495811462402
2025-03-25,GLD,CAUSAL_XGBOOST,0.28798786096744056,0.12968778610229492
2025-03-26,GLD,CAUSAL_XGBOOST,0.28946327709864555,0.1361856758594513
2025-03-27,GLD,CAUSAL_XGBOOST,0.2930790144022197,0.13567104935646057
2025-03-28,GLD,CAUSAL_XGBOOST,0.29512456985799046,0.14277713000774384
2025-03-31,GLD,CAUSAL_XGBOOST,0.29661300513530214,0.14493408799171448
2025-04-01,GLD,CAUSAL_XGBOOST,0.2984922773321067,0.14532607793807983
2025-04-02,GLD,CAUSAL_XGBOOST,0.31017532003366555,0.145911306142807
2025-04-03,GLD,CAUSAL_XGBOOST,0.30885846111792276,0.19525066018104553
2025-04-04,GLD,CAUSAL_XGBOOST,0.30788605390156604,0.23030269145965576
2025-04-07,GLD,CAUSAL_XGBOOST,0.3016393066407567,0.21450068056583405
2025-04-08,GLD,CAUSAL_XGBOOST,0.31178644722596666,0.22042182087898254
2025-04-09,GLD,CAUSAL_XGBOOST,0.30318539566839314,0.2767605185508728
2025-04-10,GLD,CAUSAL_XGBOOST,0.2935398141316163,0.30994194746017456
2025-04-11,GLD,CAUSAL_XGBOOST,0.30630245972402353,0.2793550193309784
2025-04-14,GLD,CAUSAL_XGBOOST,0.3058577599786174,0.2670493423938751
2025-04-15,GLD,CAUSAL_XGBOOST,0.3148009877059678,0.267559677362442
2025-04-16,GLD,CAUSAL_XGBOOST,0.29718103215707237,0.2657601833343506
2025-04-17,GLD,CAUSAL_XGBOOST,0.2994222365988251,0.26419714093208313
2025-04-21,GLD,CAUSAL_XGBOOST,0.27996512328492923,0.18571606278419495
2025-04-22,GLD,CAUSAL_XGBOOST,0.28628653894811873,0.1828920692205429
2025-04-23,GLD,CAUSAL_XGBOOST,0.27427783250169396,0.18224883079528809
2025-04-24,GLD,CAUSAL_XGBOOST,0.27086556516903315,0.15324246883392334
2025-04-25,GLD,CAUSAL_XGBOOST,0.2793168164770922,0.1533309817314148
2025-04-28,GLD,CAUSAL_XGBOOST,0.28155119914549764,0.15488043427467346
2025-04-29,GLD,CAUSAL_XGBOOST,0.27960698531539996,0.1544887274503708
2025-04-30,GLD,CAUSAL_XGBOOST,0.27911771091495546,0.1525925248861313
2025-05-01,GLD,CAUSAL_XGBOOST,0.26904922445085505,0.15279652178287506
2025-05-02,GLD,CAUSAL_XGBOOST,0.2835731946809088,0.1457204967737198
2025-05-05,GLD,CAUSAL_XGBOOST,0.26699156877360675,0.15092404186725616
2025-05-06,GLD,CAUSAL_XGBOOST,0.24816692558446637,0.14662043750286102
2025-05-07,GLD,CAUSAL_XGBOOST,0.24295659164292766,0.14528927206993103
2025-05-08,GLD,CAUSAL_XGBOOST,0.2370903894393577,0.14322511851787567
2025-05-09,GLD,CAUSAL_XGBOOST,0.2362510680166406,0.13188602030277252
2025-05-12,GLD,CAUSAL_XGBOOST,0.21081835287953776,0.1415897160768509
2025-05-13,GLD,CAUSAL_XGBOOST,0.211062746448007,0.13882145285606384
2025-05-14,GLD,CAUSAL_XGBOOST,0.19625622147162503,0.14030088484287262
2025-05-15,GLD,CAUSAL_XGBOOST,0.19407907948194897,0.14201728999614716
2025-05-16,GLD,CAUSAL_XGBOOST,0.19650241254167647,0.13583317399024963
2025-05-19,GLD,CAUSAL_XGBOOST,0.19309989946636846,0.1367143839597702
2025-05-20,GLD,CAUSAL_XGBOOST,0.18499960305141955,0.13021701574325562
2025-05-21,GLD,CAUSAL_XGBOOST,0.18356100796697983,0.1256478726863861
2025-05-22,GLD,CAUSAL_XGBOOST,0.18014179275104092,0.12695349752902985
2025-05-23,GLD,CAUSAL_XGBOOST,0.17294693056640553,0.12533633410930634
2025-05-27,GLD,CAUSAL_XGBOOST,0.1618542841141585,0.1280294507741928
2025-05-28,GLD,CAUSAL_XGBOOST,0.16165004682249096,0.12800024449825287
2025-05-29,GLD,CAUSAL_XGBOOST,0.17328785407565533,0.12942886352539062
2025-05-30,GLD,CAUSAL_XGBOOST,0.17737406021897656,0.12784379720687866
2025-06-02,GLD,CAUSAL_XGBOOST,0.15255714808987472,0.12910526990890503
2025-06-03,GLD,CAUSAL_XGBOOST,0.15081094523826669,0.1314227283000946
2025-06-04,GLD,CAUSAL_XGBOOST,0.15073601804152986,0.12909923493862152
2025-06-05,GLD,CAUSAL_XGBOOST,0.14986734400098264,0.13001012802124023
2025-06-06,GLD,CAUSAL_XGBOOST,0.14670277325864228,0.12867006659507751
2025-06-09,GLD,CAUSAL_XGBOOST,0.1465968644708784,0.12919962406158447
2025-06-10,GLD,CAUSAL_XGBOOST,0.1468393314529522,0.1369200199842453
2025-06-11,GLD,CAUSAL_XGBOOST,0.1496134126344665,0.13408859074115753
2025-06-12,GLD,CAUSAL_XGBOOST,0.14291334031577999,0.13006550073623657
2025-06-13,GLD,CAUSAL_XGBOOST,0.13380509820822753,0.1293870359659195
2025-06-16,GLD,CAUSAL_XGBOOST,0.12663215406777834,0.13254113495349884
2025-06-17,GLD,CAUSAL_XGBOOST,0.12668747902850946,0.1364193707704544
2025-06-18,GLD,CAUSAL_XGBOOST,0.12593241201210958,0.13124671578407288
2025-06-20,GLD,CAUSAL_XGBOOST,0.13749627098140324,0.13742850720882416
2025-06-23,GLD,CAUSAL_XGBOOST,0.14090648938791886,0.13521116971969604
2025-06-24,GLD,CAUSAL_XGBOOST,0.13605662455097475,0.1341279000043869
2025-06-25,GLD,CAUSAL_XGBOOST,0.1380899172331176,0.13199375569820404
2025-06-26,GLD,CAUSAL_XGBOOST,0.1423527899678634,0.13297736644744873
2025-06-27,GLD,CAUSAL_XGBOOST,0.12752678819472152,0.1343143731355667
2025-06-30,GLD,CAUSAL_XGBOOST,0.12080136274825821,0.13429535925388336
2025-07-01,GLD,CAUSAL_XGBOOST,0.1314394449306785,0.13575153052806854
2025-07-02,GLD,CAUSAL_XGBOOST,0.13223562246625772,0.1379980742931366
2025-07-03,GLD,CAUSAL_XGBOOST,0.1499134625411716,0.14017492532730103
2025-07-07,GLD,CAUSAL_XGBOOST,0.15117509821254488,0.14169922471046448
2025-07-08,GLD,CAUSAL_XGBOOST,0.14541085016848487,0.14324583113193512
2025-07-09,GLD,CAUSAL_XGBOOST,0.14529312921470178,0.15931062400341034
2025-07-10,GLD,CAUSAL_XGBOOST,0.14772651047601532,0.1576499342918396
2025-07-11,GLD,CAUSAL_XGBOOST,0.14435765414826407,0.1532350480556488
2025-07-14,GLD,CAUSAL_XGBOOST,0.1534421950267135,0.15772530436515808
2025-07-15,GLD,CAUSAL_XGBOOST,0.1526788546267393,0.15657012164592743
2025-07-16,GLD,CAUSAL_XGBOOST,0.1520387137402754,0.14858800172805786
2025-07-17,GLD,CAUSAL_XGBOOST,0.15360580715398847,0.1512100100517273
2025-07-18,GLD,CAUSAL_XGBOOST,0.15331068991017416,0.1511559933423996
2025-07-21,GLD,CAUSAL_XGBOOST,0.14210449170525533,0.1510467529296875
2025-07-22,GLD,CAUSAL_XGBOOST,0.13736355617970797,0.14567558467388153
2025-07-23,GLD,CAUSAL_XGBOOST,0.1373105017953379,0.13670390844345093
2025-07-24,GLD,CAUSAL_XGBOOST,0.13621175066203464,0.14077165722846985
2025-07-25,GLD,CAUSAL_XGBOOST,0.1374916631175363,0.1335659921169281
2025-07-28,GLD,CAUSAL_XGBOOST,0.13548198067467618,0.13729062676429749
2025-07-29,GLD,CAUSAL_XGBOOST,0.13729826185567617,0.13129809498786926
2025-07-30,GLD,CAUSAL_XGBOOST,0.11891604569580963,0.12325640767812729
2025-07-31,GLD,CAUSAL_XGBOOST,0.11934996233329968,0.12520624697208405
2025-08-01,GLD,CAUSAL_XGBOOST,0.10286796574720104,0.12985195219516754
2025-08-04,GLD,CAUSAL_XGBOOST,0.12847868696423942,0.124053455889225
2025-08-05,GLD,CAUSAL_XGBOOST,0.12978742997661746,0.12985451519489288
2025-08-06,GLD,CAUSAL_XGBOOST,0.13116418955787734,0.13484342396259308
2025-08-07,GLD,CAUSAL_XGBOOST,0.13511438780294716,0.13256865739822388
2025-08-08,GLD,CAUSAL_XGBOOST,0.13789376775316164,0.127580925822258
2025-08-11,GLD,CAUSAL_XGBOOST,0.12294479239582715,0.13446934521198273
2025-08-12,GLD,CAUSAL_XGBOOST,0.12160670384155955,0.1331753432750702
2025-08-13,GLD,CAUSAL_XGBOOST,0.12323230669547841,0.13264073431491852
2025-08-14,GLD,CAUSAL_XGBOOST,0.11738125130022435,0.13685695827007294
2025-08-15,GLD,CAUSAL_XGBOOST,0.11830245248840646,0.13352590799331665
2025-08-18,GLD,CAUSAL_XGBOOST,0.11639048418536713,0.1389344185590744
2025-08-19,GLD,CAUSAL_XGBOOST,0.1193396147767504,0.13595964014530182
2025-08-20,GLD,CAUSAL_XGBOOST,0.12175608932127423,0.12734295427799225
2025-08-21,GLD,CAUSAL_XGBOOST,0.12014320037629866,0.13341481983661652
2025-08-22,GLD,CAUSAL_XGBOOST,0.12631112916128928,0.14113099873065948
2025-08-25,GLD,CAUSAL_XGBOOST,0.1231373206537283,0.14273835718631744
2025-08-26,GLD,CAUSAL_XGBOOST,0.1334632119513387,0.13993291556835175
2025-08-27,GLD,CAUSAL_XGBOOST,0.13309331323822998,0.13687744736671448
2025-08-28,GLD,CAUSAL_XGBOOST,0.13280976285404592,0.13315393030643463
2025-08-29,GLD,CAUSAL_XGBOOST,0.13811560987786806,0.13357870280742645
2025-09-02,GLD,CAUSAL_XGBOOST,0.12112102996299702,0.1359398066997528
2025-09-03,GLD,CAUSAL_XGBOOST,0.12081145852935031,0.1306781768798828
2025-09-04,GLD,CAUSAL_XGBOOST,0.11997690752893196,0.13450433313846588
2025-09-05,GLD,CAUSAL_XGBOOST,0.11605710785841644,0.12524744868278503
2025-09-08,GLD,CAUSAL_XGBOOST,0.1249130819469668,0.13158969581127167
2025-09-09,GLD,CAUSAL_XGBOOST,0.12254417522989657,0.13183745741844177
2025-09-10,GLD,CAUSAL_XGBOOST,0.1293369526274724,0.11806126683950424
2025-09-11,GLD,CAUSAL_XGBOOST,0.1532517222857177,0.11957129091024399
2025-09-12,GLD,CAUSAL_XGBOOST,0.15424353276731867,0.12269191443920135
2025-09-15,GLD,CAUSAL_XGBOOST,0.16780359323189173,0.12473554164171219
2025-09-16,GLD,CAUSAL_XGBOOST,0.167383888370343,0.12388908118009567
2025-09-17,GLD,CAUSAL_XGBOOST,0.16413401103969202,0.12380024790763855
2025-09-18,GLD,CAUSAL_XGBOOST,0.16825158851356387,0.12323738634586334
2025-09-19,GLD,CAUSAL_XGBOOST,0.19382207987328456,0.12274700403213501
2025-09-22,GLD,CAUSAL_XGBOOST,0.2168158852957304,0.13831108808517456
2025-09-23,GLD,CAUSAL_XGBOOST,0.34142176909869815,0.13586607575416565
2025-09-24,GLD,CAUSAL_XGBOOST,0.3381916481020895,0.13635429739952087
2025-09-25,GLD,CAUSAL_XGBOOST,0.3381956975698276,0.135065957903862
2025-09-26,GLD,CAUSAL_XGBOOST,0.3393666458727919,0.13929104804992676
2025-09-29,GLD,CAUSAL_XGBOOST,0.35482917355941135,0.15142667293548584
2025-09-30,GLD,CAUSAL_XGBOOST,0.35540029365665565,0.16164928674697876
2025-10-01,GLD,CAUSAL_XGBOOST,0.3558435461164358,0.1464053839445114
2025-10-02,GLD,CAUSAL_XGBOOST,0.3613067095864003,0.1496749222278595
2025-10-03,GLD,CAUSAL_XGBOOST,0.3615546597832176,0.15467830002307892
2025-10-06,GLD,CAUSAL_XGBOOST,0.3558070741398997,0.15155600011348724
2025-10-07,GLD,CAUSAL_XGBOOST,0.3611200236248878,0.15744195878505707
2025-10-08,GLD,CAUSAL_XGBOOST,0.3585072222472645,0.15478847920894623
2025-10-09,GLD,CAUSAL_XGBOOST,0.35228750022717353,0.16336356103420258
2025-10-10,GLD,CAUSAL_XGBOOST,0.351084132215319,0.14229796826839447
2025-10-14,GLD,CAUSAL_XGBOOST,0.35326571995286743,0.13507910072803497
2025-10-15,GLD,CAUSAL_XGBOOST,0.3525100102820834,0.1542978435754776
2025-10-16,GLD,CAUSAL_XGBOOST,0.34242023876752353,0.14695902168750763
2025-10-17,GLD,CAUSAL_XGBOOST,0.34190748408920574,0.1508711576461792
2025-10-20,GLD,CAUSAL_XGBOOST,0.31319088715910975,0.1356101930141449
2025-10-21,GLD,CAUSAL_XGBOOST,0.21120864106573933,0.13186970353126526
2025-10-22,GLD,CAUSAL_XGBOOST,0.2113246019207162,0.13443121314048767
2025-10-23,GLD,CAUSAL_XGBOOST,0.2107138935278594,0.13495412468910217
2025-10-24,GLD,CAUSAL_XGBOOST,0.21048866460724328,0.1347007006406784
2025-10-27,GLD,CAUSAL_XGBOOST,0.1903490235719916,0.13716131448745728
2025-10-28,GLD,CAUSAL_XGBOOST,0.18760252833968413,0.13876000046730042
2025-10-29,GLD,CAUSAL_XGBOOST,0.18733858541383647,0.14225679636001587
2025-10-30,GLD,CAUSAL_XGBOOST,0.18048406526977656,0.13903753459453583
2025-10-31,GLD,CAUSAL_XGBOOST,0.17827274827827533,0.13656967878341675
2025-11-03,GLD,CAUSAL_XGBOOST,0.18130642289684099,0.1471376121044159
2025-11-04,GLD,CAUSAL_XGBOOST,0.16574286253976153,0.14186351001262665
2025-11-05,GLD,CAUSAL_XGBOOST,0.16306039092854685,0.14472995698451996
2025-11-06,GLD,CAUSAL_XGBOOST,0.16326003332310057,0.15472620725631714
2025-11-07,GLD,CAUSAL_XGBOOST,0.16379918604325247,0.1589973270893097
2025-11-10,GLD,CAUSAL_XGBOOST,0.13611575369825113,0.1589462161064148
2025-11-12,GLD,CAUSAL_XGBOOST,0.12974873076114854,0.15032432973384857
2025-11-13,GLD,CAUSAL_XGBOOST,0.1261409745497854,0.15803560614585876
2025-11-14,GLD,CAUSAL_XGBOOST,0.1022803351510027,0.1613204926252365
2025-11-17,GLD,CAUSAL_XGBOOST,0.08834615066102976,0.14545094966888428
2025-11-18,GLD,CAUSAL_XGBOOST,0.08926831998779179,0.152592271566391
2025-11-19,GLD,CAUSAL_XGBOOST,0.09089955483446654,0.14531433582305908
2025-11-20,GLD,CAUSAL_XGBOOST,0.09034372355266981,0.1421072632074356
2025-11-21,GLD,CAUSAL_XGBOOST,0.11235339019442633,0.15963156521320343
2025-11-24,GLD,CAUSAL_XGBOOST,0.10924515251474916,0.15952077507972717
2025-11-25,GLD,CAUSAL_XGBOOST,0.11215595963472991,0.15905961394309998
2025-11-26,GLD,CAUSAL_XGBOOST,0.11457365156336435,0.16168619692325592
2025-11-28,GLD,CAUSAL_XGBOOST,0.2038950670671636,0.1530309021472931
2025-12-01,GLD,CAUSAL_XGBOOST,0.203494415665193,0.15635092556476593
2025-12-02,GLD,CAUSAL_XGBOOST,0.20350840619635732,0.15626467764377594
2025-12-03,GLD,CAUSAL_XGBOOST,0.2037804847025641,0.16914929449558258
2025-12-04,GLD,CAUSAL_XGBOOST,0.22151136432150112,0.16612029075622559
2025-12-05,GLD,CAUSAL_XGBOOST,0.22260012133479837,0.17337650060653687
2025-12-08,GLD,CAUSAL_XGBOOST,0.22642384257601017,0.18522058427333832
2025-12-09,GLD,CAUSAL_XGBOOST,0.2264756736548183,0.19045449793338776
2025-12-10,GLD,CAUSAL_XGBOOST,0.22693417924568973,0.17084509134292603
2025-12-11,GLD,CAUSAL_XGBOOST,0.23203919961555997,0.17244575917720795
2025-12-12,GLD,CAUSAL_XGBOOST,0.23256004579655384,0.1660512536764145
2025-12-15,GLD,CAUSAL_XGBOOST,0.2336676276896519,0.18004053831100464
2025-12-16,GLD,CAUSAL_XGBOOST,0.23599668089540413,0.1813991814851761
2025-12-17,GLD,CAUSAL_XGBOOST,0.2368642757786476,0.17831949889659882
2025-12-18,GLD,CAUSAL_XGBOOST,0.2656661249999886,0.16966217756271362
2025-12-19,GLD,CAUSAL_XGBOOST,0.267546191171409,0.16466961801052094
2025-12-22,GLD,CAUSAL_XGBOOST,0.2640748978854899,0.1663675308227539
2025-12-23,GLD,CAUSAL_XGBOOST,0.2642782423821694,0.16557441651821136
2025-12-24,GLD,CAUSAL_XGBOOST,0.2639312460046464,0.16069243848323822
2025-12-26,GLD,CAUSAL_XGBOOST,0.27117943921170035,0.164065882563591
2025-12-29,GLD,CAUSAL_XGBOOST,0.21763388840649375,0.17484264075756073
2025-12-30,GLD,CAUSAL_XGBOOST,0.2165316444624226,0.1810724437236786
2025-12-31,GLD,CAUSAL_XGBOOST,0.4740791630944094,0.17636017501354218
2023-12-28,DBC,CAUSAL_XGBOOST,0.11933869054682526,0.17280402779579163
2023-12-29,DBC,CAUSAL_XGBOOST,0.1189798862396259,0.17747727036476135
2024-01-02,DBC,CAUSAL_XGBOOST,0.1218789425046417,0.15098057687282562
2024-01-03,DBC,CAUSAL_XGBOOST,0.12231206153676225,0.14899581670761108
2024-01-04,DBC,CAUSAL_XGBOOST,0.1274331622888782,0.15557356178760529
2024-01-05,DBC,CAUSAL_XGBOOST,0.12697762420220976,0.15472641587257385
2024-01-08,DBC,CAUSAL_XGBOOST,0.11626793576547614,0.15597841143608093
2024-01-09,DBC,CAUSAL_XGBOOST,0.11448306681930043,0.15586921572685242
2024-01-10,DBC,CAUSAL_XGBOOST,0.11266046158727779,0.15465207397937775
2024-01-11,DBC,CAUSAL_XGBOOST,0.11032888675518512,0.15433864295482635
2024-01-12,DBC,CAUSAL_XGBOOST,0.10975794945150463,0.15287484228610992
2024-01-16,DBC,CAUSAL_XGBOOST,0.10709206368001285,0.152572363615036
2024-01-17,DBC,CAUSAL_XGBOOST,0.1128583133767243,0.15376892685890198
2024-01-18,DBC,CAUSAL_XGBOOST,0.11079478913172768,0.14937447011470795
2024-01-19,DBC,CAUSAL_XGBOOST,0.11085507802283813,0.14348915219306946
2024-01-22,DBC,CAUSAL_XGBOOST,0.11159571430186681,0.14914540946483612
2024-01-23,DBC,CAUSAL_XGBOOST,0.11078921720740721,0.14829935133457184
2024-01-24,DBC,CAUSAL_XGBOOST,0.1064432403058424,0.14798292517662048
2024-01-25,DBC,CAUSAL_XGBOOST,0.11270291026439797,0.14865165948867798
2024-01-26,DBC,CAUSAL_XGBOOST,0.1172900300226029,0.1363012194633484
2024-01-29,DBC,CAUSAL_XGBOOST,0.11863410860631117,0.12803806364536285
2024-01-30,DBC,CAUSAL_XGBOOST,0.11588736429584359,0.12393300235271454
2024-01-31,DBC,CAUSAL_XGBOOST,0.1103911865434082,0.13979001343250275
2024-02-01,DBC,CAUSAL_XGBOOST,0.10347745768079371,0.1334277093410492
2024-02-02,DBC,CAUSAL_XGBOOST,0.09456082670883098,0.13336528837680817
2024-02-05,DBC,CAUSAL_XGBOOST,0.09831935660653265,0.12366233766078949
2024-02-06,DBC,CAUSAL_XGBOOST,0.10163834608384406,0.12232279777526855
2024-02-07,DBC,CAUSAL_XGBOOST,0.1008647753415451,0.12273330986499786
2024-02-08,DBC,CAUSAL_XGBOOST,0.09974582232985497,0.12620721757411957
2024-02-09,DBC,CAUSAL_XGBOOST,0.10395374477536612,0.12697601318359375
2024-02-12,DBC,CAUSAL_XGBOOST,0.10445857744545688,0.1280452162027359
2024-02-13,DBC,CAUSAL_XGBOOST,0.11266526317927493,0.12993013858795166
2024-02-14,DBC,CAUSAL_XGBOOST,0.10563259852828465,0.13661320507526398
2024-02-15,DBC,CAUSAL_XGBOOST,0.10581776561994274,0.13911022245883942
2024-02-16,DBC,CAUSAL_XGBOOST,0.1090702184999157,0.1393240988254547
2024-02-20,DBC,CAUSAL_XGBOOST,0.1058669269483733,0.14572745561599731
2024-02-21,DBC,CAUSAL_XGBOOST,0.10706439544820283,0.15053877234458923
2024-02-22,DBC,CAUSAL_XGBOOST,0.10766123230172817,0.13913531601428986
2024-02-23,DBC,CAUSAL_XGBOOST,0.09492885438786347,0.13678883016109467
2024-02-26,DBC,CAUSAL_XGBOOST,0.09416601286240614,0.13390222191810608
2024-02-27,DBC,CAUSAL_XGBOOST,0.09812274937333947,0.12308865040540695
2024-02-28,DBC,CAUSAL_XGBOOST,0.09641309645958694,0.12074590474367142
2024-02-29,DBC,CAUSAL_XGBOOST,0.10236127961092158,0.12141991406679153
2024-03-01,DBC,CAUSAL_XGBOOST,0.10228674007325873,0.12069088220596313
2024-03-04,DBC,CAUSAL_XGBOOST,0.10514632152946504,0.13173764944076538
2024-03-05,DBC,CAUSAL_XGBOOST,0.10307151912894502,0.13378003239631653
2024-03-06,DBC,CAUSAL_XGBOOST,0.1015899454171739,0.13062359392642975
2024-03-07,DBC,CAUSAL_XGBOOST,0.10179283409713848,0.12907762825489044
2024-03-08,DBC,CAUSAL_XGBOOST,0.0999470169873577,0.1308024823665619
2024-03-11,DBC,CAUSAL_XGBOOST,0.10278962538603109,0.13273201882839203
2024-03-12,DBC,CAUSAL_XGBOOST,0.10105096053189098,0.12872855365276337
2024-03-13,DBC,CAUSAL_XGBOOST,0.09401653618165426,0.11555870622396469
2024-03-14,DBC,CAUSAL_XGBOOST,0.09404461063782443,0.11678214371204376
2024-03-15,DBC,CAUSAL_XGBOOST,0.0939786123163193,0.11220895498991013
2024-03-18,DBC,CAUSAL_XGBOOST,0.09102962539384195,0.11392400413751602
2024-03-19,DBC,CAUSAL_XGBOOST,0.10978589393976156,0.11137361824512482
2024-03-20,DBC,CAUSAL_XGBOOST,0.1091501618567506,0.11473019421100616
2024-03-21,DBC,CAUSAL_XGBOOST,0.10959946771018099,0.11976370215415955
2024-03-22,DBC,CAUSAL_XGBOOST,0.10533937118670963,0.11866281926631927
2024-03-25,DBC,CAUSAL_XGBOOST,0.10283997238701004,0.12346015125513077
2024-03-26,DBC,CAUSAL_XGBOOST,0.09747201103929044,0.11868815124034882
2024-03-27,DBC,CAUSAL_XGBOOST,0.09786101669316573,0.11596139520406723
2024-03-28,DBC,CAUSAL_XGBOOST,0.09079017443170657,0.11610468477010727
2024-04-01,DBC,CAUSAL_XGBOOST,0.090273955955431,0.11228080838918686
2024-04-02,DBC,CAUSAL_XGBOOST,0.09799361375206077,0.11227519810199738
2024-04-03,DBC,CAUSAL_XGBOOST,0.10084742167148206,0.11692889779806137
2024-04-04,DBC,CAUSAL_XGBOOST,0.10136071935475827,0.11165275424718857
2024-04-05,DBC,CAUSAL_XGBOOST,0.09914138092597785,0.11626001447439194
2024-04-08,DBC,CAUSAL_XGBOOST,0.10871041215589548,0.11672787368297577
2024-04-09,DBC,CAUSAL_XGBOOST,0.10728510400063812,0.11125636845827103
2024-04-10,DBC,CAUSAL_XGBOOST,0.10631036388265953,0.13222450017929077
2024-04-11,DBC,CAUSAL_XGBOOST,0.10769804839398389,0.13862456381320953
2024-04-12,DBC,CAUSAL_XGBOOST,0.10746418589075703,0.15109796822071075
2024-04-15,DBC,CAUSAL_XGBOOST,0.11038531281644606,0.15612287819385529
2024-04-16,DBC,CAUSAL_XGBOOST,0.11108013540593277,0.1593213677406311
2024-04-17,DBC,CAUSAL_XGBOOST,0.09685226616318093,0.14617091417312622
2024-04-18,DBC,CAUSAL_XGBOOST,0.09719585676005961,0.14420709013938904
2024-04-19,DBC,CAUSAL_XGBOOST,0.10228961291705298,0.151839941740036
2024-04-22,DBC,CAUSAL_XGBOOST,0.10634367788487802,0.14902037382125854
2024-04-23,DBC,CAUSAL_XGBOOST,0.10715024230298825,0.14567817747592926
2024-04-24,DBC,CAUSAL_XGBOOST,0.11955149407751861,0.13964806497097015
2024-04-25,DBC,CAUSAL_XGBOOST,0.11893018073995446,0.1391267031431198
2024-04-26,DBC,CAUSAL_XGBOOST,0.12175251795381935,0.13925449550151825
2024-04-29,DBC,CAUSAL_XGBOOST,0.13743041990090585,0.14252722263336182
2024-04-30,DBC,CAUSAL_XGBOOST,0.13469938944358362,0.14164726436138153
2024-05-01,DBC,CAUSAL_XGBOOST,0.1325062927565077,0.130287304520607
2024-05-02,DBC,CAUSAL_XGBOOST,0.13351586993343786,0.13920040428638458
2024-05-03,DBC,CAUSAL_XGBOOST,0.14324186430154018,0.1454763561487198
2024-05-06,DBC,CAUSAL_XGBOOST,0.14034532960786905,0.1388934999704361
2024-05-07,DBC,CAUSAL_XGBOOST,0.14143748620732366,0.1446562260389328
2024-05-08,DBC,CAUSAL_XGBOOST,0.14928955937295568,0.146521657705307
2024-05-09,DBC,CAUSAL_XGBOOST,0.15642829895573485,0.15036126971244812
2024-05-10,DBC,CAUSAL_XGBOOST,0.16591057903215198,0.145150288939476
2024-05-13,DBC,CAUSAL_XGBOOST,0.1639455688298415,0.14166031777858734
2024-05-14,DBC,CAUSAL_XGBOOST,0.16406783034324487,0.14507164061069489
2024-05-15,DBC,CAUSAL_XGBOOST,0.1635256195246982,0.14789065718650818
2024-05-16,DBC,CAUSAL_XGBOOST,0.16350926201007404,0.14425691962242126
2024-05-17,DBC,CAUSAL_XGBOOST,0.15918053554936096,0.14755482971668243
2024-05-20,DBC,CAUSAL_XGBOOST,0.15865859892246303,0.14182254672050476
2024-05-21,DBC,CAUSAL_XGBOOST,0.15868206710170915,0.14133308827877045
2024-05-22,DBC,CAUSAL_XGBOOST,0.15311971534625182,0.14197947084903717
2024-05-23,DBC,CAUSAL_XGBOOST,0.15515843113594951,0.1465778350830078
2024-05-24,DBC,CAUSAL_XGBOOST,0.1565013225381127,0.14651983976364136
2024-05-28,DBC,CAUSAL_XGBOOST,0.14103259225237746,0.14268425107002258
2024-05-29,DBC,CAUSAL_XGBOOST,0.1387865658428522,0.138397678732872
2024-05-30,DBC,CAUSAL_XGBOOST,0.13165589639354433,0.14499297738075256
2024-05-31,DBC,CAUSAL_XGBOOST,0.13844753263775675,0.14041616022586823
2024-06-03,DBC,CAUSAL_XGBOOST,0.1268612823280558,0.1405927687883377
2024-06-04,DBC,CAUSAL_XGBOOST,0.12015251475226209,0.14189904928207397
2024-06-05,DBC,CAUSAL_XGBOOST,0.12019917984897222,0.13907146453857422
2024-06-06,DBC,CAUSAL_XGBOOST,0.12508187321654546,0.1401776224374771
2024-06-07,DBC,CAUSAL_XGBOOST,0.11541790747359397,0.1356697976589203
2024-06-10,DBC,CAUSAL_XGBOOST,0.10432276165090769,0.13289566338062286
2024-06-11,DBC,CAUSAL_XGBOOST,0.1046186292732601,0.13343650102615356
2024-06-12,DBC,CAUSAL_XGBOOST,0.10526894089208054,0.13770803809165955
2024-06-13,DBC,CAUSAL_XGBOOST,0.10867016317692736,0.14088371396064758
2024-06-14,DBC,CAUSAL_XGBOOST,0.10816447948303187,0.1422189176082611
2024-06-17,DBC,CAUSAL_XGBOOST,0.10738103460616799,0.13921940326690674
2024-06-18,DBC,CAUSAL_XGBOOST,0.10549614409512865,0.138292133808136
2024-06-20,DBC,CAUSAL_XGBOOST,0.11385212866749456,0.13909363746643066
2024-06-21,DBC,CAUSAL_XGBOOST,0.11225498785083246,0.14302778244018555
2024-06-24,DBC,CAUSAL_XGBOOST,0.11000819308660202,0.14608526229858398
2024-06-25,DBC,CAUSAL_XGBOOST,0.10661466183262781,0.14591076970100403
2024-06-26,DBC,CAUSAL_XGBOOST,0.10684019302455335,0.14002907276153564
2024-06-27,DBC,CAUSAL_XGBOOST,0.1079078793700652,0.144476056098938
2024-06-28,DBC,CAUSAL_XGBOOST,0.10795984815861788,0.1426175981760025
2024-07-01,DBC,CAUSAL_XGBOOST,0.09173342265006248,0.14348167181015015
2024-07-02,DBC,CAUSAL_XGBOOST,0.12976849321090125,0.1470501720905304
2024-07-03,DBC,CAUSAL_XGBOOST,0.13101845682253363,0.14278621971607208
2024-07-05,DBC,CAUSAL_XGBOOST,0.1393875944025655,0.1417304277420044
2024-07-08,DBC,CAUSAL_XGBOOST,0.13501069702680932,0.1415552794933319
2024-07-09,DBC,CAUSAL_XGBOOST,0.13556777079062135,0.14639203250408173
2024-07-10,DBC,CAUSAL_XGBOOST,0.14254393468084908,0.1456097811460495
2024-07-11,DBC,CAUSAL_XGBOOST,0.14735246400776214,0.14103180170059204
2024-07-12,DBC,CAUSAL_XGBOOST,0.15049200960056602,0.13819822669029236
2024-07-15,DBC,CAUSAL_XGBOOST,0.15975256451450312,0.14505523443222046
2024-07-16,DBC,CAUSAL_XGBOOST,0.16226212958495204,0.13678216934204102
2024-07-17,DBC,CAUSAL_XGBOOST,0.1629485519587517,0.1513466089963913
2024-07-18,DBC,CAUSAL_XGBOOST,0.16535624190951917,0.14609257876873016
2024-07-19,DBC,CAUSAL_XGBOOST,0.159991683987426,0.14028942584991455
2024-07-22,DBC,CAUSAL_XGBOOST,0.16022843451173624,0.126185804605484
2024-07-23,DBC,CAUSAL_XGBOOST,0.15778161155974885,0.12764112651348114
2024-07-24,DBC,CAUSAL_XGBOOST,0.15841266996562794,0.12770670652389526
2024-07-25,DBC,CAUSAL_XGBOOST,0.1579037718301093,0.1205558329820633
2024-07-26,DBC,CAUSAL_XGBOOST,0.16780508307021863,0.12649084627628326
2024-07-29,DBC,CAUSAL_XGBOOST,0.17066933973622603,0.1224522814154625
2024-07-30,DBC,CAUSAL_XGBOOST,0.171312533446384,0.1275876760482788
2024-07-31,DBC,CAUSAL_XGBOOST,0.15561272670370002,0.13380680978298187
2024-08-01,DBC,CAUSAL_XGBOOST,0.15576531033137134,0.1727989912033081
2024-08-02,DBC,CAUSAL_XGBOOST,0.1460116636630571,0.18284989893436432
2024-08-05,DBC,CAUSAL_XGBOOST,0.16322985898450548,0.2367662787437439
2024-08-06,DBC,CAUSAL_XGBOOST,0.16271177779025686,0.24297508597373962
2024-08-07,DBC,CAUSAL_XGBOOST,0.15913945811234617,0.22533315420150757
2024-08-08,DBC,CAUSAL_XGBOOST,0.16086368266983941,0.26057010889053345
2024-08-09,DBC,CAUSAL_XGBOOST,0.15927255614136981,0.2634193003177643
2024-08-12,DBC,CAUSAL_XGBOOST,0.15360739757084688,0.24269576370716095
2024-08-13,DBC,CAUSAL_XGBOOST,0.15798863640245797,0.28191420435905457
2024-08-14,DBC,CAUSAL_XGBOOST,0.17485321601417472,0.2587144374847412
2024-08-15,DBC,CAUSAL_XGBOOST,0.1718082387377391,0.24223409593105316
2024-08-16,DBC,CAUSAL_XGBOOST,0.17365708058852034,0.20777972042560577
2024-08-19,DBC,CAUSAL_XGBOOST,0.17486694736390404,0.18613062798976898
2024-08-20,DBC,CAUSAL_XGBOOST,0.17572471005510734,0.2043677717447281
2024-08-21,DBC,CAUSAL_XGBOOST,0.18600051094061235,0.16987957060337067
2024-08-22,DBC,CAUSAL_XGBOOST,0.18592046415710053,0.15919481217861176
2024-08-23,DBC,CAUSAL_XGBOOST,0.1749039498030417,0.1698089987039566
2024-08-26,DBC,CAUSAL_XGBOOST,0.18107829586659013,0.18288739025592804
2024-08-27,DBC,CAUSAL_XGBOOST,0.18283995443568515,0.17035220563411713
2024-08-28,DBC,CAUSAL_XGBOOST,0.18036092268656584,0.1674865186214447
2024-08-29,DBC,CAUSAL_XGBOOST,0.17660240949356715,0.15683522820472717
2024-08-30,DBC,CAUSAL_XGBOOST,0.1718895036133786,0.14856936037540436
2024-09-03,DBC,CAUSAL_XGBOOST,0.16399844060092172,0.17007720470428467
2024-09-04,DBC,CAUSAL_XGBOOST,0.1612241595685104,0.17105655372142792
2024-09-05,DBC,CAUSAL_XGBOOST,0.16610130392906328,0.1632305234670639
2024-09-06,DBC,CAUSAL_XGBOOST,0.15337483376358269,0.15690235793590546
2024-09-09,DBC,CAUSAL_XGBOOST,0.15666894449246646,0.1572275459766388
2024-09-10,DBC,CAUSAL_XGBOOST,0.1738789916688218,0.15810199081897736
2024-09-11,DBC,CAUSAL_XGBOOST,0.17913475337561238,0.15202559530735016
2024-09-12,DBC,CAUSAL_XGBOOST,0.17958751996941125,0.1492873579263687
2024-09-13,DBC,CAUSAL_XGBOOST,0.17975375300537627,0.15166285634040833
2024-09-16,DBC,CAUSAL_XGBOOST,0.19146868940053727,0.1502128392457962
2024-09-17,DBC,CAUSAL_XGBOOST,0.20561170751619554,0.14379370212554932
2024-09-18,DBC,CAUSAL_XGBOOST,0.20422168373006278,0.14041942358016968
2024-09-19,DBC,CAUSAL_XGBOOST,0.19486584488748226,0.14916515350341797
2024-09-20,DBC,CAUSAL_XGBOOST,0.1959791489106037,0.14445944130420685
2024-09-23,DBC,CAUSAL_XGBOOST,0.19624667280443941,0.14503701031208038
2024-09-24,DBC,CAUSAL_XGBOOST,0.1970846464193066,0.14182940125465393
2024-09-25,DBC,CAUSAL_XGBOOST,0.1956934354337461,0.14613746106624603
2024-09-26,DBC,CAUSAL_XGBOOST,0.1925071523469863,0.1740947812795639
2024-09-27,DBC,CAUSAL_XGBOOST,0.19322247806774334,0.17842110991477966
2024-09-30,DBC,CAUSAL_XGBOOST,0.21753097551450923,0.18107201159000397
2024-10-01,DBC,CAUSAL_XGBOOST,0.20746524484279305,0.18451237678527832
2024-10-02,DBC,CAUSAL_XGBOOST,0.21052528035973658,0.18017572164535522
2024-10-03,DBC,CAUSAL_XGBOOST,0.2048396444518643,0.18213745951652527
2024-10-04,DBC,CAUSAL_XGBOOST,0.20691396609374646,0.1835656762123108
2024-10-07,DBC,CAUSAL_XGBOOST,0.21038300785369993,0.17283383011817932
2024-10-08,DBC,CAUSAL_XGBOOST,0.1954198280443338,0.17137309908866882
2024-10-09,DBC,CAUSAL_XGBOOST,0.19687250167277545,0.16343383491039276
2024-10-10,DBC,CAUSAL_XGBOOST,0.1867908632382855,0.16201862692832947
2024-10-11,DBC,CAUSAL_XGBOOST,0.19359936737541164,0.1607973873615265
2024-10-15,DBC,CAUSAL_XGBOOST,0.18331621326303113,0.15529078245162964
2024-10-16,DBC,CAUSAL_XGBOOST,0.1833858241249107,0.1558191478252411
2024-10-17,DBC,CAUSAL_XGBOOST,0.18316964322454712,0.1667465716600418
2024-10-18,DBC,CAUSAL_XGBOOST,0.1830730282135535,0.14735694229602814
2024-10-21,DBC,CAUSAL_XGBOOST,0.20134370047672293,0.16172945499420166
2024-10-22,DBC,CAUSAL_XGBOOST,0.1910976026126938,0.15378150343894958
2024-10-23,DBC,CAUSAL_XGBOOST,0.19024276653728173,0.15904487669467926
2024-10-24,DBC,CAUSAL_XGBOOST,0.19222288732023024,0.1435071974992752
2024-10-25,DBC,CAUSAL_XGBOOST,0.19036298100384816,0.13250885903835297
2024-10-28,DBC,CAUSAL_XGBOOST,0.171108027699658,0.12508437037467957
2024-10-29,DBC,CAUSAL_XGBOOST,0.17096302324444976,0.13203734159469604
2024-10-30,DBC,CAUSAL_XGBOOST,0.16552141112694402,0.13086360692977905
2024-10-31,DBC,CAUSAL_XGBOOST,0.16336399560233095,0.1291695088148117
2024-11-01,DBC,CAUSAL_XGBOOST,0.16110894927555885,0.13092222809791565
2024-11-04,DBC,CAUSAL_XGBOOST,0.15407609607887268,0.12012889981269836
2024-11-05,DBC,CAUSAL_XGBOOST,0.1523108691015626,0.12728846073150635
2024-11-06,DBC,CAUSAL_XGBOOST,0.14829345966050508,0.1478133648633957
2024-11-07,DBC,CAUSAL_XGBOOST,0.14367576759620493,0.16498929262161255
2024-11-08,DBC,CAUSAL_XGBOOST,0.14024019560437995,0.17605474591255188
2024-11-12,DBC,CAUSAL_XGBOOST,0.13388870734428487,0.1895724982023239
2024-11-13,DBC,CAUSAL_XGBOOST,0.13426329611184185,0.18262088298797607
2024-11-14,DBC,CAUSAL_XGBOOST,0.13418914466093856,0.17772360146045685
2024-11-15,DBC,CAUSAL_XGBOOST,0.13440461339699145,0.17806166410446167
2024-11-18,DBC,CAUSAL_XGBOOST,0.10962170562436312,0.16243797540664673
2024-11-19,DBC,CAUSAL_XGBOOST,0.11274058269855075,0.1562037318944931
2024-11-20,DBC,CAUSAL_XGBOOST,0.11278879232531658,0.16059158742427826
2024-11-21,DBC,CAUSAL_XGBOOST,0.11209393608409003,0.1564836949110031
2024-11-22,DBC,CAUSAL_XGBOOST,0.11206518105476958,0.16387076675891876
2024-11-25,DBC,CAUSAL_XGBOOST,0.10316394168794042,0.16316896677017212
2024-11-26,DBC,CAUSAL_XGBOOST,0.10359764647227994,0.16698196530342102
2024-11-27,DBC,CAUSAL_XGBOOST,0.1032507861025456,0.16608113050460815
2024-11-29,DBC,CAUSAL_XGBOOST,0.1078580096114319,0.17630954086780548
2024-12-02,DBC,CAUSAL_XGBOOST,0.10483383666100343,0.16079577803611755
2024-12-03,DBC,CAUSAL_XGBOOST,0.1029987946421418,0.1673315465450287
2024-12-04,DBC,CAUSAL_XGBOOST,0.10274697036801463,0.16301295161247253
2024-12-05,DBC,CAUSAL_XGBOOST,0.1023372791900159,0.14916415512561798
2024-12-06,DBC,CAUSAL_XGBOOST,0.09712157319092479,0.13620497286319733
2024-12-09,DBC,CAUSAL_XGBOOST,0.09364635520851515,0.15027908980846405
2024-12-10,DBC,CAUSAL_XGBOOST,0.12947062260565947,0.14253787696361542
2024-12-11,DBC,CAUSAL_XGBOOST,0.1253283152898557,0.13652467727661133
2024-12-12,DBC,CAUSAL_XGBOOST,0.12356660463433057,0.14019203186035156
2024-12-13,DBC,CAUSAL_XGBOOST,0.13190456235818,0.13343077898025513
2024-12-16,DBC,CAUSAL_XGBOOST,0.13110475638593191,0.13949428498744965
2024-12-17,DBC,CAUSAL_XGBOOST,0.1289603028464537,0.14580748975276947
2024-12-18,DBC,CAUSAL_XGBOOST,0.1243135803432156,0.15974976122379303
2024-12-19,DBC,CAUSAL_XGBOOST,0.12470544441315919,0.15869736671447754
2024-12-20,DBC,CAUSAL_XGBOOST,0.12680366077227254,0.1418374925851822
2024-12-23,DBC,CAUSAL_XGBOOST,0.12688716035735503,0.1424310803413391
2024-12-24,DBC,CAUSAL_XGBOOST,0.1423406018576004,0.13666647672653198
2024-12-26,DBC,CAUSAL_XGBOOST,0.14123476627764286,0.13899633288383484
2024-12-27,DBC,CAUSAL_XGBOOST,0.14093092888499467,0.13991126418113708
2024-12-30,DBC,CAUSAL_XGBOOST,0.13861279603221724,0.1433437019586563
2024-12-31,DBC,CAUSAL_XGBOOST,0.13852327371932663,0.14699578285217285
2025-01-02,DBC,CAUSAL_XGBOOST,0.13704505349110846,0.14408932626247406
2025-01-03,DBC,CAUSAL_XGBOOST,0.1350230431300615,0.14252805709838867
2025-01-06,DBC,CAUSAL_XGBOOST,0.13794813662103872,0.14837589859962463
2025-01-07,DBC,CAUSAL_XGBOOST,0.137379883278165,0.1499025523662567
2025-01-08,DBC,CAUSAL_XGBOOST,0.13698164297366258,0.14992116391658783
2025-01-10,DBC,CAUSAL_XGBOOST,0.11158606527181944,0.1526421159505844
2025-01-13,DBC,CAUSAL_XGBOOST,0.11188312846510867,0.15063504874706268
2025-01-14,DBC,CAUSAL_XGBOOST,0.11934332049434501,0.14893890917301178
2025-01-15,DBC,CAUSAL_XGBOOST,0.10530834891086,0.14444048702716827
2025-01-16,DBC,CAUSAL_XGBOOST,0.10433721788275656,0.14350664615631104
2025-01-17,DBC,CAUSAL_XGBOOST,0.1155720288322707,0.14086472988128662
2025-01-21,DBC,CAUSAL_XGBOOST,0.116304161530399,0.1502263993024826
2025-01-22,DBC,CAUSAL_XGBOOST,0.11601473570511904,0.14112430810928345
2025-01-23,DBC,CAUSAL_XGBOOST,0.12734050350026666,0.1336716264486313
2025-01-24,DBC,CAUSAL_XGBOOST,0.12830603625206724,0.1255464106798172
2025-01-27,DBC,CAUSAL_XGBOOST,0.12197206689956497,0.1401095688343048
2025-01-28,DBC,CAUSAL_XGBOOST,0.12649922779492068,0.1341625303030014
2025-01-29,DBC,CAUSAL_XGBOOST,0.12644208585012903,0.1342967450618744
2025-01-30,DBC,CAUSAL_XGBOOST,0.12963970937833355,0.13342130184173584
2025-01-31,DBC,CAUSAL_XGBOOST,0.1314782586069701,0.13328731060028076
2025-02-03,DBC,CAUSAL_XGBOOST,0.12880432870564779,0.13635553419589996
2025-02-04,DBC,CAUSAL_XGBOOST,0.1284696395089398,0.13848479092121124
2025-02-05,DBC,CAUSAL_XGBOOST,0.12780948175264914,0.13891766965389252
2025-02-06,DBC,CAUSAL_XGBOOST,0.13205913743198328,0.13612514734268188
2025-02-07,DBC,CAUSAL_XGBOOST,0.13378804877456094,0.14365912973880768
2025-02-10,DBC,CAUSAL_XGBOOST,0.12391438623982792,0.15424026548862457
2025-02-11,DBC,CAUSAL_XGBOOST,0.11977503027547882,0.15253865718841553
2025-02-12,DBC,CAUSAL_XGBOOST,0.11456909668297999,0.1491464078426361
2025-02-13,DBC,CAUSAL_XGBOOST,0.11497375190376079,0.1340404748916626
2025-02-14,DBC,CAUSAL_XGBOOST,0.11823011134636689,0.14079272747039795
2025-02-18,DBC,CAUSAL_XGBOOST,0.10348833811292482,0.14561845362186432
2025-02-19,DBC,CAUSAL_XGBOOST,0.10174480788721203,0.14474165439605713
2025-02-20,DBC,CAUSAL_XGBOOST,0.10194896770806702,0.1374407261610031
2025-02-21,DBC,CAUSAL_XGBOOST,0.09244556654757495,0.14742864668369293
2025-02-24,DBC,CAUSAL_XGBOOST,0.09353015576038612,0.14592713117599487
2025-02-25,DBC,CAUSAL_XGBOOST,0.08547350713797044,0.145724818110466
2025-02-26,DBC,CAUSAL_XGBOOST,0.07981181488694741,0.14070461690425873
2025-02-27,DBC,CAUSAL_XGBOOST,0.08022592291369142,0.14839044213294983
2025-02-28,DBC,CAUSAL_XGBOOST,0.07578743376724793,0.14706966280937195
2025-03-03,DBC,CAUSAL_XGBOOST,0.08516364758860007,0.154059037566185
2025-03-04,DBC,CAUSAL_XGBOOST,0.08497194175687373,0.1484002321958542
2025-03-05,DBC,CAUSAL_XGBOOST,0.08525267714004506,0.15087959170341492
2025-03-06,DBC,CAUSAL_XGBOOST,0.173339113644764,0.16120034456253052
2025-03-07,DBC,CAUSAL_XGBOOST,0.21395064340101239,0.15554648637771606
2025-03-10,DBC,CAUSAL_XGBOOST,0.21892813647088766,0.17569513618946075
2025-03-11,DBC,CAUSAL_XGBOOST,0.22731533386303238,0.17266638576984406
2025-03-12,DBC,CAUSAL_XGBOOST,0.2675525566534206,0.16205403208732605
2025-03-13,DBC,CAUSAL_XGBOOST,0.2699332020316978,0.16763131320476532
2025-03-14,DBC,CAUSAL_XGBOOST,0.275427249128635,0.17466063797473907
2025-03-17,DBC,CAUSAL_XGBOOST,0.27352446965634536,0.17153003811836243
2025-03-18,DBC,CAUSAL_XGBOOST,0.2735218874228498,0.17718762159347534
2025-03-19,DBC,CAUSAL_XGBOOST,0.27700095258644963,0.18334007263183594
2025-03-20,DBC,CAUSAL_XGBOOST,0.2803799428147825,0.17589856684207916
2025-03-21,DBC,CAUSAL_XGBOOST,0.28100339789646533,0.174540176987648
2025-03-24,DBC,CAUSAL_XGBOOST,0.2813286493020789,0.18645240366458893
2025-03-25,DBC,CAUSAL_XGBOOST,0.28165616688674167,0.15836681425571442
2025-03-26,DBC,CAUSAL_XGBOOST,0.2845907244550526,0.15617993474006653
2025-03-27,DBC,CAUSAL_XGBOOST,0.28434313959044744,0.1548023372888565
2025-03-28,DBC,CAUSAL_XGBOOST,0.2846033089782938,0.1608872413635254
2025-03-31,DBC,CAUSAL_XGBOOST,0.280326002021033,0.14266689121723175
2025-04-01,DBC,CAUSAL_XGBOOST,0.28496629670189316,0.1377115398645401
2025-04-02,DBC,CAUSAL_XGBOOST,0.28433296237139644,0.14272379875183105
2025-04-03,DBC,CAUSAL_XGBOOST,0.2508627727576448,0.22421813011169434
2025-04-04,DBC,CAUSAL_XGBOOST,0.21556724478793426,0.2127010077238083
2025-04-07,DBC,CAUSAL_XGBOOST,0.21460107660658528,0.2901880145072937
2025-04-08,DBC,CAUSAL_XGBOOST,0.2027109317100213,0.2875766456127167
2025-04-09,DBC,CAUSAL_XGBOOST,0.16425420059093257,0.2584148645401001
2025-04-10,DBC,CAUSAL_XGBOOST,0.15908493664629697,0.26457348465919495
2025-04-11,DBC,CAUSAL_XGBOOST,0.15272720562979222,0.2610444128513336
2025-04-14,DBC,CAUSAL_XGBOOST,0.16128177096633564,0.2571556866168976
2025-04-15,DBC,CAUSAL_XGBOOST,0.16244180499642685,0.25255125761032104
2025-04-16,DBC,CAUSAL_XGBOOST,0.16165232252892342,0.25586774945259094
2025-04-17,DBC,CAUSAL_XGBOOST,0.15771265468590454,0.2496115118265152
2025-04-21,DBC,CAUSAL_XGBOOST,0.15490974201503085,0.24131132662296295
2025-04-22,DBC,CAUSAL_XGBOOST,0.16064889547868974,0.23403768241405487
2025-04-23,DBC,CAUSAL_XGBOOST,0.15811674292042102,0.23785413801670074
2025-04-24,DBC,CAUSAL_XGBOOST,0.15619193201835693,0.2333727329969406
2025-04-25,DBC,CAUSAL_XGBOOST,0.15743184811231495,0.21922919154167175
2025-04-28,DBC,CAUSAL_XGBOOST,0.15944399637685994,0.21701668202877045
2025-04-29,DBC,CAUSAL_XGBOOST,0.15277593717917234,0.21579743921756744
2025-04-30,DBC,CAUSAL_XGBOOST,0.13688608208713687,0.21196256577968597
2025-05-01,DBC,CAUSAL_XGBOOST,0.13953301123727124,0.21078191697597504
2025-05-02,DBC,CAUSAL_XGBOOST,0.15679590827209655,0.21588417887687683
2025-05-05,DBC,CAUSAL_XGBOOST,0.15546916622273865,0.21353782713413239
2025-05-06,DBC,CAUSAL_XGBOOST,0.14879810867952376,0.2123928815126419
2025-05-07,DBC,CAUSAL_XGBOOST,0.14037025065520123,0.20905616879463196
2025-05-08,DBC,CAUSAL_XGBOOST,0.1361395084579149,0.2073429971933365
2025-05-09,DBC,CAUSAL_XGBOOST,0.13429697751145891,0.1596284657716751
2025-05-12,DBC,CAUSAL_XGBOOST,0.13333715599701082,0.16286315023899078
2025-05-13,DBC,CAUSAL_XGBOOST,0.1343045342795141,0.1545582115650177
2025-05-14,DBC,CAUSAL_XGBOOST,0.13249960436851652,0.15091624855995178
2025-05-15,DBC,CAUSAL_XGBOOST,0.1622228744017191,0.15415272116661072
2025-05-16,DBC,CAUSAL_XGBOOST,0.16143465052877315,0.15504124760627747
2025-05-19,DBC,CAUSAL_XGBOOST,0.17216930279314968,0.1549089103937149
2025-05-20,DBC,CAUSAL_XGBOOST,0.16939172940248143,0.15205934643745422
2025-05-21,DBC,CAUSAL_XGBOOST,0.16829859130540492,0.14616291224956512
2025-05-22,DBC,CAUSAL_XGBOOST,0.22291411112283918,0.14805157482624054
2025-05-23,DBC,CAUSAL_XGBOOST,0.24206543948119233,0.14518094062805176
2025-05-27,DBC,CAUSAL_XGBOOST,0.2394181714515353,0.14947275817394257
2025-05-28,DBC,CAUSAL_XGBOOST,0.23887209686053973,0.14078499376773834
2025-05-29,DBC,CAUSAL_XGBOOST,0.23880271591464336,0.14078067243099213
2025-05-30,DBC,CAUSAL_XGBOOST,0.23628868361140898,0.13486096262931824
2025-06-02,DBC,CAUSAL_XGBOOST,0.226263722874097,0.1393856257200241
2025-06-03,DBC,CAUSAL_XGBOOST,0.23176765570596805,0.14657646417617798
2025-06-04,DBC,CAUSAL_XGBOOST,0.2310007838066715,0.14147423207759857
2025-06-05,DBC,CAUSAL_XGBOOST,0.2310130491057793,0.14601927995681763
2025-06-06,DBC,CAUSAL_XGBOOST,0.22996309294843642,0.142221599817276
2025-06-09,DBC,CAUSAL_XGBOOST,0.2302626204092733,0.14799997210502625
2025-06-10,DBC,CAUSAL_XGBOOST,0.2304606801710721,0.1547270119190216
2025-06-11,DBC,CAUSAL_XGBOOST,0.22809579450597509,0.15368230640888214
2025-06-12,DBC,CAUSAL_XGBOOST,0.23066431071372503,0.15866093337535858
2025-06-13,DBC,CAUSAL_XGBOOST,0.202264589352051,0.145817369222641
2025-06-16,DBC,CAUSAL_XGBOOST,0.20233509589116658,0.14717793464660645
2025-06-17,DBC,CAUSAL_XGBOOST,0.18868925803942665,0.14518582820892334
2025-06-18,DBC,CAUSAL_XGBOOST,0.188487486455573,0.1422840654850006
2025-06-20,DBC,CAUSAL_XGBOOST,0.1869221593103702,0.14398738741874695
2025-06-23,DBC,CAUSAL_XGBOOST,0.13010140117876393,0.14733567833900452
2025-06-24,DBC,CAUSAL_XGBOOST,0.09359011642817762,0.1338837891817093
2025-06-25,DBC,CAUSAL_XGBOOST,0.09311603035785969,0.13648034632205963
2025-06-26,DBC,CAUSAL_XGBOOST,0.10126326643605046,0.1448044329881668
2025-06-27,DBC,CAUSAL_XGBOOST,0.10456812120733451,0.14579889178276062
2025-06-30,DBC,CAUSAL_XGBOOST,0.11214968395040643,0.14630503952503204
2025-07-01,DBC,CAUSAL_XGBOOST,0.11228152775899064,0.1481701284646988
2025-07-02,DBC,CAUSAL_XGBOOST,0.10330599803369925,0.15059605240821838
2025-07-03,DBC,CAUSAL_XGBOOST,0.11883076969420014,0.14608298242092133
2025-07-07,DBC,CAUSAL_XGBOOST,0.11936788761470843,0.13624420762062073
2025-07-08,DBC,CAUSAL_XGBOOST,0.12184212375148969,0.14460937678813934
2025-07-09,DBC,CAUSAL_XGBOOST,0.12188989370439987,0.1462973654270172
2025-07-10,DBC,CAUSAL_XGBOOST,0.12261650305954981,0.19244050979614258
2025-07-11,DBC,CAUSAL_XGBOOST,0.11133976390564625,0.14184065163135529
2025-07-14,DBC,CAUSAL_XGBOOST,0.10862292934992689,0.15341287851333618
2025-07-15,DBC,CAUSAL_XGBOOST,0.10915706050676686,0.1597195714712143
2025-07-16,DBC,CAUSAL_XGBOOST,0.10876363926222196,0.1704384684562683
2025-07-17,DBC,CAUSAL_XGBOOST,0.10515421860260513,0.16286753118038177
2025-07-18,DBC,CAUSAL_XGBOOST,0.10460270715217787,0.16615115106105804
2025-07-21,DBC,CAUSAL_XGBOOST,0.10499436338387774,0.17010784149169922
2025-07-22,DBC,CAUSAL_XGBOOST,0.10733540785814077,0.14726802706718445
2025-07-23,DBC,CAUSAL_XGBOOST,0.11659644579816295,0.13720351457595825
2025-07-24,DBC,CAUSAL_XGBOOST,0.11912447780464265,0.1408456563949585
2025-07-25,DBC,CAUSAL_XGBOOST,0.11495397479461665,0.13941290974617004
2025-07-28,DBC,CAUSAL_XGBOOST,0.10991496416336596,0.1489715576171875
2025-07-29,DBC,CAUSAL_XGBOOST,0.10066887324950134,0.1442769169807434
2025-07-30,DBC,CAUSAL_XGBOOST,0.10098496711252929,0.14186455309391022
2025-07-31,DBC,CAUSAL_XGBOOST,0.1008416988500864,0.16112174093723297
2025-08-01,DBC,CAUSAL_XGBOOST,0.08249177758657578,0.15670260787010193
2025-08-04,DBC,CAUSAL_XGBOOST,0.09828599723033325,0.15367884933948517
2025-08-05,DBC,CAUSAL_XGBOOST,0.09859818399252,0.15313534438610077
2025-08-06,DBC,CAUSAL_XGBOOST,0.10237505964395913,0.1473109871149063
2025-08-07,DBC,CAUSAL_XGBOOST,0.10694847034994155,0.15028676390647888
2025-08-08,DBC,CAUSAL_XGBOOST,0.10927124134363518,0.13795912265777588
2025-08-11,DBC,CAUSAL_XGBOOST,0.10946967956126967,0.14559471607208252
2025-08-12,DBC,CAUSAL_XGBOOST,0.10971794958073047,0.15149256587028503
2025-08-13,DBC,CAUSAL_XGBOOST,0.11395682449315248,0.15143969655036926
2025-08-14,DBC,CAUSAL_XGBOOST,0.1147218741078487,0.1509215235710144
2025-08-15,DBC,CAUSAL_XGBOOST,0.11665601611962567,0.16131934523582458
2025-08-18,DBC,CAUSAL_XGBOOST,0.12031577212142691,0.15719564259052277
2025-08-19,DBC,CAUSAL_XGBOOST,0.123724037895126,0.1554245799779892
2025-08-20,DBC,CAUSAL_XGBOOST,0.12103852556870444,0.1559700220823288
2025-08-21,DBC,CAUSAL_XGBOOST,0.12409798274951665,0.1550547033548355
2025-08-22,DBC,CAUSAL_XGBOOST,0.12342648958016815,0.14588239789009094
2025-08-25,DBC,CAUSAL_XGBOOST,0.12740530189237376,0.15098482370376587
2025-08-26,DBC,CAUSAL_XGBOOST,0.12506813282245266,0.1438772976398468
2025-08-27,DBC,CAUSAL_XGBOOST,0.12664119704050947,0.13893772661685944
2025-08-28,DBC,CAUSAL_XGBOOST,0.12550192040677352,0.14265738427639008
2025-08-29,DBC,CAUSAL_XGBOOST,0.1302028946330214,0.14053024351596832
2025-09-02,DBC,CAUSAL_XGBOOST,0.11812879120176199,0.1632639467716217
2025-09-03,DBC,CAUSAL_XGBOOST,0.11370418297690459,0.14634911715984344
2025-09-04,DBC,CAUSAL_XGBOOST,0.11329416492155567,0.13764841854572296
2025-09-05,DBC,CAUSAL_XGBOOST,0.10915933293047062,0.12354140728712082
2025-09-08,DBC,CAUSAL_XGBOOST,0.11226055155453839,0.12121772021055222
2025-09-09,DBC,CAUSAL_XGBOOST,0.11260048558181121,0.1228281706571579
2025-09-10,DBC,CAUSAL_XGBOOST,0.11063214183600806,0.12188727408647537
2025-09-11,DBC,CAUSAL_XGBOOST,0.11243967161585805,0.11483693867921829
2025-09-12,DBC,CAUSAL_XGBOOST,0.13553587330611244,0.11455000191926956
2025-09-15,DBC,CAUSAL_XGBOOST,0.13956414663744446,0.1127779632806778
2025-09-16,DBC,CAUSAL_XGBOOST,0.1386870342211721,0.12054809182882309
2025-09-17,DBC,CAUSAL_XGBOOST,0.13548639329911705,0.11361213028430939
2025-09-18,DBC,CAUSAL_XGBOOST,0.13486783012749462,0.1137164831161499
2025-09-19,DBC,CAUSAL_XGBOOST,0.13203641230595423,0.11250363290309906
2025-09-22,DBC,CAUSAL_XGBOOST,0.13693243867424465,0.11736176908016205
2025-09-23,DBC,CAUSAL_XGBOOST,0.13632850391269744,0.11574820429086685
2025-09-24,DBC,CAUSAL_XGBOOST,0.146360391153905,0.11167912185192108
2025-09-25,DBC,CAUSAL_XGBOOST,0.15664350872167668,0.11845285445451736
2025-09-26,DBC,CAUSAL_XGBOOST,0.156643485927824,0.12092850357294083
2025-09-29,DBC,CAUSAL_XGBOOST,0.15373107512919668,0.12511277198791504
2025-09-30,DBC,CAUSAL_XGBOOST,0.15682795815108636,0.12427560985088348
2025-10-01,DBC,CAUSAL_XGBOOST,0.15769355831556653,0.12731368839740753
2025-10-02,DBC,CAUSAL_XGBOOST,0.15540290430986378,0.13189639151096344
2025-10-03,DBC,CAUSAL_XGBOOST,0.15676857092933785,0.1338522583246231
2025-10-06,DBC,CAUSAL_XGBOOST,0.15489480157661392,0.1326034516096115
2025-10-07,DBC,CAUSAL_XGBOOST,0.15686987118133688,0.14050516486167908
2025-10-08,DBC,CAUSAL_XGBOOST,0.15728169151422738,0.13174627721309662
2025-10-09,DBC,CAUSAL_XGBOOST,0.15332824717822538,0.14275506138801575
2025-10-10,DBC,CAUSAL_XGBOOST,0.12901547474468034,0.12696701288223267
2025-10-14,DBC,CAUSAL_XGBOOST,0.11842874499179826,0.14930760860443115
2025-10-15,DBC,CAUSAL_XGBOOST,0.12812783977275685,0.1612132042646408
2025-10-16,DBC,CAUSAL_XGBOOST,0.12999941779599797,0.15244513750076294
2025-10-17,DBC,CAUSAL_XGBOOST,0.1296307429206162,0.14343701303005219
2025-10-20,DBC,CAUSAL_XGBOOST,0.12651016558153075,0.14790856838226318
2025-10-21,DBC,CAUSAL_XGBOOST,0.12084556604477299,0.15146803855895996
2025-10-22,DBC,CAUSAL_XGBOOST,0.11728540553538282,0.15595895051956177
2025-10-23,DBC,CAUSAL_XGBOOST,0.1071228331080258,0.15074144303798676
2025-10-24,DBC,CAUSAL_XGBOOST,0.10935102458211954,0.14635643362998962
2025-10-27,DBC,CAUSAL_XGBOOST,0.11093980664268198,0.14298483729362488
2025-10-28,DBC,CAUSAL_XGBOOST,0.10757850086665222,0.14572928845882416
2025-10-29,DBC,CAUSAL_XGBOOST,0.11266988184058618,0.15281179547309875
2025-10-30,DBC,CAUSAL_XGBOOST,0.121750307882804,0.15371155738830566
2025-10-31,DBC,CAUSAL_XGBOOST,0.11972319457483341,0.14652098715305328
2025-11-03,DBC,CAUSAL_XGBOOST,0.11801326736629851,0.14178583025932312
2025-11-04,DBC,CAUSAL_XGBOOST,0.11624960950669824,0.15461592376232147
2025-11-05,DBC,CAUSAL_XGBOOST,0.1156683696010317,0.149251326918602
2025-11-06,DBC,CAUSAL_XGBOOST,0.11713971849750067,0.1553439050912857
2025-11-07,DBC,CAUSAL_XGBOOST,0.12647302124382453,0.15061697363853455
2025-11-10,DBC,CAUSAL_XGBOOST,0.12036239339322993,0.14560188353061676
2025-11-12,DBC,CAUSAL_XGBOOST,0.11308546129050373,0.14045444130897522
2025-11-13,DBC,CAUSAL_XGBOOST,0.11548457049769564,0.15101084113121033
2025-11-14,DBC,CAUSAL_XGBOOST,0.11639706209513967,0.14994342625141144
2025-11-17,DBC,CAUSAL_XGBOOST,0.12146742763158817,0.15138530731201172
2025-11-18,DBC,CAUSAL_XGBOOST,0.12567215021453018,0.15390007197856903
2025-11-19,DBC,CAUSAL_XGBOOST,0.12314971784202464,0.1496007889509201
2025-11-20,DBC,CAUSAL_XGBOOST,0.12084735283991535,0.14518626034259796
2025-11-21,DBC,CAUSAL_XGBOOST,0.12545740402666591,0.14626267552375793
2025-11-24,DBC,CAUSAL_XGBOOST,0.1296623064150581,0.14979980885982513
2025-11-25,DBC,CAUSAL_XGBOOST,0.12732099003625905,0.15390101075172424
2025-11-26,DBC,CAUSAL_XGBOOST,0.1232380652530468,0.1554499864578247
2025-11-28,DBC,CAUSAL_XGBOOST,0.12095934748867518,0.13899056613445282
2025-12-01,DBC,CAUSAL_XGBOOST,0.12277401561022343,0.14437539875507355
2025-12-02,DBC,CAUSAL_XGBOOST,0.13024995110234552,0.14386315643787384
2025-12-03,DBC,CAUSAL_XGBOOST,0.12922052253778515,0.12709377706050873
2025-12-04,DBC,CAUSAL_XGBOOST,0.14494062116963508,0.1303301602602005
2025-12-05,DBC,CAUSAL_XGBOOST,0.14368087620751474,0.1303907334804535
2025-12-08,DBC,CAUSAL_XGBOOST,0.1401926029432282,0.12932169437408447
2025-12-09,DBC,CAUSAL_XGBOOST,0.14607107940289993,0.13238641619682312
2025-12-10,DBC,CAUSAL_XGBOOST,0.14503529312950625,0.13516969978809357
2025-12-11,DBC,CAUSAL_XGBOOST,0.15031152898353176,0.13336415588855743
2025-12-12,DBC,CAUSAL_XGBOOST,0.1467578151682828,0.13142937421798706
2025-12-15,DBC,CAUSAL_XGBOOST,0.14430665657745884,0.13303889334201813
2025-12-16,DBC,CAUSAL_XGBOOST,0.14208861734999897,0.15138831734657288
2025-12-17,DBC,CAUSAL_XGBOOST,0.13899101764103078,0.14469394087791443
2025-12-18,DBC,CAUSAL_XGBOOST,0.139977777921933,0.14492924511432648
2025-12-19,DBC,CAUSAL_XGBOOST,0.14235993120233995,0.14398150146007538
2025-12-22,DBC,CAUSAL_XGBOOST,0.13873246235696945,0.14642730355262756
2025-12-23,DBC,CAUSAL_XGBOOST,0.14658003916885398,0.14899124205112457
2025-12-24,DBC,CAUSAL_XGBOOST,0.14596296299172354,0.13836614787578583
2025-12-26,DBC,CAUSAL_XGBOOST,0.15015018069813085,0.12734194099903107
2025-12-29,DBC,CAUSAL_XGBOOST,0.1445427172691811,0.11733941733837128
2025-12-30,DBC,CAUSAL_XGBOOST,0.14811367891813054,0.11829318106174469
2025-12-31,DBC,CAUSAL_XGBOOST,0.19775986343201724,0.11974440515041351
