model,rebalance_number,decision_date,effective_start_date,segment_end_date,ticker,forecast_vol,pre_trade_weight,raw_weight,capped_weight,final_weight,cash_weight,risky_weight_sum,portfolio_scaler,ex_ante_vol_before_scale,ex_ante_vol_after_scale,turnover,transaction_cost
EWMA,1,2023-12-28,2023-12-29,2024-01-30,DBC,0.1591120425540705,0.0,0.04489199577982798,0.04489199577982798,0.04489199577982798,0.23209231067674674,0.7679076893232533,1.0,0.06950718430686924,0.06950718430686924,0.7679076893232533,0.0007679076893232533
EWMA,1,2023-12-28,2023-12-29,2024-01-30,EEM,0.1477309438822828,0.0,0.048350446799749834,0.048350446799749834,0.048350446799749834,0.23209231067674674,0.7679076893232533,1.0,0.06950718430686924,0.06950718430686924,0.7679076893232533,0.0007679076893232533
EWMA,1,2023-12-28,2023-12-29,2024-01-30,EFA,0.1247624710119515,0.0,0.05725164855201449,0.05725164855201449,0.05725164855201449,0.23209231067674674,0.7679076893232533,1.0,0.06950718430686924,0.06950718430686924,0.7679076893232533,0.0007679076893232533
EWMA,1,2023-12-28,2023-12-29,2024-01-30,GLD,0.1352235442796929,0.0,0.05282258486054056,0.05282258486054056,0.05282258486054056,0.23209231067674674,0.7679076893232533,1.0,0.06950718430686924,0.06950718430686924,0.7679076893232533,0.0007679076893232533
EWMA,1,2023-12-28,2023-12-29,2024-01-30,HYG,0.0675980374731309,0.0,0.10566663485898256,0.10566663485898256,0.10566663485898256,0.23209231067674674,0.7679076893232533,1.0,0.06950718430686924,0.06950718430686924,0.7679076893232533,0.0007679076893232533
EWMA,1,2023-12-28,2023-12-29,2024-01-30,IWM,0.221717908412948,0.0,0.032215968452821694,0.032215968452821694,0.032215968452821694,0.23209231067674674,0.7679076893232533,1.0,0.06950718430686924,0.06950718430686924,0.7679076893232533,0.0007679076893232533
EWMA,1,2023-12-28,2023-12-29,2024-01-30,LQD,0.1004714215930804,0.0,0.07109342168747695,0.07109342168747695,0.07109342168747695,0.23209231067674674,0.7679076893232533,1.0,0.06950718430686924,0.06950718430686924,0.7679076893232533,0.0007679076893232533
EWMA,1,2023-12-28,2023-12-29,2024-01-30,QQQ,0.1426746643181462,0.0,0.05006394917411186,0.05006394917411186,0.05006394917411186,0.23209231067674674,0.7679076893232533,1.0,0.06950718430686924,0.06950718430686924,0.7679076893232533,0.0007679076893232533
EWMA,1,2023-12-28,2023-12-29,2024-01-30,SPY,0.1115536273914622,0.0,0.06403070263050742,0.06403070263050742,0.06403070263050742,0.23209231067674674,0.7679076893232533,1.0,0.06950718430686924,0.06950718430686924,0.7679076893232533,0.0007679076893232533
EWMA,1,2023-12-28,2023-12-29,2024-01-30,TLT,0.195016074614715,0.0,0.036627017321361754,0.036627017321361754,0.036627017321361754,0.23209231067674674,0.7679076893232533,1.0,0.06950718430686924,0.06950718430686924,0.7679076893232533,0.0007679076893232533
EWMA,1,2023-12-28,2023-12-29,2024-01-30,XLE,0.1894431665623572,0.0,0.037704485585158314,0.037704485585158314,0.037704485585158314,0.23209231067674674,0.7679076893232533,1.0,0.06950718430686924,0.06950718430686924,0.7679076893232533,0.0007679076893232533
EWMA,1,2023-12-28,2023-12-29,2024-01-30,XLF,0.129164662597139,0.0,0.05530039717701672,0.05530039717701672,0.05530039717701672,0.23209231067674674,0.7679076893232533,1.0,0.06950718430686924,0.06950718430686924,0.7679076893232533,0.0007679076893232533
EWMA,1,2023-12-28,2023-12-29,2024-01-30,XLK,0.143741851719731,0.0,0.049692257734263376,0.049692257734263376,0.049692257734263376,0.23209231067674674,0.7679076893232533,1.0,0.06950718430686924,0.06950718430686924,0.7679076893232533,0.0007679076893232533
EWMA,1,2023-12-28,2023-12-29,2024-01-30,XLV,0.1148439870595351,0.0,0.062196178709419826,0.062196178709419826,0.062196178709419826,0.23209231067674674,0.7679076893232533,1.0,0.06950718430686924,0.06950718430686924,0.7679076893232533,0.0007679076893232533
EWMA,2,2024-01-30,2024-01-31,2024-02-29,DBC,0.1396050010478254,0.045473997420184334,0.05116476551158914,0.05116476551158914,0.05116476551158914,0.16809175738444326,0.8319082426155567,1.0,0.06650653517528991,0.06650653517528991,0.07985151267942128,7.985151267942129e-05
EWMA,2,2024-01-30,2024-01-31,2024-02-29,EEM,0.1482809750232678,0.04613920064072498,0.0481710964048915,0.0481710964048915,0.0481710964048915,0.16809175738444326,0.8319082426155567,1.0,0.06650653517528991,0.06650653517528991,0.07985151267942128,7.985151267942129e-05
EWMA,2,2024-01-30,2024-01-31,2024-02-29,EFA,0.118130026625724,0.05703116398558203,0.06046605885807625,0.06046605885807625,0.06046605885807625,0.16809175738444326,0.8319082426155567,1.0,0.06650653517528991,0.06650653517528991,0.07985151267942128,7.985151267942129e-05
EWMA,2,2024-01-30,2024-01-31,2024-02-29,GLD,0.1170277157044523,0.05174518619888662,0.06103560254816966,0.06103560254816966,0.06103560254816966,0.16809175738444326,0.8319082426155567,1.0,0.06650653517528991,0.06650653517528991,0.07985151267942128,7.985151267942129e-05
EWMA,2,2024-01-30,2024-01-31,2024-02-29,HYG,0.0613687292614104,0.10510565155889996,0.11639245636700321,0.11639245636700321,0.11639245636700321,0.16809175738444326,0.8319082426155567,1.0,0.06650653517528991,0.06650653517528991,0.07985151267942128,7.985151267942129e-05
EWMA,2,2024-01-30,2024-01-31,2024-02-29,IWM,0.2052785332417434,0.031046801726666597,0.03479592839084376,0.03479592839084376,0.03479592839084376,0.16809175738444326,0.8319082426155567,1.0,0.06650653517528991,0.06650653517528991,0.07985151267942128,7.985151267942129e-05
EWMA,2,2024-01-30,2024-01-31,2024-02-29,LQD,0.088616552906199,0.06995570255491868,0.08060409605886935,0.08060409605886935,0.08060409605886935,0.16809175738444326,0.8319082426155567,1.0,0.06650653517528991,0.06650653517528991,0.07985151267942128,7.985151267942129e-05
EWMA,2,2024-01-30,2024-01-31,2024-02-29,QQQ,0.1414602125341107,0.05148659611725152,0.050493753790556234,0.050493753790556234,0.050493753790556234,0.16809175738444326,0.8319082426155567,1.0,0.06650653517528991,0.06650653517528991,0.07985151267942128,7.985151267942129e-05
EWMA,2,2024-01-30,2024-01-31,2024-02-29,SPY,0.1013493980498127,0.06557961354193027,0.07047754876004755,0.07047754876004755,0.07047754876004755,0.16809175738444326,0.8319082426155567,1.0,0.06650653517528991,0.06650653517528991,0.07985151267942128,7.985151267942129e-05
EWMA,2,2024-01-30,2024-01-31,2024-02-29,TLT,0.1691610835451391,0.03494564468110213,0.04222517965221674,0.04222517965221674,0.04222517965221674,0.16809175738444326,0.8319082426155567,1.0,0.06650653517528991,0.06650653517528991,0.07985151267942128,7.985151267942129e-05
EWMA,2,2024-01-30,2024-01-31,2024-02-29,XLE,0.187393651875988,0.03793236923563709,0.038116857595496836,0.038116857595496836,0.038116857595496836,0.16809175738444326,0.8319082426155567,1.0,0.06650653517528991,0.06650653517528991,0.07985151267942128,7.985151267942129e-05
EWMA,2,2024-01-30,2024-01-31,2024-02-29,XLF,0.1131287299794017,0.05721606257074201,0.06313919677307173,0.06313919677307173,0.06313919677307173,0.16809175738444326,0.8319082426155567,1.0,0.06650653517528991,0.06650653517528991,0.07985151267942128,7.985151267942129e-05
EWMA,2,2024-01-30,2024-01-31,2024-02-29,XLK,0.1618816066949073,0.05168751286866133,0.04412395755571564,0.04412395755571564,0.04412395755571564,0.16809175738444326,0.8319082426155567,1.0,0.06650653517528991,0.06650653517528991,0.07985151267942128,7.985151267942129e-05
EWMA,2,2024-01-30,2024-01-31,2024-02-29,XLV,0.1010280185959406,0.06382402211422997,0.07070174434900924,0.07070174434900924,0.07070174434900924,0.16809175738444326,0.8319082426155567,1.0,0.06650653517528991,0.06650653517528991,0.07985151267942128,7.985151267942129e-05
EWMA,3,2024-02-29,2024-03-01,2024-04-01,DBC,0.1263618320159463,0.04931026957391815,0.056527014755181335,0.056527014755181335,0.056527014755181335,0.15118951033400474,0.8488104896659953,1.0,0.06445684945589258,0.06445684945589258,0.06641236906814549,6.641236906814548e-05
EWMA,3,2024-02-29,2024-03-01,2024-04-01,EEM,0.1432835747106176,0.04936549030130508,0.04985119304346783,0.04985119304346783,0.04985119304346783,0.15118951033400474,0.8488104896659953,1.0,0.06445684945589258,0.06445684945589258,0.06641236906814549,6.641236906814548e-05
EWMA,3,2024-02-29,2024-03-01,2024-04-01,EFA,0.1113213319477513,0.06128711050778226,0.06416431619960894,0.06416431619960894,0.06416431619960894,0.15118951033400474,0.8488104896659953,1.0,0.06445684945589258,0.06445684945589258,0.06641236906814549,6.641236906814548e-05
EWMA,3,2024-02-29,2024-03-01,2024-04-01,GLD,0.1023100526779886,0.06060533881632088,0.06981578990422987,0.06981578990422987,0.06981578990422987,0.15118951033400474,0.8488104896659953,1.0,0.06445684945589258,0.06445684945589258,0.06641236906814549,6.641236906814548e-05
EWMA,3,2024-02-29,2024-03-01,2024-04-01,HYG,0.0580512016748786,0.11515490732962336,0.12304408757740122,0.12304408757740122,0.12304408757740122,0.15118951033400474,0.8488104896659953,1.0,0.06445684945589258,0.06445684945589258,0.06641236906814549,6.641236906814548e-05
EWMA,3,2024-02-29,2024-03-01,2024-04-01,IWM,0.2303761226237786,0.03546725293113741,0.03100519733341446,0.03100519733341446,0.03100519733341446,0.15118951033400474,0.8488104896659953,1.0,0.06445684945589258,0.06445684945589258,0.06641236906814549,6.641236906814548e-05
EWMA,3,2024-02-29,2024-03-01,2024-04-01,LQD,0.0825081385470232,0.07839030068473653,0.08657154637886143,0.08657154637886143,0.08657154637886143,0.15118951033400474,0.8488104896659953,1.0,0.06445684945589258,0.06445684945589258,0.06641236906814549,6.641236906814548e-05
EWMA,3,2024-02-29,2024-03-01,2024-04-01,QQQ,0.1561541047488969,0.05155604396795032,0.04574235915439553,0.04574235915439553,0.04574235915439553,0.15118951033400474,0.8488104896659953,1.0,0.06445684945589258,0.06445684945589258,0.06641236906814549,6.641236906814548e-05
EWMA,3,2024-02-29,2024-03-01,2024-04-01,SPY,0.1150693615991689,0.0721558260165342,0.06207436144243571,0.06207436144243571,0.06207436144243571,0.15118951033400474,0.8488104896659953,1.0,0.06445684945589258,0.06445684945589258,0.06641236906814549,6.641236906814548e-05
EWMA,3,2024-02-29,2024-03-01,2024-04-01,TLT,0.163870461109696,0.04122828581004533,0.04358843622265557,0.04358843622265557,0.04358843622265557,0.15118951033400474,0.8488104896659953,1.0,0.06445684945589258,0.06445684945589258,0.06641236906814549,6.641236906814548e-05
EWMA,3,2024-02-29,2024-03-01,2024-04-01,XLE,0.1753422961326849,0.03820988936102442,0.0407366465501969,0.0407366465501969,0.0407366465501969,0.15118951033400474,0.8488104896659953,1.0,0.06445684945589258,0.06445684945589258,0.06641236906814549,6.641236906814548e-05
EWMA,3,2024-02-29,2024-03-01,2024-04-01,XLF,0.1124167825226264,0.0642064498591309,0.06353906403093758,0.06353906403093758,0.06353906403093758,0.15118951033400474,0.8488104896659953,1.0,0.06445684945589258,0.06445684945589258,0.06641236906814549,6.641236906814548e-05
EWMA,3,2024-02-29,2024-03-01,2024-04-01,XLK,0.1753014712977633,0.044740030061753,0.04074613344644689,0.04074613344644689,0.04074613344644689,0.15118951033400474,0.8488104896659953,1.0,0.06445684945589258,0.06445684945589258,0.06641236906814549,6.641236906814548e-05
EWMA,3,2024-02-29,2024-03-01,2024-04-01,XLV,0.1000339304313699,0.07205078701918476,0.07140434362676201,0.07140434362676201,0.07140434362676201,0.15118951033400474,0.8488104896659953,1.0,0.06445684945589258,0.06445684945589258,0.06641236906814549,6.641236906814548e-05
EWMA,4,2024-04-01,2024-04-02,2024-04-30,DBC,0.116264809998909,0.057825865224731605,0.06143610558452012,0.06143610558452012,0.06143610558452012,0.07506146298653049,0.9249385370134695,1.0,0.06227149030972317,0.06227149030972317,0.09531812339553178,9.531812339553179e-05
EWMA,4,2024-04-01,2024-04-02,2024-04-30,EEM,0.1229348477997775,0.04999763579188269,0.058102785912181945,0.058102785912181945,0.058102785912181945,0.07506146298653049,0.9249385370134695,1.0,0.06227149030972317,0.06227149030972317,0.09531812339553178,9.531812339553179e-05
EWMA,4,2024-04-01,2024-04-02,2024-04-30,EFA,0.1004542707384596,0.06437643819684884,0.07110555967753844,0.07110555967753844,0.07110555967753844,0.07506146298653049,0.9249385370134695,1.0,0.06227149030972317,0.06227149030972317,0.09531812339553178,9.531812339553179e-05
EWMA,4,2024-04-01,2024-04-02,2024-04-30,GLD,0.1130374240247531,0.0747004063255067,0.06319019744552025,0.06319019744552025,0.06319019744552025,0.07506146298653049,0.9249385370134695,1.0,0.06227149030972317,0.06227149030972317,0.09531812339553178,9.531812339553179e-05
EWMA,4,2024-04-01,2024-04-02,2024-04-30,HYG,0.0508046923861769,0.12074000835695428,0.14059443739099567,0.14059443739099567,0.14059443739099567,0.07506146298653049,0.9249385370134695,1.0,0.06227149030972317,0.06227149030972317,0.09531812339553178,9.531812339553179e-05
EWMA,4,2024-04-01,2024-04-02,2024-04-30,IWM,0.2002427180921765,0.03097899954249336,0.03567099573413259,0.03567099573413259,0.03567099573413259,0.07506146298653049,0.9249385370134695,1.0,0.06227149030972317,0.06227149030972317,0.09531812339553178,9.531812339553179e-05
EWMA,4,2024-04-01,2024-04-02,2024-04-30,LQD,0.0749294126427558,0.08485816001260728,0.09532781441798366,0.09532781441798366,0.09532781441798366,0.07506146298653049,0.9249385370134695,1.0,0.06227149030972317,0.06227149030972317,0.09531812339553178,9.531812339553179e-05
EWMA,4,2024-04-01,2024-04-02,2024-04-30,QQQ,0.1470538831827958,0.0452475038436395,0.04857306035215807,0.04857306035215807,0.04857306035215807,0.07506146298653049,0.9249385370134695,1.0,0.06227149030972317,0.06227149030972317,0.09531812339553178,9.531812339553179e-05
EWMA,4,2024-04-01,2024-04-02,2024-04-30,SPY,0.1036831685467067,0.06237155328040724,0.06889119268803463,0.06889119268803463,0.06889119268803463,0.07506146298653049,0.9249385370134695,1.0,0.06227149030972317,0.06227149030972317,0.09531812339553178,9.531812339553179e-05
EWMA,4,2024-04-01,2024-04-02,2024-04-30,TLT,0.1466013554365315,0.04201859444734706,0.0487229952382638,0.0487229952382638,0.0487229952382638,0.07506146298653049,0.9249385370134695,1.0,0.06227149030972317,0.06227149030972317,0.09531812339553178,9.531812339553179e-05
EWMA,4,2024-04-01,2024-04-02,2024-04-30,XLE,0.1491856077533522,0.044193425870292576,0.04787899617412419,0.04787899617412419,0.04787899617412419,0.07506146298653049,0.9249385370134695,1.0,0.06227149030972317,0.06227149030972317,0.09531812339553178,9.531812339553179e-05
EWMA,4,2024-04-01,2024-04-02,2024-04-30,XLF,0.1059474072473774,0.06455097679893841,0.0674188951710657,0.0674188951710657,0.0674188951710657,0.07506146298653049,0.9249385370134695,1.0,0.06227149030972317,0.06227149030972317,0.09531812339553178,9.531812339553179e-05
EWMA,4,2024-04-01,2024-04-02,2024-04-30,XLK,0.1694215203538263,0.04013882295355564,0.042160270595729105,0.042160270595729105,0.042160270595729105,0.07506146298653049,0.9249385370134695,1.0,0.06227149030972317,0.06227149030972317,0.09531812339553178,9.531812339553179e-05
EWMA,4,2024-04-01,2024-04-02,2024-04-30,XLV,0.0941519202331086,0.07064244073270547,0.07586523063122137,0.07586523063122137,0.07586523063122137,0.07506146298653049,0.9249385370134695,1.0,0.06227149030972317,0.06227149030972317,0.09531812339553178,9.531812339553179e-05
EWMA,5,2024-04-30,2024-05-01,2024-05-30,DBC,0.1083520877058836,0.06353358964936935,0.06592265358325237,0.06592265358325237,0.06592265358325237,0.1531267653325491,0.8468732346674509,1.0,0.06322195251752868,0.06322195251752868,0.09180713940605842,9.180713940605842e-05
EWMA,5,2024-04-30,2024-05-01,2024-05-30,EEM,0.1362294094602585,0.05918610390765984,0.0524325633588017,0.0524325633588017,0.0524325633588017,0.1531267653325491,0.8468732346674509,1.0,0.06322195251752868,0.06322195251752868,0.09180713940605842,9.180713940605842e-05
EWMA,5,2024-04-30,2024-05-01,2024-05-30,EFA,0.1142450603855333,0.07065661146602364,0.06252224051309298,0.06252224051309298,0.06252224051309298,0.1531267653325491,0.8468732346674509,1.0,0.06322195251752868,0.06322195251752868,0.09180713940605842,9.180713940605842e-05
EWMA,5,2024-04-30,2024-05-01,2024-05-30,GLD,0.1536179517955281,0.06587892626841042,0.04649754185216962,0.04649754185216962,0.04649754185216962,0.1531267653325491,0.8468732346674509,1.0,0.06322195251752868,0.06322195251752868,0.09180713940605842,9.180713940605842e-05
EWMA,5,2024-04-30,2024-05-01,2024-05-30,HYG,0.055263479333913,0.14241209502712746,0.12925094888974634,0.12925094888974634,0.12925094888974634,0.1531267653325491,0.8468732346674509,1.0,0.06322195251752868,0.06322195251752868,0.09180713940605842,9.180713940605842e-05
EWMA,5,2024-04-30,2024-05-01,2024-05-30,IWM,0.1962715711156322,0.034303102651878706,0.036392724133486314,0.036392724133486314,0.036392724133486314,0.1531267653325491,0.8468732346674509,1.0,0.06322195251752868,0.06322195251752868,0.09180713940605842,9.180713940605842e-05
EWMA,5,2024-04-30,2024-05-01,2024-05-30,LQD,0.0765203039086377,0.09523463388257417,0.0933459066156538,0.0933459066156538,0.0933459066156538,0.1531267653325491,0.8468732346674509,1.0,0.06322195251752868,0.06322195251752868,0.09180713940605842,9.180713940605842e-05
EWMA,5,2024-04-30,2024-05-01,2024-05-30,QQQ,0.1709249249237303,0.047398946693535796,0.04178944145240615,0.04178944145240615,0.04178944145240615,0.1531267653325491,0.8468732346674509,1.0,0.06322195251752868,0.06322195251752868,0.09180713940605842,9.180713940605842e-05
EWMA,5,2024-04-30,2024-05-01,2024-05-30,SPY,0.123102397402992,0.06772690543182305,0.05802370460320162,0.05802370460320162,0.05802370460320162,0.1531267653325491,0.8468732346674509,1.0,0.06322195251752868,0.06322195251752868,0.09180713940605842,9.180713940605842e-05
EWMA,5,2024-04-30,2024-05-01,2024-05-30,TLT,0.1407868053409638,0.047494058894561896,0.050735273987915636,0.050735273987915636,0.050735273987915636,0.1531267653325491,0.8468732346674509,1.0,0.06322195251752868,0.06322195251752868,0.09180713940605842,9.180713940605842e-05
EWMA,5,2024-04-30,2024-05-01,2024-05-30,XLE,0.1629041323581216,0.048143548738628084,0.043846997859787774,0.043846997859787774,0.043846997859787774,0.1531267653325491,0.8468732346674509,1.0,0.06322195251752868,0.06322195251752868,0.09180713940605842,9.180713940605842e-05
EWMA,5,2024-04-30,2024-05-01,2024-05-30,XLF,0.1186432826090239,0.06642584791652077,0.060204480066483455,0.060204480066483455,0.060204480066483455,0.1531267653325491,0.8468732346674509,1.0,0.06322195251752868,0.06322195251752868,0.09180713940605842,9.180713940605842e-05
EWMA,5,2024-04-30,2024-05-01,2024-05-30,XLK,0.1885958847094015,0.04051702620157524,0.0378738759536733,0.0378738759536733,0.0378738759536733,0.1531267653325491,0.8468732346674509,1.0,0.06322195251752868,0.06322195251752868,0.09180713940605842,9.180713940605842e-05
EWMA,5,2024-04-30,2024-05-01,2024-05-30,XLV,0.1049881612800894,0.0743291763261323,0.06803488179777997,0.06803488179777997,0.06803488179777997,0.1531267653325491,0.8468732346674509,1.0,0.06322195251752868,0.06322195251752868,0.09180713940605842,9.180713940605842e-05
EWMA,6,2024-05-30,2024-05-31,2024-07-01,DBC,0.1267107987576022,0.06478856089393366,0.05637133703593354,0.05637133703593354,0.05637133703593354,0.12617085984701137,0.8738291401529886,1.0,0.06440602042234349,0.06440602042234349,0.05198791073971904,5.198791073971904e-05
EWMA,6,2024-05-30,2024-05-31,2024-07-01,EEM,0.1299808625432222,0.052960928955252215,0.054953144663753464,0.054953144663753464,0.054953144663753464,0.12617085984701137,0.8738291401529886,1.0,0.06440602042234349,0.06440602042234349,0.05198791073971904,5.198791073971904e-05
EWMA,6,2024-05-30,2024-05-31,2024-07-01,EFA,0.1159814420464403,0.063834237828156,0.061586207386497754,0.061586207386497754,0.061586207386497754,0.12617085984701137,0.8738291401529886,1.0,0.06440602042234349,0.06440602042234349,0.05198791073971904,5.198791073971904e-05
EWMA,6,2024-05-30,2024-05-31,2024-07-01,GLD,0.1593805695104886,0.04663143970687128,0.044816361020639225,0.044816361020639225,0.044816361020639225,0.12617085984701137,0.8738291401529886,1.0,0.06440602042234349,0.06440602042234349,0.05198791073971904,5.198791073971904e-05
EWMA,6,2024-05-30,2024-05-31,2024-07-01,HYG,0.0524431224880043,0.12843093658739452,0.13620198043110385,0.13620198043110385,0.13620198043110385,0.12617085984701137,0.8738291401529886,1.0,0.06440602042234349,0.06440602042234349,0.05198791073971904,5.198791073971904e-05
EWMA,6,2024-05-30,2024-05-31,2024-07-01,IWM,0.1763659910848871,0.03719090347261663,0.040500195638166994,0.040500195638166994,0.040500195638166994,0.12617085984701137,0.8738291401529886,1.0,0.06440602042234349,0.06440602042234349,0.05198791073971904,5.198791073971904e-05
EWMA,6,2024-05-30,2024-05-31,2024-07-01,LQD,0.0721546913931635,0.09319889439045526,0.09899366215755048,0.09899366215755048,0.09899366215755048,0.12617085984701137,0.8738291401529886,1.0,0.06440602042234349,0.06440602042234349,0.05198791073971904,5.198791073971904e-05
EWMA,6,2024-05-30,2024-05-31,2024-07-01,QQQ,0.1494530766690439,0.043603630153321554,0.04779330945909284,0.04779330945909284,0.04779330945909284,0.12617085984701137,0.8738291401529886,1.0,0.06440602042234349,0.06440602042234349,0.05198791073971904,5.198791073971904e-05
EWMA,6,2024-05-30,2024-05-31,2024-07-01,SPY,0.1097511186927968,0.05926751606890548,0.0650823174099085,0.0650823174099085,0.0650823174099085,0.12617085984701137,0.8738291401529886,1.0,0.06440602042234349,0.06440602042234349,0.05198791073971904,5.198791073971904e-05
EWMA,6,2024-05-30,2024-05-31,2024-07-01,TLT,0.1320693629423519,0.05086879743994234,0.05408413415286171,0.05408413415286171,0.05408413415286171,0.12617085984701137,0.8738291401529886,1.0,0.06440602042234349,0.06440602042234349,0.05198791073971904,5.198791073971904e-05
EWMA,6,2024-05-30,2024-05-31,2024-07-01,XLE,0.1565651425992801,0.041832155924608296,0.04562226958230987,0.04562226958230987,0.04562226958230987,0.12617085984701137,0.8738291401529886,1.0,0.06440602042234349,0.06440602042234349,0.05198791073971904,5.198791073971904e-05
EWMA,6,2024-05-30,2024-05-31,2024-07-01,XLF,0.1199764178132164,0.06006272486423957,0.05953550933632141,0.05953550933632141,0.05953550933632141,0.12617085984701137,0.8738291401529886,1.0,0.06440602042234349,0.06440602042234349,0.05198791073971904,5.198791073971904e-05
EWMA,6,2024-05-30,2024-05-31,2024-07-01,XLK,0.1842294875552846,0.03972586258693192,0.03877151935687643,0.03877151935687643,0.03877151935687643,0.12617085984701137,0.8738291401529886,1.0,0.06440602042234349,0.06440602042234349,0.05198791073971904,5.198791073971904e-05
EWMA,6,2024-05-30,2024-05-31,2024-07-01,XLV,0.1027495053198455,0.067368424028369,0.06951719252197255,0.06951719252197255,0.06951719252197255,0.12617085984701137,0.8738291401529886,1.0,0.06440602042234349,0.06440602042234349,0.05198791073971904,5.198791073971904e-05
EWMA,7,2024-07-01,2024-07-02,2024-07-31,DBC,0.1284671482731943,0.05590247682173375,0.05560065151961933,0.05560065151961933,0.05560065151961933,0.06634390408033386,0.9336560959196661,1.0,0.06680097224139656,0.06680097224139656,0.08620953414941698,8.620953414941699e-05
EWMA,7,2024-07-01,2024-07-02,2024-07-31,EEM,0.1189137123212292,0.05515563295606068,0.06006756498831427,0.06006756498831427,0.06006756498831427,0.06634390408033386,0.9336560959196661,1.0,0.06680097224139656,0.06680097224139656,0.08620953414941698,8.620953414941699e-05
EWMA,7,2024-07-01,2024-07-02,2024-07-31,EFA,0.1141158515078697,0.06025407856621836,0.06259303198000109,0.06259303198000109,0.06259303198000109,0.06634390408033386,0.9336560959196661,1.0,0.06680097224139656,0.06680097224139656,0.08620953414941698,8.620953414941699e-05
EWMA,7,2024-07-01,2024-07-02,2024-07-31,GLD,0.1674980976488234,0.043956377499164305,0.04264440756714062,0.04264440756714062,0.04264440756714062,0.06634390408033386,0.9336560959196661,1.0,0.06680097224139656,0.06680097224139656,0.08620953414941698,8.620953414941699e-05
EWMA,7,2024-07-01,2024-07-02,2024-07-31,HYG,0.0443987143708217,0.13529866522846987,0.1608798192488056,0.1608798192488056,0.1608798192488056,0.06634390408033386,0.9336560959196661,1.0,0.06680097224139656,0.06680097224139656,0.08620953414941698,8.620953414941699e-05
EWMA,7,2024-07-01,2024-07-02,2024-07-31,IWM,0.1575769329570062,0.03945779247882773,0.04532933221137146,0.04532933221137146,0.04532933221137146,0.06634390408033386,0.9336560959196661,1.0,0.06680097224139656,0.06680097224139656,0.08620953414941698,8.620953414941699e-05
EWMA,7,2024-07-01,2024-07-02,2024-07-31,LQD,0.0716844386069887,0.09797413700428753,0.09964306454317085,0.09964306454317085,0.09964306454317085,0.06634390408033386,0.9336560959196661,1.0,0.06680097224139656,0.06680097224139656,0.08620953414941698,8.620953414941699e-05
EWMA,7,2024-07-01,2024-07-02,2024-07-31,QQQ,0.1341429990901988,0.050340931551796995,0.05324807996915463,0.05324807996915463,0.05324807996915463,0.06634390408033386,0.9336560959196661,1.0,0.06680097224139656,0.06680097224139656,0.08620953414941698,8.620953414941699e-05
EWMA,7,2024-07-01,2024-07-02,2024-07-31,SPY,0.0903916700583563,0.06713465305150008,0.07902118788430128,0.07902118788430128,0.07902118788430128,0.06634390408033386,0.9336560959196661,1.0,0.06680097224139656,0.06680097224139656,0.08620953414941698,8.620953414941699e-05
EWMA,7,2024-07-01,2024-07-02,2024-07-31,TLT,0.1543346572216341,0.05368637553455008,0.046281614715997066,0.046281614715997066,0.046281614715997066,0.06634390408033386,0.9336560959196661,1.0,0.06680097224139656,0.06680097224139656,0.08620953414941698,8.620953414941699e-05
EWMA,7,2024-07-01,2024-07-02,2024-07-31,XLE,0.1680547446459023,0.045444958854962525,0.0425031566821122,0.0425031566821122,0.0425031566821122,0.06634390408033386,0.9336560959196661,1.0,0.06680097224139656,0.06680097224139656,0.08620953414941698,8.620953414941699e-05
EWMA,7,2024-07-01,2024-07-02,2024-07-31,XLF,0.1097775694770307,0.059125846863517004,0.0650666358973422,0.0650666358973422,0.0650666358973422,0.06634390408033386,0.9336560959196661,1.0,0.06680097224139656,0.06680097224139656,0.08620953414941698,8.620953414941699e-05
EWMA,7,2024-07-01,2024-07-02,2024-07-31,XLK,0.1812006820037581,0.04157404448489847,0.03941959303833636,0.03941959303833636,0.03941959303833636,0.06634390408033386,0.9336560959196661,1.0,0.06680097224139656,0.06680097224139656,0.08620953414941698,8.620953414941699e-05
EWMA,7,2024-07-01,2024-07-02,2024-07-31,XLV,0.0877954354148048,0.07037021021846881,0.08135795567399913,0.08135795567399913,0.08135795567399913,0.06634390408033386,0.9336560959196661,1.0,0.06680097224139656,0.06680097224139656,0.08620953414941698,8.620953414941699e-05
EWMA,8,2024-07-31,2024-08-01,2024-08-29,DBC,0.1321963588450355,0.05220285068022706,0.05403217762775306,0.05403217762775306,0.05403217762775306,0.14116703217180226,0.8588329678281977,1.0,0.05766609973260246,0.05766609973260246,0.1250183341604639,0.0001250183341604639
EWMA,8,2024-07-31,2024-08-01,2024-08-29,EEM,0.1400907688812766,0.05912748291291603,0.05098735055776968,0.05098735055776968,0.05098735055776968,0.14116703217180226,0.8588329678281977,1.0,0.05766609973260246,0.05766609973260246,0.1250183341604639,0.0001250183341604639
EWMA,8,2024-07-31,2024-08-01,2024-08-29,EFA,0.1264706174771364,0.06271545716739875,0.056478392256987614,0.056478392256987614,0.056478392256987614,0.14116703217180226,0.8588329678281977,1.0,0.05766609973260246,0.05766609973260246,0.1250183341604639,0.0001250183341604639
EWMA,8,2024-07-31,2024-08-01,2024-08-29,GLD,0.1686787875573956,0.04384803555173433,0.042345912288625345,0.042345912288625345,0.042345912288625345,0.14116703217180226,0.8588329678281977,1.0,0.05766609973260246,0.05766609973260246,0.1250183341604639,0.0001250183341604639
EWMA,8,2024-07-31,2024-08-01,2024-08-29,HYG,0.0405749751952649,0.16113732601298428,0.17604094909442394,0.17604094909442394,0.17604094909442394,0.14116703217180226,0.8588329678281977,1.0,0.05766609973260246,0.05766609973260246,0.1250183341604639,0.0001250183341604639
EWMA,8,2024-07-31,2024-08-01,2024-08-29,IWM,0.2018146883827799,0.04934711165908159,0.03539314804138219,0.03539314804138219,0.03539314804138219,0.14116703217180226,0.8588329678281977,1.0,0.05766609973260246,0.05766609973260246,0.1250183341604639,0.0001250183341604639
EWMA,8,2024-07-31,2024-08-01,2024-08-29,LQD,0.0691734749153369,0.10065957789789838,0.10326005960520936,0.10326005960520936,0.10326005960520936,0.14116703217180226,0.8588329678281977,1.0,0.05766609973260246,0.05766609973260246,0.1250183341604639,0.0001250183341604639
EWMA,8,2024-07-31,2024-08-01,2024-08-29,QQQ,0.201427847916719,0.050924498577536156,0.03546112028069912,0.03546112028069912,0.03546112028069912,0.14116703217180226,0.8588329678281977,1.0,0.05766609973260246,0.05766609973260246,0.1250183341604639,0.0001250183341604639
EWMA,8,2024-07-31,2024-08-01,2024-08-29,SPY,0.1242669158359126,0.07808908384954193,0.05747995832043405,0.05747995832043405,0.05747995832043405,0.14116703217180226,0.8588329678281977,1.0,0.05766609973260246,0.05766609973260246,0.1250183341604639,0.0001250183341604639
EWMA,8,2024-07-31,2024-08-01,2024-08-29,TLT,0.1394972923651609,0.04774928695534219,0.051204270862543665,0.051204270862543665,0.051204270862543665,0.14116703217180226,0.8588329678281977,1.0,0.05766609973260246,0.05766609973260246,0.1250183341604639,0.0001250183341604639
EWMA,8,2024-07-31,2024-08-01,2024-08-29,XLE,0.1619931723964394,0.04250120408603389,0.04409356911275689,0.04409356911275689,0.04409356911275689,0.14116703217180226,0.8588329678281977,1.0,0.05766609973260246,0.05766609973260246,0.1250183341604639,0.0001250183341604639
EWMA,8,2024-07-31,2024-08-01,2024-08-29,XLF,0.1233853862856037,0.06758529980466697,0.05789062512089857,0.05789062512089857,0.05789062512089857,0.14116703217180226,0.8588329678281977,1.0,0.05766609973260246,0.05766609973260246,0.1250183341604639,0.0001250183341604639
EWMA,8,2024-07-31,2024-08-01,2024-08-29,XLK,0.2661842658986087,0.03702126094595856,0.02683425753488338,0.02683425753488338,0.02683425753488338,0.14116703217180226,0.8588329678281977,1.0,0.05766609973260246,0.05766609973260246,0.1250183341604639,0.0001250183341604639
EWMA,8,2024-07-31,2024-08-01,2024-08-29,XLV,0.1060854339397705,0.08218126454693925,0.06733117712383084,0.06733117712383084,0.06733117712383084,0.14116703217180226,0.8588329678281977,1.0,0.05766609973260246,0.05766609973260246,0.1250183341604639,0.0001250183341604639
EWMA,9,2024-08-29,2024-08-30,2024-09-30,DBC,0.1433405838510242,0.05281399706315767,0.04983136632316784,0.04983136632316784,0.04983136632316784,0.1988121753625679,0.8011878246374321,1.0,0.06211716728074159,0.06211716728074159,0.07399538755976637,7.399538755976637e-05
EWMA,9,2024-08-29,2024-08-30,2024-09-30,EEM,0.1621127505086781,0.05071485686280726,0.04406104467689466,0.04406104467689466,0.04406104467689466,0.1988121753625679,0.8011878246374321,1.0,0.06211716728074159,0.06211716728074159,0.07399538755976637,7.399538755976637e-05
EWMA,9,2024-08-29,2024-08-30,2024-09-30,EFA,0.1517441364268224,0.057475607476111835,0.047071717636363086,0.047071717636363086,0.047071717636363086,0.1988121753625679,0.8011878246374321,1.0,0.06211716728074159,0.06211716728074159,0.07399538755976637,7.399538755976637e-05
EWMA,9,2024-08-29,2024-08-30,2024-09-30,GLD,0.1560610310326685,0.04297924873198668,0.04576963958005582,0.04576963958005582,0.04576963958005582,0.1988121753625679,0.8011878246374321,1.0,0.06211716728074159,0.06211716728074159,0.07399538755976637,7.399538755976637e-05
EWMA,9,2024-08-29,2024-08-30,2024-09-30,HYG,0.0410719932765031,0.17643166542263333,0.17391065232140812,0.17391065232140812,0.17391065232140812,0.1988121753625679,0.8011878246374321,1.0,0.06211716728074159,0.06211716728074159,0.07399538755976637,7.399538755976637e-05
EWMA,9,2024-08-29,2024-08-30,2024-09-30,IWM,0.2409431578322707,0.034147473257237465,0.029645403534677445,0.029645403534677445,0.029645403534677445,0.1988121753625679,0.8011878246374321,1.0,0.06211716728074159,0.06211716728074159,0.07399538755976637,7.399538755976637e-05
EWMA,9,2024-08-29,2024-08-30,2024-09-30,LQD,0.065776266987868,0.10412102308198555,0.10859322776974552,0.10859322776974552,0.10859322776974552,0.1988121753625679,0.8011878246374321,1.0,0.06211716728074159,0.06211716728074159,0.07399538755976637,7.399538755976637e-05
EWMA,9,2024-08-29,2024-08-30,2024-09-30,QQQ,0.2195488187691476,0.03497219985085966,0.03253425449019497,0.03253425449019497,0.03253425449019497,0.1988121753625679,0.8011878246374321,1.0,0.06211716728074159,0.06211716728074159,0.07399538755976637,7.399538755976637e-05
EWMA,9,2024-08-29,2024-08-30,2024-09-30,SPY,0.151206101506891,0.05751350022964668,0.04723921238410883,0.04723921238410883,0.04723921238410883,0.1988121753625679,0.8011878246374321,1.0,0.06211716728074159,0.06211716728074159,0.07399538755976637,7.399538755976637e-05
EWMA,9,2024-08-29,2024-08-30,2024-09-30,TLT,0.1428622150717107,0.052165606971920964,0.04999822478793105,0.04999822478793105,0.04999822478793105,0.1988121753625679,0.8011878246374321,1.0,0.06211716728074159,0.06211716728074159,0.07399538755976637,7.399538755976637e-05
EWMA,9,2024-08-29,2024-08-30,2024-09-30,XLE,0.1881358022323225,0.042463556434720946,0.03796649578710527,0.03796649578710527,0.03796649578710527,0.1988121753625679,0.8011878246374321,1.0,0.06211716728074159,0.06211716728074159,0.07399538755976637,7.399538755976637e-05
EWMA,9,2024-08-29,2024-08-30,2024-09-30,XLF,0.1458404106870569,0.059193258403981194,0.04897721495165167,0.04897721495165167,0.04897721495165167,0.1988121753625679,0.8011878246374321,1.0,0.06211716728074159,0.06211716728074159,0.07399538755976637,7.399538755976637e-05
EWMA,9,2024-08-29,2024-08-30,2024-09-30,XLK,0.2854239941977005,0.026322698920688704,0.025025426341380407,0.025025426341380407,0.025025426341380407,0.1988121753625679,0.8011878246374321,1.0,0.06211716728074159,0.06211716728074159,0.07399538755976637,7.399538755976637e-05
EWMA,9,2024-08-29,2024-08-30,2024-09-30,XLV,0.1179391014666443,0.06934332841780227,0.060563944052747384,0.060563944052747384,0.060563944052747384,0.1988121753625679,0.8011878246374321,1.0,0.06211716728074159,0.06211716728074159,0.07399538755976637,7.399538755976637e-05
EWMA,10,2024-09-30,2024-10-01,2024-10-30,DBC,0.1541073490193099,0.04900407306936436,0.04634988005641529,0.04634988005641529,0.04634988005641529,0.1431869492900203,0.8568130507099797,1.0,0.06965650317510359,0.06965650317510359,0.08271954003700646,8.271954003700647e-05
EWMA,10,2024-09-30,2024-10-01,2024-10-30,EEM,0.202899393068986,0.04609805449054066,0.035203935481603756,0.035203935481603756,0.035203935481603756,0.1431869492900203,0.8568130507099797,1.0,0.06965650317510359,0.06965650317510359,0.08271954003700646,8.271954003700647e-05
EWMA,10,2024-09-30,2024-10-01,2024-10-30,EFA,0.1553257095391501,0.0469148864052321,0.04598631587809856,0.04598631587809856,0.04598631587809856,0.1431869492900203,0.8568130507099797,1.0,0.06965650317510359,0.06965650317510359,0.08271954003700646,8.271954003700647e-05
EWMA,10,2024-09-30,2024-10-01,2024-10-30,GLD,0.1450338398543508,0.04715299469448183,0.0492495899579733,0.0492495899579733,0.0492495899579733,0.1431869492900203,0.8568130507099797,1.0,0.06965650317510359,0.06965650317510359,0.08271954003700646,8.271954003700647e-05
EWMA,10,2024-09-30,2024-10-01,2024-10-30,HYG,0.035971307673136,0.17465068948671394,0.1985709612717681,0.1985709612717681,0.1985709612717681,0.1431869492900203,0.8568130507099797,1.0,0.06965650317510359,0.06965650317510359,0.08271954003700646,8.271954003700647e-05
EWMA,10,2024-09-30,2024-10-01,2024-10-30,IWM,0.2144517662125894,0.02965013638650958,0.03330752303423007,0.03330752303423007,0.03330752303423007,0.1431869492900203,0.8568130507099797,1.0,0.06965650317510359,0.06965650317510359,0.08271954003700646,8.271954003700647e-05
EWMA,10,2024-09-30,2024-10-01,2024-10-30,LQD,0.0578806570873871,0.10902274822729756,0.12340663534750469,0.12340663534750469,0.12340663534750469,0.1431869492900203,0.8568130507099797,1.0,0.06965650317510359,0.06965650317510359,0.08271954003700646,8.271954003700647e-05
EWMA,10,2024-09-30,2024-10-01,2024-10-30,QQQ,0.2055062018805083,0.03335850170514575,0.03475737995980462,0.03475737995980462,0.03475737995980462,0.1431869492900203,0.8568130507099797,1.0,0.06965650317510359,0.06965650317510359,0.08271954003700646,8.271954003700647e-05
EWMA,10,2024-09-30,2024-10-01,2024-10-30,SPY,0.1387087721397878,0.0480770163459177,0.05149535269232087,0.05149535269232087,0.05149535269232087,0.1431869492900203,0.8568130507099797,1.0,0.06965650317510359,0.06965650317510359,0.08271954003700646,8.271954003700647e-05
EWMA,10,2024-09-30,2024-10-01,2024-10-30,TLT,0.1277159677774534,0.04981699219548369,0.05592767503671629,0.05592767503671629,0.05592767503671629,0.1431869492900203,0.8568130507099797,1.0,0.06965650317510359,0.06965650317510359,0.08271954003700646,8.271954003700647e-05
EWMA,10,2024-09-30,2024-10-01,2024-10-30,XLE,0.1975016252406197,0.03649159694378257,0.036166067667316025,0.036166067667316025,0.036166067667316025,0.1431869492900203,0.8568130507099797,1.0,0.06965650317510359,0.06965650317510359,0.08271954003700646,8.271954003700647e-05
EWMA,10,2024-09-30,2024-10-01,2024-10-30,XLF,0.1351745124836517,0.04854483943362621,0.052841745175304516,0.052841745175304516,0.052841745175304516,0.1431869492900203,0.8568130507099797,1.0,0.06965650317510359,0.06965650317510359,0.08271954003700646,8.271954003700647e-05
EWMA,10,2024-09-30,2024-10-01,2024-10-30,XLK,0.269980938141687,0.02570096515640006,0.026456894297880187,0.026456894297880187,0.026456894297880187,0.1431869492900203,0.8568130507099797,1.0,0.06965650317510359,0.06965650317510359,0.08271954003700646,8.271954003700647e-05
EWMA,10,2024-09-30,2024-10-01,2024-10-30,XLV,0.1064618819343843,0.059214839783449234,0.06709309485304331,0.06709309485304331,0.06709309485304331,0.1431869492900203,0.8568130507099797,1.0,0.06965650317510359,0.06965650317510359,0.08271954003700646,8.271954003700647e-05
EWMA,11,2024-10-30,2024-10-31,2024-12-02,DBC,0.1804927660703456,0.047814917190601214,0.03957420177201602,0.03957420177201602,0.03957420177201602,0.10785690000438164,0.8921430999956184,1.0,0.06697603913713202,0.06697603913713202,0.06705437878387391,6.705437878387391e-05
EWMA,11,2024-10-30,2024-10-31,2024-12-02,EEM,0.183253268626148,0.0347600605407925,0.0389780613268578,0.0389780613268578,0.0389780613268578,0.10785690000438164,0.8921430999956184,1.0,0.06697603913713202,0.06697603913713202,0.06705437878387391,6.705437878387391e-05
EWMA,11,2024-10-30,2024-10-31,2024-12-02,EFA,0.136151702298773,0.044051276469225055,0.052462488696489215,0.052462488696489215,0.052462488696489215,0.10785690000438164,0.8921430999956184,1.0,0.06697603913713202,0.06697603913713202,0.06705437878387391,6.705437878387391e-05
EWMA,11,2024-10-30,2024-10-31,2024-12-02,GLD,0.1269050998272022,0.05267668148758309,0.05628502836042895,0.05628502836042895,0.05628502836042895,0.10785690000438164,0.8921430999956184,1.0,0.06697603913713202,0.06697603913713202,0.06705437878387391,6.705437878387391e-05
EWMA,11,2024-10-30,2024-10-31,2024-12-02,HYG,0.0360693440602041,0.1986743839584512,0.19803124589498633,0.19803124589498633,0.19803124589498633,0.10785690000438164,0.8921430999956184,1.0,0.06697603913713202,0.06697603913713202,0.06705437878387391,6.705437878387391e-05
EWMA,11,2024-10-30,2024-10-31,2024-12-02,IWM,0.185580916245082,0.03341014944861491,0.03848917920754383,0.03848917920754383,0.03848917920754383,0.10785690000438164,0.8921430999956184,1.0,0.06697603913713202,0.06697603913713202,0.06705437878387391,6.705437878387391e-05
EWMA,11,2024-10-30,2024-10-31,2024-12-02,LQD,0.0615687688147482,0.12066646239816942,0.11601429231675882,0.11601429231675882,0.11601429231675882,0.10785690000438164,0.8921430999956184,1.0,0.06697603913713202,0.06697603913713202,0.06705437878387391,6.705437878387391e-05
EWMA,11,2024-10-30,2024-10-31,2024-12-02,QQQ,0.1732496428617471,0.03533408490853286,0.04122869764618869,0.04122869764618869,0.04122869764618869,0.10785690000438164,0.8921430999956184,1.0,0.06697603913713202,0.06697603913713202,0.06705437878387391,6.705437878387391e-05
EWMA,11,2024-10-30,2024-10-31,2024-12-02,SPY,0.1155090030521122,0.05204508646619823,0.06183809879853801,0.06183809879853801,0.06183809879853801,0.10785690000438164,0.8921430999956184,1.0,0.06697603913713202,0.06697603913713202,0.06705437878387391,6.705437878387391e-05
EWMA,11,2024-10-30,2024-10-31,2024-12-02,TLT,0.1249640328190604,0.053171652246029266,0.057159304015096286,0.057159304015096286,0.057159304015096286,0.10785690000438164,0.8921430999956184,1.0,0.06697603913713202,0.06697603913713202,0.06705437878387391,6.705437878387391e-05
EWMA,11,2024-10-30,2024-10-31,2024-12-02,XLE,0.1933567935647229,0.0365694060088453,0.03694133012433407,0.03694133012433407,0.03694133012433407,0.10785690000438164,0.8921430999956184,1.0,0.06697603913713202,0.06697603913713202,0.06705437878387391,6.705437878387391e-05
EWMA,11,2024-10-30,2024-10-31,2024-12-02,XLF,0.1340368705823739,0.055046417499413774,0.053290241049513444,0.053290241049513444,0.053290241049513444,0.10785690000438164,0.8921430999956184,1.0,0.06697603913713202,0.06697603913713202,0.06705437878387391,6.705437878387391e-05
EWMA,11,2024-10-30,2024-10-31,2024-12-02,XLK,0.2275775417791409,0.026773144755170394,0.031386476394006976,0.031386476394006976,0.031386476394006976,0.10785690000438164,0.8921430999956184,1.0,0.06697603913713202,0.06697603913713202,0.06705437878387391,6.705437878387391e-05
EWMA,11,2024-10-30,2024-10-31,2024-12-02,XLV,0.1013682317475081,0.06467939786083925,0.07046445439285995,0.07046445439285995,0.07046445439285995,0.10785690000438164,0.8921430999956184,1.0,0.06697603913713202,0.06697603913713202,0.06705437878387391,6.705437878387391e-05
EWMA,12,2024-12-02,2024-12-03,2025-01-02,DBC,0.164724891200314,0.03871918918748895,0.04336234245358256,0.04336234245358256,0.04336234245358256,0.16838608600932892,0.8316139139906711,1.0,0.05049542236081338,0.05049542236081338,0.10378344203911335,0.00010378344203911335
EWMA,12,2024-12-02,2024-12-03,2025-01-02,EEM,0.1678971153036068,0.03747469431927392,0.04254306055193849,0.04254306055193849,0.04254306055193849,0.16838608600932892,0.8316139139906711,1.0,0.05049542236081338,0.05049542236081338,0.10378344203911335,0.00010378344203911335
EWMA,12,2024-12-02,2024-12-03,2025-01-02,EFA,0.1337691329402658,0.05121545891582961,0.05339690095806156,0.05339690095806156,0.05339690095806156,0.16838608600932892,0.8316139139906711,1.0,0.05049542236081338,0.05049542236081338,0.10378344203911335,0.00010378344203911335
EWMA,12,2024-12-02,2024-12-03,2025-01-02,GLD,0.17058128375618,0.05355832816824414,0.04187362754912063,0.04187362754912063,0.04187362754912063,0.16838608600932892,0.8316139139906711,1.0,0.05049542236081338,0.05049542236081338,0.10378344203911335,0.00010378344203911335
EWMA,12,2024-12-02,2024-12-03,2025-01-02,HYG,0.0349220316623669,0.1974461205685773,0.20453727354455484,0.20453727354455484,0.20453727354455484,0.16838608600932892,0.8316139139906711,1.0,0.05049542236081338,0.05049542236081338,0.10378344203911335,0.00010378344203911335
EWMA,12,2024-12-02,2024-12-03,2025-01-02,IWM,0.2151556637404252,0.04068858129462031,0.033198555030717905,0.033198555030717905,0.033198555030717905,0.16838608600932892,0.8316139139906711,1.0,0.05049542236081338,0.05049542236081338,0.10378344203911335,0.00010378344203911335
EWMA,12,2024-12-02,2024-12-03,2025-01-02,LQD,0.0765448460099846,0.11624157095884181,0.09331597769398374,0.09331597769398374,0.09331597769398374,0.16838608600932892,0.8316139139906711,1.0,0.05049542236081338,0.05049542236081338,0.10378344203911335,0.00010378344203911335
EWMA,12,2024-12-02,2024-12-03,2025-01-02,QQQ,0.1734285932733545,0.04209153662946468,0.04118615626201108,0.04118615626201108,0.04118615626201108,0.16838608600932892,0.8316139139906711,1.0,0.05049542236081338,0.05049542236081338,0.10378344203911335,0.00010378344203911335
EWMA,12,2024-12-02,2024-12-03,2025-01-02,SPY,0.12071061685822,0.06319491791301203,0.059173396083682904,0.059173396083682904,0.059173396083682904,0.16838608600932892,0.8316139139906711,1.0,0.05049542236081338,0.05049542236081338,0.10378344203911335,0.00010378344203911335
EWMA,12,2024-12-02,2024-12-03,2025-01-02,TLT,0.1536543254174816,0.05780994084664398,0.046486534781561596,0.046486534781561596,0.046486534781561596,0.16838608600932892,0.8316139139906711,1.0,0.05049542236081338,0.05049542236081338,0.10378344203911335,0.00010378344203911335
EWMA,12,2024-12-02,2024-12-03,2025-01-02,XLE,0.1861572313793979,0.038762535203452936,0.038370022426363,0.038370022426363,0.038370022426363,0.16838608600932892,0.8316139139906711,1.0,0.05049542236081338,0.05049542236081338,0.10378344203911335,0.00010378344203911335
EWMA,12,2024-12-02,2024-12-03,2025-01-02,XLF,0.1792880252343671,0.05569778913990192,0.03984012392082477,0.03984012392082477,0.03984012392082477,0.16838608600932892,0.8316139139906711,1.0,0.05049542236081338,0.05049542236081338,0.10378344203911335,0.00010378344203911335
EWMA,12,2024-12-02,2024-12-03,2025-01-02,XLK,0.2126006690690627,0.031877305307899714,0.03359752899242668,0.03359752899242668,0.03359752899242668,0.16838608600932892,0.8316139139906711,1.0,0.05049542236081338,0.05049542236081338,0.10378344203911335,0.00010378344203911335
EWMA,12,2024-12-02,2024-12-03,2025-01-02,XLV,0.1176119423347752,0.06921071117354378,0.060732413741841254,0.060732413741841254,0.060732413741841254,0.16838608600932892,0.8316139139906711,1.0,0.05049542236081338,0.05049542236081338,0.10378344203911335,0.00010378344203911335
EWMA,13,2025-01-02,2025-01-03,2025-02-04,DBC,0.138770406879465,0.04584515599559806,0.05147248108208963,0.05147248108208963,0.05147248108208963,0.18824333367125634,0.8117566663287437,1.0,0.05363378483180595,0.05363378483180595,0.10125035301673525,0.00010125035301673525
EWMA,13,2025-01-02,2025-01-03,2025-02-04,EEM,0.1513005638923348,0.04250479242918939,0.04720971924427187,0.04720971924427187,0.04720971924427187,0.18824333367125634,0.8117566663287437,1.0,0.05363378483180595,0.05363378483180595,0.10125035301673525,0.00010125035301673525
EWMA,13,2025-01-02,2025-01-03,2025-02-04,EFA,0.1228876708567835,0.052622864817804996,0.05812509174481479,0.05812509174481479,0.05812509174481479,0.18824333367125634,0.8117566663287437,1.0,0.05363378483180595,0.05363378483180595,0.10125035301673525,0.00010125035301673525
EWMA,13,2025-01-02,2025-01-03,2025-02-04,GLD,0.1571840397311516,0.04313466732225965,0.04544263625667289,0.04544263625667289,0.04544263625667289,0.18824333367125634,0.8117566663287437,1.0,0.05363378483180595,0.05363378483180595,0.10125035301673525,0.00010125035301673525
EWMA,13,2025-01-02,2025-01-03,2025-02-04,HYG,0.0451445943073517,0.20794296341176022,0.15822175949189876,0.15822175949189876,0.15822175949189876,0.18824333367125634,0.8117566663287437,1.0,0.05363378483180595,0.05363378483180595,0.10125035301673525,0.00010125035301673525
EWMA,13,2025-01-02,2025-01-03,2025-02-04,IWM,0.2092854919298343,0.031122568991751205,0.03412972909393967,0.03412972909393967,0.03412972909393967,0.18824333367125634,0.8117566663287437,1.0,0.05363378483180595,0.05363378483180595,0.10125035301673525,0.00010125035301673525
EWMA,13,2025-01-02,2025-01-03,2025-02-04,LQD,0.0724645193036186,0.09266249280583463,0.09857040675215596,0.09857040675215596,0.09857040675215596,0.18824333367125634,0.8117566663287437,1.0,0.05363378483180595,0.05363378483180595,0.10125035301673525,0.00010125035301673525
EWMA,13,2025-01-02,2025-01-03,2025-02-04,QQQ,0.1854806691171335,0.041738147662184116,0.038509981535306693,0.038509981535306693,0.038509981535306693,0.18824333367125634,0.8117566663287437,1.0,0.05363378483180595,0.05363378483180595,0.10125035301673525,0.00010125035301673525
EWMA,13,2025-01-02,2025-01-03,2025-02-04,SPY,0.1347964290745486,0.058758591140853064,0.052989958205100635,0.052989958205100635,0.052989958205100635,0.18824333367125634,0.8117566663287437,1.0,0.05363378483180595,0.05363378483180595,0.10125035301673525,0.00010125035301673525
EWMA,13,2025-01-02,2025-01-03,2025-02-04,TLT,0.1399915193593295,0.044484485708802445,0.05102349896298286,0.05102349896298286,0.05102349896298286,0.18824333367125634,0.8117566663287437,1.0,0.05363378483180595,0.05363378483180595,0.10125035301673525,0.00010125035301673525
EWMA,13,2025-01-02,2025-01-03,2025-02-04,XLE,0.1876756888519458,0.03624792241633706,0.03805957599810396,0.03805957599810396,0.03805957599810396,0.18824333367125634,0.8117566663287437,1.0,0.05363378483180595,0.05363378483180595,0.10125035301673525,0.00010125035301673525
EWMA,13,2025-01-02,2025-01-03,2025-02-04,XLF,0.1670985609072155,0.038775171826093247,0.04274637138750311,0.04274637138750311,0.04274637138750311,0.18824333367125634,0.8117566663287437,1.0,0.05363378483180595,0.05363378483180595,0.10125035301673525,0.00010125035301673525
EWMA,13,2025-01-02,2025-01-03,2025-02-04,XLK,0.2019649232246735,0.033806331850168916,0.03536682028151569,0.03536682028151569,0.03536682028151569,0.18824333367125634,0.8117566663287437,1.0,0.05363378483180595,0.05363378483180595,0.10125035301673525,0.00010125035301673525
EWMA,13,2025-01-02,2025-01-03,2025-02-04,XLV,0.1192689896624868,0.05829616289835393,0.059888636292387054,0.059888636292387054,0.059888636292387054,0.18824333367125634,0.8117566663287437,1.0,0.05363378483180595,0.05363378483180595,0.10125035301673525,0.00010125035301673525
EWMA,14,2025-02-04,2025-02-05,2025-03-06,DBC,0.1325706635949474,0.051665086210971385,0.05387962124623004,0.05387962124623004,0.05387962124623004,0.17783894899768948,0.8221610510023105,1.0,0.05855230721381916,0.05855230721381916,0.058336150323286644,5.833615032328665e-05
EWMA,14,2025-02-04,2025-02-05,2025-03-06,EEM,0.1600429827010475,0.047640321791266066,0.04463086742265766,0.04463086742265766,0.04463086742265766,0.17783894899768948,0.8221610510023105,1.0,0.05855230721381916,0.05855230721381916,0.058336150323286644,5.833615032328665e-05
EWMA,14,2025-02-04,2025-02-05,2025-03-06,EFA,0.1314363882721588,0.05965364256545466,0.05434459388876985,0.05434459388876985,0.05434459388876985,0.17783894899768948,0.8221610510023105,1.0,0.05855230721381916,0.05855230721381916,0.058336150323286644,5.833615032328665e-05
EWMA,14,2025-02-04,2025-02-05,2025-03-06,GLD,0.1406944796386646,0.04744654343404431,0.050768567190422983,0.050768567190422983,0.050768567190422983,0.17783894899768948,0.8221610510023105,1.0,0.05855230721381916,0.05855230721381916,0.058336150323286644,5.833615032328665e-05
EWMA,14,2025-02-04,2025-02-05,2025-03-06,HYG,0.0432792203159596,0.1564691852139589,0.16504126208168196,0.16504126208168196,0.16504126208168196,0.17783894899768948,0.8221610510023105,1.0,0.05855230721381916,0.05855230721381916,0.058336150323286644,5.833615032328665e-05
EWMA,14,2025-02-04,2025-02-05,2025-03-06,IWM,0.1903845659476453,0.034188427908913126,0.03751804726030885,0.03751804726030885,0.03751804726030885,0.17783894899768948,0.8221610510023105,1.0,0.05855230721381916,0.05855230721381916,0.058336150323286644,5.833615032328665e-05
EWMA,14,2025-02-04,2025-02-05,2025-03-06,LQD,0.0682609422090864,0.09711250340197622,0.10464047098820058,0.10464047098820058,0.10464047098820058,0.17783894899768948,0.8221610510023105,1.0,0.05855230721381916,0.05855230721381916,0.058336150323286644,5.833615032328665e-05
EWMA,14,2025-02-04,2025-02-05,2025-03-06,QQQ,0.1924975289296745,0.038641113035032926,0.037106227714053704,0.037106227714053704,0.037106227714053704,0.17783894899768948,0.8221610510023105,1.0,0.05855230721381916,0.05855230721381916,0.058336150323286644,5.833615032328665e-05
EWMA,14,2025-02-04,2025-02-05,2025-03-06,SPY,0.1347114226270453,0.053243241622706376,0.053023396261150525,0.053023396261150525,0.053023396261150525,0.17783894899768948,0.8221610510023105,1.0,0.05855230721381916,0.05855230721381916,0.058336150323286644,5.833615032328665e-05
EWMA,14,2025-02-04,2025-02-05,2025-03-06,TLT,0.1261287874965836,0.050475776241923634,0.05663145808842901,0.05663145808842901,0.05663145808842901,0.17783894899768948,0.8221610510023105,1.0,0.05855230721381916,0.05855230721381916,0.058336150323286644,5.833615032328665e-05
EWMA,14,2025-02-04,2025-02-05,2025-03-06,XLE,0.1947672497872894,0.038601343667027825,0.036673810153699096,0.036673810153699096,0.036673810153699096,0.17783894899768948,0.8221610510023105,1.0,0.05855230721381916,0.05855230721381916,0.058336150323286644,5.833615032328665e-05
EWMA,14,2025-02-04,2025-02-05,2025-03-06,XLF,0.1577903510109929,0.044263373090195825,0.045268022392316726,0.045268022392316726,0.045268022392316726,0.17783894899768948,0.8221610510023105,1.0,0.05855230721381916,0.05855230721381916,0.058336150323286644,5.833615032328665e-05
EWMA,14,2025-02-04,2025-02-05,2025-03-06,XLK,0.2456487256476697,0.034376390215665784,0.029077525739343895,0.029077525739343895,0.029077525739343895,0.17783894899768948,0.8221610510023105,1.0,0.05855230721381916,0.05855230721381916,0.058336150323286644,5.833615032328665e-05
EWMA,14,2025-02-04,2025-02-05,2025-03-06,XLV,0.1333688044472094,0.06246714543524661,0.05355718057504564,0.05355718057504564,0.05355718057504564,0.17783894899768948,0.8221610510023105,1.0,0.05855230721381916,0.05855230721381916,0.058336150323286644,5.833615032328665e-05
EWMA,15,2025-03-06,2025-03-07,2025-04-04,DBC,0.1281448243878291,0.053117213436122246,0.055740504362777485,0.055740504362777485,0.055740504362777485,0.18415273992794623,0.8158472600720538,1.0,0.060587452007649076,0.060587452007649076,0.05511762908343311,5.511762908343311e-05
EWMA,15,2025-03-06,2025-03-07,2025-04-04,EEM,0.1720001719739904,0.04596004511575161,0.04152819768073997,0.04152819768073997,0.04152819768073997,0.18415273992794623,0.8158472600720538,1.0,0.060587452007649076,0.060587452007649076,0.05511762908343311,5.511762908343311e-05
EWMA,15,2025-03-06,2025-03-07,2025-04-04,EFA,0.138296003738854,0.05765337352169383,0.051649049500700574,0.051649049500700574,0.051649049500700574,0.18415273992794623,0.8158472600720538,1.0,0.060587452007649076,0.060587452007649076,0.05511762908343311,5.511762908343311e-05
EWMA,15,2025-03-06,2025-03-07,2025-04-04,GLD,0.14219895829045,0.052180733657961983,0.05023143086792115,0.05023143086792115,0.05023143086792115,0.18415273992794623,0.8158472600720538,1.0,0.060587452007649076,0.060587452007649076,0.05511762908343311,5.511762908343311e-05
EWMA,15,2025-03-06,2025-03-07,2025-04-04,HYG,0.039056765064629,0.16637576783990302,0.18288399285085527,0.18288399285085527,0.18288399285085527,0.18415273992794623,0.8158472600720538,1.0,0.060587452007649076,0.060587452007649076,0.05511762908343311,5.511762908343311e-05
EWMA,15,2025-03-06,2025-03-07,2025-04-04,IWM,0.1933302488463741,0.034134993631601954,0.036946402259757434,0.036946402259757434,0.036946402259757434,0.18415273992794623,0.8158472600720538,1.0,0.060587452007649076,0.060587452007649076,0.05511762908343311,5.511762908343311e-05
EWMA,15,2025-03-06,2025-03-07,2025-04-04,LQD,0.0666724692349196,0.10666826251817337,0.10713353239834836,0.10713353239834836,0.10713353239834836,0.18415273992794623,0.8158472600720538,1.0,0.060587452007649076,0.060587452007649076,0.05511762908343311,5.511762908343311e-05
EWMA,15,2025-03-06,2025-03-07,2025-04-04,QQQ,0.2100626362092623,0.03473991977695452,0.03400346330863667,0.03400346330863667,0.03400346330863667,0.18415273992794623,0.8158472600720538,1.0,0.060587452007649076,0.060587452007649076,0.05511762908343311,5.511762908343311e-05
EWMA,15,2025-03-06,2025-03-07,2025-04-04,SPY,0.1511364970147493,0.050753897348235925,0.04726096795905013,0.04726096795905013,0.04726096795905013,0.18415273992794623,0.8158472600720538,1.0,0.060587452007649076,0.060587452007649076,0.05511762908343311,5.511762908343311e-05
EWMA,15,2025-03-06,2025-03-07,2025-04-04,TLT,0.1390327835638421,0.058411201070135935,0.05137534443146089,0.05137534443146089,0.05137534443146089,0.18415273992794623,0.8158472600720538,1.0,0.060587452007649076,0.060587452007649076,0.05511762908343311,5.511762908343311e-05
EWMA,15,2025-03-06,2025-03-07,2025-04-04,XLE,0.2145142073145811,0.035214527245912945,0.03329782783283102,0.03329782783283102,0.03329782783283102,0.18415273992794623,0.8158472600720538,1.0,0.060587452007649076,0.060587452007649076,0.05511762908343311,5.511762908343311e-05
EWMA,15,2025-03-06,2025-03-07,2025-04-04,XLF,0.1816181311413474,0.04396294423701702,0.0393289871334382,0.0393289871334382,0.0393289871334382,0.18415273992794623,0.8158472600720538,1.0,0.060587452007649076,0.060587452007649076,0.05511762908343311,5.511762908343311e-05
EWMA,15,2025-03-06,2025-03-07,2025-04-04,XLK,0.2578445706627908,0.027275578724896384,0.027702181684479108,0.027702181684479108,0.027702181684479108,0.18415273992794623,0.8158472600720538,1.0,0.060587452007649076,0.060587452007649076,0.05511762908343311,5.511762908343311e-05
EWMA,15,2025-03-06,2025-03-07,2025-04-04,XLV,0.1258312270534042,0.0546839193820303,0.05676537780105756,0.05676537780105756,0.05676537780105756,0.18415273992794623,0.8158472600720538,1.0,0.060587452007649076,0.060587452007649076,0.05511762908343311,5.511762908343311e-05
EWMA,16,2025-04-04,2025-04-07,2025-05-06,DBC,0.1877019519537278,0.0559872279432103,0.038054250733727035,0.038054250733727035,0.038054250733727035,0.39977599785864126,0.6002240021413587,1.0,0.057480157085954504,0.057480157085954504,0.2254347993660883,0.0002254347993660883
EWMA,16,2025-04-04,2025-04-07,2025-05-06,EEM,0.2319590875718858,0.039776423292686706,0.030793607690164412,0.030793607690164412,0.030793607690164412,0.39977599785864126,0.6002240021413587,1.0,0.057480157085954504,0.057480157085954504,0.2254347993660883,0.0002254347993660883
EWMA,16,2025-04-04,2025-04-07,2025-05-06,EFA,0.2412039105826345,0.04837643239571502,0.029613355461789073,0.029613355461789073,0.029613355461789073,0.39977599785864126,0.6002240021413587,1.0,0.057480157085954504,0.057480157085954504,0.2254347993660883,0.0002254347993660883
EWMA,16,2025-04-04,2025-04-07,2025-05-06,GLD,0.1484971911476169,0.05464522775464563,0.048100957921531524,0.048100957921531524,0.048100957921531524,0.39977599785864126,0.6002240021413587,1.0,0.057480157085954504,0.057480157085954504,0.2254347993660883,0.0002254347993660883
EWMA,16,2025-04-04,2025-04-07,2025-05-06,HYG,0.0670838055653482,0.1855362900060466,0.10647662401768616,0.10647662401768616,0.10647662401768616,0.39977599785864126,0.6002240021413587,1.0,0.057480157085954504,0.057480157085954504,0.2254347993660883,0.0002254347993660883
EWMA,16,2025-04-04,2025-04-07,2025-05-06,IWM,0.2896004763171891,0.03409777819770122,0.024664521390613408,0.024664521390613408,0.024664521390613408,0.39977599785864126,0.6002240021413587,1.0,0.057480157085954504,0.057480157085954504,0.2254347993660883,0.0002254347993660883
EWMA,16,2025-04-04,2025-04-07,2025-05-06,LQD,0.0593402353128616,0.11249858635906607,0.12037123050149037,0.12037123050149037,0.12037123050149037,0.39977599785864126,0.6002240021413587,1.0,0.057480157085954504,0.057480157085954504,0.2254347993660883,0.0002254347993660883
EWMA,16,2025-04-04,2025-04-07,2025-05-06,QQQ,0.3148970485069149,0.030758621360740212,0.02268315049863127,0.02268315049863127,0.02268315049863127,0.39977599785864126,0.6002240021413587,1.0,0.057480157085954504,0.057480157085954504,0.2254347993660883,0.0002254347993660883
EWMA,16,2025-04-04,2025-04-07,2025-05-06,SPY,0.2666211433587788,0.04363121966501376,0.02679028772015037,0.02679028772015037,0.02679028772015037,0.39977599785864126,0.6002240021413587,1.0,0.057480157085954504,0.057480157085954504,0.2254347993660883,0.0002254347993660883
EWMA,16,2025-04-04,2025-04-07,2025-05-06,TLT,0.1269507901993223,0.05524834463414331,0.05626477103169126,0.05626477103169126,0.05626477103169126,0.39977599785864126,0.6002240021413587,1.0,0.057480157085954504,0.057480157085954504,0.2254347993660883,0.0002254347993660883
EWMA,16,2025-04-04,2025-04-07,2025-05-06,XLE,0.3978098915076911,0.03207687793090104,0.01795545383697189,0.01795545383697189,0.01795545383697189,0.39977599785864126,0.6002240021413587,1.0,0.057480157085954504,0.057480157085954504,0.2254347993660883,0.0002254347993660883
EWMA,16,2025-04-04,2025-04-07,2025-05-06,XLF,0.3046999848653613,0.03685966872090908,0.023442262873801512,0.023442262873801512,0.023442262873801512,0.39977599785864126,0.6002240021413587,1.0,0.057480157085954504,0.057480157085954504,0.2254347993660883,0.0002254347993660883
EWMA,16,2025-04-04,2025-04-07,2025-05-06,XLK,0.3627949230063291,0.024509590618836948,0.01968841538262798,0.01968841538262798,0.01968841538262798,0.39977599785864126,0.6002240021413587,1.0,0.057480157085954504,0.057480157085954504,0.2254347993660883,0.0002254347993660883
EWMA,16,2025-04-04,2025-04-07,2025-05-06,XLV,0.2022033765775454,0.05387837154788648,0.03532511308048233,0.03532511308048233,0.03532511308048233,0.39977599785864126,0.6002240021413587,1.0,0.057480157085954504,0.057480157085954504,0.2254347993660883,0.0002254347993660883
EWMA,17,2025-05-06,2025-05-07,2025-06-05,DBC,0.1948652983248525,0.03706699585206209,0.03665535733791636,0.03665535733791636,0.03665535733791636,0.5358023915761996,0.46419760842380037,1.0,0.06972266808391518,0.06972266808391518,0.14670637452536428,0.00014670637452536428
EWMA,17,2025-05-06,2025-05-07,2025-06-05,EEM,0.268585632185543,0.03338002518292162,0.026594338218072475,0.026594338218072475,0.026594338218072475,0.5358023915761996,0.46419760842380037,1.0,0.06972266808391518,0.06972266808391518,0.14670637452536428,0.00014670637452536428
EWMA,17,2025-05-06,2025-05-07,2025-06-05,EFA,0.2664625582719898,0.033120715809626236,0.02680623194935373,0.02680623194935373,0.02680623194935373,0.5358023915761996,0.46419760842380037,1.0,0.06972266808391518,0.06972266808391518,0.14670637452536428,0.00014670637452536428
EWMA,17,2025-05-06,2025-05-07,2025-06-05,GLD,0.2396068294744459,0.05284285397301094,0.02981074103156534,0.02981074103156534,0.02981074103156534,0.5358023915761996,0.46419760842380037,1.0,0.06972266808391518,0.06972266808391518,0.14670637452536428,0.00014670637452536428
EWMA,17,2025-05-06,2025-05-07,2025-06-05,HYG,0.094113289106708,0.1065412460394277,0.07589637139084994,0.07589637139084994,0.07589637139084994,0.5358023915761996,0.46419760842380037,1.0,0.06972266808391518,0.06972266808391518,0.14670637452536428,0.00014670637452536428
EWMA,17,2025-05-06,2025-05-07,2025-06-05,IWM,0.3267620565534161,0.02609045025417603,0.02185950602159187,0.02185950602159187,0.02185950602159187,0.5358023915761996,0.46419760842380037,1.0,0.06972266808391518,0.06972266808391518,0.14670637452536428,0.00014670637452536428
EWMA,17,2025-05-06,2025-05-07,2025-06-05,LQD,0.0963341446586562,0.11576063271428605,0.07414668151325424,0.07414668151325424,0.07414668151325424,0.5358023915761996,0.46419760842380037,1.0,0.06972266808391518,0.06972266808391518,0.14670637452536428,0.00014670637452536428
EWMA,17,2025-05-06,2025-05-07,2025-06-05,QQQ,0.3866611796234764,0.02516525019411933,0.018473168549821128,0.018473168549821128,0.018473168549821128,0.5358023915761996,0.46419760842380037,1.0,0.06972266808391518,0.06972266808391518,0.14670637452536428,0.00014670637452536428
EWMA,17,2025-05-06,2025-05-07,2025-06-05,SPY,0.3371507039275896,0.028859306966782253,0.02118594758856332,0.02118594758856332,0.02118594758856332,0.5358023915761996,0.46419760842380037,1.0,0.06972266808391518,0.06972266808391518,0.14670637452536428,0.00014670637452536428
EWMA,17,2025-05-06,2025-05-07,2025-06-05,TLT,0.1579853931163592,0.05185502387877613,0.0452121364004601,0.0452121364004601,0.0452121364004601,0.5358023915761996,0.46419760842380037,1.0,0.06972266808391518,0.06972266808391518,0.14670637452536428,0.00014670637452536428
EWMA,17,2025-05-06,2025-05-07,2025-06-05,XLE,0.3960622374191429,0.01788045823978576,0.018034683612863683,0.018034683612863683,0.018034683612863683,0.5358023915761996,0.46419760842380037,1.0,0.06972266808391518,0.06972266808391518,0.14670637452536428,0.00014670637452536428
EWMA,17,2025-05-06,2025-05-07,2025-06-05,XLF,0.3087446982570959,0.02539646876833043,0.023135157245385927,0.023135157245385927,0.023135157245385927,0.5358023915761996,0.46419760842380037,1.0,0.06972266808391518,0.06972266808391518,0.14670637452536428,0.00014670637452536428
EWMA,17,2025-05-06,2025-05-07,2025-06-05,XLK,0.4386295169186869,0.022469074009611466,0.016284488086973147,0.016284488086973147,0.016284488086973147,0.5358023915761996,0.46419760842380037,1.0,0.06972266808391518,0.06972266808391518,0.14670637452536428,0.00014670637452536428
EWMA,17,2025-05-06,2025-05-07,2025-06-05,XLV,0.2372821553784056,0.0341670303200928,0.030102799477129138,0.030102799477129138,0.030102799477129138,0.5358023915761996,0.46419760842380037,1.0,0.06972266808391518,0.06972266808391518,0.14670637452536428,0.00014670637452536428
EWMA,18,2025-06-05,2025-06-06,2025-07-08,DBC,0.171768072839822,0.03719134216777214,0.04158431205965753,0.04158431205965753,0.04158431205965753,0.45102398783042086,0.5489760121695791,1.0,0.08539580855546247,0.08539580855546247,0.0791993448294546,7.91993448294546e-05
EWMA,18,2025-06-05,2025-06-06,2025-07-08,EEM,0.2079629694751659,0.02725566692180963,0.03434677414389447,0.03434677414389447,0.03434677414389447,0.45102398783042086,0.5489760121695791,1.0,0.08539580855546247,0.08539580855546247,0.0791993448294546,7.91993448294546e-05
EWMA,18,2025-06-05,2025-06-06,2025-07-08,EFA,0.204382473594905,0.02753719820927655,0.034948481722628516,0.034948481722628516,0.034948481722628516,0.45102398783042086,0.5489760121695791,1.0,0.08539580855546247,0.08539580855546247,0.0791993448294546,7.91993448294546e-05
EWMA,18,2025-06-05,2025-06-06,2025-07-08,GLD,0.2377948169689539,0.028925250888733593,0.030037900884062173,0.030037900884062173,0.030037900884062173,0.45102398783042086,0.5489760121695791,1.0,0.08539580855546247,0.08539580855546247,0.0791993448294546,7.91993448294546e-05
EWMA,18,2025-06-05,2025-06-06,2025-07-08,HYG,0.075555179312329,0.07628994683388483,0.09453828589738494,0.09453828589738494,0.09453828589738494,0.45102398783042086,0.5489760121695791,1.0,0.08539580855546247,0.08539580855546247,0.0791993448294546,7.91993448294546e-05
EWMA,18,2025-06-05,2025-06-06,2025-07-08,IWM,0.2736646971634653,0.022924728166149558,0.026100762052587927,0.026100762052587927,0.026100762052587927,0.45102398783042086,0.5489760121695791,1.0,0.08539580855546247,0.08539580855546247,0.0791993448294546,7.91993448294546e-05
EWMA,18,2025-06-05,2025-06-06,2025-07-08,LQD,0.0866100473733124,0.07405831530908165,0.08247146098500008,0.08247146098500008,0.08247146098500008,0.45102398783042086,0.5489760121695791,1.0,0.08539580855546247,0.08539580855546247,0.0791993448294546,7.91993448294546e-05
EWMA,18,2025-06-05,2025-06-06,2025-07-08,QQQ,0.3034835179101759,0.019928105836078173,0.023536227575203156,0.023536227575203156,0.023536227575203156,0.45102398783042086,0.5489760121695791,1.0,0.08539580855546247,0.08539580855546247,0.0791993448294546,7.91993448294546e-05
EWMA,18,2025-06-05,2025-06-06,2025-07-08,SPY,0.2637157504839169,0.02225035456581586,0.027085440023017365,0.027085440023017365,0.027085440023017365,0.45102398783042086,0.5489760121695791,1.0,0.08539580855546247,0.08539580855546247,0.0791993448294546,7.91993448294546e-05
EWMA,18,2025-06-05,2025-06-06,2025-07-08,TLT,0.1465480061919015,0.04435381292244086,0.048740732327014556,0.048740732327014556,0.048740732327014556,0.45102398783042086,0.5489760121695791,1.0,0.08539580855546247,0.08539580855546247,0.0791993448294546,7.91993448294546e-05
EWMA,18,2025-06-05,2025-06-06,2025-07-08,XLE,0.3125172746084798,0.018146119665572516,0.022855879412764245,0.022855879412764245,0.022855879412764245,0.45102398783042086,0.5489760121695791,1.0,0.08539580855546247,0.08539580855546247,0.0791993448294546,7.91993448294546e-05
EWMA,18,2025-06-05,2025-06-06,2025-07-08,XLF,0.2392596398235156,0.023588171935680146,0.02985399939632906,0.02985399939632906,0.02985399939632906,0.45102398783042086,0.5489760121695791,1.0,0.08539580855546247,0.08539580855546247,0.0791993448294546,7.91993448294546e-05
EWMA,18,2025-06-05,2025-06-06,2025-07-08,XLK,0.3455821407916037,0.01780885129240105,0.020669057511176477,0.020669057511176477,0.020669057511176477,0.45102398783042086,0.5489760121695791,1.0,0.08539580855546247,0.08539580855546247,0.0791993448294546,7.91993448294546e-05
EWMA,18,2025-06-05,2025-06-06,2025-07-08,XLV,0.2217817269932344,0.029518802625428057,0.03220669817885871,0.03220669817885871,0.03220669817885871,0.45102398783042086,0.5489760121695791,1.0,0.08539580855546247,0.08539580855546247,0.0791993448294546,7.91993448294546e-05
EWMA,19,2025-07-08,2025-07-09,2025-08-06,DBC,0.1949006836984219,0.04259745729139753,0.036648702340673106,0.036648702340673106,0.036648702340673106,0.3448874464304261,0.6551125535695739,1.0,0.08010591908426277,0.08010591908426277,0.11143593336175997,0.00011143593336175997
EWMA,19,2025-07-08,2025-07-09,2025-08-06,EEM,0.1801635980192147,0.03534120443725655,0.03964650585017373,0.03964650585017373,0.03964650585017373,0.3448874464304261,0.6551125535695739,1.0,0.08010591908426277,0.08010591908426277,0.11143593336175997,0.00011143593336175997
EWMA,19,2025-07-08,2025-07-09,2025-08-06,EFA,0.1676854154912586,0.03494741041978143,0.04259677039849359,0.04259677039849359,0.04259677039849359,0.3448874464304261,0.6551125535695739,1.0,0.08010591908426277,0.08010591908426277,0.11143593336175997,0.00011143593336175997
EWMA,19,2025-07-08,2025-07-09,2025-08-06,GLD,0.1999789747753703,0.02910377689753172,0.03571804061342187,0.03571804061342187,0.03571804061342187,0.3448874464304261,0.6551125535695739,1.0,0.08010591908426277,0.08010591908426277,0.11143593336175997,0.00011143593336175997
EWMA,19,2025-07-08,2025-07-09,2025-08-06,HYG,0.0585581909193222,0.09439757204438529,0.12197878777877759,0.12197878777877759,0.12197878777877759,0.3448874464304261,0.6551125535695739,1.0,0.08010591908426277,0.08010591908426277,0.11143593336175997,0.00011143593336175997
EWMA,19,2025-07-08,2025-07-09,2025-08-06,IWM,0.2272066028248402,0.027363196317299592,0.03143771815629745,0.03143771815629745,0.03143771815629745,0.3448874464304261,0.6551125535695739,1.0,0.08010591908426277,0.08010591908426277,0.11143593336175997,0.00011143593336175997
EWMA,19,2025-07-08,2025-07-09,2025-08-06,LQD,0.0735298761266758,0.08196597074652726,0.0971422436582318,0.0971422436582318,0.0971422436582318,0.3448874464304261,0.6551125535695739,1.0,0.08010591908426277,0.08010591908426277,0.11143593336175997,0.00011143593336175997
EWMA,19,2025-07-08,2025-07-09,2025-08-06,QQQ,0.2336329645951287,0.02443683704859046,0.030572985088963226,0.030572985088963226,0.030572985088963226,0.3448874464304261,0.6551125535695739,1.0,0.08010591908426277,0.08010591908426277,0.11143593336175997,0.00011143593336175997
EWMA,19,2025-07-08,2025-07-09,2025-08-06,SPY,0.2010173117124884,0.02799987792458949,0.035533542270595325,0.035533542270595325,0.035533542270595325,0.3448874464304261,0.6551125535695739,1.0,0.08010591908426277,0.08010591908426277,0.11143593336175997,0.00011143593336175997
EWMA,19,2025-07-08,2025-07-09,2025-08-06,TLT,0.1314009864083,0.04797266697146006,0.05435923533071713,0.05435923533071713,0.05435923533071713,0.3448874464304261,0.6551125535695739,1.0,0.08010591908426277,0.08010591908426277,0.11143593336175997,0.00011143593336175997
EWMA,19,2025-07-08,2025-07-09,2025-08-06,XLE,0.2683490416210368,0.024546173125557725,0.02661778517899201,0.02661778517899201,0.02661778517899201,0.3448874464304261,0.6551125535695739,1.0,0.08010591908426277,0.08010591908426277,0.11143593336175997,0.00011143593336175997
EWMA,19,2025-07-08,2025-07-09,2025-08-06,XLF,0.1962936895443505,0.030427215289710447,0.0363886233909893,0.0363886233909893,0.0363886233909893,0.3448874464304261,0.6551125535695739,1.0,0.08010591908426277,0.08010591908426277,0.11143593336175997,0.00011143593336175997
EWMA,19,2025-07-08,2025-07-09,2025-08-06,XLK,0.2659395085290922,0.02214216275321319,0.026858954438038138,0.026858954438038138,0.026858954438038138,0.3448874464304261,0.6551125535695739,1.0,0.08010591908426277,0.08010591908426277,0.11143593336175997,0.00011143593336175997
EWMA,19,2025-07-08,2025-07-09,2025-08-06,XLV,0.1803175376158296,0.03233260884196201,0.03961265907520961,0.03961265907520961,0.03961265907520961,0.3448874464304261,0.6551125535695739,1.0,0.08010591908426277,0.08010591908426277,0.11143593336175997,0.00011143593336175997
EWMA,20,2025-08-06,2025-08-07,2025-09-05,DBC,0.1636051219981285,0.03557845467074995,0.04365912910073103,0.04365912910073103,0.04365912910073103,0.235330534974329,0.764669465025671,1.0,0.04501036379391637,0.04501036379391637,0.10820978503803352,0.00010820978503803353
EWMA,20,2025-08-06,2025-08-07,2025-09-05,EEM,0.1440879823958123,0.04005010727032992,0.04957288612200554,0.04957288612200554,0.04957288612200554,0.235330534974329,0.764669465025671,1.0,0.04501036379391637,0.04501036379391637,0.10820978503803352,0.00010820978503803353
EWMA,20,2025-08-06,2025-08-07,2025-09-05,EFA,0.1570695401109931,0.04233096804482411,0.045475762759664584,0.045475762759664584,0.045475762759664584,0.235330534974329,0.764669465025671,1.0,0.04501036379391637,0.04501036379391637,0.10820978503803352,0.00010820978503803353
EWMA,20,2025-08-06,2025-08-07,2025-09-05,GLD,0.1751299167636677,0.03630830008319002,0.04078604772305239,0.04078604772305239,0.04078604772305239,0.235330534974329,0.764669465025671,1.0,0.04501036379391637,0.04501036379391637,0.10820978503803352,0.00010820978503803353
EWMA,20,2025-08-06,2025-08-07,2025-09-05,HYG,0.0452754871463859,0.12253417407546173,0.15776433547280605,0.15776433547280605,0.15776433547280605,0.235330534974329,0.764669465025671,1.0,0.04501036379391637,0.04501036379391637,0.10820978503803352,0.00010820978503803353
EWMA,20,2025-08-06,2025-08-07,2025-09-05,IWM,0.2078127615110953,0.03120708659648338,0.03437160014100376,0.03437160014100376,0.03437160014100376,0.235330534974329,0.764669465025671,1.0,0.04501036379391637,0.04501036379391637,0.10820978503803352,0.00010820978503803353
EWMA,20,2025-08-06,2025-08-07,2025-09-05,LQD,0.0656747787740083,0.09871684384381076,0.10876103850210496,0.10876103850210496,0.10876103850210496,0.235330534974329,0.764669465025671,1.0,0.04501036379391637,0.04501036379391637,0.10820978503803352,0.00010820978503803353
EWMA,20,2025-08-06,2025-08-07,2025-09-05,QQQ,0.1905780796177343,0.031269306355123455,0.037479951299669106,0.037479951299669106,0.037479951299669106,0.235330534974329,0.764669465025671,1.0,0.04501036379391637,0.04501036379391637,0.10820978503803352,0.00010820978503803353
EWMA,20,2025-08-06,2025-08-07,2025-09-05,SPY,0.1623927985885783,0.03609277087135217,0.04398506094444219,0.04398506094444219,0.04398506094444219,0.235330534974329,0.764669465025671,1.0,0.04501036379391637,0.04501036379391637,0.10820978503803352,0.00010820978503803353
EWMA,20,2025-08-06,2025-08-07,2025-09-05,TLT,0.1250550772619781,0.05546674234728283,0.05711769005502719,0.05711769005502719,0.05711769005502719,0.235330534974329,0.764669465025671,1.0,0.04501036379391637,0.04501036379391637,0.10820978503803352,0.00010820978503803353
EWMA,20,2025-08-06,2025-08-07,2025-09-05,XLE,0.2214446074660841,0.025370225353884703,0.03225572852999423,0.03225572852999423,0.03225572852999423,0.235330534974329,0.764669465025671,1.0,0.04501036379391637,0.04501036379391637,0.10820978503803352,0.00010820978503803353
EWMA,20,2025-08-06,2025-08-07,2025-09-05,XLF,0.168184670006187,0.03605423731441047,0.04247032231055529,0.04247032231055529,0.04247032231055529,0.235330534974329,0.764669465025671,1.0,0.04501036379391637,0.04501036379391637,0.10820978503803352,0.00010820978503803353
EWMA,20,2025-08-06,2025-08-07,2025-09-05,XLK,0.2172121283517816,0.02745076937803649,0.03288424636808986,0.03288424636808986,0.03288424636808986,0.235330534974329,0.764669465025671,1.0,0.04501036379391637,0.04501036379391637,0.10820978503803352,0.00010820978503803353
EWMA,20,2025-08-06,2025-08-07,2025-09-05,XLV,0.1875471259915225,0.03814163761035211,0.038085665696524794,0.038085665696524794,0.038085665696524794,0.235330534974329,0.764669465025671,1.0,0.04501036379391637,0.04501036379391637,0.10820978503803352,0.00010820978503803353
EWMA,21,2025-09-05,2025-09-08,2025-10-06,DBC,0.1400021261386193,0.043373062805500316,0.05101963334317393,0.05101963334317393,0.05101963334317393,0.15334919002176384,0.8466508099782362,1.0,0.04492144849799049,0.04492144849799049,0.07946047422832217,7.946047422832217e-05
EWMA,21,2025-09-05,2025-09-08,2025-10-06,EEM,0.1339721691340109,0.050035501548791474,0.053315977408055715,0.053315977408055715,0.053315977408055715,0.15334919002176384,0.8466508099782362,1.0,0.04492144849799049,0.04492144849799049,0.07946047422832217,7.946047422832217e-05
EWMA,21,2025-09-05,2025-09-08,2025-10-06,EFA,0.1362626038173821,0.04603378894461338,0.05241979048360132,0.05241979048360132,0.05241979048360132,0.15334919002176384,0.8466508099782362,1.0,0.04492144849799049,0.04492144849799049,0.07946047422832217,7.946047422832217e-05
EWMA,21,2025-09-05,2025-09-08,2025-10-06,GLD,0.1580465838658399,0.04269062645389696,0.04519463165948882,0.04519463165948882,0.04519463165948882,0.15334919002176384,0.8466508099782362,1.0,0.04492144849799049,0.04492144849799049,0.07946047422832217,7.946047422832217e-05
EWMA,21,2025-09-05,2025-09-08,2025-10-06,HYG,0.0416413925591244,0.1567421403773664,0.17153261944146994,0.17153261944146994,0.17153261944146994,0.15334919002176384,0.8466508099782362,1.0,0.04492144849799049,0.04492144849799049,0.07946047422832217,7.946047422832217e-05
EWMA,21,2025-09-05,2025-09-08,2025-10-06,IWM,0.2012854954716451,0.03637634042867515,0.0354861989738518,0.0354861989738518,0.0354861989738518,0.15334919002176384,0.8466508099782362,1.0,0.04492144849799049,0.04492144849799049,0.07946047422832217,7.946047422832217e-05
EWMA,21,2025-09-05,2025-09-08,2025-10-06,LQD,0.0636795105108548,0.10841571546208975,0.11216884497941566,0.11216884497941566,0.11216884497941566,0.15334919002176384,0.8466508099782362,1.0,0.04492144849799049,0.04492144849799049,0.07946047422832217,7.946047422832217e-05
EWMA,21,2025-09-05,2025-09-08,2025-10-06,QQQ,0.1603512376458764,0.037361780308322365,0.04454507023283228,0.04454507023283228,0.04454507023283228,0.15334919002176384,0.8466508099782362,1.0,0.04492144849799049,0.04492144849799049,0.07946047422832217,7.946047422832217e-05
EWMA,21,2025-09-05,2025-09-08,2025-10-06,SPY,0.1335650683125017,0.04416789609282567,0.053478482309049745,0.053478482309049745,0.053478482309049745,0.15334919002176384,0.8466508099782362,1.0,0.04492144849799049,0.04492144849799049,0.07946047422832217,7.946047422832217e-05
EWMA,21,2025-09-05,2025-09-08,2025-10-06,TLT,0.1183196146882238,0.056761218235532054,0.06036917176986093,0.06036917176986093,0.06036917176986093,0.15334919002176384,0.8466508099782362,1.0,0.04492144849799049,0.04492144849799049,0.07946047422832217,7.946047422832217e-05
EWMA,21,2025-09-05,2025-09-08,2025-10-06,XLE,0.1962051736905516,0.03265295266779957,0.03640503972704932,0.03640503972704932,0.03640503972704932,0.15334919002176384,0.8466508099782362,1.0,0.04492144849799049,0.04492144849799049,0.07946047422832217,7.946047422832217e-05
EWMA,21,2025-09-05,2025-09-08,2025-10-06,XLF,0.1529752434215279,0.04259297770593196,0.046692896073221364,0.046692896073221364,0.046692896073221364,0.15334919002176384,0.8466508099782362,1.0,0.04492144849799049,0.04492144849799049,0.07946047422832217,7.946047422832217e-05
EWMA,21,2025-09-05,2025-09-08,2025-10-06,XLK,0.1828462320453119,0.03225989868101041,0.039064830939950904,0.039064830939950904,0.039064830939950904,0.15334919002176384,0.8466508099782362,1.0,0.04492144849799049,0.04492144849799049,0.07946047422832217,7.946047422832217e-05
EWMA,21,2025-09-05,2025-09-08,2025-10-06,XLV,0.1588797788641189,0.0395067189472053,0.044957622637214485,0.044957622637214485,0.044957622637214485,0.15334919002176384,0.8466508099782362,1.0,0.04492144849799049,0.04492144849799049,0.07946047422832217,7.946047422832217e-05
EWMA,22,2025-10-06,2025-10-07,2025-11-05,DBC,0.126203283413959,0.05101992537254946,0.05659802938270535,0.05659802938270535,0.05659802938270535,0.0059105997200624705,0.9940894002799375,1.0,0.049219515496226496,0.049219515496226496,0.15235439795344569,0.0001523543979534457
EWMA,22,2025-10-06,2025-10-07,2025-11-05,EEM,0.1112931728978914,0.05602396868344621,0.06418055085382936,0.06418055085382936,0.06418055085382936,0.0059105997200624705,0.9940894002799375,1.0,0.049219515496226496,0.049219515496226496,0.15235439795344569,0.0001523543979534457
EWMA,22,2025-10-06,2025-10-07,2025-11-05,EFA,0.1141409144009671,0.05295822307638703,0.06257928789465368,0.06257928789465368,0.06257928789465368,0.0059105997200624705,0.9940894002799375,1.0,0.049219515496226496,0.049219515496226496,0.15235439795344569,0.0001523543979534457
EWMA,22,2025-10-06,2025-10-07,2025-11-05,GLD,0.1445478992648421,0.048404795470331226,0.0494151570461078,0.0494151570461078,0.0494151570461078,0.0059105997200624705,0.9940894002799375,1.0,0.049219515496226496,0.049219515496226496,0.15235439795344569,0.0001523543979534457
EWMA,22,2025-10-06,2025-10-07,2025-11-05,HYG,0.0341083551496078,0.16767808868068146,0.2094166403371485,0.2094166403371485,0.2094166403371485,0.0059105997200624705,0.9940894002799375,1.0,0.049219515496226496,0.049219515496226496,0.15235439795344569,0.0001523543979534457
EWMA,22,2025-10-06,2025-10-07,2025-11-05,IWM,0.1704009204343488,0.03594478525220823,0.04191794929657734,0.04191794929657734,0.04191794929657734,0.0059105997200624705,0.9940894002799375,1.0,0.049219515496226496,0.049219515496226496,0.15235439795344569,0.0001523543979534457
EWMA,22,2025-10-06,2025-10-07,2025-11-05,LQD,0.0541550695064936,0.10956595314133263,0.1318963710682831,0.1318963710682831,0.1318963710682831,0.0059105997200624705,0.9940894002799375,1.0,0.049219515496226496,0.049219515496226496,0.15235439795344569,0.0001523543979534457
EWMA,22,2025-10-06,2025-10-07,2025-11-05,QQQ,0.1258894594376288,0.04577960701187965,0.05673911997688758,0.05673911997688758,0.05673911997688758,0.0059105997200624705,0.9940894002799375,1.0,0.049219515496226496,0.049219515496226496,0.15235439795344569,0.0001523543979534457
EWMA,22,2025-10-06,2025-10-07,2025-11-05,SPY,0.1033001901935136,0.05414693052478581,0.06914660204861516,0.06914660204861516,0.06914660204861516,0.0059105997200624705,0.9940894002799375,1.0,0.049219515496226496,0.049219515496226496,0.15235439795344569,0.0001523543979534457
EWMA,22,2025-10-06,2025-10-07,2025-11-05,TLT,0.1043237858801905,0.05902065309767889,0.06846815500982947,0.06846815500982947,0.06846815500982947,0.0059105997200624705,0.9940894002799375,1.0,0.049219515496226496,0.049219515496226496,0.15235439795344569,0.0001523543979534457
EWMA,22,2025-10-06,2025-10-07,2025-11-05,XLE,0.1790240575219151,0.03654049030748912,0.039898867457982594,0.039898867457982594,0.039898867457982594,0.0059105997200624705,0.9940894002799375,1.0,0.049219515496226496,0.049219515496226496,0.15235439795344569,0.0001523543979534457
EWMA,22,2025-10-06,2025-10-07,2025-11-05,XLF,0.1259795268886985,0.046125800880109244,0.05669855506893415,0.05669855506893415,0.05669855506893415,0.0059105997200624705,0.9940894002799375,1.0,0.049219515496226496,0.049219515496226496,0.15235439795344569,0.0001523543979534457
EWMA,22,2025-10-06,2025-10-07,2025-11-05,XLK,0.1562010041716023,0.041643644009227064,0.04572862499020817,0.04572862499020817,0.04572862499020817,0.0059105997200624705,0.9940894002799375,1.0,0.049219515496226496,0.049219515496226496,0.15235439795344569,0.0001523543979534457
EWMA,22,2025-10-06,2025-10-07,2025-11-05,XLV,0.1725099055475107,0.04592884287796482,0.04140548984817535,0.04140548984817535,0.04140548984817535,0.0059105997200624705,0.9940894002799375,1.0,0.049219515496226496,0.049219515496226496,0.15235439795344569,0.0001523543979534457
EWMA,23,2025-11-05,2025-11-06,2025-12-08,DBC,0.1333698816211387,0.05690215010351771,0.05355674801562561,0.05355674801562561,0.05355674801562561,0.07435866489664067,0.9256413351033593,1.0,0.05420663171533181,0.05420663171533181,0.12402411164710908,0.0001240241116471091
EWMA,23,2025-11-05,2025-11-06,2025-12-08,EEM,0.1555586494032921,0.063737221425942,0.04591745409372253,0.04591745409372253,0.04591745409372253,0.07435866489664067,0.9256413351033593,1.0,0.05420663171533181,0.05420663171533181,0.12402411164710908,0.0001240241116471091
EWMA,23,2025-11-05,2025-11-06,2025-12-08,EFA,0.1107140600254678,0.0619579764309251,0.06451626054734201,0.06451626054734201,0.06451626054734201,0.07435866489664067,0.9256413351033593,1.0,0.05420663171533181,0.05420663171533181,0.12402411164710908,0.0001240241116471091
EWMA,23,2025-11-05,2025-11-06,2025-12-08,GLD,0.2563305444705128,0.04901479855036,0.027865805683094578,0.027865805683094578,0.027865805683094578,0.07435866489664067,0.9256413351033593,1.0,0.05420663171533181,0.05420663171533181,0.12402411164710908,0.0001240241116471091
EWMA,23,2025-11-05,2025-11-06,2025-12-08,HYG,0.0363122965342883,0.20964252574955422,0.19670629028137668,0.19670629028137668,0.19670629028137668,0.07435866489664067,0.9256413351033593,1.0,0.05420663171533181,0.05420663171533181,0.12402411164710908,0.0001240241116471091
EWMA,23,2025-11-05,2025-11-06,2025-12-08,IWM,0.189178984297106,0.04083886615065017,0.03775713866630804,0.03775713866630804,0.03775713866630804,0.07435866489664067,0.9256413351033593,1.0,0.05420663171533181,0.05420663171533181,0.12402411164710908,0.0001240241116471091
EWMA,23,2025-11-05,2025-11-06,2025-12-08,LQD,0.0500651886953031,0.13224998852522993,0.14267113195814748,0.14267113195814748,0.14267113195814748,0.07435866489664067,0.9256413351033593,1.0,0.05420663171533181,0.05420663171533181,0.12402411164710908,0.0001240241116471091
EWMA,23,2025-11-05,2025-11-06,2025-12-08,QQQ,0.1617881826849442,0.05755895263194957,0.044149436777880614,0.044149436777880614,0.044149436777880614,0.07435866489664067,0.9256413351033593,1.0,0.05420663171533181,0.05420663171533181,0.12402411164710908,0.0001240241116471091
EWMA,23,2025-11-05,2025-11-06,2025-12-08,SPY,0.11985615981571,0.06940078825885247,0.059595244448345,0.059595244448345,0.059595244448345,0.07435866489664067,0.9256413351033593,1.0,0.05420663171533181,0.05420663171533181,0.12402411164710908,0.0001240241116471091
EWMA,23,2025-11-05,2025-11-06,2025-12-08,TLT,0.0999976365918459,0.06967481002944591,0.0714302596171517,0.0714302596171517,0.0714302596171517,0.07435866489664067,0.9256413351033593,1.0,0.05420663171533181,0.05420663171533181,0.12402411164710908,0.0001240241116471091
EWMA,23,2025-11-05,2025-11-06,2025-12-08,XLE,0.1693020617503265,0.03890169333536657,0.04219001865075259,0.04219001865075259,0.04219001865075259,0.07435866489664067,0.9256413351033593,1.0,0.05420663171533181,0.05420663171533181,0.12402411164710908,0.0001240241116471091
EWMA,23,2025-11-05,2025-11-06,2025-12-08,XLF,0.1421180822812983,0.055565277462308854,0.050260016376516295,0.050260016376516295,0.050260016376516295,0.07435866489664067,0.9256413351033593,1.0,0.05420663171533181,0.05420663171533181,0.12402411164710908,0.0001240241116471091
EWMA,23,2025-11-05,2025-11-06,2025-12-08,XLK,0.193506627124459,0.04626652706928386,0.036912726189284574,0.036912726189284574,0.036912726189284574,0.07435866489664067,0.9256413351033593,1.0,0.05420663171533181,0.05420663171533181,0.12402411164710908,0.0001240241116471091
EWMA,23,2025-11-05,2025-11-06,2025-12-08,XLV,0.1370653010835908,0.04231814147339375,0.05211280379781161,0.05211280379781161,0.05211280379781161,0.07435866489664067,0.9256413351033593,1.0,0.05420663171533181,0.05420663171533181,0.12402411164710908,0.0001240241116471091
EWMA,24,2025-12-08,2025-12-09,2025-12-31,DBC,0.1273880479193292,0.05336616849073446,0.05607164298004227,0.05607164298004227,0.05607164298004227,0.04548319578080473,0.9545168042191953,1.0,0.06010197635482252,0.06010197635482252,0.07062927008164602,7.062927008164602e-05
EWMA,24,2025-12-08,2025-12-09,2025-12-31,EEM,0.1356350758903966,0.04514825688786213,0.05266231537798608,0.05266231537798608,0.05266231537798608,0.04548319578080473,0.9545168042191953,1.0,0.06010197635482252,0.06010197635482252,0.07062927008164602,7.062927008164602e-05
EWMA,24,2025-12-08,2025-12-09,2025-12-31,EFA,0.1191689567523343,0.06453017187212447,0.05993890806396799,0.05993890806396799,0.05993890806396799,0.04548319578080473,0.9545168042191953,1.0,0.06010197635482252,0.06010197635482252,0.07062927008164602,7.062927008164602e-05
EWMA,24,2025-12-08,2025-12-09,2025-12-31,GLD,0.2105954020210877,0.028993663844665743,0.03391744109466313,0.03391744109466313,0.03391744109466313,0.04548319578080473,0.9545168042191953,1.0,0.06010197635482252,0.06010197635482252,0.07062927008164602,7.062927008164602e-05
EWMA,24,2025-12-08,2025-12-09,2025-12-31,HYG,0.0337563977102317,0.19686466315227977,0.2116001003475591,0.2116001003475591,0.2116001003475591,0.04548319578080473,0.9545168042191953,1.0,0.06010197635482252,0.06010197635482252,0.07062927008164602,7.062927008164602e-05
EWMA,24,2025-12-08,2025-12-09,2025-12-31,IWM,0.2059008399107193,0.03842073441333054,0.03469076253382142,0.03469076253382142,0.03469076253382142,0.04548319578080473,0.9545168042191953,1.0,0.06010197635482252,0.06010197635482252,0.07062927008164602,7.062927008164602e-05
EWMA,24,2025-12-08,2025-12-09,2025-12-31,LQD,0.0469724423214106,0.14204020286167415,0.1520648446163793,0.1520648446163793,0.1520648446163793,0.04548319578080473,0.9545168042191953,1.0,0.06010197635482252,0.06010197635482252,0.07062927008164602,7.062927008164602e-05
EWMA,24,2025-12-08,2025-12-09,2025-12-31,QQQ,0.1725488611351409,0.044042257684102484,0.04139614191520413,0.04139614191520413,0.04139614191520413,0.04548319578080473,0.9545168042191953,1.0,0.06010197635482252,0.06010197635482252,0.07062927008164602,7.062927008164602e-05
EWMA,24,2025-12-08,2025-12-09,2025-12-31,SPY,0.1255125876852649,0.05958939371855754,0.05690948831975766,0.05690948831975766,0.05690948831975766,0.04548319578080473,0.9545168042191953,1.0,0.06010197635482252,0.06010197635482252,0.07062927008164602,7.062927008164602e-05
EWMA,24,2025-12-08,2025-12-09,2025-12-31,TLT,0.090923380518832,0.07002154338424924,0.07855908020685304,0.07855908020685304,0.07855908020685304,0.04548319578080473,0.9545168042191953,1.0,0.06010197635482252,0.06010197635482252,0.07062927008164602,7.062927008164602e-05
EWMA,24,2025-12-08,2025-12-09,2025-12-31,XLE,0.1732688658186354,0.04298635257556336,0.04122412361337748,0.04122412361337748,0.04122412361337748,0.04548319578080473,0.9545168042191953,1.0,0.06010197635482252,0.06010197635482252,0.07062927008164602,7.062927008164602e-05
EWMA,24,2025-12-08,2025-12-09,2025-12-31,XLF,0.1384440905933742,0.05053065736598239,0.05159380304527778,0.05159380304527778,0.05159380304527778,0.04548319578080473,0.9545168042191953,1.0,0.06010197635482252,0.06010197635482252,0.07062927008164602,7.062927008164602e-05
EWMA,24,2025-12-08,2025-12-09,2025-12-31,XLK,0.2053561185250354,0.03700285569687699,0.03478278219397851,0.03478278219397851,0.03478278219397851,0.04548319578080473,0.9545168042191953,1.0,0.06010197635482252,0.06010197635482252,0.07062927008164602,7.062927008164602e-05
EWMA,24,2025-12-08,2025-12-09,2025-12-31,XLV,0.1454597970833108,0.0526010089902124,0.04910536991032742,0.04910536991032742,0.04910536991032742,0.04548319578080473,0.9545168042191953,1.0,0.06010197635482252,0.06010197635482252,0.07062927008164602,7.062927008164602e-05
XGBOOST,1,2023-12-28,2023-12-29,2024-01-30,DBC,0.1711360514163971,0.0,0.04173788680841775,0.04173788680841775,0.04173788680841775,0.3636665211634481,0.6363334788365519,1.0,0.05729131268624712,0.05729131268624712,0.6363334788365519,0.0006363334788365519
XGBOOST,1,2023-12-28,2023-12-29,2024-01-30,EEM,0.1781537532806396,0.0,0.04009377861158637,0.04009377861158637,0.04009377861158637,0.3636665211634481,0.6363334788365519,1.0,0.05729131268624712,0.05729131268624712,0.6363334788365519,0.0006363334788365519
XGBOOST,1,2023-12-28,2023-12-29,2024-01-30,EFA,0.174341470003128,0.0,0.040970499690802124,0.040970499690802124,0.040970499690802124,0.3636665211634481,0.6363334788365519,1.0,0.05729131268624712,0.05729131268624712,0.6363334788365519,0.0006363334788365519
XGBOOST,1,2023-12-28,2023-12-29,2024-01-30,GLD,0.1442079842090606,0.0,0.049531634340731295,0.049531634340731295,0.049531634340731295,0.3636665211634481,0.6363334788365519,1.0,0.05729131268624712,0.05729131268624712,0.6363334788365519,0.0006363334788365519
XGBOOST,1,2023-12-28,2023-12-29,2024-01-30,HYG,0.0880198180675506,0.0,0.08115055563254372,0.08115055563254372,0.08115055563254372,0.3636665211634481,0.6363334788365519,1.0,0.05729131268624712,0.05729131268624712,0.6363334788365519,0.0006363334788365519
XGBOOST,1,2023-12-28,2023-12-29,2024-01-30,IWM,0.2546037435531616,0.0,0.028054800150123106,0.028054800150123106,0.028054800150123106,0.3636665211634481,0.6363334788365519,1.0,0.05729131268624712,0.05729131268624712,0.6363334788365519,0.0006363334788365519
XGBOOST,1,2023-12-28,2023-12-29,2024-01-30,LQD,0.1086794883012771,0.0,0.06572405938327561,0.06572405938327561,0.06572405938327561,0.3636665211634481,0.6363334788365519,1.0,0.05729131268624712,0.05729131268624712,0.6363334788365519,0.0006363334788365519
XGBOOST,1,2023-12-28,2023-12-29,2024-01-30,QQQ,0.1735659092664718,0.0,0.041153571994894896,0.041153571994894896,0.041153571994894896,0.3636665211634481,0.6363334788365519,1.0,0.05729131268624712,0.05729131268624712,0.6363334788365519,0.0006363334788365519
XGBOOST,1,2023-12-28,2023-12-29,2024-01-30,SPY,0.1464260220527649,0.0,0.04878133710607259,0.04878133710607259,0.04878133710607259,0.3636665211634481,0.6363334788365519,1.0,0.05729131268624712,0.05729131268624712,0.6363334788365519,0.0006363334788365519
XGBOOST,1,2023-12-28,2023-12-29,2024-01-30,TLT,0.1917487829923629,0.0,0.0372511211356248,0.0372511211356248,0.0372511211356248,0.3636665211634481,0.6363334788365519,1.0,0.05729131268624712,0.05729131268624712,0.6363334788365519,0.0006363334788365519
XGBOOST,1,2023-12-28,2023-12-29,2024-01-30,XLE,0.2401597499847412,0.0,0.029742107673375626,0.029742107673375626,0.029742107673375626,0.3636665211634481,0.6363334788365519,1.0,0.05729131268624712,0.05729131268624712,0.6363334788365519,0.0006363334788365519
XGBOOST,1,2023-12-28,2023-12-29,2024-01-30,XLF,0.184769332408905,0.0,0.03865823970749429,0.03865823970749429,0.03865823970749429,0.3636665211634481,0.6363334788365519,1.0,0.05729131268624712,0.05729131268624712,0.6363334788365519,0.0006363334788365519
XGBOOST,1,2023-12-28,2023-12-29,2024-01-30,XLK,0.1585953682661056,0.0,0.045038245573932614,0.045038245573932614,0.045038245573932614,0.3636665211634481,0.6363334788365519,1.0,0.05729131268624712,0.05729131268624712,0.6363334788365519,0.0006363334788365519
XGBOOST,1,2023-12-28,2023-12-29,2024-01-30,XLV,0.1474406570196151,0.0,0.048445641027677164,0.048445641027677164,0.048445641027677164,0.3636665211634481,0.6363334788365519,1.0,0.05729131268624712,0.05729131268624712,0.6363334788365519,0.0006363334788365519
XGBOOST,2,2024-01-30,2024-01-31,2024-02-29,DBC,0.1070148646831512,0.042351155872803435,0.0667464016705124,0.0667464016705124,0.0667464016705124,0.27097054758179395,0.729029452418206,1.0,0.05781586974359285,0.05781586974359285,0.14363113811130349,0.0001436311381113035
XGBOOST,2,2024-01-30,2024-01-31,2024-02-29,EEM,0.1770835816860199,0.038325440388515965,0.040336077883955775,0.040336077883955775,0.040336077883955775,0.27097054758179395,0.729029452418206,1.0,0.05781586974359285,0.05781586974359285,0.14363113811130349,0.0001436311381113035
XGBOOST,2,2024-01-30,2024-01-31,2024-02-29,EFA,0.1582416146993637,0.040882372516429934,0.045138929834781724,0.045138929834781724,0.045138929834781724,0.27097054758179395,0.729029452418206,1.0,0.05781586974359285,0.05781586974359285,0.14363113811130349,0.0001436311381113035
XGBOOST,2,2024-01-30,2024-01-31,2024-02-29,GLD,0.1186990737915039,0.04860417257780514,0.06017618263309823,0.06017618263309823,0.06017618263309823,0.27097054758179395,0.729029452418206,1.0,0.05781586974359285,0.05781586974359285,0.14363113811130349,0.0001436311381113035
XGBOOST,2,2024-01-30,2024-01-31,2024-02-29,HYG,0.066915787756443,0.08085749476312387,0.10674397451398743,0.10674397451398743,0.10674397451398743,0.27097054758179395,0.729029452418206,1.0,0.05781586974359285,0.05781586974359285,0.14363113811130349,0.0001436311381113035
XGBOOST,2,2024-01-30,2024-01-31,2024-02-29,IWM,0.2136457860469818,0.027082792834870605,0.03343317588902218,0.03343317588902218,0.03343317588902218,0.27097054758179395,0.729029452418206,1.0,0.05781586974359285,0.05781586974359285,0.14363113811130349,0.0001436311381113035
XGBOOST,2,2024-01-30,2024-01-31,2024-02-29,LQD,0.0839096009731292,0.06478264508082113,0.08512562400510683,0.08512562400510683,0.08512562400510683,0.27097054758179395,0.729029452418206,1.0,0.05781586974359285,0.05781586974359285,0.14363113811130349,0.0001436311381113035
XGBOOST,2,2024-01-30,2024-01-31,2024-02-29,QQQ,0.1882311552762985,0.0423952503167964,0.03794726294046472,0.03794726294046472,0.03794726294046472,0.27097054758179395,0.729029452418206,1.0,0.05781586974359285,0.05781586974359285,0.14363113811130349,0.0001436311381113035
XGBOOST,2,2024-01-30,2024-01-31,2024-02-29,SPY,0.1242165490984916,0.05004663445853421,0.05750326502142282,0.05750326502142282,0.05750326502142282,0.27097054758179395,0.729029452418206,1.0,0.05781586974359285,0.05781586974359285,0.14363113811130349,0.0001436311381113035
XGBOOST,2,2024-01-30,2024-01-31,2024-02-29,TLT,0.1783283650875091,0.035601757902566276,0.040054520431183266,0.040054520431183266,0.040054520431183266,0.27097054758179395,0.729029452418206,1.0,0.05781586974359285,0.05781586974359285,0.14363113811130349,0.0001436311381113035
XGBOOST,2,2024-01-30,2024-01-31,2024-02-29,XLE,0.208728089928627,0.029972935732017432,0.034220871495061304,0.034220871495061304,0.034220871495061304,0.27097054758179395,0.729029452418206,1.0,0.05781586974359285,0.05781586974359285,0.14363113811130349,0.0001436311381113035
XGBOOST,2,2024-01-30,2024-01-31,2024-02-29,XLF,0.1533536911010742,0.04006566757970169,0.04657766690564587,0.04657766690564587,0.04657766690564587,0.27097054758179395,0.729029452418206,1.0,0.05781586974359285,0.05781586974359285,0.14363113811130349,0.0001436311381113035
XGBOOST,2,2024-01-30,2024-01-31,2024-02-29,XLK,0.2264419645071029,0.04692658626867359,0.031543875528570985,0.031543875528570985,0.031543875528570985,0.27097054758179395,0.729029452418206,1.0,0.05781586974359285,0.05781586974359285,0.14363113811130349,0.0001436311381113035
XGBOOST,2,2024-01-30,2024-01-31,2024-02-29,XLV,0.1642730087041854,0.04979844308367361,0.043481623665392544,0.043481623665392544,0.043481623665392544,0.27097054758179395,0.729029452418206,1.0,0.05781586974359285,0.05781586974359285,0.14363113811130349,0.0001436311381113035
XGBOOST,3,2024-02-29,2024-03-01,2024-04-01,DBC,0.1022890582680702,0.06456142611039731,0.06983011930892714,0.06983011930892714,0.06983011930892714,0.1958970273684989,0.8041029726315011,1.0,0.06082259137763655,0.06082259137763655,0.08369738176098056,8.369738176098056e-05
XGBOOST,3,2024-02-29,2024-03-01,2024-04-01,EEM,0.1597643196582794,0.04148675428779026,0.04470871317284755,0.04470871317284755,0.04470871317284755,0.1958970273684989,0.8041029726315011,1.0,0.06082259137763655,0.06082259137763655,0.08369738176098056,8.369738176098056e-05
XGBOOST,3,2024-02-29,2024-03-01,2024-04-01,EFA,0.1430974900722503,0.045918491356904186,0.04991601976562059,0.04991601976562059,0.04991601976562059,0.1958970273684989,0.8041029726315011,1.0,0.06082259137763655,0.06082259137763655,0.08369738176098056,8.369738176098056e-05
XGBOOST,3,2024-02-29,2024-03-01,2024-04-01,GLD,0.1076873466372489,0.05996959971902513,0.06632958621330204,0.06632958621330204,0.06632958621330204,0.1958970273684989,0.8041029726315011,1.0,0.06082259137763655,0.06082259137763655,0.08369738176098056,8.369738176098056e-05
XGBOOST,3,2024-02-29,2024-03-01,2024-04-01,HYG,0.0603757835924625,0.10599365163367111,0.11830665736897997,0.11830665736897997,0.11830665736897997,0.1958970273684989,0.8041029726315011,1.0,0.06082259137763655,0.06082259137763655,0.08369738176098056,8.369738176098056e-05
XGBOOST,3,2024-02-29,2024-03-01,2024-04-01,IWM,0.2027928233146667,0.034202324687248035,0.03522243551870579,0.03522243551870579,0.03522243551870579,0.1958970273684989,0.8041029726315011,1.0,0.06082259137763655,0.06082259137763655,0.08369738176098056,8.369738176098056e-05
XGBOOST,3,2024-02-29,2024-03-01,2024-04-01,LQD,0.0875723138451576,0.0830891651905034,0.08156524395925979,0.08156524395925979,0.08156524395925979,0.1958970273684989,0.8041029726315011,1.0,0.06082259137763655,0.06082259137763655,0.08369738176098056,8.369738176098056e-05
XGBOOST,3,2024-02-29,2024-03-01,2024-04-01,QQQ,0.1706090122461319,0.03888671459012488,0.04186682197393173,0.04186682197393173,0.04186682197393173,0.1958970273684989,0.8041029726315011,1.0,0.06082259137763655,0.06082259137763655,0.08369738176098056,8.369738176098056e-05
XGBOOST,3,2024-02-29,2024-03-01,2024-04-01,SPY,0.1291180551052093,0.05908700611484107,0.05532035885327522,0.05532035885327522,0.05532035885327522,0.1958970273684989,0.8041029726315011,1.0,0.06082259137763655,0.06082259137763655,0.08369738176098056,8.369738176098056e-05
XGBOOST,3,2024-02-29,2024-03-01,2024-04-01,TLT,0.1687391996383667,0.039251311929566116,0.0423307515868592,0.0423307515868592,0.0423307515868592,0.1958970273684989,0.8041029726315011,1.0,0.06082259137763655,0.06082259137763655,0.08369738176098056,8.369738176098056e-05
XGBOOST,3,2024-02-29,2024-03-01,2024-04-01,XLE,0.2006451934576034,0.0344293342266027,0.03559944307545268,0.03559944307545268,0.03559944307545268,0.1958970273684989,0.8041029726315011,1.0,0.06082259137763655,0.06082259137763655,0.08369738176098056,8.369738176098056e-05
XGBOOST,3,2024-02-29,2024-03-01,2024-04-01,XLF,0.1186366453766822,0.04753748529414787,0.06020784825951474,0.06020784825951474,0.06020784825951474,0.1958970273684989,0.8041029726315011,1.0,0.06082259137763655,0.06082259137763655,0.08369738176098056,8.369738176098056e-05
XGBOOST,3,2024-02-29,2024-03-01,2024-04-01,XLK,0.187630221247673,0.03210079088365759,0.038068798807354864,0.038068798807354864,0.038068798807354864,0.1958970273684989,0.8041029726315011,1.0,0.06082259137763655,0.06082259137763655,0.08369738176098056,8.369738176098056e-05
XGBOOST,3,2024-02-29,2024-03-01,2024-04-01,XLV,0.1101779714226722,0.044472671831659906,0.0648301747674699,0.0648301747674699,0.0648301747674699,0.1958970273684989,0.8041029726315011,1.0,0.06082259137763655,0.06082259137763655,0.08369738176098056,8.369738176098056e-05
XGBOOST,4,2024-04-01,2024-04-02,2024-04-30,DBC,0.0973775386810302,0.07152568773857614,0.07335220462137866,0.07335220462137866,0.07335220462137866,0.17242624733932221,0.8275737526606778,1.0,0.052878584829943405,0.052878584829943405,0.13276080798371073,0.00013276080798371072
XGBOOST,4,2024-04-01,2024-04-02,2024-04-30,EEM,0.1666814386844635,0.04489719940285168,0.0428533446749217,0.0428533446749217,0.0428533446749217,0.17242624733932221,0.8275737526606778,1.0,0.052878584829943405,0.052878584829943405,0.13276080798371073,0.00013276080798371072
XGBOOST,4,2024-04-01,2024-04-02,2024-04-30,EFA,0.1325312852859497,0.050144867875990595,0.05389563020871414,0.05389563020871414,0.05389563020871414,0.17242624733932221,0.8275737526606778,1.0,0.052878584829943405,0.052878584829943405,0.13276080798371073,0.00013276080798371072
XGBOOST,4,2024-04-01,2024-04-02,2024-04-30,GLD,0.1214811578392982,0.07106074647142518,0.058798066053223644,0.058798066053223644,0.058798066053223644,0.17242624733932221,0.8275737526606778,1.0,0.052878584829943405,0.052878584829943405,0.13276080798371073,0.00013276080798371072
XGBOOST,4,2024-04-01,2024-04-02,2024-04-30,HYG,0.0443735755980014,0.11623925146831948,0.16097096180770384,0.16097096180770384,0.16097096180770384,0.17242624733932221,0.8275737526606778,1.0,0.052878584829943405,0.052878584829943405,0.13276080798371073,0.00013276080798371072
XGBOOST,4,2024-04-01,2024-04-02,2024-04-30,IWM,0.2137248665094375,0.03523752852233215,0.033420805260120416,0.033420805260120416,0.033420805260120416,0.17242624733932221,0.8275737526606778,1.0,0.052878584829943405,0.052878584829943405,0.13276080798371073,0.00013276080798371072
XGBOOST,4,2024-04-01,2024-04-02,2024-04-30,LQD,0.0709512308239936,0.08005284007735042,0.10067277283147061,0.10067277283147061,0.10067277283147061,0.17242624733932221,0.8275737526606778,1.0,0.052878584829943405,0.052878584829943405,0.13276080798371073,0.00013276080798371072
XGBOOST,4,2024-04-01,2024-04-02,2024-04-30,QQQ,0.2204877585172653,0.04146667672794467,0.03239570845516043,0.03239570845516043,0.03239570845516043,0.17242624733932221,0.8275737526606778,1.0,0.052878584829943405,0.052878584829943405,0.13276080798371073,0.00013276080798371072
XGBOOST,4,2024-04-01,2024-04-02,2024-04-30,SPY,0.1456589549779892,0.0556560597865246,0.04903822867558341,0.04903822867558341,0.04903822867558341,0.17242624733932221,0.8275737526606778,1.0,0.052878584829943405,0.052878584829943405,0.13276080798371073,0.00013276080798371072
XGBOOST,4,2024-04-01,2024-04-02,2024-04-30,TLT,0.1563681066036224,0.04085821420680628,0.045679757196034704,0.045679757196034704,0.045679757196034704,0.17242624733932221,0.8275737526606778,1.0,0.052878584829943405,0.052878584829943405,0.13276080798371073,0.00013276080798371072
XGBOOST,4,2024-04-01,2024-04-02,2024-04-30,XLE,0.1846891343593597,0.03866951877072383,0.03867502637680296,0.03867502637680296,0.03867502637680296,0.17242624733932221,0.8275737526606778,1.0,0.052878584829943405,0.052878584829943405,0.13276080798371073,0.00013276080798371072
XGBOOST,4,2024-04-01,2024-04-02,2024-04-30,XLF,0.1252540796995163,0.06124466747510413,0.05702694203648144,0.05702694203648144,0.05702694203648144,0.17242624733932221,0.8275737526606778,1.0,0.052878584829943405,0.052878584829943405,0.13276080798371073,0.00013276080798371072
XGBOOST,4,2024-04-01,2024-04-02,2024-04-30,XLK,0.2576958835124969,0.03754918996518842,0.027718165480554727,0.027718165480554727,0.027718165480554727,0.17242624733932221,0.8275737526606778,1.0,0.052878584829943405,0.052878584829943405,0.13276080798371073,0.00013276080798371072
XGBOOST,4,2024-04-01,2024-04-02,2024-04-30,XLV,0.1345775574445724,0.06422016634657454,0.053076138982527055,0.053076138982527055,0.053076138982527055,0.17242624733932221,0.8275737526606778,1.0,0.052878584829943405,0.052878584829943405,0.13276080798371073,0.00013276080798371072
XGBOOST,5,2024-04-30,2024-05-01,2024-05-30,DBC,0.1588848829269409,0.07551510277117221,0.04495617840585628,0.04495617840585628,0.04495617840585628,0.22493436174697323,0.7750656382530268,1.0,0.05846252754178094,0.05846252754178094,0.13633136861386036,0.00013633136861386036
XGBOOST,5,2024-04-30,2024-05-01,2024-05-30,EEM,0.1413618624210357,0.04345587017193246,0.05052888396152195,0.05052888396152195,0.05052888396152195,0.22493436174697323,0.7750656382530268,1.0,0.05846252754178094,0.05846252754178094,0.13633136861386036,0.00013633136861386036
XGBOOST,5,2024-04-30,2024-05-01,2024-05-30,EFA,0.1382799744606018,0.05331430254972307,0.051655036607576595,0.051655036607576595,0.051655036607576595,0.22493436174697323,0.7750656382530268,1.0,0.05846252754178094,0.05846252754178094,0.13633136861386036,0.00013633136861386036
XGBOOST,5,2024-04-30,2024-05-01,2024-05-30,GLD,0.1142610982060432,0.061024014222046986,0.06251346481876682,0.06251346481876682,0.06251346481876682,0.22493436174697323,0.7750656382530268,1.0,0.05846252754178094,0.05846252754178094,0.13633136861386036,0.00013633136861386036
XGBOOST,5,2024-04-30,2024-05-01,2024-05-30,HYG,0.0556605979800224,0.16231819594960983,0.12832878916286247,0.12832878916286247,0.12832878916286247,0.22493436174697323,0.7750656382530268,1.0,0.05846252754178094,0.05846252754178094,0.13633136861386036,0.00013633136861386036
XGBOOST,5,2024-04-30,2024-05-01,2024-05-30,IWM,0.2044484168291092,0.03199455036418398,0.0349372093638054,0.0349372093638054,0.0349372093638054,0.22493436174697323,0.7750656382530268,1.0,0.05846252754178094,0.05846252754178094,0.13633136861386036,0.00013633136861386036
XGBOOST,5,2024-04-30,2024-05-01,2024-05-30,LQD,0.0878109708428382,0.10012170622270408,0.08134356190687429,0.08134356190687429,0.08134356190687429,0.22493436174697323,0.7750656382530268,1.0,0.05846252754178094,0.05846252754178094,0.13633136861386036,0.00013633136861386036
XGBOOST,5,2024-04-30,2024-05-01,2024-05-30,QQQ,0.1880111843347549,0.03147035460835337,0.03799166080534469,0.03799166080534469,0.03799166080534469,0.22493436174697323,0.7750656382530268,1.0,0.05846252754178094,0.05846252754178094,0.13633136861386036,0.00013633136861386036
XGBOOST,5,2024-04-30,2024-05-01,2024-05-30,SPY,0.1386641710996627,0.04799248460395083,0.05151191606462874,0.05151191606462874,0.05151191606462874,0.22493436174697323,0.7750656382530268,1.0,0.05846252754178094,0.05846252754178094,0.13633136861386036,0.00013633136861386036
XGBOOST,5,2024-04-30,2024-05-01,2024-05-30,TLT,0.1864902377128601,0.04432717207247375,0.03830150698748657,0.03830150698748657,0.03830150698748657,0.22493436174697323,0.7750656382530268,1.0,0.05846252754178094,0.05846252754178094,0.13633136861386036,0.00013633136861386036
XGBOOST,5,2024-04-30,2024-05-01,2024-05-30,XLE,0.1779660284519195,0.038713693978916726,0.04013607094000474,0.04013607094000474,0.04013607094000474,0.22493436174697323,0.7750656382530268,1.0,0.05846252754178094,0.05846252754178094,0.13633136861386036,0.00013633136861386036
XGBOOST,5,2024-04-30,2024-05-01,2024-05-30,XLF,0.1320814937353134,0.055934078883109056,0.054079166890489395,0.054079166890489395,0.054079166890489395,0.22493436174697323,0.7750656382530268,1.0,0.05846252754178094,0.05846252754178094,0.13633136861386036,0.00013633136861386036
XGBOOST,5,2024-04-30,2024-05-01,2024-05-30,XLK,0.1901403814554214,0.026517927984288134,0.03756622916280303,0.03756622916280303,0.03756622916280303,0.22493436174697323,0.7750656382530268,1.0,0.05846252754178094,0.05846252754178094,0.13633136861386036,0.00013633136861386036
XGBOOST,5,2024-04-30,2024-05-01,2024-05-30,XLV,0.1166829168796539,0.051767452231994616,0.06121596317500569,0.06121596317500569,0.06121596317500569,0.22493436174697323,0.7750656382530268,1.0,0.05846252754178094,0.05846252754178094,0.13633136861386036,0.00013633136861386036
XGBOOST,6,2024-05-30,2024-05-31,2024-07-01,DBC,0.1521247178316116,0.04424047586550427,0.04695395491719921,0.04695395491719921,0.04695395491719921,0.2524997273808195,0.7475002726191805,1.0,0.053622348171213086,0.053622348171213086,0.11104289096747284,0.00011104289096747284
XGBOOST,6,2024-05-30,2024-05-31,2024-07-01,EEM,0.1835173964500427,0.051104713857612456,0.03892196206478757,0.03892196206478757,0.03892196206478757,0.2524997273808195,0.7475002726191805,1.0,0.053622348171213086,0.053622348171213086,0.11104289096747284,0.00011104289096747284
XGBOOST,6,2024-05-30,2024-05-31,2024-07-01,EFA,0.148899108171463,0.05280786011058298,0.047971121053538276,0.047971121053538276,0.047971121053538276,0.2524997273808195,0.7475002726191805,1.0,0.053622348171213086,0.053622348171213086,0.11104289096747284,0.00011104289096747284
XGBOOST,6,2024-05-30,2024-05-31,2024-07-01,GLD,0.1390653699636459,0.06277535127705922,0.05136330593823904,0.05136330593823904,0.05136330593823904,0.2524997273808195,0.7475002726191805,1.0,0.053622348171213086,0.053622348171213086,0.11104289096747284,0.00011104289096747284
XGBOOST,6,2024-05-30,2024-05-31,2024-07-01,HYG,0.050511460751295,0.12768114162120234,0.14141062318563052,0.14141062318563052,0.14141062318563052,0.2524997273808195,0.7475002726191805,1.0,0.053622348171213086,0.053622348171213086,0.11104289096747284,0.00011104289096747284
XGBOOST,6,2024-05-30,2024-05-31,2024-07-01,IWM,0.2042604982852935,0.03575008895979493,0.03496935140577506,0.03496935140577506,0.03496935140577506,0.2524997273808195,0.7475002726191805,1.0,0.053622348171213086,0.053622348171213086,0.11104289096747284,0.00011104289096747284
XGBOOST,6,2024-05-30,2024-05-31,2024-07-01,LQD,0.0792232900857925,0.0813215071448505,0.09016107681367436,0.09016107681367436,0.09016107681367436,0.2524997273808195,0.7475002726191805,1.0,0.053622348171213086,0.053622348171213086,0.11104289096747284,0.00011104289096747284
XGBOOST,6,2024-05-30,2024-05-31,2024-07-01,QQQ,0.1917316019535064,0.039692742887735145,0.037254459202762186,0.037254459202762186,0.037254459202762186,0.2524997273808195,0.7475002726191805,1.0,0.053622348171213086,0.053622348171213086,0.11104289096747284,0.00011104289096747284
XGBOOST,6,2024-05-30,2024-05-31,2024-07-01,SPY,0.1443707942962646,0.052684847601540685,0.049475776438544915,0.049475776438544915,0.049475776438544915,0.2524997273808195,0.7475002726191805,1.0,0.053622348171213086,0.053622348171213086,0.11104289096747284,0.00011104289096747284
XGBOOST,6,2024-05-30,2024-05-31,2024-07-01,TLT,0.1349520534276962,0.038452455092758,0.0529288511099544,0.0529288511099544,0.0529288511099544,0.2524997273808195,0.7475002726191805,1.0,0.053622348171213086,0.053622348171213086,0.11104289096747284,0.00011104289096747284
XGBOOST,6,2024-05-30,2024-05-31,2024-07-01,XLE,0.2158015668392181,0.03834175529348744,0.03309919036954395,0.03309919036954395,0.03309919036954395,0.2524997273808195,0.7475002726191805,1.0,0.053622348171213086,0.053622348171213086,0.11104289096747284,0.00011104289096747284
XGBOOST,6,2024-05-30,2024-05-31,2024-07-01,XLF,0.1640152484178543,0.05402228682109351,0.043549957773801655,0.043549957773801655,0.043549957773801655,0.2524997273808195,0.7475002726191805,1.0,0.053622348171213086,0.053622348171213086,0.11104289096747284,0.00011104289096747284
XGBOOST,6,2024-05-30,2024-05-31,2024-07-01,XLK,0.208598792552948,0.03945462665308024,0.03424208287804012,0.03424208287804012,0.03424208287804012,0.2524997273808195,0.7475002726191805,1.0,0.053622348171213086,0.053622348171213086,0.11104289096747284,0.00011104289096747284
XGBOOST,6,2024-05-30,2024-05-31,2024-07-01,XLV,0.1580328494310379,0.06069545779606483,0.04519855946768922,0.04519855946768922,0.04519855946768922,0.2524997273808195,0.7475002726191805,1.0,0.053622348171213086,0.053622348171213086,0.11104289096747284,0.00011104289096747284
XGBOOST,7,2024-07-01,2024-07-02,2024-07-31,DBC,0.1609691828489303,0.04670236248959199,0.044374065994735895,0.044374065994735895,0.044374065994735895,0.18630250443172225,0.8136974955682778,1.0,0.05788887683054044,0.05788887683054044,0.06923622273408585,6.923622273408585e-05
XGBOOST,7,2024-07-01,2024-07-02,2024-07-31,EEM,0.1515618413686752,0.03918194632585494,0.04712833440365834,0.04712833440365834,0.04712833440365834,0.18630250443172225,0.8136974955682778,1.0,0.05788887683054044,0.05788887683054044,0.06923622273408585,6.923622273408585e-05
XGBOOST,7,2024-07-01,2024-07-02,2024-07-31,EFA,0.1309211254119873,0.04707353513950935,0.054558476490174854,0.054558476490174854,0.054558476490174854,0.18630250443172225,0.8136974955682778,1.0,0.05788887683054044,0.05788887683054044,0.06923622273408585,6.923622273408585e-05
XGBOOST,7,2024-07-01,2024-07-02,2024-07-31,GLD,0.1224608495831489,0.050528014217208164,0.058327679149467765,0.058327679149467765,0.058327679149467765,0.18630250443172225,0.8136974955682778,1.0,0.05788887683054044,0.05788887683054044,0.06923622273408585,6.923622273408585e-05
XGBOOST,7,2024-07-01,2024-07-02,2024-07-31,HYG,0.0505797378718853,0.14089191857459343,0.14121973429260284,0.14121973429260284,0.14121973429260284,0.18630250443172225,0.8136974955682778,1.0,0.05788887683054044,0.05788887683054044,0.06923622273408585,6.923622273408585e-05
XGBOOST,7,2024-07-01,2024-07-02,2024-07-31,IWM,0.181995615363121,0.03417096139775638,0.03924741334347854,0.03924741334347854,0.03924741334347854,0.18630250443172225,0.8136974955682778,1.0,0.05788887683054044,0.05788887683054044,0.06923622273408585,6.923622273408585e-05
XGBOOST,7,2024-07-01,2024-07-02,2024-07-31,LQD,0.0739881843328476,0.08949877749307356,0.09654051126222891,0.09654051126222891,0.09654051126222891,0.18630250443172225,0.8136974955682778,1.0,0.05788887683054044,0.05788887683054044,0.06923622273408585,6.923622273408585e-05
XGBOOST,7,2024-07-01,2024-07-02,2024-07-31,QQQ,0.1758511513471603,0.03935739668780604,0.04061876813507987,0.04061876813507987,0.04061876813507987,0.18630250443172225,0.8136974955682778,1.0,0.05788887683054044,0.05788887683054044,0.06923622273408585,6.923622273408585e-05
XGBOOST,7,2024-07-01,2024-07-02,2024-07-31,SPY,0.1324688643217086,0.05118825395467298,0.05392102649502818,0.05392102649502818,0.05392102649502818,0.18630250443172225,0.8136974955682778,1.0,0.05788887683054044,0.05788887683054044,0.06923622273408585,6.923622273408585e-05
XGBOOST,7,2024-07-01,2024-07-02,2024-07-31,TLT,0.13728828728199,0.05269636128581902,0.05202816120930784,0.05202816120930784,0.05202816120930784,0.18630250443172225,0.8136974955682778,1.0,0.05788887683054044,0.05788887683054044,0.06923622273408585,6.923622273408585e-05
XGBOOST,7,2024-07-01,2024-07-02,2024-07-31,XLE,0.2015153765678405,0.033068931010551035,0.035445717664391176,0.035445717664391176,0.035445717664391176,0.18630250443172225,0.8136974955682778,1.0,0.05788887683054044,0.05788887683054044,0.06923622273408585,6.923622273408585e-05
XGBOOST,7,2024-07-01,2024-07-02,2024-07-31,XLF,0.1458054929971695,0.04337934560863974,0.04898894407905336,0.04898894407905336,0.04898894407905336,0.18630250443172225,0.8136974955682778,1.0,0.05788887683054044,0.05788887683054044,0.06923622273408585,6.923622273408585e-05
XGBOOST,7,2024-07-01,2024-07-02,2024-07-31,XLK,0.1913684159517288,0.03682676644212378,0.03732516208243514,0.03732516208243514,0.03732516208243514,0.18630250443172225,0.8136974955682778,1.0,0.05788887683054044,0.05788887683054044,0.06923622273408585,6.923622273408585e-05
XGBOOST,7,2024-07-01,2024-07-02,2024-07-31,XLV,0.1116533726453781,0.045889695349725895,0.0639735009666349,0.0639735009666349,0.0639735009666349,0.18630250443172225,0.8136974955682778,1.0,0.05788887683054044,0.05788887683054044,0.06923622273408585,6.923622273408585e-05
XGBOOST,8,2024-07-31,2024-08-01,2024-08-29,DBC,0.1605735719203949,0.04172575462228566,0.044483391989301006,0.044483391989301006,0.044483391989301006,0.15139222846942113,0.8486077715305789,1.0,0.058165649135832886,0.058165649135832886,0.1134724464634084,0.0001134724464634084
XGBOOST,8,2024-07-31,2024-08-01,2024-08-29,EEM,0.1397342681884765,0.04646137855330944,0.05111743336446796,0.05111743336446796,0.05111743336446796,0.15139222846942113,0.8486077715305789,1.0,0.058165649135832886,0.058165649135832886,0.1134724464634084,0.0001134724464634084
XGBOOST,8,2024-07-31,2024-08-01,2024-08-29,EFA,0.1292527765035629,0.054748405304363465,0.055262697917055945,0.055262697917055945,0.055262697917055945,0.15139222846942113,0.8486077715305789,1.0,0.058165649135832886,0.058165649135832886,0.1134724464634084,0.0001134724464634084
XGBOOST,8,2024-07-31,2024-08-01,2024-08-29,GLD,0.1347851604223251,0.06006526368890496,0.05299438840652994,0.05299438840652994,0.05299438840652994,0.15139222846942113,0.8486077715305789,1.0,0.058165649135832886,0.058165649135832886,0.1134724464634084,0.0001134724464634084
XGBOOST,8,2024-07-31,2024-08-01,2024-08-29,HYG,0.0369724482297897,0.14166109968153257,0.19319405354125158,0.19319405354125158,0.19319405354125158,0.15139222846942113,0.8486077715305789,1.0,0.058165649135832886,0.058165649135832886,0.1134724464634084,0.0001134724464634084
XGBOOST,8,2024-07-31,2024-08-01,2024-08-29,IWM,0.1741926223039627,0.04279116319255991,0.04100550900710937,0.04100550900710937,0.04100550900710937,0.15139222846942113,0.8486077715305789,1.0,0.058165649135832886,0.058165649135832886,0.1134724464634084,0.0001134724464634084
XGBOOST,8,2024-07-31,2024-08-01,2024-08-29,LQD,0.0838300138711929,0.09767383938604074,0.08520644114209902,0.08520644114209902,0.08520644114209902,0.15139222846942113,0.8486077715305789,1.0,0.058165649135832886,0.058165649135832886,0.1134724464634084,0.0001134724464634084
XGBOOST,8,2024-07-31,2024-08-01,2024-08-29,QQQ,0.1956972032785415,0.03890542761808346,0.03649953613639796,0.03649953613639796,0.03649953613639796,0.15139222846942113,0.8486077715305789,1.0,0.058165649135832886,0.058165649135832886,0.1134724464634084,0.0001134724464634084
XGBOOST,8,2024-07-31,2024-08-01,2024-08-29,SPY,0.1141410917043685,0.05336611170832544,0.06257919068583577,0.06257919068583577,0.06257919068583577,0.15139222846942113,0.8486077715305789,1.0,0.058165649135832886,0.058165649135832886,0.1134724464634084,0.0001134724464634084
XGBOOST,8,2024-07-31,2024-08-01,2024-08-29,TLT,0.1587211489677429,0.05375978227456871,0.04500255441263719,0.04500255441263719,0.04500255441263719,0.15139222846942113,0.8486077715305789,1.0,0.058165649135832886,0.058165649135832886,0.1134724464634084,0.0001134724464634084
XGBOOST,8,2024-07-31,2024-08-01,2024-08-29,XLE,0.1911431550979614,0.035498046818025736,0.037369149521448514,0.037369149521448514,0.037369149521448514,0.15139222846942113,0.8486077715305789,1.0,0.058165649135832886,0.058165649135832886,0.1134724464634084,0.0001134724464634084
XGBOOST,8,2024-07-31,2024-08-01,2024-08-29,XLF,0.1614777892827987,0.05096272079062107,0.04423430104277523,0.04423430104277523,0.04423430104277523,0.15139222846942113,0.8486077715305789,1.0,0.058165649135832886,0.058165649135832886,0.1134724464634084,0.0001134724464634084
XGBOOST,8,2024-07-31,2024-08-01,2024-08-29,XLK,0.2153550833463668,0.0351076215889141,0.03316781304562435,0.03316781304562435,0.03316781304562435,0.15139222846942113,0.8486077715305789,1.0,0.058165649135832886,0.058165649135832886,0.1134724464634084,0.0001134724464634084
XGBOOST,8,2024-07-31,2024-08-01,2024-08-29,XLV,0.1074254214763641,0.06471926053267515,0.0664913113180452,0.0664913113180452,0.0664913113180452,0.15139222846942113,0.8486077715305789,1.0,0.058165649135832886,0.058165649135832886,0.1134724464634084,0.0001134724464634084
XGBOOST,9,2024-08-29,2024-08-30,2024-09-30,DBC,0.136179506778717,0.04349885498461086,0.05245177715663069,0.05245177715663069,0.05245177715663069,0.20721358937805123,0.7927864106219488,1.0,0.0654505607174509,0.0654505607174509,0.08476672099607892,8.476672099607892e-05
XGBOOST,9,2024-08-29,2024-08-30,2024-09-30,EEM,0.1496037393808365,0.05086571591256683,0.04774517784394437,0.04774517784394437,0.04774517784394437,0.20721358937805123,0.7927864106219488,1.0,0.0654505607174509,0.0654505607174509,0.08476672099607892,8.476672099607892e-05
XGBOOST,9,2024-08-29,2024-08-30,2024-09-30,EFA,0.1390026956796646,0.056262197546482914,0.05138646490222064,0.05138646490222064,0.05138646490222064,0.20721358937805123,0.7927864106219488,1.0,0.0654505607174509,0.0654505607174509,0.08476672099607892,8.476672099607892e-05
XGBOOST,9,2024-08-29,2024-08-30,2024-09-30,GLD,0.1530717760324478,0.053809700384797605,0.04666344984030902,0.04666344984030902,0.04666344984030902,0.20721358937805123,0.7927864106219488,1.0,0.0654505607174509,0.0654505607174509,0.08476672099607892,8.476672099607892e-05
XGBOOST,9,2024-08-29,2024-08-30,2024-09-30,HYG,0.0426486358046531,0.19370460718670904,0.16748149168414517,0.16748149168414517,0.16748149168414517,0.20721358937805123,0.7927864106219488,1.0,0.0654505607174509,0.0654505607174509,0.08476672099607892,8.476672099607892e-05
XGBOOST,9,2024-08-29,2024-08-30,2024-09-30,IWM,0.175054982304573,0.03957901223034324,0.04080350669728152,0.04080350669728152,0.04080350669728152,0.20721358937805123,0.7927864106219488,1.0,0.0654505607174509,0.0654505607174509,0.08476672099607892,8.476672099607892e-05
XGBOOST,9,2024-08-29,2024-08-30,2024-09-30,LQD,0.0799859911203384,0.08595315942338126,0.08930135193437512,0.08930135193437512,0.08930135193437512,0.20721358937805123,0.7927864106219488,1.0,0.0654505607174509,0.0654505607174509,0.08476672099607892,8.476672099607892e-05
XGBOOST,9,2024-08-29,2024-08-30,2024-09-30,QQQ,0.2009174078702926,0.03601149972505986,0.0355512109108455,0.0355512109108455,0.0355512109108455,0.20721358937805123,0.7927864106219488,1.0,0.0654505607174509,0.0654505607174509,0.08476672099607892,8.476672099607892e-05
XGBOOST,9,2024-08-29,2024-08-30,2024-09-30,SPY,0.1276800781488418,0.06264215072746003,0.05594339576241821,0.05594339576241821,0.05594339576241821,0.20721358937805123,0.7927864106219488,1.0,0.0654505607174509,0.0654505607174509,0.08476672099607892,8.476672099607892e-05
XGBOOST,9,2024-08-29,2024-08-30,2024-09-30,TLT,0.1762438118457794,0.045866817525059944,0.04052827198896173,0.04052827198896173,0.04052827198896173,0.20721358937805123,0.7927864106219488,1.0,0.0654505607174509,0.0654505607174509,0.08476672099607892,8.476672099607892e-05
XGBOOST,9,2024-08-29,2024-08-30,2024-09-30,XLE,0.19861701130867,0.03600291689400845,0.035962967601785405,0.035962967601785405,0.035962967601785405,0.20721358937805123,0.7927864106219488,1.0,0.0654505607174509,0.0654505607174509,0.08476672099607892,8.476672099607892e-05
XGBOOST,9,2024-08-29,2024-08-30,2024-09-30,XLF,0.1596981883049011,0.04524874522074714,0.04472722714436662,0.04472722714436662,0.04472722714436662,0.20721358937805123,0.7927864106219488,1.0,0.0654505607174509,0.0654505607174509,0.08476672099607892,8.476672099607892e-05
XGBOOST,9,2024-08-29,2024-08-30,2024-09-30,XLK,0.2518270015716553,0.03254925351153594,0.028364143234357268,0.028364143234357268,0.028364143234357268,0.20721358937805123,0.7927864106219488,1.0,0.0654505607174509,0.0654505607174509,0.08476672099607892,8.476672099607892e-05
XGBOOST,9,2024-08-29,2024-08-30,2024-09-30,XLV,0.127834141254425,0.06850728204536051,0.055875973920307395,0.055875973920307395,0.055875973920307395,0.20721358937805123,0.7927864106219488,1.0,0.0654505607174509,0.0654505607174509,0.08476672099607892,8.476672099607892e-05
XGBOOST,10,2024-09-30,2024-10-01,2024-10-30,DBC,0.1548041105270385,0.05155486643276654,0.04614126277744771,0.04614126277744771,0.04614126277744771,0.19820727878779598,0.801792721212204,1.0,0.06805762608708449,0.06805762608708449,0.1068448435069742,0.0001068448435069742
XGBOOST,10,2024-09-30,2024-10-01,2024-10-30,EEM,0.167453184723854,0.049927221455290216,0.04265584530169661,0.04265584530169661,0.04265584530169661,0.19820727878779598,0.801792721212204,1.0,0.06805762608708449,0.06805762608708449,0.1068448435069742,0.0001068448435069742
XGBOOST,10,2024-09-30,2024-10-01,2024-10-30,EFA,0.13371042907238,0.051189329379692824,0.05342034419013477,0.05342034419013477,0.05342034419013477,0.19820727878779598,0.801792721212204,1.0,0.06805762608708449,0.06805762608708449,0.1068448435069742,0.0001068448435069742
XGBOOST,10,2024-09-30,2024-10-01,2024-10-30,GLD,0.1649902462959289,0.04804948151991943,0.04329260246115162,0.04329260246115162,0.04329260246115162,0.19820727878779598,0.801792721212204,1.0,0.06805762608708449,0.06805762608708449,0.1068448435069742,0.0001068448435069742
XGBOOST,10,2024-09-30,2024-10-01,2024-10-30,HYG,0.0431129820644855,0.16810901975124237,0.16567764048827188,0.16567764048827188,0.16567764048827188,0.19820727878779598,0.801792721212204,1.0,0.06805762608708449,0.06805762608708449,0.1068448435069742,0.0001068448435069742
XGBOOST,10,2024-09-30,2024-10-01,2024-10-30,IWM,0.1857931017875671,0.04078936013255783,0.038445222530512316,0.038445222530512316,0.038445222530512316,0.19820727878779598,0.801792721212204,1.0,0.06805762608708449,0.06805762608708449,0.1068448435069742,0.0001068448435069742
XGBOOST,10,2024-09-30,2024-10-01,2024-10-30,LQD,0.0548325404524803,0.08960917773192063,0.13026675554176412,0.13026675554176412,0.13026675554176412,0.19820727878779598,0.801792721212204,1.0,0.06805762608708449,0.06805762608708449,0.1068448435069742,0.0001068448435069742
XGBOOST,10,2024-09-30,2024-10-01,2024-10-30,QQQ,0.2186614573001861,0.036433437549394466,0.03266628344588035,0.03266628344588035,0.03266628344588035,0.19820727878779598,0.801792721212204,1.0,0.06805762608708449,0.06805762608708449,0.1068448435069742,0.0001068448435069742
XGBOOST,10,2024-09-30,2024-10-01,2024-10-30,SPY,0.1491554677486419,0.05690674682363338,0.04788867113403008,0.04788867113403008,0.04788867113403008,0.19820727878779598,0.801792721212204,1.0,0.06805762608708449,0.06805762608708449,0.1068448435069742,0.0001068448435069742
XGBOOST,10,2024-09-30,2024-10-01,2024-10-30,TLT,0.1332105994224548,0.04036092211749334,0.05362078673788401,0.05362078673788401,0.05362078673788401,0.19820727878779598,0.801792721212204,1.0,0.06805762608708449,0.06805762608708449,0.1068448435069742,0.0001068448435069742
XGBOOST,10,2024-09-30,2024-10-01,2024-10-30,XLE,0.2300672531127929,0.03454840097915075,0.03104682238004242,0.03104682238004242,0.03104682238004242,0.19820727878779598,0.801792721212204,1.0,0.06805762608708449,0.06805762608708449,0.1068448435069742,0.0001068448435069742
XGBOOST,10,2024-09-30,2024-10-01,2024-10-30,XLF,0.1873120963573455,0.0443099268777043,0.03813345364108426,0.03813345364108426,0.03813345364108426,0.19820727878779598,0.801792721212204,1.0,0.06805762608708449,0.06805762608708449,0.1068448435069742,0.0001068448435069742
XGBOOST,10,2024-09-30,2024-10-01,2024-10-30,XLK,0.241867646574974,0.029115060221272582,0.02953209014932472,0.02953209014932472,0.02953209014932472,0.19820727878779598,0.801792721212204,1.0,0.06805762608708449,0.06805762608708449,0.1068448435069742,0.0001068448435069742
XGBOOST,10,2024-09-30,2024-10-01,2024-10-30,XLV,0.1457578986883163,0.05460363940968304,0.04900494043297911,0.04900494043297911,0.04900494043297911,0.19820727878779598,0.801792721212204,1.0,0.06805762608708449,0.06805762608708449,0.1068448435069742,0.0001068448435069742
XGBOOST,11,2024-10-30,2024-10-31,2024-12-02,DBC,0.1296624392271042,0.04762286391762872,0.05508809787502458,0.05508809787502458,0.05508809787502458,0.2323233749950191,0.7676766250049809,1.0,0.05904913832220978,0.05904913832220978,0.08140238141594455,8.140238141594455e-05
XGBOOST,11,2024-10-30,2024-10-31,2024-12-02,EEM,0.1805280596017837,0.042138502754035,0.03956646495072929,0.03956646495072929,0.03956646495072929,0.2323233749950191,0.7676766250049809,1.0,0.05904913832220978,0.05904913832220978,0.08140238141594455,8.140238141594455e-05
XGBOOST,11,2024-10-30,2024-10-31,2024-12-02,EFA,0.1437551975250244,0.051197387583762424,0.049687644452742236,0.049687644452742236,0.049687644452742236,0.2323233749950191,0.7676766250049809,1.0,0.05904913832220978,0.05904913832220978,0.08140238141594455,8.140238141594455e-05
XGBOOST,11,2024-10-30,2024-10-31,2024-12-02,GLD,0.1515804678201675,0.04632769811597223,0.04712254319818637,0.04712254319818637,0.04712254319818637,0.2323233749950191,0.7676766250049809,1.0,0.05904913832220978,0.05904913832220978,0.08140238141594455,8.140238141594455e-05
XGBOOST,11,2024-10-30,2024-10-31,2024-12-02,HYG,0.0515025630593299,0.16584457801816835,0.13868935288965556,0.13868935288965556,0.13868935288965556,0.2323233749950191,0.7676766250049809,1.0,0.05904913832220978,0.05904913832220978,0.08140238141594455,8.140238141594455e-05
XGBOOST,11,2024-10-30,2024-10-31,2024-12-02,IWM,0.2083098441362381,0.03858244096606012,0.03428958037233034,0.03428958037233034,0.03428958037233034,0.2323233749950191,0.7676766250049809,1.0,0.05904913832220978,0.05904913832220978,0.08140238141594455,8.140238141594455e-05
XGBOOST,11,2024-10-30,2024-10-31,2024-12-02,LQD,0.064208872616291,0.1274362272277168,0.11124408281613193,0.11124408281613193,0.11124408281613193,0.2323233749950191,0.7676766250049809,1.0,0.05904913832220978,0.05904913832220978,0.08140238141594455,8.140238141594455e-05
XGBOOST,11,2024-10-30,2024-10-31,2024-12-02,QQQ,0.1953482627868652,0.03322444866063579,0.036564733368785365,0.036564733368785365,0.036564733368785365,0.2323233749950191,0.7676766250049809,1.0,0.05904913832220978,0.05904913832220978,0.08140238141594455,8.140238141594455e-05
XGBOOST,11,2024-10-30,2024-10-31,2024-12-02,SPY,0.1456180363893509,0.04842344945451189,0.04905200839103955,0.04905200839103955,0.04905200839103955,0.2323233749950191,0.7676766250049809,1.0,0.05904913832220978,0.05904913832220978,0.08140238141594455,8.140238141594455e-05
XGBOOST,11,2024-10-30,2024-10-31,2024-12-02,TLT,0.1313253045082092,0.05100324540210706,0.054390562196721504,0.054390562196721504,0.054390562196721504,0.2323233749950191,0.7676766250049809,1.0,0.05904913832220978,0.05904913832220978,0.08140238141594455,8.140238141594455e-05
XGBOOST,11,2024-10-30,2024-10-31,2024-12-02,XLE,0.2376604974269867,0.031408342101791734,0.030054877525666834,0.030054877525666834,0.030054877525666834,0.2323233749950191,0.7676766250049809,1.0,0.05904913832220978,0.05904913832220978,0.08140238141594455,8.140238141594455e-05
XGBOOST,11,2024-10-30,2024-10-31,2024-12-02,XLF,0.1989786624908447,0.03974379070587487,0.03589760355930524,0.03589760355930524,0.03589760355930524,0.2323233749950191,0.7676766250049809,1.0,0.05904913832220978,0.05904913832220978,0.08140238141594455,8.140238141594455e-05
XGBOOST,11,2024-10-30,2024-10-31,2024-12-02,XLK,0.1969992518424987,0.029899639308628,0.03625829578565035,0.03625829578565035,0.03625829578565035,0.2323233749950191,0.7676766250049809,1.0,0.05904913832220978,0.05904913832220978,0.08140238141594455,8.140238141594455e-05
XGBOOST,11,2024-10-30,2024-10-31,2024-12-02,XLV,0.1435150802135467,0.047264954953839214,0.049770777623011866,0.049770777623011866,0.049770777623011866,0.2323233749950191,0.7676766250049809,1.0,0.05904913832220978,0.05904913832220978,0.08140238141594455,8.140238141594455e-05
XGBOOST,12,2024-12-02,2024-12-03,2025-01-02,DBC,0.1414229571819305,0.05406780457050483,0.05050705546814701,0.05050705546814701,0.05050705546814701,0.09566840346697003,0.90433159653303,1.0,0.05557338144451328,0.05557338144451328,0.1700116691330603,0.0001700116691330603
XGBOOST,12,2024-12-02,2024-12-03,2025-01-02,EEM,0.1462397575378418,0.03816031776218333,0.04884346954014074,0.04884346954014074,0.04884346954014074,0.09566840346697003,0.90433159653303,1.0,0.05557338144451328,0.05557338144451328,0.1700116691330603,0.0001700116691330603
XGBOOST,12,2024-12-02,2024-12-03,2025-01-02,EFA,0.1356164664030075,0.04865947919873202,0.05266954177696182,0.05266954177696182,0.05266954177696182,0.09566840346697003,0.90433159653303,1.0,0.05557338144451328,0.05557338144451328,0.1700116691330603,0.0001700116691330603
XGBOOST,12,2024-12-02,2024-12-03,2025-01-02,GLD,0.1137767806649208,0.04498106271917378,0.06277956803764091,0.06277956803764091,0.06277956803764091,0.09566840346697003,0.90433159653303,1.0,0.05557338144451328,0.05557338144451328,0.1700116691330603,0.0001700116691330603
XGBOOST,12,2024-12-02,2024-12-03,2025-01-02,HYG,0.0358372926712036,0.13871546273829324,0.19931352539352548,0.19931352539352548,0.19931352539352548,0.09566840346697003,0.90433159653303,1.0,0.05557338144451328,0.05557338144451328,0.1700116691330603,0.0001700116691330603
XGBOOST,12,2024-12-02,2024-12-03,2025-01-02,IWM,0.184271365404129,0.036363270439169405,0.038762708070198576,0.038762708070198576,0.038762708070198576,0.09566840346697003,0.90433159653303,1.0,0.05557338144451328,0.05557338144451328,0.1700116691330603,0.0001700116691330603
XGBOOST,12,2024-12-02,2024-12-03,2025-01-02,LQD,0.0704522579908371,0.11181337667891636,0.1013857801943854,0.1013857801943854,0.1013857801943854,0.09566840346697003,0.90433159653303,1.0,0.05557338144451328,0.05557338144451328,0.1700116691330603,0.0001700116691330603
XGBOOST,12,2024-12-02,2024-12-03,2025-01-02,QQQ,0.1705262959003448,0.03744763914932703,0.04188713010591289,0.04188713010591289,0.04188713010591289,0.09566840346697003,0.90433159653303,1.0,0.05557338144451328,0.05557338144451328,0.1700116691330603,0.0001700116691330603
XGBOOST,12,2024-12-02,2024-12-03,2025-01-02,SPY,0.1038596630096435,0.050286300581469635,0.06877412207850048,0.06877412207850048,0.06877412207850048,0.09566840346697003,0.90433159653303,1.0,0.05557338144451328,0.05557338144451328,0.1700116691330603,0.0001700116691330603
XGBOOST,12,2024-12-02,2024-12-03,2025-01-02,TLT,0.1404268890619278,0.05518308914681597,0.050865309276396244,0.050865309276396244,0.050865309276396244,0.09566840346697003,0.90433159653303,1.0,0.05557338144451328,0.05557338144451328,0.1700116691330603,0.0001700116691330603
XGBOOST,12,2024-12-02,2024-12-03,2025-01-02,XLE,0.195676103234291,0.031635993330709676,0.036503471935480584,0.036503471935480584,0.036503471935480584,0.09566840346697003,0.90433159653303,1.0,0.05557338144451328,0.05557338144451328,0.1700116691330603,0.0001700116691330603
XGBOOST,12,2024-12-02,2024-12-03,2025-01-02,XLF,0.1382103860378265,0.03763765845517674,0.05168104472917274,0.05168104472917274,0.05168104472917274,0.09566840346697003,0.90433159653303,1.0,0.05557338144451328,0.05557338144451328,0.1700116691330603,0.0001700116691330603
XGBOOST,12,2024-12-02,2024-12-03,2025-01-02,XLK,0.1823365837335586,0.03694139530118102,0.03917402090462945,0.03917402090462945,0.03917402090462945,0.09566840346697003,0.90433159653303,1.0,0.05557338144451328,0.05557338144451328,0.1700116691330603,0.0001700116691330603
XGBOOST,12,2024-12-02,2024-12-03,2025-01-02,XLV,0.1167422533035278,0.04903932824293358,0.06118484902193758,0.06118484902193758,0.06118484902193758,0.09566840346697003,0.90433159653303,1.0,0.05557338144451328,0.05557338144451328,0.1700116691330603,0.0001700116691330603
XGBOOST,13,2025-01-02,2025-01-03,2025-02-04,DBC,0.1436612606048584,0.05347792854517658,0.04972013410423591,0.04972013410423591,0.04972013410423591,0.14278638065862614,0.8572136193413739,1.0,0.056752763095475556,0.056752763095475556,0.09939096149706313,9.939096149706313e-05
XGBOOST,13,2025-01-02,2025-01-03,2025-02-04,EEM,0.1396060585975647,0.04887170406966793,0.05116437792608625,0.05116437792608625,0.05116437792608625,0.14278638065862614,0.8572136193413739,1.0,0.056752763095475556,0.056752763095475556,0.09939096149706313,9.939096149706313e-05
XGBOOST,13,2025-01-02,2025-01-03,2025-02-04,EFA,0.1250881254673004,0.05198281357429017,0.057102599596668954,0.057102599596668954,0.057102599596668954,0.14278638065862614,0.8572136193413739,1.0,0.056752763095475556,0.056752763095475556,0.09939096149706313,9.939096149706313e-05
XGBOOST,13,2025-01-02,2025-01-03,2025-02-04,GLD,0.1242647767066955,0.0647658391351772,0.057480947796788494,0.057480947796788494,0.057480947796788494,0.14278638065862614,0.8572136193413739,1.0,0.056752763095475556,0.056752763095475556,0.09939096149706313,9.939096149706313e-05
XGBOOST,13,2025-01-02,2025-01-03,2025-02-04,HYG,0.04398213326931,0.20293191037027106,0.16240360828157716,0.16240360828157716,0.16240360828157716,0.14278638065862614,0.8572136193413739,1.0,0.056752763095475556,0.056752763095475556,0.09939096149706313,9.939096149706313e-05
XGBOOST,13,2025-01-02,2025-01-03,2025-02-04,IWM,0.2192952781915664,0.03639252374109806,0.032571869315934227,0.032571869315934227,0.032571869315934227,0.14278638065862614,0.8572136193413739,1.0,0.056752763095475556,0.056752763095475556,0.09939096149706313,9.939096149706313e-05
XGBOOST,13,2025-01-02,2025-01-03,2025-02-04,LQD,0.064140684902668,0.10082467318082994,0.11136234596958643,0.11136234596958643,0.11136234596958643,0.14278638065862614,0.8572136193413739,1.0,0.056752763095475556,0.056752763095475556,0.09939096149706313,9.939096149706313e-05
XGBOOST,13,2025-01-02,2025-01-03,2025-02-04,QQQ,0.1715036779642105,0.04251129360598388,0.04164841960035235,0.04164841960035235,0.04164841960035235,0.14278638065862614,0.8572136193413739,1.0,0.056752763095475556,0.056752763095475556,0.09939096149706313,9.939096149706313e-05
XGBOOST,13,2025-01-02,2025-01-03,2025-02-04,SPY,0.1194767579436302,0.06839301366787891,0.059784490856599766,0.059784490856599766,0.059784490856599766,0.14278638065862614,0.8572136193413739,1.0,0.056752763095475556,0.056752763095475556,0.09939096149706313,9.939096149706313e-05
XGBOOST,13,2025-01-02,2025-01-03,2025-02-04,TLT,0.1393023282289505,0.04874666356752636,0.051275935109408165,0.051275935109408165,0.051275935109408165,0.14278638065862614,0.8572136193413739,1.0,0.056752763095475556,0.056752763095475556,0.09939096149706313,9.939096149706313e-05
XGBOOST,13,2025-01-02,2025-01-03,2025-02-04,XLE,0.2055843919515609,0.034535603250598644,0.034744160658558745,0.034744160658558745,0.034744160658558745,0.14278638065862614,0.8572136193413739,1.0,0.056752763095475556,0.056752763095475556,0.09939096149706313,9.939096149706313e-05
XGBOOST,13,2025-01-02,2025-01-03,2025-02-04,XLF,0.16473950445652,0.05037396560682036,0.043358495986871026,0.043358495986871026,0.043358495986871026,0.14278638065862614,0.8572136193413739,1.0,0.056752763095475556,0.056752763095475556,0.09939096149706313,9.939096149706313e-05
XGBOOST,13,2025-01-02,2025-01-03,2025-02-04,XLK,0.1821455508470535,0.03947577548135487,0.03921510632370569,0.03921510632370569,0.03921510632370569,0.14278638065862614,0.8572136193413739,1.0,0.056752763095475556,0.056752763095475556,0.09939096149706313,9.939096149706313e-05
XGBOOST,13,2025-01-02,2025-01-03,2025-02-04,XLV,0.1092495247721672,0.058817305823029305,0.06538112781500065,0.06538112781500065,0.06538112781500065,0.14278638065862614,0.8572136193413739,1.0,0.056752763095475556,0.056752763095475556,0.09939096149706313,9.939096149706313e-05
XGBOOST,14,2025-02-04,2025-02-05,2025-03-06,DBC,0.1491337120532989,0.04983031044037604,0.04789565715566952,0.04789565715566952,0.04789565715566952,0.11816013770915912,0.8818398622908409,1.0,0.06229612403168722,0.06229612403168722,0.07870632457906107,7.870632457906107e-05
XGBOOST,14,2025-02-04,2025-02-05,2025-03-06,EEM,0.1409494429826736,0.05155255716942388,0.05067673196647672,0.05067673196647672,0.05067673196647672,0.11816013770915912,0.8818398622908409,1.0,0.06229612403168722,0.06229612403168722,0.07870632457906107,7.870632457906107e-05
XGBOOST,14,2025-02-04,2025-02-05,2025-03-06,EFA,0.1170331612229347,0.05851516607434487,0.06103276257958053,0.06103276257958053,0.06103276257958053,0.11816013770915912,0.8818398622908409,1.0,0.06229612403168722,0.06229612403168722,0.07870632457906107,7.870632457906107e-05
XGBOOST,14,2025-02-04,2025-02-05,2025-03-06,GLD,0.1310066878795623,0.059924473497325687,0.054522843516384055,0.054522843516384055,0.054522843516384055,0.11816013770915912,0.8818398622908409,1.0,0.06229612403168722,0.06229612403168722,0.07870632457906107,7.870632457906107e-05
XGBOOST,14,2025-02-04,2025-02-05,2025-03-06,HYG,0.0369778089225292,0.16036054781805362,0.19316604609596721,0.19316604609596721,0.19316604609596721,0.11816013770915912,0.8818398622908409,1.0,0.06229612403168722,0.06229612403168722,0.07870632457906107,7.870632457906107e-05
XGBOOST,14,2025-02-04,2025-02-05,2025-03-06,IWM,0.1929237842559814,0.03257828508207715,0.03702424338400715,0.03702424338400715,0.03702424338400715,0.11816013770915912,0.8818398622908409,1.0,0.06229612403168722,0.06229612403168722,0.07870632457906107,7.870632457906107e-05
XGBOOST,14,2025-02-04,2025-02-05,2025-03-06,LQD,0.0626381710171699,0.10954844517004549,0.11403361603421015,0.11403361603421015,0.11403361603421015,0.11816013770915912,0.8818398622908409,1.0,0.06229612403168722,0.06229612403168722,0.07870632457906107,7.870632457906107e-05
XGBOOST,14,2025-02-04,2025-02-05,2025-03-06,QQQ,0.1911926418542862,0.04172670477071913,0.03735947719317009,0.03735947719317009,0.03735947719317009,0.11816013770915912,0.8818398622908409,1.0,0.06229612403168722,0.06229612403168722,0.07870632457906107,7.870632457906107e-05
XGBOOST,14,2025-02-04,2025-02-05,2025-03-06,SPY,0.1270894557237625,0.059978927069666184,0.05620338132836625,0.05620338132836625,0.05620338132836625,0.11816013770915912,0.8818398622908409,1.0,0.06229612403168722,0.06229612403168722,0.07870632457906107,7.870632457906107e-05
XGBOOST,14,2025-02-04,2025-02-05,2025-03-06,TLT,0.1405307352542877,0.0506483852797347,0.0508277219921484,0.0508277219921484,0.0508277219921484,0.11816013770915912,0.8818398622908409,1.0,0.06229612403168722,0.06229612403168722,0.07870632457906107,7.870632457906107e-05
XGBOOST,14,2025-02-04,2025-02-05,2025-03-06,XLE,0.2058266401290893,0.03518516133631494,0.034703268432003366,0.034703268432003366,0.034703268432003366,0.11816013770915912,0.8818398622908409,1.0,0.06229612403168722,0.06229612403168722,0.07870632457906107,7.870632457906107e-05
XGBOOST,14,2025-02-04,2025-02-05,2025-03-06,XLF,0.1792751550674438,0.04482896440901395,0.03984298404410796,0.03984298404410796,0.03984298404410796,0.11816013770915912,0.8818398622908409,1.0,0.06229612403168722,0.06229612403168722,0.07870632457906107,7.870632457906107e-05
XGBOOST,14,2025-02-04,2025-02-05,2025-03-06,XLK,0.2301636487245559,0.03805895833178101,0.031033819555950925,0.031033819555950925,0.031033819555950925,0.11816013770915912,0.8818398622908409,1.0,0.06229612403168722,0.06229612403168722,0.07870632457906107,7.870632457906107e-05
XGBOOST,14,2025-02-04,2025-02-05,2025-03-06,XLV,0.0971588492393493,0.06809243892788695,0.07351730901279847,0.07351730901279847,0.07351730901279847,0.11816013770915912,0.8818398622908409,1.0,0.06229612403168722,0.06229612403168722,0.07870632457906107,7.870632457906107e-05
XGBOOST,15,2025-03-06,2025-03-07,2025-04-04,DBC,0.1528513580560684,0.04716679548281012,0.04673074046379768,0.04673074046379768,0.04673074046379768,0.2448600111721293,0.7551399888278707,1.0,0.05567980002600223,0.05567980002600223,0.1394254064927525,0.0001394254064927525
XGBOOST,15,2025-03-06,2025-03-07,2025-04-04,EEM,0.1547225415706634,0.05212945739428827,0.04616558822228839,0.04616558822228839,0.04616558822228839,0.2448600111721293,0.7551399888278707,1.0,0.05567980002600223,0.05567980002600223,0.1394254064927525,0.0001394254064927525
XGBOOST,15,2025-03-06,2025-03-07,2025-04-04,EFA,0.1388618648052215,0.06467864166557177,0.0514385800080985,0.0514385800080985,0.0514385800080985,0.2448600111721293,0.7551399888278707,1.0,0.05567980002600223,0.05567980002600223,0.1394254064927525,0.0001394254064927525
XGBOOST,15,2025-03-06,2025-03-07,2025-04-04,GLD,0.1502296924591064,0.05597875779890731,0.0475462408658094,0.0475462408658094,0.0475462408658094,0.2448600111721293,0.7551399888278707,1.0,0.05567980002600223,0.05567980002600223,0.1394254064927525,0.0001394254064927525
XGBOOST,15,2025-03-06,2025-03-07,2025-04-04,HYG,0.0474336557090282,0.19451711178090542,0.1505862669888549,0.1505862669888549,0.1505862669888549,0.2448600111721293,0.7551399888278707,1.0,0.05567980002600223,0.05567980002600223,0.1394254064927525,0.0001394254064927525
XGBOOST,15,2025-03-06,2025-03-07,2025-04-04,IWM,0.2148075550794601,0.03364924138447368,0.033252355301073594,0.033252355301073594,0.033252355301073594,0.2448600111721293,0.7551399888278707,1.0,0.05567980002600223,0.05567980002600223,0.1394254064927525,0.0001394254064927525
XGBOOST,15,2025-03-06,2025-03-07,2025-04-04,LQD,0.0592638850212097,0.11611756414141422,0.12052630603445616,0.12052630603445616,0.12052630603445616,0.2448600111721293,0.7551399888278707,1.0,0.05567980002600223,0.05567980002600223,0.1394254064927525,0.0001394254064927525
XGBOOST,15,2025-03-06,2025-03-07,2025-04-04,QQQ,0.2527470588684082,0.034939145656718296,0.028260891243747546,0.028260891243747546,0.028260891243747546,0.2448600111721293,0.7551399888278707,1.0,0.05567980002600223,0.05567980002600223,0.1394254064927525,0.0001394254064927525
XGBOOST,15,2025-03-06,2025-03-07,2025-04-04,SPY,0.202200785279274,0.05373952026038257,0.0353255657884396,0.0353255657884396,0.0353255657884396,0.2448600111721293,0.7551399888278707,1.0,0.05567980002600223,0.05567980002600223,0.1394254064927525,0.0001394254064927525
XGBOOST,15,2025-03-06,2025-03-07,2025-04-04,TLT,0.1355120241641998,0.052368305814174544,0.05271013540615517,0.05271013540615517,0.05271013540615517,0.2448600111721293,0.7551399888278707,1.0,0.05567980002600223,0.05567980002600223,0.1394254064927525,0.0001394254064927525
XGBOOST,15,2025-03-06,2025-03-07,2025-04-04,XLE,0.2282981127500534,0.03328631316666772,0.03128741213326334,0.03128741213326334,0.03128741213326334,0.2448600111721293,0.7551399888278707,1.0,0.05567980002600223,0.05567980002600223,0.1394254064927525,0.0001394254064927525
XGBOOST,15,2025-03-06,2025-03-07,2025-04-04,XLF,0.176184132695198,0.03865241115973222,0.040542000199384726,0.040542000199384726,0.040542000199384726,0.2448600111721293,0.7551399888278707,1.0,0.05567980002600223,0.05567980002600223,0.1394254064927525,0.0001394254064927525
XGBOOST,15,2025-03-06,2025-03-07,2025-04-04,XLK,0.3132259547710418,0.029079118768316047,0.022804167515678396,0.022804167515678396,0.022804167515678396,0.2448600111721293,0.7551399888278707,1.0,0.05567980002600223,0.05567980002600223,0.1394254064927525,0.0001394254064927525
XGBOOST,15,2025-03-06,2025-03-07,2025-04-04,XLV,0.1489220261573791,0.07498268979691096,0.04796373865682336,0.04796373865682336,0.04796373865682336,0.2448600111721293,0.7551399888278707,1.0,0.05567980002600223,0.05567980002600223,0.1394254064927525,0.0001394254064927525
XGBOOST,16,2025-04-04,2025-04-07,2025-05-06,DBC,0.3210290074348449,0.04669336845067012,0.022249880781588984,0.022249880781588984,0.022249880781588984,0.7375368038691585,0.26246319613084146,1.0,0.029868349812426358,0.029868349812426358,0.48341306498040076,0.00048341306498040075
XGBOOST,16,2025-04-04,2025-04-07,2025-05-06,EEM,0.3953389823436737,0.043988129033455815,0.018067677263983437,0.018067677263983437,0.018067677263983437,0.7375368038691585,0.26246319613084146,1.0,0.029868349812426358,0.029868349812426358,0.48341306498040076,0.00048341306498040075
XGBOOST,16,2025-04-04,2025-04-07,2025-05-06,EFA,0.3945065140724182,0.04792862239030469,0.01810580278921821,0.01810580278921821,0.01810580278921821,0.7375368038691585,0.26246319613084146,1.0,0.029868349812426358,0.029868349812426358,0.48341306498040076,0.00048341306498040075
XGBOOST,16,2025-04-04,2025-04-07,2025-05-06,GLD,0.1887054592370987,0.051454972261562974,0.037851883945140725,0.037851883945140725,0.037851883945140725,0.7375368038691585,0.26246319613084146,1.0,0.029868349812426358,0.029868349812426358,0.48341306498040076,0.00048341306498040075
XGBOOST,16,2025-04-04,2025-04-07,2025-05-06,HYG,0.2176244705915451,0.15197530087427372,0.0328219392030753,0.0328219392030753,0.0328219392030753,0.7375368038691585,0.26246319613084146,1.0,0.029868349812426358,0.029868349812426358,0.48341306498040076,0.00048341306498040075
XGBOOST,16,2025-04-04,2025-04-07,2025-05-06,IWM,0.6259379982948303,0.030528875699792554,0.011411445162804613,0.011411445162804613,0.011411445162804613,0.7375368038691585,0.26246319613084146,1.0,0.029868349812426358,0.029868349812426358,0.48341306498040076,0.00048341306498040075
XGBOOST,16,2025-04-04,2025-04-07,2025-05-06,LQD,0.3456469476222992,0.12590354488733094,0.02066518218081416,0.02066518218081416,0.02066518218081416,0.7375368038691585,0.26246319613084146,1.0,0.029868349812426358,0.029868349812426358,0.48341306498040076,0.00048341306498040075
XGBOOST,16,2025-04-04,2025-04-07,2025-05-06,QQQ,0.4548291862010956,0.025431035149952545,0.015704482824677485,0.015704482824677485,0.015704482824677485,0.7375368038691585,0.26246319613084146,1.0,0.029868349812426358,0.029868349812426358,0.48341306498040076,0.00048341306498040075
XGBOOST,16,2025-04-04,2025-04-07,2025-05-06,SPY,0.5037818551063538,0.032442800720047196,0.014178472429002447,0.014178472429002447,0.014178472429002447,0.7375368038691585,0.26246319613084146,1.0,0.029868349812426358,0.029868349812426358,0.48341306498040076,0.00048341306498040075
XGBOOST,16,2025-04-04,2025-04-07,2025-05-06,TLT,0.3182631731033325,0.056388835609630567,0.022443241149166907,0.022443241149166907,0.022443241149166907,0.7375368038691585,0.26246319613084146,1.0,0.029868349812426358,0.029868349812426358,0.48341306498040076,0.00048341306498040075
XGBOOST,16,2025-04-04,2025-04-07,2025-05-06,XLE,0.7426784634590149,0.02998336021055614,0.009617697959880756,0.009617697959880756,0.009617697959880756,0.7375368038691585,0.26246319613084146,1.0,0.029868349812426358,0.029868349812426358,0.48341306498040076,0.00048341306498040075
XGBOOST,16,2025-04-04,2025-04-07,2025-05-06,XLF,0.7086706161499023,0.03779882576741892,0.0100792342451888,0.0100792342451888,0.0100792342451888,0.7375368038691585,0.26246319613084146,1.0,0.029868349812426358,0.029868349812426358,0.48341306498040076,0.00048341306498040075
XGBOOST,16,2025-04-04,2025-04-07,2025-05-06,XLK,0.5299843549728394,0.02007108166556695,0.013477486789630235,0.013477486789630235,0.013477486789630235,0.7375368038691585,0.26246319613084146,1.0,0.029868349812426358,0.029868349812426358,0.48341306498040076,0.00048341306498040075
XGBOOST,16,2025-04-04,2025-04-07,2025-05-06,XLV,0.4524011313915252,0.04528750839067915,0.015788769406669415,0.015788769406669415,0.015788769406669415,0.7375368038691585,0.26246319613084146,1.0,0.029868349812426358,0.029868349812426358,0.48341306498040076,0.00048341306498040075
XGBOOST,17,2025-05-06,2025-05-07,2025-06-05,DBC,0.1764964163303375,0.0218736505628293,0.040470267280035284,0.040470267280035284,0.040470267280035284,0.44984021257984863,0.5501597874201514,1.0,0.08866379858262755,0.08866379858262755,0.27522534994708087,0.0002752253499470809
XGBOOST,17,2025-05-06,2025-05-07,2025-06-05,EEM,0.192495584487915,0.019766864226544386,0.03710660253251459,0.03710660253251459,0.03710660253251459,0.44984021257984863,0.5501597874201514,1.0,0.08866379858262755,0.08866379858262755,0.27522534994708087,0.0002752253499470809
XGBOOST,17,2025-05-06,2025-05-07,2025-06-05,EFA,0.1976283937692642,0.020438040137754653,0.0361428689806415,0.0361428689806415,0.0361428689806415,0.44984021257984863,0.5501597874201514,1.0,0.08866379858262755,0.08866379858262755,0.27522534994708087,0.0002752253499470809
XGBOOST,17,2025-05-06,2025-05-07,2025-06-05,GLD,0.1311768740415573,0.04196907594622829,0.05445210670742359,0.05445210670742359,0.05445210670742359,0.44984021257984863,0.5501597874201514,1.0,0.08866379858262755,0.08866379858262755,0.27522534994708087,0.0002752253499470809
XGBOOST,17,2025-05-06,2025-05-07,2025-06-05,HYG,0.0922088399529457,0.03314645618131576,0.07746390852007415,0.07746390852007415,0.07746390852007415,0.44984021257984863,0.5501597874201514,1.0,0.08866379858262755,0.08866379858262755,0.27522534994708087,0.0002752253499470809
XGBOOST,17,2025-05-06,2025-05-07,2025-06-05,IWM,0.2359959334135055,0.012183130510705964,0.030266865363063812,0.030266865363063812,0.030266865363063812,0.44984021257984863,0.5501597874201514,1.0,0.08866379858262755,0.08866379858262755,0.27522534994708087,0.0002752253499470809
XGBOOST,17,2025-05-06,2025-05-07,2025-06-05,LQD,0.1093090027570724,0.020057961689636063,0.0653455521749785,0.0653455521749785,0.0653455521749785,0.44984021257984863,0.5501597874201514,1.0,0.08866379858262755,0.08866379858262755,0.27522534994708087,0.0002752253499470809
XGBOOST,17,2025-05-06,2025-05-07,2025-06-05,QQQ,0.278097003698349,0.017584534846715356,0.025684768436430114,0.025684768436430114,0.025684768436430114,0.44984021257984863,0.5501597874201514,1.0,0.08866379858262755,0.08866379858262755,0.27522534994708087,0.0002752253499470809
XGBOOST,17,2025-05-06,2025-05-07,2025-06-05,SPY,0.2240662425756454,0.015415134923593744,0.03187832785853806,0.03187832785853806,0.03187832785853806,0.44984021257984863,0.5501597874201514,1.0,0.08866379858262755,0.08866379858262755,0.27522534994708087,0.0002752253499470809
XGBOOST,17,2025-05-06,2025-05-07,2025-06-05,TLT,0.1834392696619033,0.020876093154752084,0.038938538929107896,0.038938538929107896,0.038938538929107896,0.44984021257984863,0.5501597874201514,1.0,0.08866379858262755,0.08866379858262755,0.27522534994708087,0.0002752253499470809
XGBOOST,17,2025-05-06,2025-05-07,2025-06-05,XLE,0.4146735966205597,0.00966635541985846,0.017225251863318167,0.017225251863318167,0.017225251863318167,0.44984021257984863,0.5501597874201514,1.0,0.08866379858262755,0.08866379858262755,0.27522534994708087,0.0002752253499470809
XGBOOST,17,2025-05-06,2025-05-07,2025-06-05,XLF,0.2259366363286972,0.011020738789553824,0.031614426322898646,0.031614426322898646,0.031614426322898646,0.44984021257984863,0.5501597874201514,1.0,0.08866379858262755,0.08866379858262755,0.27522534994708087,0.0002752253499470809
XGBOOST,17,2025-05-06,2025-05-07,2025-06-05,XLK,0.2943998873233795,0.015523608933574282,0.024262431646283784,0.024262431646283784,0.024262431646283784,0.44984021257984863,0.5501597874201514,1.0,0.08866379858262755,0.08866379858262755,0.27522534994708087,0.0002752253499470809
XGBOOST,17,2025-05-06,2025-05-07,2025-06-05,XLV,0.1817156970500946,0.015412792150008207,0.03930787080484319,0.03930787080484319,0.03930787080484319,0.44984021257984863,0.5501597874201514,1.0,0.08866379858262755,0.08866379858262755,0.27522534994708087,0.0002752253499470809
XGBOOST,18,2025-06-05,2025-06-06,2025-07-08,DBC,0.155342161655426,0.04093445107296507,0.045981445518320736,0.045981445518320736,0.04053138233177823,0.3894697930602241,0.6105302069397759,0.8814725564821358,0.11344652679726011,0.09999999999999999,0.07307526174954666,7.307526174954667e-05
XGBOOST,18,2025-06-05,2025-06-06,2025-07-08,EEM,0.1610054224729538,0.03791118175328318,0.04436407813567287,0.04436407813567287,0.03910571737022479,0.3894697930602241,0.6105302069397759,0.8814725564821358,0.11344652679726011,0.09999999999999999,0.07307526174954666,7.307526174954667e-05
XGBOOST,18,2025-06-05,2025-06-06,2025-07-08,EFA,0.1573025584220886,0.0370130698844299,0.04540839776865406,0.04540839776865406,0.04002625646689321,0.3894697930602241,0.6105302069397759,0.8814725564821358,0.11344652679726011,0.09999999999999999,0.07307526174954666,7.307526174954667e-05
XGBOOST,18,2025-06-05,2025-06-06,2025-07-08,GLD,0.1355988085269928,0.052670513695441915,0.05267640048205334,0.05267640048205334,0.04643280139919237,0.3894697930602241,0.6105302069397759,0.8814725564821358,0.11344652679726011,0.09999999999999999,0.07307526174954666,7.307526174954667e-05
XGBOOST,18,2025-06-05,2025-06-06,2025-07-08,HYG,0.0628148689866066,0.07762367674750495,0.11371283993890276,0.11371283993890276,0.10023474772578854,0.3894697930602241,0.6105302069397759,0.8814725564821358,0.11344652679726011,0.09999999999999999,0.07307526174954666,7.307526174954667e-05
XGBOOST,18,2025-06-05,2025-06-06,2025-07-08,IWM,0.2089631110429763,0.03164315658238504,0.03418238323121114,0.03418238323121114,0.030130832733467772,0.3894697930602241,0.6105302069397759,0.8814725564821358,0.11344652679726011,0.09999999999999999,0.07307526174954666,7.307526174954667e-05
XGBOOST,18,2025-06-05,2025-06-06,2025-07-08,LQD,0.0826436132192611,0.06506488196698659,0.08642963278851915,0.08642963278851915,0.0761853493699082,0.3894697930602241,0.6105302069397759,0.8814725564821358,0.11344652679726011,0.09999999999999999,0.07307526174954666,7.307526174954667e-05
XGBOOST,18,2025-06-05,2025-06-06,2025-07-08,QQQ,0.1865145564079284,0.027621597169630106,0.03829651304660054,0.03829651304660054,0.033757325259538444,0.3894697930602241,0.6105302069397759,0.8814725564821358,0.11344652679726011,0.09999999999999999,0.07307526174954666,7.307526174954667e-05
XGBOOST,18,2025-06-05,2025-06-06,2025-07-08,SPY,0.1645611077547073,0.0333759072360892,0.043405499879741904,0.043405499879741904,0.038260756944381136,0.3894697930602241,0.6105302069397759,0.8814725564821358,0.11344652679726011,0.09999999999999999,0.07307526174954666,7.307526174954667e-05
XGBOOST,18,2025-06-05,2025-06-06,2025-07-08,TLT,0.1505548357963562,0.038080626718387876,0.04744355838904258,0.04744355838904258,0.041820194701798846,0.3894697930602241,0.6105302069397759,0.8814725564821358,0.11344652679726011,0.09999999999999999,0.07307526174954666,7.307526174954667e-05
XGBOOST,18,2025-06-05,2025-06-06,2025-07-08,XLE,0.2411246597766876,0.017277835223718892,0.029623088528035028,0.029623088528035028,0.026111939575703666,0.3894697930602241,0.6105302069397759,0.8814725564821358,0.11344652679726011,0.09999999999999999,0.07307526174954666,7.307526174954667e-05
XGBOOST,18,2025-06-05,2025-06-06,2025-07-08,XLF,0.1836220175027847,0.03213332295415718,0.038899785766425415,0.038899785766425415,0.03428909360613841,0.3894697930602241,0.6105302069397759,0.8814725564821358,0.11344652679726011,0.09999999999999999,0.07307526174954666,7.307526174954667e-05
XGBOOST,18,2025-06-05,2025-06-06,2025-07-08,XLK,0.2428233474493026,0.02645115411655636,0.02941585814497698,0.02941585814497698,0.025929271680168717,0.3894697930602241,0.6105302069397759,0.8814725564821358,0.11344652679726011,0.09999999999999999,0.07307526174954666,7.307526174954667e-05
XGBOOST,18,2025-06-05,2025-06-06,2025-07-08,XLV,0.1669444441795349,0.038425530835411476,0.042785833203143865,0.042785833203143865,0.03771453777479347,0.3894697930602241,0.6105302069397759,0.8814725564821358,0.11344652679726011,0.09999999999999999,0.07307526174954666,7.307526174954667e-05
XGBOOST,19,2025-07-08,2025-07-09,2025-08-06,DBC,0.1449458748102188,0.04142246629803345,0.04927947864821583,0.04927947864821583,0.04927947864821583,0.20342792176763713,0.7965720782323629,1.0,0.09687376151685863,0.09687376151685863,0.1822910968175399,0.0001822910968175399
XGBOOST,19,2025-07-08,2025-07-09,2025-08-06,EEM,0.1844483911991119,0.04014449802674162,0.03872550525608235,0.03872550525608235,0.03872550525608235,0.20342792176763713,0.7965720782323629,1.0,0.09687376151685863,0.09687376151685863,0.1822910968175399,0.0001822910968175399
XGBOOST,19,2025-07-08,2025-07-09,2025-08-06,EFA,0.14426289498806,0.03993209019930324,0.04951278111705942,0.04951278111705942,0.04951278111705942,0.20342792176763713,0.7965720782323629,1.0,0.09687376151685863,0.09687376151685863,0.1822910968175399,0.0001822910968175399
XGBOOST,19,2025-07-08,2025-07-09,2025-08-06,GLD,0.1388523429632187,0.04488436048425464,0.05144210742449806,0.05144210742449806,0.05144210742449806,0.20342792176763713,0.7965720782323629,1.0,0.09687376151685863,0.09687376151685863,0.1822910968175399,0.0001822910968175399
XGBOOST,19,2025-07-08,2025-07-09,2025-08-06,HYG,0.0400074645876884,0.09985315343140413,0.17853811073684567,0.17853811073684567,0.17853811073684567,0.20342792176763713,0.7965720782323629,1.0,0.09687376151685863,0.09687376151685863,0.1822910968175399,0.0001822910968175399
XGBOOST,19,2025-07-08,2025-07-09,2025-08-06,IWM,0.2061431258916854,0.03151484359087815,0.03464998947677859,0.03464998947677859,0.03464998947677859,0.20342792176763713,0.7965720782323629,1.0,0.09687376151685863,0.09687376151685863,0.1822910968175399,0.0001822910968175399
XGBOOST,19,2025-07-08,2025-07-09,2025-08-06,LQD,0.0749672055244445,0.07554256808092628,0.09527975723368903,0.09527975723368903,0.09527975723368903,0.20342792176763713,0.7965720782323629,1.0,0.09687376151685863,0.09687376151685863,0.1822910968175399,0.0001822910968175399
XGBOOST,19,2025-07-08,2025-07-09,2025-08-06,QQQ,0.1778457909822464,0.03496765825623057,0.04016320601914152,0.04016320601914152,0.04016320601914152,0.20342792176763713,0.7965720782323629,1.0,0.09687376151685863,0.09687376151685863,0.1822910968175399,0.0001822910968175399
XGBOOST,19,2025-07-08,2025-07-09,2025-08-06,SPY,0.1542092412710189,0.039460645290245636,0.04631925482535608,0.04631925482535608,0.04631925482535608,0.20342792176763713,0.7965720782323629,1.0,0.09687376151685863,0.09687376151685863,0.1822910968175399,0.0001822910968175399
XGBOOST,19,2025-07-08,2025-07-09,2025-08-06,TLT,0.1190341040492057,0.041065606943786845,0.06000681233257711,0.06000681233257711,0.06000681233257711,0.20342792176763713,0.7965720782323629,1.0,0.09687376151685863,0.09687376151685863,0.1822910968175399,0.0001822910968175399
XGBOOST,19,2025-07-08,2025-07-09,2025-08-06,XLE,0.2015303820371627,0.027977916627778526,0.035443078461191935,0.035443078461191935,0.035443078461191935,0.20342792176763713,0.7965720782323629,1.0,0.09687376151685863,0.09687376151685863,0.1822910968175399,0.0001822910968175399
XGBOOST,19,2025-07-08,2025-07-09,2025-08-06,XLF,0.1634445637464523,0.03486631708829627,0.04370201724137909,0.04370201724137909,0.04370201724137909,0.20342792176763713,0.7965720782323629,1.0,0.09687376151685863,0.09687376151685863,0.1822910968175399,0.0001822910968175399
XGBOOST,19,2025-07-08,2025-07-09,2025-08-06,XLK,0.2170301377773285,0.027712778193765764,0.03291182144567253,0.03291182144567253,0.03291182144567253,0.20342792176763713,0.7965720782323629,1.0,0.09687376151685863,0.09687376151685863,0.1822910968175399,0.0001822910968175399
XGBOOST,19,2025-07-08,2025-07-09,2025-08-06,XLV,0.1759404242038726,0.03777406444449641,0.04059815801387571,0.04059815801387571,0.04059815801387571,0.20342792176763713,0.7965720782323629,1.0,0.09687376151685863,0.09687376151685863,0.1822910968175399,0.0001822910968175399
XGBOOST,20,2025-08-06,2025-08-07,2025-09-05,DBC,0.1588155925273895,0.04780405208418015,0.04497579254773285,0.04497579254773285,0.04497579254773285,0.35990803957645123,0.6400919604235488,1.0,0.0357454531239254,0.0357454531239254,0.16577623920688425,0.00016577623920688425
XGBOOST,20,2025-08-06,2025-08-07,2025-09-05,EEM,0.2513177096843719,0.039090028384893415,0.028421622781091734,0.028421622781091734,0.028421622781091734,0.35990803957645123,0.6400919604235488,1.0,0.0357454531239254,0.0357454531239254,0.16577623920688425,0.00016577623920688425
XGBOOST,20,2025-08-06,2025-08-07,2025-09-05,EFA,0.1918046474456787,0.04916646402741795,0.037240271484454426,0.037240271484454426,0.037240271484454426,0.35990803957645123,0.6400919604235488,1.0,0.0357454531239254,0.0357454531239254,0.16577623920688425,0.00016577623920688425
XGBOOST,20,2025-08-06,2025-08-07,2025-09-05,GLD,0.1520193964242935,0.052252511395471206,0.046986485349021404,0.046986485349021404,0.046986485349021404,0.35990803957645123,0.6400919604235488,1.0,0.0357454531239254,0.0357454531239254,0.16577623920688425,0.00016577623920688425
XGBOOST,20,2025-08-06,2025-08-07,2025-09-05,HYG,0.0505258627235889,0.17921484329827184,0.14137031527662314,0.14137031527662314,0.14137031527662314,0.35990803957645123,0.6400919604235488,1.0,0.0357454531239254,0.0357454531239254,0.16577623920688425,0.00016577623920688425
XGBOOST,20,2025-08-06,2025-08-07,2025-09-05,IWM,0.3081165552139282,0.03436967648642732,0.02318232182590056,0.02318232182590056,0.02318232182590056,0.35990803957645123,0.6400919604235488,1.0,0.0357454531239254,0.0357454531239254,0.16577623920688425,0.00016577623920688425
XGBOOST,20,2025-08-06,2025-08-07,2025-09-05,LQD,0.0798988118767738,0.09675065211054898,0.08939879048356082,0.08939879048356082,0.08939879048356082,0.35990803957645123,0.6400919604235488,1.0,0.0357454531239254,0.0357454531239254,0.16577623920688425,0.00016577623920688425
XGBOOST,20,2025-08-06,2025-08-07,2025-09-05,QQQ,0.2356525361537933,0.041046761993898576,0.03031097080234909,0.03031097080234909,0.03031097080234909,0.35990803957645123,0.6400919604235488,1.0,0.0357454531239254,0.0357454531239254,0.16577623920688425,0.00016577623920688425
XGBOOST,20,2025-08-06,2025-08-07,2025-09-05,SPY,0.2016069293022155,0.04701250709978984,0.0354296212316679,0.0354296212316679,0.0354296212316679,0.35990803957645123,0.6400919604235488,1.0,0.0357454531239254,0.0357454531239254,0.16577623920688425,0.00016577623920688425
XGBOOST,20,2025-08-06,2025-08-07,2025-09-05,TLT,0.1552366614341735,0.06118289250863369,0.04601269491927329,0.04601269491927329,0.04601269491927329,0.35990803957645123,0.6400919604235488,1.0,0.0357454531239254,0.0357454531239254,0.16577623920688425,0.00016577623920688425
XGBOOST,20,2025-08-06,2025-08-07,2025-09-05,XLE,0.2864173054695129,0.03375623273927579,0.024938636759912713,0.024938636759912713,0.024938636759912713,0.35990803957645123,0.6400919604235488,1.0,0.0357454531239254,0.0357454531239254,0.16577623920688425,0.00016577623920688425
XGBOOST,20,2025-08-06,2025-08-07,2025-09-05,XLF,0.2849552929401397,0.04326754938543122,0.02506658875909224,0.02506658875909224,0.02506658875909224,0.35990803957645123,0.6400919604235488,1.0,0.0357454531239254,0.0357454531239254,0.16577623920688425,0.00016577623920688425
XGBOOST,20,2025-08-06,2025-08-07,2025-09-05,XLK,0.3032270073890686,0.033611466697258195,0.02355613770805115,0.02355613770805115,0.02355613770805115,0.35990803957645123,0.6400919604235488,1.0,0.0357454531239254,0.0357454531239254,0.16577623920688425,0.00016577623920688425
XGBOOST,20,2025-08-06,2025-08-07,2025-09-05,XLV,0.1653373688459396,0.039060859570700115,0.04320171049481752,0.04320171049481752,0.04320171049481752,0.35990803957645123,0.6400919604235488,1.0,0.0357454531239254,0.0357454531239254,0.16577623920688425,0.00016577623920688425
XGBOOST,21,2025-09-05,2025-09-08,2025-10-06,DBC,0.1181017458438873,0.044792874862916006,0.06048053813106982,0.06048053813106982,0.06048053813106982,0.14029894053747816,0.8597010594625218,1.0,0.04375628023270484,0.04375628023270484,0.21643360913118706,0.00021643360913118707
XGBOOST,21,2025-09-05,2025-09-08,2025-10-06,EEM,0.1608616113662719,0.028758618083374588,0.0444037398493622,0.0444037398493622,0.0444037398493622,0.14029894053747816,0.8597010594625218,1.0,0.04375628023270484,0.04375628023270484,0.21643360913118706,0.00021643360913118707
XGBOOST,21,2025-09-05,2025-09-08,2025-10-06,EFA,0.1326765418052673,0.037791545893059074,0.05383662436228473,0.05383662436228473,0.05383662436228473,0.14029894053747816,0.8597010594625218,1.0,0.04375628023270484,0.04375628023270484,0.21643360913118706,0.00021643360913118707
XGBOOST,21,2025-09-05,2025-09-08,2025-10-06,GLD,0.1486723124980926,0.04930363665635152,0.04804429972762267,0.04804429972762267,0.04804429972762267,0.14029894053747816,0.8597010594625218,1.0,0.04375628023270484,0.04375628023270484,0.21643360913118706,0.00021643360913118707
XGBOOST,21,2025-09-05,2025-09-08,2025-10-06,HYG,0.0440532378852367,0.14080570649892996,0.1621414789411174,0.1621414789411174,0.1621414789411174,0.14029894053747816,0.8597010594625218,1.0,0.04375628023270484,0.04375628023270484,0.21643360913118706,0.00021643360913118707
XGBOOST,21,2025-09-05,2025-09-08,2025-10-06,IWM,0.2533398270606994,0.02459581820229406,0.028194766001579916,0.028194766001579916,0.028194766001579916,0.14029894053747816,0.8597010594625218,1.0,0.04375628023270484,0.04375628023270484,0.21643360913118706,0.00021643360913118707
XGBOOST,21,2025-09-05,2025-09-08,2025-10-06,LQD,0.050992839038372,0.08933787672451272,0.14007569057847827,0.14007569057847827,0.14007569057847827,0.14029894053747816,0.8597010594625218,1.0,0.04375628023270484,0.04375628023270484,0.21643360913118706,0.00021643360913118707
XGBOOST,21,2025-09-05,2025-09-08,2025-10-06,QQQ,0.1957311183214187,0.03029099084542636,0.036493211728998255,0.036493211728998255,0.036493211728998255,0.14029894053747816,0.8597010594625218,1.0,0.04375628023270484,0.04375628023270484,0.21643360913118706,0.00021643360913118707
XGBOOST,21,2025-09-05,2025-09-08,2025-10-06,SPY,0.1336567848920822,0.035665893862495496,0.05344178485682163,0.05344178485682163,0.05344178485682163,0.14029894053747816,0.8597010594625218,1.0,0.04375628023270484,0.04375628023270484,0.21643360913118706,0.00021643360913118707
XGBOOST,21,2025-09-05,2025-09-08,2025-10-06,TLT,0.1328523755073547,0.04583991795946612,0.05376537013793716,0.05376537013793716,0.05376537013793716,0.14029894053747816,0.8597010594625218,1.0,0.04375628023270484,0.04375628023270484,0.21643360913118706,0.00021643360913118707
XGBOOST,21,2025-09-05,2025-09-08,2025-10-06,XLE,0.1606995910406112,0.02530890770610385,0.04444850852826399,0.04444850852826399,0.04444850852826399,0.14029894053747816,0.8597010594625218,1.0,0.04375628023270484,0.04375628023270484,0.21643360913118706,0.00021643360913118707
XGBOOST,21,2025-09-05,2025-09-08,2025-10-06,XLF,0.1480197012424469,0.02520187024223552,0.04825612457599543,0.04825612457599543,0.04825612457599543,0.14029894053747816,0.8597010594625218,1.0,0.04375628023270484,0.04375628023270484,0.21643360913118706,0.00021643360913118707
XGBOOST,21,2025-09-05,2025-09-08,2025-10-06,XLK,0.2147282361984253,0.02316670557809349,0.03326463845330801,0.03326463845330801,0.03326463845330801,0.14029894053747816,0.8597010594625218,1.0,0.04375628023270484,0.04375628023270484,0.21643360913118706,0.00021643360913118707
XGBOOST,21,2025-09-05,2025-09-08,2025-10-06,XLV,0.13514244556427,0.04492576107353379,0.0528542835896824,0.0528542835896824,0.0528542835896824,0.14029894053747816,0.8597010594625218,1.0,0.04375628023270484,0.04375628023270484,0.21643360913118706,0.00021643360913118707
XGBOOST,22,2025-10-06,2025-10-07,2025-11-05,DBC,0.14319908618927,0.060522786320846865,0.0498806056165487,0.0498806056165487,0.0498806056165487,0.19785716419259003,0.80214283580741,1.0,0.03882607014487316,0.03882607014487316,0.08644286393147509,8.644286393147509e-05
XGBOOST,22,2025-10-06,2025-10-07,2025-11-05,EEM,0.1608222723007202,0.04669139247044989,0.04441460153914985,0.04441460153914985,0.04441460153914985,0.19785716419259003,0.80214283580741,1.0,0.03882607014487316,0.03882607014487316,0.08644286393147509,8.644286393147509e-05
XGBOOST,22,2025-10-06,2025-10-07,2025-11-05,EFA,0.1473838090896606,0.05442729192460646,0.04846432716711646,0.04846432716711646,0.04846432716711646,0.19785716419259003,0.80214283580741,1.0,0.03882607014487316,0.03882607014487316,0.08644286393147509,8.644286393147509e-05
XGBOOST,22,2025-10-06,2025-10-07,2025-11-05,GLD,0.1669812202453613,0.051492524822308344,0.042776410020009835,0.042776410020009835,0.042776410020009835,0.19785716419259003,0.80214283580741,1.0,0.03882607014487316,0.03882607014487316,0.08644286393147509,8.644286393147509e-05
XGBOOST,22,2025-10-06,2025-10-07,2025-11-05,HYG,0.0429411083459854,0.1586077872916072,0.16634077269980235,0.16634077269980235,0.16634077269980235,0.19785716419259003,0.80214283580741,1.0,0.03882607014487316,0.03882607014487316,0.08644286393147509,8.644286393147509e-05
XGBOOST,22,2025-10-06,2025-10-07,2025-11-05,IWM,0.2135647535324096,0.02857891163996306,0.03344586138261422,0.03344586138261422,0.03344586138261422,0.19785716419259003,0.80214283580741,1.0,0.03882607014487316,0.03882607014487316,0.08644286393147509,8.644286393147509e-05
XGBOOST,22,2025-10-06,2025-10-07,2025-11-05,LQD,0.0534757114946842,0.13692001139245683,0.13357198891252126,0.13357198891252126,0.13357198891252126,0.19785716419259003,0.80214283580741,1.0,0.03882607014487316,0.03882607014487316,0.08644286393147509,8.644286393147509e-05
XGBOOST,22,2025-10-06,2025-10-07,2025-11-05,QQQ,0.1976664811372757,0.03753058035602131,0.03613590479154916,0.03613590479154916,0.03613590479154916,0.19785716419259003,0.80214283580741,1.0,0.03882607014487316,0.03882607014487316,0.08644286393147509,8.644286393147509e-05
XGBOOST,22,2025-10-06,2025-10-07,2025-11-05,SPY,0.1530705094337463,0.05414726238981211,0.0466638359621374,0.0466638359621374,0.0466638359621374,0.19785716419259003,0.80214283580741,1.0,0.03882607014487316,0.03882607014487316,0.08644286393147509,8.644286393147509e-05
XGBOOST,22,2025-10-06,2025-10-07,2025-11-05,TLT,0.1440645903348922,0.05260078365631919,0.049580935372480324,0.049580935372480324,0.049580935372480324,0.19785716419259003,0.80214283580741,1.0,0.03882607014487316,0.03882607014487316,0.08644286393147509,8.644286393147509e-05
XGBOOST,22,2025-10-06,2025-10-07,2025-11-05,XLE,0.2119576781988144,0.04464479520621397,0.0336994498314763,0.0336994498314763,0.0336994498314763,0.19785716419259003,0.80214283580741,1.0,0.03882607014487316,0.03882607014487316,0.08644286393147509,8.644286393147509e-05
XGBOOST,22,2025-10-06,2025-10-07,2025-11-05,XLF,0.1812486201524734,0.047703070115764766,0.03940916701516565,0.03940916701516565,0.03940916701516565,0.19785716419259003,0.80214283580741,1.0,0.03882607014487316,0.03882607014487316,0.08644286393147509,8.644286393147509e-05
XGBOOST,22,2025-10-06,2025-10-07,2025-11-05,XLK,0.262145072221756,0.03548512707297639,0.027247726162919428,0.027247726162919428,0.027247726162919428,0.19785716419259003,0.80214283580741,1.0,0.03882607014487316,0.03882607014487316,0.08644286393147509,8.644286393147509e-05
XGBOOST,22,2025-10-06,2025-10-07,2025-11-05,XLV,0.1414112150669098,0.05403350477784617,0.050511249333919137,0.050511249333919137,0.050511249333919137,0.19785716419259003,0.80214283580741,1.0,0.03882607014487316,0.03882607014487316,0.08644286393147509,8.644286393147509e-05
XGBOOST,23,2025-11-05,2025-11-06,2025-12-08,DBC,0.1424504071474075,0.05003957901310531,0.0501427639688367,0.0501427639688367,0.0501427639688367,0.22665662996692215,0.7733433700330778,1.0,0.04316204191240476,0.04316204191240476,0.0852669461794952,8.526694617949521e-05
XGBOOST,23,2025-11-05,2025-11-06,2025-12-08,EEM,0.2414341568946838,0.044011890082550874,0.029585114362972818,0.029585114362972818,0.029585114362972818,0.22665662996692215,0.7733433700330778,1.0,0.04316204191240476,0.04316204191240476,0.0852669461794952,8.526694617949521e-05
XGBOOST,23,2025-11-05,2025-11-06,2025-12-08,EFA,0.1439429968595504,0.04787881122804437,0.04962281805086112,0.04962281805086112,0.04962281805086112,0.22665662996692215,0.7733433700330778,1.0,0.04316204191240476,0.04316204191240476,0.0852669461794952,8.526694617949521e-05
XGBOOST,23,2025-11-05,2025-11-06,2025-12-08,GLD,0.1557038724422454,0.04233757108977321,0.04587462746314555,0.04587462746314555,0.04587462746314555,0.22665662996692215,0.7733433700330778,1.0,0.04316204191240476,0.04316204191240476,0.0852669461794952,8.526694617949521e-05
XGBOOST,23,2025-11-05,2025-11-06,2025-12-08,HYG,0.0425981841981411,0.16615808295595347,0.16767985014649622,0.16767985014649622,0.16767985014649622,0.22665662996692215,0.7733433700330778,1.0,0.04316204191240476,0.04316204191240476,0.0852669461794952,8.526694617949521e-05
XGBOOST,23,2025-11-05,2025-11-06,2025-12-08,IWM,0.2354838550090789,0.032514014583487294,0.030332683073248295,0.030332683073248295,0.030332683073248295,0.22665662996692215,0.7733433700330778,1.0,0.04316204191240476,0.04316204191240476,0.0852669461794952,8.526694617949521e-05
XGBOOST,23,2025-11-05,2025-11-06,2025-12-08,LQD,0.0472229495644569,0.1336388568142086,0.15125817444138068,0.15125817444138068,0.15125817444138068,0.22665662996692215,0.7733433700330778,1.0,0.04316204191240476,0.04316204191240476,0.0852669461794952,8.526694617949521e-05
XGBOOST,23,2025-11-05,2025-11-06,2025-12-08,QQQ,0.2739623188972473,0.03657832238662064,0.02607240722595925,0.02607240722595925,0.02607240722595925,0.22665662996692215,0.7733433700330778,1.0,0.04316204191240476,0.04316204191240476,0.0852669461794952,8.526694617949521e-05
XGBOOST,23,2025-11-05,2025-11-06,2025-12-08,SPY,0.2149143517017364,0.04673352710737584,0.03323583132675189,0.03323583132675189,0.03323583132675189,0.22665662996692215,0.7733433700330778,1.0,0.04316204191240476,0.04316204191240476,0.0852669461794952,8.526694617949521e-05
XGBOOST,23,2025-11-05,2025-11-06,2025-12-08,TLT,0.1359412968158722,0.05034501175975746,0.052543688416713405,0.052543688416713405,0.052543688416713405,0.22665662996692215,0.7733433700330778,1.0,0.04316204191240476,0.04316204191240476,0.0852669461794952,8.526694617949521e-05
XGBOOST,23,2025-11-05,2025-11-06,2025-12-08,XLE,0.2036328315734863,0.0327857642195756,0.03507713902352457,0.03507713902352457,0.03507713902352457,0.22665662996692215,0.7733433700330778,1.0,0.04316204191240476,0.04316204191240476,0.0852669461794952,8.526694617949521e-05
XGBOOST,23,2025-11-05,2025-11-06,2025-12-08,XLF,0.2333914935588836,0.038537480169936585,0.030604616449121064,0.030604616449121064,0.030604616449121064,0.22665662996692215,0.7733433700330778,1.0,0.04316204191240476,0.04316204191240476,0.0852669461794952,8.526694617949521e-05
XGBOOST,23,2025-11-05,2025-11-06,2025-12-08,XLK,0.2821882367134094,0.02750828955409522,0.025312384477994502,0.025312384477994502,0.025312384477994502,0.22665662996692215,0.7733433700330778,1.0,0.04316204191240476,0.04316204191240476,0.0852669461794952,8.526694617949521e-05
XGBOOST,23,2025-11-05,2025-11-06,2025-12-08,XLV,0.155275210738182,0.0515123463870081,0.04600127160607177,0.04600127160607177,0.04600127160607177,0.22665662996692215,0.7733433700330778,1.0,0.04316204191240476,0.04316204191240476,0.0852669461794952,8.526694617949521e-05
XGBOOST,24,2025-12-08,2025-12-09,2025-12-31,DBC,0.1289447396993637,0.04996954144744247,0.05539471528277,0.05539471528277,0.05539471528277,0.14652533426544012,0.8534746657345599,1.0,0.05315501217859604,0.05315501217859604,0.13017214288777648,0.0001301721428877765
XGBOOST,24,2025-12-08,2025-12-09,2025-12-31,EEM,0.1538316309452057,0.029092544654800018,0.04643295464637832,0.04643295464637832,0.04643295464637832,0.14652533426544012,0.8534746657345599,1.0,0.05315501217859604,0.05315501217859604,0.13017214288777648,0.0001301721428877765
XGBOOST,24,2025-12-08,2025-12-09,2025-12-31,EFA,0.1497986018657684,0.04963869196937929,0.047683069493917686,0.047683069493917686,0.047683069493917686,0.14652533426544012,0.8534746657345599,1.0,0.05315501217859604,0.05315501217859604,0.13017214288777648,0.0001301721428877765
XGBOOST,24,2025-12-08,2025-12-09,2025-12-31,GLD,0.1888226717710495,0.047736361722475945,0.03782838721569395,0.03782838721569395,0.03782838721569395,0.14652533426544012,0.8534746657345599,1.0,0.05315501217859604,0.05315501217859604,0.13017214288777648,0.0001301721428877765
XGBOOST,24,2025-12-08,2025-12-09,2025-12-31,HYG,0.0380624681711196,0.16783234682846146,0.18766142833261873,0.18766142833261873,0.18766142833261873,0.14652533426544012,0.8534746657345599,1.0,0.05315501217859604,0.05315501217859604,0.13017214288777648,0.0001301721428877765
XGBOOST,24,2025-12-08,2025-12-09,2025-12-31,IWM,0.2300008833408355,0.030869008825251815,0.031055781347901306,0.031055781347901306,0.031055781347901306,0.14652533426544012,0.8534746657345599,1.0,0.05315501217859604,0.05315501217859604,0.13017214288777648,0.0001301721428877765
XGBOOST,24,2025-12-08,2025-12-09,2025-12-31,LQD,0.0522509068250656,0.15060496921457633,0.1367030273134054,0.1367030273134054,0.1367030273134054,0.14652533426544012,0.8534746657345599,1.0,0.05315501217859604,0.05315501217859604,0.13017214288777648,0.0001301721428877765
XGBOOST,24,2025-12-08,2025-12-09,2025-12-31,QQQ,0.2077496200799942,0.02601182400819655,0.034382046716171025,0.034382046716171025,0.034382046716171025,0.14652533426544012,0.8534746657345599,1.0,0.05315501217859604,0.05315501217859604,0.13017214288777648,0.0001301721428877765
XGBOOST,24,2025-12-08,2025-12-09,2025-12-31,SPY,0.1602831184864044,0.03323603271161341,0.044564001563664475,0.044564001563664475,0.044564001563664475,0.14652533426544012,0.8534746657345599,1.0,0.05315501217859604,0.05315501217859604,0.13017214288777648,0.0001301721428877765
XGBOOST,24,2025-12-08,2025-12-09,2025-12-31,TLT,0.1008385345339775,0.05151281419184001,0.07083459885516642,0.07083459885516642,0.07083459885516642,0.14652533426544012,0.8534746657345599,1.0,0.05315501217859604,0.05315501217859604,0.13017214288777648,0.0001301721428877765
XGBOOST,24,2025-12-08,2025-12-09,2025-12-31,XLE,0.1872120201587677,0.03574294339375725,0.03815383828879976,0.03815383828879976,0.03815383828879976,0.14652533426544012,0.8534746657345599,1.0,0.05315501217859604,0.05315501217859604,0.13017214288777648,0.0001301721428877765
XGBOOST,24,2025-12-08,2025-12-09,2025-12-31,XLF,0.1649157255887985,0.03077262423272252,0.0433121651519587,0.0433121651519587,0.0433121651519587,0.14652533426544012,0.8534746657345599,1.0,0.05315501217859604,0.05315501217859604,0.13017214288777648,0.0001301721428877765
XGBOOST,24,2025-12-08,2025-12-09,2025-12-31,XLK,0.243766576051712,0.02537683462983408,0.02930203663910788,0.02930203663910788,0.02930203663910788,0.14652533426544012,0.8534746657345599,1.0,0.05315501217859604,0.05315501217859604,0.13017214288777648,0.0001301721428877765
XGBOOST,24,2025-12-08,2025-12-09,2025-12-31,XLV,0.1423826813697815,0.046437062783261304,0.05016661488700622,0.05016661488700622,0.05016661488700622,0.14652533426544012,0.8534746657345599,1.0,0.05315501217859604,0.05315501217859604,0.13017214288777648,0.0001301721428877765
BASELINE_MLP,1,2023-12-28,2023-12-29,2024-01-30,DBC,0.2690646910459586,0.0,0.02654698806852022,0.02654698806852022,0.02654698806852022,0.5521134693836506,0.4478865306163494,1.0,0.04258273819655171,0.04258273819655171,0.4478865306163494,0.0004478865306163494
BASELINE_MLP,1,2023-12-28,2023-12-29,2024-01-30,EEM,0.1876922983396614,0.0,0.03805620798532137,0.03805620798532137,0.03805620798532137,0.5521134693836506,0.4478865306163494,1.0,0.04258273819655171,0.04258273819655171,0.4478865306163494,0.0004478865306163494
BASELINE_MLP,1,2023-12-28,2023-12-29,2024-01-30,EFA,0.26725219647927,0.0,0.0267270287651731,0.0267270287651731,0.0267270287651731,0.5521134693836506,0.4478865306163494,1.0,0.04258273819655171,0.04258273819655171,0.4478865306163494,0.0004478865306163494
BASELINE_MLP,1,2023-12-28,2023-12-29,2024-01-30,GLD,0.3502515037204249,0.0,0.02039350885573545,0.02039350885573545,0.02039350885573545,0.5521134693836506,0.4478865306163494,1.0,0.04258273819655171,0.04258273819655171,0.4478865306163494,0.0004478865306163494
BASELINE_MLP,1,2023-12-28,2023-12-29,2024-01-30,HYG,0.1790766299172671,0.0,0.03988715415382299,0.03988715415382299,0.03988715415382299,0.5521134693836506,0.4478865306163494,1.0,0.04258273819655171,0.04258273819655171,0.4478865306163494,0.0004478865306163494
BASELINE_MLP,1,2023-12-28,2023-12-29,2024-01-30,IWM,0.2846393647449869,0.0,0.02509441077925587,0.02509441077925587,0.02509441077925587,0.5521134693836506,0.4478865306163494,1.0,0.04258273819655171,0.04258273819655171,0.4478865306163494,0.0004478865306163494
BASELINE_MLP,1,2023-12-28,2023-12-29,2024-01-30,LQD,0.2120531877490548,0.0,0.03368427147301388,0.03368427147301388,0.03368427147301388,0.5521134693836506,0.4478865306163494,1.0,0.04258273819655171,0.04258273819655171,0.4478865306163494,0.0004478865306163494
BASELINE_MLP,1,2023-12-28,2023-12-29,2024-01-30,QQQ,0.2718681165711396,0.0,0.026273243192119863,0.026273243192119863,0.026273243192119863,0.5521134693836506,0.4478865306163494,1.0,0.04258273819655171,0.04258273819655171,0.4478865306163494,0.0004478865306163494
BASELINE_MLP,1,2023-12-28,2023-12-29,2024-01-30,SPY,0.1843166540767562,0.0,0.03875318363734292,0.03875318363734292,0.03875318363734292,0.5521134693836506,0.4478865306163494,1.0,0.04258273819655171,0.04258273819655171,0.4478865306163494,0.0004478865306163494
BASELINE_MLP,1,2023-12-28,2023-12-29,2024-01-30,TLT,0.3167929550628823,0.0,0.022547398951593828,0.022547398951593828,0.022547398951593828,0.5521134693836506,0.4478865306163494,1.0,0.04258273819655171,0.04258273819655171,0.4478865306163494,0.0004478865306163494
BASELINE_MLP,1,2023-12-28,2023-12-29,2024-01-30,XLE,0.3019333025190396,0.0,0.023657069568888387,0.023657069568888387,0.023657069568888387,0.5521134693836506,0.4478865306163494,1.0,0.04258273819655171,0.04258273819655171,0.4478865306163494,0.0004478865306163494
BASELINE_MLP,1,2023-12-28,2023-12-29,2024-01-30,XLF,0.204834955633829,0.0,0.03487128024977335,0.03487128024977335,0.03487128024977335,0.5521134693836506,0.4478865306163494,1.0,0.04258273819655171,0.04258273819655171,0.4478865306163494,0.0004478865306163494
BASELINE_MLP,1,2023-12-28,2023-12-29,2024-01-30,XLK,0.2142753578004231,0.0,0.033334944420020655,0.033334944420020655,0.033334944420020655,0.5521134693836506,0.4478865306163494,1.0,0.04258273819655171,0.04258273819655171,0.4478865306163494,0.0004478865306163494
BASELINE_MLP,1,2023-12-28,2023-12-29,2024-01-30,XLV,0.1230257795991936,0.0,0.05805984051576749,0.05805984051576749,0.05805984051576749,0.5521134693836506,0.4478865306163494,1.0,0.04258273819655171,0.04258273819655171,0.4478865306163494,0.0004478865306163494
BASELINE_MLP,2,2024-01-30,2024-01-31,2024-02-29,DBC,0.1303541529816894,0.02693749964024977,0.05479577734558627,0.05479577734558627,0.05479577734558627,0.04354715685438648,0.9564528431456135,1.0,0.07722119577444082,0.07722119577444082,0.5550258772648219,0.0005550258772648219
BASELINE_MLP,2,2024-01-30,2024-01-31,2024-02-29,EEM,0.2366659987174708,0.03637834137309121,0.030181171700055676,0.030181171700055676,0.030181171700055676,0.04354715685438648,0.9564528431456135,1.0,0.07722119577444082,0.07722119577444082,0.5550258772648219,0.0005550258772648219
BASELINE_MLP,2,2024-01-30,2024-01-31,2024-02-29,EFA,0.1978151388216638,0.026669982307775578,0.03610874873078668,0.03610874873078668,0.03610874873078668,0.04354715685438648,0.9564528431456135,1.0,0.07722119577444082,0.07722119577444082,0.5550258772648219,0.0005550258772648219
BASELINE_MLP,2,2024-01-30,2024-01-31,2024-02-29,GLD,0.02,0.020011980363192617,0.3571428571428571,0.3571428571428571,0.3571428571428571,0.04354715685438648,0.9564528431456135,1.0,0.07722119577444082,0.07722119577444082,0.5550258772648219,0.0005550258772648219
BASELINE_MLP,2,2024-01-30,2024-01-31,2024-02-29,HYG,0.0613399348956509,0.039743769125555745,0.1164470936431265,0.1164470936431265,0.1164470936431265,0.04354715685438648,0.9564528431456135,1.0,0.07722119577444082,0.07722119577444082,0.5550258772648219,0.0005550258772648219
BASELINE_MLP,2,2024-01-30,2024-01-31,2024-02-29,IWM,0.2203245614830367,0.024225373820402463,0.0324197043433448,0.0324197043433448,0.0324197043433448,0.04354715685438648,0.9564528431456135,1.0,0.07722119577444082,0.07722119577444082,0.5550258772648219,0.0005550258772648219
BASELINE_MLP,2,2024-01-30,2024-01-31,2024-02-29,LQD,0.0941502690970954,0.03320233842406572,0.07586656109809786,0.07586656109809786,0.07586656109809786,0.04354715685438648,0.9564528431456135,1.0,0.07722119577444082,0.07722119577444082,0.5550258772648219,0.0005550258772648219
BASELINE_MLP,2,2024-01-30,2024-01-31,2024-02-29,QQQ,0.2234110859370683,0.027066404582314615,0.03197181157281149,0.03197181157281149,0.03197181157281149,0.04354715685438648,0.9564528431456135,1.0,0.07722119577444082,0.07722119577444082,0.5550258772648219,0.0005550258772648219
BASELINE_MLP,2,2024-01-30,2024-01-31,2024-02-29,SPY,0.1651151840507036,0.039759029923016456,0.04325984423494155,0.04325984423494155,0.04325984423494155,0.04354715685438648,0.9564528431456135,1.0,0.07722119577444082,0.07722119577444082,0.5550258772648219,0.0005550258772648219
BASELINE_MLP,2,2024-01-30,2024-01-31,2024-02-29,TLT,0.1877319013532561,0.02154942864562982,0.03804817983181447,0.03804817983181447,0.03804817983181447,0.04354715685438648,0.9564528431456135,1.0,0.07722119577444082,0.07722119577444082,0.5550258772648219,0.0005550258772648219
BASELINE_MLP,2,2024-01-30,2024-01-31,2024-02-29,XLE,0.2987610403049983,0.02384106787209787,0.02390826171834575,0.02390826171834575,0.02390826171834575,0.04354715685438648,0.9564528431456135,1.0,0.07722119577444082,0.07722119577444082,0.5550258772648219,0.0005550258772648219
BASELINE_MLP,2,2024-01-30,2024-01-31,2024-02-29,XLF,0.1788044621947891,0.03614143706409423,0.03994786849936516,0.03994786849936516,0.03994786849936516,0.04354715685438648,0.9564528431456135,1.0,0.07722119577444082,0.07722119577444082,0.5550258772648219,0.0005550258772648219
BASELINE_MLP,2,2024-01-30,2024-01-31,2024-02-29,XLK,0.2484409011291645,0.03473317216084762,0.028750729490968838,0.028750729490968838,0.028750729490968838,0.04354715685438648,0.9564528431456135,1.0,0.07722119577444082,0.07722119577444082,0.5550258772648219,0.0005550258772648219
BASELINE_MLP,2,2024-01-30,2024-01-31,2024-02-29,XLV,0.1500466780715361,0.05968210232273623,0.047604233793511384,0.047604233793511384,0.047604233793511384,0.04354715685438648,0.9564528431456135,1.0,0.07722119577444082,0.07722119577444082,0.5550258772648219,0.0005550258772648219
BASELINE_MLP,3,2024-02-29,2024-03-01,2024-04-01,DBC,0.02,0.052999678291305245,0.3571428571428571,0.19983044399695768,0.19983044399695768,0.0,1.0,1.0,0.07620093480592668,0.07620093480592668,1.1274321668672735,0.0011274321668672735
BASELINE_MLP,3,2024-02-29,2024-03-01,2024-04-01,EEM,0.0935735930325067,0.031040790454466904,0.07633411212900389,0.04271086265278672,0.04271086265278672,0.0,1.0,1.0,0.07620093480592668,0.07620093480592668,1.1274321668672735,0.0011274321668672735
BASELINE_MLP,3,2024-02-29,2024-03-01,2024-04-01,EFA,0.0213286480423762,0.03673073977759393,0.33489497921600875,0.18738219468944348,0.18738219468944348,0.0,1.0,1.0,0.07620093480592668,0.07620093480592668,1.1274321668672735,0.0011274321668672735
BASELINE_MLP,3,2024-02-29,2024-03-01,2024-04-01,GLD,0.2191568386204486,0.35590113113123395,0.032592444697688176,0.01823629554567889,0.01823629554567889,0.0,1.0,1.0,0.07620093480592668,0.07620093480592668,1.1274321668672735,0.0011274321668672735
BASELINE_MLP,3,2024-02-29,2024-03-01,2024-04-01,HYG,0.1310232579223365,0.11562347627674636,0.05451594820738653,0.030503049178552163,0.030503049178552163,0.0,1.0,1.0,0.07620093480592668,0.07620093480592668,1.1274321668672735,0.0011274321668672735
BASELINE_MLP,3,2024-02-29,2024-03-01,2024-04-01,IWM,0.3068031049915877,0.033164077855603144,0.023281567320034113,0.013026624616620937,0.013026624616620937,0.0,1.0,1.0,0.07620093480592668,0.07620093480592668,1.1274321668672735,0.0011274321668672735
BASELINE_MLP,3,2024-02-29,2024-03-01,2024-04-01,LQD,0.1013875021367453,0.07404834723844353,0.07045106144565325,0.03941914728847715,0.03941914728847715,0.0,1.0,1.0,0.07620093480592668,0.07620093480592668,1.1274321668672735,0.0011274321668672735
BASELINE_MLP,3,2024-02-29,2024-03-01,2024-04-01,QQQ,0.3317691271483887,0.0327618882429347,0.021529601636689943,0.01204635559158466,0.01204635559158466,0.0,1.0,1.0,0.07620093480592668,0.07620093480592668,1.1274321668672735,0.0011274321668672735
BASELINE_MLP,3,2024-02-29,2024-03-01,2024-04-01,SPY,0.1245415088423556,0.04444933989716735,0.05735322471400726,0.0320905770059206,0.0320905770059206,0.0,1.0,1.0,0.07620093480592668,0.07620093480592668,1.1274321668672735,0.0011274321668672735
BASELINE_MLP,3,2024-02-29,2024-03-01,2024-04-01,TLT,0.205414818655989,0.0372835630976833,0.034772842531966414,0.019456283174157603,0.019456283174157603,0.0,1.0,1.0,0.07620093480592668,0.07620093480592668,1.1274321668672735,0.0011274321668672735
BASELINE_MLP,3,2024-02-29,2024-03-01,2024-04-01,XLE,0.133113289842063,0.024052844537845997,0.053659985049817636,0.03002411618465048,0.03002411618465048,0.0,1.0,1.0,0.07620093480592668,0.07620093480592668,1.1274321668672735,0.0011274321668672735
BASELINE_MLP,3,2024-02-29,2024-03-01,2024-04-01,XLF,0.1473565376462116,0.04076927313937995,0.04847329651573677,0.027122033021260414,0.027122033021260414,0.0,1.0,1.0,0.07620093480592668,0.07620093480592668,1.1274321668672735,0.0011274321668672735
BASELINE_MLP,3,2024-02-29,2024-03-01,2024-04-01,XLK,0.0269455669702516,0.02925704329320294,0.2650846853860224,0.1483215730569516,0.1483215730569516,0.0,1.0,1.0,0.07620093480592668,0.07620093480592668,1.1274321668672735,0.0011274321668672735
BASELINE_MLP,3,2024-02-29,2024-03-01,2024-04-01,XLV,0.02,0.04868710281299883,0.3571428571428571,0.19983044399695768,0.19983044399695768,0.0,1.0,1.0,0.07620093480592668,0.07620093480592668,1.1274321668672735,0.0011274321668672735
BASELINE_MLP,4,2024-04-01,2024-04-02,2024-04-30,DBC,0.457010417256569,0.2037680733767138,0.01562952806576199,0.01562952806576199,0.01562952806576199,0.7197175680605454,0.2802824319394546,1.0,0.020224865690444627,0.020224865690444627,0.7456160907300553,0.0007456160907300554
BASELINE_MLP,4,2024-04-01,2024-04-02,2024-04-30,EEM,0.3906146499530971,0.042699289858731226,0.018286198799033315,0.018286198799033315,0.018286198799033315,0.7197175680605454,0.2802824319394546,1.0,0.020224865690444627,0.020224865690444627,0.7456160907300553,0.0007456160907300554
BASELINE_MLP,4,2024-04-01,2024-04-02,2024-04-30,EFA,0.3730377035173777,0.1874002181923822,0.019147815557266846,0.019147815557266846,0.019147815557266846,0.7197175680605454,0.2802824319394546,1.0,0.020224865690444627,0.020224865690444627,0.7456160907300553,0.0007456160907300554
BASELINE_MLP,4,2024-04-01,2024-04-02,2024-04-30,GLD,0.4084651919601213,0.019449763588285932,0.01748706446338885,0.01748706446338885,0.01748706446338885,0.7197175680605454,0.2802824319394546,1.0,0.020224865690444627,0.020224865690444627,0.7456160907300553,0.0007456160907300554
BASELINE_MLP,4,2024-04-01,2024-04-02,2024-04-30,HYG,0.2534666968708636,0.02983610337203547,0.028180653439044467,0.028180653439044467,0.028180653439044467,0.7197175680605454,0.2802824319394546,1.0,0.020224865690444627,0.020224865690444627,0.7456160907300553,0.0007456160907300554
BASELINE_MLP,4,2024-04-01,2024-04-02,2024-04-30,IWM,0.3949553167401484,0.012973978792813205,0.018085228480559025,0.018085228480559025,0.018085228480559025,0.7197175680605454,0.2802824319394546,1.0,0.020224865690444627,0.020224865690444627,0.7456160907300553,0.0007456160907300554
BASELINE_MLP,4,2024-04-01,2024-04-02,2024-04-30,LQD,0.244575487518944,0.03851536853509452,0.029205122783630886,0.029205122783630886,0.029205122783630886,0.7197175680605454,0.2802824319394546,1.0,0.020224865690444627,0.020224865690444627,0.7456160907300553,0.0007456160907300554
BASELINE_MLP,4,2024-04-01,2024-04-02,2024-04-30,QQQ,0.3714081589181872,0.011877913047337249,0.019231826149598813,0.019231826149598813,0.019231826149598813,0.7197175680605454,0.2802824319394546,1.0,0.020224865690444627,0.020224865690444627,0.7456160907300553,0.0007456160907300554
BASELINE_MLP,4,2024-04-01,2024-04-02,2024-04-30,SPY,0.4505336839115241,0.03214106194866194,0.015854213342813808,0.015854213342813808,0.015854213342813808,0.7197175680605454,0.2802824319394546,1.0,0.020224865690444627,0.020224865690444627,0.7456160907300553,0.0007456160907300554
BASELINE_MLP,4,2024-04-01,2024-04-02,2024-04-30,TLT,0.3724183440249451,0.018695561258419226,0.019179659803166688,0.019179659803166688,0.019179659803166688,0.7197175680605454,0.2802824319394546,1.0,0.020224865690444627,0.020224865690444627,0.7456160907300553,0.0007456160907300554
BASELINE_MLP,4,2024-04-01,2024-04-02,2024-04-30,XLE,0.2956032966477083,0.032467662528599665,0.024163658605505334,0.024163658605505334,0.024163658605505334,0.7197175680605454,0.2802824319394546,1.0,0.020224865690444627,0.020224865690444627,0.7456160907300553,0.0007456160907300554
BASELINE_MLP,4,2024-04-01,2024-04-02,2024-04-30,XLF,0.4109974923924842,0.027465824618460637,0.017379320494821982,0.017379320494821982,0.017379320494821982,0.7197175680605454,0.2802824319394546,1.0,0.020224865690444627,0.020224865690444627,0.7456160907300553,0.0007456160907300554
BASELINE_MLP,4,2024-04-01,2024-04-02,2024-04-30,XLK,0.4361100245820623,0.14564344712019472,0.01637856673829583,0.01637856673829583,0.01637856673829583,0.7197175680605454,0.2802824319394546,1.0,0.020224865690444627,0.020224865690444627,0.7456160907300553,0.0007456160907300554
BASELINE_MLP,4,2024-04-01,2024-04-02,2024-04-30,XLV,0.323593123124715,0.1970657337622702,0.022073575216566752,0.022073575216566752,0.022073575216566752,0.7197175680605454,0.2802824319394546,1.0,0.020224865690444627,0.020224865690444627,0.7456160907300553,0.0007456160907300554
BASELINE_MLP,5,2024-04-30,2024-05-01,2024-05-30,DBC,0.1699282098289685,0.01592432755101328,0.04203455771143812,0.04203455771143812,0.04203455771143812,0.5733286217591663,0.4266713782408337,1.0,0.034240955284587093,0.034240955284587093,0.1517954535745869,0.0001517954535745869
BASELINE_MLP,5,2024-04-30,2024-05-01,2024-05-30,EEM,0.2929932444717944,0.01835193044561299,0.024378914113648665,0.024378914113648665,0.024378914113648665,0.5733286217591663,0.4266713782408337,1.0,0.034240955284587093,0.034240955284587093,0.1517954535745869,0.0001517954535745869
BASELINE_MLP,5,2024-04-30,2024-05-01,2024-05-30,EFA,0.2168025390649043,0.018745801069126895,0.032946372185792445,0.032946372185792445,0.032946372185792445,0.5733286217591663,0.4266713782408337,1.0,0.034240955284587093,0.034240955284587093,0.1517954535745869,0.0001517954535745869
BASELINE_MLP,5,2024-04-30,2024-05-01,2024-05-30,GLD,0.3497096566417556,0.017961774206356074,0.020425106962872128,0.020425106962872128,0.020425106962872128,0.5733286217591663,0.4266713782408337,1.0,0.034240955284587093,0.034240955284587093,0.1517954535745869,0.0001517954535745869
BASELINE_MLP,5,2024-04-30,2024-05-01,2024-05-30,HYG,0.1498740180349925,0.028123237738052087,0.0476590755122708,0.0476590755122708,0.0476590755122708,0.5733286217591663,0.4266713782408337,1.0,0.034240955284587093,0.034240955284587093,0.1517954535745869,0.0001517954535745869
BASELINE_MLP,5,2024-04-30,2024-05-01,2024-05-30,IWM,0.2755814825583248,0.0171347468312199,0.025919220248571705,0.025919220248571705,0.025919220248571705,0.5733286217591663,0.4266713782408337,1.0,0.034240955284587093,0.034240955284587093,0.1517954535745869,0.0001517954535745869
BASELINE_MLP,5,2024-04-30,2024-05-01,2024-05-30,LQD,0.2348090838642743,0.0287454981195738,0.030419850140831428,0.030419850140831428,0.030419850140831428,0.5733286217591663,0.4266713782408337,1.0,0.034240955284587093,0.034240955284587093,0.1517954535745869,0.0001517954535745869
BASELINE_MLP,5,2024-04-30,2024-05-01,2024-05-30,QQQ,0.2331195656074336,0.018489674682001845,0.030640315943645424,0.030640315943645424,0.030640315943645424,0.5733286217591663,0.4266713782408337,1.0,0.034240955284587093,0.034240955284587093,0.1517954535745869,0.0001517954535745869
BASELINE_MLP,5,2024-04-30,2024-05-01,2024-05-30,SPY,0.2873135953227253,0.015355987452802871,0.024860839372511837,0.024860839372511837,0.024860839372511837,0.5733286217591663,0.4266713782408337,1.0,0.034240955284587093,0.034240955284587093,0.1517954535745869,0.0001517954535745869
BASELINE_MLP,5,2024-04-30,2024-05-01,2024-05-30,TLT,0.3021643383703705,0.018419665082846887,0.023638981295343867,0.023638981295343867,0.023638981295343867,0.5733286217591663,0.4266713782408337,1.0,0.034240955284587093,0.034240955284587093,0.1517954535745869,0.0001517954535745869
BASELINE_MLP,5,2024-04-30,2024-05-01,2024-05-30,XLE,0.1672040851375652,0.0239381881570138,0.04271939370967187,0.04271939370967187,0.04271939370967187,0.5733286217591663,0.4266713782408337,1.0,0.034240955284587093,0.034240955284587093,0.1517954535745869,0.0001517954535745869
BASELINE_MLP,5,2024-04-30,2024-05-01,2024-05-30,XLF,0.2616287118777203,0.016870338225146154,0.027301503308228506,0.027301503308228506,0.027301503308228506,0.5733286217591663,0.4266713782408337,1.0,0.034240955284587093,0.034240955284587093,0.1517954535745869,0.0001517954535745869
BASELINE_MLP,5,2024-04-30,2024-05-01,2024-05-30,XLK,0.2486256183104633,0.015507635664740853,0.028729369046506418,0.028729369046506418,0.028729369046506418,0.5733286217591663,0.4266713782408337,1.0,0.034240955284587093,0.034240955284587093,0.1517954535745869,0.0001517954535745869
BASELINE_MLP,5,2024-04-30,2024-05-01,2024-05-30,XLV,0.2857385313201501,0.021307119440739337,0.024997878689500472,0.024997878689500472,0.024997878689500472,0.5733286217591663,0.4266713782408337,1.0,0.034240955284587093,0.034240955284587093,0.1517954535745869,0.0001517954535745869
BASELINE_MLP,6,2024-05-30,2024-05-31,2024-07-01,DBC,0.1006254192858467,0.04169831336065119,0.07098461992557192,0.06427225577561453,0.06427225577561453,0.0,1.0,1.0,0.06653940972428202,0.06653940972428202,0.5934658919294934,0.0005934658919294934
BASELINE_MLP,6,2024-05-30,2024-05-31,2024-07-01,EEM,0.2021748400134708,0.02485519731442424,0.03533009914775359,0.031989255861102565,0.031989255861102565,0.0,1.0,1.0,0.06653940972428202,0.06653940972428202,0.5934658919294934,0.0005934658919294934
BASELINE_MLP,6,2024-05-30,2024-05-31,2024-07-01,EFA,0.2067536206003182,0.03395276118229824,0.034547676225052525,0.03128081949467172,0.03128081949467172,0.0,1.0,1.0,0.06653940972428202,0.06653940972428202,0.5934658919294934,0.0005934658919294934
BASELINE_MLP,6,2024-05-30,2024-05-31,2024-07-01,GLD,0.1080587067249857,0.020675761965445762,0.06610163455903685,0.05985100952881361,0.05985100952881361,0.0,1.0,1.0,0.06653940972428202,0.06653940972428202,0.5934658919294934,0.0005934658919294934
BASELINE_MLP,6,2024-05-30,2024-05-31,2024-07-01,HYG,0.043167037257689,0.04780021798550734,0.16547017346169254,0.14982317751530203,0.14982317751530203,0.0,1.0,1.0,0.06653940972428202,0.06653940972428202,0.5934658919294934,0.0005934658919294934
BASELINE_MLP,6,2024-05-30,2024-05-31,2024-07-01,IWM,0.2105834143223139,0.02673575479022253,0.033919371883316785,0.030711928129199734,0.030711928129199734,0.0,1.0,1.0,0.06653940972428202,0.06653940972428202,0.5934658919294934,0.0005934658919294934
BASELINE_MLP,6,2024-05-30,2024-05-31,2024-07-01,LQD,0.02,0.030656382521669665,0.3571428571428571,0.3233711342934197,0.3233711342934197,0.0,1.0,1.0,0.06653940972428202,0.06653940972428202,0.5934658919294934,0.0005934658919294934
BASELINE_MLP,6,2024-05-30,2024-05-31,2024-07-01,QQQ,0.2049413577355484,0.03226990403363834,0.03485317566830079,0.03155743065884148,0.03155743065884148,0.0,1.0,1.0,0.06653940972428202,0.06653940972428202,0.5934658919294934,0.0005934658919294934
BASELINE_MLP,6,2024-05-30,2024-05-31,2024-07-01,SPY,0.1777619135508061,0.025631582127214052,0.04018215713466453,0.036382499246780116,0.036382499246780116,0.0,1.0,1.0,0.06653940972428202,0.06653940972428202,0.5934658919294934,0.0005934658919294934
BASELINE_MLP,6,2024-05-30,2024-05-31,2024-07-01,TLT,0.1893612349577256,0.023923161479039216,0.03772079932015529,0.034153889455316604,0.034153889455316604,0.0,1.0,1.0,0.06653940972428202,0.06653940972428202,0.5934658919294934,0.0005934658919294934
BASELINE_MLP,6,2024-05-30,2024-05-31,2024-07-01,XLE,0.2041857570310478,0.041138061085049,0.03498215177550814,0.031674210679077774,0.031674210679077774,0.0,1.0,1.0,0.06653940972428202,0.06653940972428202,0.5934658919294934,0.0005934658919294934
BASELINE_MLP,6,2024-05-30,2024-05-31,2024-07-01,XLF,0.117658429249761,0.027492303908360844,0.0607084183292516,0.05496778026961066,0.05496778026961066,0.0,1.0,1.0,0.06653940972428202,0.06653940972428202,0.5934658919294934,0.0005934658919294934
BASELINE_MLP,6,2024-05-30,2024-05-31,2024-07-01,XLK,0.0997747520242323,0.030416415043571943,0.07158982606263312,0.06482023312167842,0.06482023312167842,0.0,1.0,1.0,0.06653940972428202,0.06653940972428202,0.5934658919294934,0.0005934658919294934
BASELINE_MLP,6,2024-05-30,2024-05-31,2024-07-01,XLV,0.1172816370126278,0.024984822210203532,0.060903457052599516,0.0551443759705711,0.0551443759705711,0.0,1.0,1.0,0.06653940972428202,0.06653940972428202,0.5934658919294934,0.0005934658919294934
BASELINE_MLP,7,2024-07-01,2024-07-02,2024-07-31,DBC,0.14120927298715,0.06373240849236803,0.050583485006024644,0.050583485006024644,0.050583485006024644,0.00945518030249004,0.99054481969751,1.0,0.08226826959129026,0.08226826959129026,0.7219578821195094,0.0007219578821195094
BASELINE_MLP,7,2024-07-01,2024-07-02,2024-07-31,EEM,0.0347680031323101,0.03210447220550064,0.20544341058860657,0.20544341058860657,0.20544341058860657,0.00945518030249004,0.99054481969751,1.0,0.08226826959129026,0.08226826959129026,0.7219578821195094,0.0007219578821195094
BASELINE_MLP,7,2024-07-01,2024-07-02,2024-07-31,EFA,0.1295980038039433,0.030601674073985854,0.055115487377898995,0.055115487377898995,0.055115487377898995,0.00945518030249004,0.99054481969751,1.0,0.08226826959129026,0.08226826959129026,0.7219578821195094,0.0007219578821195094
BASELINE_MLP,7,2024-07-01,2024-07-02,2024-07-31,GLD,0.1520247789161879,0.058697669495705075,0.0469848217756333,0.0469848217756333,0.0469848217756333,0.00945518030249004,0.99054481969751,1.0,0.08226826959129026,0.08226826959129026,0.7219578821195094,0.0007219578821195094
BASELINE_MLP,7,2024-07-01,2024-07-02,2024-07-31,HYG,0.1029350091846483,0.14881721305555015,0.06939191242548047,0.06939191242548047,0.06939191242548047,0.00945518030249004,0.99054481969751,1.0,0.08226826959129026,0.08226826959129026,0.7219578821195094,0.0007219578821195094
BASELINE_MLP,7,2024-07-01,2024-07-02,2024-07-31,IWM,0.1730393422761074,0.029918982514673155,0.04127880428174397,0.04127880428174397,0.04127880428174397,0.00945518030249004,0.99054481969751,1.0,0.08226826959129026,0.08226826959129026,0.7219578821195094,0.0007219578821195094
BASELINE_MLP,7,2024-07-01,2024-07-02,2024-07-31,LQD,0.1219025014385362,0.32001429589194763,0.058594836517432775,0.058594836517432775,0.058594836517432775,0.00945518030249004,0.99054481969751,1.0,0.08226826959129026,0.08226826959129026,0.7219578821195094,0.0007219578821195094
BASELINE_MLP,7,2024-07-01,2024-07-02,2024-07-31,QQQ,0.0961060419902749,0.03323684975849712,0.07432266478708943,0.07432266478708943,0.07432266478708943,0.00945518030249004,0.99054481969751,1.0,0.08226826959129026,0.08226826959129026,0.7219578821195094,0.0007219578821195094
BASELINE_MLP,7,2024-07-01,2024-07-02,2024-07-31,SPY,0.1267965111321579,0.03752669721347296,0.056333230931032964,0.056333230931032964,0.056333230931032964,0.00945518030249004,0.99054481969751,1.0,0.08226826959129026,0.08226826959129026,0.7219578821195094,0.0007219578821195094
BASELINE_MLP,7,2024-07-01,2024-07-02,2024-07-31,TLT,0.1693833904564334,0.03389990224561423,0.042169761294832124,0.042169761294832124,0.042169761294832124,0.00945518030249004,0.99054481969751,1.0,0.08226826959129026,0.08226826959129026,0.7219578821195094,0.0007219578821195094
BASELINE_MLP,7,2024-07-01,2024-07-02,2024-07-31,XLE,0.1970905823221519,0.0315484991208709,0.03624149392984124,0.03624149392984124,0.03624149392984124,0.00945518030249004,0.99054481969751,1.0,0.08226826959129026,0.08226826959129026,0.7219578821195094,0.0007219578821195094
BASELINE_MLP,7,2024-07-01,2024-07-02,2024-07-31,XLF,0.0752167165427395,0.054585032612856944,0.09496369252968444,0.09496369252968444,0.09496369252968444,0.00945518030249004,0.99054481969751,1.0,0.08226826959129026,0.08226826959129026,0.7219578821195094,0.0007219578821195094
BASELINE_MLP,7,2024-07-01,2024-07-02,2024-07-31,XLK,0.08043469109069,0.06949989023212723,0.08880318984259641,0.08880318984259641,0.08880318984259641,0.00945518030249004,0.99054481969751,1.0,0.08226826959129026,0.08226826959129026,0.7219578821195094,0.0007219578821195094
BASELINE_MLP,7,2024-07-01,2024-07-02,2024-07-31,XLV,0.1015793147846661,0.055816413086830094,0.07031802840961271,0.07031802840961271,0.07031802840961271,0.00945518030249004,0.99054481969751,1.0,0.08226826959129026,0.08226826959129026,0.7219578821195094,0.0007219578821195094
BASELINE_MLP,8,2024-07-31,2024-08-01,2024-08-29,DBC,0.02,0.04769722792305533,0.3571428571428571,0.11096259103558466,0.11096259103558466,0.0,1.0,1.0,0.07950766115751477,0.07950766115751477,0.5289213927919133,0.0005289213927919133
BASELINE_MLP,8,2024-07-31,2024-08-01,2024-08-29,EEM,0.02,0.20310079986429988,0.3571428571428571,0.11096259103558466,0.11096259103558466,0.0,1.0,1.0,0.07950766115751477,0.07950766115751477,0.5289213927919133,0.0005289213927919133
BASELINE_MLP,8,2024-07-31,2024-08-01,2024-08-29,EFA,0.02,0.05546158907175156,0.3571428571428571,0.11096259103558466,0.11096259103558466,0.0,1.0,1.0,0.07950766115751477,0.07950766115751477,0.5289213927919133,0.0005289213927919133
BASELINE_MLP,8,2024-07-31,2024-08-01,2024-08-29,GLD,0.1450104265454367,0.048519430295103055,0.049257541771446645,0.015304084496409137,0.015304084496409137,0.0,1.0,1.0,0.07950766115751477,0.07950766115751477,0.5289213927919133,0.0005289213927919133
BASELINE_MLP,8,2024-07-31,2024-08-01,2024-08-29,HYG,0.02,0.06980290430292374,0.3571428571428571,0.11096259103558466,0.11096259103558466,0.0,1.0,1.0,0.07950766115751477,0.07950766115751477,0.5289213927919133,0.0005289213927919133
BASELINE_MLP,8,2024-07-31,2024-08-01,2024-08-29,IWM,0.0558379894468417,0.04513148032952372,0.127921101988409,0.03974447938933121,0.03974447938933121,0.0,1.0,1.0,0.07950766115751477,0.07950766115751477,0.5289213927919133,0.0005289213927919133
BASELINE_MLP,8,2024-07-31,2024-08-01,2024-08-29,LQD,0.02,0.059448024754821395,0.3571428571428571,0.11096259103558466,0.11096259103558466,0.0,1.0,1.0,0.07950766115751477,0.07950766115751477,0.5289213927919133,0.0005289213927919133
BASELINE_MLP,8,2024-07-31,2024-08-01,2024-08-29,QQQ,0.0791181667145744,0.07138617869309727,0.09028087276877401,0.028049838777455947,0.028049838777455947,0.0,1.0,1.0,0.07950766115751477,0.07950766115751477,0.5289213927919133,0.0005289213927919133
BASELINE_MLP,8,2024-07-31,2024-08-01,2024-08-29,SPY,0.0297987154388822,0.055908969485036195,0.23970352539213627,0.07447474792205142,0.07447474792205142,0.0,1.0,1.0,0.07950766115751477,0.07950766115751477,0.5289213927919133,0.0005289213927919133
BASELINE_MLP,8,2024-07-31,2024-08-01,2024-08-29,TLT,0.121147070829104,0.043694782700085026,0.058960213350376475,0.018318658515832205,0.018318658515832205,0.0,1.0,1.0,0.07950766115751477,0.07950766115751477,0.5289213927919133,0.0005289213927919133
BASELINE_MLP,8,2024-07-31,2024-08-01,2024-08-29,XLE,0.1446843032346339,0.03639621257739789,0.04936856993583888,0.015338580420246021,0.015338580420246021,0.0,1.0,1.0,0.07950766115751477,0.07950766115751477,0.5289213927919133,0.0005289213927919133
BASELINE_MLP,8,2024-07-31,2024-08-01,2024-08-29,XLF,0.02,0.09906529516039404,0.3571428571428571,0.11096259103558466,0.11096259103558466,0.0,1.0,1.0,0.07950766115751477,0.07950766115751477,0.5289213927919133,0.0005289213927919133
BASELINE_MLP,8,2024-07-31,2024-08-01,2024-08-29,XLK,0.02,0.08376019691692908,0.3571428571428571,0.11096259103558466,0.11096259103558466,0.0,1.0,1.0,0.07950766115751477,0.07950766115751477,0.5289213927919133,0.0005289213927919133
BASELINE_MLP,8,2024-07-31,2024-08-01,2024-08-29,XLV,0.0692834764359885,0.07133612767619892,0.10309611339229605,0.03203147322958131,0.03203147322958131,0.0,1.0,1.0,0.07950766115751477,0.07950766115751477,0.5289213927919133,0.0005289213927919133
BASELINE_MLP,9,2024-08-29,2024-08-30,2024-09-30,DBC,0.1706342714883786,0.10850012363118396,0.04186062436668019,0.04186062436668019,0.04186062436668019,0.5111186298801378,0.48888137011986216,1.0,0.045219312334590006,0.045219312334590006,0.6203553345704881,0.0006203553345704881
BASELINE_MLP,9,2024-08-29,2024-08-30,2024-09-30,EEM,0.1745055289065883,0.11040949557811998,0.040931981855318,0.040931981855318,0.040931981855318,0.5111186298801378,0.48888137011986216,1.0,0.045219312334590006,0.045219312334590006,0.6203553345704881,0.0006203553345704881
BASELINE_MLP,9,2024-08-29,2024-08-30,2024-09-30,EFA,0.1770574249629063,0.11296266037798723,0.04034203673951306,0.04034203673951306,0.04034203673951306,0.5111186298801378,0.48888137011986216,1.0,0.045219312334590006,0.045219312334590006,0.6203553345704881,0.0006203553345704881
BASELINE_MLP,9,2024-08-29,2024-08-30,2024-09-30,GLD,0.1845699211805122,0.01553859541654325,0.0387000064646033,0.0387000064646033,0.0387000064646033,0.5111186298801378,0.48888137011986216,1.0,0.045219312334590006,0.045219312334590006,0.6203553345704881,0.0006203553345704881
BASELINE_MLP,9,2024-08-29,2024-08-30,2024-09-30,HYG,0.1431363364585694,0.11124909825418039,0.049902472842209646,0.049902472842209646,0.049902472842209646,0.5111186298801378,0.48888137011986216,1.0,0.045219312334590006,0.045219312334590006,0.6203553345704881,0.0006203553345704881
BASELINE_MLP,9,2024-08-29,2024-08-30,2024-09-30,IWM,0.2688910417840595,0.038359529474753934,0.026564132056855264,0.026564132056855264,0.026564132056855264,0.5111186298801378,0.48888137011986216,1.0,0.045219312334590006,0.045219312334590006,0.6203553345704881,0.0006203553345704881
BASELINE_MLP,9,2024-08-29,2024-08-30,2024-09-30,LQD,0.1658935042898923,0.11192825228681039,0.04305688262739501,0.04305688262739501,0.04305688262739501,0.5111186298801378,0.48888137011986216,1.0,0.045219312334590006,0.045219312334590006,0.6203553345704881,0.0006203553345704881
BASELINE_MLP,9,2024-08-29,2024-08-30,2024-09-30,QQQ,0.2424944198986856,0.02767310858547221,0.02945575879989913,0.02945575879989913,0.02945575879989913,0.5111186298801378,0.48888137011986216,1.0,0.045219312334590006,0.045219312334590006,0.6203553345704881,0.0006203553345704881
BASELINE_MLP,9,2024-08-29,2024-08-30,2024-09-30,SPY,0.2544182210944096,0.07454516399748541,0.02807525778669197,0.02807525778669197,0.02807525778669197,0.5111186298801378,0.48888137011986216,1.0,0.045219312334590006,0.045219312334590006,0.6203553345704881,0.0006203553345704881
BASELINE_MLP,9,2024-08-29,2024-08-30,2024-09-30,TLT,0.2168413673051755,0.018669333917731682,0.0329404727134215,0.0329404727134215,0.0329404727134215,0.5111186298801378,0.48888137011986216,1.0,0.045219312334590006,0.045219312334590006,0.6203553345704881,0.0006203553345704881
BASELINE_MLP,9,2024-08-29,2024-08-30,2024-09-30,XLE,0.265248344098409,0.014776900752573076,0.026928941506255334,0.026928941506255334,0.026928941506255334,0.5111186298801378,0.48888137011986216,1.0,0.045219312334590006,0.045219312334590006,0.6203553345704881,0.0006203553345704881
BASELINE_MLP,9,2024-08-29,2024-08-30,2024-09-30,XLF,0.2459744830423875,0.11350047395094037,0.02903901678950272,0.02903901678950272,0.02903901678950272,0.5111186298801378,0.48888137011986216,1.0,0.045219312334590006,0.045219312334590006,0.6203553345704881,0.0006203553345704881
BASELINE_MLP,9,2024-08-29,2024-08-30,2024-09-30,XLK,0.287646974046892,0.10888661575367313,0.024832026015655984,0.024832026015655984,0.024832026015655984,0.5111186298801378,0.48888137011986216,1.0,0.045219312334590006,0.045219312334590006,0.6203553345704881,0.0006203553345704881
BASELINE_MLP,9,2024-08-29,2024-08-30,2024-09-30,XLV,0.1970347710116133,0.03300064802254494,0.03625175955586103,0.03625175955586103,0.03625175955586103,0.5111186298801378,0.48888137011986216,1.0,0.045219312334590006,0.045219312334590006,0.6203553345704881,0.0006203553345704881
BASELINE_MLP,10,2024-09-30,2024-10-01,2024-10-30,DBC,0.1504603376681539,0.04133719063024626,0.047473355793012983,0.047473355793012983,0.047473355793012983,0.21723625630656995,0.78276374369343,1.0,0.06931063571806197,0.06931063571806197,0.2936772452565144,0.0002936772452565144
BASELINE_MLP,10,2024-09-30,2024-10-01,2024-10-30,EEM,0.1170386002407083,0.043002772078636606,0.06102992626506754,0.06102992626506754,0.06102992626506754,0.21723625630656995,0.78276374369343,1.0,0.06931063571806197,0.06931063571806197,0.2936772452565144,0.0002936772452565144
BASELINE_MLP,10,2024-09-30,2024-10-01,2024-10-30,EFA,0.1864875013360264,0.040375165558221786,0.0383020689948901,0.0383020689948901,0.0383020689948901,0.21723625630656995,0.78276374369343,1.0,0.06931063571806197,0.06931063571806197,0.2936772452565144,0.0002936772452565144
BASELINE_MLP,10,2024-09-30,2024-10-01,2024-10-30,GLD,0.1611742438435792,0.0400358171884257,0.044317609144729965,0.044317609144729965,0.044317609144729965,0.21723625630656995,0.78276374369343,1.0,0.06931063571806197,0.06931063571806197,0.2936772452565144,0.0002936772452565144
BASELINE_MLP,10,2024-09-30,2024-10-01,2024-10-30,HYG,0.0455862913112126,0.05032364149339724,0.15668870920193184,0.15668870920193184,0.15668870920193184,0.21723625630656995,0.78276374369343,1.0,0.06931063571806197,0.06931063571806197,0.2936772452565144,0.0002936772452565144
BASELINE_MLP,10,2024-09-30,2024-10-01,2024-10-30,IWM,0.1860133088049589,0.026679078936272735,0.038399710153786175,0.038399710153786175,0.038399710153786175,0.21723625630656995,0.78276374369343,1.0,0.06931063571806197,0.06931063571806197,0.2936772452565144,0.0002936772452565144
BASELINE_MLP,10,2024-09-30,2024-10-01,2024-10-30,LQD,0.0729183917688888,0.043407306600794414,0.0979568661565668,0.0979568661565668,0.0979568661565668,0.21723625630656995,0.78276374369343,1.0,0.06931063571806197,0.06931063571806197,0.2936772452565144,0.0002936772452565144
BASELINE_MLP,10,2024-09-30,2024-10-01,2024-10-30,QQQ,0.1790581492524921,0.030327859812015995,0.039891270923307215,0.039891270923307215,0.039891270923307215,0.21723625630656995,0.78276374369343,1.0,0.06931063571806197,0.06931063571806197,0.2936772452565144,0.0002936772452565144
BASELINE_MLP,10,2024-09-30,2024-10-01,2024-10-30,SPY,0.1864110745733787,0.028692241960298275,0.0383177724778655,0.0383177724778655,0.0383177724778655,0.21723625630656995,0.78276374369343,1.0,0.06931063571806197,0.06931063571806197,0.2936772452565144,0.0002936772452565144
BASELINE_MLP,10,2024-09-30,2024-10-01,2024-10-30,TLT,0.16416173692909,0.032957830619070476,0.04351109629122964,0.04351109629122964,0.04351109629122964,0.21723625630656995,0.78276374369343,1.0,0.06931063571806197,0.06931063571806197,0.2936772452565144,0.0002936772452565144
BASELINE_MLP,10,2024-09-30,2024-10-01,2024-10-30,XLE,0.2584818158303923,0.02599067209092321,0.02763388642992226,0.02763388642992226,0.02763388642992226,0.21723625630656995,0.78276374369343,1.0,0.06931063571806197,0.06931063571806197,0.2936772452565144,0.0002936772452565144
BASELINE_MLP,10,2024-09-30,2024-10-01,2024-10-30,XLF,0.2059186166290012,0.02890259008452874,0.034687767720032146,0.034687767720032146,0.034687767720032146,0.21723625630656995,0.78276374369343,1.0,0.06931063571806197,0.06931063571806197,0.2936772452565144,0.0002936772452565144
BASELINE_MLP,10,2024-09-30,2024-10-01,2024-10-30,XLK,0.2389310995260236,0.02560860814894962,0.029895049899434152,0.029895049899434152,0.029895049899434152,0.21723625630656995,0.78276374369343,1.0,0.06931063571806197,0.06931063571806197,0.2936772452565144,0.0002936772452565144
BASELINE_MLP,10,2024-09-30,2024-10-01,2024-10-30,XLV,0.0843724390239918,0.0355919163617981,0.08465865424165382,0.08465865424165382,0.08465865424165382,0.21723625630656995,0.78276374369343,1.0,0.06931063571806197,0.06931063571806197,0.2936772452565144,0.0002936772452565144
BASELINE_MLP,11,2024-10-30,2024-10-31,2024-12-02,DBC,0.1580336305229698,0.04897628021862952,0.04519833607074506,0.04519833607074506,0.04519833607074506,0.4510556689477083,0.5489443310522917,1.0,0.04730496388364481,0.04730496388364481,0.2784291347951693,0.0002784291347951693
BASELINE_MLP,11,2024-10-30,2024-10-31,2024-12-02,EEM,0.284103167462325,0.06026334367877569,0.025141772288773793,0.025141772288773793,0.025141772288773793,0.4510556689477083,0.5489443310522917,1.0,0.04730496388364481,0.04730496388364481,0.2784291347951693,0.0002784291347951693
BASELINE_MLP,11,2024-10-30,2024-10-31,2024-12-02,EFA,0.1193119985119265,0.03669215209816947,0.059867048008110754,0.059867048008110754,0.059867048008110754,0.4510556689477083,0.5489443310522917,1.0,0.04730496388364481,0.04730496388364481,0.2784291347951693,0.0002784291347951693
BASELINE_MLP,11,2024-10-30,2024-10-31,2024-12-02,GLD,0.1722699203149679,0.047403802831488456,0.04146317087624801,0.04146317087624801,0.04146317087624801,0.4510556689477083,0.5489443310522917,1.0,0.04730496388364481,0.04730496388364481,0.2784291347951693,0.0002784291347951693
BASELINE_MLP,11,2024-10-30,2024-10-31,2024-12-02,HYG,0.1065277912617263,0.15677792468142301,0.06705158398814427,0.06705158398814427,0.06705158398814427,0.4510556689477083,0.5489443310522917,1.0,0.04730496388364481,0.04730496388364481,0.2784291347951693,0.0002784291347951693
BASELINE_MLP,11,2024-10-30,2024-10-31,2024-12-02,IWM,0.1971181174588485,0.03851989540756721,0.03623643140944833,0.03623643140944833,0.03623643140944833,0.4510556689477083,0.5489443310522917,1.0,0.04730496388364481,0.04730496388364481,0.2784291347951693,0.0002784291347951693
BASELINE_MLP,11,2024-10-30,2024-10-31,2024-12-02,LQD,0.116502146982627,0.0957864379640596,0.06131094857781718,0.06131094857781718,0.06131094857781718,0.4510556689477083,0.5489443310522917,1.0,0.04730496388364481,0.04730496388364481,0.2784291347951693,0.0002784291347951693
BASELINE_MLP,11,2024-10-30,2024-10-31,2024-12-02,QQQ,0.2349461582001452,0.040555126590345665,0.030402102326662895,0.030402102326662895,0.030402102326662895,0.4510556689477083,0.5489443310522917,1.0,0.04730496388364481,0.04730496388364481,0.2784291347951693,0.0002784291347951693
BASELINE_MLP,11,2024-10-30,2024-10-31,2024-12-02,SPY,0.1904986549127665,0.03872870927337833,0.03749557783559161,0.03749557783559161,0.03749557783559161,0.4510556689477083,0.5489443310522917,1.0,0.04730496388364481,0.04730496388364481,0.2784291347951693,0.0002784291347951693
BASELINE_MLP,11,2024-10-30,2024-10-31,2024-12-02,TLT,0.194064606904489,0.04136894897965912,0.03680659372562756,0.03680659372562756,0.03680659372562756,0.4510556689477083,0.5489443310522917,1.0,0.04730496388364481,0.04730496388364481,0.2784291347951693,0.0002784291347951693
BASELINE_MLP,11,2024-10-30,2024-10-31,2024-12-02,XLE,0.2666333135244501,0.027943426255322285,0.026789064908808356,0.026789064908808356,0.026789064908808356,0.4510556689477083,0.5489443310522917,1.0,0.04730496388364481,0.04730496388364481,0.2784291347951693,0.0002784291347951693
BASELINE_MLP,11,2024-10-30,2024-10-31,2024-12-02,XLF,0.2513570488231874,0.03613676997300624,0.028417174598042237,0.028417174598042237,0.028417174598042237,0.4510556689477083,0.5489443310522917,1.0,0.04730496388364481,0.04730496388364481,0.2784291347951693,0.0002784291347951693
BASELINE_MLP,11,2024-10-30,2024-10-31,2024-12-02,XLK,0.2915013014331648,0.030253865939282105,0.024503688689344848,0.024503688689344848,0.024503688689344848,0.4510556689477083,0.5489443310522917,1.0,0.04730496388364481,0.04730496388364481,0.2784291347951693,0.0002784291347951693
BASELINE_MLP,11,2024-10-30,2024-10-31,2024-12-02,XLV,0.2527475372922521,0.0816169901364717,0.028260837748926727,0.028260837748926727,0.028260837748926727,0.4510556689477083,0.5489443310522917,1.0,0.04730496388364481,0.04730496388364481,0.2784291347951693,0.0002784291347951693
BASELINE_MLP,12,2024-12-02,2024-12-03,2025-01-02,DBC,0.0379215039835762,0.044521917732132266,0.18835901513691844,0.06782971512117326,0.06782971512117326,2.220446049250313e-16,0.9999999999999998,1.0,0.06790610540340303,0.06790610540340303,0.5363169877306903,0.0005363169877306902
BASELINE_MLP,12,2024-12-02,2024-12-03,2025-01-02,EEM,0.0347981344235887,0.024336105438940037,0.20526551957955527,0.07391789401298433,0.07391789401298433,2.220446049250313e-16,0.9999999999999998,1.0,0.06790610540340303,0.06790610540340303,0.5363169877306903,0.0005363169877306902
BASELINE_MLP,12,2024-12-02,2024-12-03,2025-01-02,EFA,0.02,0.058840634766185985,0.3571428571428571,0.12861024060862053,0.12861024060862053,2.220446049250313e-16,0.9999999999999998,1.0,0.06790610540340303,0.06790610540340303,0.5363169877306903,0.0005363169877306902
BASELINE_MLP,12,2024-12-02,2024-12-03,2025-01-02,GLD,0.02,0.03972226089427969,0.3571428571428571,0.12861024060862053,0.12861024060862053,2.220446049250313e-16,0.9999999999999998,1.0,0.06790610540340303,0.06790610540340303,0.5363169877306903,0.0005363169877306902
BASELINE_MLP,12,2024-12-02,2024-12-03,2025-01-02,HYG,0.02,0.06730715789001547,0.3571428571428571,0.12861024060862053,0.12861024060862053,2.220446049250313e-16,0.9999999999999998,1.0,0.06790610540340303,0.06790610540340303,0.5363169877306903,0.0005363169877306902
BASELINE_MLP,12,2024-12-02,2024-12-03,2025-01-02,IWM,0.1191707035823127,0.03856706985060867,0.059938029466474384,0.021584204295611607,0.021584204295611607,2.220446049250313e-16,0.9999999999999998,1.0,0.06790610540340303,0.06790610540340303,0.5363169877306903,0.0005363169877306902
BASELINE_MLP,12,2024-12-02,2024-12-03,2025-01-02,LQD,0.02,0.06184795384353408,0.3571428571428571,0.12861024060862053,0.12861024060862053,2.220446049250313e-16,0.9999999999999998,1.0,0.06790610540340303,0.06790610540340303,0.5363169877306903,0.0005363169877306902
BASELINE_MLP,12,2024-12-02,2024-12-03,2025-01-02,QQQ,0.0767560741401361,0.031248998714843327,0.093059177698643,0.03351141705705599,0.03351141705705599,2.220446049250313e-16,0.9999999999999998,1.0,0.06790610540340303,0.06790610540340303,0.5363169877306903,0.0005363169877306902
BASELINE_MLP,12,2024-12-02,2024-12-03,2025-01-02,SPY,0.02,0.0385783280104978,0.3571428571428571,0.12861024060862053,0.12861024060862053,2.220446049250313e-16,0.9999999999999998,1.0,0.06790610540340303,0.06790610540340303,0.5363169877306903,0.0005363169877306902
BASELINE_MLP,12,2024-12-02,2024-12-03,2025-01-02,TLT,0.0953721192680696,0.03747818456766934,0.07489460439460485,0.026970196656137226,0.026970196656137226,2.220446049250313e-16,0.9999999999999998,1.0,0.06790610540340303,0.06790610540340303,0.5363169877306903,0.0005363169877306902
BASELINE_MLP,12,2024-12-02,2024-12-03,2025-01-02,XLE,0.1802702943437271,0.028300527121638653,0.03962304032875006,0.014268600500911739,0.014268600500911739,2.220446049250313e-16,0.9999999999999998,1.0,0.06790610540340303,0.06790610540340303,0.5363169877306903,0.0005363169877306902
BASELINE_MLP,12,2024-12-02,2024-12-03,2025-01-02,XLF,0.0371023584280203,0.029902568430619992,0.19251760387993938,0.0693272589979035,0.0693272589979035,2.220446049250313e-16,0.9999999999999998,1.0,0.06790610540340303,0.06790610540340303,0.5363169877306903,0.0005363169877306902
BASELINE_MLP,12,2024-12-02,2024-12-03,2025-01-02,XLK,0.1064418229243416,0.02505577446659574,0.06710573857734714,0.024165358517025056,0.024165358517025056,2.220446049250313e-16,0.9999999999999998,1.0,0.06790610540340303,0.06790610540340303,0.5363169877306903,0.0005363169877306902
BASELINE_MLP,12,2024-12-02,2024-12-03,2025-01-02,XLV,0.1013710658247725,0.027946380980786948,0.07046248438587109,0.02537415179809454,0.02537415179809454,2.220446049250313e-16,0.9999999999999998,1.0,0.06790610540340303,0.06790610540340303,0.5363169877306903,0.0005363169877306902
BASELINE_MLP,13,2025-01-02,2025-01-03,2025-02-04,DBC,0.2723484813451742,0.07167094900880648,0.026226902781235975,0.026226902781235975,0.026226902781235975,0.6365840686190091,0.36341593138099093,1.0,0.02563179913206799,0.02563179913206799,0.6407219935579955,0.0006407219935579956
BASELINE_MLP,13,2025-01-02,2025-01-03,2025-02-04,EEM,0.2450663900256747,0.07380761924704299,0.02914662080797294,0.02914662080797294,0.02914662080797294,0.6365840686190091,0.36341593138099093,1.0,0.02563179913206799,0.02563179913206799,0.6407219935579955,0.0006407219935579956
BASELINE_MLP,13,2025-01-02,2025-01-03,2025-02-04,EFA,0.2046513020780492,0.12667077517028127,0.034902573647603886,0.034902573647603886,0.034902573647603886,0.6365840686190091,0.36341593138099093,1.0,0.02563179913206799,0.02563179913206799,0.6407219935579955,0.0006407219935579956
BASELINE_MLP,13,2025-01-02,2025-01-03,2025-02-04,GLD,0.2812209100792724,0.13240483971625666,0.02539945248325833,0.02539945248325833,0.02539945248325833,0.6365840686190091,0.36341593138099093,1.0,0.02563179913206799,0.02563179913206799,0.6407219935579955,0.0006407219935579956
BASELINE_MLP,13,2025-01-02,2025-01-03,2025-02-04,HYG,0.1542192446560697,0.1306741726678727,0.04631625034078402,0.04631625034078402,0.04631625034078402,0.6365840686190091,0.36341593138099093,1.0,0.02563179913206799,0.02563179913206799,0.6407219935579955,0.0006407219935579956
BASELINE_MLP,13,2025-01-02,2025-01-03,2025-02-04,IWM,0.321207858545835,0.020222495247881778,0.022237491869576683,0.022237491869576683,0.022237491869576683,0.6365840686190091,0.36341593138099093,1.0,0.02563179913206799,0.02563179913206799,0.6407219935579955,0.0006407219935579956
BASELINE_MLP,13,2025-01-02,2025-01-03,2025-02-04,LQD,0.1981578204397636,0.12763387702982024,0.03604630454152801,0.03604630454152801,0.03604630454152801,0.6365840686190091,0.36341593138099093,1.0,0.02563179913206799,0.02563179913206799,0.6407219935579955,0.0006407219935579956
BASELINE_MLP,13,2025-01-02,2025-01-03,2025-02-04,QQQ,0.3357519109931432,0.03394041459913705,0.021274211431079586,0.021274211431079586,0.021274211431079586,0.6365840686190091,0.36341593138099093,1.0,0.02563179913206799,0.02563179913206799,0.6407219935579955,0.0006407219935579956
BASELINE_MLP,13,2025-01-02,2025-01-03,2025-02-04,SPY,0.341971374117975,0.12763296900724688,0.020887295497408986,0.020887295497408986,0.020887295497408986,0.6365840686190091,0.36341593138099093,1.0,0.02563179913206799,0.02563179913206799,0.6407219935579955,0.0006407219935579956
BASELINE_MLP,13,2025-01-02,2025-01-03,2025-02-04,TLT,0.2894443573549375,0.025793362114862158,0.024677824809339978,0.024677824809339978,0.024677824809339978,0.6365840686190091,0.36341593138099093,1.0,0.02563179913206799,0.02563179913206799,0.6407219935579955,0.0006407219935579956
BASELINE_MLP,13,2025-01-02,2025-01-03,2025-02-04,XLE,0.5281056284057835,0.013471466866144855,0.013525432713943252,0.013525432713943252,0.013525432713943252,0.6365840686190091,0.36341593138099093,1.0,0.02563179913206799,0.02563179913206799,0.6407219935579955,0.0006407219935579956
BASELINE_MLP,13,2025-01-02,2025-01-03,2025-02-04,XLF,0.3993550777702442,0.06743409327302075,0.017885980523243902,0.017885980523243902,0.017885980523243902,0.6365840686190091,0.36341593138099093,1.0,0.02563179913206799,0.02563179913206799,0.6407219935579955,0.0006407219935579956
BASELINE_MLP,13,2025-01-02,2025-01-03,2025-02-04,XLK,0.347136683234598,0.024301126029194396,0.02057649763862593,0.02057649763862593,0.02057649763862593,0.6365840686190091,0.36341593138099093,1.0,0.02563179913206799,0.02563179913206799,0.6407219935579955,0.0006407219935579956
BASELINE_MLP,13,2025-01-02,2025-01-03,2025-02-04,XLV,0.2937864528327252,0.024341840022431654,0.024313092295389506,0.024313092295389506,0.024313092295389506,0.6365840686190091,0.36341593138099093,1.0,0.02563179913206799,0.02563179913206799,0.6407219935579955,0.0006407219935579956
BASELINE_MLP,14,2025-02-04,2025-02-05,2025-03-06,DBC,0.0731388991531504,0.02666032134428448,0.0976615347723547,0.0976615347723547,0.0976615347723547,0.013972101866872033,0.986027898133128,1.0,0.07169213594723903,0.07169213594723903,0.6153511596047231,0.0006153511596047231
BASELINE_MLP,14,2025-02-04,2025-02-05,2025-03-06,EEM,0.1684163153282583,0.029787070764702314,0.0424119072367489,0.0424119072367489,0.0424119072367489,0.013972101866872033,0.986027898133128,1.0,0.07169213594723903,0.07169213594723903,0.6153511596047231,0.0006153511596047231
BASELINE_MLP,14,2025-02-04,2025-02-05,2025-03-06,EFA,0.1410175155775004,0.036276642579144744,0.0506522690717209,0.0506522690717209,0.0506522690717209,0.013972101866872033,0.986027898133128,1.0,0.07169213594723903,0.07169213594723903,0.6153511596047231,0.0006153511596047231
BASELINE_MLP,14,2025-02-04,2025-02-05,2025-03-06,GLD,0.1589644507530749,0.026857261841889555,0.04493367610820356,0.04493367610820356,0.04493367610820356,0.013972101866872033,0.986027898133128,1.0,0.07169213594723903,0.07169213594723903,0.6153511596047231,0.0006153511596047231
BASELINE_MLP,14,2025-02-04,2025-02-05,2025-03-06,HYG,0.0393769193090703,0.04638657654547586,0.18139705360880826,0.18139705360880826,0.18139705360880826,0.013972101866872033,0.986027898133128,1.0,0.07169213594723903,0.07169213594723903,0.6153511596047231,0.0006153511596047231
BASELINE_MLP,14,2025-02-04,2025-02-05,2025-03-06,IWM,0.1177207683092921,0.022559444939903868,0.060676270172570164,0.060676270172570164,0.060676270172570164,0.013972101866872033,0.986027898133128,1.0,0.07169213594723903,0.07169213594723903,0.6153511596047231,0.0006153511596047231
BASELINE_MLP,14,2025-02-04,2025-02-05,2025-03-06,LQD,0.1008963775510014,0.035965463882353166,0.07079398999479986,0.07079398999479986,0.07079398999479986,0.013972101866872033,0.986027898133128,1.0,0.07169213594723903,0.07169213594723903,0.6153511596047231,0.0006153511596047231
BASELINE_MLP,14,2025-02-04,2025-02-05,2025-03-06,QQQ,0.142050378611274,0.02161852731608233,0.050283971170564976,0.050283971170564976,0.050283971170564976,0.013972101866872033,0.986027898133128,1.0,0.07169213594723903,0.07169213594723903,0.6153511596047231,0.0006153511596047231
BASELINE_MLP,14,2025-02-04,2025-02-05,2025-03-06,SPY,0.113879702431635,0.02125442891421092,0.06272282935710329,0.06272282935710329,0.06272282935710329,0.013972101866872033,0.986027898133128,1.0,0.07169213594723903,0.07169213594723903,0.6153511596047231,0.0006153511596047231
BASELINE_MLP,14,2025-02-04,2025-02-05,2025-03-06,TLT,0.0644605436279366,0.024723842233946094,0.11080975649360633,0.11080975649360633,0.11080975649360633,0.013972101866872033,0.986027898133128,1.0,0.07169213594723903,0.07169213594723903,0.6153511596047231,0.0006153511596047231
BASELINE_MLP,14,2025-02-04,2025-02-05,2025-03-06,XLE,0.1867427610478064,0.013892677758298598,0.038249713685172305,0.038249713685172305,0.038249713685172305,0.013972101866872033,0.986027898133128,1.0,0.07169213594723903,0.07169213594723903,0.6153511596047231,0.0006153511596047231
BASELINE_MLP,14,2025-02-04,2025-02-05,2025-03-06,XLF,0.1409976948405702,0.018756608893180003,0.050659389509408355,0.050659389509408355,0.050659389509408355,0.013972101866872033,0.986027898133128,1.0,0.07169213594723903,0.07169213594723903,0.6153511596047231,0.0006153511596047231
BASELINE_MLP,14,2025-02-04,2025-02-05,2025-03-06,XLK,0.1661191735404029,0.020254989729389064,0.04299839079755525,0.04299839079755525,0.04299839079755525,0.013972101866872033,0.986027898133128,1.0,0.07169213594723903,0.07169213594723903,0.6153511596047231,0.0006153511596047231
BASELINE_MLP,14,2025-02-04,2025-02-05,2025-03-06,XLV,0.0873453951225114,0.025682881785543864,0.08177714615451119,0.08177714615451119,0.08177714615451119,0.013972101866872033,0.986027898133128,1.0,0.07169213594723903,0.07169213594723903,0.6153511596047231,0.0006153511596047231
BASELINE_MLP,15,2025-03-06,2025-03-07,2025-04-04,DBC,0.02,0.09673157464133547,0.3571428571428571,0.22285233420104586,0.22285233420104586,1.1102230246251565e-16,0.9999999999999999,1.0,0.06897171938361601,0.06897171938361601,0.5590552223552973,0.0005590552223552973
BASELINE_MLP,15,2025-03-06,2025-03-07,2025-04-04,EEM,0.1559548751331585,0.04388002683780383,0.045800794215367605,0.028579078917638008,0.028579078917638008,1.1102230246251565e-16,0.9999999999999999,1.0,0.06897171938361601,0.06897171938361601,0.5590552223552973,0.0005590552223552973
BASELINE_MLP,15,2025-03-06,2025-03-07,2025-04-04,EFA,0.0793523475298194,0.05398849799271252,0.09001444021770075,0.05616779872008232,0.05616779872008232,1.1102230246251565e-16,0.9999999999999999,1.0,0.06897171938361601,0.06897171938361601,0.5590552223552973,0.0005590552223552973
BASELINE_MLP,15,2025-03-06,2025-03-07,2025-04-04,GLD,0.1559691390013937,0.04640034265128071,0.04579660558870763,0.028576465270998844,0.028576465270998844,1.1102230246251565e-16,0.9999999999999999,1.0,0.06897171938361601,0.06897171938361601,0.5590552223552973,0.0005590552223552973
BASELINE_MLP,15,2025-03-06,2025-03-07,2025-04-04,HYG,0.0411334112734264,0.18372223853284084,0.17365097913655594,0.10835587290326013,0.10835587290326013,1.1102230246251565e-16,0.9999999999999999,1.0,0.06897171938361601,0.06897171938361601,0.5590552223552973,0.0005590552223552973
BASELINE_MLP,15,2025-03-06,2025-03-07,2025-04-04,IWM,0.1095144491204857,0.055464159929266614,0.06522296555588485,0.04069825232940139,0.04069825232940139,1.1102230246251565e-16,0.9999999999999999,1.0,0.06897171938361601,0.06897171938361601,0.5590552223552973,0.0005590552223552973
BASELINE_MLP,15,2025-03-06,2025-03-07,2025-04-04,LQD,0.02,0.07250465467910266,0.3571428571428571,0.22285233420104586,0.22285233420104586,1.1102230246251565e-16,0.9999999999999999,1.0,0.06897171938361601,0.06897171938361601,0.5590552223552973,0.0005590552223552973
BASELINE_MLP,15,2025-03-06,2025-03-07,2025-04-04,QQQ,0.0806886125980079,0.047298300646372735,0.08852373231949077,0.055237617062843844,0.055237617062843844,1.1102230246251565e-16,0.9999999999999999,1.0,0.06897171938361601,0.06897171938361601,0.5590552223552973,0.0005590552223552973
BASELINE_MLP,15,2025-03-06,2025-03-07,2025-04-04,SPY,0.1258276829541007,0.06032001749812126,0.05676697667128391,0.035421829118849425,0.035421829118849425,1.1102230246251565e-16,0.9999999999999999,1.0,0.06897171938361601,0.06897171938361601,0.5590552223552973,0.0005590552223552973
BASELINE_MLP,15,2025-03-06,2025-03-07,2025-04-04,TLT,0.1165315930773546,0.11482867575032207,0.0612954560581323,0.038247539283722785,0.038247539283722785,1.1102230246251565e-16,0.9999999999999999,1.0,0.06897171938361601,0.06897171938361601,0.5590552223552973,0.0005590552223552973
BASELINE_MLP,15,2025-03-06,2025-03-07,2025-04-04,XLE,0.1363912006894075,0.03690013724975382,0.05237036631947384,0.03267840345632403,0.03267840345632403,1.1102230246251565e-16,0.9999999999999999,1.0,0.06897171938361601,0.06897171938361601,0.5590552223552973,0.0005590552223552973
BASELINE_MLP,15,2025-03-06,2025-03-07,2025-04-04,XLF,0.1560756088407509,0.049429835210354225,0.045765364594189964,0.02855697131105598,0.02855697131105598,1.1102230246251565e-16,0.9999999999999999,1.0,0.06897171938361601,0.06897171938361601,0.5590552223552973,0.0005590552223552973
BASELINE_MLP,15,2025-03-06,2025-03-07,2025-04-04,XLK,0.1948840453497183,0.04052310275034437,0.03665183124682848,0.02287024920907596,0.02287024920907596,1.1102230246251565e-16,0.9999999999999999,1.0,0.06897171938361601,0.06897171938361601,0.5590552223552973,0.0005590552223552973
BASELINE_MLP,15,2025-03-06,2025-03-07,2025-04-04,XLV,0.0564860571032835,0.0838895455346971,0.1264534561121267,0.07890525401465545,0.07890525401465545,1.1102230246251565e-16,0.9999999999999999,1.0,0.06897171938361601,0.06897171938361601,0.5590552223552973,0.0005590552223552973
BASELINE_MLP,16,2025-04-04,2025-04-07,2025-05-06,DBC,0.266158056165195,0.2252854654355142,0.02683690002012872,0.02683690002012872,0.02683690002012872,0.6668235283466266,0.33317647165337344,1.0,0.040681476094900505,0.040681476094900505,0.6986459573254544,0.0006986459573254544
BASELINE_MLP,16,2025-04-04,2025-04-07,2025-05-06,EEM,0.7193509501730109,0.027550455805788448,0.009929586026318887,0.009929586026318887,0.009929586026318887,0.6668235283466266,0.33317647165337344,1.0,0.040681476094900505,0.040681476094900505,0.6986459573254544,0.0006986459573254544
BASELINE_MLP,16,2025-04-04,2025-04-07,2025-05-06,EFA,0.2606521553852789,0.05294888543887021,0.027403790819604156,0.027403790819604156,0.027403790819604156,0.6668235283466266,0.33317647165337344,1.0,0.040681476094900505,0.040681476094900505,0.6986459573254544,0.0006986459573254544
BASELINE_MLP,16,2025-04-04,2025-04-07,2025-05-06,GLD,0.2551859438975622,0.03128838266097158,0.027990793825715017,0.027990793825715017,0.027990793825715017,0.6668235283466266,0.33317647165337344,1.0,0.040681476094900505,0.040681476094900505,0.6986459573254544,0.0006986459573254544
BASELINE_MLP,16,2025-04-04,2025-04-07,2025-05-06,HYG,0.2827832426149719,0.11063780309847486,0.025259124539365355,0.025259124539365355,0.025259124539365355,0.6668235283466266,0.33317647165337344,1.0,0.040681476094900505,0.040681476094900505,0.6986459573254544,0.0006986459573254544
BASELINE_MLP,16,2025-04-04,2025-04-07,2025-05-06,IWM,0.6509163013577368,0.0378031162958542,0.010973541648838661,0.010973541648838661,0.010973541648838661,0.6668235283466266,0.33317647165337344,1.0,0.040681476094900505,0.040681476094900505,0.6986459573254544,0.0006986459573254544
BASELINE_MLP,16,2025-04-04,2025-04-07,2025-05-06,LQD,0.1368497055123879,0.23552485390989075,0.052194903278111604,0.052194903278111604,0.052194903278111604,0.6668235283466266,0.33317647165337344,1.0,0.040681476094900505,0.040681476094900505,0.6986459573254544,0.0006986459573254544
BASELINE_MLP,16,2025-04-04,2025-04-07,2025-05-06,QQQ,0.6891617788478315,0.05028941263519056,0.010364557876089503,0.010364557876089503,0.010364557876089503,0.6668235283466266,0.33317647165337344,1.0,0.040681476094900505,0.040681476094900505,0.6986459573254544,0.0006986459573254544
BASELINE_MLP,16,2025-04-04,2025-04-07,2025-05-06,SPY,0.1669536753945033,0.032912709761363346,0.04278346748568981,0.04278346748568981,0.04278346748568981,0.6668235283466266,0.33317647165337344,1.0,0.040681476094900505,0.040681476094900505,0.6986459573254544,0.0006986459573254544
BASELINE_MLP,16,2025-04-04,2025-04-07,2025-05-06,TLT,0.4504308319815246,0.04139672060067977,0.015857833513381967,0.015857833513381967,0.015857833513381967,0.6668235283466266,0.33317647165337344,1.0,0.040681476094900505,0.040681476094900505,0.6986459573254544,0.0006986459573254544
BASELINE_MLP,16,2025-04-04,2025-04-07,2025-05-06,XLE,0.420409390367262,0.03168363004462612,0.016990241670428133,0.016990241670428133,0.016990241670428133,0.6668235283466266,0.33317647165337344,1.0,0.040681476094900505,0.040681476094900505,0.6986459573254544,0.0006986459573254544
BASELINE_MLP,16,2025-04-04,2025-04-07,2025-05-06,XLF,0.2165983845127905,0.026936968984989318,0.03297742575007684,0.03297742575007684,0.03297742575007684,0.6668235283466266,0.33317647165337344,1.0,0.040681476094900505,0.040681476094900505,0.6986459573254544,0.0006986459573254544
BASELINE_MLP,16,2025-04-04,2025-04-07,2025-05-06,XLK,0.6247351814563629,0.020365303950692516,0.011433415877437765,0.011433415877437765,0.011433415877437765,0.6668235283466266,0.33317647165337344,1.0,0.040681476094900505,0.040681476094900505,0.6986459573254544,0.0006986459573254544
BASELINE_MLP,16,2025-04-04,2025-04-07,2025-05-06,XLV,0.3220275363671873,0.07537629137709409,0.02218088932218704,0.02218088932218704,0.02218088932218704,0.6668235283466266,0.33317647165337344,1.0,0.040681476094900505,0.040681476094900505,0.6986459573254544,0.0006986459573254544
BASELINE_MLP,17,2025-05-06,2025-05-07,2025-06-05,DBC,0.02,0.026291709772414847,0.3571428571428571,0.07586125760173194,0.04066141635502453,0.4640028699696088,0.5359971300303912,0.5359971300303913,0.1865681631435787,0.10000000000000002,0.22864069855277055,0.00022864069855277057
BASELINE_MLP,17,2025-05-06,2025-05-07,2025-06-05,EEM,0.02,0.010825787483784115,0.3571428571428571,0.07586125760173194,0.04066141635502453,0.4640028699696088,0.5359971300303912,0.5359971300303913,0.1865681631435787,0.10000000000000002,0.22864069855277055,0.00022864069855277057
BASELINE_MLP,17,2025-05-06,2025-05-07,2025-06-05,EFA,0.02,0.030826555882059552,0.3571428571428571,0.07586125760173194,0.04066141635502453,0.4640028699696088,0.5359971300303912,0.5359971300303913,0.1865681631435787,0.10000000000000002,0.22864069855277055,0.00022864069855277057
BASELINE_MLP,17,2025-05-06,2025-05-07,2025-06-05,GLD,0.02,0.030927870803063993,0.3571428571428571,0.07586125760173194,0.04066141635502453,0.4640028699696088,0.5359971300303912,0.5359971300303913,0.1865681631435787,0.10000000000000002,0.22864069855277055,0.00022864069855277057
BASELINE_MLP,17,2025-05-06,2025-05-07,2025-06-05,HYG,0.02,0.025420498351412007,0.3571428571428571,0.07586125760173194,0.04066141635502453,0.4640028699696088,0.5359971300303912,0.5359971300303913,0.1865681631435787,0.10000000000000002,0.22864069855277055,0.00022864069855277057
BASELINE_MLP,17,2025-05-06,2025-05-07,2025-06-05,IWM,0.02,0.01167502892007717,0.3571428571428571,0.07586125760173194,0.04066141635502453,0.4640028699696088,0.5359971300303912,0.5359971300303913,0.1865681631435787,0.10000000000000002,0.22864069855277055,0.00022864069855277057
BASELINE_MLP,17,2025-05-06,2025-05-07,2025-06-05,LQD,0.02,0.05048572020552709,0.3571428571428571,0.07586125760173194,0.04066141635502453,0.4640028699696088,0.5359971300303912,0.5359971300303913,0.1865681631435787,0.10000000000000002,0.22864069855277055,0.00022864069855277057
BASELINE_MLP,17,2025-05-06,2025-05-07,2025-06-05,QQQ,0.1099147705579099,0.01156514085482512,0.06498541648771258,0.01380365117748457,0.007398717415072361,0.4640028699696088,0.5359971300303912,0.5359971300303913,0.1865681631435787,0.10000000000000002,0.22864069855277055,0.00022864069855277057
BASELINE_MLP,17,2025-05-06,2025-05-07,2025-06-05,SPY,0.02,0.04635395204448587,0.3571428571428571,0.07586125760173194,0.04066141635502453,0.4640028699696088,0.5359971300303912,0.5359971300303913,0.1865681631435787,0.10000000000000002,0.22864069855277055,0.00022864069855277057
BASELINE_MLP,17,2025-05-06,2025-05-07,2025-06-05,TLT,0.02,0.014699426938845071,0.3571428571428571,0.07586125760173194,0.04066141635502453,0.4640028699696088,0.5359971300303912,0.5359971300303913,0.1865681631435787,0.10000000000000002,0.22864069855277055,0.00022864069855277057
BASELINE_MLP,17,2025-05-06,2025-05-07,2025-06-05,XLE,0.02,0.017017042424427777,0.3571428571428571,0.07586125760173194,0.04066141635502453,0.4640028699696088,0.5359971300303912,0.5359971300303913,0.1865681631435787,0.10000000000000002,0.22864069855277055,0.00022864069855277057
BASELINE_MLP,17,2025-05-06,2025-05-07,2025-06-05,XLF,0.02,0.035932945726875734,0.3571428571428571,0.07586125760173194,0.04066141635502453,0.4640028699696088,0.5359971300303912,0.5359971300303913,0.1865681631435787,0.10000000000000002,0.22864069855277055,0.00022864069855277057
BASELINE_MLP,17,2025-05-06,2025-05-07,2025-06-05,XLK,0.02,0.013123590765764968,0.3571428571428571,0.07586125760173194,0.04066141635502453,0.4640028699696088,0.5359971300303912,0.5359971300303913,0.1865681631435787,0.10000000000000002,0.22864069855277055,0.00022864069855277057
BASELINE_MLP,17,2025-05-06,2025-05-07,2025-06-05,XLV,0.02,0.021577687263490696,0.3571428571428571,0.07586125760173194,0.04066141635502453,0.4640028699696088,0.5359971300303912,0.5359971300303913,0.1865681631435787,0.10000000000000002,0.22864069855277055,0.00022864069855277057
BASELINE_MLP,18,2025-06-05,2025-06-06,2025-07-08,DBC,0.0281986546485327,0.04106144593406069,0.2533048910270908,0.14666438503396467,0.10215653678971179,0.3034673225810459,0.6965326774189541,0.6965326774189541,0.1435682822097541,0.1,0.4875287880607583,0.0004875287880607583
BASELINE_MLP,18,2025-06-05,2025-06-06,2025-07-08,EEM,0.0934645506230744,0.041476057722293826,0.07642316894736906,0.04424927221327882,0.030821064048555225,0.3034673225810459,0.6965326774189541,0.6965326774189541,0.1435682822097541,0.1,0.4875287880607583,0.0004875287880607583
BASELINE_MLP,18,2025-06-05,2025-06-06,2025-07-08,EFA,0.2236680574863693,0.04157323536502335,0.03193507925597485,0.018490518446355426,0.012879250320304503,0.3034673225810459,0.6965326774189541,0.6965326774189541,0.1435682822097541,0.1,0.4875287880607583,0.0004875287880607583
BASELINE_MLP,18,2025-06-05,2025-06-06,2025-07-08,GLD,0.02,0.03926758634417281,0.3571428571428571,0.20678691714060984,0.14403384505116038,0.3034673225810459,0.6965326774189541,0.6965326774189541,0.1435682822097541,0.1,0.4875287880607583,0.0004875287880607583
BASELINE_MLP,18,2025-06-05,2025-06-06,2025-07-08,HYG,0.02,0.04067955037434374,0.3571428571428571,0.20678691714060984,0.14403384505116038,0.3034673225810459,0.6965326774189541,0.6965326774189541,0.1435682822097541,0.1,0.4875287880607583,0.0004875287880607583
BASELINE_MLP,18,2025-06-05,2025-06-06,2025-07-08,IWM,0.2572041730659238,0.0424417903408981,0.02777115572314747,0.016079592696780116,0.011199961752894515,0.3034673225810459,0.6965326774189541,0.6965326774189541,0.1435682822097541,0.1,0.4875287880607583,0.0004875287880607583
BASELINE_MLP,18,2025-06-05,2025-06-06,2025-07-08,LQD,0.0598539178444243,0.04042145613174918,0.11933817200443357,0.06909720352077943,0.048128460170490876,0.3034673225810459,0.6965326774189541,0.6965326774189541,0.1435682822097541,0.1,0.4875287880607583,0.0004875287880607583
BASELINE_MLP,18,2025-06-05,2025-06-06,2025-07-08,QQQ,0.1147563186144808,0.00794380200090726,0.06224369367279271,0.03603930827291561,0.025102555883660973,0.3034673225810459,0.6965326774189541,0.6965326774189541,0.1435682822097541,0.1,0.4875287880607583,0.0004875287880607583
BASELINE_MLP,18,2025-06-05,2025-06-06,2025-07-08,SPY,0.0417759331762609,0.04250293168571849,0.17098019361339026,0.09899810796236917,0.06895541719843967,0.3034673225810459,0.6965326774189541,0.6965326774189541,0.1435682822097541,0.1,0.4875287880607583,0.0004875287880607583
BASELINE_MLP,18,2025-06-05,2025-06-06,2025-07-08,TLT,0.0836954039437385,0.03970139580695497,0.08534348131778771,0.04941416311930715,0.03441857933990795,0.3034673225810459,0.6965326774189541,0.6965326774189541,0.1435682822097541,0.1,0.4875287880607583,0.0004875287880607583
BASELINE_MLP,18,2025-06-05,2025-06-06,2025-07-08,XLE,0.1749069273609539,0.04071974853423853,0.04083804598611747,0.023645366168243927,0.016469770205718496,0.3034673225810459,0.6965326774189541,0.6965326774189541,0.1435682822097541,0.1,0.4875287880607583,0.0004875287880607583
BASELINE_MLP,18,2025-06-05,2025-06-06,2025-07-08,XLF,0.2233217083141636,0.041262132910456946,0.03198460730386651,0.018519195352894847,0.0128992247227965,0.3034673225810459,0.6965326774189541,0.6965326774189541,0.1435682822097541,0.1,0.4875287880607583,0.0004875287880607583
BASELINE_MLP,18,2025-06-05,2025-06-06,2025-07-08,XLK,0.200966519878838,0.04425798540869731,0.035542522939460496,0.02057924048894124,0.014334113477010788,0.3034673225810459,0.6965326774189541,0.6965326774189541,0.1435682822097541,0.1,0.4875287880607583,0.0004875287880607583
BASELINE_MLP,18,2025-06-05,2025-06-06,2025-07-08,XLV,0.0926261078497592,0.039684571572853336,0.07711494424922781,0.044649812442949896,0.03110005340714202,0.3034673225810459,0.6965326774189541,0.6965326774189541,0.1435682822097541,0.1,0.4875287880607583,0.0004875287880607583
BASELINE_MLP,19,2025-07-08,2025-07-09,2025-08-06,DBC,0.02,0.10466118334325629,0.3571428571428571,0.07867594367146064,0.0564006652313805,0.28312693055323834,0.7168730694467617,0.7168730694467615,0.1394947087036954,0.1,0.4847772861201831,0.00048477728612018314
BASELINE_MLP,19,2025-07-08,2025-07-09,2025-08-06,EEM,0.02,0.031718186201801876,0.3571428571428571,0.07867594367146064,0.0564006652313805,0.28312693055323834,0.7168730694467617,0.7168730694467615,0.1394947087036954,0.1,0.4847772861201831,0.00048477728612018314
BASELINE_MLP,19,2025-07-08,2025-07-09,2025-08-06,EFA,0.02,0.012880792839325125,0.3571428571428571,0.07867594367146064,0.0564006652313805,0.28312693055323834,0.7168730694467617,0.7168730694467615,0.1394947087036954,0.1,0.4847772861201831,0.00048477728612018314
BASELINE_MLP,19,2025-07-08,2025-07-09,2025-08-06,GLD,0.02,0.13957564757824817,0.3571428571428571,0.07867594367146064,0.0564006652313805,0.28312693055323834,0.7168730694467617,0.7168730694467615,0.1394947087036954,0.1,0.4847772861201831,0.00048477728612018314
BASELINE_MLP,19,2025-07-08,2025-07-09,2025-08-06,HYG,0.02,0.14384109460915223,0.3571428571428571,0.07867594367146064,0.0564006652313805,0.28312693055323834,0.7168730694467617,0.7168730694467615,0.1394947087036954,0.1,0.4847772861201831,0.00048477728612018314
BASELINE_MLP,19,2025-07-08,2025-07-09,2025-08-06,IWM,0.02,0.011743444585509511,0.3571428571428571,0.07867594367146064,0.0564006652313805,0.28312693055323834,0.7168730694467617,0.7168730694467615,0.1394947087036954,0.1,0.4847772861201831,0.00048477728612018314
BASELINE_MLP,19,2025-07-08,2025-07-09,2025-08-06,LQD,0.02,0.04784066302203717,0.3571428571428571,0.07867594367146064,0.0564006652313805,0.28312693055323834,0.7168730694467617,0.7168730694467615,0.1394947087036954,0.1,0.4847772861201831,0.00048477728612018314
BASELINE_MLP,19,2025-07-08,2025-07-09,2025-08-06,QQQ,0.02,0.02606702119715356,0.3571428571428571,0.07867594367146064,0.0564006652313805,0.28312693055323834,0.7168730694467617,0.7168730694467615,0.1394947087036954,0.1,0.4847772861201831,0.00048477728612018314
BASELINE_MLP,19,2025-07-08,2025-07-09,2025-08-06,SPY,0.02,0.07129416012547722,0.3571428571428571,0.07867594367146064,0.0564006652313805,0.28312693055323834,0.7168730694467617,0.7168730694467615,0.1394947087036954,0.1,0.4847772861201831,0.00048477728612018314
BASELINE_MLP,19,2025-07-08,2025-07-09,2025-08-06,TLT,0.02,0.03388130095210908,0.3571428571428571,0.07867594367146064,0.0564006652313805,0.28312693055323834,0.7168730694467617,0.7168730694467615,0.1394947087036954,0.1,0.4847772861201831,0.00048477728612018314
BASELINE_MLP,19,2025-07-08,2025-07-09,2025-08-06,XLE,0.0661817654657401,0.017690443507321865,0.10792787246745088,0.023775716201523307,0.017044170651681113,0.28312693055323834,0.7168730694467617,0.7168730694467615,0.1394947087036954,0.1,0.4847772861201831,0.00048477728612018314
BASELINE_MLP,19,2025-07-08,2025-07-09,2025-08-06,XLF,0.0489994969670369,0.013148875729547933,0.14577409126592278,0.03211295974094909,0.023020916018514456,0.28312693055323834,0.7168730694467617,0.7168730694467615,0.1394947087036954,0.1,0.4847772861201831,0.00048477728612018314
BASELINE_MLP,19,2025-07-08,2025-07-09,2025-08-06,XLK,0.02,0.015358030565989169,0.3571428571428571,0.07867594367146064,0.0564006652313805,0.28312693055323834,0.7168730694467617,0.7168730694467615,0.1394947087036954,0.1,0.4847772861201831,0.00048477728612018314
BASELINE_MLP,19,2025-07-08,2025-07-09,2025-08-06,XLV,0.02,0.03122633424215462,0.3571428571428571,0.07867594367146064,0.0564006652313805,0.28312693055323834,0.7168730694467617,0.7168730694467615,0.1394947087036954,0.1,0.4847772861201831,0.00048477728612018314
BASELINE_MLP,20,2025-08-06,2025-08-07,2025-09-05,DBC,0.02,0.05472482528588486,0.3571428571428571,0.07142857142857144,0.07142857142857144,1.1102230246251565e-16,0.9999999999999999,1.0,0.06939675367516783,0.06939675367516783,0.2817809626948524,0.0002817809626948524
BASELINE_MLP,20,2025-08-06,2025-08-07,2025-09-05,EEM,0.02,0.056944878467508786,0.3571428571428571,0.07142857142857144,0.07142857142857144,1.1102230246251565e-16,0.9999999999999999,1.0,0.06939675367516783,0.06939675367516783,0.2817809626948524,0.0002817809626948524
BASELINE_MLP,20,2025-08-06,2025-08-07,2025-09-05,EFA,0.02,0.05601926828473338,0.3571428571428571,0.07142857142857144,0.07142857142857144,1.1102230246251565e-16,0.9999999999999999,1.0,0.06939675367516783,0.06939675367516783,0.2817809626948524,0.0002817809626948524
BASELINE_MLP,20,2025-08-06,2025-08-07,2025-09-05,GLD,0.02,0.057302582359513854,0.3571428571428571,0.07142857142857144,0.07142857142857144,1.1102230246251565e-16,0.9999999999999999,1.0,0.06939675367516783,0.06939675367516783,0.2817809626948524,0.0002817809626948524
BASELINE_MLP,20,2025-08-06,2025-08-07,2025-09-05,HYG,0.02,0.056627686541997554,0.3571428571428571,0.07142857142857144,0.07142857142857144,1.1102230246251565e-16,0.9999999999999999,1.0,0.06939675367516783,0.06939675367516783,0.2817809626948524,0.0002817809626948524
BASELINE_MLP,20,2025-08-06,2025-08-07,2025-09-05,IWM,0.02,0.05595747567239814,0.3571428571428571,0.07142857142857144,0.07142857142857144,1.1102230246251565e-16,0.9999999999999999,1.0,0.06939675367516783,0.06939675367516783,0.2817809626948524,0.0002817809626948524
BASELINE_MLP,20,2025-08-06,2025-08-07,2025-09-05,LQD,0.02,0.05728475187942861,0.3571428571428571,0.07142857142857144,0.07142857142857144,1.1102230246251565e-16,0.9999999999999999,1.0,0.06939675367516783,0.06939675367516783,0.2817809626948524,0.0002817809626948524
BASELINE_MLP,20,2025-08-06,2025-08-07,2025-09-05,QQQ,0.02,0.05765491119524224,0.3571428571428571,0.07142857142857144,0.07142857142857144,1.1102230246251565e-16,0.9999999999999999,1.0,0.06939675367516783,0.06939675367516783,0.2817809626948524,0.0002817809626948524
BASELINE_MLP,20,2025-08-06,2025-08-07,2025-09-05,SPY,0.02,0.05725819133501299,0.3571428571428571,0.07142857142857144,0.07142857142857144,1.1102230246251565e-16,0.9999999999999999,1.0,0.06939675367516783,0.06939675367516783,0.2817809626948524,0.0002817809626948524
BASELINE_MLP,20,2025-08-06,2025-08-07,2025-09-05,TLT,0.02,0.057519516332095656,0.3571428571428571,0.07142857142857144,0.07142857142857144,1.1102230246251565e-16,0.9999999999999999,1.0,0.06939675367516783,0.06939675367516783,0.2817809626948524,0.0002817809626948524
BASELINE_MLP,20,2025-08-06,2025-08-07,2025-09-05,XLE,0.02,0.016236782055256548,0.3571428571428571,0.07142857142857144,0.07142857142857144,1.1102230246251565e-16,0.9999999999999999,1.0,0.06939675367516783,0.06939675367516783,0.2817809626948524,0.0002817809626948524
BASELINE_MLP,20,2025-08-06,2025-08-07,2025-09-05,XLF,0.02,0.022797381425232216,0.3571428571428571,0.07142857142857144,0.07142857142857144,1.1102230246251565e-16,0.9999999999999999,1.0,0.06939675367516783,0.06939675367516783,0.2817809626948524,0.0002817809626948524
BASELINE_MLP,20,2025-08-06,2025-08-07,2025-09-05,XLK,0.02,0.057613110513351315,0.3571428571428571,0.07142857142857144,0.07142857142857144,1.1102230246251565e-16,0.9999999999999999,1.0,0.06939675367516783,0.06939675367516783,0.2817809626948524,0.0002817809626948524
BASELINE_MLP,20,2025-08-06,2025-08-07,2025-09-05,XLV,0.02,0.05427767595749159,0.3571428571428571,0.07142857142857144,0.07142857142857144,1.1102230246251565e-16,0.9999999999999999,1.0,0.06939675367516783,0.06939675367516783,0.2817809626948524,0.0002817809626948524
BASELINE_MLP,21,2025-09-05,2025-09-08,2025-10-06,DBC,0.262937048450409,0.0702643823540354,0.027165654992146588,0.027165654992146588,0.027165654992146588,0.5090113269563735,0.4909886730436265,1.0,0.028052640928169226,0.028052640928169226,0.5166589249771244,0.0005166589249771244
BASELINE_MLP,21,2025-09-05,2025-09-08,2025-10-06,EEM,0.2838884079421546,0.07138784359853018,0.025160791857033415,0.025160791857033415,0.025160791857033415,0.5090113269563735,0.4909886730436265,1.0,0.028052640928169226,0.028052640928169226,0.5166589249771244,0.0005166589249771244
BASELINE_MLP,21,2025-09-05,2025-09-08,2025-10-06,EFA,0.2523624117083919,0.07159570011209683,0.028303966087908562,0.028303966087908562,0.028303966087908562,0.5090113269563735,0.4909886730436265,1.0,0.028052640928169226,0.028052640928169226,0.5166589249771244,0.0005166589249771244
BASELINE_MLP,21,2025-09-05,2025-09-08,2025-10-06,GLD,0.2399322653766473,0.07403057369871982,0.02977030676405375,0.02977030676405375,0.02977030676405375,0.5090113269563735,0.4909886730436265,1.0,0.028052640928169226,0.028052640928169226,0.5166589249771244,0.0005166589249771244
BASELINE_MLP,21,2025-09-05,2025-09-08,2025-10-06,HYG,0.1352745431201749,0.0702695464907309,0.052802670614171564,0.052802670614171564,0.052802670614171564,0.5090113269563735,0.4909886730436265,1.0,0.028052640928169226,0.028052640928169226,0.5166589249771244,0.0005166589249771244
BASELINE_MLP,21,2025-09-05,2025-09-08,2025-10-06,IWM,0.2329205698680806,0.0748530437836626,0.030666493504213254,0.030666493504213254,0.030666493504213254,0.5090113269563735,0.4909886730436265,1.0,0.028052640928169226,0.028052640928169226,0.5166589249771244,0.0005166589249771244
BASELINE_MLP,21,2025-09-05,2025-09-08,2025-10-06,LQD,0.0961003799642406,0.07050324470698574,0.0743270437173613,0.0743270437173613,0.0743270437173613,0.5090113269563735,0.4909886730436265,1.0,0.028052640928169226,0.028052640928169226,0.5166589249771244,0.0005166589249771244
BASELINE_MLP,21,2025-09-05,2025-09-08,2025-10-06,QQQ,0.3145769025407917,0.07050481132179066,0.02270623521677952,0.02270623521677952,0.02270623521677952,0.5090113269563735,0.4909886730436265,1.0,0.028052640928169226,0.028052640928169226,0.5166589249771244,0.0005166589249771244
BASELINE_MLP,21,2025-09-05,2025-09-08,2025-10-06,SPY,0.2886052999555753,0.07102180810804296,0.02474957023989731,0.02474957023989731,0.02474957023989731,0.5090113269563735,0.4909886730436265,1.0,0.028052640928169226,0.028052640928169226,0.5166589249771244,0.0005166589249771244
BASELINE_MLP,21,2025-09-05,2025-09-08,2025-10-06,TLT,0.1576581046043131,0.07028639723559787,0.04530599401016606,0.04530599401016606,0.04530599401016606,0.5090113269563735,0.4909886730436265,1.0,0.028052640928169226,0.028052640928169226,0.5166589249771244,0.0005166589249771244
BASELINE_MLP,21,2025-09-05,2025-09-08,2025-10-06,XLE,0.2534510768645399,0.07159881155467172,0.02818239019230813,0.02818239019230813,0.02818239019230813,0.5090113269563735,0.4909886730436265,1.0,0.028052640928169226,0.028052640928169226,0.5166589249771244,0.0005166589249771244
BASELINE_MLP,21,2025-09-05,2025-09-08,2025-10-06,XLF,0.2634458067096794,0.07093207364264185,0.02711319353330479,0.02711319353330479,0.02711319353330479,0.5090113269563735,0.4909886730436265,1.0,0.028052640928169226,0.028052640928169226,0.5166589249771244,0.0005166589249771244
BASELINE_MLP,21,2025-09-05,2025-09-08,2025-10-06,XLK,0.2464021847618033,0.06938495580480608,0.028988611240448756,0.028988611240448756,0.028988611240448756,0.5090113269563735,0.4909886730436265,1.0,0.028052640928169226,0.028052640928169226,0.5166589249771244,0.0005166589249771244
BASELINE_MLP,21,2025-09-05,2025-09-08,2025-10-06,XLV,0.1561425263589745,0.07336680758768728,0.045745751073833565,0.045745751073833565,0.045745751073833565,0.5090113269563735,0.4909886730436265,1.0,0.028052640928169226,0.028052640928169226,0.5166589249771244,0.0005166589249771244
BASELINE_MLP,22,2025-10-06,2025-10-07,2025-11-05,DBC,0.0216426999604373,0.027438527789332867,0.33003540020026306,0.10393151430449758,0.10393151430449758,1.1102230246251565e-16,0.9999999999999999,1.0,0.05513506777391794,0.05513506777391794,0.5751733756739519,0.0005751733756739519
BASELINE_MLP,22,2025-10-06,2025-10-07,2025-11-05,EEM,0.0647345905735166,0.026704161102604502,0.11034065527525462,0.034747397961397905,0.034747397961397905,1.1102230246251565e-16,0.9999999999999999,1.0,0.05513506777391794,0.05513506777391794,0.5751733756739519,0.0005751733756739519
BASELINE_MLP,22,2025-10-06,2025-10-07,2025-11-05,EFA,0.0320117904237682,0.028881753571063686,0.22313207253642692,0.07026656587305498,0.07026656587305498,1.1102230246251565e-16,0.9999999999999999,1.0,0.05513506777391794,0.05513506777391794,0.5751733756739519,0.0005751733756739519
BASELINE_MLP,22,2025-10-06,2025-10-07,2025-11-05,GLD,0.041397986929378,0.032204976531686934,0.17254117102462843,0.054334974895358636,0.054334974895358636,1.1102230246251565e-16,0.9999999999999999,1.0,0.05513506777391794,0.05513506777391794,0.5751733756739519,0.0005751733756739519
BASELINE_MLP,22,2025-10-06,2025-10-07,2025-11-05,HYG,0.02,0.05213430913049099,0.3571428571428571,0.11246792902630694,0.11246792902630694,1.1102230246251565e-16,0.9999999999999999,1.0,0.05513506777391794,0.05513506777391794,0.5751733756739519,0.0005751733756739519
BASELINE_MLP,22,2025-10-06,2025-10-07,2025-11-05,IWM,0.0249654191457817,0.03137463407672088,0.2861100429016447,0.09009897119657227,0.09009897119657227,1.1102230246251565e-16,0.9999999999999999,1.0,0.05513506777391794,0.05513506777391794,0.5751733756739519,0.0005751733756739519
BASELINE_MLP,22,2025-10-06,2025-10-07,2025-11-05,LQD,0.02,0.07333112906108114,0.3571428571428571,0.11246792902630694,0.11246792902630694,1.1102230246251565e-16,0.9999999999999999,1.0,0.05513506777391794,0.05513506777391794,0.5751733756739519,0.0005751733756739519
BASELINE_MLP,22,2025-10-06,2025-10-07,2025-11-05,QQQ,0.02,0.023569788403444678,0.3571428571428571,0.11246792902630694,0.11246792902630694,1.1102230246251565e-16,0.9999999999999999,1.0,0.05513506777391794,0.05513506777391794,0.5751733756739519,0.0005751733756739519
BASELINE_MLP,22,2025-10-06,2025-10-07,2025-11-05,SPY,0.0644604923788942,0.025310490980971642,0.11080984459243555,0.0348951504637068,0.0348951504637068,1.1102230246251565e-16,0.9999999999999999,1.0,0.05513506777391794,0.05513506777391794,0.5751733756739519,0.0005751733756739519
BASELINE_MLP,22,2025-10-06,2025-10-07,2025-11-05,TLT,0.02,0.04473862121052675,0.3571428571428571,0.11246792902630694,0.11246792902630694,1.1102230246251565e-16,0.9999999999999999,1.0,0.05513506777391794,0.05513506777391794,0.5751733756739519,0.0005751733756739519
BASELINE_MLP,22,2025-10-06,2025-10-07,2025-11-05,XLE,0.1585671669734878,0.028571222529713235,0.045046255660551836,0.0141855254366891,0.0141855254366891,1.1102230246251565e-16,0.9999999999999999,1.0,0.05513506777391794,0.05513506777391794,0.5751733756739519,0.0005751733756739519
BASELINE_MLP,22,2025-10-06,2025-10-07,2025-11-05,XLF,0.1246123704989536,0.027052781297489118,0.05732061041979073,0.01805084496442532,0.01805084496442532,1.1102230246251565e-16,0.9999999999999999,1.0,0.05513506777391794,0.05513506777391794,0.5751733756739519,0.0005751733756739519
BASELINE_MLP,22,2025-10-06,2025-10-07,2025-11-05,XLK,0.1311624487566141,0.03121248345788962,0.054458095366239134,0.017149409772762508,0.017149409772762508,1.1102230246251565e-16,0.9999999999999999,1.0,0.05513506777391794,0.05513506777391794,0.5751733756739519,0.0005751733756739519
BASELINE_MLP,22,2025-10-06,2025-10-07,2025-11-05,XLV,0.02,0.047203159405461846,0.3571428571428571,0.11246792902630694,0.11246792902630694,1.1102230246251565e-16,0.9999999999999999,1.0,0.05513506777391794,0.05513506777391794,0.5751733756739519,0.0005751733756739519
BASELINE_MLP,23,2025-11-05,2025-11-06,2025-12-08,DBC,0.3430314676808926,0.10417901410401137,0.020822746062182946,0.020822746062182946,0.020822746062182946,0.6728813678679757,0.32711863213202425,1.0,0.020719486092659143,0.020719486092659143,0.6979707540351829,0.0006979707540351829
BASELINE_MLP,23,2025-11-05,2025-11-06,2025-12-08,EEM,0.3583563647413498,0.034404685816717254,0.01993227369635985,0.01993227369635985,0.01993227369635985,0.6728813678679757,0.32711863213202425,1.0,0.020719486092659143,0.020719486092659143,0.6979707540351829,0.0006979707540351829
BASELINE_MLP,23,2025-11-05,2025-11-06,2025-12-08,EFA,0.2990073809245223,0.06936189639332775,0.02388856462596887,0.02388856462596887,0.02388856462596887,0.6728813678679757,0.32711863213202425,1.0,0.020719486092659143,0.020719486092659143,0.6979707540351829,0.0006979707540351829
BASELINE_MLP,23,2025-11-05,2025-11-06,2025-12-08,GLD,0.3537586860417648,0.05373436663905003,0.020191326530463922,0.020191326530463922,0.020191326530463922,0.6728813678679757,0.32711863213202425,1.0,0.020719486092659143,0.020719486092659143,0.6979707540351829,0.0006979707540351829
BASELINE_MLP,23,2025-11-05,2025-11-06,2025-12-08,HYG,0.1817229320901066,0.11225417825875295,0.03930630581788866,0.03930630581788866,0.03930630581788866,0.6728813678679757,0.32711863213202425,1.0,0.020719486092659143,0.020719486092659143,0.6979707540351829,0.0006979707540351829
BASELINE_MLP,23,2025-11-05,2025-11-06,2025-12-08,IWM,0.4388560661824546,0.08751834596912098,0.016276081597758972,0.016276081597758972,0.016276081597758972,0.6728813678679757,0.32711863213202425,1.0,0.020719486092659143,0.020719486092659143,0.6979707540351829,0.0006979707540351829
BASELINE_MLP,23,2025-11-05,2025-11-06,2025-12-08,LQD,0.1519852737710211,0.1124338587171725,0.046997034420706255,0.046997034420706255,0.046997034420706255,0.6728813678679757,0.32711863213202425,1.0,0.020719486092659143,0.020719486092659143,0.6979707540351829,0.0006979707540351829
BASELINE_MLP,23,2025-11-05,2025-11-06,2025-12-08,QQQ,0.4971515564936432,0.11375345774081717,0.014367564678334614,0.014367564678334614,0.014367564678334614,0.6728813678679757,0.32711863213202425,1.0,0.020719486092659143,0.020719486092659143,0.6979707540351829,0.0006979707540351829
BASELINE_MLP,23,2025-11-05,2025-11-06,2025-12-08,SPY,0.292838843849834,0.03491919769270093,0.024391768007798707,0.024391768007798707,0.024391768007798707,0.6728813678679757,0.32711863213202425,1.0,0.020719486092659143,0.020719486092659143,0.6979707540351829,0.0006979707540351829
BASELINE_MLP,23,2025-11-05,2025-11-06,2025-12-08,TLT,0.2846135676751614,0.1141094172926705,0.025096685309849723,0.025096685309849723,0.025096685309849723,0.6728813678679757,0.32711863213202425,1.0,0.020719486092659143,0.020719486092659143,0.6979707540351829,0.0006979707540351829
BASELINE_MLP,23,2025-11-05,2025-11-06,2025-12-08,XLE,0.3654967345306894,0.013789832339815263,0.01954287540223532,0.01954287540223532,0.01954287540223532,0.6728813678679757,0.32711863213202425,1.0,0.020719486092659143,0.020719486092659143,0.6979707540351829,0.0006979707540351829
BASELINE_MLP,23,2025-11-05,2025-11-06,2025-12-08,XLF,0.2923918890690287,0.01763740362185656,0.024429053643040138,0.024429053643040138,0.024429053643040138,0.6728813678679757,0.32711863213202425,1.0,0.020719486092659143,0.020719486092659143,0.6979707540351829,0.0006979707540351829
BASELINE_MLP,23,2025-11-05,2025-11-06,2025-12-08,XLK,0.474150471310601,0.01729950024589011,0.015064536629297333,0.015064536629297333,0.015064536629297333,0.6728813678679757,0.32711863213202425,1.0,0.020719486092659143,0.020719486092659143,0.6979707540351829,0.0006979707540351829
BASELINE_MLP,23,2025-11-05,2025-11-06,2025-12-08,XLV,0.424871249245815,0.11460484516809655,0.016811815710138924,0.016811815710138924,0.016811815710138924,0.6728813678679757,0.32711863213202425,1.0,0.020719486092659143,0.020719486092659143,0.6979707540351829,0.0006979707540351829
BASELINE_MLP,24,2025-12-08,2025-12-09,2025-12-31,DBC,0.0590959322161064,0.0208279416080124,0.12086884621324885,0.06943205714767493,0.06943205714767493,1.1102230246251565e-16,0.9999999999999999,1.0,0.05210760609163134,0.05210760609163134,0.6709418976917677,0.0006709418976917677
BASELINE_MLP,24,2025-12-08,2025-12-09,2025-12-31,EEM,0.1414734561198591,0.019673270035861095,0.050489026979065064,0.029002982293353692,0.029002982293353692,1.1102230246251565e-16,0.9999999999999999,1.0,0.05210760609163134,0.05210760609163134,0.6709418976917677,0.0006709418976917677
BASELINE_MLP,24,2025-12-08,2025-12-09,2025-12-31,EFA,0.0761191544925047,0.023985027143064577,0.09383784134859888,0.05390433157304517,0.05390433157304517,1.1102230246251565e-16,0.9999999999999999,1.0,0.05210760609163134,0.05210760609163134,0.6709418976917677,0.0006709418976917677
BASELINE_MLP,24,2025-12-08,2025-12-09,2025-12-31,GLD,0.1030975339812707,0.021088848717542623,0.06928252177355432,0.03979874187455566,0.03979874187455566,1.1102230246251565e-16,0.9999999999999999,1.0,0.05210760609163134,0.05210760609163134,0.6709418976917677,0.0006709418976917677
BASELINE_MLP,24,2025-12-08,2025-12-09,2025-12-31,HYG,0.02,0.03948828504925073,0.3571428571428571,0.20515760714119116,0.20515760714119116,1.1102230246251565e-16,0.9999999999999999,1.0,0.05210760609163134,0.05210760609163134,0.6709418976917677,0.0006709418976917677
BASELINE_MLP,24,2025-12-08,2025-12-09,2025-12-31,IWM,0.1125495637953808,0.016625433183664388,0.06346410329802003,0.036456402001552875,0.036456402001552875,1.1102230246251565e-16,0.9999999999999999,1.0,0.05210760609163134,0.05210760609163134,0.6709418976917677,0.0006709418976917677
BASELINE_MLP,24,2025-12-08,2025-12-09,2025-12-31,LQD,0.02,0.04696800950974418,0.3571428571428571,0.20515760714119116,0.20515760714119116,1.1102230246251565e-16,0.9999999999999999,1.0,0.05210760609163134,0.05210760609163134,0.6709418976917677,0.0006709418976917677
BASELINE_MLP,24,2025-12-08,2025-12-09,2025-12-31,QQQ,0.2311092021207277,0.014387458735329334,0.03090684869884943,0.017754170345326205,0.017754170345326205,1.1102230246251565e-16,0.9999999999999999,1.0,0.05210760609163134,0.05210760609163134,0.6709418976917677,0.0006709418976917677
BASELINE_MLP,24,2025-12-08,2025-12-09,2025-12-31,SPY,0.1627562090017948,0.024482579094286493,0.04388684884383351,0.0252104185025505,0.0252104185025505,1.1102230246251565e-16,0.9999999999999999,1.0,0.05210760609163134,0.05210760609163134,0.6709418976917677,0.0006709418976917677
BASELINE_MLP,24,2025-12-08,2025-12-09,2025-12-31,TLT,0.02,0.024695756802929788,0.3571428571428571,0.20515760714119116,0.20515760714119116,1.1102230246251565e-16,0.9999999999999999,1.0,0.05210760609163134,0.05210760609163134,0.6709418976917677,0.0006709418976917677
BASELINE_MLP,24,2025-12-08,2025-12-09,2025-12-31,XLE,0.1412306078546911,0.01998784009655154,0.050575843659939945,0.02905285338037674,0.02905285338037674,1.1102230246251565e-16,0.9999999999999999,1.0,0.05210760609163134,0.05210760609163134,0.6709418976917677,0.0006709418976917677
BASELINE_MLP,24,2025-12-08,2025-12-09,2025-12-31,XLF,0.1579277533779123,0.024654459713928246,0.04522863771616306,0.025981197446690762,0.025981197446690762,1.1102230246251565e-16,0.9999999999999999,1.0,0.05210760609163134,0.05210760609163134,0.6709418976917677,0.0006709418976917677
BASELINE_MLP,24,2025-12-08,2025-12-09,2025-12-31,XLK,0.2229429486094455,0.01515903036048559,0.032038946230006575,0.018404493922845624,0.018404493922845624,1.1102230246251565e-16,0.9999999999999999,1.0,0.05210760609163134,0.05210760609163134,0.6709418976917677,0.0006709418976917677
BASELINE_MLP,24,2025-12-08,2025-12-09,2025-12-31,XLV,0.1037996690990838,0.017034162257581,0.06881387199836642,0.0395295300884542,0.0395295300884542,1.1102230246251565e-16,0.9999999999999999,1.0,0.05210760609163134,0.05210760609163134,0.6709418976917677,0.0006709418976917677
BASELINE_LSTM,1,2023-12-28,2023-12-29,2024-01-30,DBC,0.2160452008247375,0.0,0.03306186444128258,0.023212592007774903,0.023212592007774903,0.0,1.0,1.0,0.09264952282300186,0.09264952282300186,1.0,0.001
BASELINE_LSTM,1,2023-12-28,2023-12-29,2024-01-30,EEM,0.2228376716375351,0.0,0.03205408264395987,0.02250503276725898,0.02250503276725898,0.0,1.0,1.0,0.09264952282300186,0.09264952282300186,1.0,0.001
BASELINE_LSTM,1,2023-12-28,2023-12-29,2024-01-30,EFA,0.2665413320064544,0.0,0.026798309624580758,0.018814977265368304,0.018814977265368304,0.0,1.0,1.0,0.09264952282300186,0.09264952282300186,1.0,0.001
BASELINE_LSTM,1,2023-12-28,2023-12-29,2024-01-30,GLD,0.0504232123494148,0.0,0.14165811359577216,0.09945754878190793,0.09945754878190793,0.0,1.0,1.0,0.09264952282300186,0.09264952282300186,1.0,0.001
BASELINE_LSTM,1,2023-12-28,2023-12-29,2024-01-30,HYG,0.1016052365303039,0.0,0.07030008872354503,0.049357388194128195,0.049357388194128195,0.0,1.0,1.0,0.09264952282300186,0.09264952282300186,1.0,0.001
BASELINE_LSTM,1,2023-12-28,2023-12-29,2024-01-30,IWM,0.2644957304000854,0.0,0.027005566902923578,0.018960491703955334,0.018960491703955334,0.0,1.0,1.0,0.09264952282300186,0.09264952282300186,1.0,0.001
BASELINE_LSTM,1,2023-12-28,2023-12-29,2024-01-30,LQD,0.0874356031417846,0.0,0.08169277601109888,0.05735614465711647,0.05735614465711647,0.0,1.0,1.0,0.09264952282300186,0.09264952282300186,1.0,0.001
BASELINE_LSTM,1,2023-12-28,2023-12-29,2024-01-30,QQQ,0.1363292187452316,0.0,0.05239417645461259,0.03678572464611761,0.03678572464611761,0.0,1.0,1.0,0.09264952282300186,0.09264952282300186,1.0,0.001
BASELINE_LSTM,1,2023-12-28,2023-12-29,2024-01-30,SPY,0.068049632012844,0.0,0.10496540439056257,0.07369575637140663,0.07369575637140663,0.0,1.0,1.0,0.09264952282300186,0.09264952282300186,1.0,0.001
BASELINE_LSTM,1,2023-12-28,2023-12-29,2024-01-30,TLT,0.213375523686409,0.0,0.033475522494111204,0.023503019537295947,0.023503019537295947,0.0,1.0,1.0,0.09264952282300186,0.09264952282300186,1.0,0.001
BASELINE_LSTM,1,2023-12-28,2023-12-29,2024-01-30,XLE,0.3048973679542541,0.0,0.0234270869269322,0.016448056392322993,0.016448056392322993,0.0,1.0,1.0,0.09264952282300186,0.09264952282300186,1.0,0.001
BASELINE_LSTM,1,2023-12-28,2023-12-29,2024-01-30,XLF,0.0858634114265441,0.0,0.08318860180587906,0.0584063574771044,0.0584063574771044,0.0,1.0,1.0,0.09264952282300186,0.09264952282300186,1.0,0.001
BASELINE_LSTM,1,2023-12-28,2023-12-29,2024-01-30,XLK,0.02,0.0,0.3571428571428571,0.2507484550991212,0.2507484550991212,0.0,1.0,1.0,0.09264952282300186,0.09264952282300186,1.0,0.001
BASELINE_LSTM,1,2023-12-28,2023-12-29,2024-01-30,XLV,0.02,0.0,0.3571428571428571,0.2507484550991212,0.2507484550991212,0.0,1.0,1.0,0.09264952282300186,0.09264952282300186,1.0,0.001
BASELINE_LSTM,2,2024-01-30,2024-01-31,2024-02-29,DBC,0.2161103636026382,0.02314767535428703,0.033051895447229473,0.026665070208458864,0.02462656620724714,0.0764484768003747,0.9235515231996253,0.9235515231996255,0.10827766235883844,0.1,0.9995281212894479,0.0009995281212894478
BASELINE_LSTM,2,2024-01-30,2024-01-31,2024-02-29,EEM,0.2791054546833038,0.021141643692695885,0.025591965413080234,0.020646669284119304,0.019068262866347305,0.0764484768003747,0.9235515231996253,0.9235515231996255,0.10827766235883844,0.1,0.9995281212894479,0.0009995281212894478
BASELINE_LSTM,2,2024-01-30,2024-01-31,2024-02-29,EFA,0.0837053284049034,0.018450896042767305,0.08533336263021842,0.06884386129357031,0.0635808529606206,0.0764484768003747,0.9235515231996253,0.9235515231996255,0.10827766235883844,0.1,0.9995281212894479,0.0009995281212894478
BASELINE_LSTM,2,2024-01-30,2024-01-31,2024-02-29,GLD,0.1257683336734771,0.09591302341088648,0.05679376464827472,0.04581914898547453,0.042316344837245584,0.0764484768003747,0.9235515231996253,0.9235515231996255,0.10827766235883844,0.1,0.9995281212894479,0.0009995281212894478
BASELINE_LSTM,2,2024-01-30,2024-01-31,2024-02-29,HYG,0.0430706180632114,0.048331457007027366,0.1658406000205088,0.13379417982306646,0.12356581857083763,0.0764484768003747,0.9235515231996253,0.9235515231996255,0.10827766235883844,0.1,0.9995281212894479,0.0009995281212894478
BASELINE_LSTM,2,2024-01-30,2024-01-31,2024-02-29,IWM,0.02,0.017988079478164887,0.3571428571428571,0.288129900911996,0.26610280886663107,0.0764484768003747,0.9235515231996253,0.9235515231996255,0.10827766235883844,0.1,0.9995281212894479,0.0009995281212894478
BASELINE_LSTM,2,2024-01-30,2024-01-31,2024-02-29,LQD,0.0486401170492172,0.05556012089061115,0.14685115037098984,0.1184741807345766,0.10941701007724595,0.0764484768003747,0.9235515231996253,0.9235515231996255,0.10827766235883844,0.1,0.9995281212894479,0.0009995281212894478
BASELINE_LSTM,2,2024-01-30,2024-01-31,2024-02-29,QQQ,0.205685943365097,0.03724242198443185,0.03472700674629193,0.02801648923578207,0.025874671308412443,0.0764484768003747,0.9235515231996253,0.9235515231996255,0.10827766235883844,0.1,0.9995281212894479,0.0009995281212894478
BASELINE_LSTM,2,2024-01-30,2024-01-31,2024-02-29,SPY,0.1324476897716522,0.07430406802569807,0.05392964690567166,0.0435084826936203,0.040182325463797575,0.0764484768003747,0.9235515231996253,0.9235515231996255,0.10827766235883844,0.1,0.9995281212894479,0.0009995281212894478
BASELINE_LSTM,2,2024-01-30,2024-01-31,2024-02-29,TLT,0.1575190722942352,0.022075202176102125,0.04534598279956067,0.036583493886224575,0.03378674150258689,0.0764484768003747,0.9235515231996253,0.9235515231996255,0.10827766235883844,0.1,0.9995281212894479,0.0009995281212894478
BASELINE_LSTM,2,2024-01-30,2024-01-31,2024-02-29,XLE,0.3178830146789551,0.016289999122643666,0.02247008117143676,0.018128046331949626,0.01674218480250546,0.0764484768003747,0.9235515231996253,0.9235515231996255,0.10827766235883844,0.1,0.9995281212894479,0.0009995281212894478
BASELINE_LSTM,2,2024-01-30,2024-01-31,2024-02-29,XLF,0.0625751465559005,0.05948936930772598,0.11414846845745996,0.09209084333653132,0.08505063863619158,0.0764484768003747,0.9235515231996253,0.9235515231996255,0.10827766235883844,0.1,0.9995281212894479,0.0009995281212894478
BASELINE_LSTM,2,2024-01-30,2024-01-31,2024-02-29,XLK,0.3303694725036621,0.2567584215219762,0.021620814685830166,0.017442888940581647,0.016109406650076083,0.0764484768003747,0.9235515231996253,0.9235515231996255,0.10827766235883844,0.1,0.9995281212894479,0.0009995281212894478
BASELINE_LSTM,2,2024-01-30,2024-01-31,2024-02-29,XLV,0.0931603834033012,0.25330762198498175,0.076672689419224,0.06185674433404832,0.057127890449880134,0.0764484768003747,0.9235515231996253,0.9235515231996255,0.10827766235883844,0.1,0.9995281212894479,0.0009995281212894478
BASELINE_LSTM,3,2024-02-29,2024-03-01,2024-04-01,DBC,0.1525636315345764,0.023648128683240614,0.046818872040538154,0.034544589723234445,0.034544589723234445,0.0,1.0,1.0,0.07357837642463605,0.07357837642463605,0.7492145227616615,0.0007492145227616614
BASELINE_LSTM,3,2024-02-29,2024-03-01,2024-04-01,EEM,0.1593898832798004,0.019470387040939924,0.04481374222677759,0.03306513531223946,0.03306513531223946,0.0,1.0,1.0,0.07357837642463605,0.07357837642463605,0.7492145227616615,0.0007492145227616614
BASELINE_LSTM,3,2024-02-29,2024-03-01,2024-04-01,EFA,0.1303052455186844,0.06421113763980152,0.05481634384268078,0.04044540215607019,0.04044540215607019,0.0,1.0,1.0,0.07357837642463605,0.07357837642463605,0.7492145227616615,0.0007492145227616614
BASELINE_LSTM,3,2024-02-29,2024-03-01,2024-04-01,GLD,0.0775607377290725,0.041866082565987166,0.0920937236028861,0.06794994751672119,0.06794994751672119,0.0,1.0,1.0,0.07357837642463605,0.07357837642463605,0.7492145227616615,0.0007492145227616614
BASELINE_LSTM,3,2024-02-29,2024-03-01,2024-04-01,HYG,0.02,0.12180987508853189,0.3571428571428571,0.2635124029024326,0.2635124029024326,0.0,1.0,1.0,0.07357837642463605,0.07357837642463605,0.7492145227616615,0.0007492145227616614
BASELINE_LSTM,3,2024-02-29,2024-03-01,2024-04-01,IWM,0.3074828088283539,0.27025585609348896,0.023230102424504972,0.017139976306742608,0.017139976306742608,0.0,1.0,1.0,0.07357837642463605,0.07357837642463605,0.7492145227616615,0.0007492145227616614
BASELINE_LSTM,3,2024-02-29,2024-03-01,2024-04-01,LQD,0.0620276890695095,0.10602702904607003,0.11515594486927784,0.0849660552748097,0.0849660552748097,0.0,1.0,1.0,0.07357837642463605,0.07357837642463605,0.7492145227616615,0.0007492145227616614
BASELINE_LSTM,3,2024-02-29,2024-03-01,2024-04-01,QQQ,0.0975043699145317,0.026323479798238472,0.07325678991739833,0.05405140367214654,0.05405140367214654,0.0,1.0,1.0,0.07357837642463605,0.07357837642463605,0.7492145227616615,0.0007492145227616614
BASELINE_LSTM,3,2024-02-29,2024-03-01,2024-04-01,SPY,0.2373671978712082,0.04099040504818596,0.030092014427085024,0.022202933283596366,0.022202933283596366,0.0,1.0,1.0,0.07357837642463605,0.07357837642463605,0.7492145227616615,0.0007492145227616614
BASELINE_LSTM,3,2024-02-29,2024-03-01,2024-04-01,TLT,0.1815250813961029,0.03286976597543835,0.03934914716975574,0.029033167304018618,0.029033167304018618,0.0,1.0,1.0,0.07357837642463605,0.07357837642463605,0.7492145227616615,0.0007492145227616614
BASELINE_LSTM,3,2024-02-29,2024-03-01,2024-04-01,XLE,0.1188178360462188,0.01672235168678399,0.06011603460004651,0.04435569804518731,0.04435569804518731,0.0,1.0,1.0,0.07357837642463605,0.07357837642463605,0.7492145227616615,0.0007492145227616614
BASELINE_LSTM,3,2024-02-29,2024-03-01,2024-04-01,XLF,0.0225589834153652,0.08617548067033716,0.31663027590117626,0.23362081353626168,0.23362081353626168,0.0,1.0,1.0,0.07357837642463605,0.07357837642463605,0.7492145227616615,0.0007492145227616614
BASELINE_LSTM,3,2024-02-29,2024-03-01,2024-04-01,XLK,0.1574524343013763,0.016275258261419262,0.045365174406799935,0.03347200112486662,0.03347200112486662,0.0,1.0,1.0,0.07357837642463605,0.07357837642463605,0.7492145227616615,0.0007492145227616614
BASELINE_LSTM,3,2024-02-29,2024-03-01,2024-04-01,XLV,0.1265655159950256,0.058007389087975286,0.056436044895024,0.041640473841672555,0.041640473841672555,0.0,1.0,1.0,0.07357837642463605,0.07357837642463605,0.7492145227616615,0.0007492145227616614
BASELINE_LSTM,4,2024-04-01,2024-04-02,2024-04-30,DBC,0.0568631514906883,0.03519175315013517,0.1256148657892595,0.1256148657892595,0.1256148657892595,0.20414028302423026,0.7958597169757697,1.0,0.05238364779560533,0.05238364779560533,0.6585751409564637,0.0006585751409564637
BASELINE_LSTM,4,2024-04-01,2024-04-02,2024-04-30,EEM,0.1711503863334655,0.03302470835971156,0.04173439099892047,0.04173439099892047,0.04173439099892047,0.20414028302423026,0.7958597169757697,1.0,0.05238364779560533,0.05238364779560533,0.6585751409564637,0.0006585751409564637
BASELINE_LSTM,4,2024-04-01,2024-04-02,2024-04-30,EFA,0.2743079662322998,0.04041078683978706,0.026039554158657423,0.026039554158657423,0.026039554158657423,0.20414028302423026,0.7958597169757697,1.0,0.05238364779560533,0.05238364779560533,0.6585751409564637,0.0006585751409564637
BASELINE_LSTM,4,2024-04-01,2024-04-02,2024-04-30,GLD,0.0894560366868972,0.07240244097012363,0.07984768169260255,0.07984768169260255,0.07984768169260255,0.20414028302423026,0.7958597169757697,1.0,0.05238364779560533,0.05238364779560533,0.6585751409564637,0.0006585751409564637
BASELINE_LSTM,4,2024-04-01,2024-04-02,2024-04-30,HYG,0.0755918323993682,0.2575053681945333,0.0944924460240607,0.0944924460240607,0.0944924460240607,0.20414028302423026,0.7958597169757697,1.0,0.05238364779560533,0.05238364779560533,0.6585751409564637,0.0006585751409564637
BASELINE_LSTM,4,2024-04-01,2024-04-02,2024-04-30,IWM,0.1014135777950286,0.017054456365346738,0.07043294693037931,0.07043294693037931,0.07043294693037931,0.20414028302423026,0.7958597169757697,1.0,0.05238364779560533,0.05238364779560533,0.6585751409564637,0.0006585751409564637
BASELINE_LSTM,4,2024-04-01,2024-04-02,2024-04-30,LQD,0.0648023933172226,0.08293897536399887,0.11022520584835838,0.11022520584835838,0.11022520584835838,0.20414028302423026,0.7958597169757697,1.0,0.05238364779560533,0.05238364779560533,0.6585751409564637,0.0006585751409564637
BASELINE_LSTM,4,2024-04-01,2024-04-02,2024-04-30,QQQ,0.3738312423229217,0.05324487567540051,0.01910717011898921,0.01910717011898921,0.01910717011898921,0.20414028302423026,0.7958597169757697,1.0,0.05238364779560533,0.05238364779560533,0.6585751409564637,0.0006585751409564637
BASELINE_LSTM,4,2024-04-01,2024-04-02,2024-04-30,SPY,0.1917268931865692,0.022216693700326494,0.037255374163427536,0.037255374163427536,0.037255374163427536,0.20414028302423026,0.7958597169757697,1.0,0.05238364779560533,0.05238364779560533,0.6585751409564637,0.0006585751409564637
BASELINE_LSTM,4,2024-04-01,2024-04-02,2024-04-30,TLT,0.1560937762260437,0.027871441030867604,0.04576003807168695,0.04576003807168695,0.04576003807168695,0.20414028302423026,0.7958597169757697,1.0,0.05238364779560533,0.05238364779560533,0.6585751409564637,0.0006585751409564637
BASELINE_LSTM,4,2024-04-01,2024-04-02,2024-04-30,XLE,0.2215049564838409,0.04791997548933145,0.03224694045786838,0.03224694045786838,0.03224694045786838,0.20414028302423026,0.7958597169757697,1.0,0.05238364779560533,0.05238364779560533,0.6585751409564637,0.0006585751409564637
BASELINE_LSTM,4,2024-04-01,2024-04-02,2024-04-30,XLF,0.173200786113739,0.23635691446152357,0.04124032750155365,0.04124032750155365,0.04124032750155365,0.20414028302423026,0.7958597169757697,1.0,0.05238364779560533,0.05238364779560533,0.6585751409564637,0.0006585751409564637
BASELINE_LSTM,4,2024-04-01,2024-04-02,2024-04-30,XLK,0.3002448678016662,0.032836335297471674,0.023790105706571228,0.023790105706571228,0.023790105706571228,0.20414028302423026,0.7958597169757697,1.0,0.05238364779560533,0.05238364779560533,0.6585751409564637,0.0006585751409564637
BASELINE_LSTM,4,2024-04-01,2024-04-02,2024-04-30,XLV,0.1485845744609832,0.0410252751014423,0.04807266951343449,0.04807266951343449,0.04807266951343449,0.20414028302423026,0.7958597169757697,1.0,0.05238364779560533,0.05238364779560533,0.6585751409564637,0.0006585751409564637
BASELINE_LSTM,5,2024-04-30,2024-05-01,2024-05-30,DBC,0.2549060583114624,0.12903184730338116,0.02802152757832649,0.02802152757832649,0.02802152757832649,0.14948850630741073,0.8505114936925893,1.0,0.06439613714369906,0.06439613714369906,0.3347557281584149,0.0003347557281584149
BASELINE_LSTM,5,2024-04-30,2024-05-01,2024-05-30,EEM,0.0998836681246757,0.04222727310475331,0.07151176240285212,0.07151176240285212,0.07151176240285212,0.14948850630741073,0.8505114936925893,1.0,0.06439613714369906,0.06439613714369906,0.3347557281584149,0.0003347557281584149
BASELINE_LSTM,5,2024-04-30,2024-05-01,2024-05-30,EFA,0.1136902719736099,0.025701528463231222,0.06282733798468847,0.06282733798468847,0.06282733798468847,0.14948850630741073,0.8505114936925893,1.0,0.06439613714369906,0.06439613714369906,0.3347557281584149,0.0003347557281584149
BASELINE_LSTM,5,2024-04-30,2024-05-01,2024-05-30,GLD,0.0885411575436592,0.08268662614701512,0.080672732783452,0.080672732783452,0.080672732783452,0.14948850630741073,0.8505114936925893,1.0,0.06439613714369906,0.06439613714369906,0.3347557281584149,0.0003347557281584149
BASELINE_LSTM,5,2024-04-30,2024-05-01,2024-05-30,HYG,0.0604351088404655,0.09507185968821306,0.11819052335477065,0.11819052335477065,0.11819052335477065,0.14948850630741073,0.8505114936925893,1.0,0.06439613714369906,0.06439613714369906,0.3347557281584149,0.0003347557281584149
BASELINE_LSTM,5,2024-04-30,2024-05-01,2024-05-30,IWM,0.1958532929420471,0.06727755358869131,0.036470447014494214,0.036470447014494214,0.036470447014494214,0.14948850630741073,0.8505114936925893,1.0,0.06439613714369906,0.06439613714369906,0.3347557281584149,0.0003347557281584149
BASELINE_LSTM,5,2024-04-30,2024-05-01,2024-05-30,LQD,0.0517746061086654,0.10937859986541683,0.1379606274138638,0.1379606274138638,0.1379606274138638,0.14948850630741073,0.8505114936925893,1.0,0.06439613714369906,0.06439613714369906,0.3347557281584149,0.0003347557281584149
BASELINE_LSTM,5,2024-04-30,2024-05-01,2024-05-30,QQQ,0.1455728560686111,0.018520203514865746,0.04906723228326706,0.04906723228326706,0.04906723228326706,0.14948850630741073,0.8505114936925893,1.0,0.06439613714369906,0.06439613714369906,0.3347557281584149,0.0003347557281584149
BASELINE_LSTM,5,2024-04-30,2024-05-01,2024-05-30,SPY,0.1526478081941604,0.03637999364974272,0.04679305407236365,0.04679305407236365,0.04679305407236365,0.14948850630741073,0.8505114936925893,1.0,0.06439613714369906,0.06439613714369906,0.3347557281584149,0.0003347557281584149
BASELINE_LSTM,5,2024-04-30,2024-05-01,2024-05-30,TLT,0.1737433671951294,0.0443065409543867,0.041111538576520584,0.041111538576520584,0.041111538576520584,0.14948850630741073,0.8505114936925893,1.0,0.06439613714369906,0.06439613714369906,0.3347557281584149,0.0003347557281584149
BASELINE_LSTM,5,2024-04-30,2024-05-01,2024-05-30,XLE,0.151061400771141,0.032207553704519956,0.047284462519175355,0.047284462519175355,0.047284462519175355,0.14948850630741073,0.8505114936925893,1.0,0.06439613714369906,0.06439613714369906,0.3347557281584149,0.0003347557281584149
BASELINE_LSTM,5,2024-04-30,2024-05-01,2024-05-30,XLF,0.1275375336408615,0.04036024015930587,0.056005921856471096,0.056005921856471096,0.056005921856471096,0.14948850630741073,0.8505114936925893,1.0,0.06439613714369906,0.06439613714369906,0.3347557281584149,0.0003347557281584149
BASELINE_LSTM,5,2024-04-30,2024-05-01,2024-05-30,XLK,0.2443831861019134,0.022709454649709967,0.02922810385113159,0.02922810385113159,0.02922810385113159,0.14948850630741073,0.8505114936925893,1.0,0.06439613714369906,0.06439613714369906,0.3347557281584149,0.0003347557281584149
BASELINE_LSTM,5,2024-04-30,2024-05-01,2024-05-30,XLV,0.157448798418045,0.04678330918012113,0.045366222001212236,0.045366222001212236,0.045366222001212236,0.14948850630741073,0.8505114936925893,1.0,0.06439613714369906,0.06439613714369906,0.3347557281584149,0.0003347557281584149
BASELINE_LSTM,6,2024-05-30,2024-05-31,2024-07-01,DBC,0.1157035753130912,0.02751963401997452,0.06173410911053299,0.06173410911053299,0.06173410911053299,0.1584521597341244,0.8415478402658756,1.0,0.06161683493713373,0.06161683493713373,0.254255135416983,0.000254255135416983
BASELINE_LSTM,6,2024-05-30,2024-05-31,2024-07-01,EEM,0.1863357126712799,0.0721803825738933,0.03833326977667485,0.03833326977667485,0.03833326977667485,0.1584521597341244,0.8415478402658756,1.0,0.06161683493713373,0.06161683493713373,0.254255135416983,0.000254255135416983
BASELINE_LSTM,6,2024-05-30,2024-05-31,2024-07-01,EFA,0.1934043020009994,0.06409955254168696,0.036932255740724076,0.036932255740724076,0.036932255740724076,0.1584521597341244,0.8415478402658756,1.0,0.06161683493713373,0.06161683493713373,0.254255135416983,0.000254255135416983
BASELINE_LSTM,6,2024-05-30,2024-05-31,2024-07-01,GLD,0.0933561697602272,0.08084679230426786,0.07651189162111742,0.07651189162111742,0.07651189162111742,0.1584521597341244,0.8415478402658756,1.0,0.06161683493713373,0.06161683493713373,0.254255135416983,0.000254255135416983
BASELINE_LSTM,6,2024-05-30,2024-05-31,2024-07-01,HYG,0.0608638562262058,0.11735612463073215,0.11735794584408347,0.11735794584408347,0.11735794584408347,0.1584521597341244,0.8415478402658756,1.0,0.06161683493713373,0.06161683493713373,0.254255135416983,0.000254255135416983
BASELINE_LSTM,6,2024-05-30,2024-05-31,2024-07-01,IWM,0.1734015196561813,0.03724349628131241,0.04119258676060005,0.04119258676060005,0.04119258676060005,0.1584521597341244,0.8415478402658756,1.0,0.06161683493713373,0.06161683493713373,0.254255135416983,0.000254255135416983
BASELINE_LSTM,6,2024-05-30,2024-05-31,2024-07-01,LQD,0.0721432715654373,0.13764417510835308,0.09900933223382086,0.09900933223382086,0.09900933223382086,0.1584521597341244,0.8415478402658756,1.0,0.06161683493713373,0.06161683493713373,0.254255135416983,0.000254255135416983
BASELINE_LSTM,6,2024-05-30,2024-05-31,2024-07-01,QQQ,0.0924339443445205,0.0511605066564587,0.07727526065786212,0.07727526065786212,0.07727526065786212,0.1584521597341244,0.8415478402658756,1.0,0.06161683493713373,0.06161683493713373,0.254255135416983,0.000254255135416983
BASELINE_LSTM,6,2024-05-30,2024-05-31,2024-07-01,SPY,0.1313015818595886,0.04776170903167599,0.05440038910190418,0.05440038910190418,0.05440038910190418,0.1584521597341244,0.8415478402658756,1.0,0.06161683493713373,0.06161683493713373,0.254255135416983,0.000254255135416983
BASELINE_LSTM,6,2024-05-30,2024-05-31,2024-07-01,TLT,0.0956536009907722,0.04119005629317226,0.07467421057724968,0.07467421057724968,0.07467421057724968,0.1584521597341244,0.8415478402658756,1.0,0.06161683493713373,0.06161683493713373,0.254255135416983,0.000254255135416983
BASELINE_LSTM,6,2024-05-30,2024-05-31,2024-07-01,XLE,0.3483162820339203,0.04507918291091989,0.02050681381056297,0.02050681381056297,0.02050681381056297,0.1584521597341244,0.8415478402658756,1.0,0.06161683493713373,0.06161683493713373,0.254255135416983,0.000254255135416983
BASELINE_LSTM,6,2024-05-30,2024-05-31,2024-07-01,XLF,0.1098975613713264,0.05583382298011339,0.06499559274770951,0.06499559274770951,0.06499559274770951,0.1584521597341244,0.8415478402658756,1.0,0.06161683493713373,0.06161683493713373,0.254255135416983,0.000254255135416983
BASELINE_LSTM,6,2024-05-30,2024-05-31,2024-07-01,XLK,0.2734836339950561,0.030635249366641127,0.02611804237977278,0.02611804237977278,0.02611804237977278,0.1584521597341244,0.8415478402658756,1.0,0.06161683493713373,0.06161683493713373,0.254255135416983,0.000254255135416983
BASELINE_LSTM,6,2024-05-30,2024-05-31,2024-07-01,XLV,0.1360385119915008,0.04488947863586948,0.052506139903260654,0.052506139903260654,0.052506139903260654,0.1584521597341244,0.8415478402658756,1.0,0.06161683493713373,0.06161683493713373,0.254255135416983,0.000254255135416983
BASELINE_LSTM,7,2024-07-01,2024-07-02,2024-07-31,DBC,0.1614708304405212,0.061252889980046084,0.0442362073903389,0.0442362073903389,0.0442362073903389,0.1990513385220749,0.8009486614779251,1.0,0.05272814181570737,0.05272814181570737,0.3586190606527963,0.00035861906065279633
BASELINE_LSTM,7,2024-07-01,2024-07-02,2024-07-31,EEM,0.2263234257698059,0.03849478275085491,0.03156039689025457,0.03156039689025457,0.03156039689025457,0.1990513385220749,0.8009486614779251,1.0,0.05272814181570737,0.05272814181570737,0.3586190606527963,0.00035861906065279633
BASELINE_LSTM,7,2024-07-01,2024-07-02,2024-07-31,EFA,0.1628505885601043,0.036152431159371314,0.043861414355410105,0.043861414355410105,0.043861414355410105,0.1990513385220749,0.8009486614779251,1.0,0.05272814181570737,0.05272814181570737,0.3586190606527963,0.00035861906065279633
BASELINE_LSTM,7,2024-07-01,2024-07-02,2024-07-31,GLD,0.1246952041983604,0.07508322668542272,0.05728253294725398,0.05728253294725398,0.05728253294725398,0.1990513385220749,0.8009486614779251,1.0,0.05272814181570737,0.05272814181570737,0.3586190606527963,0.00035861906065279633
BASELINE_LSTM,7,2024-07-01,2024-07-02,2024-07-31,HYG,0.0319385454058647,0.11664101046965437,0.22364378377562363,0.22364378377562363,0.22364378377562363,0.1990513385220749,0.8009486614779251,1.0,0.05272814181570737,0.05272814181570737,0.3586190606527963,0.00035861906065279633
BASELINE_LSTM,7,2024-07-01,2024-07-02,2024-07-31,IWM,0.2003377676010131,0.04015350054839995,0.035654071762857266,0.035654071762857266,0.035654071762857266,0.1990513385220749,0.8009486614779251,1.0,0.05272814181570737,0.05272814181570737,0.3586190606527963,0.00035861906065279633
BASELINE_LSTM,7,2024-07-01,2024-07-02,2024-07-31,LQD,0.0582669377326965,0.09804125720974811,0.12258851109741654,0.12258851109741654,0.12258851109741654,0.1990513385220749,0.8009486614779251,1.0,0.05272814181570737,0.05272814181570737,0.3586190606527963,0.00035861906065279633
BASELINE_LSTM,7,2024-07-01,2024-07-02,2024-07-31,QQQ,0.280998021364212,0.08143728873889529,0.02541959942699746,0.02541959942699746,0.02541959942699746,0.1990513385220749,0.8009486614779251,1.0,0.05272814181570737,0.05272814181570737,0.3586190606527963,0.00035861906065279633
BASELINE_LSTM,7,2024-07-01,2024-07-02,2024-07-31,SPY,0.2703531384468078,0.05614543236004276,0.02642047058855396,0.02642047058855396,0.02642047058855396,0.1990513385220749,0.8009486614779251,1.0,0.05272814181570737,0.05272814181570737,0.3586190606527963,0.00035861906065279633
BASELINE_LSTM,7,2024-07-01,2024-07-02,2024-07-31,TLT,0.1738652139902115,0.0741640653673417,0.041082727124813374,0.041082727124813374,0.041082727124813374,0.1990513385220749,0.8009486614779251,1.0,0.05272814181570737,0.05272814181570737,0.3586190606527963,0.00035861906065279633
BASELINE_LSTM,7,2024-07-01,2024-07-02,2024-07-31,XLE,0.2005592137575149,0.020437873216692038,0.03561470455051333,0.03561470455051333,0.03561470455051333,0.1990513385220749,0.8009486614779251,1.0,0.05272814181570737,0.05272814181570737,0.3586190606527963,0.00035861906065279633
BASELINE_LSTM,7,2024-07-01,2024-07-02,2024-07-31,XLF,0.1859354972839355,0.06458235742921196,0.03841577991936386,0.03841577991936386,0.03841577991936386,0.1990513385220749,0.8009486614779251,1.0,0.05272814181570737,0.05272814181570737,0.3586190606527963,0.00035861906065279633
BASELINE_LSTM,7,2024-07-01,2024-07-02,2024-07-31,XLK,0.2269295752048492,0.028020685954668556,0.03147609621359089,0.03147609621359089,0.03147609621359089,0.1990513385220749,0.8009486614779251,1.0,0.05272814181570737,0.05272814181570737,0.3586190606527963,0.00035861906065279633
BASELINE_LSTM,7,2024-07-01,2024-07-02,2024-07-31,XLV,0.163480669260025,0.053178416295531564,0.04369236543493737,0.04369236543493737,0.04369236543493737,0.1990513385220749,0.8009486614779251,1.0,0.05272814181570737,0.05272814181570737,0.3586190606527963,0.00035861906065279633
BASELINE_LSTM,8,2024-07-31,2024-08-01,2024-08-29,DBC,0.1052866578102111,0.041579999707446226,0.06784199718574789,0.058876174807755456,0.058876174807755456,0.0,1.0000000000000002,1.0,0.07082557432818967,0.07082557432818967,0.6404122594720805,0.0006404122594720805
BASELINE_LSTM,8,2024-07-31,2024-08-01,2024-08-29,EEM,0.0993013605475425,0.031101696421666523,0.07193111054543265,0.062424881552257144,0.062424881552257144,0.0,1.0000000000000002,1.0,0.07082557432818967,0.07082557432818967,0.6404122594720805,0.0006404122594720805
BASELINE_LSTM,8,2024-07-31,2024-08-01,2024-08-29,EFA,0.1617294400930404,0.04399704338382994,0.0441654725246558,0.03832867823317885,0.03832867823317885,0.0,1.0000000000000002,1.0,0.07082557432818967,0.07082557432818967,0.6404122594720805,0.0006404122594720805
BASELINE_LSTM,8,2024-07-31,2024-08-01,2024-08-29,GLD,0.1043810844421386,0.05896611660732441,0.06843057035699444,0.059386963675344205,0.059386963675344205,0.0,1.0000000000000002,1.0,0.07082557432818967,0.07082557432818967,0.6404122594720805,0.0006404122594720805
BASELINE_LSTM,8,2024-07-31,2024-08-01,2024-08-29,HYG,0.0561035349965095,0.22425579360929013,0.1273156342697753,0.1104899302787959,0.1104899302787959,0.0,1.0000000000000002,1.0,0.07082557432818967,0.07082557432818967,0.6404122594720805,0.0006404122594720805
BASELINE_LSTM,8,2024-07-31,2024-08-01,2024-08-29,IWM,0.1962884068489074,0.038858301064451546,0.03638960271533175,0.0315804472086316,0.0315804472086316,0.0,1.0000000000000002,1.0,0.07082557432818967,0.07082557432818967,0.6404122594720805,0.0006404122594720805
BASELINE_LSTM,8,2024-07-31,2024-08-01,2024-08-29,LQD,0.1680836975574493,0.123979550356767,0.04249583538829389,0.03687969601001672,0.03687969601001672,0.0,1.0000000000000002,1.0,0.07082557432818967,0.07082557432818967,0.6404122594720805,0.0006404122594720805
BASELINE_LSTM,8,2024-07-31,2024-08-01,2024-08-29,QQQ,0.138334184885025,0.02433793736008756,0.05163479402285019,0.044810873576263524,0.044810873576263524,0.0,1.0000000000000002,1.0,0.07082557432818967,0.07082557432818967,0.6404122594720805,0.0006404122594720805
BASELINE_LSTM,8,2024-07-31,2024-08-01,2024-08-29,SPY,0.0907790809869766,0.026138434929438428,0.0786839552152095,0.06828528778615447,0.06828528778615447,0.0,1.0000000000000002,1.0,0.07082557432818967,0.07082557432818967,0.6404122594720805,0.0006404122594720805
BASELINE_LSTM,8,2024-07-31,2024-08-01,2024-08-29,TLT,0.0523166134953498,0.04243360315524509,0.13653133614032645,0.11848770889402678,0.11848770889402678,0.0,1.0000000000000002,1.0,0.07082557432818967,0.07082557432818967,0.6404122594720805,0.0006404122594720805
BASELINE_LSTM,8,2024-07-31,2024-08-01,2024-08-29,XLE,0.2317796945571899,0.03565345746065191,0.03081744134879208,0.026744688235098152,0.026744688235098152,0.0,1.0000000000000002,1.0,0.07082557432818967,0.07082557432818967,0.6404122594720805,0.0006404122594720805
BASELINE_LSTM,8,2024-07-31,2024-08-01,2024-08-29,XLF,0.0468379594385623,0.03994807013393281,0.1525014588269261,0.1323472615900236,0.1323472615900236,0.0,1.0000000000000002,1.0,0.07082557432818967,0.07082557432818967,0.6404122594720805,0.0006404122594720805
BASELINE_LSTM,8,2024-07-31,2024-08-01,2024-08-29,XLK,0.1663634181022644,0.02959458076170493,0.0429352631987063,0.03726105018080262,0.03726105018080262,0.0,1.0000000000000002,1.0,0.07082557432818967,0.07082557432818967,0.6404122594720805,0.0006404122594720805
BASELINE_LSTM,8,2024-07-31,2024-08-01,2024-08-29,XLV,0.0356060042977333,0.044184567394621586,0.20060821998248934,0.174096357971651,0.174096357971651,0.0,1.0000000000000002,1.0,0.07082557432818967,0.07082557432818967,0.6404122594720805,0.0006404122594720805
BASELINE_LSTM,9,2024-08-29,2024-08-30,2024-09-30,DBC,0.177497312426567,0.05712188119129621,0.040242058007566944,0.02568389496063739,0.024733303342104055,0.03701119397934738,0.9629888060206526,0.9629888060206525,0.10384336699948657,0.09999999999999999,0.8180231438867981,0.0008180231438867981
BASELINE_LSTM,9,2024-08-29,2024-08-30,2024-09-30,EEM,0.02,0.06163066235521535,0.3571428571428571,0.22794111640796924,0.21950474353272487,0.03701119397934738,0.9629888060206526,0.9629888060206525,0.10384336699948657,0.09999999999999999,0.8180231438867981,0.0008180231438867981
BASELINE_LSTM,9,2024-08-29,2024-08-30,2024-09-30,EFA,0.02,0.03871608522463596,0.3571428571428571,0.22794111640796924,0.21950474353272487,0.03701119397934738,0.9629888060206526,0.9629888060206525,0.10384336699948657,0.09999999999999999,0.8180231438867981,0.0008180231438867981
BASELINE_LSTM,9,2024-08-29,2024-08-30,2024-09-30,GLD,0.0774379894137382,0.05982804299919405,0.0922397029795551,0.05887061844803798,0.056691746568973495,0.03701119397934738,0.9629888060206526,0.9629888060206525,0.10384336699948657,0.09999999999999999,0.8180231438867981,0.0008180231438867981
BASELINE_LSTM,9,2024-08-29,2024-08-30,2024-09-30,HYG,0.0330881029367446,0.10991371360532774,0.21587387939744782,0.137778292604886,0.13267895349114325,0.03701119397934738,0.9629888060206526,0.9629888060206525,0.10384336699948657,0.09999999999999999,0.8180231438867981,0.0008180231438867981
BASELINE_LSTM,9,2024-08-29,2024-08-30,2024-09-30,IWM,0.220737412571907,0.03024293988696074,0.032359068902877076,0.020652694416603765,0.019888313537354655,0.03701119397934738,0.9629888060206526,0.9629888060206525,0.10384336699948657,0.09999999999999999,0.8180231438867981,0.0008180231438867981
BASELINE_LSTM,9,2024-08-29,2024-08-30,2024-09-30,LQD,0.1100334227085113,0.03691133369443319,0.06491534087582852,0.04143125075947266,0.03989783070080683,0.03701119397934738,0.9629888060206526,0.9629888060206525,0.10384336699948657,0.09999999999999999,0.8180231438867981,0.0008180231438867981
BASELINE_LSTM,9,2024-08-29,2024-08-30,2024-09-30,QQQ,0.202421098947525,0.043865214755551954,0.035287117696702335,0.02252147800729607,0.02168793121606643,0.03701119397934738,0.9629888060206526,0.9629888060206525,0.10384336699948657,0.09999999999999999,0.8180231438867981,0.0008180231438867981
BASELINE_LSTM,9,2024-08-29,2024-08-30,2024-09-30,SPY,0.058476023375988,0.06781829206846453,0.12215018618708284,0.07796053946498992,0.0750751268161166,0.03701119397934738,0.9629888060206526,0.9629888060206525,0.10384336699948657,0.09999999999999999,0.8180231438867981,0.0008180231438867981
BASELINE_LSTM,9,2024-08-29,2024-08-30,2024-09-30,TLT,0.0968647748231887,0.1198168037799357,0.0737405022196696,0.04706377872122031,0.04532189207756814,0.03701119397934738,0.9629888060206526,0.9629888060206525,0.10384336699948657,0.09999999999999999,0.8180231438867981,0.0008180231438867981
BASELINE_LSTM,9,2024-08-29,2024-08-30,2024-09-30,XLE,0.0988768637180328,0.02556495308486523,0.07223992422763764,0.046106057137489526,0.04439961691315102,0.03701119397934738,0.9629888060206526,0.9629888060206525,0.10384336699948657,0.09999999999999999,0.8180231438867981,0.0008180231438867981
BASELINE_LSTM,9,2024-08-29,2024-08-30,2024-09-30,XLF,0.3220595717430115,0.13432143325260343,0.02217868298153489,0.014155214525954576,0.013631313135315194,0.03701119397934738,0.9629888060206526,0.9629888060206525,0.10384336699948657,0.09999999999999999,0.8180231438867981,0.0008180231438867981
BASELINE_LSTM,9,2024-08-29,2024-08-30,2024-09-30,XLK,0.1857147365808487,0.03627958190363988,0.03846144508703317,0.024547445249046007,0.023638914991236153,0.03701119397934738,0.9629888060206526,0.9629888060206525,0.10384336699948657,0.09999999999999999,0.8180231438867981,0.0008180231438867981
BASELINE_LSTM,9,2024-08-29,2024-08-30,2024-09-30,XLV,0.1667058616876602,0.177969062197876,0.04284706650711531,0.027346502888427444,0.02633437616536707,0.03701119397934738,0.9629888060206526,0.9629888060206525,0.10384336699948657,0.09999999999999999,0.8180231438867981,0.0008180231438867981
BASELINE_LSTM,10,2024-09-30,2024-10-01,2024-10-30,DBC,0.0613722652196884,0.024060407556973074,0.11638575042469987,0.10236265833136313,0.10236265833136313,0.0,1.0,1.0,0.08165932023100266,0.08165932023100266,0.8125496157522601,0.0008125496157522601
BASELINE_LSTM,10,2024-09-30,2024-10-01,2024-10-30,EEM,0.1675308793783188,0.2271763873263776,0.04263606309095483,0.03749892699791909,0.03749892699791909,0.0,1.0,1.0,0.08165932023100266,0.08165932023100266,0.8125496157522601,0.0008125496157522601
BASELINE_LSTM,10,2024-09-30,2024-10-01,2024-10-30,EFA,0.0887230038642883,0.21641432535244592,0.08050738626684617,0.07080720830095126,0.07080720830095126,0.0,1.0,1.0,0.08165932023100266,0.08165932023100266,0.8125496157522601,0.0008125496157522601
BASELINE_LSTM,10,2024-09-30,2024-10-01,2024-10-30,GLD,0.1293237507343292,0.05777541804975311,0.055232369168837135,0.04857752872177668,0.04857752872177668,0.0,1.0,1.0,0.08165932023100266,0.08165932023100266,0.8125496157522601,0.0008125496157522601
BASELINE_LSTM,10,2024-09-30,2024-10-01,2024-10-30,HYG,0.0608767569065094,0.131806743378704,0.11733307596898901,0.10319584246829389,0.10319584246829389,0.0,1.0,1.0,0.08165932023100266,0.08165932023100266,0.8125496157522601,0.0008125496157522601
BASELINE_LSTM,10,2024-09-30,2024-10-01,2024-10-30,IWM,0.2048879265785217,0.0196769942659917,0.03486226476170473,0.030661778468909197,0.030661778468909197,0.0,1.0,1.0,0.08165932023100266,0.08165932023100266,0.8125496157522601,0.0008125496157522601
BASELINE_LSTM,10,2024-09-30,2024-10-01,2024-10-30,LQD,0.0228469166904687,0.03962371019585244,0.3126398734511518,0.274970504808887,0.274970504808887,0.0,1.0,1.0,0.08165932023100266,0.08165932023100266,0.8125496157522601,0.0008125496157522601
BASELINE_LSTM,10,2024-09-30,2024-10-01,2024-10-30,QQQ,0.1841686367988586,0.02199759874400237,0.03878432976977659,0.03411128151296443,0.03411128151296443,0.0,1.0,1.0,0.08165932023100266,0.08165932023100266,0.8125496157522601,0.0008125496157522601
BASELINE_LSTM,10,2024-09-30,2024-10-01,2024-10-30,SPY,0.1034492552280426,0.07558270072016308,0.06904696536588391,0.060727631164248376,0.060727631164248376,0.0,1.0,1.0,0.08165932023100266,0.08165932023100266,0.8125496157522601,0.0008125496157522601
BASELINE_LSTM,10,2024-09-30,2024-10-01,2024-10-30,TLT,0.141430526971817,0.044670665453528005,0.05050435217766323,0.04441918127729688,0.04441918127729688,0.0,1.0,1.0,0.08165932023100266,0.08165932023100266,0.8125496157522601,0.0008125496157522601
BASELINE_LSTM,10,2024-09-30,2024-10-01,2024-10-30,XLE,0.0883825495839119,0.04221463607989835,0.08081750499939576,0.07107996143220909,0.07107996143220909,0.0,1.0,1.0,0.08165932023100266,0.08165932023100266,0.8125496157522601,0.0008125496157522601
BASELINE_LSTM,10,2024-09-30,2024-10-01,2024-10-30,XLF,0.2863441407680511,0.013365282713490158,0.024945008910250796,0.021939433434377806,0.021939433434377806,0.0,1.0,1.0,0.08165932023100266,0.08165932023100266,0.8125496157522601,0.0008125496157522601
BASELINE_LSTM,10,2024-09-30,2024-10-01,2024-10-30,XLK,0.2060903459787368,0.024015241525319007,0.0346588633685641,0.030482884512954955,0.030482884512954955,0.0,1.0,1.0,0.08165932023100266,0.08165932023100266,0.8125496157522601,0.0008125496157522601
BASELINE_LSTM,10,2024-09-30,2024-10-01,2024-10-30,XLV,0.090829350054264,0.025470115586211976,0.07864040795832844,0.06916517856784822,0.06916517856784822,0.0,1.0,1.0,0.08165932023100266,0.08165932023100266,0.8125496157522601,0.0008125496157522601
BASELINE_LSTM,11,2024-10-30,2024-10-31,2024-12-02,DBC,0.1208904460072517,0.10604186114762225,0.059085373400216204,0.059085373400216204,0.059085373400216204,0.38213451309657387,0.6178654869034261,1.0,0.05093041326189811,0.05093041326189811,0.45227018873536584,0.00045227018873536583
BASELINE_LSTM,11,2024-10-30,2024-10-31,2024-12-02,EEM,0.2545569539070129,0.03718169130925163,0.028059956851409988,0.028059956851409988,0.028059956851409988,0.38213451309657387,0.6178654869034261,1.0,0.05093041326189811,0.05093041326189811,0.45227018873536584,0.00045227018873536583
BASELINE_LSTM,11,2024-10-30,2024-10-31,2024-12-02,EFA,0.1998650431632995,0.06811273878357092,0.035738401422309156,0.035738401422309156,0.035738401422309156,0.38213451309657387,0.6178654869034261,1.0,0.05093041326189811,0.05093041326189811,0.45227018873536584,0.00045227018873536583
BASELINE_LSTM,11,2024-10-30,2024-10-31,2024-12-02,GLD,0.1294666975736618,0.052176170186825716,0.05517138597586548,0.05517138597586548,0.05517138597586548,0.38213451309657387,0.6178654869034261,1.0,0.05093041326189811,0.05093041326189811,0.45227018873536584,0.00045227018873536583
BASELINE_LSTM,11,2024-10-30,2024-10-31,2024-12-02,HYG,0.1180639937520027,0.10368342381457622,0.060499877361941096,0.060499877361941096,0.060499877361941096,0.38213451309657387,0.6178654869034261,1.0,0.05093041326189811,0.05093041326189811,0.45227018873536584,0.00045227018873536583
BASELINE_LSTM,11,2024-10-30,2024-10-31,2024-12-02,IWM,0.229075938463211,0.030885484263990633,0.031181175948796856,0.031181175948796856,0.031181175948796856,0.38213451309657387,0.6178654869034261,1.0,0.05093041326189811,0.05093041326189811,0.45227018873536584,0.00045227018873536583
BASELINE_LSTM,11,2024-10-30,2024-10-31,2024-12-02,LQD,0.0891814902424812,0.2699946585070802,0.08009349387900982,0.08009349387900982,0.08009349387900982,0.38213451309657387,0.6178654869034261,1.0,0.05093041326189811,0.05093041326189811,0.45227018873536584,0.00045227018873536583
BASELINE_LSTM,11,2024-10-30,2024-10-31,2024-12-02,QQQ,0.2510889768600464,0.03482297287649948,0.028447513834263125,0.028447513834263125,0.028447513834263125,0.38213451309657387,0.6178654869034261,1.0,0.05093041326189811,0.05093041326189811,0.45227018873536584,0.00045227018873536583
BASELINE_LSTM,11,2024-10-30,2024-10-31,2024-12-02,SPY,0.1631989330053329,0.06163381214610628,0.04376779315477347,0.04376779315477347,0.04376779315477347,0.38213451309657387,0.6178654869034261,1.0,0.05093041326189811,0.05093041326189811,0.45227018873536584,0.00045227018873536583
BASELINE_LSTM,11,2024-10-30,2024-10-31,2024-12-02,TLT,0.1684709191322326,0.04240772077785744,0.04239816093868832,0.04239816093868832,0.04239816093868832,0.38213451309657387,0.6178654869034261,1.0,0.05093041326189811,0.05093041326189811,0.45227018873536584,0.00045227018873536583
BASELINE_LSTM,11,2024-10-30,2024-10-31,2024-12-02,XLE,0.2748435139656067,0.07217466743149022,0.025988814652366087,0.025988814652366087,0.025988814652366087,0.38213451309657387,0.6178654869034261,1.0,0.05093041326189811,0.05093041326189811,0.45227018873536584,0.00045227018873536583
BASELINE_LSTM,11,2024-10-30,2024-10-31,2024-12-02,XLF,0.1305161714553833,0.02295082532799818,0.05472775567354819,0.05472775567354819,0.05472775567354819,0.38213451309657387,0.6178654869034261,1.0,0.05093041326189811,0.05093041326189811,0.45227018873536584,0.00045227018873536583
BASELINE_LSTM,11,2024-10-30,2024-10-31,2024-12-02,XLK,0.2363496273756027,0.030976873117054018,0.030221571415916977,0.030221571415916977,0.030221571415916977,0.38213451309657387,0.6178654869034261,1.0,0.05093041326189811,0.05093041326189811,0.45227018873536584,0.00045227018873536583
BASELINE_LSTM,11,2024-10-30,2024-10-31,2024-12-02,XLV,0.1681296825408935,0.06695710031007676,0.042484212394321354,0.042484212394321354,0.042484212394321354,0.38213451309657387,0.6178654869034261,1.0,0.05093041326189811,0.05093041326189811,0.45227018873536584,0.00045227018873536583
BASELINE_LSTM,12,2024-12-02,2024-12-03,2025-01-02,DBC,0.0848127529025077,0.05810814413832726,0.08421914038172845,0.06361290855783809,0.06361290855783809,0.0,1.0,1.0,0.06578295135311153,0.06578295135311153,0.38799364684610993,0.00038799364684610993
BASELINE_LSTM,12,2024-12-02,2024-12-03,2025-01-02,EEM,0.1024327278137207,0.02711738414885703,0.06973217735494464,0.05267052835630003,0.05267052835630003,0.0,1.0,1.0,0.06578295135311153,0.06578295135311153,0.38799364684610993,0.00038799364684610993
BASELINE_LSTM,12,2024-12-02,2024-12-03,2025-01-02,EFA,0.1064184010028839,0.03506955318835163,0.06712050806573926,0.05069786657271361,0.05069786657271361,0.0,1.0,1.0,0.06578295135311153,0.06578295135311153,0.38799364684610993,0.00038799364684610993
BASELINE_LSTM,12,2024-12-02,2024-12-03,2025-01-02,GLD,0.080336757004261,0.05277046814891765,0.08891144488790219,0.0671571282699348,0.0671571282699348,0.0,1.0,1.0,0.06578295135311153,0.06578295135311153,0.38799364684610993,0.00038799364684610993
BASELINE_LSTM,12,2024-12-02,2024-12-03,2025-01-02,HYG,0.0317547656595706,0.060633454157897136,0.2249381154133742,0.16990161265131803,0.16990161265131803,0.0,1.0,1.0,0.06578295135311153,0.06578295135311153,0.38799364684610993,0.00038799364684610993
BASELINE_LSTM,12,2024-12-02,2024-12-03,2025-01-02,IWM,0.1510187685489654,0.03313365284815973,0.04729781080515953,0.03572526744036081,0.03572526744036081,0.0,1.0,1.0,0.06578295135311153,0.06578295135311153,0.38799364684610993,0.00038799364684610993
BASELINE_LSTM,12,2024-12-02,2024-12-03,2025-01-02,LQD,0.0644478723406791,0.08066592991252655,0.11083154312836198,0.08371394894785893,0.08371394894785893,0.0,1.0,1.0,0.06578295135311153,0.06578295135311153,0.38799364684610993,0.00038799364684610993
BASELINE_LSTM,12,2024-12-02,2024-12-03,2025-01-02,QQQ,0.0899887233972549,0.029193247679761267,0.07937502470531808,0.05995402191793199,0.05995402191793199,0.0,1.0,1.0,0.06578295135311153,0.06578295135311153,0.38799364684610993,0.00038799364684610993
BASELINE_LSTM,12,2024-12-02,2024-12-03,2025-01-02,SPY,0.0934458971023559,0.0449597207077464,0.07643842441828365,0.057735931295261965,0.057735931295261965,0.0,1.0,1.0,0.06578295135311153,0.06578295135311153,0.38799364684610993,0.00038799364684610993
BASELINE_LSTM,12,2024-12-02,2024-12-03,2025-01-02,TLT,0.0980129018425941,0.04310280583990594,0.07287670305209783,0.05504567045255177,0.05504567045255177,0.0,1.0,1.0,0.06578295135311153,0.06578295135311153,0.38799364684610993,0.00038799364684610993
BASELINE_LSTM,12,2024-12-02,2024-12-03,2025-01-02,XLE,0.10898407548666,0.02741126302093783,0.06554037469200215,0.049504350712101304,0.049504350712101304,0.0,1.0,1.0,0.06578295135311153,0.06578295135311153,0.38799364684610993,0.00038799364684610993
BASELINE_LSTM,12,2024-12-02,2024-12-03,2025-01-02,XLF,0.0290183722972869,0.05749642481879885,0.2461494762587001,0.18592310552960156,0.18592310552960156,0.0,1.0,1.0,0.06578295135311153,0.06578295135311153,0.38799364684610993,0.00038799364684610993
BASELINE_LSTM,12,2024-12-02,2024-12-03,2025-01-02,XLK,0.170518547296524,0.03085311459006769,0.04188903351631327,0.031639877189099885,0.031639877189099885,0.0,1.0,1.0,0.06578295135311153,0.06578295135311153,0.38799364684610993,0.00038799364684610993
BASELINE_LSTM,12,2024-12-02,2024-12-03,2025-01-02,XLV,0.1469365954399109,0.04194437426061933,0.04861183234491223,0.036717782107127145,0.036717782107127145,0.0,1.0,1.0,0.06578295135311153,0.06578295135311153,0.38799364684610993,0.00038799364684610993
BASELINE_LSTM,13,2025-01-02,2025-01-03,2025-02-04,DBC,0.1546671688556671,0.06766558496049725,0.04618211606060199,0.03408546972345573,0.03408546972345573,1.1102230246251565e-16,0.9999999999999999,1.0,0.08749343972383146,0.08749343972383146,0.6783175470065418,0.0006783175470065418
BASELINE_LSTM,13,2025-01-02,2025-01-03,2025-02-04,EEM,0.0446510575711727,0.052944239237985545,0.15997061506262425,0.11806894143188366,0.11806894143188366,1.1102230246251565e-16,0.9999999999999999,1.0,0.08749343972383146,0.08749343972383146,0.6783175470065418,0.0006783175470065418
BASELINE_LSTM,13,2025-01-02,2025-01-03,2025-02-04,EFA,0.0750769898295402,0.050267812561198486,0.09514043063093981,0.0702199583815512,0.0702199583815512,1.1102230246251565e-16,0.9999999999999999,1.0,0.08749343972383146,0.08749343972383146,0.6783175470065418,0.0006783175470065418
BASELINE_LSTM,13,2025-01-02,2025-01-03,2025-02-04,GLD,0.066904067993164,0.06960170066923371,0.10676267313950139,0.07879794546695007,0.07879794546695007,1.1102230246251565e-16,0.9999999999999999,1.0,0.08749343972383146,0.08749343972383146,0.6783175470065418,0.0006783175470065418
BASELINE_LSTM,13,2025-01-02,2025-01-03,2025-02-04,HYG,0.0530981309711933,0.17378453848829878,0.13452181860661486,0.09928603897757832,0.09928603897757832,1.1102230246251565e-16,0.9999999999999999,1.0,0.08749343972383146,0.08749343972383146,0.6783175470065418,0.0006783175470065418
BASELINE_LSTM,13,2025-01-02,2025-01-03,2025-02-04,IWM,0.0208778753876686,0.03369563251306677,0.3421256718045186,0.252511474628126,0.252511474628126,1.1102230246251565e-16,0.9999999999999999,1.0,0.08749343972383146,0.08749343972383146,0.6783175470065418,0.0006783175470065418
BASELINE_LSTM,13,2025-01-02,2025-01-03,2025-02-04,LQD,0.0643102824687957,0.08363492373971491,0.11106866380695751,0.0819760526444657,0.0819760526444657,1.1102230246251565e-16,0.9999999999999999,1.0,0.08749343972383146,0.08749343972383146,0.6783175470065418,0.0006783175470065418
BASELINE_LSTM,13,2025-01-02,2025-01-03,2025-02-04,QQQ,0.1276619583368301,0.06112826904940609,0.055951336137356186,0.041295803150166205,0.041295803150166205,1.1102230246251565e-16,0.9999999999999999,1.0,0.08749343972383146,0.08749343972383146,0.6783175470065418,0.0006783175470065418
BASELINE_LSTM,13,2025-01-02,2025-01-03,2025-02-04,SPY,0.1396327018737793,0.05768101873846242,0.05115461526565542,0.03775550448066229,0.03775550448066229,1.1102230246251565e-16,0.9999999999999999,1.0,0.08749343972383146,0.08749343972383146,0.6783175470065418,0.0006783175470065418
BASELINE_LSTM,13,2025-01-02,2025-01-03,2025-02-04,TLT,0.1248159185051918,0.052996407800652845,0.05722713279204071,0.04223742583782025,0.04223742583782025,1.1102230246251565e-16,0.9999999999999999,1.0,0.08749343972383146,0.08749343972383146,0.6783175470065418,0.0006783175470065418
BASELINE_LSTM,13,2025-01-02,2025-01-03,2025-02-04,XLE,0.2114584147930145,0.04705180656393604,0.03377901584029611,0.024931157771152516,0.024931157771152516,1.1102230246251565e-16,0.9999999999999999,1.0,0.08749343972383146,0.08749343972383146,0.6783175470065418,0.0006783175470065418
BASELINE_LSTM,13,2025-01-02,2025-01-03,2025-02-04,XLF,0.1483651101589203,0.18205737764293337,0.04814377945870238,0.03553330763274123,0.03553330763274123,1.1102230246251565e-16,0.9999999999999999,1.0,0.08749343972383146,0.08749343972383146,0.6783175470065418,0.0006783175470065418
BASELINE_LSTM,13,2025-01-02,2025-01-03,2025-02-04,XLK,0.2421507388353347,0.03203076930581227,0.029497564935014996,0.02177116256840088,0.02177116256840088,1.1102230246251565e-16,0.9999999999999999,1.0,0.08749343972383146,0.08749343972383146,0.6783175470065418,0.0006783175470065418
BASELINE_LSTM,13,2025-01-02,2025-01-03,2025-02-04,XLV,0.0856805443763732,0.035459918728801415,0.08336615033023552,0.061529757305045875,0.061529757305045875,1.1102230246251565e-16,0.9999999999999999,1.0,0.08749343972383146,0.08749343972383146,0.6783175470065418,0.0006783175470065418
BASELINE_LSTM,14,2025-02-04,2025-02-05,2025-03-06,DBC,0.1285504698753357,0.0339357257382762,0.0555646132587774,0.052895699851287184,0.052895699851287184,2.220446049250313e-16,0.9999999999999998,1.0,0.07445410850116232,0.07445410850116232,0.5665811045818168,0.0005665811045818168
BASELINE_LSTM,14,2025-02-04,2025-02-05,2025-03-06,EEM,0.1278624236583709,0.11818020538464159,0.055863614488817916,0.05318033927180705,0.05318033927180705,2.220446049250313e-16,0.9999999999999998,1.0,0.07445410850116232,0.07445410850116232,0.5665811045818168,0.0005665811045818168
BASELINE_LSTM,14,2025-02-04,2025-02-05,2025-03-06,EFA,0.1043588891625404,0.07148249232083496,0.0684451243222036,0.06515752634810976,0.06515752634810976,2.220446049250313e-16,0.9999999999999998,1.0,0.07445410850116232,0.07445410850116232,0.5665811045818168,0.0005665811045818168
BASELINE_LSTM,14,2025-02-04,2025-02-05,2025-03-06,GLD,0.1514161080121994,0.0816059372507136,0.04717369397898969,0.04490781832617072,0.04490781832617072,2.220446049250313e-16,0.9999999999999998,1.0,0.07445410850116232,0.07445410850116232,0.5665811045818168,0.0005665811045818168
BASELINE_LSTM,14,2025-02-04,2025-02-05,2025-03-06,HYG,0.0259140748530626,0.0973905006586668,0.275636200920095,0.2623966747346212,0.2623966747346212,2.220446049250313e-16,0.9999999999999998,1.0,0.07445410850116232,0.07445410850116232,0.5665811045818168,0.0005665811045818168
BASELINE_LSTM,14,2025-02-04,2025-02-05,2025-03-06,IWM,0.0899105966091156,0.250895695484535,0.07944399672833405,0.07562809420372922,0.07562809420372922,2.220446049250313e-16,0.9999999999999998,1.0,0.07445410850116232,0.07445410850116232,0.5665811045818168,0.0005665811045818168
BASELINE_LSTM,14,2025-02-04,2025-02-05,2025-03-06,LQD,0.0832225009799003,0.08010901750338324,0.08582843652562505,0.08170587269313084,0.08170587269313084,2.220446049250313e-16,0.9999999999999998,1.0,0.07445410850116232,0.07445410850116232,0.5665811045818168,0.0005665811045818168
BASELINE_LSTM,14,2025-02-04,2025-02-05,2025-03-06,QQQ,0.1377546936273574,0.04110058812486458,0.05185200558159861,0.04936141841135271,0.04936141841135271,2.220446049250313e-16,0.9999999999999998,1.0,0.07445410850116232,0.07445410850116232,0.5665811045818168,0.0005665811045818168
BASELINE_LSTM,14,2025-02-04,2025-02-05,2025-03-06,SPY,0.1012616977095604,0.03762850741324796,0.07053858768341355,0.0671504351998012,0.0671504351998012,2.220446049250313e-16,0.9999999999999998,1.0,0.07445410850116232,0.07445410850116232,0.5665811045818168,0.0005665811045818168
BASELINE_LSTM,14,2025-02-04,2025-02-05,2025-03-06,TLT,0.1365092992782592,0.041445369293279195,0.05232505902984099,0.04981174986772963,0.04981174986772963,2.220446049250313e-16,0.9999999999999998,1.0,0.07445410850116232,0.07445410850116232,0.5665811045818168,0.0005665811045818168
BASELINE_LSTM,14,2025-02-04,2025-02-05,2025-03-06,XLE,0.2119752168655395,0.025081108435641868,0.03369666156486592,0.03207812295614224,0.03207812295614224,2.220446049250313e-16,0.9999999999999998,1.0,0.07445410850116232,0.07445410850116232,0.5665811045818168,0.0005665811045818168
BASELINE_LSTM,14,2025-02-04,2025-02-05,2025-03-06,XLF,0.1471430510282516,0.03649611948139499,0.048543625356019755,0.04621194832341849,0.04621194832341849,2.220446049250313e-16,0.9999999999999998,1.0,0.07445410850116232,0.07445410850116232,0.5665811045818168,0.0005665811045818168
BASELINE_LSTM,14,2025-02-04,2025-02-05,2025-03-06,XLK,0.1565928161144256,0.020989963239900523,0.04561420708877034,0.04342323766180284,0.04342323766180284,2.220446049250313e-16,0.9999999999999998,1.0,0.07445410850116232,0.07445410850116232,0.5665811045818168,0.0005665811045818168
BASELINE_LSTM,14,2025-02-04,2025-02-05,2025-03-06,XLV,0.089363545179367,0.0636587696706194,0.07993032425605184,0.07609106215089684,0.07609106215089684,2.220446049250313e-16,0.9999999999999998,1.0,0.07445410850116232,0.07445410850116232,0.5665811045818168,0.0005665811045818168
BASELINE_LSTM,15,2025-03-06,2025-03-07,2025-04-04,DBC,0.1344002187252044,0.05242076094325853,0.053146172012275346,0.03742759100306963,0.03742759100306963,2.220446049250313e-16,0.9999999999999998,1.0,0.08612248171142563,0.08612248171142563,0.6498063341043614,0.0006498063341043614
BASELINE_LSTM,15,2025-03-06,2025-03-07,2025-04-04,EEM,0.1139875650405883,0.05505140739432855,0.06266347684779247,0.04413004537274647,0.04413004537274647,2.220446049250313e-16,0.9999999999999998,1.0,0.08612248171142563,0.08612248171142563,0.6498063341043614,0.0006498063341043614
BASELINE_LSTM,15,2025-03-06,2025-03-07,2025-04-04,EFA,0.1183821484446525,0.06948725713808446,0.060337282577673956,0.04249184934772382,0.04249184934772382,2.220446049250313e-16,0.9999999999999998,1.0,0.08612248171142563,0.08612248171142563,0.6498063341043614,0.0006498063341043614
BASELINE_LSTM,15,2025-03-06,2025-03-07,2025-04-04,GLD,0.1288971006870269,0.04639908701782449,0.055415188586751894,0.03902552028213566,0.03902552028213566,2.220446049250313e-16,0.9999999999999998,1.0,0.08612248171142563,0.08612248171142563,0.6498063341043614,0.0006498063341043614
BASELINE_LSTM,15,2025-03-06,2025-03-07,2025-04-04,HYG,0.0428651198744773,0.26590595755841534,0.16663565070560163,0.11735127376058434,0.11735127376058434,2.220446049250313e-16,0.9999999999999998,1.0,0.08612248171142563,0.08612248171142563,0.6498063341043614,0.0006498063341043614
BASELINE_LSTM,15,2025-03-06,2025-03-07,2025-04-04,IWM,0.1592229604721069,0.06916955161569319,0.04486072311228284,0.031592657254047654,0.031592657254047654,2.220446049250313e-16,0.9999999999999998,1.0,0.08612248171142563,0.08612248171142563,0.6498063341043614,0.0006498063341043614
BASELINE_LSTM,15,2025-03-06,2025-03-07,2025-04-04,LQD,0.079831525683403,0.08372612895485382,0.08947414046907216,0.06301115222473878,0.06301115222473878,2.220446049250313e-16,0.9999999999999998,1.0,0.08612248171142563,0.08612248171142563,0.6498063341043614,0.0006498063341043614
BASELINE_LSTM,15,2025-03-06,2025-03-07,2025-04-04,QQQ,0.1972948163747787,0.046456002931628854,0.03620397775321508,0.025496242169964576,0.025496242169964576,2.220446049250313e-16,0.9999999999999998,1.0,0.08612248171142563,0.08612248171142563,0.6498063341043614,0.0006498063341043614
BASELINE_LSTM,15,2025-03-06,2025-03-07,2025-04-04,SPY,0.0844543278217315,0.0646134440746097,0.08457656732446538,0.05956209168804346,0.05956209168804346,2.220446049250313e-16,0.9999999999999998,1.0,0.08612248171142563,0.08612248171142563,0.6498063341043614,0.0006498063341043614
BASELINE_LSTM,15,2025-03-06,2025-03-07,2025-04-04,TLT,0.02,0.05164667837800727,0.3571428571428571,0.25151382085850255,0.25151382085850255,2.220446049250313e-16,0.9999999999999998,1.0,0.08612248171142563,0.08612248171142563,0.6498063341043614,0.0006498063341043614
BASELINE_LSTM,15,2025-03-06,2025-03-07,2025-04-04,XLE,0.1449598968029022,0.03096328152604531,0.04927471183681291,0.03470115892817979,0.03470115892817979,2.220446049250313e-16,0.9999999999999998,1.0,0.08612248171142563,0.08612248171142563,0.6498063341043614,0.0006498063341043614
BASELINE_LSTM,15,2025-03-06,2025-03-07,2025-04-04,XLF,0.0337239205837249,0.04511507988194777,0.21180387746210838,0.14916048698079468,0.14916048698079468,2.220446049250313e-16,0.9999999999999998,1.0,0.08612248171142563,0.08612248171142563,0.6498063341043614,0.0006498063341043614
BASELINE_LSTM,15,2025-03-06,2025-03-07,2025-04-04,XLK,0.0864328145980835,0.04094594801507749,0.08264057089974164,0.058198688085781596,0.058198688085781596,2.220446049250313e-16,0.9999999999999998,1.0,0.08612248171142563,0.08612248171142563,0.6498063341043614,0.0006498063341043614
BASELINE_LSTM,15,2025-03-06,2025-03-07,2025-04-04,XLV,0.1085575371980667,0.07809941457022514,0.06579789231792144,0.046337422043686856,0.046337422043686856,2.220446049250313e-16,0.9999999999999998,1.0,0.08612248171142563,0.08612248171142563,0.6498063341043614,0.0006498063341043614
BASELINE_LSTM,16,2025-04-04,2025-04-07,2025-05-06,DBC,0.1701269000768661,0.03783105819829101,0.04198546578836083,0.04198546578836083,0.04198546578836083,0.22876044349404312,0.7712395565059569,1.0,0.08413336317218847,0.08413336317218847,0.6321064076183598,0.0006321064076183598
BASELINE_LSTM,16,2025-04-04,2025-04-07,2025-05-06,EEM,0.1082739979028701,0.042535893782679725,0.06597019858142508,0.06597019858142508,0.06597019858142508,0.22876044349404312,0.7712395565059569,1.0,0.08413336317218847,0.08413336317218847,0.6321064076183598,0.0006321064076183598
BASELINE_LSTM,16,2025-04-04,2025-04-07,2025-05-06,EFA,0.1478471010923385,0.04005121359669245,0.04831245990001551,0.04831245990001551,0.04831245990001551,0.22876044349404312,0.7712395565059569,1.0,0.08413336317218847,0.08413336317218847,0.6321064076183598,0.0006321064076183598
BASELINE_LSTM,16,2025-04-04,2025-04-07,2025-05-06,GLD,0.1583841294050216,0.04272321591905136,0.0450983136359032,0.0450983136359032,0.0450983136359032,0.22876044349404312,0.7712395565059569,1.0,0.08413336317218847,0.08413336317218847,0.6321064076183598,0.0006321064076183598
BASELINE_LSTM,16,2025-04-04,2025-04-07,2025-05-06,HYG,0.0723101869225502,0.11980626372311652,0.09878078659245751,0.09878078659245751,0.09878078659245751,0.22876044349404312,0.7712395565059569,1.0,0.08413336317218847,0.08413336317218847,0.6321064076183598,0.0006321064076183598
BASELINE_LSTM,16,2025-04-04,2025-04-07,2025-05-06,IWM,0.3281072378158569,0.029341250980724896,0.021769885938529396,0.021769885938529396,0.021769885938529396,0.22876044349404312,0.7712395565059569,1.0,0.08413336317218847,0.08413336317218847,0.6321064076183598,0.0006321064076183598
BASELINE_LSTM,16,2025-04-04,2025-04-07,2025-05-06,LQD,0.0398105680942535,0.0665851841405305,0.17942113073960847,0.17942113073960847,0.17942113073960847,0.22876044349404312,0.7712395565059569,1.0,0.08413336317218847,0.08413336317218847,0.6321064076183598,0.0006321064076183598
BASELINE_LSTM,16,2025-04-04,2025-04-07,2025-05-06,QQQ,0.0967590361833572,0.023209107064641906,0.07382108611873227,0.07382108611873227,0.07382108611873227,0.22876044349404312,0.7712395565059569,1.0,0.08413336317218847,0.08413336317218847,0.6321064076183598,0.0006321064076183598
BASELINE_LSTM,16,2025-04-04,2025-04-07,2025-05-06,SPY,0.1837808340787887,0.05533542187553368,0.03886617001528531,0.03886617001528531,0.03886617001528531,0.22876044349404312,0.7712395565059569,1.0,0.08413336317218847,0.08413336317218847,0.6321064076183598,0.0006321064076183598
BASELINE_LSTM,16,2025-04-04,2025-04-07,2025-05-06,TLT,0.1806211471557617,0.2721854600618695,0.039546073399131826,0.039546073399131826,0.039546073399131826,0.22876044349404312,0.7712395565059569,1.0,0.08413336317218847,0.08413336317218847,0.6321064076183598,0.0006321064076183598
BASELINE_LSTM,16,2025-04-04,2025-04-07,2025-05-06,XLE,0.2484139502048492,0.033640210965194796,0.028753848714884733,0.028753848714884733,0.028753848714884733,0.22876044349404312,0.7712395565059569,1.0,0.08413336317218847,0.08413336317218847,0.6321064076183598,0.0006321064076183598
BASELINE_LSTM,16,2025-04-04,2025-04-07,2025-05-06,XLF,0.2161637246608734,0.14067956013550137,0.033043736427391564,0.033043736427391564,0.033043736427391564,0.22876044349404312,0.7712395565059569,1.0,0.08413336317218847,0.08413336317218847,0.6321064076183598,0.0006321064076183598
BASELINE_LSTM,16,2025-04-04,2025-04-07,2025-05-06,XLK,0.3166554272174835,0.051817185760053376,0.022557191599786874,0.022557191599786874,0.022557191599786874,0.22876044349404312,0.7712395565059569,1.0,0.08413336317218847,0.08413336317218847,0.6321064076183598,0.0006321064076183598
BASELINE_LSTM,16,2025-04-04,2025-04-07,2025-05-06,XLV,0.2144151628017425,0.04425897379611858,0.03331320905444424,0.03331320905444424,0.03331320905444424,0.22876044349404312,0.7712395565059569,1.0,0.08413336317218847,0.08413336317218847,0.6321064076183598,0.0006321064076183598
BASELINE_LSTM,17,2025-05-06,2025-05-07,2025-06-05,DBC,0.1272526830434799,0.040258555264615185,0.05613128911723268,0.05613128911723268,0.047945137060777035,0.4045434699709639,0.5954565300290361,0.8541606261819765,0.1170739986540837,0.1,0.286862002734604,0.000286862002734604
BASELINE_LSTM,17,2025-05-06,2025-05-07,2025-06-05,EEM,0.1248897984623909,0.07039614459163579,0.057193279441540054,0.057193279441540054,0.04885224738118662,0.4045434699709639,0.5954565300290361,0.8541606261819765,0.1170739986540837,0.1,0.286862002734604,0.000286862002734604
BASELINE_LSTM,17,2025-05-06,2025-05-07,2025-06-05,EFA,0.0985185205936431,0.05319199035650284,0.07250268375749479,0.07250268375749479,0.06192893775817557,0.4045434699709639,0.5954565300290361,0.8541606261819765,0.1170739986540837,0.1,0.286862002734604,0.000286862002734604
BASELINE_LSTM,17,2025-05-06,2025-05-07,2025-06-05,GLD,0.1483083665370941,0.048771693776298586,0.048162199541659775,0.048162199541659775,0.041138254518805414,0.4045434699709639,0.5954565300290361,0.8541606261819765,0.1170739986540837,0.1,0.286862002734604,0.000286862002734604
BASELINE_LSTM,17,2025-05-06,2025-05-07,2025-06-05,HYG,0.0999423861503601,0.09729958207855342,0.07146974790166552,0.07146974790166552,0.061046644620754625,0.4045434699709639,0.5954565300290361,0.8541606261819765,0.1170739986540837,0.1,0.286862002734604,0.000286862002734604
BASELINE_LSTM,17,2025-05-06,2025-05-07,2025-06-05,IWM,0.2160282135009765,0.022669400276095295,0.033064464252604925,0.033064464252604925,0.0282423634903766,0.4045434699709639,0.5954565300290361,0.8541606261819765,0.1170739986540837,0.1,0.286862002734604,0.000286862002734604
BASELINE_LSTM,17,2025-05-06,2025-05-07,2025-06-05,LQD,0.0948840528726577,0.16985830143999586,0.07527984868483065,0.07527984868483065,0.06430108269151939,0.4045434699709639,0.5954565300290361,0.8541606261819765,0.1170739986540837,0.1,0.286862002734604,0.000286862002734604
BASELINE_LSTM,17,2025-05-06,2025-05-07,2025-06-05,QQQ,0.151326984167099,0.08062195121245308,0.04720147686925303,0.04720147686925303,0.04031764303935525,0.4045434699709639,0.5954565300290361,0.8541606261819765,0.1170739986540837,0.1,0.286862002734604,0.000286862002734604
BASELINE_LSTM,17,2025-05-06,2025-05-07,2025-06-05,SPY,0.2268007099628448,0.041214995975120905,0.031493980526019115,0.031493980526019115,0.02690091812706746,0.4045434699709639,0.5954565300290361,0.8541606261819765,0.1170739986540837,0.1,0.286862002734604,0.000286862002734604
BASELINE_LSTM,17,2025-05-06,2025-05-07,2025-06-05,TLT,0.0998980700969696,0.03587836524157821,0.07150145279006566,0.07150145279006566,0.061073725688083516,0.4045434699709639,0.5954565300290361,0.8541606261819765,0.1170739986540837,0.1,0.286862002734604,0.000286862002734604
BASELINE_LSTM,17,2025-05-06,2025-05-07,2025-06-05,XLE,0.2423954010009765,0.028187284391003598,0.029467791523108838,0.029467791523108838,0.025170227259578584,0.4045434699709639,0.5954565300290361,0.8541606261819765,0.1170739986540837,0.1,0.286862002734604,0.000286862002734604
BASELINE_LSTM,17,2025-05-06,2025-05-07,2025-06-05,XLF,0.2055800706148147,0.03524016622128495,0.03474489098819488,0.03474489098819488,0.029677717843101054,0.4045434699709639,0.5954565300290361,0.8541606261819765,0.1170739986540837,0.1,0.286862002734604,0.000286862002734604
BASELINE_LSTM,17,2025-05-06,2025-05-07,2025-06-05,XLK,0.2596243619918823,0.025341623572782645,0.02751227615180612,0.02751227615180612,0.023499903025518173,0.4045434699709639,0.5954565300290361,0.8541606261819765,0.1170739986540837,0.1,0.286862002734604,0.000286862002734604
BASELINE_LSTM,17,2025-05-06,2025-05-07,2025-06-05,XLV,0.1725353300571441,0.0317186824009962,0.0413993884063711,0.0413993884063711,0.0353617275247368,0.4045434699709639,0.5954565300290361,0.8541606261819765,0.1170739986540837,0.1,0.286862002734604,0.000286862002734604
BASELINE_LSTM,18,2025-06-05,2025-06-06,2025-07-08,DBC,0.131450742483139,0.048384712876294346,0.05433865954597667,0.05413859688858986,0.025952441649985954,0.5206295851480474,0.47937041485195264,0.47937041485195264,0.2086069496610126,0.1,0.40739596752095286,0.00040739596752095285
BASELINE_LSTM,18,2025-06-05,2025-06-06,2025-07-08,EEM,0.1980612576007843,0.04979794062792598,0.03606387856657161,0.03593109952045622,0.017224306083207894,0.5206295851480474,0.47937041485195264,0.47937041485195264,0.2086069496610126,0.1,0.40739596752095286,0.00040739596752095285
BASELINE_LSTM,18,2025-06-05,2025-06-06,2025-07-08,EFA,0.0738475024700164,0.06327567985376234,0.09672442403529205,0.09636830657732759,0.046196115102553684,0.5206295851480474,0.47937041485195264,0.47937041485195264,0.2086069496610126,0.1,0.40739596752095286,0.00040739596752095285
BASELINE_LSTM,18,2025-06-05,2025-06-06,2025-07-08,GLD,0.2072273939847946,0.03970173016911001,0.03446869164113145,0.03434178571257175,0.01646243606379238,0.5206295851480474,0.47937041485195264,0.47937041485195264,0.2086069496610126,0.1,0.40739596752095286,0.00040739596752095285
BASELINE_LSTM,18,2025-06-05,2025-06-06,2025-07-08,HYG,0.1077287197113037,0.061033363970786424,0.06630411242237812,0.06605999567312944,0.031667207530946255,0.5206295851480474,0.47937041485195264,0.47937041485195264,0.2086069496610126,0.1,0.40739596752095286,0.00040739596752095285
BASELINE_LSTM,18,2025-06-05,2025-06-06,2025-07-08,IWM,0.1440256983041763,0.029459413690196366,0.049594323978014845,0.04941172889139978,0.023686520977222528,0.5206295851480474,0.47937041485195264,0.47937041485195264,0.2086069496610126,0.1,0.40739596752095286,0.00040739596752095285
BASELINE_LSTM,18,2025-06-05,2025-06-06,2025-07-08,LQD,0.0704870447516441,0.06387922009232053,0.10133574429208193,0.10096264899564403,0.04839850693359396,0.5206295851480474,0.47937041485195264,0.47937041485195264,0.2086069496610126,0.1,0.40739596752095286,0.00040739596752095285
BASELINE_LSTM,18,2025-06-05,2025-06-06,2025-07-08,QQQ,0.3047352731227875,0.043259248787220046,0.02343954826646884,0.023353249149903988,0.011194856733130485,0.5206295851480474,0.47937041485195264,0.47937041485195264,0.2086069496610126,0.1,0.40739596752095286,0.00040739596752095285
BASELINE_LSTM,18,2025-06-05,2025-06-06,2025-07-08,SPY,0.02,0.028100584596585744,0.3571428571428571,0.35582793790002476,0.1705733862070497,0.5206295851480474,0.47937041485195264,0.47937041485195264,0.2086069496610126,0.1,0.40739596752095286,0.00040739596752095285
BASELINE_LSTM,18,2025-06-05,2025-06-06,2025-07-08,TLT,0.1415348351001739,0.059592218704476146,0.05046713155670583,0.05028132298994534,0.02410337866099512,0.5206295851480474,0.47937041485195264,0.47937041485195264,0.2086069496610126,0.1,0.40739596752095286,0.00040739596752095285
BASELINE_LSTM,18,2025-06-05,2025-06-06,2025-07-08,XLE,0.2669194936752319,0.02518961845508098,0.02676034277042369,0.026661817239393558,0.012780886390755032,0.5206295851480474,0.47937041485195264,0.47937041485195264,0.2086069496610126,0.1,0.40739596752095286,0.00040739596752095285
BASELINE_LSTM,18,2025-06-05,2025-06-06,2025-07-08,XLF,0.3199784457683563,0.03009619141532118,0.02232293217658826,0.02224074418797704,0.010661554768006709,0.5206295851480474,0.47937041485195264,0.47937041485195264,0.2086069496610126,0.1,0.40739596752095286,0.00040739596752095285
BASELINE_LSTM,18,2025-06-05,2025-06-06,2025-07-08,XLK,0.2638804316520691,0.02556154361966809,0.02706853667829043,0.02696887644698036,0.01292808149048003,0.5206295851480474,0.47937041485195264,0.47937041485195264,0.2086069496610126,0.1,0.40739596752095286,0.00040739596752095285
BASELINE_LSTM,18,2025-06-05,2025-06-06,2025-07-08,XLV,0.1238698810338974,0.0344893122932295,0.057664196358616644,0.057451889826656305,0.02754073626023291,0.5206295851480474,0.47937041485195264,0.47937041485195264,0.2086069496610126,0.1,0.40739596752095286,0.00040739596752095285
BASELINE_LSTM,19,2025-07-08,2025-07-09,2025-08-06,DBC,0.0987216532230377,0.026537251922671434,0.07235350006466751,0.07235350006466751,0.07184660357921818,0.1654726980953798,0.8345273019046202,0.9929941677320893,0.10070552602377429,0.1,0.596942646592329,0.000596942646592329
BASELINE_LSTM,19,2025-07-08,2025-07-09,2025-08-06,EEM,0.1802922934293747,0.0176913386366825,0.03961820556492721,0.03961820556492721,0.03934064706198372,0.1654726980953798,0.8345273019046202,0.9929941677320893,0.10070552602377429,0.1,0.596942646592329,0.000596942646592329
BASELINE_LSTM,19,2025-07-08,2025-07-09,2025-08-06,EFA,0.1320952773094177,0.0461121859957395,0.05407352396199478,0.05407352396199478,0.05369469392298219,0.1654726980953798,0.8345273019046202,0.9929941677320893,0.10070552602377429,0.1,0.596942646592329,0.000596942646592329
BASELINE_LSTM,19,2025-07-08,2025-07-09,2025-08-06,GLD,0.1133773624897003,0.015921993525435295,0.0630007347675426,0.0630007347675426,0.06255936218700607,0.1654726980953798,0.8345273019046202,0.9929941677320893,0.10070552602377429,0.1,0.596942646592329,0.000596942646592329
BASELINE_LSTM,19,2025-07-08,2025-07-09,2025-08-06,HYG,0.0515304580330848,0.031563593222694565,0.13861427620672648,0.13861427620672648,0.1376431678376843,0.1654726980953798,0.8345273019046202,0.9929941677320893,0.10070552602377429,0.1,0.596942646592329,0.000596942646592329
BASELINE_LSTM,19,2025-07-08,2025-07-09,2025-08-06,IWM,0.2931662797927856,0.024787828639668153,0.02436452496482823,0.02436452496482823,0.02419383118963732,0.1654726980953798,0.8345273019046202,0.9929941677320893,0.10070552602377429,0.1,0.596942646592329,0.000596942646592329
BASELINE_LSTM,19,2025-07-08,2025-07-09,2025-08-06,LQD,0.059245515614748,0.048015939596874474,0.12056367589581868,0.12056367589581868,0.11971902700488982,0.1654726980953798,0.8345273019046202,0.9929941677320893,0.10070552602377429,0.1,0.596942646592329,0.000596942646592329
BASELINE_LSTM,19,2025-07-08,2025-07-09,2025-08-06,QQQ,0.2085329294204712,0.011602464474038506,0.03425289791261114,0.03425289791261114,0.034012927855145515,0.1654726980953798,0.8345273019046202,0.9929941677320893,0.10070552602377429,0.1,0.596942646592329,0.000596942646592329
BASELINE_LSTM,19,2025-07-08,2025-07-09,2025-08-06,SPY,0.1378532201051712,0.1760171896719252,0.05181494590701402,0.05181494590701402,0.05145193908701861,0.1654726980953798,0.8345273019046202,0.9929941677320893,0.10070552602377429,0.1,0.596942646592329,0.000596942646592329
BASELINE_LSTM,19,2025-07-08,2025-07-09,2025-08-06,TLT,0.1175416409969329,0.02368117818447863,0.06076873763438037,0.06076873763438037,0.060343002051381225,0.1654726980953798,0.8345273019046202,0.9929941677320893,0.10070552602377429,0.1,0.596942646592329,0.000596942646592329
BASELINE_LSTM,19,2025-07-08,2025-07-09,2025-08-06,XLE,0.2326488494873047,0.013701572102334547,0.03070231019236963,0.03070231019236963,0.030487214956924524,0.1654726980953798,0.8345273019046202,0.9929941677320893,0.10070552602377429,0.1,0.596942646592329,0.000596942646592329
BASELINE_LSTM,19,2025-07-08,2025-07-09,2025-08-06,XLF,0.1893819123506546,0.010846854110817148,0.03771668082869295,0.03771668082869295,0.0374524440891048,0.1654726980953798,0.8345273019046202,0.9929941677320893,0.10070552602377429,0.1,0.596942646592329,0.000596942646592329
BASELINE_LSTM,19,2025-07-08,2025-07-09,2025-08-06,XLK,0.1598466336727142,0.01382474135939758,0.044685690143979724,0.044685690143979724,0.04437262969405517,0.1654726980953798,0.8345273019046202,0.9929941677320893,0.10070552602377429,0.1,0.596942646592329,0.000596942646592329
BASELINE_LSTM,19,2025-07-08,2025-07-09,2025-08-06,XLV,0.1052193343639373,0.027599019939408387,0.06788540514950525,0.06788540514950525,0.06740981138758866,0.1654726980953798,0.8345273019046202,0.9929941677320893,0.10070552602377429,0.1,0.596942646592329,0.000596942646592329
BASELINE_LSTM,20,2025-08-06,2025-08-07,2025-09-05,DBC,0.0944425091147422,0.06973410610543802,0.07563180192702192,0.07157679102541865,0.07157679102541865,2.220446049250313e-16,0.9999999999999998,1.0,0.08094320885825267,0.08094320885825267,0.5315533801348891,0.0005315533801348891
BASELINE_LSTM,20,2025-08-06,2025-08-07,2025-09-05,EEM,0.1787173748016357,0.039732947300517185,0.039967334741712914,0.037824479832053955,0.037824479832053955,2.220446049250313e-16,0.9999999999999998,1.0,0.08094320885825267,0.08094320885825267,0.5315533801348891,0.0005315533801348891
BASELINE_LSTM,20,2025-08-06,2025-08-07,2025-09-05,EFA,0.1973600089550018,0.05334864766760123,0.03619201874117121,0.03425157798996329,0.03425157798996329,2.220446049250313e-16,0.9999999999999998,1.0,0.08094320885825267,0.08094320885825267,0.5315533801348891,0.0005315533801348891
BASELINE_LSTM,20,2025-08-06,2025-08-07,2025-09-05,GLD,0.2030156403779983,0.06358008707835772,0.03518377761219645,0.033297393866973696,0.033297393866973696,2.220446049250313e-16,0.9999999999999998,1.0,0.08094320885825267,0.08094320885825267,0.5315533801348891,0.0005315533801348891
BASELINE_LSTM,20,2025-08-06,2025-08-07,2025-09-05,HYG,0.081195056438446,0.13824138961831828,0.08797157679509891,0.083254966931968,0.083254966931968,2.220446049250313e-16,0.9999999999999998,1.0,0.08094320885825267,0.08094320885825267,0.5315533801348891,0.0005315533801348891
BASELINE_LSTM,20,2025-08-06,2025-08-07,2025-09-05,IWM,0.1895160526037216,0.024011393922726956,0.03768998480457415,0.03566923036834797,0.03566923036834797,2.220446049250313e-16,0.9999999999999998,1.0,0.08094320885825267,0.08094320885825267,0.5315533801348891,0.0005315533801348891
BASELINE_LSTM,20,2025-08-06,2025-08-07,2025-09-05,LQD,0.0847580209374427,0.12163451475929916,0.08427352436802492,0.07975518616475681,0.07975518616475681,2.220446049250313e-16,0.9999999999999998,1.0,0.08094320885825267,0.08094320885825267,0.5315533801348891,0.0005315533801348891
BASELINE_LSTM,20,2025-08-06,2025-08-07,2025-09-05,QQQ,0.02,0.03478042923795006,0.3571428571428571,0.33799458694110485,0.33799458694110485,2.220446049250313e-16,0.9999999999999998,1.0,0.08094320885825267,0.08094320885825267,0.5315533801348891,0.0005315533801348891
BASELINE_LSTM,20,2025-08-06,2025-08-07,2025-09-05,SPY,0.1373438239097595,0.05225092513733468,0.052007122996300816,0.04921875295436381,0.04921875295436381,2.220446049250313e-16,0.9999999999999998,1.0,0.08094320885825267,0.08094320885825267,0.5315533801348891,0.0005315533801348891
BASELINE_LSTM,20,2025-08-06,2025-08-07,2025-09-05,TLT,0.1478874087333679,0.061559736185939185,0.04829929203597911,0.045709717931495954,0.045709717931495954,2.220446049250313e-16,0.9999999999999998,1.0,0.08094320885825267,0.08094320885825267,0.5315533801348891,0.0005315533801348891
BASELINE_LSTM,20,2025-08-06,2025-08-07,2025-09-05,XLE,0.1304223537445068,0.029052310608019404,0.05476712340930275,0.05183077551310344,0.05183077551310344,2.220446049250313e-16,0.9999999999999998,1.0,0.08094320885825267,0.08094320885825267,0.5315533801348891,0.0005315533801348891
BASELINE_LSTM,20,2025-08-06,2025-08-07,2025-09-05,XLF,0.2115655094385147,0.037100637127811545,0.03376191687300053,0.031951766413923256,0.031951766413923256,2.220446049250313e-16,0.9999999999999998,1.0,0.08094320885825267,0.08094320885825267,0.5315533801348891,0.0005315533801348891
BASELINE_LSTM,20,2025-08-06,2025-08-07,2025-09-05,XLK,0.1251973211765289,0.045341000885570144,0.05705279534524285,0.053993900790342095,0.053993900790342095,2.220446049250313e-16,0.9999999999999998,1.0,0.08094320885825267,0.08094320885825267,0.5315533801348891,0.0005315533801348891
BASELINE_LSTM,20,2025-08-06,2025-08-07,2025-09-05,XLV,0.1259508430957794,0.0648931667427804,0.056711467484384784,0.0536708732761839,0.0536708732761839,2.220446049250313e-16,0.9999999999999998,1.0,0.08094320885825267,0.08094320885825267,0.5315533801348891,0.0005315533801348891
BASELINE_LSTM,21,2025-09-05,2025-09-08,2025-10-06,DBC,0.1852564215660095,0.07084506636545915,0.03855659675641549,0.03855659675641549,0.03855659675641549,0.27455847462426475,0.7254415253757353,1.0,0.038163306999808695,0.038163306999808695,0.5029327818142452,0.0005029327818142452
BASELINE_LSTM,21,2025-09-05,2025-09-08,2025-10-06,EEM,0.2345112264156341,0.038036397928846645,0.03045848700734504,0.03045848700734504,0.03045848700734504,0.27455847462426475,0.7254415253757353,1.0,0.038163306999808695,0.038163306999808695,0.5029327818142452,0.0005029327818142452
BASELINE_LSTM,21,2025-09-05,2025-09-08,2025-10-06,EFA,0.2148857116699218,0.03454376569628147,0.03324026100827508,0.03324026100827508,0.03324026100827508,0.27455847462426475,0.7254415253757353,1.0,0.038163306999808695,0.038163306999808695,0.5029327818142452,0.0005029327818142452
BASELINE_LSTM,21,2025-09-05,2025-09-08,2025-10-06,GLD,0.115451730787754,0.0347235015019484,0.06186877489076836,0.06186877489076836,0.06186877489076836,0.27455847462426475,0.7254415253757353,1.0,0.038163306999808695,0.038163306999808695,0.5029327818142452,0.0005029327818142452
BASELINE_LSTM,21,2025-09-05,2025-09-08,2025-10-06,HYG,0.0450184270739555,0.08240991341210123,0.15866518683833578,0.15866518683833578,0.15866518683833578,0.27455847462426475,0.7254415253757353,1.0,0.038163306999808695,0.038163306999808695,0.5029327818142452,0.0005029327818142452
BASELINE_LSTM,21,2025-09-05,2025-09-08,2025-10-06,IWM,0.1989260613918304,0.03761017534365351,0.03590709579670233,0.03590709579670233,0.03590709579670233,0.27455847462426475,0.7254415253757353,1.0,0.038163306999808695,0.038163306999808695,0.5029327818142452,0.0005029327818142452
BASELINE_LSTM,21,2025-09-05,2025-09-08,2025-10-06,LQD,0.0954632759094238,0.07920820877350757,0.07482308851033286,0.07482308851033286,0.07482308851033286,0.27455847462426475,0.7254415253757353,1.0,0.038163306999808695,0.038163306999808695,0.5029327818142452,0.0005029327818142452
BASELINE_LSTM,21,2025-09-05,2025-09-08,2025-10-06,QQQ,0.2123392522335052,0.3356840097708006,0.03363889185689647,0.03363889185689647,0.03363889185689647,0.27455847462426475,0.7254415253757353,1.0,0.038163306999808695,0.038163306999808695,0.5029327818142452,0.0005029327818142452
BASELINE_LSTM,21,2025-09-05,2025-09-08,2025-10-06,SPY,0.131604790687561,0.04924073024825109,0.054275054164363866,0.054275054164363866,0.054275054164363866,0.27455847462426475,0.7254415253757353,1.0,0.038163306999808695,0.038163306999808695,0.5029327818142452,0.0005029327818142452
BASELINE_LSTM,21,2025-09-05,2025-09-08,2025-10-06,TLT,0.1508407592773437,0.04525660572807152,0.047353627607534865,0.047353627607534865,0.047353627607534865,0.27455847462426475,0.7254415253757353,1.0,0.038163306999808695,0.038163306999808695,0.5029327818142452,0.0005029327818142452
BASELINE_LSTM,21,2025-09-05,2025-09-08,2025-10-06,XLE,0.2108267843723297,0.052275196638714216,0.03388021671023797,0.03388021671023797,0.03388021671023797,0.27455847462426475,0.7254415253757353,1.0,0.038163306999808695,0.038163306999808695,0.5029327818142452,0.0005029327818142452
BASELINE_LSTM,21,2025-09-05,2025-09-08,2025-10-06,XLF,0.2007497251033783,0.03192564523695081,0.03558090622131039,0.03558090622131039,0.03558090622131039,0.27455847462426475,0.7254415253757353,1.0,0.038163306999808695,0.038163306999808695,0.5029327818142452,0.0005029327818142452
BASELINE_LSTM,21,2025-09-05,2025-09-08,2025-10-06,XLK,0.1745221316814422,0.0527730475600133,0.040928087882258414,0.040928087882258414,0.040928087882258414,0.27455847462426475,0.7254415253757353,1.0,0.038163306999808695,0.038163306999808695,0.5029327818142452,0.0005029327818142452
BASELINE_LSTM,21,2025-09-05,2025-09-08,2025-10-06,XLV,0.1543892472982406,0.05546773579540034,0.04626525012495829,0.04626525012495829,0.04626525012495829,0.27455847462426475,0.7254415253757353,1.0,0.038163306999808695,0.038163306999808695,0.5029327818142452,0.0005029327818142452
BASELINE_LSTM,22,2025-10-06,2025-10-07,2025-11-05,DBC,0.1650892496109008,0.038634176465932334,0.04326664007312504,0.04326664007312504,0.04326664007312504,0.3032223076060342,0.6967776923939658,1.0,0.034043757406899224,0.034043757406899224,0.17403889743731457,0.00017403889743731457
BASELINE_LSTM,22,2025-10-06,2025-10-07,2025-11-05,EEM,0.2864372432231903,0.03206972986067871,0.02493690088090768,0.02493690088090768,0.02493690088090768,0.3032223076060342,0.6967776923939658,1.0,0.034043757406899224,0.034043757406899224,0.17403889743731457,0.00017403889743731457
BASELINE_LSTM,22,2025-10-06,2025-10-07,2025-11-05,EFA,0.182064801454544,0.033649067170305136,0.039232499010197174,0.039232499010197174,0.039232499010197174,0.3032223076060342,0.6967776923939658,1.0,0.034043757406899224,0.034043757406899224,0.17403889743731457,0.00017403889743731457
BASELINE_LSTM,22,2025-10-06,2025-10-07,2025-11-05,GLD,0.1831273138523101,0.066396247391497,0.039004870396437796,0.039004870396437796,0.039004870396437796,0.3032223076060342,0.6967776923939658,1.0,0.034043757406899224,0.034043757406899224,0.17403889743731457,0.00017403889743731457
BASELINE_LSTM,22,2025-10-06,2025-10-07,2025-11-05,HYG,0.0441042929887771,0.15541098843533213,0.16195378406076555,0.16195378406076555,0.16195378406076555,0.3032223076060342,0.6967776923939658,1.0,0.034043757406899224,0.034043757406899224,0.17403889743731457,0.00017403889743731457
BASELINE_LSTM,22,2025-10-06,2025-10-07,2025-11-05,IWM,0.2458493858575821,0.03644409501693604,0.02905379290634032,0.02905379290634032,0.02905379290634032,0.3032223076060342,0.6967776923939658,1.0,0.034043757406899224,0.034043757406899224,0.17403889743731457,0.00017403889743731457
BASELINE_LSTM,22,2025-10-06,2025-10-07,2025-11-05,LQD,0.0663346275687217,0.07323344829811139,0.10767916252272988,0.10767916252272988,0.10767916252272988,0.3032223076060342,0.6967776923939658,1.0,0.034043757406899224,0.034043757406899224,0.17403889743731457,0.00017403889743731457
BASELINE_LSTM,22,2025-10-06,2025-10-07,2025-11-05,QQQ,0.2345088124275207,0.03464053356778293,0.03045880054108745,0.03045880054108745,0.03045880054108745,0.3032223076060342,0.6967776923939658,1.0,0.034043757406899224,0.034043757406899224,0.17403889743731457,0.00017403889743731457
BASELINE_LSTM,22,2025-10-06,2025-10-07,2025-11-05,SPY,0.1378904432058334,0.05506371569050084,0.05180095862187327,0.05180095862187327,0.05180095862187327,0.3032223076060342,0.6967776923939658,1.0,0.034043757406899224,0.034043757406899224,0.17403889743731457,0.00017403889743731457
BASELINE_LSTM,22,2025-10-06,2025-10-07,2025-11-05,TLT,0.1984173655509948,0.04638873479180587,0.035999153214345915,0.035999153214345915,0.035999153214345915,0.3032223076060342,0.6967776923939658,1.0,0.034043757406899224,0.034043757406899224,0.17403889743731457,0.00017403889743731457
BASELINE_LSTM,22,2025-10-06,2025-10-07,2025-11-05,XLE,0.2745527029037475,0.03407450226430436,0.026016342462894203,0.026016342462894203,0.026016342462894203,0.3032223076060342,0.6967776923939658,1.0,0.034043757406899224,0.034043757406899224,0.17403889743731457,0.00017403889743731457
BASELINE_LSTM,22,2025-10-06,2025-10-07,2025-11-05,XLF,0.3806489706039428,0.03521928974728789,0.018764945381368532,0.018764945381368532,0.018764945381368532,0.3032223076060342,0.6967776923939658,1.0,0.034043757406899224,0.034043757406899224,0.17403889743731457,0.00017403889743731457
BASELINE_LSTM,22,2025-10-06,2025-10-07,2025-11-05,XLK,0.307919442653656,0.04371743886119147,0.023197161833302424,0.023197161833302424,0.023197161833302424,0.3032223076060342,0.6967776923939658,1.0,0.034043757406899224,0.034043757406899224,0.17403889743731457,0.00017403889743731457
BASELINE_LSTM,22,2025-10-06,2025-10-07,2025-11-05,XLV,0.1091968268156051,0.04735954930184023,0.06541268048859064,0.06541268048859064,0.06541268048859064,0.3032223076060342,0.6967776923939658,1.0,0.034043757406899224,0.034043757406899224,0.17403889743731457,0.00017403889743731457
BASELINE_LSTM,23,2025-11-05,2025-11-06,2025-12-08,DBC,0.165343090891838,0.04332209759633141,0.04320021540863637,0.03537149961581314,0.03537149961581314,1.1102230246251565e-16,0.9999999999999999,1.0,0.06308269913103118,0.06308269913103118,0.5597505666098076,0.0005597505666098076
BASELINE_LSTM,23,2025-11-05,2025-11-06,2025-12-08,EEM,0.0994420424103736,0.02466386329441725,0.07182934873139747,0.05881247945233179,0.05881247945233179,1.1102230246251565e-16,0.9999999999999999,1.0,0.06308269913103118,0.06308269913103118,0.5597505666098076,0.0005597505666098076
BASELINE_LSTM,23,2025-11-05,2025-11-06,2025-12-08,EFA,0.1890044212341308,0.03868490365762439,0.037792010875813686,0.030943366497830277,0.030943366497830277,1.1102230246251565e-16,0.9999999999999999,1.0,0.06308269913103118,0.06308269913103118,0.5597505666098076,0.0005597505666098076
BASELINE_LSTM,23,2025-11-05,2025-11-06,2025-12-08,GLD,0.1172974854707717,0.038531402774057415,0.06089522818148566,0.04985983333304551,0.04985983333304551,1.1102230246251565e-16,0.9999999999999999,1.0,0.06308269913103118,0.06308269913103118,0.5597505666098076,0.0005597505666098076
BASELINE_LSTM,23,2025-11-05,2025-11-06,2025-12-08,HYG,0.0552019700407981,0.16146865740105107,0.12939496792556632,0.105946093438977,0.105946093438977,1.1102230246251565e-16,0.9999999999999999,1.0,0.06308269913103118,0.06308269913103118,0.5597505666098076,0.0005597505666098076
BASELINE_LSTM,23,2025-11-05,2025-11-06,2025-12-08,IWM,0.2882553339004516,0.028190671661185048,0.02477961828565474,0.020289071486801175,0.020289071486801175,1.1102230246251565e-16,0.9999999999999999,1.0,0.06308269913103118,0.06308269913103118,0.5597505666098076,0.0005597505666098076
BASELINE_LSTM,23,2025-11-05,2025-11-06,2025-12-08,LQD,0.0244083404541015,0.10752845465061257,0.2926400160751969,0.2396079769108289,0.2396079769108289,1.1102230246251565e-16,0.9999999999999999,1.0,0.06308269913103118,0.06308269913103118,0.5597505666098076,0.0005597505666098076
BASELINE_LSTM,23,2025-11-05,2025-11-06,2025-12-08,QQQ,0.3961377143859863,0.030773154905541066,0.018031247425983096,0.014763636138566304,0.014763636138566304,1.1102230246251565e-16,0.9999999999999999,1.0,0.06308269913103118,0.06308269913103118,0.5597505666098076,0.0005597505666098076
BASELINE_LSTM,23,2025-11-05,2025-11-06,2025-12-08,SPY,0.2336257100105285,0.05177979131464269,0.030573934446406797,0.02503334532699522,0.02503334532699522,1.1102230246251565e-16,0.9999999999999999,1.0,0.06308269913103118,0.06308269913103118,0.5597505666098076,0.0005597505666098076
BASELINE_LSTM,23,2025-11-05,2025-11-06,2025-12-08,TLT,0.1886572837829589,0.03648449944233151,0.03786154978821096,0.031000303612376528,0.031000303612376528,1.1102230246251565e-16,0.9999999999999999,1.0,0.06308269913103118,0.06308269913103118,0.5597505666098076,0.0005597505666098076
BASELINE_LSTM,23,2025-11-05,2025-11-06,2025-12-08,XLE,0.1977501809597015,0.025262895018961447,0.03612060989371609,0.02957485574766592,0.02957485574766592,1.1102230246251565e-16,0.9999999999999999,1.0,0.06308269913103118,0.06308269913103118,0.5597505666098076,0.0005597505666098076
BASELINE_LSTM,23,2025-11-05,2025-11-06,2025-12-08,XLF,0.1972802877426147,0.01831503443873142,0.036206643981461555,0.029645298792286178,0.029645298792286178,1.1102230246251565e-16,0.9999999999999999,1.0,0.06308269913103118,0.06308269913103118,0.5597505666098076,0.0005597505666098076
BASELINE_LSTM,23,2025-11-05,2025-11-06,2025-12-08,XLK,0.1592251509428024,0.02337451182709728,0.04486010596041471,0.03673058584858183,0.03673058584858183,1.1102230246251565e-16,0.9999999999999999,1.0,0.06308269913103118,0.06308269913103118,0.5597505666098076,0.0005597505666098076
BASELINE_LSTM,23,2025-11-05,2025-11-06,2025-12-08,XLV,0.02,0.06658241513030287,0.3571428571428571,0.2924216537979002,0.2924216537979002,1.1102230246251565e-16,0.9999999999999999,1.0,0.06308269913103118,0.06308269913103118,0.5597505666098076,0.0005597505666098076
BASELINE_LSTM,24,2025-12-08,2025-12-09,2025-12-31,DBC,0.20110984146595,0.03513344081068511,0.0355171934440936,0.0355171934440936,0.0355171934440936,0.08819967683290941,0.9118003231670906,1.0,0.060767110224992905,0.060767110224992905,0.6820619068307657,0.0006820619068307657
BASELINE_LSTM,24,2025-12-08,2025-12-09,2025-12-31,EEM,0.2431335151195526,0.05764319754278227,0.02937833206312543,0.02937833206312543,0.02937833206312543,0.08819967683290941,0.9118003231670906,1.0,0.060767110224992905,0.060767110224992905,0.6820619068307657,0.0006820619068307657
BASELINE_LSTM,24,2025-12-08,2025-12-09,2025-12-31,EFA,0.1752411425113678,0.030851521260276436,0.04076016077328296,0.04076016077328296,0.04076016077328296,0.08819967683290941,0.9118003231670906,1.0,0.060767110224992905,0.060767110224992905,0.6820619068307657,0.0006820619068307657
BASELINE_LSTM,24,2025-12-08,2025-12-09,2025-12-31,GLD,0.1455687582492828,0.05171275853593569,0.04906861354567016,0.04906861354567016,0.04906861354567016,0.08819967683290941,0.9118003231670906,1.0,0.060767110224992905,0.060767110224992905,0.6820619068307657,0.0006820619068307657
BASELINE_LSTM,24,2025-12-08,2025-12-09,2025-12-31,HYG,0.0335007831454277,0.10569388345814018,0.2132146317848699,0.2132146317848699,0.2132146317848699,0.08819967683290941,0.9118003231670906,1.0,0.060767110224992905,0.060767110224992905,0.6820619068307657,0.0006820619068307657
BASELINE_LSTM,24,2025-12-08,2025-12-09,2025-12-31,IWM,0.2820930480957031,0.02057994203733651,0.02532092581180466,0.02532092581180466,0.02532092581180466,0.08819967683290941,0.9118003231670906,1.0,0.060767110224992905,0.060767110224992905,0.6820619068307657,0.0006820619068307657
BASELINE_LSTM,24,2025-12-08,2025-12-09,2025-12-31,LQD,0.0591801218688488,0.23778904181063007,0.12069689816940028,0.12069689816940028,0.12069689816940028,0.08819967683290941,0.9118003231670906,1.0,0.060767110224992905,0.060767110224992905,0.6820619068307657,0.0006820619068307657
BASELINE_LSTM,24,2025-12-08,2025-12-09,2025-12-31,QQQ,0.1370404660701751,0.014680915088077553,0.052122247885522076,0.052122247885522076,0.052122247885522076,0.08819967683290941,0.9118003231670906,1.0,0.060767110224992905,0.060767110224992905,0.6820619068307657,0.0006820619068307657
BASELINE_LSTM,24,2025-12-08,2025-12-09,2025-12-31,SPY,0.0636953860521316,0.024951211602120865,0.11214088783465508,0.11214088783465508,0.11214088783465508,0.08819967683290941,0.9118003231670906,1.0,0.060767110224992905,0.060767110224992905,0.6820619068307657,0.0006820619068307657
BASELINE_LSTM,24,2025-12-08,2025-12-09,2025-12-31,TLT,0.1307515949010849,0.03029219789870822,0.05462921617331549,0.05462921617331549,0.05462921617331549,0.08819967683290941,0.9118003231670906,1.0,0.060767110224992905,0.060767110224992905,0.6820619068307657,0.0006820619068307657
BASELINE_LSTM,24,2025-12-08,2025-12-09,2025-12-31,XLE,0.133053570985794,0.030037162341612286,0.053684069431099886,0.053684069431099886,0.053684069431099886,0.08819967683290941,0.9118003231670906,1.0,0.060767110224992905,0.060767110224992905,0.6820619068307657,0.0006820619068307657
BASELINE_LSTM,24,2025-12-08,2025-12-09,2025-12-31,XLF,0.2685833573341369,0.029710060893947357,0.026594563467202913,0.026594563467202913,0.026594563467202913,0.08819967683290941,0.9118003231670906,1.0,0.060767110224992905,0.060767110224992905,0.6820619068307657,0.0006820619068307657
BASELINE_LSTM,24,2025-12-08,2025-12-09,2025-12-31,XLK,0.1856969743967056,0.03670306762263439,0.03846512397987602,0.03846512397987602,0.03846512397987602,0.08819967683290941,0.9118003231670906,1.0,0.060767110224992905,0.060767110224992905,0.6820619068307657,0.0006820619068307657
BASELINE_LSTM,24,2025-12-08,2025-12-09,2025-12-31,XLV,0.1186374127864837,0.29422159909711304,0.06020745880317212,0.06020745880317212,0.06020745880317212,0.08819967683290941,0.9118003231670906,1.0,0.060767110224992905,0.060767110224992905,0.6820619068307657,0.0006820619068307657
CAUSAL_XGBOOST,1,2023-12-28,2023-12-29,2024-01-30,DBC,0.1728040277957916,0.0,0.04133501535796435,0.04133501535796435,0.04133501535796435,0.29587475156667753,0.7041252484333225,1.0,0.0641698114819398,0.0641698114819398,0.7041252484333225,0.0007041252484333225
CAUSAL_XGBOOST,1,2023-12-28,2023-12-29,2024-01-30,EEM,0.1495650708675384,0.0,0.04775752186941549,0.04775752186941549,0.04775752186941549,0.29587475156667753,0.7041252484333225,1.0,0.0641698114819398,0.0641698114819398,0.7041252484333225,0.0007041252484333225
CAUSAL_XGBOOST,1,2023-12-28,2023-12-29,2024-01-30,EFA,0.134490355849266,0.0,0.05311055278091992,0.05311055278091992,0.05311055278091992,0.29587475156667753,0.7041252484333225,1.0,0.0641698114819398,0.0641698114819398,0.7041252484333225,0.0007041252484333225
CAUSAL_XGBOOST,1,2023-12-28,2023-12-29,2024-01-30,GLD,0.133608192205429,0.0,0.05346122138884013,0.05346122138884013,0.05346122138884013,0.29587475156667753,0.7041252484333225,1.0,0.0641698114819398,0.0641698114819398,0.7041252484333225,0.0007041252484333225
CAUSAL_XGBOOST,1,2023-12-28,2023-12-29,2024-01-30,HYG,0.0935369655489921,0.0,0.07636400326794769,0.07636400326794769,0.07636400326794769,0.29587475156667753,0.7041252484333225,1.0,0.0641698114819398,0.0641698114819398,0.7041252484333225,0.0007041252484333225
CAUSAL_XGBOOST,1,2023-12-28,2023-12-29,2024-01-30,IWM,0.2185177952051162,0.0,0.032687759530762035,0.032687759530762035,0.032687759530762035,0.29587475156667753,0.7041252484333225,1.0,0.0641698114819398,0.0641698114819398,0.7041252484333225,0.0007041252484333225
CAUSAL_XGBOOST,1,2023-12-28,2023-12-29,2024-01-30,LQD,0.0967754200100898,0.0,0.07380858840098475,0.07380858840098475,0.07380858840098475,0.29587475156667753,0.7041252484333225,1.0,0.0641698114819398,0.0641698114819398,0.7041252484333225,0.0007041252484333225
CAUSAL_XGBOOST,1,2023-12-28,2023-12-29,2024-01-30,QQQ,0.1646617352962494,0.0,0.04337897405250921,0.04337897405250921,0.04337897405250921,0.29587475156667753,0.7041252484333225,1.0,0.0641698114819398,0.0641698114819398,0.7041252484333225,0.0007041252484333225
CAUSAL_XGBOOST,1,2023-12-28,2023-12-29,2024-01-30,SPY,0.1244874224066734,0.0,0.05737814314704805,0.05737814314704805,0.05737814314704805,0.29587475156667753,0.7041252484333225,1.0,0.0641698114819398,0.0641698114819398,0.7041252484333225,0.0007041252484333225
CAUSAL_XGBOOST,1,2023-12-28,2023-12-29,2024-01-30,TLT,0.1841987073421478,0.0,0.038777998205977285,0.038777998205977285,0.038777998205977285,0.29587475156667753,0.7041252484333225,1.0,0.0641698114819398,0.0641698114819398,0.7041252484333225,0.0007041252484333225
CAUSAL_XGBOOST,1,2023-12-28,2023-12-29,2024-01-30,XLE,0.2176102250814438,0.0,0.03282408783954809,0.03282408783954809,0.03282408783954809,0.29587475156667753,0.7041252484333225,1.0,0.0641698114819398,0.0641698114819398,0.7041252484333225,0.0007041252484333225
CAUSAL_XGBOOST,1,2023-12-28,2023-12-29,2024-01-30,XLF,0.1617219150066375,0.0,0.04416752758934361,0.04416752758934361,0.04416752758934361,0.29587475156667753,0.7041252484333225,1.0,0.0641698114819398,0.0641698114819398,0.7041252484333225,0.0007041252484333225
CAUSAL_XGBOOST,1,2023-12-28,2023-12-29,2024-01-30,XLK,0.1712038666009903,0.0,0.04172135410647219,0.04172135410647219,0.04172135410647219,0.29587475156667753,0.7041252484333225,1.0,0.0641698114819398,0.0641698114819398,0.7041252484333225,0.0007041252484333225
CAUSAL_XGBOOST,1,2023-12-28,2023-12-29,2024-01-30,XLV,0.1060518473386764,0.0,0.06735250089558968,0.06735250089558968,0.06735250089558968,0.29587475156667753,0.7041252484333225,1.0,0.0641698114819398,0.0641698114819398,0.7041252484333225,0.0007041252484333225
CAUSAL_XGBOOST,2,2024-01-30,2024-01-31,2024-02-29,DBC,0.1239330023527145,0.04192614995677228,0.05763482694083779,0.05763482694083779,0.05763482694083779,0.22419310953871807,0.7758068904612819,1.0,0.06219976225514934,0.06219976225514934,0.11014754369063215,0.00011014754369063215
CAUSAL_XGBOOST,2,2024-01-30,2024-01-31,2024-02-29,EEM,0.1535089164972305,0.04563352508060531,0.046530568424577534,0.046530568424577534,0.046530568424577534,0.22419310953871807,0.7758068904612819,1.0,0.06219976225514934,0.06219976225514934,0.11014754369063215,0.00011014754369063215
CAUSAL_XGBOOST,2,2024-01-30,2024-01-31,2024-02-29,EFA,0.1174992844462394,0.052975824063564936,0.06079064376026293,0.06079064376026293,0.06079064376026293,0.22419310953871807,0.7758068904612819,1.0,0.06219976225514934,0.06219976225514934,0.11014754369063215,0.00011014754369063215
CAUSAL_XGBOOST,2,2024-01-30,2024-01-31,2024-02-29,GLD,0.0978059247136116,0.05243989841428685,0.0730309249032955,0.0730309249032955,0.0730309249032955,0.22419310953871807,0.7758068904612819,1.0,0.06219976225514934,0.06219976225514934,0.11014754369063215,0.00011014754369063215
CAUSAL_XGBOOST,2,2024-01-30,2024-01-31,2024-02-29,HYG,0.0690475851297378,0.07605881244155098,0.10344832667842019,0.10344832667842019,0.10344832667842019,0.22419310953871807,0.7758068904612819,1.0,0.06219976225514934,0.06219976225514934,0.11014754369063215,0.00011014754369063215
CAUSAL_XGBOOST,2,2024-01-30,2024-01-31,2024-02-29,IWM,0.1988752484321594,0.03154303601654283,0.035916270119927596,0.035916270119927596,0.035916270119927596,0.22419310953871807,0.7758068904612819,1.0,0.06219976225514934,0.06219976225514934,0.11014754369063215,0.00011014754369063215
CAUSAL_XGBOOST,2,2024-01-30,2024-01-31,2024-02-29,LQD,0.1031107231974601,0.07272324769714598,0.06927365962876973,0.06927365962876973,0.06927365962876973,0.22419310953871807,0.7758068904612819,1.0,0.06219976225514934,0.06219976225514934,0.11014754369063215,0.00011014754369063215
CAUSAL_XGBOOST,2,2024-01-30,2024-01-31,2024-02-29,QQQ,0.1610470116138458,0.0446705204904986,0.044352621456796075,0.044352621456796075,0.044352621456796075,0.22419310953871807,0.7758068904612819,1.0,0.06219976225514934,0.06219976225514934,0.11014754369063215,0.00011014754369063215
CAUSAL_XGBOOST,2,2024-01-30,2024-01-31,2024-02-29,SPY,0.1194953024387359,0.05884366790660418,0.05977521289189772,0.05977521289189772,0.05977521289189772,0.22419310953871807,0.7758068904612819,1.0,0.06219976225514934,0.06219976225514934,0.11014754369063215,0.00011014754369063215
CAUSAL_XGBOOST,2,2024-01-30,2024-01-31,2024-02-29,TLT,0.2026452869176864,0.03704670181682843,0.035248079299068716,0.035248079299068716,0.035248079299068716,0.22419310953871807,0.7758068904612819,1.0,0.06219976225514934,0.06219976225514934,0.11014754369063215,0.00011014754369063215
CAUSAL_XGBOOST,2,2024-01-30,2024-01-31,2024-02-29,XLE,0.1934597641229629,0.033066046808037326,0.036921667796085744,0.036921667796085744,0.036921667796085744,0.22419310953871807,0.7758068904612819,1.0,0.06219976225514934,0.06219976225514934,0.11014754369063215,0.00011014754369063215
CAUSAL_XGBOOST,2,2024-01-30,2024-01-31,2024-02-29,XLF,0.1310597211122512,0.04575783488483042,0.05450078088247544,0.05450078088247544,0.05450078088247544,0.22419310953871807,0.7758068904612819,1.0,0.06219976225514934,0.06219976225514934,0.11014754369063215,0.00011014754369063215
CAUSAL_XGBOOST,2,2024-01-30,2024-01-31,2024-02-29,XLK,0.17514668405056,0.04345382009595867,0.04078214315947425,0.04078214315947425,0.04078214315947425,0.22419310953871807,0.7758068904612819,1.0,0.06219976225514934,0.06219976225514934,0.11014754369063215,0.00011014754369063215
CAUSAL_XGBOOST,2,2024-01-30,2024-01-31,2024-02-29,XLV,0.1240054294466972,0.06920649482871659,0.05760116451939265,0.05760116451939265,0.05760116451939265,0.22419310953871807,0.7758068904612819,1.0,0.06219976225514934,0.06219976225514934,0.11014754369063215,0.00011014754369063215
CAUSAL_XGBOOST,3,2024-02-29,2024-03-01,2024-04-01,DBC,0.1214199140667915,0.05561016882895943,0.05882772358847125,0.05882772358847125,0.05882772358847125,0.2232002778588481,0.7767997221411519,1.0,0.05956057776472783,0.05956057776472783,0.05963143244726614,5.963143244726614e-05
CAUSAL_XGBOOST,3,2024-02-29,2024-03-01,2024-04-01,EEM,0.1464297175407409,0.047739527136757554,0.04878010599774459,0.04878010599774459,0.04878010599774459,0.2232002778588481,0.7767997221411519,1.0,0.05956057776472783,0.05956057776472783,0.05963143244726614,5.963143244726614e-05
CAUSAL_XGBOOST,3,2024-02-29,2024-03-01,2024-04-01,EFA,0.1223436966538429,0.061687484045946026,0.058383532116632185,0.058383532116632185,0.058383532116632185,0.2232002778588481,0.7767997221411519,1.0,0.05956057776472783,0.05956057776472783,0.05963143244726614,5.963143244726614e-05
CAUSAL_XGBOOST,3,2024-02-29,2024-03-01,2024-04-01,GLD,0.1164899840950965,0.07260011012113,0.06131735014253309,0.06131735014253309,0.06131735014253309,0.2232002778588481,0.7767997221411519,1.0,0.05956057776472783,0.05956057776472783,0.05963143244726614,5.963143244726614e-05
CAUSAL_XGBOOST,3,2024-02-29,2024-03-01,2024-04-01,HYG,0.0625999793410301,0.10246697565220377,0.11410318690273877,0.11410318690273877,0.11410318690273877,0.2232002778588481,0.7767997221411519,1.0,0.05956057776472783,0.05956057776472783,0.05963143244726614,5.963143244726614e-05
CAUSAL_XGBOOST,3,2024-02-29,2024-03-01,2024-04-01,IWM,0.205846831202507,0.036651620764414264,0.03469986446296167,0.03469986446296167,0.03469986446296167,0.2232002778588481,0.7767997221411519,1.0,0.05956057776472783,0.05956057776472783,0.05963143244726614,5.963143244726614e-05
CAUSAL_XGBOOST,3,2024-02-29,2024-03-01,2024-04-01,LQD,0.0962226092815399,0.06744910343738764,0.07423262782198825,0.07423262782198825,0.07423262782198825,0.2232002778588481,0.7767997221411519,1.0,0.05956057776472783,0.05956057776472783,0.05963143244726614,5.963143244726614e-05
CAUSAL_XGBOOST,3,2024-02-29,2024-03-01,2024-04-01,QQQ,0.1762250065803527,0.04533817689377025,0.040532596828703985,0.040532596828703985,0.040532596828703985,0.2232002778588481,0.7767997221411519,1.0,0.05956057776472783,0.05956057776472783,0.05963143244726614,5.963143244726614e-05
CAUSAL_XGBOOST,3,2024-02-29,2024-03-01,2024-04-01,SPY,0.1285189837217331,0.0612695336853976,0.055578226157800344,0.055578226157800344,0.055578226157800344,0.2232002778588481,0.7767997221411519,1.0,0.05956057776472783,0.05956057776472783,0.05963143244726614,5.963143244726614e-05
CAUSAL_XGBOOST,3,2024-02-29,2024-03-01,2024-04-01,TLT,0.1866288483142852,0.034455777982460356,0.03827306018000222,0.03827306018000222,0.03827306018000222,0.2232002778588481,0.7767997221411519,1.0,0.05956057776472783,0.05956057776472783,0.05963143244726614,5.963143244726614e-05
CAUSAL_XGBOOST,3,2024-02-29,2024-03-01,2024-04-01,XLE,0.2002132982015609,0.037054659972749746,0.03567623732798312,0.03567623732798312,0.03567623732798312,0.2232002778588481,0.7767997221411519,1.0,0.05956057776472783,0.05956057776472783,0.05963143244726614,5.963143244726614e-05
CAUSAL_XGBOOST,3,2024-02-29,2024-03-01,2024-04-01,XLF,0.1288533061742782,0.055486222734250155,0.05543402303698906,0.05543402303698906,0.05543402303698906,0.2232002778588481,0.7767997221411519,1.0,0.05956057776472783,0.05956057776472783,0.05963143244726614,5.963143244726614e-05
CAUSAL_XGBOOST,3,2024-02-29,2024-03-01,2024-04-01,XLK,0.1810103058815002,0.04139946126904961,0.039461052275848146,0.039461052275848146,0.039461052275848146,0.2232002778588481,0.7767997221411519,1.0,0.05956057776472783,0.05956057776472783,0.05963143244726614,5.963143244726614e-05
CAUSAL_XGBOOST,3,2024-02-29,2024-03-01,2024-04-01,XLV,0.1161437630653381,0.05876824144392142,0.06150013530075516,0.06150013530075516,0.06150013530075516,0.2232002778588481,0.7767997221411519,1.0,0.05956057776472783,0.05956057776472783,0.05963143244726614,5.963143244726614e-05
CAUSAL_XGBOOST,4,2024-04-01,2024-04-02,2024-04-30,DBC,0.1122808083891868,0.060311932199171664,0.06361601101141551,0.06361601101141551,0.06361601101141551,0.18260208243771148,0.8173979175622885,1.0,0.05301074620012322,0.05301074620012322,0.14445398258808415,0.00014445398258808415
CAUSAL_XGBOOST,4,2024-04-01,2024-04-02,2024-04-30,EEM,0.1594498306512832,0.04903111412775082,0.04479689387992247,0.04479689387992247,0.04479689387992247,0.18260208243771148,0.8173979175622885,1.0,0.05301074620012322,0.05301074620012322,0.14445398258808415,0.00014445398258808415
CAUSAL_XGBOOST,4,2024-04-01,2024-04-02,2024-04-30,EFA,0.1243990212678909,0.05870550787555374,0.057418917528901915,0.057418917528901915,0.057418917528901915,0.18260208243771148,0.8173979175622885,1.0,0.05301074620012322,0.05301074620012322,0.14445398258808415,0.00014445398258808415
CAUSAL_XGBOOST,4,2024-04-01,2024-04-02,2024-04-30,GLD,0.09897331148386,0.0657518226856542,0.07216952768142915,0.07216952768142915,0.07216952768142915,0.18260208243771148,0.8173979175622885,1.0,0.05301074620012322,0.05301074620012322,0.14445398258808415,0.00014445398258808415
CAUSAL_XGBOOST,4,2024-04-01,2024-04-02,2024-04-30,HYG,0.0518777184188365,0.11221304195399978,0.13768641645318797,0.13768641645318797,0.13768641645318797,0.18260208243771148,0.8173979175622885,1.0,0.05301074620012322,0.05301074620012322,0.14445398258808415,0.00014445398258808415
CAUSAL_XGBOOST,4,2024-04-01,2024-04-02,2024-04-30,IWM,0.197937786579132,0.034746876987652046,0.036086374745842455,0.036086374745842455,0.036086374745842455,0.18260208243771148,0.8173979175622885,1.0,0.05301074620012322,0.05301074620012322,0.14445398258808415,0.00014445398258808415
CAUSAL_XGBOOST,4,2024-04-01,2024-04-02,2024-04-30,LQD,0.0610836595296859,0.07292364700523364,0.11693564527491682,0.11693564527491682,0.11693564527491682,0.18260208243771148,0.8173979175622885,1.0,0.05301074620012322,0.05301074620012322,0.14445398258808415,0.00014445398258808415
CAUSAL_XGBOOST,4,2024-04-01,2024-04-02,2024-04-30,QQQ,0.2297051101922989,0.04018237522389869,0.03109576942749537,0.03109576942749537,0.03109576942749537,0.18260208243771148,0.8173979175622885,1.0,0.05301074620012322,0.05301074620012322,0.14445398258808415,0.00014445398258808415
CAUSAL_XGBOOST,4,2024-04-01,2024-04-02,2024-04-30,SPY,0.1606703698635101,0.05596726579260942,0.04445659239426049,0.04445659239426049,0.04445659239426049,0.18260208243771148,0.8173979175622885,1.0,0.05301074620012322,0.05301074620012322,0.14445398258808415,0.00014445398258808415
CAUSAL_XGBOOST,4,2024-04-01,2024-04-02,2024-04-30,TLT,0.1540489941835403,0.03697588099657445,0.046367437714957424,0.046367437714957424,0.046367437714957424,0.18260208243771148,0.8173979175622885,1.0,0.05301074620012322,0.05301074620012322,0.14445398258808415,0.00014445398258808415
CAUSAL_XGBOOST,4,2024-04-01,2024-04-02,2024-04-30,XLE,0.1867564916610717,0.03878881825773703,0.03824690150969478,0.03824690150969478,0.03824690150969478,0.18260208243771148,0.8173979175622885,1.0,0.05301074620012322,0.05301074620012322,0.14445398258808415,0.00014445398258808415
CAUSAL_XGBOOST,4,2024-04-01,2024-04-02,2024-04-30,XLF,0.1691141277551651,0.05644084578549673,0.042236903786052764,0.042236903786052764,0.042236903786052764,0.18260208243771148,0.8173979175622885,1.0,0.05301074620012322,0.05301074620012322,0.14445398258808415,0.00014445398258808415
CAUSAL_XGBOOST,4,2024-04-01,2024-04-02,2024-04-30,XLK,0.2429203242063522,0.03895847977196551,0.02940411497553222,0.02940411497553222,0.02940411497553222,0.18260208243771148,0.8173979175622885,1.0,0.05301074620012322,0.05301074620012322,0.14445398258808415,0.00014445398258808415
CAUSAL_XGBOOST,4,2024-04-01,2024-04-02,2024-04-30,XLV,0.1255767494440078,0.06097786938014795,0.05688041117867924,0.05688041117867924,0.05688041117867924,0.18260208243771148,0.8173979175622885,1.0,0.05301074620012322,0.05301074620012322,0.14445398258808415,0.00014445398258808415
CAUSAL_XGBOOST,5,2024-04-30,2024-05-01,2024-05-30,DBC,0.1416472643613815,0.06547710237693505,0.05042707443070507,0.05042707443070507,0.05042707443070507,0.19333693108078753,0.8066630689192125,1.0,0.06099334267295961,0.06099334267295961,0.13418657973164777,0.00013418657973164778
CAUSAL_XGBOOST,5,2024-04-30,2024-05-01,2024-05-30,EEM,0.1360883861780166,0.04541653535708592,0.05248689725450637,0.05248689725450637,0.05248689725450637,0.19333693108078753,0.8066630689192125,1.0,0.06099334267295961,0.06099334267295961,0.13418657973164777,0.00013418657973164778
CAUSAL_XGBOOST,5,2024-04-30,2024-05-01,2024-05-30,EFA,0.1171960681676864,0.05678682012220898,0.06094792474297862,0.06094792474297862,0.06094792474297862,0.19333693108078753,0.8066630689192125,1.0,0.06099334267295961,0.06099334267295961,0.13418657973164777,0.00013418657973164778
CAUSAL_XGBOOST,5,2024-04-30,2024-05-01,2024-05-30,GLD,0.1161929741501808,0.0748848502443059,0.06147408821487705,0.06147408821487705,0.06147408821487705,0.19333693108078753,0.8066630689192125,1.0,0.06099334267295961,0.06099334267295961,0.13418657973164777,0.00013418657973164778
CAUSAL_XGBOOST,5,2024-04-30,2024-05-01,2024-05-30,HYG,0.054812204092741,0.13880756530689597,0.13031508696077232,0.13031508696077232,0.13031508696077232,0.19333693108078753,0.8066630689192125,1.0,0.06099334267295961,0.06099334267295961,0.13418657973164777,0.00013418657973164778
CAUSAL_XGBOOST,5,2024-04-30,2024-05-01,2024-05-30,IWM,0.1979234963655471,0.03453859985942989,0.036088980207104465,0.036088980207104465,0.036088980207104465,0.19333693108078753,0.8066630689192125,1.0,0.06099334267295961,0.06099334267295961,0.13418657973164777,0.00013418657973164778
CAUSAL_XGBOOST,5,2024-04-30,2024-05-01,2024-05-30,LQD,0.0848826020956039,0.11626941832616002,0.08414983714580393,0.08414983714580393,0.08414983714580393,0.19333693108078753,0.8066630689192125,1.0,0.06099334267295961,0.06099334267295961,0.13418657973164777,0.00013418657973164778
CAUSAL_XGBOOST,5,2024-04-30,2024-05-01,2024-05-30,QQQ,0.1809998899698257,0.030200757341901814,0.03946332312162135,0.03946332312162135,0.03946332312162135,0.19333693108078753,0.8066630689192125,1.0,0.06099334267295961,0.06099334267295961,0.13418657973164777,0.00013418657973164778
CAUSAL_XGBOOST,5,2024-04-30,2024-05-01,2024-05-30,SPY,0.1167599931359291,0.04349877257136293,0.06117555295281326,0.06117555295281326,0.06117555295281326,0.19333693108078753,0.8066630689192125,1.0,0.06099334267295961,0.06099334267295961,0.13418657973164777,0.00013418657973164778
CAUSAL_XGBOOST,5,2024-04-30,2024-05-01,2024-05-30,TLT,0.1652646511793136,0.04498437675661856,0.04322071956638253,0.04322071956638253,0.04322071956638253,0.19333693108078753,0.8066630689192125,1.0,0.06099334267295961,0.06099334267295961,0.13418657973164777,0.00013418657973164778
CAUSAL_XGBOOST,5,2024-04-30,2024-05-01,2024-05-30,XLE,0.1726672798395156,0.038276535641445,0.04136775160583998,0.04136775160583998,0.04136775160583998,0.19333693108078753,0.8066630689192125,1.0,0.06099334267295961,0.06099334267295961,0.13418657973164777,0.00013418657973164778
CAUSAL_XGBOOST,5,2024-04-30,2024-05-01,2024-05-30,XLF,0.1362199783325195,0.041418164887149195,0.05243619350328397,0.05243619350328397,0.05243619350328397,0.19333693108078753,0.8066630689192125,1.0,0.06099334267295961,0.06099334267295961,0.13418657973164777,0.00013418657973164778
CAUSAL_XGBOOST,5,2024-04-30,2024-05-01,2024-05-30,XLK,0.1923451423645019,0.02812455034388309,0.03713562534020816,0.03713562534020816,0.03713562534020816,0.19333693108078753,0.8066630689192125,1.0,0.06099334267295961,0.06099334267295961,0.13418657973164777,0.00013418657973164778
CAUSAL_XGBOOST,5,2024-04-30,2024-05-01,2024-05-30,XLV,0.1276102364063263,0.055465453436931475,0.0559740138723153,0.0559740138723153,0.0559740138723153,0.19333693108078753,0.8066630689192125,1.0,0.06099334267295961,0.06099334267295961,0.13418657973164777,0.00013418657973164778
CAUSAL_XGBOOST,6,2024-05-30,2024-05-31,2024-07-01,DBC,0.1449929773807525,0.04957542280591131,0.04926346966515456,0.04926346966515456,0.04926346966515456,0.23955122954556762,0.7604487704544324,1.0,0.05532533515181281,0.05532533515181281,0.09716615518760635,9.716615518760635e-05
CAUSAL_XGBOOST,6,2024-05-30,2024-05-31,2024-07-01,EEM,0.1551094800233841,0.0530327814429093,0.04605042284830234,0.04605042284830234,0.04605042284830234,0.23955122954556762,0.7604487704544324,1.0,0.05532533515181281,0.05532533515181281,0.09716615518760635,9.716615518760635e-05
CAUSAL_XGBOOST,6,2024-05-30,2024-05-31,2024-07-01,EFA,0.1486697494983673,0.062246805499292734,0.048045127989777,0.048045127989777,0.048045127989777,0.23955122954556762,0.7604487704544324,1.0,0.05532533515181281,0.05532533515181281,0.09716615518760635,9.716615518760635e-05
CAUSAL_XGBOOST,6,2024-05-30,2024-05-31,2024-07-01,GLD,0.1457463651895523,0.06167084901255226,0.04900881839191947,0.04900881839191947,0.04900881839191947,0.23955122954556762,0.7604487704544324,1.0,0.05532533515181281,0.05532533515181281,0.09716615518760635,9.716615518760635e-05
CAUSAL_XGBOOST,6,2024-05-30,2024-05-31,2024-07-01,HYG,0.058654673397541,0.12952977433770418,0.12177814194693982,0.12177814194693982,0.12177814194693982,0.23955122954556762,0.7604487704544324,1.0,0.05532533515181281,0.05532533515181281,0.09716615518760635,9.716615518760635e-05
CAUSAL_XGBOOST,6,2024-05-30,2024-05-31,2024-07-01,IWM,0.1884030699729919,0.03689230365483939,0.037912636688356996,0.037912636688356996,0.037912636688356996,0.23955122954556762,0.7604487704544324,1.0,0.05532533515181281,0.05532533515181281,0.09716615518760635,9.716615518760635e-05
CAUSAL_XGBOOST,6,2024-05-30,2024-05-31,2024-07-01,LQD,0.0764428824186325,0.08404420304203591,0.0934404475192332,0.0934404475192332,0.0934404475192332,0.23955122954556762,0.7604487704544324,1.0,0.05532533515181281,0.05532533515181281,0.09716615518760635,9.716615518760635e-05
CAUSAL_XGBOOST,6,2024-05-30,2024-05-31,2024-07-01,QQQ,0.1942525506019592,0.04118971011087936,0.03677098252106606,0.03677098252106606,0.03677098252106606,0.23955122954556762,0.7604487704544324,1.0,0.05532533515181281,0.05532533515181281,0.09716615518760635,9.716615518760635e-05
CAUSAL_XGBOOST,6,2024-05-30,2024-05-31,2024-07-01,SPY,0.1427318900823593,0.06250693117010446,0.05004387694113463,0.05004387694113463,0.05004387694113463,0.23955122954556762,0.7604487704544324,1.0,0.05532533515181281,0.05532533515181281,0.09716615518760635,9.716615518760635e-05
CAUSAL_XGBOOST,6,2024-05-30,2024-05-31,2024-07-01,TLT,0.1417214721441269,0.04334833839678022,0.05040066995347784,0.05040066995347784,0.05040066995347784,0.23955122954556762,0.7604487704544324,1.0,0.05532533515181281,0.05532533515181281,0.09716615518760635,9.716615518760635e-05
CAUSAL_XGBOOST,6,2024-05-30,2024-05-31,2024-07-01,XLE,0.1808254122734069,0.039479468988042006,0.03950140111975626,0.03950140111975626,0.03950140111975626,0.23955122954556762,0.7604487704544324,1.0,0.05532533515181281,0.05532533515181281,0.09716615518760635,9.716615518760635e-05
CAUSAL_XGBOOST,6,2024-05-30,2024-05-31,2024-07-01,XLF,0.1687199771404266,0.05232947521702504,0.04233557438732997,0.04233557438732997,0.04233557438732997,0.23955122954556762,0.7604487704544324,1.0,0.05532533515181281,0.05532533515181281,0.09716615518760635,9.716615518760635e-05
CAUSAL_XGBOOST,6,2024-05-30,2024-05-31,2024-07-01,XLK,0.2084660977125167,0.03896398131074594,0.03426387897713438,0.03426387897713438,0.03426387897713438,0.23955122954556762,0.7604487704544324,1.0,0.05532533515181281,0.05532533515181281,0.09716615518760635,9.716615518760635e-05
CAUSAL_XGBOOST,6,2024-05-30,2024-05-31,2024-07-01,XLV,0.1158927828073501,0.0554434447547366,0.06163332150484983,0.06163332150484983,0.06163332150484983,0.23955122954556762,0.7604487704544324,1.0,0.05532533515181281,0.05532533515181281,0.09716615518760635,9.716615518760635e-05
CAUSAL_XGBOOST,7,2024-07-01,2024-07-02,2024-07-31,DBC,0.1434816718101501,0.04897698808576955,0.04978236629629128,0.04978236629629128,0.04978236629629128,0.19472819694031251,0.8052718030596875,1.0,0.05668972388452716,0.05668972388452716,0.057482260081469595,5.7482260081469595e-05
CAUSAL_XGBOOST,7,2024-07-01,2024-07-02,2024-07-31,EEM,0.1426720470190048,0.04633672215428609,0.05006486759039541,0.05006486759039541,0.05006486759039541,0.19472819694031251,0.8052718030596875,1.0,0.05668972388452716,0.05668972388452716,0.057482260081469595,5.7482260081469595e-05
CAUSAL_XGBOOST,7,2024-07-01,2024-07-02,2024-07-31,EFA,0.154037520289421,0.04712449477768959,0.04637089151679691,0.04637089151679691,0.04637089151679691,0.19472819694031251,0.8052718030596875,1.0,0.05668972388452716,0.05668972388452716,0.057482260081469595,5.7482260081469595e-05
CAUSAL_XGBOOST,7,2024-07-01,2024-07-02,2024-07-31,GLD,0.1375652253627777,0.04818966413699299,0.05192342122815183,0.05192342122815183,0.05192342122815183,0.19472819694031251,0.8052718030596875,1.0,0.05668972388452716,0.05668972388452716,0.057482260081469595,5.7482260081469595e-05
CAUSAL_XGBOOST,7,2024-07-01,2024-07-02,2024-07-31,HYG,0.0522933863103389,0.12127570176252943,0.13659197934643855,0.13659197934643855,0.13659197934643855,0.19472819694031251,0.8052718030596875,1.0,0.05668972388452716,0.05668972388452716,0.057482260081469595,5.7482260081469595e-05
CAUSAL_XGBOOST,7,2024-07-01,2024-07-02,2024-07-31,IWM,0.1881355941295623,0.0370300258821846,0.03796653778305296,0.03796653778305296,0.03796653778305296,0.19472819694031251,0.8052718030596875,1.0,0.05668972388452716,0.05668972388452716,0.057482260081469595,5.7482260081469595e-05
CAUSAL_XGBOOST,7,2024-07-01,2024-07-02,2024-07-31,LQD,0.0682093426585197,0.09271144049124166,0.10471963025090028,0.10471963025090028,0.10471963025090028,0.19472819694031251,0.8052718030596875,1.0,0.05668972388452716,0.05668972388452716,0.057482260081469595,5.7482260081469595e-05
CAUSAL_XGBOOST,7,2024-07-01,2024-07-02,2024-07-31,QQQ,0.1816869378089904,0.03882877962568187,0.039314092851113557,0.039314092851113557,0.039314092851113557,0.19472819694031251,0.8052718030596875,1.0,0.05668972388452716,0.05668972388452716,0.057482260081469595,5.7482260081469595e-05
CAUSAL_XGBOOST,7,2024-07-01,2024-07-02,2024-07-31,SPY,0.1371113657951355,0.051752227934226534,0.05209529568489325,0.05209529568489325,0.05209529568489325,0.19472819694031251,0.8052718030596875,1.0,0.05668972388452716,0.05668972388452716,0.057482260081469595,5.7482260081469595e-05
CAUSAL_XGBOOST,7,2024-07-01,2024-07-02,2024-07-31,TLT,0.1379544734954834,0.05015622894943683,0.05177691568726837,0.05177691568726837,0.05177691568726837,0.19472819694031251,0.8052718030596875,1.0,0.05668972388452716,0.05668972388452716,0.057482260081469595,5.7482260081469595e-05
CAUSAL_XGBOOST,7,2024-07-01,2024-07-02,2024-07-31,XLE,0.1844602078199386,0.03944715546691889,0.0387230244792398,0.0387230244792398,0.0387230244792398,0.19472819694031251,0.8052718030596875,1.0,0.05668972388452716,0.05668972388452716,0.057482260081469595,5.7482260081469595e-05
CAUSAL_XGBOOST,7,2024-07-01,2024-07-02,2024-07-31,XLF,0.1351022273302078,0.042150343714024756,0.05287001764522394,0.05287001764522394,0.05287001764522394,0.19472819694031251,0.8052718030596875,1.0,0.05668972388452716,0.05668972388452716,0.057482260081469595,5.7482260081469595e-05
CAUSAL_XGBOOST,7,2024-07-01,2024-07-02,2024-07-31,XLK,0.2071660757064819,0.03683327595994039,0.03447889389466122,0.03447889389466122,0.03447889389466122,0.19472819694031251,0.8052718030596875,1.0,0.05668972388452716,0.05668972388452716,0.057482260081469595,5.7482260081469595e-05
CAUSAL_XGBOOST,7,2024-07-01,2024-07-02,2024-07-31,XLV,0.1219045147299766,0.06254701094552362,0.058593868805260074,0.058593868805260074,0.058593868805260074,0.19472819694031251,0.8052718030596875,1.0,0.05668972388452716,0.05668972388452716,0.057482260081469595,5.7482260081469595e-05
CAUSAL_XGBOOST,8,2024-07-31,2024-08-01,2024-08-29,DBC,0.1338068097829818,0.046832550054849785,0.05338186564975265,0.05338186564975265,0.05338186564975265,0.250078714591329,0.749921285408671,1.0,0.05239916066304929,0.05239916066304929,0.10643957854268181,0.00010643957854268181
CAUSAL_XGBOOST,8,2024-07-31,2024-08-01,2024-08-29,EEM,0.1227360665798187,0.04937878132726351,0.058196888183734835,0.058196888183734835,0.058196888183734835,0.250078714591329,0.749921285408671,1.0,0.05239916066304929,0.05239916066304929,0.10643957854268181,0.00010643957854268181
CAUSAL_XGBOOST,8,2024-07-31,2024-08-01,2024-08-29,EFA,0.1371927857398986,0.04655346164818852,0.05206437863576267,0.05206437863576267,0.05206437863576267,0.250078714591329,0.749921285408671,1.0,0.05239916066304929,0.05239916066304929,0.10643957854268181,0.00010643957854268181
CAUSAL_XGBOOST,8,2024-07-31,2024-08-01,2024-08-29,GLD,0.150910884141922,0.05349451904081637,0.04733162345096159,0.04733162345096159,0.04733162345096159,0.250078714591329,0.749921285408671,1.0,0.05239916066304929,0.05239916066304929,0.10643957854268181,0.00010643957854268181
CAUSAL_XGBOOST,8,2024-07-31,2024-08-01,2024-08-29,HYG,0.0611883848905563,0.13708114153003365,0.11673550716583071,0.11673550716583071,0.11673550716583071,0.250078714591329,0.749921285408671,1.0,0.05239916066304929,0.05239916066304929,0.10643957854268181,0.00010643957854268181
CAUSAL_XGBOOST,8,2024-07-31,2024-08-01,2024-08-29,IWM,0.1982688456773758,0.04141344347718615,0.036026119577455155,0.036026119577455155,0.036026119577455155,0.250078714591329,0.749921285408671,1.0,0.05239916066304929,0.05239916066304929,0.10643957854268181,0.00010643957854268181
CAUSAL_XGBOOST,8,2024-07-31,2024-08-01,2024-08-29,LQD,0.0699557438492775,0.10599711873366759,0.10210537047889476,0.10210537047889476,0.10210537047889476,0.250078714591329,0.749921285408671,1.0,0.05239916066304929,0.05239916066304929,0.10643957854268181,0.00010643957854268181
CAUSAL_XGBOOST,8,2024-07-31,2024-08-01,2024-08-29,QQQ,0.2264308333396911,0.03767289533953969,0.031545426201481326,0.031545426201481326,0.031545426201481326,0.250078714591329,0.749921285408671,1.0,0.05239916066304929,0.05239916066304929,0.10643957854268181,0.00010643957854268181
CAUSAL_XGBOOST,8,2024-07-31,2024-08-01,2024-08-29,SPY,0.1763982474803924,0.05158259802768237,0.04049278972372506,0.04049278972372506,0.04049278972372506,0.250078714591329,0.749921285408671,1.0,0.05239916066304929,0.05239916066304929,0.10643957854268181,0.00010643957854268181
CAUSAL_XGBOOST,8,2024-07-31,2024-08-01,2024-08-29,TLT,0.1697072088718414,0.05352448475706471,0.04208929715090211,0.04208929715090211,0.04208929715090211,0.250078714591329,0.749921285408671,1.0,0.05239916066304929,0.05239916066304929,0.10643957854268181,0.00010643957854268181
CAUSAL_XGBOOST,8,2024-07-31,2024-08-01,2024-08-29,XLE,0.2149260640144348,0.038797813390784225,0.03323402015298348,0.03323402015298348,0.03323402015298348,0.250078714591329,0.749921285408671,1.0,0.05239916066304929,0.05239916066304929,0.10643957854268181,0.00010643957854268181
CAUSAL_XGBOOST,8,2024-07-31,2024-08-01,2024-08-29,XLF,0.1470130234956741,0.055025155410434186,0.04858656038094015,0.04858656038094015,0.04858656038094015,0.250078714591329,0.749921285408671,1.0,0.05239916066304929,0.05239916066304929,0.10643957854268181,0.00010643957854268181
CAUSAL_XGBOOST,8,2024-07-31,2024-08-01,2024-08-29,XLK,0.273914098739624,0.03244519034663686,0.026076997042956032,0.026076997042956032,0.026076997042956032,0.250078714591329,0.749921285408671,1.0,0.05239916066304929,0.05239916066304929,0.10643957854268181,0.00010643957854268181
CAUSAL_XGBOOST,8,2024-07-31,2024-08-01,2024-08-29,XLV,0.1151062995195388,0.059303851237272394,0.06205444161329045,0.06205444161329045,0.06205444161329045,0.250078714591329,0.749921285408671,1.0,0.05239916066304929,0.05239916066304929,0.10643957854268181,0.00010643957854268181
CAUSAL_XGBOOST,9,2024-08-29,2024-08-30,2024-09-30,DBC,0.1568352282047271,0.05226599858379991,0.045543703571069585,0.045543703571069585,0.045543703571069585,0.2819037661973245,0.7180962338026755,1.0,0.05945706409278359,0.05945706409278359,0.09387185735089029,9.38718573508903e-05
CAUSAL_XGBOOST,9,2024-08-29,2024-08-30,2024-09-30,EEM,0.1623210310935974,0.05798310397343121,0.04400450819424893,0.04400450819424893,0.04400450819424893,0.2819037661973245,0.7180962338026755,1.0,0.05945706409278359,0.05945706409278359,0.09387185735089029,9.38718573508903e-05
CAUSAL_XGBOOST,9,2024-08-29,2024-08-30,2024-09-30,EFA,0.1571215093135833,0.053072662188687385,0.045460721285469706,0.045460721285469706,0.045460721285469706,0.2819037661973245,0.7180962338026755,1.0,0.05945706409278359,0.05945706409278359,0.09387185735089029,9.38718573508903e-05
CAUSAL_XGBOOST,9,2024-08-29,2024-08-30,2024-09-30,GLD,0.1606781184673309,0.0481202267911912,0.044454448502329394,0.044454448502329394,0.044454448502329394,0.2819037661973245,0.7180962338026755,1.0,0.05945706409278359,0.05945706409278359,0.09387185735089029,9.38718573508903e-05
CAUSAL_XGBOOST,9,2024-08-29,2024-08-30,2024-09-30,HYG,0.0559995733201503,0.11719113091188345,0.1275519922628934,0.1275519922628934,0.1275519922628934,0.2819037661973245,0.7180962338026755,1.0,0.05945706409278359,0.05945706409278359,0.09387185735089029,9.38718573508903e-05
CAUSAL_XGBOOST,9,2024-08-29,2024-08-30,2024-09-30,IWM,0.2142888605594635,0.03481655571376198,0.03333284392015821,0.03333284392015821,0.03333284392015821,0.2819037661973245,0.7180962338026755,1.0,0.05945706409278359,0.05945706409278359,0.09387185735089029,9.38718573508903e-05
CAUSAL_XGBOOST,9,2024-08-29,2024-08-30,2024-09-30,LQD,0.0783310160040855,0.10312965842335274,0.09118810794544774,0.09118810794544774,0.09118810794544774,0.2819037661973245,0.7180962338026755,1.0,0.05945706409278359,0.05945706409278359,0.09387185735089029,9.38718573508903e-05
CAUSAL_XGBOOST,9,2024-08-29,2024-08-30,2024-09-30,QQQ,0.1916956156492233,0.03116275446180608,0.03726145284369775,0.03726145284369775,0.03726145284369775,0.2819037661973245,0.7180962338026755,1.0,0.05945706409278359,0.05945706409278359,0.09387185735089029,9.38718573508903e-05
CAUSAL_XGBOOST,9,2024-08-29,2024-08-30,2024-09-30,SPY,0.1552068889141082,0.04058448052178194,0.04602152129220253,0.04602152129220253,0.04602152129220253,0.2819037661973245,0.7180962338026755,1.0,0.05945706409278359,0.05945706409278359,0.09387185735089029,9.38718573508903e-05
CAUSAL_XGBOOST,9,2024-08-29,2024-08-30,2024-09-30,TLT,0.156203955411911,0.0429515351455608,0.04572776101617513,0.04572776101617513,0.04572776101617513,0.2819037661973245,0.7180962338026755,1.0,0.05945706409278359,0.05945706409278359,0.09387185735089029,9.38718573508903e-05
CAUSAL_XGBOOST,9,2024-08-29,2024-08-30,2024-09-30,XLE,0.2011492401361465,0.03205921826073671,0.03551023676759877,0.03551023676759877,0.03551023676759877,0.2819037661973245,0.7180962338026755,1.0,0.05945706409278359,0.05945706409278359,0.09387185735089029,9.38718573508903e-05
CAUSAL_XGBOOST,9,2024-08-29,2024-08-30,2024-09-30,XLF,0.1655449122190475,0.0497632918506625,0.04314754858431276,0.04314754858431276,0.04314754858431276,0.2819037661973245,0.7180962338026755,1.0,0.05945706409278359,0.05945706409278359,0.09387185735089029,9.38718573508903e-05
CAUSAL_XGBOOST,9,2024-08-29,2024-08-30,2024-09-30,XLK,0.2634458839893341,0.025622844979559165,0.02711318557987541,0.02711318557987541,0.02711318557987541,0.2819037661973245,0.7180962338026755,1.0,0.05945706409278359,0.05945706409278359,0.09387185735089029,9.38718573508903e-05
CAUSAL_XGBOOST,9,2024-08-29,2024-08-30,2024-09-30,XLV,0.1379510462284088,0.06401625838512104,0.05177820203719619,0.05177820203719619,0.05177820203719619,0.2819037661973245,0.7180962338026755,1.0,0.05945706409278359,0.05945706409278359,0.09387185735089029,9.38718573508903e-05
CAUSAL_XGBOOST,10,2024-09-30,2024-10-01,2024-10-30,DBC,0.1810720115900039,0.04482201607237978,0.03944760474098287,0.03944760474098287,0.03944760474098287,0.18992940660092872,0.8100705933990713,1.0,0.06891974497302246,0.06891974497302246,0.1300395628100593,0.0001300395628100593
CAUSAL_XGBOOST,10,2024-09-30,2024-10-01,2024-10-30,EEM,0.1855345070362091,0.04607428855269588,0.03849880680936153,0.03849880680936153,0.03849880680936153,0.18992940660092872,0.8100705933990713,1.0,0.06891974497302246,0.06891974497302246,0.1300395628100593,0.0001300395628100593
CAUSAL_XGBOOST,10,2024-09-30,2024-10-01,2024-10-30,EFA,0.1596883237361908,0.045344081018291495,0.044729990119110566,0.044729990119110566,0.044729990119110566,0.18992940660092872,0.8100705933990713,1.0,0.06891974497302246,0.06891974497302246,0.1300395628100593,0.0001300395628100593
CAUSAL_XGBOOST,10,2024-09-30,2024-10-01,2024-10-30,GLD,0.1460280418395996,0.04583325209406028,0.048914284221540226,0.048914284221540226,0.048914284221540226,0.18992940660092872,0.8100705933990713,1.0,0.06891974497302246,0.06891974497302246,0.1300395628100593,0.0001300395628100593
CAUSAL_XGBOOST,10,2024-09-30,2024-10-01,2024-10-30,HYG,0.043788619339466,0.1281932110367678,0.16312131441009828,0.16312131441009828,0.16312131441009828,0.18992940660092872,0.8100705933990713,1.0,0.06891974497302246,0.06891974497302246,0.1300395628100593,0.0001300395628100593
CAUSAL_XGBOOST,10,2024-09-30,2024-10-01,2024-10-30,IWM,0.1902552545070648,0.0333637883206053,0.037543547280014314,0.037543547280014314,0.037543547280014314,0.18992940660092872,0.8100705933990713,1.0,0.06891974497302246,0.06891974497302246,0.1300395628100593,0.0001300395628100593
CAUSAL_XGBOOST,10,2024-09-30,2024-10-01,2024-10-30,LQD,0.0527439601719379,0.09161914769918945,0.13542512013835198,0.13542512013835198,0.13542512013835198,0.18992940660092872,0.8100705933990713,1.0,0.06891974497302246,0.06891974497302246,0.1300395628100593,0.0001300395628100593
CAUSAL_XGBOOST,10,2024-09-30,2024-10-01,2024-10-30,QQQ,0.1932447701692581,0.03823482618088275,0.03696274489912922,0.03696274489912922,0.03696274489912922,0.18992940660092872,0.8100705933990713,1.0,0.06891974497302246,0.06891974497302246,0.1300395628100593,0.0001300395628100593
CAUSAL_XGBOOST,10,2024-09-30,2024-10-01,2024-10-30,SPY,0.1322904825210571,0.04687372734582932,0.05399373414274297,0.05399373414274297,0.05399373414274297,0.18992940660092872,0.8100705933990713,1.0,0.06891974497302246,0.06891974497302246,0.1300395628100593,0.0001300395628100593
CAUSAL_XGBOOST,10,2024-09-30,2024-10-01,2024-10-30,TLT,0.1323745399713516,0.04559702570080566,0.05395944827761437,0.05395944827761437,0.05395944827761437,0.18992940660092872,0.8100705933990713,1.0,0.06891974497302246,0.06891974497302246,0.1300395628100593,0.0001300395628100593
CAUSAL_XGBOOST,10,2024-09-30,2024-10-01,2024-10-30,XLE,0.2341085225343704,0.03415698916766841,0.03051088044779947,0.03051088044779947,0.03051088044779947,0.18992940660092872,0.8100705933990713,1.0,0.06891974497302246,0.06891974497302246,0.1300395628100593,0.0001300395628100593
CAUSAL_XGBOOST,10,2024-09-30,2024-10-01,2024-10-30,XLF,0.1760357767343521,0.04279950725004127,0.04057616738690634,0.04057616738690634,0.04057616738690634,0.18992940660092872,0.8100705933990713,1.0,0.06891974497302246,0.06891974497302246,0.1300395628100593,0.0001300395628100593
CAUSAL_XGBOOST,10,2024-09-30,2024-10-01,2024-10-30,XLK,0.2175018489360809,0.027866482583566953,0.032840443324030195,0.032840443324030195,0.032840443324030195,0.18992940660092872,0.8100705933990713,1.0,0.06891974497302246,0.06891974497302246,0.1300395628100593,0.0001300395628100593
CAUSAL_XGBOOST,10,2024-09-30,2024-10-01,2024-10-30,XLV,0.1333953887224197,0.05066371524356694,0.05354650720138908,0.05354650720138908,0.05354650720138908,0.18992940660092872,0.8100705933990713,1.0,0.06891974497302246,0.06891974497302246,0.1300395628100593,0.0001300395628100593
CAUSAL_XGBOOST,11,2024-10-30,2024-10-31,2024-12-02,DBC,0.130863606929779,0.04069371007692065,0.054582456577786195,0.054582456577786195,0.054582456577786195,0.13899720753059397,0.861002792469406,1.0,0.06612292022251282,0.06612292022251282,0.07576571954256645,7.576571954256644e-05
CAUSAL_XGBOOST,11,2024-10-30,2024-10-31,2024-12-02,EEM,0.1626644730567932,0.03801267501864104,0.04391159918713942,0.04391159918713942,0.04391159918713942,0.13899720753059397,0.861002792469406,1.0,0.06612292022251282,0.06612292022251282,0.07576571954256645,7.576571954256644e-05
CAUSAL_XGBOOST,11,2024-10-30,2024-10-31,2024-12-02,EFA,0.1496958583593368,0.042847011573486436,0.04771579669032059,0.04771579669032059,0.04771579669032059,0.13899720753059397,0.861002792469406,1.0,0.06612292022251282,0.06612292022251282,0.07576571954256645,7.576571954256644e-05
CAUSAL_XGBOOST,11,2024-10-30,2024-10-31,2024-12-02,GLD,0.1300407946109771,0.05231706194379962,0.054927818337509565,0.054927818337509565,0.054927818337509565,0.13899720753059397,0.861002792469406,1.0,0.06612292022251282,0.06612292022251282,0.07576571954256645,7.576571954256644e-05
CAUSAL_XGBOOST,11,2024-10-30,2024-10-31,2024-12-02,HYG,0.0408350527286529,0.16320321296082455,0.1749197482447521,0.1749197482447521,0.1749197482447521,0.13899720753059397,0.861002792469406,1.0,0.06612292022251282,0.06612292022251282,0.07576571954256645,7.576571954256644e-05
CAUSAL_XGBOOST,11,2024-10-30,2024-10-31,2024-12-02,IWM,0.1792492717504501,0.037658519389929423,0.03984873730924492,0.03984873730924492,0.03984873730924492,0.13899720753059397,0.861002792469406,1.0,0.06612292022251282,0.06612292022251282,0.07576571954256645,7.576571954256644e-05
CAUSAL_XGBOOST,11,2024-10-30,2024-10-31,2024-12-02,LQD,0.0562842488288879,0.13241560035672956,0.12690685745087302,0.12690685745087302,0.12690685745087302,0.13899720753059397,0.861002792469406,1.0,0.06612292022251282,0.06612292022251282,0.07576571954256645,7.576571954256644e-05
CAUSAL_XGBOOST,11,2024-10-30,2024-10-31,2024-12-02,QQQ,0.1647784858942031,0.03757533723909296,0.043348238722397604,0.043348238722397604,0.043348238722397604,0.13899720753059397,0.861002792469406,1.0,0.06612292022251282,0.06612292022251282,0.07576571954256645,7.576571954256644e-05
CAUSAL_XGBOOST,11,2024-10-30,2024-10-31,2024-12-02,SPY,0.122916892170906,0.05456911575940073,0.05811127353371071,0.05811127353371071,0.05811127353371071,0.13899720753059397,0.861002792469406,1.0,0.06612292022251282,0.06612292022251282,0.07576571954256645,7.576571954256644e-05
CAUSAL_XGBOOST,11,2024-10-30,2024-10-31,2024-12-02,TLT,0.1325879245996475,0.051299454354494775,0.05387260690915237,0.05387260690915237,0.05387260690915237,0.13899720753059397,0.861002792469406,1.0,0.06612292022251282,0.06612292022251282,0.07576571954256645,7.576571954256644e-05
CAUSAL_XGBOOST,11,2024-10-30,2024-10-31,2024-12-02,XLE,0.2189326286315918,0.030850571323384354,0.0326258227816593,0.0326258227816593,0.0326258227816593,0.13899720753059397,0.861002792469406,1.0,0.06612292022251282,0.06612292022251282,0.07576571954256645,7.576571954256644e-05
CAUSAL_XGBOOST,11,2024-10-30,2024-10-31,2024-12-02,XLF,0.1856724023818969,0.04226830047584768,0.03847021448112406,0.03847021448112406,0.03847021448112406,0.13899720753059397,0.861002792469406,1.0,0.06612292022251282,0.06612292022251282,0.07576571954256645,7.576571954256644e-05
CAUSAL_XGBOOST,11,2024-10-30,2024-10-31,2024-12-02,XLK,0.1680745929479599,0.03323237580317971,0.04249813738991919,0.04249813738991919,0.04249813738991919,0.13899720753059397,0.861002792469406,1.0,0.06612292022251282,0.06612292022251282,0.07576571954256645,7.576571954256644e-05
CAUSAL_XGBOOST,11,2024-10-30,2024-10-31,2024-12-02,XLV,0.1449929326772689,0.05161918525536557,0.04926348485381699,0.04926348485381699,0.04926348485381699,0.13899720753059397,0.861002792469406,1.0,0.06612292022251282,0.06612292022251282,0.07576571954256645,7.576571954256644e-05
CAUSAL_XGBOOST,12,2024-12-02,2024-12-03,2025-01-02,DBC,0.1607957780361175,0.053462402926502686,0.0444219197176479,0.0444219197176479,0.0444219197176479,0.11987125080427397,0.880128749195726,1.0,0.05403442224961789,0.05403442224961789,0.12753378657129588,0.00012753378657129588
CAUSAL_XGBOOST,12,2024-12-02,2024-12-03,2025-01-02,EEM,0.1428868770599365,0.042264761669278415,0.049989595194672366,0.049989595194672366,0.049989595194672366,0.11987125080427397,0.880128749195726,1.0,0.05403442224961789,0.05403442224961789,0.12753378657129588,0.00012753378657129588
CAUSAL_XGBOOST,12,2024-12-02,2024-12-03,2025-01-02,EFA,0.12757208943367,0.04663324805854141,0.05599075138273886,0.05599075138273886,0.05599075138273886,0.11987125080427397,0.880128749195726,1.0,0.05403442224961789,0.05403442224961789,0.12753378657129588,0.00012753378657129588
CAUSAL_XGBOOST,12,2024-12-02,2024-12-03,2025-01-02,GLD,0.1173374950885772,0.05232482430027044,0.06087446418951634,0.06087446418951634,0.06087446418951634,0.11987125080427397,0.880128749195726,1.0,0.05403442224961789,0.05403442224961789,0.12753378657129588,0.00012753378657129588
CAUSAL_XGBOOST,12,2024-12-02,2024-12-03,2025-01-02,HYG,0.0368000902235507,0.17459629965985796,0.19409890300448168,0.19409890300448168,0.19409890300448168,0.11987125080427397,0.880128749195726,1.0,0.05403442224961789,0.05403442224961789,0.12753378657129588,0.00012753378657129588
CAUSAL_XGBOOST,12,2024-12-02,2024-12-03,2025-01-02,IWM,0.1978629976511001,0.04217254092136402,0.03610001479636144,0.03610001479636144,0.03610001479636144,0.11987125080427397,0.880128749195726,1.0,0.05403442224961789,0.05403442224961789,0.12753378657129588,0.00012753378657129588
CAUSAL_XGBOOST,12,2024-12-02,2024-12-03,2025-01-02,LQD,0.0710930824279785,0.12729647324190352,0.10047190104738081,0.10047190104738081,0.10047190104738081,0.11987125080427397,0.880128749195726,1.0,0.05403442224961789,0.05403442224961789,0.12753378657129588,0.00012753378657129588
CAUSAL_XGBOOST,12,2024-12-02,2024-12-03,2025-01-02,QQQ,0.1740810424089431,0.04430450891917566,0.04103179211253501,0.04103179211253501,0.04103179211253501,0.11987125080427397,0.880128749195726,1.0,0.05403442224961789,0.05403442224961789,0.12753378657129588,0.00012753378657129588
CAUSAL_XGBOOST,12,2024-12-02,2024-12-03,2025-01-02,SPY,0.1218366175889968,0.05945217189204485,0.05862652201124649,0.05862652201124649,0.05862652201124649,0.11987125080427397,0.880128749195726,1.0,0.05403442224961789,0.05403442224961789,0.12753378657129588,0.00012753378657129588
CAUSAL_XGBOOST,12,2024-12-02,2024-12-03,2025-01-02,TLT,0.1414905190467834,0.05454624901809858,0.05048293829846917,0.05048293829846917,0.05048293829846917,0.11987125080427397,0.880128749195726,1.0,0.05403442224961789,0.05403442224961789,0.12753378657129588,0.00012753378657129588
CAUSAL_XGBOOST,12,2024-12-02,2024-12-03,2025-01-02,XLE,0.190010592341423,0.0342722347566034,0.037591889245955336,0.037591889245955336,0.037591889245955336,0.11987125080427397,0.880128749195726,1.0,0.05403442224961789,0.05403442224961789,0.12753378657129588,0.00012753378657129588
CAUSAL_XGBOOST,12,2024-12-02,2024-12-03,2025-01-02,XLF,0.1402063071727752,0.04025280837880052,0.0509453339645773,0.0509453339645773,0.0509453339645773,0.11987125080427397,0.880128749195726,1.0,0.05403442224961789,0.05403442224961789,0.12753378657129588,0.00012753378657129588
CAUSAL_XGBOOST,12,2024-12-02,2024-12-03,2025-01-02,XLK,0.188007190823555,0.043210594559712705,0.03799246779640852,0.03799246779640852,0.03799246779640852,0.11987125080427397,0.880128749195726,1.0,0.05403442224961789,0.05403442224961789,0.12753378657129588,0.00012753378657129588
CAUSAL_XGBOOST,12,2024-12-02,2024-12-03,2025-01-02,XLV,0.116124652326107,0.048440615719781394,0.061510256433734825,0.061510256433734825,0.061510256433734825,0.11987125080427397,0.880128749195726,1.0,0.05403442224961789,0.05403442224961789,0.12753378657129588,0.00012753378657129588
CAUSAL_XGBOOST,13,2025-01-02,2025-01-03,2025-02-04,DBC,0.144089326262474,0.047026661919842415,0.049572423774441626,0.049572423774441626,0.049572423774441626,0.1713684528494106,0.8286315471505894,1.0,0.05469885496823673,0.05469885496823673,0.1211261358617286,0.0001211261358617286
CAUSAL_XGBOOST,13,2025-01-02,2025-01-03,2025-02-04,EEM,0.1557004898786544,0.05000977485950965,0.04587562408072029,0.04587562408072029,0.04587562408072029,0.1713684528494106,0.8286315471505894,1.0,0.05469885496823673,0.05469885496823673,0.1211261358617286,0.0001211261358617286
CAUSAL_XGBOOST,13,2025-01-02,2025-01-03,2025-02-04,EFA,0.1323446482419967,0.055251088787391066,0.05397163570827726,0.05397163570827726,0.05397163570827726,0.1713684528494106,0.8286315471505894,1.0,0.05469885496823673,0.05469885496823673,0.1211261358617286,0.0001211261358617286
CAUSAL_XGBOOST,13,2025-01-02,2025-01-03,2025-02-04,GLD,0.117335207760334,0.06278951497873755,0.060875650874092,0.060875650874092,0.060875650874092,0.1713684528494106,0.8286315471505894,1.0,0.05469885496823673,0.05469885496823673,0.1211261358617286,0.0001211261358617286
CAUSAL_XGBOOST,13,2025-01-02,2025-01-03,2025-02-04,HYG,0.0514207035303115,0.19758817813678092,0.13891014032210913,0.13891014032210913,0.13891014032210913,0.1713684528494106,0.8286315471505894,1.0,0.05469885496823673,0.05469885496823673,0.1211261358617286,0.0001211261358617286
CAUSAL_XGBOOST,13,2025-01-02,2025-01-03,2025-02-04,IWM,0.2023048847913742,0.033886736568049095,0.035307388401536494,0.035307388401536494,0.035307388401536494,0.1713684528494106,0.8286315471505894,1.0,0.05469885496823673,0.05469885496823673,0.1211261358617286,0.0001211261358617286
CAUSAL_XGBOOST,13,2025-01-02,2025-01-03,2025-02-04,LQD,0.0578344501554966,0.0998984381043158,0.12350523128779646,0.12350523128779646,0.12350523128779646,0.1713684528494106,0.8286315471505894,1.0,0.05469885496823673,0.05469885496823673,0.1211261358617286,0.0001211261358617286
CAUSAL_XGBOOST,13,2025-01-02,2025-01-03,2025-02-04,QQQ,0.1893975138664245,0.04163595242958036,0.03771357393790687,0.03771357393790687,0.03771357393790687,0.1713684528494106,0.8286315471505894,1.0,0.05469885496823673,0.05469885496823673,0.1211261358617286,0.0001211261358617286
CAUSAL_XGBOOST,13,2025-01-02,2025-01-03,2025-02-04,SPY,0.1357931643724441,0.058291485014168795,0.052601006654990436,0.052601006654990436,0.052601006654990436,0.1713684528494106,0.8286315471505894,1.0,0.05469885496823673,0.05469885496823673,0.1211261358617286,0.0001211261358617286
CAUSAL_XGBOOST,13,2025-01-02,2025-01-03,2025-02-04,TLT,0.142348513007164,0.04837178726258438,0.05017865653782884,0.05017865653782884,0.05017865653782884,0.1713684528494106,0.8286315471505894,1.0,0.05469885496823673,0.05469885496823673,0.1211261358617286,0.0001211261358617286
CAUSAL_XGBOOST,13,2025-01-02,2025-01-03,2025-02-04,XLE,0.2071969807147979,0.03555914653102574,0.03447375110494071,0.03447375110494071,0.03447375110494071,0.1713684528494106,0.8286315471505894,1.0,0.05469885496823673,0.05469885496823673,0.1211261358617286,0.0001211261358617286
CAUSAL_XGBOOST,13,2025-01-02,2025-01-03,2025-02-04,XLF,0.1473869383335113,0.049648207530287765,0.04846329819738901,0.04846329819738901,0.04846329819738901,0.1713684528494106,0.8286315471505894,1.0,0.05469885496823673,0.05469885496823673,0.1211261358617286,0.0001211261358617286
CAUSAL_XGBOOST,13,2025-01-02,2025-01-03,2025-02-04,XLK,0.228628471493721,0.03827844849391698,0.031242203108781716,0.031242203108781716,0.031242203108781716,0.1713684528494106,0.8286315471505894,1.0,0.05469885496823673,0.05469885496823673,0.1211261358617286,0.0001211261358617286
CAUSAL_XGBOOST,13,2025-01-02,2025-01-03,2025-02-04,XLV,0.1083220019936561,0.05911981621705316,0.06594096315977861,0.06594096315977861,0.06594096315977861,0.1713684528494106,0.8286315471505894,1.0,0.05469885496823673,0.05469885496823673,0.1211261358617286,0.0001211261358617286
CAUSAL_XGBOOST,14,2025-02-04,2025-02-05,2025-03-06,DBC,0.1384847909212112,0.04969163582007246,0.05157863975778367,0.05157863975778367,0.05157863975778367,0.13972410153170034,0.8602758984682997,1.0,0.060021322868250675,0.060021322868250675,0.11928851295936486,0.00011928851295936487
CAUSAL_XGBOOST,14,2025-02-04,2025-02-05,2025-03-06,EEM,0.1632485538721084,0.04623238927945807,0.0437544895402441,0.0437544895402441,0.0437544895402441,0.13972410153170034,0.8602758984682997,1.0,0.060021322868250675,0.060021322868250675,0.11928851295936486,0.00011928851295936487
CAUSAL_XGBOOST,14,2025-02-04,2025-02-05,2025-03-06,EFA,0.1197615414857864,0.055317173468062426,0.05964232803153152,0.05964232803153152,0.05964232803153152,0.13972410153170034,0.8602758984682997,1.0,0.060021322868250675,0.060021322868250675,0.11928851295936486,0.00011928851295936487
CAUSAL_XGBOOST,14,2025-02-04,2025-02-05,2025-03-06,GLD,0.1215983256697654,0.06347544623511865,0.05874141032381966,0.05874141032381966,0.05874141032381966,0.13972410153170034,0.8602758984682997,1.0,0.060021322868250675,0.060021322868250675,0.11928851295936486,0.00011928851295936487
CAUSAL_XGBOOST,14,2025-02-04,2025-02-05,2025-03-06,HYG,0.0355897210538387,0.1371884804277462,0.20070000357832854,0.20070000357832854,0.20070000357832854,0.13972410153170034,0.8602758984682997,1.0,0.060021322868250675,0.060021322868250675,0.11928851295936486,0.00011928851295936487
CAUSAL_XGBOOST,14,2025-02-04,2025-02-05,2025-03-06,IWM,0.2092932909727096,0.03532099826293629,0.03412845729387724,0.03412845729387724,0.03412845729387724,0.13972410153170034,0.8602758984682997,1.0,0.060021322868250675,0.060021322868250675,0.11928851295936486,0.00011928851295936487
CAUSAL_XGBOOST,14,2025-02-04,2025-02-05,2025-03-06,LQD,0.0655271261930465,0.12151644024073201,0.10900611026056437,0.10900611026056437,0.10900611026056437,0.13972410153170034,0.8602758984682997,1.0,0.060021322868250675,0.060021322868250675,0.11928851295936486,0.00011928851295936487
CAUSAL_XGBOOST,14,2025-02-04,2025-02-05,2025-03-06,QQQ,0.1986450552940368,0.03779158369469775,0.03595789048100996,0.03595789048100996,0.03595789048100996,0.13972410153170034,0.8602758984682997,1.0,0.060021322868250675,0.060021322868250675,0.11928851295936486,0.00011928851295936487
CAUSAL_XGBOOST,14,2025-02-04,2025-02-05,2025-03-06,SPY,0.1438044607639312,0.05278202545327867,0.04967062290635634,0.04967062290635634,0.04967062290635634,0.13972410153170034,0.8602758984682997,1.0,0.060021322868250675,0.060021322868250675,0.11928851295936486,0.00011928851295936487
CAUSAL_XGBOOST,14,2025-02-04,2025-02-05,2025-03-06,TLT,0.1343586146831512,0.04957387678770414,0.053162628683703375,0.053162628683703375,0.053162628683703375,0.13972410153170034,0.8602758984682997,1.0,0.060021322868250675,0.060021322868250675,0.11928851295936486,0.00011928851295936487
CAUSAL_XGBOOST,14,2025-02-04,2025-02-05,2025-03-06,XLE,0.2072409391403198,0.034917898848247454,0.03446643878611658,0.03446643878611658,0.03446643878611658,0.13972410153170034,0.8602758984682997,1.0,0.060021322868250675,0.060021322868250675,0.11928851295936486,0.00011928851295936487
CAUSAL_XGBOOST,14,2025-02-04,2025-02-05,2025-03-06,XLF,0.1751235127449035,0.050116334917536316,0.040787539211036165,0.040787539211036165,0.040787539211036165,0.13972410153170034,0.8602758984682997,1.0,0.060021322868250675,0.060021322868250675,0.11928851295936486,0.00011928851295936487
CAUSAL_XGBOOST,14,2025-02-04,2025-02-05,2025-03-06,XLK,0.2453684508800506,0.030326828180753832,0.029110739857704685,0.029110739857704685,0.029110739857704685,0.13972410153170034,0.8602758984682997,1.0,0.060021322868250675,0.060021322868250675,0.11928851295936486,0.00011928851295936487
CAUSAL_XGBOOST,14,2025-02-04,2025-02-05,2025-03-06,XLV,0.1199097707867622,0.0686884327157966,0.05956859975622354,0.05956859975622354,0.05956859975622354,0.13972410153170034,0.8602758984682997,1.0,0.060021322868250675,0.060021322868250675,0.11928851295936486,0.00011928851295936487
CAUSAL_XGBOOST,15,2025-03-06,2025-03-07,2025-04-04,DBC,0.1612003445625305,0.05077476016805477,0.0443104334686232,0.0443104334686232,0.0443104334686232,0.321048166392503,0.678951833607497,1.0,0.05139042032172783,0.05139042032172783,0.1807204610674633,0.0001807204610674633
CAUSAL_XGBOOST,15,2025-03-06,2025-03-07,2025-04-04,EEM,0.1898829191923141,0.04499196765909415,0.037617165215491716,0.037617165215491716,0.037617165215491716,0.321048166392503,0.678951833607497,1.0,0.05139042032172783,0.05139042032172783,0.1807204610674633,0.0001807204610674633
CAUSAL_XGBOOST,15,2025-03-06,2025-03-07,2025-04-04,EFA,0.1390617191791534,0.06318154048066438,0.051364654378067844,0.051364654378067844,0.051364654378067844,0.321048166392503,0.678951833607497,1.0,0.05139042032172783,0.05139042032172783,0.1807204610674633,0.0001807204610674633
CAUSAL_XGBOOST,15,2025-03-06,2025-03-07,2025-04-04,GLD,0.1433471739292144,0.06028744658103303,0.049829075433215894,0.049829075433215894,0.049829075433215894,0.321048166392503,0.678951833607497,1.0,0.05139042032172783,0.05139042032172783,0.1807204610674633,0.0001807204610674633
CAUSAL_XGBOOST,15,2025-03-06,2025-03-07,2025-04-04,HYG,0.0613040514290332,0.2020282786804492,0.11651525431603582,0.11651525431603582,0.11651525431603582,0.321048166392503,0.678951833607497,1.0,0.05139042032172783,0.05139042032172783,0.1807204610674633,0.0001807204610674633
CAUSAL_XGBOOST,15,2025-03-06,2025-03-07,2025-04-04,IWM,0.2460818290710449,0.031005840169788013,0.029026349364442382,0.029026349364442382,0.029026349364442382,0.321048166392503,0.678951833607497,1.0,0.05139042032172783,0.05139042032172783,0.1807204610674633,0.0001807204610674633
CAUSAL_XGBOOST,15,2025-03-06,2025-03-07,2025-04-04,LQD,0.073597140610218,0.11095672372745503,0.09705346000718743,0.09705346000718743,0.09705346000718743,0.321048166392503,0.678951833607497,1.0,0.05139042032172783,0.05139042032172783,0.1807204610674633,0.0001807204610674633
CAUSAL_XGBOOST,15,2025-03-06,2025-03-07,2025-04-04,QQQ,0.2378433048725128,0.03361580050503089,0.03003177721015023,0.03003177721015023,0.03003177721015023,0.321048166392503,0.678951833607497,1.0,0.05139042032172783,0.05139042032172783,0.1807204610674633,0.0001807204610674633
CAUSAL_XGBOOST,15,2025-03-06,2025-03-07,2025-04-04,SPY,0.2026924341917038,0.04747540827222163,0.035239880419520364,0.035239880419520364,0.035239880419520364,0.321048166392503,0.678951833607497,1.0,0.05139042032172783,0.05139042032172783,0.1807204610674633,0.0001807204610674633
CAUSAL_XGBOOST,15,2025-03-06,2025-03-07,2025-04-04,TLT,0.1473227739334106,0.05475352530688213,0.04848440571778597,0.04848440571778597,0.04848440571778597,0.321048166392503,0.678951833607497,1.0,0.05139042032172783,0.05139042032172783,0.1807204610674633,0.0001807204610674633
CAUSAL_XGBOOST,15,2025-03-06,2025-03-07,2025-04-04,XLE,0.2349700927734375,0.03304680586311378,0.03039900550128487,0.03039900550128487,0.03039900550128487,0.321048166392503,0.678951833607497,1.0,0.05139042032172783,0.05139042032172783,0.1807204610674633,0.0001807204610674633
CAUSAL_XGBOOST,15,2025-03-06,2025-03-07,2025-04-04,XLF,0.1976248472929,0.039553962611174054,0.03614351758243591,0.03614351758243591,0.03614351758243591,0.321048166392503,0.678951833607497,1.0,0.05139042032172783,0.05139042032172783,0.1807204610674633,0.0001807204610674633
CAUSAL_XGBOOST,15,2025-03-06,2025-03-07,2025-04-04,XLK,0.3051274418830871,0.027266978465831666,0.023409422301629644,0.023409422301629644,0.023409422301629644,0.321048166392503,0.678951833607497,1.0,0.05139042032172783,0.05139042032172783,0.1807204610674633,0.0001807204610674633
CAUSAL_XGBOOST,15,2025-03-06,2025-03-07,2025-04-04,XLV,0.1442202180624008,0.06073325618416762,0.049527432691625746,0.049527432691625746,0.049527432691625746,0.321048166392503,0.678951833607497,1.0,0.05139042032172783,0.05139042032172783,0.1807204610674633,0.0001807204610674633
CAUSAL_XGBOOST,16,2025-04-04,2025-04-07,2025-05-06,DBC,0.2127010077238083,0.04417893129605411,0.03358167983920473,0.03358167983920473,0.03358167983920473,0.7126055016111312,0.28739449838886877,1.0,0.03242873615380454,0.03242873615380454,0.3801341489604042,0.0003801341489604042
CAUSAL_XGBOOST,16,2025-04-04,2025-04-07,2025-05-06,EEM,0.3862170577049255,0.035765133160260726,0.018494411368838018,0.018494411368838018,0.018494411368838018,0.7126055016111312,0.28739449838886877,1.0,0.03242873615380454,0.03242873615380454,0.3801341489604042,0.0003801341489604042
CAUSAL_XGBOOST,16,2025-04-04,2025-04-07,2025-05-06,EFA,0.3093553781509399,0.04775589738351781,0.023089487519341,0.023089487519341,0.023089487519341,0.7126055016111312,0.28739449838886877,1.0,0.03242873615380454,0.03242873615380454,0.3801341489604042,0.0003801341489604042
CAUSAL_XGBOOST,16,2025-04-04,2025-04-07,2025-05-06,GLD,0.2303026914596557,0.05380847159656182,0.031015083226278422,0.031015083226278422,0.031015083226278422,0.7126055016111312,0.28739449838886877,1.0,0.03242873615380454,0.03242873615380454,0.3801341489604042,0.0003801341489604042
CAUSAL_XGBOOST,16,2025-04-04,2025-04-07,2025-05-06,HYG,0.1672487258911132,0.11733487012610512,0.04270799137511804,0.04270799137511804,0.04270799137511804,0.7126055016111312,0.28739449838886877,1.0,0.03242873615380454,0.03242873615380454,0.3801341489604042,0.0003801341489604042
CAUSAL_XGBOOST,16,2025-04-04,2025-04-07,2025-05-06,IWM,0.5570405125617981,0.02659117214372171,0.012822868322462837,0.012822868322462837,0.012822868322462837,0.7126055016111312,0.28739449838886877,1.0,0.03242873615380454,0.03242873615380454,0.3801341489604042,0.0003801341489604042
CAUSAL_XGBOOST,16,2025-04-04,2025-04-07,2025-05-06,LQD,0.3128032982349396,0.10116348911515374,0.02283498026767065,0.02283498026767065,0.02283498026767065,0.7126055016111312,0.28739449838886877,1.0,0.03242873615380454,0.03242873615380454,0.3801341489604042,0.0003801341489604042
CAUSAL_XGBOOST,16,2025-04-04,2025-04-07,2025-05-06,QQQ,0.4852192103862762,0.02696595980738884,0.014720886951633294,0.014720886951633294,0.014720886951633294,0.7126055016111312,0.28739449838886877,1.0,0.03242873615380454,0.03242873615380454,0.3801341489604042,0.0003801341489604042
CAUSAL_XGBOOST,16,2025-04-04,2025-04-07,2025-05-06,SPY,0.4514030218124389,0.03229388567935874,0.01582368038693602,0.01582368038693602,0.01582368038693602,0.7126055016111312,0.28739449838886877,1.0,0.03242873615380454,0.03242873615380454,0.3801341489604042,0.0003801341489604042
CAUSAL_XGBOOST,16,2025-04-04,2025-04-07,2025-05-06,TLT,0.3330080807209015,0.05175564635601833,0.021449500947226762,0.021449500947226762,0.021449500947226762,0.7126055016111312,0.28739449838886877,1.0,0.03242873615380454,0.03242873615380454,0.3801341489604042,0.0003801341489604042
CAUSAL_XGBOOST,16,2025-04-04,2025-04-07,2025-05-06,XLE,0.8546696305274963,0.029068772986397234,0.008357448173803274,0.008357448173803274,0.008357448173803274,0.7126055016111312,0.28739449838886877,1.0,0.03242873615380454,0.03242873615380454,0.3801341489604042,0.0003801341489604042
CAUSAL_XGBOOST,16,2025-04-04,2025-04-07,2025-05-06,XLF,0.6948689222335815,0.033624839427193645,0.010279431003903867,0.010279431003903867,0.010279431003903867,0.7126055016111312,0.28739449838886877,1.0,0.03242873615380454,0.03242873615380454,0.3801341489604042,0.0003801341489604042
CAUSAL_XGBOOST,16,2025-04-04,2025-04-07,2025-05-06,XLK,0.5193145871162415,0.020559091372202954,0.01375439342561412,0.01375439342561412,0.01375439342561412,0.7126055016111312,0.28739449838886877,1.0,0.03242873615380454,0.03242873615380454,0.3801341489604042,0.0003801341489604042
CAUSAL_XGBOOST,16,2025-04-04,2025-04-07,2025-05-06,XLV,0.3868813514709472,0.04666248689933828,0.01846265558083777,0.01846265558083777,0.01846265558083777,0.7126055016111312,0.28739449838886877,1.0,0.03242873615380454,0.03242873615380454,0.3801341489604042,0.0003801341489604042
CAUSAL_XGBOOST,17,2025-05-06,2025-05-07,2025-06-05,DBC,0.2123928815126419,0.033001175366556675,0.03363039802457782,0.03363039802457782,0.03363039802457782,0.4983991367706807,0.5016008632293193,1.0,0.08197798209786725,0.08197798209786725,0.20188802094283734,0.00020188802094283734
CAUSAL_XGBOOST,17,2025-05-06,2025-05-07,2025-06-05,EEM,0.2252667844295501,0.02022597088749637,0.03170843478298506,0.03170843478298506,0.03170843478298506,0.4983991367706807,0.5016008632293193,1.0,0.08197798209786725,0.08197798209786725,0.20188802094283734,0.00020188802094283734
CAUSAL_XGBOOST,17,2025-05-06,2025-05-07,2025-06-05,EFA,0.214609757065773,0.026053685433876195,0.03328300278848934,0.03328300278848934,0.03328300278848934,0.4983991367706807,0.5016008632293193,1.0,0.08197798209786725,0.08197798209786725,0.20188802094283734,0.00020188802094283734
CAUSAL_XGBOOST,17,2025-05-06,2025-05-07,2025-06-05,GLD,0.146620437502861,0.034375440161645725,0.04871665413437172,0.04871665413437172,0.04871665413437172,0.4983991367706807,0.5016008632293193,1.0,0.08197798209786725,0.08197798209786725,0.20188802094283734,0.00020188802094283734
CAUSAL_XGBOOST,17,2025-05-06,2025-05-07,2025-06-05,HYG,0.1301431506872177,0.04311371259303827,0.054884618246442175,0.054884618246442175,0.054884618246442175,0.4983991367706807,0.5016008632293193,1.0,0.08197798209786725,0.08197798209786725,0.20188802094283734,0.00020188802094283734
CAUSAL_XGBOOST,17,2025-05-06,2025-05-07,2025-06-05,IWM,0.2064341902732849,0.013684749153418115,0.034601134305325944,0.034601134305325944,0.034601134305325944,0.4983991367706807,0.5016008632293193,1.0,0.08197798209786725,0.08197798209786725,0.20188802094283734,0.00020188802094283734
CAUSAL_XGBOOST,17,2025-05-06,2025-05-07,2025-06-05,LQD,0.113738939166069,0.022155502746982532,0.06280045510559874,0.06280045510559874,0.06280045510559874,0.4983991367706807,0.5016008632293193,1.0,0.08197798209786725,0.08197798209786725,0.20188802094283734,0.00020188802094283734
CAUSAL_XGBOOST,17,2025-05-06,2025-05-07,2025-06-05,QQQ,0.2916694283485412,0.016476866876362413,0.024489564035904104,0.024489564035904104,0.024489564035904104,0.4983991367706807,0.5016008632293193,1.0,0.08197798209786725,0.08197798209786725,0.20188802094283734,0.00020188802094283734
CAUSAL_XGBOOST,17,2025-05-06,2025-05-07,2025-06-05,SPY,0.2155716866254806,0.017197241858075193,0.033134486511981746,0.033134486511981746,0.033134486511981746,0.4983991367706807,0.5016008632293193,1.0,0.08197798209786725,0.08197798209786725,0.20188802094283734,0.00020188802094283734
CAUSAL_XGBOOST,17,2025-05-06,2025-05-07,2025-06-05,TLT,0.1798826605081558,0.019944091222287668,0.03970842505152568,0.03970842505152568,0.03970842505152568,0.4983991367706807,0.5016008632293193,1.0,0.08197798209786725,0.08197798209786725,0.20188802094283734,0.00020188802094283734
CAUSAL_XGBOOST,17,2025-05-06,2025-05-07,2025-06-05,XLE,0.4354507625102997,0.00839650840654694,0.016403363497814964,0.016403363497814964,0.016403363497814964,0.4983991367706807,0.5016008632293193,1.0,0.08197798209786725,0.08197798209786725,0.20188802094283734,0.00020188802094283734
CAUSAL_XGBOOST,17,2025-05-06,2025-05-07,2025-06-05,XLF,0.2469571530818939,0.011235325421887234,0.028923467304826304,0.028923467304826304,0.028923467304826304,0.4983991367706807,0.5016008632293193,1.0,0.08197798209786725,0.08197798209786725,0.20188802094283734,0.00020188802094283734
CAUSAL_XGBOOST,17,2025-05-06,2025-05-07,2025-06-05,XLK,0.3957788944244385,0.015836479060947158,0.018047594865422633,0.018047594865422633,0.018047594865422633,0.4983991367706807,0.5016008632293193,1.0,0.08197798209786725,0.08197798209786725,0.20188802094283734,0.00020188802094283734
CAUSAL_XGBOOST,17,2025-05-06,2025-05-07,2025-06-05,XLV,0.1730793416500091,0.018016093097361442,0.041269264574053034,0.041269264574053034,0.041269264574053034,0.4983991367706807,0.5016008632293193,1.0,0.08197798209786725,0.08197798209786725,0.20188802094283734,0.00020188802094283734
CAUSAL_XGBOOST,18,2025-06-05,2025-06-06,2025-07-08,DBC,0.1460192799568176,0.034059372108359194,0.04891721932178755,0.04891721932178755,0.03992239190869876,0.38326575143226216,0.6167342485677378,0.8161214488926901,0.12253078280895516,0.10000000000000003,0.11809001717007109,0.00011809001717007109
CAUSAL_XGBOOST,18,2025-06-05,2025-06-06,2025-07-08,EEM,0.1759155988693237,0.032437148296198405,0.040603887254836955,0.040603887254836955,0.03313770329709297,0.38326575143226216,0.6167342485677378,0.8161214488926901,0.12253078280895516,0.10000000000000003,0.11809001717007109,0.00011809001717007109
CAUSAL_XGBOOST,18,2025-06-05,2025-06-06,2025-07-08,EFA,0.143001303076744,0.034127676151531075,0.049949594788124496,0.049949594788124496,0.040764935670086926,0.38326575143226216,0.6167342485677378,0.8161214488926901,0.12253078280895516,0.10000000000000003,0.11809001717007109,0.00011809001717007109
CAUSAL_XGBOOST,18,2025-06-05,2025-06-06,2025-07-08,GLD,0.1300101280212402,0.04718261989581436,0.05494077462711358,0.05494077462711358,0.04483834459196668,0.38326575143226216,0.6167342485677378,0.8161214488926901,0.12253078280895516,0.10000000000000003,0.11809001717007109,0.00011809001717007109
CAUSAL_XGBOOST,18,2025-06-05,2025-06-06,2025-07-08,HYG,0.0596779733896255,0.05506773114558226,0.11969000850988795,0.11969000850988795,0.09768158316306816,0.38326575143226216,0.6167342485677378,0.8161214488926901,0.12253078280895516,0.10000000000000003,0.11809001717007109,0.00011809001717007109
CAUSAL_XGBOOST,18,2025-06-05,2025-06-06,2025-07-08,IWM,0.1547394394874572,0.036220498518564716,0.04616054682966669,0.04616054682966669,0.03767261236030645,0.38326575143226216,0.6167342485677378,0.8161214488926901,0.12253078280895516,0.10000000000000003,0.11809001717007109,0.00011809001717007109
CAUSAL_XGBOOST,18,2025-06-05,2025-06-06,2025-07-08,LQD,0.0703202858567237,0.06261020660976988,0.10157605384896448,0.10157605384896448,0.08289839624001881,0.38326575143226216,0.6167342485677378,0.8161214488926901,0.12253078280895516,0.10000000000000003,0.11809001717007109,0.00011809001717007109
CAUSAL_XGBOOST,18,2025-06-05,2025-06-06,2025-07-08,QQQ,0.2151363641023636,0.026369744280610535,0.03320153323525778,0.03320153323525778,0.027096483409417383,0.38326575143226216,0.6167342485677378,0.8161214488926901,0.12253078280895516,0.10000000000000003,0.11809001717007109,0.00011809001717007109
CAUSAL_XGBOOST,18,2025-06-05,2025-06-06,2025-07-08,SPY,0.1414819955825805,0.034735177559194134,0.050485979600761184,0.050485979600761184,0.04120269082054001,0.38326575143226216,0.6167342485677378,0.8161214488926901,0.12253078280895516,0.10000000000000003,0.11809001717007109,0.00011809001717007109
CAUSAL_XGBOOST,18,2025-06-05,2025-06-06,2025-07-08,TLT,0.1269961893558502,0.038882916204197294,0.056244657253789486,0.056244657253789486,0.04590247117043543,0.38326575143226216,0.6167342485677378,0.8161214488926901,0.12253078280895516,0.10000000000000003,0.11809001717007109,0.00011809001717007109
CAUSAL_XGBOOST,18,2025-06-05,2025-06-06,2025-07-08,XLE,0.2202725261449813,0.01647435377209506,0.032427362902969485,0.032427362902969485,0.026464666396140524,0.38326575143226216,0.6167342485677378,0.8161214488926901,0.12253078280895516,0.10000000000000003,0.11809001717007109,0.00011809001717007109
CAUSAL_XGBOOST,18,2025-06-05,2025-06-06,2025-07-08,XLF,0.1526117324829101,0.029435567932726385,0.0468041154283929,0.0468041154283929,0.038197842497560724,0.38326575143226216,0.6167342485677378,0.8161214488926901,0.12253078280895516,0.10000000000000003,0.11809001717007109,0.00011809001717007109
CAUSAL_XGBOOST,18,2025-06-05,2025-06-06,2025-07-08,XLK,0.2563236355781555,0.019700686775250133,0.027866556772050844,0.027866556772050844,0.02274249468845654,0.38326575143226216,0.6167342485677378,0.8161214488926901,0.12253078280895516,0.10000000000000003,0.11809001717007109,0.00011809001717007109
CAUSAL_XGBOOST,18,2025-06-05,2025-06-06,2025-07-08,XLV,0.1525566577911377,0.04039418195242817,0.04682101224737296,0.04682101224737296,0.03821163235394841,0.38326575143226216,0.6167342485677378,0.8161214488926901,0.12253078280895516,0.10000000000000003,0.11809001717007109,0.00011809001717007109
CAUSAL_XGBOOST,19,2025-07-08,2025-07-09,2025-08-06,DBC,0.1446093767881393,0.04080268433587066,0.04939414926959974,0.04939414926959974,0.04389236616820959,0.18180388171550488,0.8181961182844951,0.8886146804278237,0.11253471521746072,0.1,0.204245747594897,0.000204245747594897
CAUSAL_XGBOOST,19,2025-07-08,2025-07-09,2025-08-06,EEM,0.1651440411806106,0.03402011865253032,0.04325228504639366,0.04325228504639366,0.03843461545427424,0.18180388171550488,0.8181961182844951,0.8886146804278237,0.11253471521746072,0.1,0.204245747594897,0.000204245747594897
CAUSAL_XGBOOST,19,2025-07-08,2025-07-09,2025-08-06,EFA,0.1385506391525268,0.040671620372556526,0.051554126249780466,0.051554126249780466,0.04581175342218435,0.18180388171550488,0.8181961182844951,0.8886146804278237,0.11253471521746072,0.1,0.204245747594897,0.000204245747594897
CAUSAL_XGBOOST,19,2025-07-08,2025-07-09,2025-08-06,GLD,0.1432458311319351,0.04334583463038311,0.04986432824197368,0.04986432824197368,0.04431017410548954,0.18180388171550488,0.8181961182844951,0.8886146804278237,0.11253471521746072,0.1,0.204245747594897,0.000204245747594897
CAUSAL_XGBOOST,19,2025-07-08,2025-07-09,2025-08-06,HYG,0.0298047885298728,0.09731590305206726,0.23965468286070832,0.23965468286070832,0.21296066942329975,0.18180388171550488,0.8181961182844951,0.8886146804278237,0.11253471521746072,0.1,0.204245747594897,0.000204245747594897
CAUSAL_XGBOOST,19,2025-07-08,2025-07-09,2025-08-06,IWM,0.1824776381254196,0.03940555082320925,0.03914373956302389,0.03914373956302389,0.03478370162254643,0.18180388171550488,0.8181961182844951,0.8886146804278237,0.11253471521746072,0.1,0.204245747594897,0.000204245747594897
CAUSAL_XGBOOST,19,2025-07-08,2025-07-09,2025-08-06,LQD,0.0659024491906166,0.08220420888374416,0.10838530632142525,0.10838530632142525,0.09631277433988507,0.18180388171550488,0.8181961182844951,0.8886146804278237,0.11253471521746072,0.1,0.204245747594897,0.000204245747594897
CAUSAL_XGBOOST,19,2025-07-08,2025-07-09,2025-08-06,QQQ,0.1352690756320953,0.028069785679784628,0.05280480486378334,0.05280480486378334,0.04692312479908442,0.18180388171550488,0.8181961182844951,0.8886146804278237,0.11253471521746072,0.1,0.204245747594897,0.000204245747594897
CAUSAL_XGBOOST,19,2025-07-08,2025-07-09,2025-08-06,SPY,0.1270368695259094,0.042497545615207424,0.05622664640205373,0.05622664640205373,0.04996382342408921,0.18180388171550488,0.8181961182844951,0.8886146804278237,0.11253471521746072,0.1,0.204245747594897,0.000204245747594897
CAUSAL_XGBOOST,19,2025-07-08,2025-07-09,2025-08-06,TLT,0.1096288934350013,0.04507709357098317,0.06515487768826313,0.06515487768826313,0.057897580815269876,0.18180388171550488,0.8181961182844951,0.8886146804278237,0.11253471521746072,0.1,0.204245747594897,0.000204245747594897
CAUSAL_XGBOOST,19,2025-07-08,2025-07-09,2025-08-06,XLE,0.2232202440500259,0.02835765454560424,0.031999145835788785,0.031999145835788785,0.028434910750832775,0.18180388171550488,0.8181961182844951,0.8886146804278237,0.11253471521746072,0.1,0.204245747594897,0.000204245747594897
CAUSAL_XGBOOST,19,2025-07-08,2025-07-09,2025-08-06,XLF,0.1493475437164306,0.03884333838256024,0.047827081484643895,0.047827081484643895,0.04249984672927232,0.18180388171550488,0.8181961182844951,0.8886146804278237,0.11253471521746072,0.1,0.204245747594897,0.000204245747594897
CAUSAL_XGBOOST,19,2025-07-08,2025-07-09,2025-08-06,XLK,0.1902219355106353,0.02430835072570796,0.03755012335292838,0.03755012335292838,0.03336759086328781,0.18180388171550488,0.8181961182844951,0.8886146804278237,0.11253471521746072,0.1,0.204245747594897,0.000204245747594897
CAUSAL_XGBOOST,19,2025-07-08,2025-07-09,2025-08-06,XLV,0.148985281586647,0.038274379820714854,0.04794337445140843,0.04794337445140843,0.04260318636676978,0.18180388171550488,0.8181961182844951,0.8886146804278237,0.11253471521746072,0.1,0.204245747594897,0.000204245747594897
CAUSAL_XGBOOST,20,2025-08-06,2025-08-07,2025-09-05,DBC,0.1473109871149063,0.042545621167169555,0.04848828510860179,0.04848828510860179,0.04848828510860179,0.2744214523288111,0.7255785476711889,1.0,0.04130631677672837,0.04130631677672837,0.18812675711882476,0.00018812675711882477
CAUSAL_XGBOOST,20,2025-08-06,2025-08-07,2025-09-05,EEM,0.2378039062023162,0.0387666882734956,0.030036752788998432,0.030036752788998432,0.030036752788998432,0.2744214523288111,0.7255785476711889,1.0,0.04130631677672837,0.04130631677672837,0.18812675711882476,0.00018812675711882477
CAUSAL_XGBOOST,20,2025-08-06,2025-08-07,2025-09-05,EFA,0.1679218411445617,0.04545648370576025,0.042536796250988884,0.042536796250988884,0.042536796250988884,0.2744214523288111,0.7255785476711889,1.0,0.04130631677672837,0.04130631677672837,0.18812675711882476,0.00018812675711882477
CAUSAL_XGBOOST,20,2025-08-06,2025-08-07,2025-09-05,GLD,0.134843423962593,0.04497375419742566,0.05297149043648319,0.05297149043648319,0.05297149043648319,0.2744214523288111,0.7255785476711889,1.0,0.04130631677672837,0.04130631677672837,0.18812675711882476,0.00018812675711882477
CAUSAL_XGBOOST,20,2025-08-06,2025-08-07,2025-09-05,HYG,0.05205999314785,0.21360416377622038,0.13720434273918325,0.13720434273918325,0.13720434273918325,0.2744214523288111,0.7255785476711889,1.0,0.04130631677672837,0.04130631677672837,0.18812675711882476,0.00018812675711882477
CAUSAL_XGBOOST,20,2025-08-06,2025-08-07,2025-09-05,IWM,0.1911100149154663,0.03447588338258071,0.03737562966554444,0.03737562966554444,0.03737562966554444,0.2744214523288111,0.7255785476711889,1.0,0.04130631677672837,0.04130631677672837,0.18812675711882476,0.00018812675711882477
CAUSAL_XGBOOST,20,2025-08-06,2025-08-07,2025-09-05,LQD,0.0581707321107387,0.09772471687841648,0.12279125401515317,0.12279125401515317,0.12279125401515317,0.2744214523288111,0.7255785476711889,1.0,0.04130631677672837,0.04130631677672837,0.18812675711882476,0.00018812675711882477
CAUSAL_XGBOOST,20,2025-08-06,2025-08-07,2025-09-05,QQQ,0.2310022264719009,0.047918666605623744,0.030921161462164518,0.030921161462164518,0.030921161462164518,0.2744214523288111,0.7255785476711889,1.0,0.04130631677672837,0.04130631677672837,0.18812675711882476,0.00018812675711882477
CAUSAL_XGBOOST,20,2025-08-06,2025-08-07,2025-09-05,SPY,0.2022425681352615,0.05067278590667776,0.03531826760664916,0.03531826760664916,0.03531826760664916,0.2744214523288111,0.7255785476711889,1.0,0.04130631677672837,0.04130631677672837,0.18812675711882476,0.00018812675711882477
CAUSAL_XGBOOST,20,2025-08-06,2025-08-07,2025-09-05,TLT,0.1351594626903534,0.05898711211470227,0.05284762902040556,0.05284762902040556,0.05284762902040556,0.2744214523288111,0.7255785476711889,1.0,0.04130631677672837,0.04130631677672837,0.18812675711882476,0.00018812675711882477
CAUSAL_XGBOOST,20,2025-08-06,2025-08-07,2025-09-05,XLE,0.2413244843482971,0.02706086499871749,0.029598559641167824,0.029598559641167824,0.029598559641167824,0.2744214523288111,0.7255785476711889,1.0,0.04130631677672837,0.04130631677672837,0.18812675711882476,0.00018812675711882477
CAUSAL_XGBOOST,20,2025-08-06,2025-08-07,2025-09-05,XLF,0.2062790542840957,0.04204510550894828,0.03462715673022098,0.03462715673022098,0.03462715673022098,0.2744214523288111,0.7255785476711889,1.0,0.04130631677672837,0.04130631677672837,0.18812675711882476,0.00018812675711882477
CAUSAL_XGBOOST,20,2025-08-06,2025-08-07,2025-09-05,XLK,0.263428270816803,0.03405082717965346,0.027114998404345635,0.027114998404345635,0.027114998404345635,0.2744214523288111,0.7255785476711889,1.0,0.04130631677672837,0.04130631677672837,0.18812675711882476,0.00018812675711882477
CAUSAL_XGBOOST,20,2025-08-06,2025-08-07,2025-09-05,XLV,0.1632793992757797,0.04095857299322306,0.043746223801282014,0.043746223801282014,0.043746223801282014,0.2744214523288111,0.7255785476711889,1.0,0.04130631677672837,0.04130631677672837,0.18812675711882476,0.00018812675711882477
CAUSAL_XGBOOST,21,2025-09-05,2025-09-08,2025-10-06,DBC,0.1235414072871208,0.048163588983152636,0.05781751478883943,0.05781751478883943,0.05781751478883943,0.01957748089703626,0.9804225191029637,1.0,0.052221204032495624,0.052221204032495624,0.24978926860469844,0.0002497892686046984
CAUSAL_XGBOOST,21,2025-09-05,2025-09-08,2025-10-06,EEM,0.1489752382040023,0.03031265855451479,0.047946606623819756,0.047946606623819756,0.047946606623819756,0.01957748089703626,0.9804225191029637,1.0,0.052221204032495624,0.052221204032495624,0.24978926860469844,0.0002497892686046984
CAUSAL_XGBOOST,21,2025-09-05,2025-09-08,2025-10-06,EFA,0.1181279569864273,0.04305251246633076,0.060467118242617586,0.060467118242617586,0.060467118242617586,0.01957748089703626,0.9804225191029637,1.0,0.052221204032495624,0.052221204032495624,0.24978926860469844,0.0002497892686046984
CAUSAL_XGBOOST,21,2025-09-05,2025-09-08,2025-10-06,GLD,0.125247448682785,0.05543704740104412,0.057029961232566914,0.057029961232566914,0.057029961232566914,0.01957748089703626,0.9804225191029637,1.0,0.052221204032495624,0.052221204032495624,0.24978926860469844,0.0002497892686046984
CAUSAL_XGBOOST,21,2025-09-05,2025-09-08,2025-10-06,HYG,0.0353376157581806,0.1362955863348538,0.20213183571117369,0.20213183571117369,0.20213183571117369,0.01957748089703626,0.9804225191029637,1.0,0.052221204032495624,0.052221204032495624,0.24978926860469844,0.0002497892686046984
CAUSAL_XGBOOST,21,2025-09-05,2025-09-08,2025-10-06,IWM,0.1582152098417282,0.03954984326969129,0.04514646316243902,0.04514646316243902,0.04514646316243902,0.01957748089703626,0.9804225191029637,1.0,0.052221204032495624,0.052221204032495624,0.24978926860469844,0.0002497892686046984
CAUSAL_XGBOOST,21,2025-09-05,2025-09-08,2025-10-06,LQD,0.0551302470266819,0.12238362790440313,0.1295633074054638,0.1295633074054638,0.1295633074054638,0.01957748089703626,0.9804225191029637,1.0,0.052221204032495624,0.052221204032495624,0.24978926860469844,0.0002497892686046984
CAUSAL_XGBOOST,21,2025-09-05,2025-09-08,2025-10-06,QQQ,0.1472550332546234,0.030819198295229947,0.04850670965186092,0.04850670965186092,0.04850670965186092,0.01957748089703626,0.9804225191029637,1.0,0.052221204032495624,0.052221204032495624,0.24978926860469844,0.0002497892686046984
CAUSAL_XGBOOST,21,2025-09-05,2025-09-08,2025-10-06,SPY,0.0930458977818489,0.035459932240064426,0.07676702910217444,0.07676702910217444,0.07676702910217444,0.01957748089703626,0.9804225191029637,1.0,0.052221204032495624,0.052221204032495624,0.24978926860469844,0.0002497892686046984
CAUSAL_XGBOOST,21,2025-09-05,2025-09-08,2025-10-06,TLT,0.118237130343914,0.05251018813267624,0.060411286387625066,0.060411286387625066,0.060411286387625066,0.01957748089703626,0.9804225191029637,1.0,0.052221204032495624,0.052221204032495624,0.24978926860469844,0.0002497892686046984
CAUSAL_XGBOOST,21,2025-09-05,2025-09-08,2025-10-06,XLE,0.1809078156948089,0.02995871455073681,0.039483408250902366,0.039483408250902366,0.039483408250902366,0.01957748089703626,0.9804225191029637,1.0,0.052221204032495624,0.052221204032495624,0.24978926860469844,0.0002497892686046984
CAUSAL_XGBOOST,21,2025-09-05,2025-09-08,2025-10-06,XLF,0.1278834789991378,0.03472212313266035,0.05585441683913917,0.05585441683913917,0.05585441683913917,0.01957748089703626,0.9804225191029637,1.0,0.052221204032495624,0.052221204032495624,0.24978926860469844,0.0002497892686046984
CAUSAL_XGBOOST,21,2025-09-05,2025-09-08,2025-10-06,XLK,0.1814897805452346,0.0265963281748355,0.03935680081489136,0.03935680081489136,0.03935680081489136,0.01957748089703626,0.9804225191029637,1.0,0.052221204032495624,0.052221204032495624,0.24978926860469844,0.0002497892686046984
CAUSAL_XGBOOST,21,2025-09-05,2025-09-08,2025-10-06,XLV,0.1191666647791862,0.04537190105807167,0.059940060889450385,0.059940060889450385,0.059940060889450385,0.01957748089703626,0.9804225191029637,1.0,0.052221204032495624,0.052221204032495624,0.24978926860469844,0.0002497892686046984
CAUSAL_XGBOOST,22,2025-10-06,2025-10-07,2025-11-05,DBC,0.1326034516096115,0.05759146325473697,0.05386629877392578,0.05386629877392578,0.05386629877392578,0.1641434189774923,0.8358565810225077,1.0,0.04024604116956299,0.04024604116956299,0.16259292766278816,0.00016259292766278817
CAUSAL_XGBOOST,22,2025-10-06,2025-10-07,2025-11-05,EEM,0.1899655610322952,0.050184612851947315,0.037600800397935376,0.037600800397935376,0.037600800397935376,0.1641434189774923,0.8358565810225077,1.0,0.04024604116956299,0.04024604116956299,0.16259292766278816,0.00016259292766278817
CAUSAL_XGBOOST,22,2025-10-06,2025-10-07,2025-11-05,EFA,0.1354738175868988,0.060849021983493935,0.05272500081630462,0.05272500081630462,0.05272500081630462,0.1641434189774923,0.8358565810225077,1.0,0.04024604116956299,0.04024604116956299,0.16259292766278816,0.00016259292766278817
CAUSAL_XGBOOST,22,2025-10-06,2025-10-07,2025-11-05,GLD,0.1515560001134872,0.06084162732626404,0.04713015081889516,0.04713015081889516,0.04713015081889516,0.1641434189774923,0.8358565810225077,1.0,0.04024604116956299,0.04024604116956299,0.16259292766278816,0.00016259292766278817
CAUSAL_XGBOOST,22,2025-10-06,2025-10-07,2025-11-05,HYG,0.0391186475753784,0.1968160549550582,0.182594685286434,0.182594685286434,0.182594685286434,0.1641434189774923,0.8358565810225077,1.0,0.04024604116956299,0.04024604116956299,0.16259292766278816,0.00016259292766278817
CAUSAL_XGBOOST,22,2025-10-06,2025-10-07,2025-11-05,IWM,0.1902761310338974,0.045550835758175846,0.03753942811452611,0.03753942811452611,0.03753942811452611,0.1641434189774923,0.8358565810225077,1.0,0.04024604116956299,0.04024604116956299,0.16259292766278816,0.00016259292766278817
CAUSAL_XGBOOST,22,2025-10-06,2025-10-07,2025-11-05,LQD,0.0529988706111907,0.12606124910227529,0.13477376141198244,0.13477376141198244,0.13477376141198244,0.1641434189774923,0.8358565810225077,1.0,0.04024604116956299,0.04024604116956299,0.16259292766278816,0.00016259292766278817
CAUSAL_XGBOOST,22,2025-10-06,2025-10-07,2025-11-05,QQQ,0.1978162229061126,0.04965585171026666,0.03610855084543436,0.03610855084543436,0.03610855084543436,0.1641434189774923,0.8358565810225077,1.0,0.04024604116956299,0.04024604116956299,0.16259292766278816,0.00016259292766278817
CAUSAL_XGBOOST,22,2025-10-06,2025-10-07,2025-11-05,SPY,0.140129804611206,0.07742223591732093,0.050973147095117965,0.050973147095117965,0.050973147095117965,0.1641434189774923,0.8358565810225077,1.0,0.04024604116956299,0.04024604116956299,0.16259292766278816,0.00016259292766278817
CAUSAL_XGBOOST,22,2025-10-06,2025-10-07,2025-11-05,TLT,0.1475796103477478,0.058830573753494785,0.04840002711774438,0.04840002711774438,0.04840002711774438,0.1641434189774923,0.8358565810225077,1.0,0.04024604116956299,0.04024604116956299,0.16259292766278816,0.00016259292766278817
CAUSAL_XGBOOST,22,2025-10-06,2025-10-07,2025-11-05,XLE,0.2010523825883865,0.039475142152243355,0.03552734392350215,0.03552734392350215,0.03552734392350215,0.1641434189774923,0.8358565810225077,1.0,0.04024604116956299,0.04024604116956299,0.16259292766278816,0.00016259292766278817
CAUSAL_XGBOOST,22,2025-10-06,2025-10-07,2025-11-05,XLF,0.1619283109903335,0.05496001433495962,0.04411123106992417,0.04411123106992417,0.04411123106992417,0.1641434189774923,0.8358565810225077,1.0,0.04024604116956299,0.04024604116956299,0.16259292766278816,0.00016259292766278817
CAUSAL_XGBOOST,22,2025-10-06,2025-10-07,2025-11-05,XLK,0.2402286976575851,0.04179061592076559,0.029733571436325067,0.029733571436325067,0.029733571436325067,0.1641434189774923,0.8358565810225077,1.0,0.04024604116956299,0.04024604116956299,0.16259292766278816,0.00016259292766278817
CAUSAL_XGBOOST,22,2025-10-06,2025-10-07,2025-11-05,XLV,0.1595364063978195,0.060995185044879,0.044772583914456085,0.044772583914456085,0.044772583914456085,0.1641434189774923,0.8358565810225077,1.0,0.04024604116956299,0.04024604116956299,0.16259292766278816,0.00016259292766278817
CAUSAL_XGBOOST,23,2025-11-05,2025-11-06,2025-12-08,DBC,0.149251326918602,0.054074472941992635,0.04785791383116267,0.04785791383116267,0.04785791383116267,0.295129418309075,0.704870581690925,1.0,0.040280987868502434,0.040280987868502434,0.13766643907578013,0.00013766643907578015
CAUSAL_XGBOOST,23,2025-11-05,2025-11-06,2025-12-08,EEM,0.2181573659181594,0.03728503620338936,0.03274176470180131,0.03274176470180131,0.03274176470180131,0.295129418309075,0.704870581690925,1.0,0.040280987868502434,0.040280987868502434,0.13766643907578013,0.00013766643907578015
CAUSAL_XGBOOST,23,2025-11-05,2025-11-06,2025-12-08,EFA,0.173713281750679,0.052123191080949205,0.04111865869363338,0.04111865869363338,0.04111865869363338,0.295129418309075,0.704870581690925,1.0,0.040280987868502434,0.040280987868502434,0.13766643907578013,0.00013766643907578015
CAUSAL_XGBOOST,23,2025-11-05,2025-11-06,2025-12-08,GLD,0.1447299569845199,0.046678153137629505,0.04935299706902513,0.04935299706902513,0.04935299706902513,0.295129418309075,0.704870581690925,1.0,0.040280987868502434,0.040280987868502434,0.13766643907578013,0.00013766643907578015
CAUSAL_XGBOOST,23,2025-11-05,2025-11-06,2025-12-08,HYG,0.0492047257721424,0.18251733582666002,0.14516607969596937,0.14516607969596937,0.14516607969596937,0.295129418309075,0.704870581690925,1.0,0.040280987868502434,0.040280987868502434,0.13766643907578013,0.00013766643907578015
CAUSAL_XGBOOST,23,2025-11-05,2025-11-06,2025-12-08,IWM,0.2325031608343124,0.03651817730068382,0.030721548546805876,0.030721548546805876,0.030721548546805876,0.295129418309075,0.704870581690925,1.0,0.040280987868502434,0.040280987868502434,0.13766643907578013,0.00013766643907578015
CAUSAL_XGBOOST,23,2025-11-05,2025-11-06,2025-12-08,LQD,0.0548782609403133,0.13493230471802792,0.13015822696396773,0.13015822696396773,0.13015822696396773,0.295129418309075,0.704870581690925,1.0,0.040280987868502434,0.040280987868502434,0.13766643907578013,0.00013766643907578015
CAUSAL_XGBOOST,23,2025-11-05,2025-11-06,2025-12-08,QQQ,0.2763633131980896,0.036575320385582116,0.025845894884525936,0.025845894884525936,0.025845894884525936,0.295129418309075,0.704870581690925,1.0,0.040280987868502434,0.040280987868502434,0.13766643907578013,0.00013766643907578015
CAUSAL_XGBOOST,23,2025-11-05,2025-11-06,2025-12-08,SPY,0.2258799076080322,0.051083753519168114,0.03162236614357082,0.03162236614357082,0.03162236614357082,0.295129418309075,0.704870581690925,1.0,0.040280987868502434,0.040280987868502434,0.13766643907578013,0.00013766643907578015
CAUSAL_XGBOOST,23,2025-11-05,2025-11-06,2025-12-08,TLT,0.1413061618804931,0.0491790987730263,0.050548801607803014,0.050548801607803014,0.050548801607803014,0.295129418309075,0.704870581690925,1.0,0.040280987868502434,0.040280987868502434,0.13766643907578013,0.00013766643907578015
CAUSAL_XGBOOST,23,2025-11-05,2025-11-06,2025-12-08,XLE,0.2390596568584442,0.03458744413844954,0.029878973460949476,0.029878973460949476,0.029878973460949476,0.295129418309075,0.704870581690925,1.0,0.040280987868502434,0.040280987868502434,0.13766643907578013,0.00013766643907578015
CAUSAL_XGBOOST,23,2025-11-05,2025-11-06,2025-12-08,XLF,0.2381757348775863,0.04316467419696338,0.029989860833339353,0.029989860833339353,0.029989860833339353,0.295129418309075,0.704870581690925,1.0,0.040280987868502434,0.040280987868502434,0.13766643907578013,0.00013766643907578015
CAUSAL_XGBOOST,23,2025-11-05,2025-11-06,2025-12-08,XLK,0.3191661834716797,0.03003818090469808,0.02237974294507596,0.02237974294507596,0.02237974294507596,0.295129418309075,0.704870581690925,1.0,0.040280987868502434,0.040280987868502434,0.13766643907578013,0.00013766643907578015
CAUSAL_XGBOOST,23,2025-11-05,2025-11-06,2025-12-08,XLV,0.1905384212732315,0.045690784107140385,0.0374877523132949,0.0374877523132949,0.0374877523132949,0.295129418309075,0.704870581690925,1.0,0.040280987868502434,0.040280987868502434,0.13766643907578013,0.00013766643907578015
CAUSAL_XGBOOST,24,2025-12-08,2025-12-09,2025-12-31,DBC,0.1293216943740844,0.04771307269679322,0.055233247425565325,0.055233247425565325,0.055233247425565325,0.09372248424660701,0.906277515753393,1.0,0.05691295242805084,0.05691295242805084,0.22522025526691775,0.00022522025526691775
CAUSAL_XGBOOST,24,2025-12-08,2025-12-09,2025-12-31,EEM,0.1403617858886718,0.03221047045854791,0.05088890183060589,0.05088890183060589,0.05088890183060589,0.09372248424660701,0.906277515753393,1.0,0.05691295242805084,0.05691295242805084,0.22522025526691775,0.00022522025526691775
CAUSAL_XGBOOST,24,2025-12-08,2025-12-09,2025-12-31,EFA,0.1568202525377273,0.0411494819472805,0.04554805280101649,0.04554805280101649,0.04554805280101649,0.09372248424660701,0.906277515753393,1.0,0.05691295242805084,0.05691295242805084,0.22522025526691775,0.00022522025526691775
CAUSAL_XGBOOST,24,2025-12-08,2025-12-09,2025-12-31,GLD,0.1852205842733383,0.05137795621373968,0.03856405685620832,0.03856405685620832,0.03856405685620832,0.09372248424660701,0.906277515753393,1.0,0.05691295242805084,0.05691295242805084,0.22522025526691775,0.00022522025526691775
CAUSAL_XGBOOST,24,2025-12-08,2025-12-09,2025-12-31,HYG,0.0352050028741359,0.14536051955508866,0.20289324129283892,0.20289324129283892,0.20289324129283892,0.09372248424660701,0.906277515753393,1.0,0.05691295242805084,0.05691295242805084,0.22522025526691775,0.00022522025526691775
CAUSAL_XGBOOST,24,2025-12-08,2025-12-09,2025-12-31,IWM,0.2111682593822479,0.031278180972874034,0.033825429843258044,0.033825429843258044,0.033825429843258044,0.09372248424660701,0.906277515753393,1.0,0.05691295242805084,0.05691295242805084,0.22522025526691775,0.00022522025526691775
CAUSAL_XGBOOST,24,2025-12-08,2025-12-09,2025-12-31,LQD,0.0499884039163589,0.1296518143946858,0.1428902822104231,0.1428902822104231,0.1428902822104231,0.09372248424660701,0.906277515753393,1.0,0.05691295242805084,0.05691295242805084,0.22522025526691775,0.00022522025526691775
CAUSAL_XGBOOST,24,2025-12-08,2025-12-09,2025-12-31,QQQ,0.18268883228302,0.025796915295996786,0.03909848814289583,0.03909848814289583,0.03909848814289583,0.09372248424660701,0.906277515753393,1.0,0.05691295242805084,0.05691295242805084,0.22522025526691775,0.00022522025526691775
CAUSAL_XGBOOST,24,2025-12-08,2025-12-09,2025-12-31,SPY,0.1374829262495041,0.03163614243151707,0.05195450328060578,0.05195450328060578,0.05195450328060578,0.09372248424660701,0.906277515753393,1.0,0.05691295242805084,0.05691295242805084,0.22522025526691775,0.00022522025526691775
CAUSAL_XGBOOST,24,2025-12-08,2025-12-09,2025-12-31,TLT,0.0966304019093513,0.04957835494502603,0.07391935665917894,0.07391935665917894,0.07391935665917894,0.09372248424660701,0.906277515753393,1.0,0.05691295242805084,0.05691295242805084,0.22522025526691775,0.00022522025526691775
CAUSAL_XGBOOST,24,2025-12-08,2025-12-09,2025-12-31,XLE,0.1762141287326812,0.03045918997252129,0.040535098940295174,0.040535098940295174,0.040535098940295174,0.09372248424660701,0.906277515753393,1.0,0.05691295242805084,0.05691295242805084,0.22522025526691775,0.00022522025526691775
CAUSAL_XGBOOST,24,2025-12-08,2025-12-09,2025-12-31,XLF,0.1575496196746826,0.03016744785731695,0.045337190642580544,0.045337190642580544,0.045337190642580544,0.09372248424660701,0.906277515753393,1.0,0.05691295242805084,0.05691295242805084,0.22522025526691775,0.00022522025526691775
CAUSAL_XGBOOST,24,2025-12-08,2025-12-09,2025-12-31,XLK,0.2204143404960632,0.022446364587082965,0.032406499172338205,0.032406499172338205,0.032406499172338205,0.09372248424660701,0.906277515753393,1.0,0.05691295242805084,0.05691295242805084,0.22522025526691775,0.00022522025526691775
CAUSAL_XGBOOST,24,2025-12-08,2025-12-09,2025-12-31,XLV,0.1343067288398742,0.03785914787306704,0.053183166655582384,0.053183166655582384,0.053183166655582384,0.09372248424660701,0.906277515753393,1.0,0.05691295242805084,0.05691295242805084,0.22522025526691775,0.00022522025526691775
CAUSAL_MLP,1,2023-12-28,2023-12-29,2024-01-30,DBC,0.2320058895885536,0.0,0.030787395766221737,0.030787395766221737,0.030787395766221737,0.6053340818528605,0.3946659181471395,1.0,0.03743262552531429,0.03743262552531429,0.3946659181471395,0.0003946659181471395
CAUSAL_MLP,1,2023-12-28,2023-12-29,2024-01-30,EEM,0.2702870764970293,0.0,0.026426928121869152,0.026426928121869152,0.026426928121869152,0.6053340818528605,0.3946659181471395,1.0,0.03743262552531429,0.03743262552531429,0.3946659181471395,0.0003946659181471395
CAUSAL_MLP,1,2023-12-28,2023-12-29,2024-01-30,EFA,0.2216384027028085,0.0,0.03222752490431403,0.03222752490431403,0.03222752490431403,0.6053340818528605,0.3946659181471395,1.0,0.03743262552531429,0.03743262552531429,0.3946659181471395,0.0003946659181471395
CAUSAL_MLP,1,2023-12-28,2023-12-29,2024-01-30,GLD,0.2611722561627805,0.0,0.02734921866434857,0.02734921866434857,0.02734921866434857,0.6053340818528605,0.3946659181471395,1.0,0.03743262552531429,0.03743262552531429,0.3946659181471395,0.0003946659181471395
CAUSAL_MLP,1,2023-12-28,2023-12-29,2024-01-30,HYG,0.1955118182319185,0.0,0.0365341451348184,0.0365341451348184,0.0365341451348184,0.6053340818528605,0.3946659181471395,1.0,0.03743262552531429,0.03743262552531429,0.3946659181471395,0.0003946659181471395
CAUSAL_MLP,1,2023-12-28,2023-12-29,2024-01-30,IWM,0.2694028928991472,0.0,0.026513661624009064,0.026513661624009064,0.026513661624009064,0.6053340818528605,0.3946659181471395,1.0,0.03743262552531429,0.03743262552531429,0.3946659181471395,0.0003946659181471395
CAUSAL_MLP,1,2023-12-28,2023-12-29,2024-01-30,LQD,0.262434571397245,0.0,0.027217668407128647,0.027217668407128647,0.027217668407128647,0.6053340818528605,0.3946659181471395,1.0,0.03743262552531429,0.03743262552531429,0.3946659181471395,0.0003946659181471395
CAUSAL_MLP,1,2023-12-28,2023-12-29,2024-01-30,QQQ,0.285947596160394,0.0,0.024979601992704163,0.024979601992704163,0.024979601992704163,0.6053340818528605,0.3946659181471395,1.0,0.03743262552531429,0.03743262552531429,0.3946659181471395,0.0003946659181471395
CAUSAL_MLP,1,2023-12-28,2023-12-29,2024-01-30,SPY,0.2105570612999358,0.0,0.03392361718366802,0.03392361718366802,0.03392361718366802,0.6053340818528605,0.3946659181471395,1.0,0.03743262552531429,0.03743262552531429,0.3946659181471395,0.0003946659181471395
CAUSAL_MLP,1,2023-12-28,2023-12-29,2024-01-30,TLT,0.3660370099472708,0.0,0.019514029862406815,0.019514029862406815,0.019514029862406815,0.6053340818528605,0.3946659181471395,1.0,0.03743262552531429,0.03743262552531429,0.3946659181471395,0.0003946659181471395
CAUSAL_MLP,1,2023-12-28,2023-12-29,2024-01-30,XLE,0.3180917125395763,0.0,0.02245533870037071,0.02245533870037071,0.02245533870037071,0.6053340818528605,0.3946659181471395,1.0,0.03743262552531429,0.03743262552531429,0.3946659181471395,0.0003946659181471395
CAUSAL_MLP,1,2023-12-28,2023-12-29,2024-01-30,XLF,0.2095518933858282,0.0,0.034086340273269074,0.034086340273269074,0.034086340273269074,0.6053340818528605,0.3946659181471395,1.0,0.03743262552531429,0.03743262552531429,0.3946659181471395,0.0003946659181471395
CAUSAL_MLP,1,2023-12-28,2023-12-29,2024-01-30,XLK,0.2972386989765339,0.0,0.0240307105617531,0.0240307105617531,0.0240307105617531,0.6053340818528605,0.3946659181471395,1.0,0.03743262552531429,0.03743262552531429,0.3946659181471395,0.0003946659181471395
CAUSAL_MLP,1,2023-12-28,2023-12-29,2024-01-30,XLV,0.2495780151743405,0.0,0.028619736950258073,0.028619736950258073,0.028619736950258073,0.6053340818528605,0.3946659181471395,1.0,0.03743262552531429,0.03743262552531429,0.3946659181471395,0.0003946659181471395
CAUSAL_MLP,2,2024-01-30,2024-01-31,2024-02-29,DBC,0.0696008535627458,0.0312712560275515,0.10262599921160151,0.05251904855644841,0.05251904855644841,3.3306690738754696e-16,0.9999999999999997,1.0,0.08397507362953108,0.08397507362953108,0.6456656540415681,0.0006456656540415681
CAUSAL_MLP,2,2024-01-30,2024-01-31,2024-02-29,EEM,0.02,0.025286831189181368,0.3571428571428571,0.18276853039160507,0.18276853039160507,3.3306690738754696e-16,0.9999999999999997,1.0,0.08397507362953108,0.08397507362953108,0.6456656540415681,0.0006456656540415681
CAUSAL_MLP,2,2024-01-30,2024-01-31,2024-02-29,EFA,0.0379617254712434,0.032190620111703254,0.18815944360242445,0.09629094996224821,0.09629094996224821,3.3306690738754696e-16,0.9999999999999997,1.0,0.08397507362953108,0.08397507362953108,0.6456656540415681,0.0006456656540415681
CAUSAL_MLP,2,2024-01-30,2024-01-31,2024-02-29,GLD,0.0290009959680564,0.026864167056428412,0.24629695996388382,0.12604293355505333,0.12604293355505333,3.3306690738754696e-16,0.9999999999999997,1.0,0.08397507362953108,0.08397507362953108,0.6456656540415681,0.0006456656540415681
CAUSAL_MLP,2,2024-01-30,2024-01-31,2024-02-29,HYG,0.02,0.03643890292693604,0.3571428571428571,0.18276853039160507,0.18276853039160507,3.3306690738754696e-16,0.9999999999999997,1.0,0.08397507362953108,0.08397507362953108,0.6456656540415681,0.0006456656540415681
CAUSAL_MLP,2,2024-01-30,2024-01-31,2024-02-29,IWM,0.1785680882151845,0.025620850220504466,0.04000074825379551,0.020470458324150155,0.020470458324150155,3.3306690738754696e-16,0.9999999999999997,1.0,0.08397507362953108,0.08397507362953108,0.6456656540415681,0.0006456656540415681
CAUSAL_MLP,2,2024-01-30,2024-01-31,2024-02-29,LQD,0.0592222265020069,0.02685485275972039,0.12061108750470718,0.06172295139407213,0.06172295139407213,3.3306690738754696e-16,0.9999999999999997,1.0,0.08397507362953108,0.08397507362953108,0.6456656540415681,0.0006456656540415681
CAUSAL_MLP,2,2024-01-30,2024-01-31,2024-02-29,QQQ,0.0720144524506101,0.025759221972655528,0.09918643966301002,0.050758847473555066,0.050758847473555066,3.3306690738754696e-16,0.9999999999999997,1.0,0.08397507362953108,0.08397507362953108,0.6456656540415681,0.0006456656540415681
CAUSAL_MLP,2,2024-01-30,2024-01-31,2024-02-29,SPY,0.0516558728482157,0.03483861573930211,0.13827773588969317,0.07076389200842564,0.07076389200842564,3.3306690738754696e-16,0.9999999999999997,1.0,0.08397507362953108,0.08397507362953108,0.6456656540415681,0.0006456656540415681
CAUSAL_MLP,2,2024-01-30,2024-01-31,2024-02-29,TLT,0.1531089368601492,0.018668809306163662,0.046652124228264216,0.023874312517570048,0.023874312517570048,3.3306690738754696e-16,0.9999999999999997,1.0,0.08397507362953108,0.08397507362953108,0.6456656540415681,0.0006456656540415681
CAUSAL_MLP,2,2024-01-30,2024-01-31,2024-02-29,XLE,0.1492379118634244,0.022652425503730297,0.04786221579804704,0.02449357915954578,0.02449357915954578,3.3306690738754696e-16,0.9999999999999997,1.0,0.08397507362953108,0.08397507362953108,0.6456656540415681,0.0006456656540415681
CAUSAL_MLP,2,2024-01-30,2024-01-31,2024-02-29,XLF,0.0750353363008247,0.03536293019198383,0.09519324487626286,0.048715322513879715,0.048715322513879715,3.3306690738754696e-16,0.9999999999999997,1.0,0.08397507362953108,0.08397507362953108,0.6456656540415681,0.0006456656540415681
CAUSAL_MLP,2,2024-01-30,2024-01-31,2024-02-29,XLK,0.0808615809721254,0.025063497221833014,0.08833437408698981,0.04520528245783595,0.04520528245783595,3.3306690738754696e-16,0.9999999999999997,1.0,0.08397507362953108,0.08397507362953108,0.6456656540415681,0.0006456656540415681
CAUSAL_MLP,2,2024-01-30,2024-01-31,2024-02-29,XLV,0.268671336897368,0.02944857306456408,0.02658585476717862,0.013605361294005277,0.013605361294005277,3.3306690738754696e-16,0.9999999999999997,1.0,0.08397507362953108,0.08397507362953108,0.6456656540415681,0.0006456656540415681
CAUSAL_MLP,3,2024-02-29,2024-03-01,2024-04-01,DBC,0.1079506570811462,0.05042552077283599,0.066167796806349,0.06092918486002499,0.06092918486002499,1.1102230246251565e-16,0.9999999999999999,1.0,0.0802960109898771,0.0802960109898771,0.3816428241773326,0.00038164282417733257
CAUSAL_MLP,3,2024-02-29,2024-03-01,2024-04-01,EEM,0.0607802405664124,0.1865973608656263,0.11751939571631669,0.1082151942763618,0.1082151942763618,1.1102230246251565e-16,0.9999999999999999,1.0,0.0802960109898771,0.0802960109898771,0.3816428241773326,0.00038164282417733257
CAUSAL_MLP,3,2024-02-29,2024-03-01,2024-04-01,EFA,0.0598751757651525,0.09723219919551726,0.11929580250208306,0.10985096005156707,0.10985096005156707,1.1102230246251565e-16,0.9999999999999999,1.0,0.0802960109898771,0.0802960109898771,0.3816428241773326,0.00038164282417733257
CAUSAL_MLP,3,2024-02-29,2024-03-01,2024-04-01,GLD,0.0419275698476598,0.12468473982039667,0.17036182084509302,0.15687399877828695,0.15687399877828695,1.1102230246251565e-16,0.9999999999999999,1.0,0.0802960109898771,0.0802960109898771,0.3816428241773326,0.00038164282417733257
CAUSAL_MLP,3,2024-02-29,2024-03-01,2024-04-01,HYG,0.0564770932879078,0.18014664979205006,0.1264735262922337,0.11646041179082045,0.11646041179082045,1.1102230246251565e-16,0.9999999999999999,1.0,0.0802960109898771,0.0802960109898771,0.3816428241773326,0.00038164282417733257
CAUSAL_MLP,3,2024-02-29,2024-03-01,2024-04-01,IWM,0.1419290854227252,0.02078709705506478,0.05032694406211859,0.04634247815708944,0.04634247815708944,1.1102230246251565e-16,0.9999999999999999,1.0,0.0802960109898771,0.0802960109898771,0.3816428241773326,0.00038164282417733257
CAUSAL_MLP,3,2024-02-29,2024-03-01,2024-04-01,LQD,0.114550642093507,0.059802461002476874,0.06235545268289698,0.0574186702130336,0.0574186702130336,1.1102230246251565e-16,0.9999999999999999,1.0,0.0802960109898771,0.0802960109898771,0.3816428241773326,0.00038164282417733257
CAUSAL_MLP,3,2024-02-29,2024-03-01,2024-04-01,QQQ,0.1345945053034162,0.05163222415252311,0.05306945574602031,0.04886786073644702,0.04886786073644702,1.1102230246251565e-16,0.9999999999999999,1.0,0.0802960109898771,0.0802960109898771,0.3816428241773326,0.00038164282417733257
CAUSAL_MLP,3,2024-02-29,2024-03-01,2024-04-01,SPY,0.1615234379361644,0.07217710800495783,0.04422179984603887,0.04072068812488844,0.04072068812488844,1.1102230246251565e-16,0.9999999999999999,1.0,0.0802960109898771,0.0802960109898771,0.3816428241773326,0.00038164282417733257
CAUSAL_MLP,3,2024-02-29,2024-03-01,2024-04-01,TLT,0.1377196373577646,0.023223185985805948,0.05186520441018595,0.04775895193487811,0.04775895193487811,1.1102230246251565e-16,0.9999999999999999,1.0,0.0802960109898771,0.0802960109898771,0.3816428241773326,0.00038164282417733257
CAUSAL_MLP,3,2024-02-29,2024-03-01,2024-04-01,XLE,0.3719535665311112,0.024461219001738577,0.01920362589737312,0.017683243643553493,0.017683243643553493,1.1102230246251565e-16,0.9999999999999999,1.0,0.0802960109898771,0.0802960109898771,0.3816428241773326,0.00038164282417733257
CAUSAL_MLP,3,2024-02-29,2024-03-01,2024-04-01,XLF,0.1186940682226737,0.049352861735509033,0.06017872038438285,0.055414273346154265,0.055414273346154265,1.1102230246251565e-16,0.9999999999999999,1.0,0.0802960109898771,0.0802960109898771,0.3816428241773326,0.00038164282417733257
CAUSAL_MLP,3,2024-02-29,2024-03-01,2024-04-01,XLK,0.1632339349683652,0.04566444191463552,0.04375840810454904,0.04029398386023725,0.04029398386023725,1.1102230246251565e-16,0.9999999999999999,1.0,0.0802960109898771,0.0802960109898771,0.3816428241773326,0.00038164282417733257
CAUSAL_MLP,3,2024-02-29,2024-03-01,2024-04-01,XLV,0.0705950248530104,0.013812930700861793,0.10118074407834914,0.09317010022665703,0.09317010022665703,1.1102230246251565e-16,0.9999999999999999,1.0,0.0802960109898771,0.0802960109898771,0.3816428241773326,0.00038164282417733257
CAUSAL_MLP,4,2024-04-01,2024-04-02,2024-04-30,DBC,0.0504726375348003,0.06180784520797884,0.14151939529477184,0.08410639805616517,0.08410639805616517,0.0,1.0000000000000002,1.0,0.0633312472379114,0.0633312472379114,0.7374463277208432,0.0007374463277208432
CAUSAL_MLP,4,2024-04-01,2024-04-02,2024-04-30,EEM,0.1754034158884813,0.10762528185194115,0.04072245176455661,0.02420176210334129,0.02420176210334129,0.0,1.0000000000000002,1.0,0.0633312472379114,0.0633312472379114,0.7374463277208432,0.0007374463277208432
CAUSAL_MLP,4,2024-04-01,2024-04-02,2024-04-30,EFA,0.02,0.10929225256209527,0.3571428571428571,0.21225358717232287,0.21225358717232287,0.0,1.0000000000000002,1.0,0.0633312472379114,0.0633312472379114,0.7374463277208432,0.0007374463277208432
CAUSAL_MLP,4,2024-04-01,2024-04-02,2024-04-30,GLD,0.1421860924874414,0.1664456391510803,0.050235976092303375,0.02985574516594444,0.02985574516594444,0.0,1.0000000000000002,1.0,0.0633312472379114,0.0633312472379114,0.7374463277208432,0.0007374463277208432
CAUSAL_MLP,4,2024-04-01,2024-04-02,2024-04-30,HYG,0.02,0.11332374519231721,0.3571428571428571,0.21225358717232287,0.21225358717232287,0.0,1.0000000000000002,1.0,0.0633312472379114,0.0633312472379114,0.7374463277208432,0.0007374463277208432
CAUSAL_MLP,4,2024-04-01,2024-04-02,2024-04-30,IWM,0.197333902099845,0.045916025507020806,0.03619680686820389,0.02151212588548814,0.02151212588548814,0.0,1.0000000000000002,1.0,0.0633312472379114,0.0633312472379114,0.7374463277208432,0.0007374463277208432
CAUSAL_MLP,4,2024-04-01,2024-04-02,2024-04-30,LQD,0.0994760985170963,0.055811502187503303,0.07180475761853032,0.04267428866560228,0.04267428866560228,0.0,1.0000000000000002,1.0,0.0633312472379114,0.0633312472379114,0.7374463277208432,0.0007374463277208432
CAUSAL_MLP,4,2024-04-01,2024-04-02,2024-04-30,QQQ,0.2754207437244784,0.04793486843703126,0.025934347014916988,0.015413042917686274,0.015413042917686274,0.0,1.0000000000000002,1.0,0.0633312472379114,0.0633312472379114,0.7374463277208432,0.0007374463277208432
CAUSAL_MLP,4,2024-04-01,2024-04-02,2024-04-30,SPY,0.0942022700304249,0.04057341410268877,0.0758246817252937,0.045063369938701144,0.045063369938701144,0.0,1.0000000000000002,1.0,0.0633312472379114,0.0633312472379114,0.7374463277208432,0.0007374463277208432
CAUSAL_MLP,4,2024-04-01,2024-04-02,2024-04-30,TLT,0.1959259077381554,0.045653824611470405,0.036456930200385713,0.02166671979450401,0.02166671979450401,0.0,1.0000000000000002,1.0,0.0633312472379114,0.0633312472379114,0.7374463277208432,0.0007374463277208432
CAUSAL_MLP,4,2024-04-01,2024-04-02,2024-04-30,XLE,0.1110746687882045,0.019023326914230122,0.06430680569011675,0.03821818052449831,0.03821818052449831,0.0,1.0000000000000002,1.0,0.0633312472379114,0.0633312472379114,0.7374463277208432,0.0007374463277208432
CAUSAL_MLP,4,2024-04-01,2024-04-02,2024-04-30,XLF,0.172897935334208,0.05582590781782633,0.04131256471657775,0.02455247215787063,0.02455247215787063,0.0,1.0000000000000002,1.0,0.0633312472379114,0.0633312472379114,0.7374463277208432,0.0007374463277208432
CAUSAL_MLP,4,2024-04-01,2024-04-02,2024-04-30,XLK,0.2657299736309604,0.03936140426021486,0.026880133412337505,0.015975133273229893,0.015975133273229893,0.0,1.0000000000000002,1.0,0.0633312472379114,0.0633312472379114,0.7374463277208432,0.0007374463277208432
CAUSAL_MLP,4,2024-04-01,2024-04-02,2024-04-30,XLV,0.02,0.09140496219660126,0.3571428571428571,0.21225358717232287,0.21225358717232287,0.0,1.0000000000000002,1.0,0.0633312472379114,0.0633312472379114,0.7374463277208432,0.0007374463277208432
CAUSAL_MLP,5,2024-04-30,2024-05-01,2024-05-30,DBC,0.2864747396179913,0.08711908020401885,0.02493363691466134,0.02493363691466134,0.02493363691466134,0.5553158907975739,0.444684109202426,1.0,0.034978082717929515,0.034978082717929515,0.6355621448939769,0.0006355621448939769
CAUSAL_MLP,5,2024-04-30,2024-05-01,2024-05-30,EEM,0.2797972882937742,0.024693026082174063,0.02552868609418928,0.02552868609418928,0.02552868609418928,0.5553158907975739,0.444684109202426,1.0,0.034978082717929515,0.034978082717929515,0.6355621448939769,0.0006355621448939769
CAUSAL_MLP,5,2024-04-30,2024-05-01,2024-05-30,EFA,0.1660909440485694,0.21125588551715666,0.04300569897879792,0.04300569897879792,0.04300569897879792,0.5553158907975739,0.444684109202426,1.0,0.034978082717929515,0.034978082717929515,0.6355621448939769,0.0006355621448939769
CAUSAL_MLP,5,2024-04-30,2024-05-01,2024-05-30,GLD,0.2418760737771156,0.031176635585268363,0.029531061222033708,0.029531061222033708,0.029531061222033708,0.5553158907975739,0.444684109202426,1.0,0.034978082717929515,0.034978082717929515,0.6355621448939769,0.0006355621448939769
CAUSAL_MLP,5,2024-04-30,2024-05-01,2024-05-30,HYG,0.1186234261702411,0.2153467429734107,0.06021455772661759,0.06021455772661759,0.06021455772661759,0.5553158907975739,0.444684109202426,1.0,0.034978082717929515,0.034978082717929515,0.6355621448939769,0.0006355621448939769
CAUSAL_MLP,5,2024-04-30,2024-05-01,2024-05-30,IWM,0.2942870478105283,0.020720776804396473,0.02427173467537705,0.02427173467537705,0.02427173467537705,0.5553158907975739,0.444684109202426,1.0,0.034978082717929515,0.034978082717929515,0.6355621448939769,0.0006355621448939769
CAUSAL_MLP,5,2024-04-30,2024-05-01,2024-05-30,LQD,0.1694070800481903,0.04270179219956585,0.04216386434867571,0.04216386434867571,0.04216386434867571,0.5553158907975739,0.444684109202426,1.0,0.034978082717929515,0.034978082717929515,0.6355621448939769,0.0006355621448939769
CAUSAL_MLP,5,2024-04-30,2024-05-01,2024-05-30,QQQ,0.277777732964155,0.015064896181219143,0.025714289862747465,0.025714289862747465,0.025714289862747465,0.5553158907975739,0.444684109202426,1.0,0.034978082717929515,0.034978082717929515,0.6355621448939769,0.0006355621448939769
CAUSAL_MLP,5,2024-04-30,2024-05-01,2024-05-30,SPY,0.341852760333622,0.04437370854734778,0.020894542831499337,0.020894542831499337,0.020894542831499337,0.5553158907975739,0.444684109202426,1.0,0.034978082717929515,0.034978082717929515,0.6355621448939769,0.0006355621448939769
CAUSAL_MLP,5,2024-04-30,2024-05-01,2024-05-30,TLT,0.2694141833947021,0.02115451175805844,0.02651255050070094,0.02651255050070094,0.02651255050070094,0.5553158907975739,0.444684109202426,1.0,0.034978082717929515,0.034978082717929515,0.6355621448939769,0.0006355621448939769
CAUSAL_MLP,5,2024-04-30,2024-05-01,2024-05-30,XLE,0.210753853840431,0.03849174521080067,0.03389194082431938,0.03389194082431938,0.03389194082431938,0.5553158907975739,0.444684109202426,1.0,0.034978082717929515,0.034978082717929515,0.6355621448939769,0.0006355621448939769
CAUSAL_MLP,5,2024-04-30,2024-05-01,2024-05-30,XLF,0.218683574641997,0.024230101562261488,0.03266297962501568,0.03266297962501568,0.03266297962501568,0.5553158907975739,0.444684109202426,1.0,0.034978082717929515,0.034978082717929515,0.6355621448939769,0.0006355621448939769
CAUSAL_MLP,5,2024-04-30,2024-05-01,2024-05-30,XLK,0.2677874308341167,0.015377410014286682,0.026673608692567234,0.026673608692567234,0.026673608692567234,0.5553158907975739,0.444684109202426,1.0,0.034978082717929515,0.034978082717929515,0.6355621448939769,0.0006355621448939769
CAUSAL_MLP,5,2024-04-30,2024-05-01,2024-05-30,XLV,0.2490105586164036,0.208293687360035,0.0286849569052234,0.0286849569052234,0.0286849569052234,0.5553158907975739,0.444684109202426,1.0,0.034978082717929515,0.034978082717929515,0.6355621448939769,0.0006355621448939769
CAUSAL_MLP,6,2024-05-30,2024-05-31,2024-07-01,DBC,0.028291813226732,0.02471637328264131,0.2524708149885598,0.13627697422922194,0.13627697422922194,0.0,1.0,1.0,0.062093106580697235,0.062093106580697235,0.6320800672699112,0.0006320800672699111
CAUSAL_MLP,6,2024-05-30,2024-05-31,2024-07-01,EEM,0.1106319748827013,0.02600868704935375,0.06456412940680514,0.03484998533276817,0.03484998533276817,0.0,1.0,1.0,0.062093106580697235,0.062093106580697235,0.6320800672699112,0.0006320800672699111
CAUSAL_MLP,6,2024-05-30,2024-05-31,2024-07-01,EFA,0.175847521113826,0.04428744410795503,0.04061960667750088,0.0219253741967829,0.0219253741967829,0.0,1.0,1.0,0.062093106580697235,0.062093106580697235,0.6320800672699112,0.0006320800672699111
CAUSAL_MLP,6,2024-05-30,2024-05-31,2024-07-01,GLD,0.1066613236903091,0.029871934343958864,0.06696764015039239,0.03614733596586348,0.03614733596586348,0.0,1.0,1.0,0.062093106580697235,0.062093106580697235,0.6320800672699112,0.0006320800672699111
CAUSAL_MLP,6,2024-05-30,2024-05-31,2024-07-01,HYG,0.02,0.06034938828274109,0.3571428571428571,0.1927761350998658,0.1927761350998658,0.0,1.0,1.0,0.062093106580697235,0.062093106580697235,0.6320800672699112,0.0006320800672699111
CAUSAL_MLP,6,2024-05-30,2024-05-31,2024-07-01,IWM,0.1646498405870615,0.02501833717811269,0.043382107856218856,0.02341649823802071,0.02341649823802071,0.0,1.0,1.0,0.062093106580697235,0.062093106580697235,0.6320800672699112,0.0006320800672699111
CAUSAL_MLP,6,2024-05-30,2024-05-31,2024-07-01,LQD,0.02,0.0424611108361642,0.3571428571428571,0.1927761350998658,0.1927761350998658,0.0,1.0,1.0,0.062093106580697235,0.062093106580697235,0.6320800672699112,0.0006320800672699111
CAUSAL_MLP,6,2024-05-30,2024-05-31,2024-07-01,QQQ,0.1806698803863025,0.02706238560508224,0.03953540638641326,0.02134015195977084,0.02134015195977084,0.0,1.0,1.0,0.062093106580697235,0.062093106580697235,0.6320800672699112,0.0006320800672699111
CAUSAL_MLP,6,2024-05-30,2024-05-31,2024-07-01,SPY,0.0728426247998566,0.021526806542600682,0.09805875560474317,0.052929486170917146,0.052929486170917146,0.0,1.0,1.0,0.062093106580697235,0.062093106580697235,0.6320800672699112,0.0006320800672699111
CAUSAL_MLP,6,2024-05-30,2024-05-31,2024-07-01,TLT,0.0368081378651529,0.026811951894222155,0.19405646569313273,0.10474647525289314,0.10474647525289314,0.0,1.0,1.0,0.062093106580697235,0.062093106580697235,0.6320800672699112,0.0006320800672699111
CAUSAL_MLP,6,2024-05-30,2024-05-31,2024-07-01,XLE,0.124994590809682,0.03261386624966735,0.05714533002258416,0.03084551641012829,0.03084551641012829,0.0,1.0,1.0,0.062093106580697235,0.062093106580697235,0.6320800672699112,0.0006320800672699111
CAUSAL_MLP,6,2024-05-30,2024-05-31,2024-07-01,XLF,0.1223777793062022,0.03286756138858916,0.05836727209263175,0.03150508796495146,0.03150508796495146,0.0,1.0,1.0,0.062093106580697235,0.062093106580697235,0.6320800672699112,0.0006320800672699111
CAUSAL_MLP,6,2024-05-30,2024-05-31,2024-07-01,XLK,0.1950766304894626,0.02821959790310689,0.03661564752751343,0.019764144440692393,0.019764144440692393,0.0,1.0,1.0,0.062093106580697235,0.062093106580697235,0.6320800672699112,0.0006320800672699111
CAUSAL_MLP,6,2024-05-30,2024-05-31,2024-07-01,XLV,0.0382869504963453,0.028649326510226957,0.18656114029084056,0.1007006996382579,0.1007006996382579,0.0,1.0,1.0,0.062093106580697235,0.062093106580697235,0.6320800672699112,0.0006320800672699111
CAUSAL_MLP,7,2024-07-01,2024-07-02,2024-07-31,DBC,0.2232126293515074,0.1353703438768242,0.03200023745792996,0.02203060942142884,0.02203060942142884,1.1102230246251565e-16,0.9999999999999999,1.0,0.06954695195568056,0.06954695195568056,0.548560405900854,0.000548560405900854
CAUSAL_MLP,7,2024-07-01,2024-07-02,2024-07-31,EEM,0.1639615523982517,0.03503710850073643,0.04356422001609023,0.029991849816284475,0.029991849816284475,1.1102230246251565e-16,0.9999999999999999,1.0,0.06954695195568056,0.06954695195568056,0.548560405900854,0.000548560405900854
CAUSAL_MLP,7,2024-07-01,2024-07-02,2024-07-31,EFA,0.0958728055614089,0.021487126405563717,0.07450347469264333,0.05129202411859571,0.05129202411859571,1.1102230246251565e-16,0.9999999999999999,1.0,0.06954695195568056,0.06954695195568056,0.548560405900854,0.000548560405900854
CAUSAL_MLP,7,2024-07-01,2024-07-02,2024-07-31,GLD,0.1972236299728691,0.03551321048368302,0.036217045309630214,0.024933676841105177,0.024933676841105177,1.1102230246251565e-16,0.9999999999999999,1.0,0.06954695195568056,0.06954695195568056,0.548560405900854,0.000548560405900854
CAUSAL_MLP,7,2024-07-01,2024-07-02,2024-07-31,HYG,0.029891811363915,0.19181903155146815,0.23895698577436847,0.16451027993270342,0.16451027993270342,1.1102230246251565e-16,0.9999999999999999,1.0,0.06954695195568056,0.06954695195568056,0.548560405900854,0.000548560405900854
CAUSAL_MLP,7,2024-07-01,2024-07-02,2024-07-31,IWM,0.1911272757458414,0.02285209120417249,0.03737225424776955,0.02572898209312869,0.02572898209312869,1.1102230246251565e-16,0.9999999999999999,1.0,0.06954695195568056,0.06954695195568056,0.548560405900854,0.000548560405900854
CAUSAL_MLP,7,2024-07-01,2024-07-02,2024-07-31,LQD,0.02,0.191110989123353,0.3571428571428571,0.24587551275866107,0.24587551275866107,1.1102230246251565e-16,0.9999999999999999,1.0,0.06954695195568056,0.06954695195568056,0.548560405900854,0.000548560405900854
CAUSAL_MLP,7,2024-07-01,2024-07-02,2024-07-31,QQQ,0.139055867796614,0.022515416565090703,0.05136681577007907,0.035363558065494044,0.035363558065494044,1.1102230246251565e-16,0.9999999999999999,1.0,0.06954695195568056,0.06954695195568056,0.548560405900854,0.000548560405900854
CAUSAL_MLP,7,2024-07-01,2024-07-02,2024-07-31,SPY,0.0232367268163758,0.054690230463908134,0.30739515075863877,0.2116266328744575,0.2116266328744575,1.1102230246251565e-16,0.9999999999999999,1.0,0.06954695195568056,0.06954695195568056,0.548560405900854,0.000548560405900854
CAUSAL_MLP,7,2024-07-01,2024-07-02,2024-07-31,TLT,0.1467894843966374,0.10415064326698979,0.048660550666943886,0.033500425969790186,0.033500425969790186,1.1102230246251565e-16,0.9999999999999999,1.0,0.06954695195568056,0.06954695195568056,0.548560405900854,0.000548560405900854
CAUSAL_MLP,7,2024-07-01,2024-07-02,2024-07-31,XLE,0.1854186093434358,0.03077720724385089,0.038522870860427015,0.026521125752080897,0.026521125752080897,1.1102230246251565e-16,0.9999999999999999,1.0,0.06954695195568056,0.06954695195568056,0.548560405900854,0.000548560405900854
CAUSAL_MLP,7,2024-07-01,2024-07-02,2024-07-31,XLF,0.1063362932110678,0.031340818374407324,0.06717233530681031,0.04624489068292437,0.04624489068292437,1.1102230246251565e-16,0.9999999999999999,1.0,0.06954695195568056,0.06954695195568056,0.548560405900854,0.000548560405900854
CAUSAL_MLP,7,2024-07-01,2024-07-02,2024-07-31,XLK,0.2103873391905337,0.02122832904205257,0.03395098379179717,0.02337360353571354,0.02337360353571354,1.1102230246251565e-16,0.9999999999999999,1.0,0.06954695195568056,0.06954695195568056,0.548560405900854,0.000548560405900854
CAUSAL_MLP,7,2024-07-01,2024-07-02,2024-07-31,XLV,0.0833379866428889,0.10210745389789963,0.08570949972027711,0.05900682813763208,0.05900682813763208,1.1102230246251565e-16,0.9999999999999999,1.0,0.06954695195568056,0.06954695195568056,0.548560405900854,0.000548560405900854
CAUSAL_MLP,8,2024-07-31,2024-08-01,2024-08-29,DBC,0.2042603698393683,0.02064245141361032,0.03496937339570242,0.026966516278146134,0.026966516278146134,0.0,1.0,1.0,0.06777317707912779,0.06777317707912779,0.6143520725348287,0.0006143520725348287
CAUSAL_MLP,8,2024-07-31,2024-08-01,2024-08-29,EEM,0.1331223651488038,0.029462733552460683,0.05365632690549689,0.041376898480555355,0.041376898480555355,0.0,1.0,1.0,0.06777317707912779,0.06777317707912779,0.6143520725348287,0.0006143520725348287
CAUSAL_MLP,8,2024-07-31,2024-08-01,2024-08-29,EFA,0.0323567015008054,0.05128836591309178,0.22075356298846927,0.170233377716711,0.170233377716711,0.0,1.0,1.0,0.06777317707912779,0.06777317707912779,0.6143520725348287,0.0006143520725348287
CAUSAL_MLP,8,2024-07-31,2024-08-01,2024-08-29,GLD,0.1727171961320041,0.025585552719426814,0.041355796080652034,0.031891384943764846,0.031891384943764846,0.0,1.0,1.0,0.06777317707912779,0.06777317707912779,0.6143520725348287,0.0006143520725348287
CAUSAL_MLP,8,2024-07-31,2024-08-01,2024-08-29,HYG,0.02,0.16444021858153604,0.3571428571428571,0.2754095294126737,0.2754095294126737,0.0,1.0,1.0,0.06777317707912779,0.06777317707912779,0.6143520725348287,0.0006143520725348287
CAUSAL_MLP,8,2024-07-31,2024-08-01,2024-08-29,IWM,0.2230542124905776,0.027952808085585302,0.032022964565884965,0.024694402884169492,0.024694402884169492,0.0,1.0,1.0,0.06777317707912779,0.06777317707912779,0.6143520725348287,0.0006143520725348287
CAUSAL_MLP,8,2024-07-31,2024-08-01,2024-08-29,LQD,0.0623458347155268,0.24788127929488546,0.11456831359221924,0.08834897492970285,0.08834897492970285,0.0,1.0,1.0,0.06777317707912779,0.06777317707912779,0.6143520725348287,0.0006143520725348287
CAUSAL_MLP,8,2024-07-31,2024-08-01,2024-08-29,QQQ,0.1272420189737376,0.03375197453792146,0.05613599344357628,0.04328908510474319,0.04328908510474319,0.0,1.0,1.0,0.06777317707912779,0.06777317707912779,0.6143520725348287,0.0006143520725348287
CAUSAL_MLP,8,2024-07-31,2024-08-01,2024-08-29,SPY,0.0664345627083334,0.20870724102009436,0.10751718460489182,0.08291152020426472,0.08291152020426472,0.0,1.0,1.0,0.06777317707912779,0.06777317707912779,0.6143520725348287,0.0006143520725348287
CAUSAL_MLP,8,2024-07-31,2024-08-01,2024-08-29,TLT,0.141685231059168,0.03449285466057907,0.05041356173442152,0.038876250877222664,0.038876250877222664,0.0,1.0,1.0,0.06777317707912779,0.06777317707912779,0.6143520725348287,0.0006143520725348287
CAUSAL_MLP,8,2024-07-31,2024-08-01,2024-08-29,XLE,0.2310783754728566,0.02646625082245961,0.030910971778474232,0.023836893335354478,0.023836893335354478,0.0,1.0,1.0,0.06777317707912779,0.06777317707912779,0.6143520725348287,0.0006143520725348287
CAUSAL_MLP,8,2024-07-31,2024-08-01,2024-08-29,XLF,0.1576990025147026,0.04793779675469253,0.04529424428154642,0.03492850620751349,0.03492850620751349,0.0,1.0,1.0,0.06777317707912779,0.06777317707912779,0.6143520725348287,0.0006143520725348287
CAUSAL_MLP,8,2024-07-31,2024-08-01,2024-08-29,XLK,0.290575293583302,0.02190711382779113,0.02458177725564074,0.018956155977088912,0.018956155977088912,0.0,1.0,1.0,0.06777317707912779,0.06777317707912779,0.6143520725348287,0.0006143520725348287
CAUSAL_MLP,8,2024-07-31,2024-08-01,2024-08-29,XLV,0.056045608068682,0.05948335881586549,0.12744722359161154,0.09828050364808913,0.09828050364808913,0.0,1.0,1.0,0.06777317707912779,0.06777317707912779,0.6143520725348287,0.0006143520725348287
CAUSAL_MLP,9,2024-08-29,2024-08-30,2024-09-30,DBC,0.0391070755072572,0.026206695644597225,0.18264871638206812,0.06274337369405411,0.06274337369405411,1.1102230246251565e-16,0.9999999999999999,1.0,0.0854614156463484,0.0854614156463484,0.4670076038858971,0.00046700760388589715
CAUSAL_MLP,9,2024-08-29,2024-08-30,2024-09-30,EEM,0.0406006004411425,0.040918673525485144,0.17592984008233903,0.060435309477516234,0.060435309477516234,1.1102230246251565e-16,0.9999999999999999,1.0,0.0854614156463484,0.0854614156463484,0.4670076038858971,0.00046700760388589715
CAUSAL_MLP,9,2024-08-29,2024-08-30,2024-09-30,EFA,0.02,0.172241109867456,0.3571428571428571,0.12268549263167143,0.12268549263167143,1.1102230246251565e-16,0.9999999999999999,1.0,0.0854614156463484,0.0854614156463484,0.4670076038858971,0.00046700760388589715
CAUSAL_MLP,9,2024-08-29,2024-08-30,2024-09-30,GLD,0.036890182779402,0.0321818910388261,0.19362487807583942,0.0665138979469487,0.0665138979469487,1.1102230246251565e-16,0.9999999999999999,1.0,0.0854614156463484,0.0854614156463484,0.4670076038858971,0.00046700760388589715
CAUSAL_MLP,9,2024-08-29,2024-08-30,2024-09-30,HYG,0.02,0.27443067234603696,0.3571428571428571,0.12268549263167143,0.12268549263167143,1.1102230246251565e-16,0.9999999999999999,1.0,0.0854614156463484,0.0854614156463484,0.4670076038858971,0.00046700760388589715
CAUSAL_MLP,9,2024-08-29,2024-08-30,2024-09-30,IWM,0.1014593626593706,0.02368802017992232,0.07040116314191573,0.024184163869344084,0.024184163869344084,1.1102230246251565e-16,0.9999999999999999,1.0,0.0854614156463484,0.0854614156463484,0.4670076038858971,0.00046700760388589715
CAUSAL_MLP,9,2024-08-29,2024-08-30,2024-09-30,LQD,0.02,0.08857240240685733,0.3571428571428571,0.12268549263167143,0.12268549263167143,1.1102230246251565e-16,0.9999999999999999,1.0,0.0854614156463484,0.0854614156463484,0.4670076038858971,0.00046700760388589715
CAUSAL_MLP,9,2024-08-29,2024-08-30,2024-09-30,QQQ,0.0987911529676394,0.0424462923863116,0.07230259925397266,0.024837344022467078,0.024837344022467078,1.1102230246251565e-16,0.9999999999999999,1.0,0.0854614156463484,0.0854614156463484,0.4670076038858971,0.00046700760388589715
CAUSAL_MLP,9,2024-08-29,2024-08-30,2024-09-30,SPY,0.02,0.08248198174920565,0.3571428571428571,0.12268549263167143,0.12268549263167143,1.1102230246251565e-16,0.9999999999999999,1.0,0.0854614156463484,0.0854614156463484,0.4670076038858971,0.00046700760388589715
CAUSAL_MLP,9,2024-08-29,2024-08-30,2024-09-30,TLT,0.0839091808360244,0.03937796865220054,0.0851260502329982,0.029242447944146623,0.029242447944146623,1.1102230246251565e-16,0.9999999999999999,1.0,0.0854614156463484,0.0854614156463484,0.4670076038858971,0.00046700760388589715
CAUSAL_MLP,9,2024-08-29,2024-08-30,2024-09-30,XLE,0.1332689477362442,0.022823467077809575,0.053597310282615454,0.018411714764114635,0.018411714764114635,1.1102230246251565e-16,0.9999999999999999,1.0,0.0854614156463484,0.0854614156463484,0.4670076038858971,0.00046700760388589715
CAUSAL_MLP,9,2024-08-29,2024-08-30,2024-09-30,XLF,0.030009877399087,0.03550870832623514,0.2380168718408177,0.08176340809403236,0.08176340809403236,1.1102230246251565e-16,0.9999999999999999,1.0,0.0854614156463484,0.0854614156463484,0.4670076038858971,0.00046700760388589715
CAUSAL_MLP,9,2024-08-29,2024-08-30,2024-09-30,XLK,0.133058197219808,0.018487660636224142,0.053682202916498,0.018440877029018938,0.018440877029018938,1.1102230246251565e-16,0.9999999999999999,1.0,0.0854614156463484,0.0854614156463484,0.4670076038858971,0.00046700760388589715
CAUSAL_MLP,9,2024-08-29,2024-08-30,2024-09-30,XLV,0.02,0.10063445616283241,0.3571428571428571,0.12268549263167143,0.12268549263167143,1.1102230246251565e-16,0.9999999999999999,1.0,0.0854614156463484,0.0854614156463484,0.4670076038858971,0.00046700760388589715
CAUSAL_MLP,10,2024-09-30,2024-10-01,2024-10-30,DBC,0.1609505365910009,0.06149312825767643,0.044379206768401146,0.044379206768401146,0.044379206768401146,0.2175294626109543,0.7824705373890457,1.0,0.07335942412793788,0.07335942412793788,0.40692052156643255,0.0004069205215664326
CAUSAL_MLP,10,2024-09-30,2024-10-01,2024-10-30,EEM,0.1736565305415597,0.0630155736073411,0.04113209633165915,0.04113209633165915,0.04113209633165915,0.2175294626109543,0.7824705373890457,1.0,0.07335942412793788,0.07335942412793788,0.40692052156643255,0.0004069205215664326
CAUSAL_MLP,10,2024-09-30,2024-10-01,2024-10-30,EFA,0.1098770984305269,0.1218633663213579,0.06500769718972356,0.06500769718972356,0.06500769718972356,0.2175294626109543,0.7824705373890457,1.0,0.07335942412793788,0.07335942412793788,0.40692052156643255,0.0004069205215664326
CAUSAL_MLP,10,2024-09-30,2024-10-01,2024-10-30,GLD,0.1250897814235015,0.06829258057945595,0.057101843664387156,0.057101843664387156,0.057101843664387156,0.2175294626109543,0.7824705373890457,1.0,0.07335942412793788,0.07335942412793788,0.40692052156643255,0.0004069205215664326
CAUSAL_MLP,10,2024-09-30,2024-10-01,2024-10-30,HYG,0.0578878357123913,0.12279103724909642,0.12339133178765853,0.12339133178765853,0.12339133178765853,0.2175294626109543,0.7824705373890457,1.0,0.07335942412793788,0.07335942412793788,0.40692052156643255,0.0004069205215664326
CAUSAL_MLP,10,2024-09-30,2024-10-01,2024-10-30,IWM,0.1529761851426856,0.024106254785314793,0.0466926086318258,0.0466926086318258,0.0466926086318258,0.2175294626109543,0.7824705373890457,1.0,0.07335942412793788,0.07335942412793788,0.40692052156643255,0.0004069205215664326
CAUSAL_MLP,10,2024-09-30,2024-10-01,2024-10-30,LQD,0.0754610765446664,0.12275436129809988,0.09465617865429195,0.09465617865429195,0.09465617865429195,0.2175294626109543,0.7824705373890457,1.0,0.07335942412793788,0.07335942412793788,0.40692052156643255,0.0004069205215664326
CAUSAL_MLP,10,2024-09-30,2024-10-01,2024-10-30,QQQ,0.2093646638651104,0.025380499551695152,0.03411682282478741,0.03411682282478741,0.03411682282478741,0.2175294626109543,0.7824705373890457,1.0,0.07335942412793788,0.07335942412793788,0.40692052156643255,0.0004069205215664326
CAUSAL_MLP,10,2024-09-30,2024-10-01,2024-10-30,SPY,0.1578777176787711,0.12443925635334387,0.04524297188910783,0.04524297188910783,0.04524297188910783,0.2175294626109543,0.7824705373890457,1.0,0.07335942412793788,0.07335942412793788,0.40692052156643255,0.0004069205215664326
CAUSAL_MLP,10,2024-09-30,2024-10-01,2024-10-30,TLT,0.1234964557795695,0.029037951780423142,0.05783855980131548,0.05783855980131548,0.05783855980131548,0.2175294626109543,0.7824705373890457,1.0,0.07335942412793788,0.07335942412793788,0.40692052156643255,0.0004069205215664326
CAUSAL_MLP,10,2024-09-30,2024-10-01,2024-10-30,XLE,0.2538437063437915,0.017636643213151185,0.028138799443714644,0.028138799443714644,0.028138799443714644,0.2175294626109543,0.7824705373890457,1.0,0.07335942412793788,0.07335942412793788,0.40692052156643255,0.0004069205215664326
CAUSAL_MLP,10,2024-09-30,2024-10-01,2024-10-30,XLF,0.1762961312405482,0.08076762366788057,0.040516244415545535,0.040516244415545535,0.040516244415545535,0.2175294626109543,0.7824705373890457,1.0,0.07335942412793788,0.07335942412793788,0.40692052156643255,0.0004069205215664326
CAUSAL_MLP,10,2024-09-30,2024-10-01,2024-10-30,XLK,0.1686846470202812,0.01887464778461723,0.04234444135273525,0.04234444135273525,0.04234444135273525,0.2175294626109543,0.7824705373890457,1.0,0.07335942412793788,0.07335942412793788,0.40692052156643255,0.0004069205215664326
CAUSAL_MLP,10,2024-09-30,2024-10-01,2024-10-30,XLV,0.1153716203413712,0.11954707555054635,0.06191173463389228,0.06191173463389228,0.06191173463389228,0.2175294626109543,0.7824705373890457,1.0,0.07335942412793788,0.07335942412793788,0.40692052156643255,0.0004069205215664326
CAUSAL_MLP,11,2024-10-30,2024-10-31,2024-12-02,DBC,0.2146187667672331,0.04576171381875759,0.03328160556715899,0.03328160556715899,0.03328160556715899,0.35784427215378245,0.6421557278462175,1.0,0.05501347776391383,0.05501347776391383,0.26051827189740023,0.0002605182718974002
CAUSAL_MLP,11,2024-10-30,2024-10-31,2024-12-02,EEM,0.1945824565467281,0.0405955195630832,0.036708638947323693,0.036708638947323693,0.036708638947323693,0.35784427215378245,0.6421557278462175,1.0,0.05501347776391383,0.05501347776391383,0.26051827189740023,0.0002605182718974002
CAUSAL_MLP,11,2024-10-30,2024-10-31,2024-12-02,EFA,0.219587741084082,0.06224473371743241,0.03252848773612586,0.03252848773612586,0.03252848773612586,0.35784427215378245,0.6421557278462175,1.0,0.05501347776391383,0.05501347776391383,0.26051827189740023,0.0002605182718974002
CAUSAL_MLP,11,2024-10-30,2024-10-31,2024-12-02,GLD,0.0757259149693769,0.06104834168871889,0.09432513487285918,0.09432513487285918,0.09432513487285918,0.35784427215378245,0.6421557278462175,1.0,0.05501347776391383,0.05501347776391383,0.26051827189740023,0.0002605182718974002
CAUSAL_MLP,11,2024-10-30,2024-10-31,2024-12-02,HYG,0.1128923853927542,0.12340101747399254,0.0632713811299765,0.0632713811299765,0.0632713811299765,0.35784427215378245,0.6421557278462175,1.0,0.05501347776391383,0.05501347776391383,0.26051827189740023,0.0002605182718974002
CAUSAL_MLP,11,2024-10-30,2024-10-31,2024-12-02,IWM,0.2168492953728273,0.04681577005450951,0.03293926840101779,0.03293926840101779,0.03293926840101779,0.35784427215378245,0.6421557278462175,1.0,0.05501347776391383,0.05501347776391383,0.26051827189740023,0.0002605182718974002
CAUSAL_MLP,11,2024-10-30,2024-10-31,2024-12-02,LQD,0.1121727810902674,0.09251347383823003,0.06367727601501794,0.06367727601501794,0.06367727601501794,0.35784427215378245,0.6421557278462175,1.0,0.05501347776391383,0.05501347776391383,0.26051827189740023,0.0002605182718974002
CAUSAL_MLP,11,2024-10-30,2024-10-31,2024-12-02,QQQ,0.2337370166162407,0.0346675658355745,0.03055937500299573,0.03055937500299573,0.03055937500299573,0.35784427215378245,0.6421557278462175,1.0,0.05501347776391383,0.05501347776391383,0.26051827189740023,0.0002605182718974002
CAUSAL_MLP,11,2024-10-30,2024-10-31,2024-12-02,SPY,0.1879410545758476,0.04570574310632392,0.0380058373034961,0.0380058373034961,0.0380058373034961,0.35784427215378245,0.6421557278462175,1.0,0.05501347776391383,0.05501347776391383,0.26051827189740023,0.0002605182718974002
CAUSAL_MLP,11,2024-10-30,2024-10-31,2024-12-02,TLT,0.1883675161508719,0.0549640609365694,0.03791979258852737,0.03791979258852737,0.03791979258852737,0.35784427215378245,0.6421557278462175,1.0,0.05501347776391383,0.05501347776391383,0.26051827189740023,0.0002605182718974002
CAUSAL_MLP,11,2024-10-30,2024-10-31,2024-12-02,XLE,0.1668151107934096,0.028440035348190538,0.04281900547788586,0.04281900547788586,0.04281900547788586,0.35784427215378245,0.6421557278462175,1.0,0.05501347776391383,0.05501347776391383,0.26051827189740023,0.0002605182718974002
CAUSAL_MLP,11,2024-10-30,2024-10-31,2024-12-02,XLF,0.1288129290123038,0.04218801014342195,0.05545139915400014,0.05545139915400014,0.05545139915400014,0.35784427215378245,0.6421557278462175,1.0,0.05501347776391383,0.05501347776391383,0.26051827189740023,0.0002605182718974002
CAUSAL_MLP,11,2024-10-30,2024-10-31,2024-12-02,XLK,0.2380691249403685,0.04283165775044911,0.030003290618412965,0.030003290618412965,0.030003290618412965,0.35784427215378245,0.6421557278462175,1.0,0.05501347776391383,0.05501347776391383,0.26051827189740023,0.0002605182718974002
CAUSAL_MLP,11,2024-10-30,2024-10-31,2024-12-02,XLV,0.1409814271744243,0.0596580518195365,0.050665235031419384,0.050665235031419384,0.050665235031419384,0.35784427215378245,0.6421557278462175,1.0,0.05501347776391383,0.05501347776391383,0.26051827189740023,0.0002605182718974002
CAUSAL_MLP,12,2024-12-02,2024-12-03,2025-01-02,DBC,0.3024736218675075,0.03274894665109528,0.023614810107262605,0.023614810107262605,0.023614810107262605,0.5940075333934232,0.4059924666065768,1.0,0.02715825273365583,0.02715825273365583,0.24027308473375028,0.00024027308473375028
CAUSAL_MLP,12,2024-12-02,2024-12-03,2025-01-02,EEM,0.2737563239702543,0.03549483181829088,0.026092026073645223,0.026092026073645223,0.026092026073645223,0.5940075333934232,0.4059924666065768,1.0,0.02715825273365583,0.02715825273365583,0.24027308473375028,0.00024027308473375028
CAUSAL_MLP,12,2024-12-02,2024-12-03,2025-01-02,EFA,0.2884318459150846,0.03193706697506144,0.024764453870187508,0.024764453870187508,0.024764453870187508,0.5940075333934232,0.4059924666065768,1.0,0.02715825273365583,0.02715825273365583,0.24027308473375028,0.00024027308473375028
CAUSAL_MLP,12,2024-12-02,2024-12-03,2025-01-02,GLD,0.2486347734018084,0.09026939536486588,0.028728311189657556,0.028728311189657556,0.028728311189657556,0.5940075333934232,0.4059924666065768,1.0,0.02715825273365583,0.02715825273365583,0.24027308473375028,0.00024027308473375028
CAUSAL_MLP,12,2024-12-02,2024-12-03,2025-01-02,HYG,0.1794446769465241,0.06344555135940695,0.03980534426766958,0.03980534426766958,0.03980534426766958,0.5940075333934232,0.4059924666065768,1.0,0.02715825273365583,0.02715825273365583,0.24027308473375028,0.00024027308473375028
CAUSAL_MLP,12,2024-12-02,2024-12-03,2025-01-02,IWM,0.3013178310961398,0.03502086127789137,0.023705391469441818,0.023705391469441818,0.023705391469441818,0.5940075333934232,0.4059924666065768,1.0,0.02715825273365583,0.02715825273365583,0.24027308473375028,0.00024027308473375028
CAUSAL_MLP,12,2024-12-02,2024-12-03,2025-01-02,LQD,0.1738188594662625,0.06416725015269836,0.04109368318714312,0.04109368318714312,0.04109368318714312,0.5940075333934232,0.4059924666065768,1.0,0.02715825273365583,0.02715825273365583,0.24027308473375028,0.00024027308473375028
CAUSAL_MLP,12,2024-12-02,2024-12-03,2025-01-02,QQQ,0.2832868487877741,0.03137751950712389,0.02521422075688467,0.02521422075688467,0.02521422075688467,0.5940075333934232,0.4059924666065768,1.0,0.02715825273365583,0.02715825273365583,0.24027308473375028,0.00024027308473375028
CAUSAL_MLP,12,2024-12-02,2024-12-03,2025-01-02,SPY,0.2412579374886408,0.03906207468682888,0.02960672389563743,0.02960672389563743,0.02960672389563743,0.5940075333934232,0.4059924666065768,1.0,0.02715825273365583,0.02715825273365583,0.24027308473375028,0.00024027308473375028
CAUSAL_MLP,12,2024-12-02,2024-12-03,2025-01-02,TLT,0.2016467436952757,0.038570966553555894,0.03542262578587075,0.03542262578587075,0.03542262578587075,0.5940075333934232,0.4059924666065768,1.0,0.02715825273365583,0.02715825273365583,0.24027308473375028,0.00024027308473375028
CAUSAL_MLP,12,2024-12-02,2024-12-03,2025-01-02,XLE,0.3053420667145671,0.04518717560622889,0.0233929678269135,0.0233929678269135,0.0233929678269135,0.5940075333934232,0.4059924666065768,1.0,0.02715825273365583,0.02715825273365583,0.24027308473375028,0.00024027308473375028
CAUSAL_MLP,12,2024-12-02,2024-12-03,2025-01-02,XLF,0.2403768259113921,0.058288349330114335,0.02971524861340065,0.02971524861340065,0.02971524861340065,0.5940075333934232,0.4059924666065768,1.0,0.02715825273365583,0.02715825273365583,0.24027308473375028,0.00024027308473375028
CAUSAL_MLP,12,2024-12-02,2024-12-03,2025-01-02,XLK,0.3102369402177108,0.030646924909796276,0.02302387696914686,0.02302387696914686,0.02302387696914686,0.5940075333934232,0.4059924666065768,1.0,0.02715825273365583,0.02715825273365583,0.24027308473375028,0.00024027308473375028
CAUSAL_MLP,12,2024-12-02,2024-12-03,2025-01-02,XLV,0.2245278960372423,0.050048637147368714,0.03181278259371549,0.03181278259371549,0.03181278259371549,0.5940075333934232,0.4059924666065768,1.0,0.02715825273365583,0.02715825273365583,0.24027308473375028,0.00024027308473375028
CAUSAL_MLP,13,2025-01-02,2025-01-03,2025-02-04,DBC,0.1968784350534725,0.024742682121642396,0.03628054611932044,0.03628054611932044,0.03628054611932044,0.4204638465284858,0.5795361534715142,1.0,0.03878033757968293,0.03878033757968293,0.1823474031124443,0.0001823474031124443
CAUSAL_MLP,13,2025-01-02,2025-01-03,2025-02-04,EEM,0.2013557124567106,0.025834411429648034,0.035473824187594295,0.035473824187594295,0.035473824187594295,0.4204638465284858,0.5795361534715142,1.0,0.03878033757968293,0.03878033757968293,0.1823474031124443,0.0001823474031124443
CAUSAL_MLP,13,2025-01-02,2025-01-03,2025-02-04,EFA,0.2099188773171617,0.024186263967474468,0.03402674992428223,0.03402674992428223,0.03402674992428223,0.4204638465284858,0.5795361534715142,1.0,0.03878033757968293,0.03878033757968293,0.1823474031124443,0.0001823474031124443
CAUSAL_MLP,13,2025-01-02,2025-01-03,2025-02-04,GLD,0.1955208961320773,0.029327670050121733,0.03653244887969435,0.03653244887969435,0.03653244887969435,0.4204638465284858,0.5795361534715142,1.0,0.03878033757968293,0.03878033757968293,0.1823474031124443,0.0001823474031124443
CAUSAL_MLP,13,2025-01-02,2025-01-03,2025-02-04,HYG,0.0748367488047928,0.04010465168439214,0.0954458505605162,0.0954458505605162,0.0954458505605162,0.4204638465284858,0.5795361534715142,1.0,0.03878033757968293,0.03878033757968293,0.1823474031124443,0.0001823474031124443
CAUSAL_MLP,13,2025-01-02,2025-01-03,2025-02-04,IWM,0.2787212046214685,0.02202343143652744,0.025627246956534445,0.025627246956534445,0.025627246956534445,0.4204638465284858,0.5795361534715142,1.0,0.03878033757968293,0.03878033757968293,0.1823474031124443,0.0001823474031124443
CAUSAL_MLP,13,2025-01-02,2025-01-03,2025-02-04,LQD,0.0886812352202417,0.040439393663517585,0.08054530504810525,0.08054530504810525,0.08054530504810525,0.4204638465284858,0.5795361534715142,1.0,0.03878033757968293,0.03878033757968293,0.1823474031124443,0.0001823474031124443
CAUSAL_MLP,13,2025-01-02,2025-01-03,2025-02-04,QQQ,0.2258874505673735,0.02532264445380964,0.03162131019193873,0.03162131019193873,0.03162131019193873,0.4204638465284858,0.5795361534715142,1.0,0.03878033757968293,0.03878033757968293,0.1823474031124443,0.0001823474031124443
CAUSAL_MLP,13,2025-01-02,2025-01-03,2025-02-04,SPY,0.1940879381195964,0.029135121314995217,0.036802169223188595,0.036802169223188595,0.036802169223188595,0.4204638465284858,0.5795361534715142,1.0,0.03878033757968293,0.03878033757968293,0.1823474031124443,0.0001823474031124443
CAUSAL_MLP,13,2025-01-02,2025-01-03,2025-02-04,TLT,0.2168379686128088,0.03359261009804147,0.032940989018448164,0.032940989018448164,0.032940989018448164,0.4204638465284858,0.5795361534715142,1.0,0.03878033757968293,0.03878033757968293,0.1823474031124443,0.0001823474031124443
CAUSAL_MLP,13,2025-01-02,2025-01-03,2025-02-04,XLE,0.2300495352287334,0.02190069959845859,0.031049213534620493,0.031049213534620493,0.031049213534620493,0.4204638465284858,0.5795361534715142,1.0,0.03878033757968293,0.03878033757968293,0.1823474031124443,0.0001823474031124443
CAUSAL_MLP,13,2025-01-02,2025-01-03,2025-02-04,XLF,0.2235347089370167,0.028661176701071482,0.03195412997303126,0.03195412997303126,0.03195412997303126,0.4204638465284858,0.5795361534715142,1.0,0.03878033757968293,0.03878033757968293,0.1823474031124443,0.0001823474031124443
CAUSAL_MLP,13,2025-01-02,2025-01-03,2025-02-04,XLK,0.282234298888529,0.022958883636186398,0.025308253358952232,0.025308253358952232,0.025308253358952232,0.4204638465284858,0.5795361534715142,1.0,0.03878033757968293,0.03878033757968293,0.1823474031124443,0.0001823474031124443
CAUSAL_MLP,13,2025-01-02,2025-01-03,2025-02-04,XLV,0.1555225358216036,0.030262352362369974,0.04592811649528756,0.04592811649528756,0.04592811649528756,0.4204638465284858,0.5795361534715142,1.0,0.03878033757968293,0.03878033757968293,0.1823474031124443,0.0001823474031124443
CAUSAL_MLP,14,2025-02-04,2025-02-05,2025-03-06,DBC,0.1133535989036133,0.03665411204319043,0.06301394231806305,0.0347805180292657,0.0347805180292657,0.0,1.0,1.0,0.0786739687923192,0.0786739687923192,0.4213938967162023,0.0004213938967162023
CAUSAL_MLP,14,2025-02-04,2025-02-05,2025-03-06,EEM,0.0803357108346856,0.036031148823768434,0.08891260273473744,0.049075272371238786,0.049075272371238786,0.0,1.0,1.0,0.0786739687923192,0.0786739687923192,0.4213938967162023,0.0004213938967162023
CAUSAL_MLP,14,2025-02-04,2025-02-05,2025-03-06,EFA,0.0927494923412176,0.03514961861617555,0.07701235837042829,0.04250693767514284,0.04250693767514284,0.0,1.0,1.0,0.0786739687923192,0.0786739687923192,0.4213938967162023,0.0004213938967162023
CAUSAL_MLP,14,2025-02-04,2025-02-05,2025-03-06,GLD,0.0979827251497519,0.03839252515699763,0.072899147599134,0.0402366527806178,0.0402366527806178,0.0,1.0,1.0,0.0786739687923192,0.0786739687923192,0.4213938967162023,0.0004213938967162023
CAUSAL_MLP,14,2025-02-04,2025-02-05,2025-03-06,HYG,0.0266668934555665,0.09500500724161651,0.26785486486301346,0.1478423760502298,0.1478423760502298,0.0,1.0,1.0,0.0786739687923192,0.0786739687923192,0.4213938967162023,0.0004213938967162023
CAUSAL_MLP,14,2025-02-04,2025-02-05,2025-03-06,IWM,0.0423627566381354,0.025838962731415952,0.16861171721830462,0.0930651639133464,0.0930651639133464,0.0,1.0,1.0,0.0786739687923192,0.0786739687923192,0.4213938967162023,0.0004213938967162023
CAUSAL_MLP,14,2025-02-04,2025-02-05,2025-03-06,LQD,0.0359888143697753,0.07987220301843906,0.19847436677035882,0.10954784033286534,0.10954784033286534,0.0,1.0,1.0,0.0786739687923192,0.0786739687923192,0.4213938967162023,0.0004213938967162023
CAUSAL_MLP,14,2025-02-04,2025-02-05,2025-03-06,QQQ,0.1205764025253151,0.0319361830712191,0.059239262353655765,0.032697085066222174,0.032697085066222174,0.0,1.0,1.0,0.0786739687923192,0.0786739687923192,0.4213938967162023,0.0004213938967162023
CAUSAL_MLP,14,2025-02-04,2025-02-05,2025-03-06,SPY,0.0860010601920276,0.03721955372127229,0.08305545451309788,0.04584242196022076,0.04584242196022076,0.0,1.0,1.0,0.0786739687923192,0.0786739687923192,0.4213938967162023,0.0004213938967162023
CAUSAL_MLP,14,2025-02-04,2025-02-05,2025-03-06,TLT,0.028514831461396,0.032800180605203184,0.25049620764994873,0.13826127275858927,0.13826127275858927,0.0,1.0,1.0,0.0786739687923192,0.0786739687923192,0.4213938967162023,0.0004213938967162023
CAUSAL_MLP,14,2025-02-04,2025-02-05,2025-03-06,XLE,0.0448985642478422,0.031696835954826585,0.15908876514242712,0.08780897466089349,0.08780897466089349,0.0,1.0,1.0,0.0786739687923192,0.0786739687923192,0.4213938967162023,0.0004213938967162023
CAUSAL_MLP,14,2025-02-04,2025-02-05,2025-03-06,XLF,0.038595547230652,0.03330420572031167,0.18506946151509399,0.10214900871306218,0.10214900871306218,0.0,1.0,1.0,0.0786739687923192,0.0786739687923192,0.4213938967162023,0.0004213938967162023
CAUSAL_MLP,14,2025-02-04,2025-02-05,2025-03-06,XLK,0.1304124818188068,0.024760149354305892,0.05477126915490593,0.030230978165317966,0.030230978165317966,0.0,1.0,1.0,0.0786739687923192,0.0786739687923192,0.4213938967162023,0.0004213938967162023
CAUSAL_MLP,14,2025-02-04,2025-02-05,2025-03-06,XLV,0.085789450726264,0.04821838979306998,0.0832603202653493,0.045955497522987394,0.045955497522987394,0.0,1.0,1.0,0.0786739687923192,0.0786739687923192,0.4213938967162023,0.0004213938967162023
CAUSAL_MLP,15,2025-03-06,2025-03-07,2025-04-04,DBC,0.1043317294561423,0.03454554350017139,0.06846294200327399,0.05874338094232391,0.05874338094232391,1.1102230246251565e-16,0.9999999999999999,1.0,0.0803342270442191,0.0803342270442191,0.3957753963619022,0.0003957753963619022
CAUSAL_MLP,15,2025-03-06,2025-03-07,2025-04-04,EEM,0.129515802633208,0.05091585856744714,0.05515046810994867,0.04732085508646814,0.04732085508646814,1.1102230246251565e-16,0.9999999999999999,1.0,0.0803342270442191,0.0803342270442191,0.3957753963619022,0.0003957753963619022
CAUSAL_MLP,15,2025-03-06,2025-03-07,2025-04-04,EFA,0.1152412702967038,0.04543321074656474,0.061981763342827775,0.05318232358975432,0.05318232358975432,1.1102230246251565e-16,0.9999999999999999,1.0,0.0803342270442191,0.0803342270442191,0.3957753963619022,0.0003957753963619022
CAUSAL_MLP,15,2025-03-06,2025-03-07,2025-04-04,GLD,0.1069616824023667,0.041666052203118004,0.06677958856319462,0.05729901017037512,0.05729901017037512,1.1102230246251565e-16,0.9999999999999999,1.0,0.0803342270442191,0.0803342270442191,0.3957753963619022,0.0003957753963619022
CAUSAL_MLP,15,2025-03-06,2025-03-07,2025-04-04,HYG,0.0385407070613291,0.1501556590744814,0.1853327997198092,0.15902143461096865,0.15902143461096865,1.1102230246251565e-16,0.9999999999999999,1.0,0.0803342270442191,0.0803342270442191,0.3957753963619022,0.0003957753963619022
CAUSAL_MLP,15,2025-03-06,2025-03-07,2025-04-04,IWM,0.1317425019712588,0.0853084361650162,0.05421832010155266,0.04652104245864948,0.04652104245864948,1.1102230246251565e-16,0.9999999999999999,1.0,0.0803342270442191,0.0803342270442191,0.3957753963619022,0.0003957753963619022
CAUSAL_MLP,15,2025-03-06,2025-03-07,2025-04-04,LQD,0.0444154233271442,0.11250830700353655,0.16081929671695444,0.13798806965480542,0.13798806965480542,1.1102230246251565e-16,0.9999999999999999,1.0,0.0803342270442191,0.0803342270442191,0.3957753963619022,0.0003957753963619022
CAUSAL_MLP,15,2025-03-06,2025-03-07,2025-04-04,QQQ,0.1321683454545806,0.030841555743270424,0.054043629874384505,0.04637115268965665,0.04637115268965665,1.1102230246251565e-16,0.9999999999999999,1.0,0.0803342270442191,0.0803342270442191,0.3957753963619022,0.0003957753963619022
CAUSAL_MLP,15,2025-03-06,2025-03-07,2025-04-04,SPY,0.0572863512023745,0.044209402326031294,0.12468689300220388,0.10698531847773902,0.10698531847773902,1.1102230246251565e-16,0.9999999999999999,1.0,0.0803342270442191,0.0803342270442191,0.3957753963619022,0.0003957753963619022
CAUSAL_MLP,15,2025-03-06,2025-03-07,2025-04-04,TLT,0.0802843632602728,0.1436759830977645,0.08896946868346967,0.07633863281626553,0.07633863281626553,1.1102230246251565e-16,0.9999999999999999,1.0,0.0803342270442191,0.0803342270442191,0.3957753963619022,0.0003957753963619022
CAUSAL_MLP,15,2025-03-06,2025-03-07,2025-04-04,XLE,0.1138683884999978,0.08494737635000382,0.06272906148010764,0.05382352915105813,0.05382352915105813,1.1102230246251565e-16,0.9999999999999999,1.0,0.0803342270442191,0.0803342270442191,0.3957753963619022,0.0003957753963619022
CAUSAL_MLP,15,2025-03-06,2025-03-07,2025-04-04,XLF,0.1428490556605672,0.09994812202047716,0.05000283067904729,0.04290401850731639,0.04290401850731639,1.1102230246251565e-16,0.9999999999999999,1.0,0.0803342270442191,0.0803342270442191,0.3957753963619022,0.0003957753963619022
CAUSAL_MLP,15,2025-03-06,2025-03-07,2025-04-04,XLK,0.136325489875208,0.028570244628009413,0.052395609576724754,0.044957098877282074,0.044957098877282074,1.1102230246251565e-16,0.9999999999999999,1.0,0.0803342270442191,0.0803342270442191,0.3957753963619022,0.0003957753963619022
CAUSAL_MLP,15,2025-03-06,2025-03-07,2025-04-04,XLV,0.0894139040424388,0.047274248574108,0.07988530664612191,0.06854413296733708,0.06854413296733708,1.1102230246251565e-16,0.9999999999999999,1.0,0.0803342270442191,0.0803342270442191,0.3957753963619022,0.0003957753963619022
CAUSAL_MLP,16,2025-04-04,2025-04-07,2025-05-06,DBC,0.233883888218856,0.05988143373682179,0.0305401846927277,0.0305401846927277,0.0305401846927277,0.7876020269517258,0.21239797304827424,1.0,0.025570525813122098,0.025570525813122098,0.7876020269517254,0.0007876020269517255
CAUSAL_MLP,16,2025-04-04,2025-04-07,2025-05-06,EEM,0.6327018727973293,0.04599921388360812,0.011289451556823801,0.011289451556823801,0.011289451556823801,0.7876020269517258,0.21239797304827424,1.0,0.025570525813122098,0.025570525813122098,0.7876020269517254,0.0007876020269517255
CAUSAL_MLP,16,2025-04-04,2025-04-07,2025-05-06,EFA,0.2496333587597261,0.05055382171941792,0.02861339196950915,0.02861339196950915,0.02861339196950915,0.7876020269517258,0.21239797304827424,1.0,0.025570525813122098,0.025570525813122098,0.7876020269517254,0.0007876020269517255
CAUSAL_MLP,16,2025-04-04,2025-04-07,2025-05-06,GLD,0.3070100142612826,0.06326142802458576,0.02326587671755285,0.02326587671755285,0.02326587671755285,0.7876020269517258,0.21239797304827424,1.0,0.025570525813122098,0.025570525813122098,0.7876020269517254,0.0007876020269517255
CAUSAL_MLP,16,2025-04-04,2025-04-07,2025-05-06,HYG,0.3992878706304051,0.16372840116243506,0.017888991046935213,0.017888991046935213,0.017888991046935213,0.7876020269517258,0.21239797304827424,1.0,0.025570525813122098,0.025570525813122098,0.7876020269517254,0.0007876020269517255
CAUSAL_MLP,16,2025-04-04,2025-04-07,2025-05-06,IWM,0.7934700834059543,0.043573108701452375,0.009002049720887488,0.009002049720887488,0.009002049720887488,0.7876020269517258,0.21239797304827424,1.0,0.025570525813122098,0.025570525813122098,0.7876020269517254,0.0007876020269517255
CAUSAL_MLP,16,2025-04-04,2025-04-07,2025-05-06,LQD,0.4404526580547717,0.14705451404761463,0.016217082613153185,0.016217082613153185,0.016217082613153185,0.7876020269517258,0.21239797304827424,1.0,0.025570525813122098,0.025570525813122098,0.7876020269517254,0.0007876020269517255
CAUSAL_MLP,16,2025-04-04,2025-04-07,2025-05-06,QQQ,0.6233832739450489,0.042570307308061654,0.011458211090031242,0.011458211090031242,0.011458211090031242,0.7876020269517258,0.21239797304827424,1.0,0.025570525813122098,0.025570525813122098,0.7876020269517254,0.0007876020269517255
CAUSAL_MLP,16,2025-04-04,2025-04-07,2025-05-06,SPY,0.6114421826060255,0.10023839531591074,0.011681982934860002,0.011681982934860002,0.011681982934860002,0.7876020269517258,0.21239797304827424,1.0,0.025570525813122098,0.025570525813122098,0.7876020269517254,0.0007876020269517255
CAUSAL_MLP,16,2025-04-04,2025-04-07,2025-05-06,TLT,0.5312926238129329,0.08331516943523476,0.013444299473979012,0.013444299473979012,0.013444299473979012,0.7876020269517258,0.21239797304827424,1.0,0.025570525813122098,0.025570525813122098,0.7876020269517254,0.0007876020269517255
CAUSAL_MLP,16,2025-04-04,2025-04-07,2025-05-06,XLE,0.9928200846870556,0.05262153821968994,0.007194513137905168,0.007194513137905168,0.007194513137905168,0.7876020269517258,0.21239797304827424,1.0,0.025570525813122098,0.025570525813122098,0.7876020269517254,0.0007876020269517255
CAUSAL_MLP,16,2025-04-04,2025-04-07,2025-05-06,XLF,0.8629843122599039,0.04080861143770732,0.008276925827483567,0.008276925827483567,0.008276925827483567,0.7876020269517258,0.21239797304827424,1.0,0.025570525813122098,0.025570525813122098,0.7876020269517254,0.0007876020269517255
CAUSAL_MLP,16,2025-04-04,2025-04-07,2025-05-06,XLK,0.7667787809543223,0.04036784286762677,0.009315407938085142,0.009315407938085142,0.009315407938085142,0.7876020269517258,0.21239797304827424,1.0,0.025570525813122098,0.025570525813122098,0.7876020269517254,0.0007876020269517255
CAUSAL_MLP,16,2025-04-04,2025-04-07,2025-05-06,XLV,0.5026781167024383,0.06602621413983291,0.014209604328340748,0.014209604328340748,0.014209604328340748,0.7876020269517258,0.21239797304827424,1.0,0.025570525813122098,0.025570525813122098,0.7876020269517254,0.0007876020269517255
CAUSAL_MLP,17,2025-05-06,2025-05-07,2025-06-05,DBC,0.3025112598123255,0.030111387119856024,0.0236118719920987,0.0236118719920987,0.0236118719920987,0.6669551113153969,0.3330448886846031,1.0,0.061313363414402404,0.061313363414402404,0.15497787639693147,0.00015497787639693147
CAUSAL_MLP,17,2025-05-06,2025-05-07,2025-06-05,EEM,0.3788973628761614,0.012387219144829016,0.018851694001342813,0.018851694001342813,0.018851694001342813,0.6669551113153969,0.3330448886846031,1.0,0.061313363414402404,0.061313363414402404,0.15497787639693147,0.00015497787639693147
CAUSAL_MLP,17,2025-05-06,2025-05-07,2025-06-05,EFA,0.440963908752047,0.03239338464035482,0.01619828063269812,0.01619828063269812,0.01619828063269812,0.6669551113153969,0.3330448886846031,1.0,0.061313363414402404,0.061313363414402404,0.15497787639693147,0.00015497787639693147
CAUSAL_MLP,17,2025-05-06,2025-05-07,2025-06-05,GLD,0.2492277369014572,0.025871812283255403,0.028659960691619874,0.028659960691619874,0.028659960691619874,0.6669551113153969,0.3330448886846031,1.0,0.061313363414402404,0.061313363414402404,0.15497787639693147,0.00015497787639693147
CAUSAL_MLP,17,2025-05-06,2025-05-07,2025-06-05,HYG,0.2874524309853118,0.018118583204771103,0.02484883192107054,0.02484883192107054,0.02484883192107054,0.6669551113153969,0.3330448886846031,1.0,0.061313363414402404,0.061313363414402404,0.15497787639693147,0.00015497787639693147
CAUSAL_MLP,17,2025-05-06,2025-05-07,2025-06-05,IWM,0.1327997547110886,0.009638849025320041,0.05378667421786077,0.05378667421786077,0.05378667421786077,0.6669551113153969,0.3330448886846031,1.0,0.061313363414402404,0.061313363414402404,0.15497787639693147,0.00015497787639693147
CAUSAL_MLP,17,2025-05-06,2025-05-07,2025-06-05,LQD,0.327132756095326,0.01578649839878633,0.021834735316984658,0.021834735316984658,0.021834735316984658,0.6669551113153969,0.3330448886846031,1.0,0.061313363414402404,0.061313363414402404,0.15497787639693147,0.00015497787639693147
CAUSAL_MLP,17,2025-05-06,2025-05-07,2025-06-05,QQQ,0.5292780746720356,0.01286736398393647,0.013495471444350263,0.013495471444350263,0.013495471444350263,0.6669551113153969,0.3330448886846031,1.0,0.061313363414402404,0.061313363414402404,0.15497787639693147,0.00015497787639693147
CAUSAL_MLP,17,2025-05-06,2025-05-07,2025-06-05,SPY,0.3563549168358624,0.012737962804379463,0.02004422222171037,0.02004422222171037,0.02004422222171037,0.6669551113153969,0.3330448886846031,1.0,0.061313363414402404,0.061313363414402404,0.15497787639693147,0.00015497787639693147
CAUSAL_MLP,17,2025-05-06,2025-05-07,2025-06-05,TLT,0.2790255900168501,0.012542015977751158,0.025599290525380812,0.025599290525380812,0.025599290525380812,0.6669551113153969,0.3330448886846031,1.0,0.061313363414402404,0.061313363414402404,0.15497787639693147,0.00015497787639693147
CAUSAL_MLP,17,2025-05-06,2025-05-07,2025-06-05,XLE,0.6632471157878437,0.0072520127181301625,0.010769526128089436,0.010769526128089436,0.010769526128089436,0.6669551113153969,0.3330448886846031,1.0,0.061313363414402404,0.061313363414402404,0.15497787639693147,0.00015497787639693147
CAUSAL_MLP,17,2025-05-06,2025-05-07,2025-06-05,XLF,0.2929324975944289,0.009076486278830238,0.024383969691019313,0.024383969691019313,0.024383969691019313,0.6669551113153969,0.3330448886846031,1.0,0.061313363414402404,0.061313363414402404,0.15497787639693147,0.00015497787639693147
CAUSAL_MLP,17,2025-05-06,2025-05-07,2025-06-05,XLK,0.4745900276488831,0.010760964001037411,0.01505058413941571,0.01505058413941571,0.01505058413941571,0.6669551113153969,0.3330448886846031,1.0,0.061313363414402404,0.061313363414402404,0.15497787639693147,0.00015497787639693147
CAUSAL_MLP,17,2025-05-06,2025-05-07,2025-06-05,XLV,0.1989112154418492,0.01391171097726199,0.03590977576096168,0.03590977576096168,0.03590977576096168,0.6669551113153969,0.3330448886846031,1.0,0.061313363414402404,0.061313363414402404,0.15497787639693147,0.00015497787639693147
CAUSAL_MLP,18,2025-06-05,2025-06-06,2025-07-08,DBC,0.4512772661228154,0.023980540884106186,0.01582808991072289,0.01582808991072289,0.01582808991072289,0.7707487269247131,0.22925127307528692,1.0,0.040973471496223,0.040973471496223,0.11819789310456007,0.00011819789310456007
CAUSAL_MLP,18,2025-06-05,2025-06-06,2025-07-08,EEM,0.4522078916734418,0.019339363114820835,0.01579551634188485,0.01579551634188485,0.01579551634188485,0.7707487269247131,0.22925127307528692,1.0,0.040973471496223,0.040973471496223,0.11819789310456007,0.00011819789310456007
CAUSAL_MLP,18,2025-06-05,2025-06-06,2025-07-08,EFA,0.4377638231984689,0.016656243401090773,0.016316691248419554,0.016316691248419554,0.016316691248419554,0.7707487269247131,0.22925127307528692,1.0,0.040973471496223,0.040973471496223,0.11819789310456007,0.00011819789310456007
CAUSAL_MLP,18,2025-06-05,2025-06-06,2025-07-08,GLD,0.5204517327862912,0.027835826033346896,0.013724341169193792,0.013724341169193792,0.013724341169193792,0.7707487269247131,0.22925127307528692,1.0,0.040973471496223,0.040973471496223,0.11819789310456007,0.00011819789310456007
CAUSAL_MLP,18,2025-06-05,2025-06-06,2025-07-08,HYG,0.3274499850934962,0.02500209715189288,0.021813582128634563,0.021813582128634563,0.021813582128634563,0.7707487269247131,0.22925127307528692,1.0,0.040973471496223,0.040973471496223,0.11819789310456007,0.00011819789310456007
CAUSAL_MLP,18,2025-06-05,2025-06-06,2025-07-08,IWM,0.4652345006022956,0.05646283794432325,0.015353240427375773,0.015353240427375773,0.015353240427375773,0.7707487269247131,0.22925127307528692,1.0,0.040973471496223,0.040973471496223,0.11819789310456007,0.00011819789310456007
CAUSAL_MLP,18,2025-06-05,2025-06-06,2025-07-08,LQD,0.2759748144762766,0.021830023434526953,0.025882278991335855,0.025882278991335855,0.025882278991335855,0.7707487269247131,0.22925127307528692,1.0,0.040973471496223,0.040973471496223,0.11819789310456007,0.00011819789310456007
CAUSAL_MLP,18,2025-06-05,2025-06-06,2025-07-08,QQQ,0.6158739521352811,0.014572593458801282,0.011597920512943147,0.011597920512943147,0.011597920512943147,0.7707487269247131,0.22925127307528692,1.0,0.040973471496223,0.040973471496223,0.11819789310456007,0.00011819789310456007
CAUSAL_MLP,18,2025-06-05,2025-06-06,2025-07-08,SPY,0.5024010544267492,0.02107183766031936,0.014217440588390686,0.014217440588390686,0.014217440588390686,0.7707487269247131,0.22925127307528692,1.0,0.040973471496223,0.040973471496223,0.11819789310456007,0.00011819789310456007
CAUSAL_MLP,18,2025-06-05,2025-06-06,2025-07-08,TLT,0.3982449357420722,0.02513784365440779,0.01793583923307764,0.01793583923307764,0.01793583923307764,0.7707487269247131,0.22925127307528692,1.0,0.040973471496223,0.040973471496223,0.11819789310456007,0.00011819789310456007
CAUSAL_MLP,18,2025-06-05,2025-06-06,2025-07-08,XLE,0.7034567641088455,0.010846659262388732,0.010153939100871213,0.010153939100871213,0.010153939100871213,0.7707487269247131,0.22925127307528692,1.0,0.040973471496223,0.040973471496223,0.11819789310456007,0.00011819789310456007
CAUSAL_MLP,18,2025-06-05,2025-06-06,2025-07-08,XLF,0.3885935732906534,0.024885730826028393,0.01838130538899714,0.01838130538899714,0.01838130538899714,0.7707487269247131,0.22925127307528692,1.0,0.040973471496223,0.040973471496223,0.11819789310456007,0.00011819789310456007
CAUSAL_MLP,18,2025-06-05,2025-06-06,2025-07-08,XLK,0.4877404906389036,0.016475526919968196,0.014644790170076988,0.014644790170076988,0.014644790170076988,0.7707487269247131,0.22925127307528692,1.0,0.040973471496223,0.040973471496223,0.11819789310456007,0.00011819789310456007
CAUSAL_MLP,18,2025-06-05,2025-06-06,2025-07-08,XLV,0.4056989833007896,0.03524753132020759,0.017606297863362777,0.017606297863362777,0.017606297863362777,0.7707487269247131,0.22925127307528692,1.0,0.040973471496223,0.040973471496223,0.11819789310456007,0.00011819789310456007
CAUSAL_MLP,19,2025-07-08,2025-07-09,2025-08-06,DBC,0.3428306675850976,0.016335430087399974,0.020834942198057992,0.020834942198057992,0.020834942198057992,0.6713313112893915,0.32866868871060845,1.0,0.04513802740124723,0.04513802740124723,0.09384306184885553,9.384306184885553e-05
CAUSAL_MLP,19,2025-07-08,2025-07-09,2025-08-06,EEM,0.3394074386573694,0.016374842405563944,0.021045081307330547,0.021045081307330547,0.021045081307330547,0.6713313112893915,0.32866868871060845,1.0,0.04513802740124723,0.04513802740124723,0.09384306184885553,9.384306184885553e-05
CAUSAL_MLP,19,2025-07-08,2025-07-09,2025-08-06,EFA,0.3193185896605081,0.016438670576931446,0.022369061414342518,0.022369061414342518,0.022369061414342518,0.6713313112893915,0.32866868871060845,1.0,0.04513802740124723,0.04513802740124723,0.09384306184885553,9.384306184885553e-05
CAUSAL_MLP,19,2025-07-08,2025-07-09,2025-08-06,GLD,0.3196822674435911,0.013397358779966699,0.022343613863779675,0.022343613863779675,0.022343613863779675,0.6713313112893915,0.32866868871060845,1.0,0.04513802740124723,0.04513802740124723,0.09384306184885553,9.384306184885553e-05
CAUSAL_MLP,19,2025-07-08,2025-07-09,2025-08-06,HYG,0.2010810539299896,0.021944616698901062,0.03552227822191578,0.03552227822191578,0.03552227822191578,0.6713313112893915,0.32866868871060845,1.0,0.04513802740124723,0.04513802740124723,0.09384306184885553,9.384306184885553e-05
CAUSAL_MLP,19,2025-07-08,2025-07-09,2025-08-06,IWM,0.2933595788732633,0.01621666702710885,0.02434847080941232,0.02434847080941232,0.02434847080941232,0.6713313112893915,0.32866868871060845,1.0,0.04513802740124723,0.04513802740124723,0.09384306184885553,9.384306184885553e-05
CAUSAL_MLP,19,2025-07-08,2025-07-09,2025-08-06,LQD,0.223401146216207,0.025916737059172898,0.03197323408513001,0.03197323408513001,0.03197323408513001,0.6713313112893915,0.32866868871060845,1.0,0.04513802740124723,0.04513802740124723,0.09384306184885553,9.384306184885553e-05
CAUSAL_MLP,19,2025-07-08,2025-07-09,2025-08-06,QQQ,0.330950449534527,0.012132105434479144,0.021582859769199228,0.021582859769199228,0.021582859769199228,0.6713313112893915,0.32866868871060845,1.0,0.04513802740124723,0.04513802740124723,0.09384306184885553,9.384306184885553e-05
CAUSAL_MLP,19,2025-07-08,2025-07-09,2025-08-06,SPY,0.3260620947516411,0.014807767073503973,0.021906432111643642,0.021906432111643642,0.021906432111643642,0.6713313112893915,0.32866868871060845,1.0,0.04513802740124723,0.04513802740124723,0.09384306184885553,9.384306184885553e-05
CAUSAL_MLP,19,2025-07-08,2025-07-09,2025-08-06,TLT,0.3388003146244098,0.017785718946274016,0.021082793712206654,0.021082793712206654,0.021082793712206654,0.6713313112893915,0.32866868871060845,1.0,0.04513802740124723,0.04513802740124723,0.09384306184885553,9.384306184885553e-05
CAUSAL_MLP,19,2025-07-08,2025-07-09,2025-08-06,XLE,0.388422704016776,0.010986726692299012,0.01838939142586434,0.01838939142586434,0.01838939142586434,0.6713313112893915,0.32866868871060845,1.0,0.04513802740124723,0.04513802740124723,0.09384306184885553,9.384306184885553e-05
CAUSAL_MLP,19,2025-07-08,2025-07-09,2025-08-06,XLF,0.2844840562418853,0.018874869080648875,0.02510811058171872,0.02510811058171872,0.02510811058171872,0.6713313112893915,0.32866868871060845,1.0,0.04513802740124723,0.04513802740124723,0.09384306184885553,9.384306184885553e-05
CAUSAL_MLP,19,2025-07-08,2025-07-09,2025-08-06,XLK,0.352569059394811,0.01580630756204718,0.020259455424471856,0.020259455424471856,0.020259455424471856,0.6713313112893915,0.32866868871060845,1.0,0.04513802740124723,0.04513802740124723,0.09384306184885553,9.384306184885553e-05
CAUSAL_MLP,19,2025-07-08,2025-07-09,2025-08-06,XLV,0.3261137265621713,0.017807809437455795,0.021902963785535124,0.021902963785535124,0.021902963785535124,0.6713313112893915,0.32866868871060845,1.0,0.04513802740124723,0.04513802740124723,0.09384306184885553,9.384306184885553e-05
CAUSAL_MLP,20,2025-08-06,2025-08-07,2025-09-05,DBC,0.0296846828665355,0.020281200472677452,0.24062433730459407,0.1208095487842173,0.1208095487842173,0.0,1.0,1.0,0.05299114478672595,0.05299114478672595,0.6735395833074295,0.0006735395833074295
CAUSAL_MLP,20,2025-08-06,2025-08-07,2025-09-05,EEM,0.0608201511944742,0.021316811883309788,0.11744227862929262,0.05896389720311256,0.05896389720311256,0.0,1.0,1.0,0.05299114478672595,0.05299114478672595,0.6735395833074295,0.0006735395833074295
CAUSAL_MLP,20,2025-08-06,2025-08-07,2025-09-05,EFA,0.1270991691149167,0.022289594513136796,0.056199086056958635,0.028215708787728458,0.028215708787728458,0.0,1.0,1.0,0.05299114478672595,0.05299114478672595,0.6735395833074295,0.0006735395833074295
CAUSAL_MLP,20,2025-08-06,2025-08-07,2025-09-05,GLD,0.0434128049582497,0.022774276323063794,0.16453341703505364,0.0826068056730635,0.0826068056730635,0.0,1.0,1.0,0.05299114478672595,0.05299114478672595,0.6735395833074295,0.0006735395833074295
CAUSAL_MLP,20,2025-08-06,2025-08-07,2025-09-05,HYG,0.02,0.0357805164773442,0.3571428571428571,0.179309657145437,0.179309657145437,0.0,1.0,1.0,0.05299114478672595,0.05299114478672595,0.6735395833074295,0.0006735395833074295
CAUSAL_MLP,20,2025-08-06,2025-08-07,2025-09-05,IWM,0.0888058186276191,0.024235209574543524,0.08043231010355976,0.04038241185463736,0.04038241185463736,0.0,1.0,1.0,0.05299114478672595,0.05299114478672595,0.6735395833074295,0.0006735395833074295
CAUSAL_MLP,20,2025-08-06,2025-08-07,2025-09-05,LQD,0.02,0.0325793621952733,0.3571428571428571,0.179309657145437,0.179309657145437,0.0,1.0,1.0,0.05299114478672595,0.05299114478672595,0.6735395833074295,0.0006735395833074295
CAUSAL_MLP,20,2025-08-06,2025-08-07,2025-09-05,QQQ,0.156626964718708,0.02213412054281177,0.04560426204827028,0.02289639685828883,0.02289639685828883,0.0,1.0,1.0,0.05299114478672595,0.05299114478672595,0.6735395833074295,0.0006735395833074295
CAUSAL_MLP,20,2025-08-06,2025-08-07,2025-09-05,SPY,0.0663974969672865,0.02231137058392246,0.1075772050018146,0.054010968887511356,0.054010968887511356,0.0,1.0,1.0,0.05299114478672595,0.05299114478672595,0.6735395833074295,0.0006735395833074295
CAUSAL_MLP,20,2025-08-06,2025-08-07,2025-09-05,TLT,0.0666391167935777,0.021570507303801074,0.10718715202938481,0.053815136146197505,0.053815136146197505,0.0,1.0,1.0,0.05299114478672595,0.05299114478672595,0.6735395833074295,0.0006735395833074295
CAUSAL_MLP,20,2025-08-06,2025-08-07,2025-09-05,XLE,0.0906544377056999,0.017574891198154346,0.07879213995067375,0.03955893648086968,0.03955893648086968,0.0,1.0,1.0,0.05299114478672595,0.05299114478672595,0.6735395833074295,0.0006735395833074295
CAUSAL_MLP,20,2025-08-06,2025-08-07,2025-09-05,XLF,0.0597745146919863,0.024944660549516013,0.11949669821099781,0.05999535356143217,0.05999535356143217,0.0,1.0,1.0,0.05299114478672595,0.05299114478672595,0.6735395833074295,0.0006735395833074295
CAUSAL_MLP,20,2025-08-06,2025-08-07,2025-09-05,XLK,0.1873511482212947,0.020761850756647736,0.03812550502450175,0.019141559456432127,0.019141559456432127,0.0,1.0,1.0,0.05299114478672595,0.05299114478672595,0.6735395833074295,0.0006735395833074295
CAUSAL_MLP,20,2025-08-06,2025-08-07,2025-09-05,XLV,0.0588055125376949,0.021146626918799604,0.12146577479923337,0.06098396201563512,0.06098396201563512,0.0,1.0,1.0,0.05299114478672595,0.05299114478672595,0.6735395833074295,0.0006735395833074295
CAUSAL_MLP,21,2025-09-05,2025-09-08,2025-10-06,DBC,0.0454316418424519,0.11918658715888149,0.15722207811963262,0.1178674431974031,0.1178674431974031,0.0,1.0000000000000002,1.0,0.045936392125824364,0.045936392125824364,0.3263884215057804,0.0003263884215057804
CAUSAL_MLP,21,2025-09-05,2025-09-08,2025-10-06,EEM,0.1234413322048558,0.05910188503033704,0.05786438800744055,0.04338021445963717,0.04338021445963717,0.0,1.0000000000000002,1.0,0.045936392125824364,0.045936392125824364,0.3263884215057804,0.0003263884215057804
CAUSAL_MLP,21,2025-09-05,2025-09-08,2025-10-06,EFA,0.1326694544837829,0.028364086001620516,0.05383950036313946,0.04036280608121841,0.04036280608121841,0.0,1.0000000000000002,1.0,0.045936392125824364,0.045936392125824364,0.3263884215057804,0.0003263884215057804
CAUSAL_MLP,21,2025-09-05,2025-09-08,2025-10-06,GLD,0.1759570441638939,0.0858653278663217,0.04059432332930065,0.030433061033022173,0.030433061033022173,0.0,1.0000000000000002,1.0,0.045936392125824364,0.045936392125824364,0.3263884215057804,0.0003263884215057804
CAUSAL_MLP,21,2025-09-05,2025-09-08,2025-10-06,HYG,0.02,0.1769138035530265,0.3571428571428571,0.267745573211498,0.267745573211498,0.0,1.0000000000000002,1.0,0.045936392125824364,0.045936392125824364,0.3263884215057804,0.0003263884215057804
CAUSAL_MLP,21,2025-09-05,2025-09-08,2025-10-06,IWM,0.234120003192594,0.04244168401149392,0.030509384270686255,0.02287250722367731,0.02287250722367731,0.0,1.0000000000000002,1.0,0.045936392125824364,0.045936392125824364,0.3263884215057804,0.0003263884215057804
CAUSAL_MLP,21,2025-09-05,2025-09-08,2025-10-06,LQD,0.0383241822613509,0.17750217280238048,0.1863798970098459,0.13972669860800324,0.13972669860800324,0.0,1.0000000000000002,1.0,0.045936392125824364,0.045936392125824364,0.3263884215057804,0.0003263884215057804
CAUSAL_MLP,21,2025-09-05,2025-09-08,2025-10-06,QQQ,0.1254564895551201,0.022666099327379032,0.05693493551578202,0.04268341544721166,0.04268341544721166,0.0,1.0000000000000002,1.0,0.045936392125824364,0.045936392125824364,0.3263884215057804,0.0003263884215057804
CAUSAL_MLP,21,2025-09-05,2025-09-08,2025-10-06,SPY,0.1422405560811863,0.05385978079095878,0.0502167408483712,0.03764686817712911,0.03764686817712911,0.0,1.0000000000000002,1.0,0.045936392125824364,0.045936392125824364,0.3263884215057804,0.0003263884215057804
CAUSAL_MLP,21,2025-09-05,2025-09-08,2025-10-06,TLT,0.0670220110733542,0.05310881544309957,0.10657479577924682,0.07989780340027579,0.07989780340027579,0.0,1.0000000000000002,1.0,0.045936392125824364,0.045936392125824364,0.3263884215057804,0.0003263884215057804
CAUSAL_MLP,21,2025-09-05,2025-09-08,2025-10-06,XLE,0.1193280356468724,0.03976869224426028,0.05985900215432196,0.04487555196229624,0.04487555196229624,0.0,1.0000000000000002,1.0,0.045936392125824364,0.045936392125824364,0.3263884215057804,0.0003263884215057804
CAUSAL_MLP,21,2025-09-05,2025-09-08,2025-10-06,XLF,0.1237557622661995,0.059751823310847246,0.05771737018186521,0.04326999701809043,0.04326999701809043,0.0,1.0000000000000002,1.0,0.045936392125824364,0.045936392125824364,0.3263884215057804,0.0003263884215057804
CAUSAL_MLP,21,2025-09-05,2025-09-08,2025-10-06,XLK,0.1976083346635702,0.01864805414875124,0.036146537821989726,0.027098611368527252,0.027098611368527252,0.0,1.0000000000000002,1.0,0.045936392125824364,0.045936392125824364,0.3263884215057804,0.0003263884215057804
CAUSAL_MLP,21,2025-09-05,2025-09-08,2025-10-06,XLV,0.0861757155334627,0.0628211883106422,0.08288712311397653,0.06213944881201023,0.06213944881201023,0.0,1.0000000000000002,1.0,0.045936392125824364,0.045936392125824364,0.3263884215057804,0.0003263884215057804
CAUSAL_MLP,22,2025-10-06,2025-10-07,2025-11-05,DBC,0.2718028925601964,0.11805010419311178,0.026279547931136193,0.026279547931136193,0.026279547931136193,0.5332012916860418,0.46679870831395814,1.0,0.026480650499900036,0.026480650499900036,0.570151738487666,0.000570151738487666
CAUSAL_MLP,22,2025-10-06,2025-10-07,2025-11-05,EEM,0.2277593644101842,0.045653934992785805,0.0313614202487551,0.0313614202487551,0.0313614202487551,0.5332012916860418,0.46679870831395814,1.0,0.026480650499900036,0.026480650499900036,0.570151738487666,0.000570151738487666
CAUSAL_MLP,22,2025-10-06,2025-10-07,2025-11-05,EFA,0.1694940444722263,0.04084035432761632,0.042142230808750264,0.042142230808750264,0.042142230808750264,0.5332012916860418,0.46679870831395814,1.0,0.026480650499900036,0.026480650499900036,0.570151738487666,0.000570151738487666
CAUSAL_MLP,22,2025-10-06,2025-10-07,2025-11-05,GLD,0.3094837897074096,0.03264503971021897,0.02307990718870963,0.02307990718870963,0.02307990718870963,0.5332012916860418,0.46679870831395814,1.0,0.026480650499900036,0.026480650499900036,0.570151738487666,0.000570151738487666
CAUSAL_MLP,22,2025-10-06,2025-10-07,2025-11-05,HYG,0.1478827391796192,0.26213313433821056,0.048300817137160196,0.048300817137160196,0.048300817137160196,0.5332012916860418,0.46679870831395814,1.0,0.026480650499900036,0.026480650499900036,0.570151738487666,0.000570151738487666
CAUSAL_MLP,22,2025-10-06,2025-10-07,2025-11-05,IWM,0.2504147580775624,0.023203858555522195,0.02852410615769197,0.02852410615769197,0.02852410615769197,0.5332012916860418,0.46679870831395814,1.0,0.026480650499900036,0.026480650499900036,0.570151738487666,0.000570151738487666
CAUSAL_MLP,22,2025-10-06,2025-10-07,2025-11-05,LQD,0.1757412159424403,0.13669505282696606,0.04064417731806641,0.04064417731806641,0.04064417731806641,0.5332012916860418,0.46679870831395814,1.0,0.026480650499900036,0.026480650499900036,0.570151738487666,0.000570151738487666
CAUSAL_MLP,22,2025-10-06,2025-10-07,2025-11-05,QQQ,0.2964847670893586,0.04393408660990175,0.024091818318289288,0.024091818318289288,0.024091818318289288,0.5332012916860418,0.46679870831395814,1.0,0.026480650499900036,0.026480650499900036,0.570151738487666,0.000570151738487666
CAUSAL_MLP,22,2025-10-06,2025-10-07,2025-11-05,SPY,0.1427732410119367,0.038176283585272114,0.05002938290278048,0.05002938290278048,0.05002938290278048,0.5332012916860418,0.46679870831395814,1.0,0.026480650499900036,0.026480650499900036,0.570151738487666,0.000570151738487666
CAUSAL_MLP,22,2025-10-06,2025-10-07,2025-11-05,TLT,0.1768318329250443,0.07823366191673006,0.04039350282527957,0.04039350282527957,0.04039350282527957,0.5332012916860418,0.46679870831395814,1.0,0.026480650499900036,0.026480650499900036,0.570151738487666,0.000570151738487666
CAUSAL_MLP,22,2025-10-06,2025-10-07,2025-11-05,XLE,0.3118408789312866,0.0451120632641104,0.02290545475415702,0.02290545475415702,0.02290545475415702,0.5332012916860418,0.46679870831395814,1.0,0.026480650499900036,0.026480650499900036,0.570151738487666,0.000570151738487666
CAUSAL_MLP,22,2025-10-06,2025-10-07,2025-11-05,XLF,0.1939819503039403,0.04281047039412939,0.03682227718437395,0.03682227718437395,0.03682227718437395,0.5332012916860418,0.46679870831395814,1.0,0.026480650499900036,0.026480650499900036,0.570151738487666,0.000570151738487666
CAUSAL_MLP,22,2025-10-06,2025-10-07,2025-11-05,XLK,0.2720999174005124,0.02893209208944079,0.02625086112151716,0.02625086112151716,0.02625086112151716,0.5332012916860418,0.46679870831395814,1.0,0.026480650499900036,0.026480650499900036,0.570151738487666,0.000570151738487666
CAUSAL_MLP,22,2025-10-06,2025-10-07,2025-11-05,XLV,0.2750086985070656,0.06357986319598384,0.025973204417290917,0.025973204417290917,0.025973204417290917,0.5332012916860418,0.46679870831395814,1.0,0.026480650499900036,0.026480650499900036,0.570151738487666,0.000570151738487666
CAUSAL_MLP,23,2025-11-05,2025-11-06,2025-12-08,DBC,0.4781273030464542,0.026290703426175736,0.014939237097202861,0.014939237097202861,0.014939237097202861,0.7608840453442114,0.23911595465578858,1.0,0.016287165748453743,0.016287165748453743,0.22494981463642005,0.00022494981463642007
CAUSAL_MLP,23,2025-11-05,2025-11-06,2025-12-08,EEM,0.4330079584160037,0.030991482965560944,0.01649590268268184,0.01649590268268184,0.01649590268268184,0.7608840453442114,0.23911595465578858,1.0,0.016287165748453743,0.016287165748453743,0.22494981463642005,0.00022494981463642007
CAUSAL_MLP,23,2025-11-05,2025-11-06,2025-12-08,EFA,0.2782702262567682,0.041518444955191317,0.025668779728759826,0.025668779728759826,0.025668779728759826,0.7608840453442114,0.23911595465578858,1.0,0.016287165748453743,0.016287165748453743,0.22494981463642005,0.00022494981463642007
CAUSAL_MLP,23,2025-11-05,2025-11-06,2025-12-08,GLD,0.4095662895646715,0.022780227110968436,0.017440051402788287,0.017440051402788287,0.017440051402788287,0.7608840453442114,0.23911595465578858,1.0,0.016287165748453743,0.016287165748453743,0.22494981463642005,0.00022494981463642007
CAUSAL_MLP,23,2025-11-05,2025-11-06,2025-12-08,HYG,0.3772026901943688,0.04811490391860542,0.01893638971444371,0.01893638971444371,0.01893638971444371,0.7608840453442114,0.23911595465578858,1.0,0.016287165748453743,0.016287165748453743,0.22494981463642005,0.00022494981463642007
CAUSAL_MLP,23,2025-11-05,2025-11-06,2025-12-08,IWM,0.5588454716111643,0.02765302468246163,0.012781453023613347,0.012781453023613347,0.012781453023613347,0.7608840453442114,0.23911595465578858,1.0,0.016287165748453743,0.016287165748453743,0.22494981463642005,0.00022494981463642007
CAUSAL_MLP,23,2025-11-05,2025-11-06,2025-12-08,LQD,0.3131305321116889,0.04055254202544351,0.022811116803868218,0.022811116803868218,0.022811116803868218,0.7608840453442114,0.23911595465578858,1.0,0.016287165748453743,0.016287165748453743,0.22494981463642005,0.00022494981463642007
CAUSAL_MLP,23,2025-11-05,2025-11-06,2025-12-08,QQQ,0.50022360845749,0.024319621746278115,0.014279328328551203,0.014279328328551203,0.014279328328551203,0.7608840453442114,0.23911595465578858,1.0,0.016287165748453743,0.016287165748453743,0.22494981463642005,0.00022494981463642007
CAUSAL_MLP,23,2025-11-05,2025-11-06,2025-12-08,SPY,0.4566209009711902,0.049966123311587445,0.01564286069180134,0.01564286069180134,0.01564286069180134,0.7608840453442114,0.23911595465578858,1.0,0.016287165748453743,0.016287165748453743,0.22494981463642005,0.00022494981463642007
CAUSAL_MLP,23,2025-11-05,2025-11-06,2025-12-08,TLT,0.3687211941361509,0.04090304435849866,0.01937197334043031,0.01937197334043031,0.01937197334043031,0.7608840453442114,0.23911595465578858,1.0,0.016287165748453743,0.016287165748453743,0.22494981463642005,0.00022494981463642007
CAUSAL_MLP,23,2025-11-05,2025-11-06,2025-12-08,XLE,0.5250284727288752,0.02222305727307683,0.013604704342474232,0.013604704342474232,0.013604704342474232,0.7608840453442114,0.23911595465578858,1.0,0.016287165748453743,0.016287165748453743,0.22494981463642005,0.00022494981463642007
CAUSAL_MLP,23,2025-11-05,2025-11-06,2025-12-08,XLF,0.3977039227125243,0.035908650854108326,0.0179602380940564,0.0179602380940564,0.0179602380940564,0.7608840453442114,0.23911595465578858,1.0,0.016287165748453743,0.016287165748453743,0.22494981463642005,0.00022494981463642007
CAUSAL_MLP,23,2025-11-05,2025-11-06,2025-12-08,XLK,0.6025568920754122,0.026428910604892948,0.011854245195428265,0.011854245195428265,0.011854245195428265,0.7608840453442114,0.23911595465578858,1.0,0.016287165748453743,0.016287165748453743,0.22494981463642005,0.00022494981463642007
CAUSAL_MLP,23,2025-11-05,2025-11-06,2025-12-08,XLV,0.4121749235691738,0.02641503205935933,0.017329674209688752,0.017329674209688752,0.017329674209688752,0.7608840453442114,0.23911595465578858,1.0,0.016287165748453743,0.016287165748453743,0.22494981463642005,0.00022494981463642007
CAUSAL_MLP,24,2025-12-08,2025-12-09,2025-12-31,DBC,0.0376389261735411,0.014952375303039153,0.1897731383175945,0.07681648889028096,0.07681648889028096,0.0,1.0,1.0,0.06599126189574117,0.06599126189574117,0.7635205187413407,0.0007635205187413407
CAUSAL_MLP,24,2025-12-08,2025-12-09,2025-12-31,EEM,0.0330923507447157,0.016291805542093196,0.21584616934467066,0.08737034659629361,0.08737034659629361,0.0,1.0,1.0,0.06599126189574117,0.06599126189574117,0.7635205187413407,0.0007635205187413407
CAUSAL_MLP,24,2025-12-08,2025-12-09,2025-12-31,EFA,0.0802062771097577,0.02578866156588606,0.08905608638439298,0.03604817800351661,0.03604817800351661,0.0,1.0,1.0,0.06599126189574117,0.06599126189574117,0.7635205187413407,0.0007635205187413407
CAUSAL_MLP,24,2025-12-08,2025-12-09,2025-12-31,GLD,0.14196834781849,0.018226748480672603,0.050313025773811644,0.020365737847062297,0.020365737847062297,0.0,1.0,1.0,0.06599126189574117,0.06599126189574117,0.7635205187413407,0.0007635205187413407
CAUSAL_MLP,24,2025-12-08,2025-12-09,2025-12-31,HYG,0.02,0.019036041715203633,0.3571428571428571,0.14456450771259624,0.14456450771259624,0.0,1.0,1.0,0.06599126189574117,0.06599126189574117,0.7635205187413407,0.0007635205187413407
CAUSAL_MLP,24,2025-12-08,2025-12-09,2025-12-31,IWM,0.1174606250792991,0.013064017705953059,0.060810651552679146,0.02461497333510681,0.02461497333510681,0.0,1.0,1.0,0.06599126189574117,0.06599126189574117,0.7635205187413407,0.0007635205187413407
CAUSAL_MLP,24,2025-12-08,2025-12-09,2025-12-31,LQD,0.02,0.022811385827829416,0.3571428571428571,0.14456450771259624,0.14456450771259624,0.0,1.0,1.0,0.06599126189574117,0.06599126189574117,0.7635205187413407,0.0007635205187413407
CAUSAL_MLP,24,2025-12-08,2025-12-09,2025-12-31,QQQ,0.0411786847188938,0.01430810539273859,0.17346006050503657,0.07021327111318178,0.07021327111318178,0.0,1.0,1.0,0.06599126189574117,0.06599126189574117,0.7635205187413407,0.0007635205187413407
CAUSAL_MLP,24,2025-12-08,2025-12-09,2025-12-31,SPY,0.02,0.015710987529345646,0.3571428571428571,0.14456450771259624,0.14456450771259624,0.0,1.0,1.0,0.06599126189574117,0.06599126189574117,0.7635205187413407,0.0007635205187413407
CAUSAL_MLP,24,2025-12-08,2025-12-09,2025-12-31,TLT,0.02,0.019074504193421042,0.3571428571428571,0.14456450771259624,0.14456450771259624,0.0,1.0,1.0,0.06599126189574117,0.06599126189574117,0.7635205187413407,0.0007635205187413407
CAUSAL_MLP,24,2025-12-08,2025-12-09,2025-12-31,XLE,0.1768985070271336,0.013923227908663871,0.04037827827321083,0.016344344578377048,0.016344344578377048,0.0,1.0,1.0,0.06599126189574117,0.06599126189574117,0.7635205187413407,0.0007635205187413407
CAUSAL_MLP,24,2025-12-08,2025-12-09,2025-12-31,XLF,0.0488552087186744,0.018137371851191405,0.14620461830361312,0.059180796277035645,0.059180796277035645,0.0,1.0,1.0,0.06599126189574117,0.06599126189574117,0.7635205187413407,0.0007635205187413407
CAUSAL_MLP,24,2025-12-08,2025-12-09,2025-12-31,XLK,0.1878217103030217,0.01193611437845528,0.03802998668968157,0.015393801651509133,0.015393801651509133,0.0,1.0,1.0,0.06599126189574117,0.06599126189574117,0.7635205187413407,0.0007635205187413407
CAUSAL_MLP,24,2025-12-08,2025-12-09,2025-12-31,XLV,0.187818913776571,0.017569927850336,0.03803055293650708,0.015394030857251141,0.015394030857251141,0.0,1.0,1.0,0.06599126189574117,0.06599126189574117,0.7635205187413407,0.0007635205187413407
CAUSAL_LSTM,1,2023-12-28,2023-12-29,2024-01-30,DBC,0.02,0.0,0.3571428571428571,0.12648765732174147,0.12648765732174147,1.1102230246251565e-16,0.9999999999999999,1.0,0.09737460620781056,0.09737460620781056,0.9999999999999999,0.0009999999999999998
CAUSAL_LSTM,1,2023-12-28,2023-12-29,2024-01-30,EEM,0.0464298501610755,0.0,0.15384191674272,0.054485490210684544,0.054485490210684544,1.1102230246251565e-16,0.9999999999999999,1.0,0.09737460620781056,0.09737460620781056,0.9999999999999999,0.0009999999999999998
CAUSAL_LSTM,1,2023-12-28,2023-12-29,2024-01-30,EFA,0.02,0.0,0.3571428571428571,0.12648765732174147,0.12648765732174147,1.1102230246251565e-16,0.9999999999999999,1.0,0.09737460620781056,0.09737460620781056,0.9999999999999999,0.0009999999999999998
CAUSAL_LSTM,1,2023-12-28,2023-12-29,2024-01-30,GLD,0.0911168903112411,0.0,0.07839224010453229,0.02776382224847213,0.02776382224847213,1.1102230246251565e-16,0.9999999999999999,1.0,0.09737460620781056,0.09737460620781056,0.9999999999999999,0.0009999999999999998
CAUSAL_LSTM,1,2023-12-28,2023-12-29,2024-01-30,HYG,0.0408921726047992,0.0,0.1746754131136295,0.06186399463006111,0.06186399463006111,1.1102230246251565e-16,0.9999999999999999,1.0,0.09737460620781056,0.09737460620781056,0.9999999999999999,0.0009999999999999998
CAUSAL_LSTM,1,2023-12-28,2023-12-29,2024-01-30,IWM,0.211178719997406,0.0,0.03382375432025008,0.011979204848224782,0.011979204848224782,1.1102230246251565e-16,0.9999999999999999,1.0,0.09737460620781056,0.09737460620781056,0.9999999999999999,0.0009999999999999998
CAUSAL_LSTM,1,2023-12-28,2023-12-29,2024-01-30,LQD,0.0595552660524845,0.0,0.11993661713411422,0.042477404839488496,0.042477404839488496,1.1102230246251565e-16,0.9999999999999999,1.0,0.09737460620781056,0.09737460620781056,0.9999999999999999,0.0009999999999999998
CAUSAL_LSTM,1,2023-12-28,2023-12-29,2024-01-30,QQQ,0.0260677561163902,0.0,0.2740112003106414,0.09704529746019214,0.09704529746019214,1.1102230246251565e-16,0.9999999999999999,1.0,0.09737460620781056,0.09737460620781056,0.9999999999999999,0.0009999999999999998
CAUSAL_LSTM,1,2023-12-28,2023-12-29,2024-01-30,SPY,0.02,0.0,0.3571428571428571,0.12648765732174147,0.12648765732174147,1.1102230246251565e-16,0.9999999999999999,1.0,0.09737460620781056,0.09737460620781056,0.9999999999999999,0.0009999999999999998
CAUSAL_LSTM,1,2023-12-28,2023-12-29,2024-01-30,TLT,0.0560408532619476,0.0,0.12745803689800753,0.04514123178335976,0.04514123178335976,1.1102230246251565e-16,0.9999999999999999,1.0,0.09737460620781056,0.09737460620781056,0.9999999999999999,0.0009999999999999998
CAUSAL_LSTM,1,2023-12-28,2023-12-29,2024-01-30,XLE,0.02,0.0,0.3571428571428571,0.12648765732174147,0.12648765732174147,1.1102230246251565e-16,0.9999999999999999,1.0,0.09737460620781056,0.09737460620781056,0.9999999999999999,0.0009999999999999998
CAUSAL_LSTM,1,2023-12-28,2023-12-29,2024-01-30,XLF,0.0209820121526718,0.0,0.34042765254749835,0.12056770952316397,0.12056770952316397,1.1102230246251565e-16,0.9999999999999999,1.0,0.09737460620781056,0.09737460620781056,0.9999999999999999,0.0009999999999999998
CAUSAL_LSTM,1,2023-12-28,2023-12-29,2024-01-30,XLK,0.2767039239406585,0.0,0.025814079688978274,0.009142454904171711,0.009142454904171711,1.1102230246251565e-16,0.9999999999999999,1.0,0.09737460620781056,0.09737460620781056,0.9999999999999999,0.0009999999999999998
CAUSAL_LSTM,1,2023-12-28,2023-12-29,2024-01-30,XLV,0.1072712913155555,0.0,0.06658684775076769,0.023582760265215413,0.023582760265215413,1.1102230246251565e-16,0.9999999999999999,1.0,0.09737460620781056,0.09737460620781056,0.9999999999999999,0.0009999999999999998
CAUSAL_LSTM,2,2024-01-30,2024-01-31,2024-02-29,DBC,0.0856127887964248,0.12732253523315606,0.08343212787801896,0.052812166205919844,0.052812166205919844,0.0,1.0,1.0,0.08631461163811309,0.08631461163811309,0.8867969025878936,0.0008867969025878936
CAUSAL_LSTM,2,2024-01-30,2024-01-31,2024-02-29,EEM,0.0569147802889347,0.051667012005259985,0.12550091745229575,0.07944152306862447,0.07944152306862447,0.0,1.0,1.0,0.08631461163811309,0.08631461163811309,0.8867969025878936,0.0008867969025878936
CAUSAL_LSTM,2,2024-01-30,2024-01-31,2024-02-29,EFA,0.0786398723721504,0.12520892795380964,0.09082996865832556,0.05749496654664347,0.05749496654664347,0.0,1.0,1.0,0.08631461163811309,0.08631461163811309,0.8867969025878936,0.0008867969025878936
CAUSAL_LSTM,2,2024-01-30,2024-01-31,2024-02-29,GLD,0.0651431903243064,0.02702666565295962,0.10964856199546587,0.06940705250633178,0.06940705250633178,0.0,1.0,1.0,0.08631461163811309,0.08631461163811309,0.8867969025878936,0.0008867969025878936
CAUSAL_LSTM,2,2024-01-30,2024-01-31,2024-02-29,HYG,0.0310571193695068,0.06114895796869276,0.22999097430363435,0.1455832647411723,0.1455832647411723,0.0,1.0,1.0,0.08631461163811309,0.08631461163811309,0.8867969025878936,0.0008867969025878936
CAUSAL_LSTM,2,2024-01-30,2024-01-31,2024-02-29,IWM,0.128281757235527,0.01147193235728589,0.055681004819280434,0.03524582862524836,0.03524582862524836,0.0,1.0,1.0,0.08631461163811309,0.08631461163811309,0.8867969025878936,0.0008867969025878936
CAUSAL_LSTM,2,2024-01-30,2024-01-31,2024-02-29,LQD,0.0448494590818882,0.041535035905608315,0.15926294963369317,0.10081273941372905,0.10081273941372905,0.0,1.0,1.0,0.08631461163811309,0.08631461163811309,0.8867969025878936,0.0008867969025878936
CAUSAL_LSTM,2,2024-01-30,2024-01-31,2024-02-29,QQQ,0.02,0.09917597541518575,0.3571428571428571,0.22606984156345492,0.22606984156345492,0.0,1.0,1.0,0.08631461163811309,0.08631461163811309,0.8867969025878936,0.0008867969025878936
CAUSAL_LSTM,2,2024-01-30,2024-01-31,2024-02-29,SPY,0.1024881452322006,0.12873351980987632,0.06969447175255289,0.04411629092345529,0.04411629092345529,0.0,1.0,1.0,0.08631461163811309,0.08631461163811309,0.8867969025878936,0.0008867969025878936
CAUSAL_LSTM,2,2024-01-30,2024-01-31,2024-02-29,TLT,0.1644765585660934,0.04279842802510395,0.04342781248056605,0.027489612323401195,0.027489612323401195,0.0,1.0,1.0,0.08631461163811309,0.08631461163811309,0.8867969025878936,0.0008867969025878936
CAUSAL_LSTM,2,2024-01-30,2024-01-31,2024-02-29,XLE,0.1899803429841995,0.12645267114773134,0.03759787476250218,0.023799287653908173,0.023799287653908173,0.0,1.0,1.0,0.08631461163811309,0.08631461163811309,0.8867969025878936,0.0008867969025878936
CAUSAL_LSTM,2,2024-01-30,2024-01-31,2024-02-29,XLF,0.1782470643520355,0.12396059065482352,0.04007278980342755,0.0253658978772262,0.0253658978772262,0.0,1.0,1.0,0.08631461163811309,0.08631461163811309,0.8867969025878936,0.0008867969025878936
CAUSAL_LSTM,2,2024-01-30,2024-01-31,2024-02-29,XLK,0.0541439354419708,0.009449800543385678,0.13192349400816197,0.08350698548898321,0.08350698548898321,0.0,1.0,1.0,0.08631461163811309,0.08631461163811309,0.8867969025878936,0.0008867969025878936
CAUSAL_LSTM,2,2024-01-30,2024-01-31,2024-02-29,XLV,0.1566961854696273,0.024047947327120924,0.04558411630410528,0.028854543061901713,0.028854543061901713,0.0,1.0,1.0,0.08631461163811309,0.08631461163811309,0.8867969025878936,0.0008867969025878936
CAUSAL_LSTM,3,2024-02-29,2024-03-01,2024-04-01,DBC,0.02,0.050691584126975164,0.3571428571428571,0.2032198618507405,0.2032198618507405,2.220446049250313e-16,0.9999999999999998,1.0,0.07498028823061655,0.07498028823061655,0.6332831746390681,0.0006332831746390682
CAUSAL_LSTM,3,2024-02-29,2024-03-01,2024-04-01,EEM,0.0256448835134506,0.08108116473122964,0.2785295218483154,0.15848764666382895,0.15848764666382895,2.220446049250313e-16,0.9999999999999998,1.0,0.07498028823061655,0.07498028823061655,0.6332831746390681,0.0006332831746390682
CAUSAL_LSTM,3,2024-02-29,2024-03-01,2024-04-01,EFA,0.0913793817162513,0.05803938509029396,0.07816705485091749,0.04447827464663159,0.04447827464663159,2.220446049250313e-16,0.9999999999999998,1.0,0.07498028823061655,0.07498028823061655,0.6332831746390681,0.0006332831746390682
CAUSAL_LSTM,3,2024-02-29,2024-03-01,2024-04-01,GLD,0.0709969997406005,0.06863833532566642,0.10060787313484759,0.05724745062276956,0.05724745062276956,2.220446049250313e-16,0.9999999999999998,1.0,0.07498028823061655,0.07498028823061655,0.6332831746390681,0.0006332831746390682
CAUSAL_LSTM,3,2024-02-29,2024-03-01,2024-04-01,HYG,0.02,0.1434513249886854,0.3571428571428571,0.2032198618507405,0.2032198618507405,2.220446049250313e-16,0.9999999999999998,1.0,0.07498028823061655,0.07498028823061655,0.6332831746390681,0.0006332831746390682
CAUSAL_LSTM,3,2024-02-29,2024-03-01,2024-04-01,IWM,0.1972329467535019,0.03578016525672047,0.03621533450891526,0.02060709077218432,0.02060709077218432,2.220446049250313e-16,0.9999999999999998,1.0,0.07498028823061655,0.07498028823061655,0.6332831746390681,0.0006332831746390682
CAUSAL_LSTM,3,2024-02-29,2024-03-01,2024-04-01,LQD,0.0480217114090919,0.09764637554053092,0.1487422445653362,0.08463665949742272,0.08463665949742272,2.220446049250313e-16,0.9999999999999998,1.0,0.07498028823061655,0.07498028823061655,0.6332831746390681,0.0006332831746390682
CAUSAL_LSTM,3,2024-02-29,2024-03-01,2024-04-01,QQQ,0.088039182126522,0.22988998421243087,0.08113270671451799,0.04616577686028278,0.04616577686028278,2.220446049250313e-16,0.9999999999999998,1.0,0.07498028823061655,0.07498028823061655,0.6332831746390681,0.0006332831746390682
CAUSAL_LSTM,3,2024-02-29,2024-03-01,2024-04-01,SPY,0.1135066300630569,0.044983692027541315,0.06292898607675196,0.03580757559938918,0.03580757559938918,2.220446049250313e-16,0.9999999999999998,1.0,0.07498028823061655,0.07498028823061655,0.6332831746390681,0.0006332831746390682
CAUSAL_LSTM,3,2024-02-29,2024-03-01,2024-04-01,TLT,0.1464093327522277,0.026731780134281912,0.04878689772423992,0.027760506523809486,0.027760506523809486,2.220446049250313e-16,0.9999999999999998,1.0,0.07498028823061655,0.07498028823061655,0.6332831746390681,0.0006332831746390682
CAUSAL_LSTM,3,2024-02-29,2024-03-01,2024-04-01,XLE,0.085478127002716,0.023760640416932242,0.08356356641541976,0.047548973983551,0.047548973983551,2.220446049250313e-16,0.9999999999999998,1.0,0.07498028823061655,0.07498028823061655,0.6332831746390681,0.0006332831746390682
CAUSAL_LSTM,3,2024-02-29,2024-03-01,2024-04-01,XLF,0.146141916513443,0.02569007294781464,0.04887616991255278,0.027811303792782432,0.027811303792782432,2.220446049250313e-16,0.9999999999999998,1.0,0.07498028823061655,0.07498028823061655,0.6332831746390681,0.0006332831746390682
CAUSAL_LSTM,3,2024-02-29,2024-03-01,2024-04-01,XLK,0.2282316833734512,0.08432961411205506,0.03129651868347052,0.017808207769139196,0.017808207769139196,2.220446049250313e-16,0.9999999999999998,1.0,0.07498028823061655,0.07498028823061655,0.6332831746390681,0.0006332831746390682
CAUSAL_LSTM,3,2024-02-29,2024-03-01,2024-04-01,XLV,0.1612804234027862,0.02928588108884221,0.04428843248394986,0.025200809566727593,0.025200809566727593,2.220446049250313e-16,0.9999999999999998,1.0,0.07498028823061655,0.07498028823061655,0.6332831746390681,0.0006332831746390682
CAUSAL_LSTM,4,2024-04-01,2024-04-02,2024-04-30,DBC,0.0741502493619918,0.2065662715751819,0.09632950939903992,0.07973751335441595,0.07973751335441595,0.0,1.0000000000000002,1.0,0.06769819374427442,0.06769819374427442,0.739920424148317,0.0007399204241483171
CAUSAL_LSTM,4,2024-04-01,2024-04-02,2024-04-30,EEM,0.1549530625343322,0.15794158750161155,0.04609690848333207,0.03815708061546106,0.03815708061546106,0.0,1.0000000000000002,1.0,0.06769819374427442,0.06769819374427442,0.739920424148317,0.0007399204241483171
CAUSAL_LSTM,4,2024-04-01,2024-04-02,2024-04-30,EFA,0.0343373641371727,0.04434130557550983,0.20801996083107846,0.17219016797897777,0.17219016797897777,0.0,1.0000000000000002,1.0,0.06769819374427442,0.06769819374427442,0.739920424148317,0.0007399204241483171
CAUSAL_LSTM,4,2024-04-01,2024-04-02,2024-04-30,GLD,0.1175203397870063,0.06086289822519875,0.06077975230332764,0.05031092072615687,0.05031092072615687,0.0,1.0000000000000002,1.0,0.06769819374427442,0.06769819374427442,0.739920424148317,0.0007399204241483171
CAUSAL_LSTM,4,2024-04-01,2024-04-02,2024-04-30,HYG,0.0571113675832748,0.1981452989804771,0.12506892139191123,0.10352678895517466,0.10352678895517466,0.0,1.0000000000000002,1.0,0.06769819374427442,0.06769819374427442,0.739920424148317,0.0007399204241483171
CAUSAL_LSTM,4,2024-04-01,2024-04-02,2024-04-30,IWM,0.1389873474836349,0.020458639157612184,0.05139213944419064,0.04254024992765093,0.04254024992765093,0.0,1.0000000000000002,1.0,0.06769819374427442,0.06769819374427442,0.739920424148317,0.0007399204241483171
CAUSAL_LSTM,4,2024-04-01,2024-04-02,2024-04-30,LQD,0.0301220118999481,0.08243357206740323,0.23713081206469647,0.19628690534928317,0.19628690534928317,0.0,1.0000000000000002,1.0,0.06769819374427442,0.06769819374427442,0.739920424148317,0.0007399204241483171
CAUSAL_LSTM,4,2024-04-01,2024-04-02,2024-04-30,QQQ,0.1512773334980011,0.0453757048290623,0.04721696884584183,0.03908421944000764,0.03908421944000764,0.0,1.0000000000000002,1.0,0.06769819374427442,0.06769819374427442,0.739920424148317,0.0007399204241483171
CAUSAL_LSTM,4,2024-04-01,2024-04-02,2024-04-30,SPY,0.136131078004837,0.0357500280120245,0.05247043693140624,0.043432819201835816,0.043432819201835816,0.0,1.0000000000000002,1.0,0.06769819374427442,0.06769819374427442,0.739920424148317,0.0007399204241483171
CAUSAL_LSTM,4,2024-04-01,2024-04-02,2024-04-30,TLT,0.0946864485740661,0.02659039496488205,0.0754369527046927,0.06244353429424637,0.06244353429424637,0.0,1.0000000000000002,1.0,0.06769819374427442,0.06769819374427442,0.739920424148317,0.0007399204241483171
CAUSAL_LSTM,4,2024-04-01,2024-04-02,2024-04-30,XLE,0.1501771211624145,0.05125552832316284,0.04756288499585926,0.03937055426932006,0.03937055426932006,0.0,1.0000000000000002,1.0,0.06769819374427442,0.06769819374427442,0.739920424148317,0.0007399204241483171
CAUSAL_LSTM,4,2024-04-01,2024-04-02,2024-04-30,XLF,0.0906200408935546,0.02807440264502894,0.07882204722515396,0.06524557305905639,0.06524557305905639,0.0,1.0000000000000002,1.0,0.06769819374427442,0.06769819374427442,0.739920424148317,0.0007399204241483171
CAUSAL_LSTM,4,2024-04-01,2024-04-02,2024-04-30,XLK,0.2306122481822967,0.017431132878613056,0.030973450886315396,0.025638518965659086,0.025638518965659086,0.0,1.0000000000000002,1.0,0.06769819374427442,0.06769819374427442,0.739920424148317,0.0007399204241483171
CAUSAL_LSTM,4,2024-04-01,2024-04-02,2024-04-30,XLV,0.1406574249267578,0.024773235264231443,0.05078194163284678,0.04203515386275442,0.04203515386275442,0.0,1.0000000000000002,1.0,0.06769819374427442,0.06769819374427442,0.739920424148317,0.0007399204241483171
CAUSAL_LSTM,5,2024-04-30,2024-05-01,2024-05-30,DBC,0.1646113693714141,0.08261225403679912,0.043392246660318164,0.043392246660318164,0.043392246660318164,0.060274238783054046,0.939725761216946,1.0,0.07344623202514854,0.07344623202514854,0.45612789553658767,0.00045612789553658767
CAUSAL_LSTM,5,2024-04-30,2024-05-01,2024-05-30,EEM,0.0935080498456955,0.038940363726975784,0.07638761747939452,0.07638761747939452,0.07638761747939452,0.060274238783054046,0.939725761216946,1.0,0.07344623202514854,0.07344623202514854,0.45612789553658767,0.00045612789553658767
CAUSAL_LSTM,5,2024-04-30,2024-05-01,2024-05-30,EFA,0.0607941821217536,0.17141927925500797,0.11749244571712494,0.11749244571712494,0.11749244571712494,0.060274238783054046,0.939725761216946,1.0,0.07344623202514854,0.07344623202514854,0.45612789553658767,0.00045612789553658767
CAUSAL_LSTM,5,2024-04-30,2024-05-01,2024-05-30,GLD,0.1572898626327514,0.05254859799701859,0.045412062947341104,0.045412062947341104,0.045412062947341104,0.060274238783054046,0.939725761216946,1.0,0.07344623202514854,0.07344623202514854,0.45612789553658767,0.00045612789553658767
CAUSAL_LSTM,5,2024-04-30,2024-05-01,2024-05-30,HYG,0.0376325584948062,0.1050590693824257,0.1898052491924766,0.1898052491924766,0.1898052491924766,0.060274238783054046,0.939725761216946,1.0,0.07344623202514854,0.07344623202514854,0.45612789553658767,0.00045612789553658767
CAUSAL_LSTM,5,2024-04-30,2024-05-01,2024-05-30,IWM,0.1594203114509582,0.04098455989387975,0.04480518873565537,0.04480518873565537,0.04480518873565537,0.060274238783054046,0.939725761216946,1.0,0.07344623202514854,0.07344623202514854,0.45612789553658767,0.00045612789553658767
CAUSAL_LSTM,5,2024-04-30,2024-05-01,2024-05-30,LQD,0.0871875137090683,0.19645752881119,0.08192523033391902,0.08192523033391902,0.08192523033391902,0.060274238783054046,0.939725761216946,1.0,0.07344623202514854,0.07344623202514854,0.45612789553658767,0.00045612789553658767
CAUSAL_LSTM,5,2024-04-30,2024-05-01,2024-05-30,QQQ,0.1446930915117263,0.0382099733752418,0.04936557141899389,0.04936557141899389,0.04936557141899389,0.060274238783054046,0.939725761216946,1.0,0.07344623202514854,0.07344623202514854,0.45612789553658767,0.00045612789553658767
CAUSAL_LSTM,5,2024-04-30,2024-05-01,2024-05-30,SPY,0.0960661470890045,0.04277771839809296,0.07435352993015681,0.07435352993015681,0.07435352993015681,0.060274238783054046,0.939725761216946,1.0,0.07344623202514854,0.07344623202514854,0.45612789553658767,0.00045612789553658767
CAUSAL_LSTM,5,2024-04-30,2024-05-01,2024-05-30,TLT,0.1441614478826522,0.06098104358474548,0.04954762349967133,0.04954762349967133,0.04954762349967133,0.060274238783054046,0.939725761216946,1.0,0.07344623202514854,0.07344623202514854,0.45612789553658767,0.00045612789553658767
CAUSAL_LSTM,5,2024-04-30,2024-05-01,2024-05-30,XLE,0.309462159872055,0.03966127400262269,0.023081520357158717,0.023081520357158717,0.023081520357158717,0.060274238783054046,0.939725761216946,1.0,0.07344623202514854,0.07344623202514854,0.45612789553658767,0.00045612789553658767
CAUSAL_LSTM,5,2024-04-30,2024-05-01,2024-05-30,XLF,0.1456799805164337,0.06440337012854438,0.049031151140574054,0.049031151140574054,0.049031151140574054,0.060274238783054046,0.939725761216946,1.0,0.07344623202514854,0.07344623202514854,0.45612789553658767,0.00045612789553658767
CAUSAL_LSTM,5,2024-04-30,2024-05-01,2024-05-30,XLK,0.2135245203971862,0.02468477512090178,0.03345216338418841,0.03345216338418841,0.03345216338418841,0.060274238783054046,0.939725761216946,1.0,0.07344623202514854,0.07344623202514854,0.45612789553658767,0.00045612789553658767
CAUSAL_LSTM,5,2024-04-30,2024-05-01,2024-05-30,XLV,0.1158160418272018,0.04126019228655398,0.061674160419972965,0.061674160419972965,0.061674160419972965,0.060274238783054046,0.939725761216946,1.0,0.07344623202514854,0.07344623202514854,0.45612789553658767,0.00045612789553658767
CAUSAL_LSTM,6,2024-05-30,2024-05-31,2024-07-01,DBC,0.150031566619873,0.04243976558389863,0.047609028578329916,0.047609028578329916,0.047609028578329916,0.17160407897390528,0.8283959210260947,1.0,0.0648366616174852,0.0648366616174852,0.28017329168170446,0.00028017329168170444
CAUSAL_LSTM,6,2024-05-30,2024-05-31,2024-07-01,EEM,0.1199708729982376,0.07678469361442142,0.05953826094907281,0.05953826094907281,0.05953826094907281,0.17160407897390528,0.8283959210260947,1.0,0.0648366616174852,0.0648366616174852,0.28017329168170446,0.00028017329168170444
CAUSAL_LSTM,6,2024-05-30,2024-05-31,2024-07-01,EFA,0.1339516043663025,0.11937854349675157,0.05332416268284752,0.05332416268284752,0.05332416268284752,0.17160407897390528,0.8283959210260947,1.0,0.0648366616174852,0.0648366616174852,0.28017329168170446,0.00028017329168170444
CAUSAL_LSTM,6,2024-05-30,2024-05-31,2024-07-01,GLD,0.1303968131542205,0.04532285386606557,0.05477785054769149,0.05477785054769149,0.05477785054769149,0.17160407897390528,0.8283959210260947,1.0,0.0648366616174852,0.0648366616174852,0.28017329168170446,0.00028017329168170444
CAUSAL_LSTM,6,2024-05-30,2024-05-31,2024-07-01,HYG,0.0584219209849834,0.1876900783812595,0.12226330497918961,0.12226330497918961,0.12226330497918961,0.17160407897390528,0.8283959210260947,1.0,0.0648366616174852,0.0648366616174852,0.28017329168170446,0.00028017329168170444
CAUSAL_LSTM,6,2024-05-30,2024-05-31,2024-07-01,IWM,0.1873441338539123,0.04556670881671705,0.038126932484723645,0.038126932484723645,0.038126932484723645,0.17160407897390528,0.8283959210260947,1.0,0.0648366616174852,0.0648366616174852,0.28017329168170446,0.00028017329168170444
CAUSAL_LSTM,6,2024-05-30,2024-05-31,2024-07-01,LQD,0.1168843284249305,0.08140111252649784,0.061110477675753394,0.061110477675753394,0.061110477675753394,0.17160407897390528,0.8283959210260947,1.0,0.0648366616174852,0.0648366616174852,0.28017329168170446,0.00028017329168170444
CAUSAL_LSTM,6,2024-05-30,2024-05-31,2024-07-01,QQQ,0.1732808053493499,0.05125986244229516,0.04122128315629935,0.04122128315629935,0.04122128315629935,0.17160407897390528,0.8283959210260947,1.0,0.0648366616174852,0.0648366616174852,0.28017329168170446,0.00028017329168170444
CAUSAL_LSTM,6,2024-05-30,2024-05-31,2024-07-01,SPY,0.065891683101654,0.07558055057658038,0.10840301547370619,0.10840301547370619,0.10840301547370619,0.17160407897390528,0.8283959210260947,1.0,0.0648366616174852,0.0648366616174852,0.28017329168170446,0.00028017329168170444
CAUSAL_LSTM,6,2024-05-30,2024-05-31,2024-07-01,TLT,0.1408521980047226,0.049438066436287904,0.05071171940545544,0.05071171940545544,0.05071171940545544,0.17160407897390528,0.8283959210260947,1.0,0.0648366616174852,0.0648366616174852,0.28017329168170446,0.00028017329168170444
CAUSAL_LSTM,6,2024-05-30,2024-05-31,2024-07-01,XLE,0.2202027142047882,0.021914521056132567,0.03243764350794648,0.03243764350794648,0.03243764350794648,0.17160407897390528,0.8283959210260947,1.0,0.0648366616174852,0.0648366616174852,0.28017329168170446,0.00028017329168170444
CAUSAL_LSTM,6,2024-05-30,2024-05-31,2024-07-01,XLF,0.1751569360494613,0.048679431488498306,0.04077975616586558,0.04077975616586558,0.04077975616586558,0.17160407897390528,0.8283959210260947,1.0,0.0648366616174852,0.0648366616174852,0.28017329168170446,0.00028017329168170444
CAUSAL_LSTM,6,2024-05-30,2024-05-31,2024-07-01,XLK,0.1202810555696487,0.03491845181222695,0.05938472279802262,0.05938472279802262,0.05938472279802262,0.17160407897390528,0.8283959210260947,1.0,0.0648366616174852,0.0648366616174852,0.28017329168170446,0.00028017329168170444
CAUSAL_LSTM,6,2024-05-30,2024-05-31,2024-07-01,XLV,0.1216680184006691,0.06077503065024611,0.05870776262119069,0.05870776262119069,0.05870776262119069,0.17160407897390528,0.8283959210260947,1.0,0.0648366616174852,0.0648366616174852,0.28017329168170446,0.00028017329168170444
CAUSAL_LSTM,7,2024-07-01,2024-07-02,2024-07-31,DBC,0.1644382029771804,0.04709370589115306,0.04343794211767432,0.04343794211767432,0.04343794211767432,0.04014569750346353,0.9598543024965365,1.0,0.06695170694851811,0.06695170694851811,0.4152743743757961,0.00041527437437579613
CAUSAL_LSTM,7,2024-07-01,2024-07-02,2024-07-31,EEM,0.1580741852521896,0.059606593242990585,0.04518674020974087,0.04518674020974087,0.04518674020974087,0.04014569750346353,0.9598543024965365,1.0,0.06695170694851811,0.06695170694851811,0.4152743743757961,0.00041527437437579613
CAUSAL_LSTM,7,2024-07-01,2024-07-02,2024-07-31,EFA,0.0709235295653343,0.05203887108666893,0.10071209352711624,0.10071209352711624,0.10071209352711624,0.04014569750346353,0.9598543024965365,1.0,0.06695170694851811,0.06695170694851811,0.4152743743757961,0.00041527437437579613
CAUSAL_LSTM,7,2024-07-01,2024-07-02,2024-07-31,GLD,0.0870696976780891,0.05359090903528023,0.08203608526660391,0.08203608526660391,0.08203608526660391,0.04014569750346353,0.9598543024965365,1.0,0.06695170694851811,0.06695170694851811,0.4152743743757961,0.00041527437437579613
CAUSAL_LSTM,7,2024-07-01,2024-07-02,2024-07-31,HYG,0.0353388786315918,0.12114543496156258,0.20212461230933523,0.20212461230933523,0.20212461230933523,0.04014569750346353,0.9598543024965365,1.0,0.06695170694851811,0.06695170694851811,0.4152743743757961,0.00041527437437579613
CAUSAL_LSTM,7,2024-07-01,2024-07-02,2024-07-31,IWM,0.1941059529781341,0.03705171895754785,0.036798753635658876,0.036798753635658876,0.036798753635658876,0.04014569750346353,0.9598543024965365,1.0,0.06695170694851811,0.06695170694851811,0.4152743743757961,0.00041527437437579613
CAUSAL_LSTM,7,2024-07-01,2024-07-02,2024-07-31,LQD,0.0634548515081405,0.06032822769626613,0.11256597365042767,0.11256597365042767,0.11256597365042767,0.04014569750346353,0.9598543024965365,1.0,0.06695170694851811,0.06695170694851811,0.4152743743757961,0.00041527437437579613
CAUSAL_LSTM,7,2024-07-01,2024-07-02,2024-07-31,QQQ,0.2390724718570709,0.043308833120538945,0.029877371858720265,0.029877371858720265,0.029877371858720265,0.04014569750346353,0.9598543024965365,1.0,0.06695170694851811,0.06695170694851811,0.4152743743757961,0.00041527437437579613
CAUSAL_LSTM,7,2024-07-01,2024-07-02,2024-07-31,SPY,0.1525228023529052,0.11153879184304931,0.04683140509266344,0.04683140509266344,0.04683140509266344,0.04014569750346353,0.9598543024965365,1.0,0.06695170694851811,0.06695170694851811,0.4152743743757961,0.00041527437437579613
CAUSAL_LSTM,7,2024-07-01,2024-07-02,2024-07-31,TLT,0.1666624099016189,0.05021152039073465,0.04285823748182679,0.04285823748182679,0.04285823748182679,0.04014569750346353,0.9598543024965365,1.0,0.06695170694851811,0.06695170694851811,0.4152743743757961,0.00041527437437579613
CAUSAL_LSTM,7,2024-07-01,2024-07-02,2024-07-31,XLE,0.2007384002208709,0.03222989994198355,0.03558291355813294,0.03558291355813294,0.03558291355813294,0.04014569750346353,0.9598543024965365,1.0,0.06695170694851811,0.06695170694851811,0.4152743743757961,0.00041527437437579613
CAUSAL_LSTM,7,2024-07-01,2024-07-02,2024-07-31,XLF,0.0724390670657157,0.040396780821886726,0.0986050405146334,0.0986050405146334,0.0986050405146334,0.04014569750346353,0.9598543024965365,1.0,0.06695170694851811,0.06695170694851811,0.4152743743757961,0.00041527437437579613
CAUSAL_LSTM,7,2024-07-01,2024-07-02,2024-07-31,XLK,0.2407319545745849,0.06351627528437577,0.02967141256955193,0.02967141256955193,0.02967141256955193,0.04014569750346353,0.9598543024965365,1.0,0.06695170694851811,0.06695170694851811,0.4152743743757961,0.00041527437437579613
CAUSAL_LSTM,7,2024-07-01,2024-07-02,2024-07-31,XLV,0.1333475410938263,0.05927792403309171,0.05356572070445056,0.05356572070445056,0.05356572070445056,0.04014569750346353,0.9598543024965365,1.0,0.06695170694851811,0.06695170694851811,0.4152743743757961,0.00041527437437579613
CAUSAL_LSTM,8,2024-07-31,2024-08-01,2024-08-29,DBC,0.1880990117788314,0.040577614026441465,0.03797392168788096,0.03797392168788096,0.03797392168788096,0.13590217336180288,0.8640978266381971,1.0,0.061161266293332676,0.061161266293332676,0.24167195051209173,0.00024167195051209172
CAUSAL_LSTM,8,2024-07-31,2024-08-01,2024-08-29,EEM,0.0850596278905868,0.044255097538608595,0.08397470480408266,0.08397470480408266,0.08397470480408266,0.13590217336180288,0.8640978266381971,1.0,0.061161266293332676,0.061161266293332676,0.24167195051209173,0.00024167195051209172
CAUSAL_LSTM,8,2024-07-31,2024-08-01,2024-08-29,EFA,0.1333351135253906,0.10039987054721028,0.05357071332524085,0.05357071332524085,0.05357071332524085,0.13590217336180288,0.8640978266381971,1.0,0.061161266293332676,0.061161266293332676,0.24167195051209173,0.00024167195051209172
CAUSAL_LSTM,8,2024-07-31,2024-08-01,2024-08-29,GLD,0.1277509927749633,0.08392588107338286,0.055912341561520945,0.055912341561520945,0.055912341561520945,0.13590217336180288,0.8640978266381971,1.0,0.061161266293332676,0.061161266293332676,0.24167195051209173,0.00024167195051209172
CAUSAL_LSTM,8,2024-07-31,2024-08-01,2024-08-29,HYG,0.0403066165745258,0.2014265472792416,0.1772130173627995,0.1772130173627995,0.1772130173627995,0.13590217336180288,0.8640978266381971,1.0,0.061161266293332676,0.061161266293332676,0.24167195051209173,0.00024167195051209172
CAUSAL_LSTM,8,2024-07-31,2024-08-01,2024-08-29,IWM,0.1471845060586929,0.03985827067067556,0.048529952874311236,0.048529952874311236,0.048529952874311236,0.13590217336180288,0.8640978266381971,1.0,0.061161266293332676,0.061161266293332676,0.24167195051209173,0.00024167195051209172
CAUSAL_LSTM,8,2024-07-31,2024-08-01,2024-08-29,LQD,0.0642076730728149,0.11314049822570359,0.1112461611053365,0.1112461611053365,0.1112461611053365,0.13590217336180288,0.8640978266381971,1.0,0.061161266293332676,0.061161266293332676,0.24167195051209173,0.00024167195051209172
CAUSAL_LSTM,8,2024-07-31,2024-08-01,2024-08-29,QQQ,0.3031083047389984,0.028429428345135687,0.023565362714188052,0.023565362714188052,0.023565362714188052,0.13590217336180288,0.8640978266381971,1.0,0.061161266293332676,0.061161266293332676,0.24167195051209173,0.00024167195051209172
CAUSAL_LSTM,8,2024-07-31,2024-08-01,2024-08-29,SPY,0.1699185371398925,0.04604546759551673,0.04203695054752318,0.04203695054752318,0.04203695054752318,0.13590217336180288,0.8640978266381971,1.0,0.061161266293332676,0.061161266293332676,0.24167195051209173,0.00024167195051209172
CAUSAL_LSTM,8,2024-07-31,2024-08-01,2024-08-29,TLT,0.162433385848999,0.04399421983907117,0.0439740703890595,0.0439740703890595,0.0439740703890595,0.13590217336180288,0.8640978266381971,1.0,0.061161266293332676,0.061161266293332676,0.24167195051209173,0.00024167195051209172
CAUSAL_LSTM,8,2024-07-31,2024-08-01,2024-08-29,XLE,0.2898515462875366,0.035401729494678257,0.024643156934451307,0.024643156934451307,0.024643156934451307,0.13590217336180288,0.8640978266381971,1.0,0.061161266293332676,0.061161266293332676,0.24167195051209173,0.00024167195051209172
CAUSAL_LSTM,8,2024-07-31,2024-08-01,2024-08-29,XLF,0.1278624832630157,0.10190510315534342,0.0558635884473176,0.0558635884473176,0.0558635884473176,0.13590217336180288,0.8640978266381971,1.0,0.061161266293332676,0.061161266293332676,0.24167195051209173,0.00024167195051209172
CAUSAL_LSTM,8,2024-07-31,2024-08-01,2024-08-29,XLK,0.1561050415039062,0.027725553078370782,0.04575673581098537,0.04575673581098537,0.04575673581098537,0.13590217336180288,0.8640978266381971,1.0,0.061161266293332676,0.061161266293332676,0.24167195051209173,0.00024167195051209172
CAUSAL_LSTM,8,2024-07-31,2024-08-01,2024-08-29,XLV,0.1193716153502464,0.053834746269538804,0.05983714907349956,0.05983714907349956,0.05983714907349956,0.13590217336180288,0.8640978266381971,1.0,0.061161266293332676,0.061161266293332676,0.24167195051209173,0.00024167195051209172
CAUSAL_LSTM,9,2024-08-29,2024-08-30,2024-09-30,DBC,0.1233211457729339,0.037113321175150885,0.057920781534165994,0.037186693996770465,0.037186693996770465,1.1102230246251565e-16,0.9999999999999999,1.0,0.09331816495025624,0.09331816495025624,0.6541176500914965,0.0006541176500914964
CAUSAL_LSTM,9,2024-08-29,2024-08-30,2024-09-30,EEM,0.1204421073198318,0.08351587740260118,0.05930531524070246,0.038075601741270004,0.038075601741270004,1.1102230246251565e-16,0.9999999999999999,1.0,0.09331816495025624,0.09331816495025624,0.6541176500914965,0.0006541176500914964
CAUSAL_LSTM,9,2024-08-29,2024-08-30,2024-09-30,EFA,0.0892206504940986,0.054510037107725055,0.08005833967024932,0.05139959959709716,0.05139959959709716,1.1102230246251565e-16,0.9999999999999999,1.0,0.09331816495025624,0.09331816495025624,0.6541176500914965,0.0006541176500914964
CAUSAL_LSTM,9,2024-08-29,2024-08-30,2024-09-30,GLD,0.02,0.05674176102633985,0.3571428571428571,0.2292952855594608,0.2292952855594608,1.1102230246251565e-16,0.9999999999999999,1.0,0.09331816495025624,0.09331816495025624,0.6541176500914965,0.0006541176500914964
CAUSAL_LSTM,9,2024-08-29,2024-08-30,2024-09-30,HYG,0.0461250208318233,0.17758499042462697,0.15485862150395022,0.09942338514945963,0.09942338514945963,1.1102230246251565e-16,0.9999999999999999,1.0,0.09331816495025624,0.09331816495025624,0.6541176500914965,0.0006541176500914964
CAUSAL_LSTM,9,2024-08-29,2024-08-30,2024-09-30,IWM,0.2224773317575454,0.0468162964094878,0.0321059996828863,0.020612912223286244,0.020612912223286244,1.1102230246251565e-16,0.9999999999999999,1.0,0.09331816495025624,0.09331816495025624,0.6541176500914965,0.0006541176500914964
CAUSAL_LSTM,9,2024-08-29,2024-08-30,2024-09-30,LQD,0.0556239448487758,0.11216023026192617,0.1284133508020035,0.0824448126370193,0.0824448126370193,1.1102230246251565e-16,0.9999999999999999,1.0,0.09331816495025624,0.09331816495025624,0.6541176500914965,0.0006541176500914964
CAUSAL_LSTM,9,2024-08-29,2024-08-30,2024-09-30,QQQ,0.277011513710022,0.023237662095617992,0.02578541609044578,0.016554928168039187,0.016554928168039187,1.1102230246251565e-16,0.9999999999999999,1.0,0.09331816495025624,0.09331816495025624,0.6541176500914965,0.0006541176500914964
CAUSAL_LSTM,9,2024-08-29,2024-08-30,2024-09-30,SPY,0.02,0.04205642590456082,0.3571428571428571,0.2292952855594608,0.2292952855594608,1.1102230246251565e-16,0.9999999999999999,1.0,0.09331816495025624,0.09331816495025624,0.6541176500914965,0.0006541176500914964
CAUSAL_LSTM,9,2024-08-29,2024-08-30,2024-09-30,TLT,0.1491778492927551,0.04479427888617994,0.04788148627105888,0.030741197389094775,0.030741197389094775,1.1102230246251565e-16,0.9999999999999999,1.0,0.09331816495025624,0.09331816495025624,0.6541176500914965,0.0006541176500914964
CAUSAL_LSTM,9,2024-08-29,2024-08-30,2024-09-30,XLE,0.2246534675359726,0.023729318042889844,0.03179500063453681,0.020413242499606195,0.020413242499606195,1.1102230246251565e-16,0.9999999999999999,1.0,0.09331816495025624,0.09331816495025624,0.6541176500914965,0.0006541176500914964
CAUSAL_LSTM,9,2024-08-29,2024-08-30,2024-09-30,XLF,0.1626746952533722,0.05711374538380704,0.043908839858171324,0.02819065192681928,0.02819065192681928,1.1102230246251565e-16,0.9999999999999999,1.0,0.09331816495025624,0.09331816495025624,0.6541176500914965,0.0006541176500914964
CAUSAL_LSTM,9,2024-08-29,2024-08-30,2024-09-30,XLK,0.2238024622201919,0.044879051703711634,0.03191590062056386,0.02049086353070278,0.02049086353070278,1.1102230246251565e-16,0.9999999999999999,1.0,0.09331816495025624,0.09331816495025624,0.6541176500914965,0.0006541176500914964
CAUSAL_LSTM,9,2024-08-29,2024-08-30,2024-09-30,XLV,0.0478318631649017,0.06161793979623643,0.14933261366449266,0.09587554002191336,0.09587554002191336,1.1102230246251565e-16,0.9999999999999999,1.0,0.09331816495025624,0.09331816495025624,0.6541176500914965,0.0006541176500914964
CAUSAL_LSTM,10,2024-09-30,2024-10-01,2024-10-30,DBC,0.1130031198263168,0.03619275441888749,0.06320938000504367,0.044315795513624016,0.044315795513624016,0.0,1.0,1.0,0.08060668950432275,0.08060668950432275,0.7428182467528005,0.0007428182467528005
CAUSAL_LSTM,10,2024-09-30,2024-10-01,2024-10-30,EEM,0.075427696108818,0.039425686566406236,0.09469806863187613,0.0663923652579806,0.0663923652579806,0.0,1.0,1.0,0.08060668950432275,0.08060668950432275,0.7428182467528005,0.0007428182467528005
CAUSAL_LSTM,10,2024-09-30,2024-10-01,2024-10-30,EFA,0.0842153131961822,0.05070082678011493,0.08481660723884782,0.05946451970033915,0.05946451970033915,0.0,1.0,1.0,0.08060668950432275,0.08060668950432275,0.7428182467528005,0.0007428182467528005
CAUSAL_LSTM,10,2024-09-30,2024-10-01,2024-10-30,GLD,0.0742931738495826,0.23379304931467837,0.096144191622758,0.06740623520491504,0.06740623520491504,0.0,1.0,1.0,0.08060668950432275,0.08060668950432275,0.7428182467528005,0.0007428182467528005
CAUSAL_LSTM,10,2024-09-30,2024-10-01,2024-10-30,HYG,0.02,0.09881829324141715,0.3571428571428571,0.2503911575312303,0.2503911575312303,0.0,1.0,1.0,0.08060668950432275,0.08060668950432275,0.7428182467528005,0.0007428182467528005
CAUSAL_LSTM,10,2024-09-30,2024-10-01,2024-10-30,IWM,0.1798402369022369,0.02040390840706138,0.039717792113119134,0.02784595503700828,0.02784595503700828,0.0,1.0,1.0,0.08060668950432275,0.08060668950432275,0.7428182467528005,0.0007428182467528005
CAUSAL_LSTM,10,2024-09-30,2024-10-01,2024-10-30,LQD,0.0352369248867034,0.08191857728975102,0.20270943522521992,0.14211862035992537,0.14211862035992537,0.0,1.0,1.0,0.08060668950432275,0.08060668950432275,0.7428182467528005,0.0007428182467528005
CAUSAL_LSTM,10,2024-09-30,2024-10-01,2024-10-30,QQQ,0.1862446963787078,0.016799550425194345,0.03835200293882699,0.02688840674658331,0.02688840674658331,0.0,1.0,1.0,0.08060668950432275,0.08060668950432275,0.7428182467528005,0.0007428182467528005
CAUSAL_LSTM,10,2024-09-30,2024-10-01,2024-10-30,SPY,0.1405274868011474,0.23095888136138742,0.05082889693291534,0.035635897749391174,0.035635897749391174,0.0,1.0,1.0,0.08060668950432275,0.08060668950432275,0.7428182467528005,0.0007428182467528005
CAUSAL_LSTM,10,2024-09-30,2024-10-01,2024-10-30,TLT,0.070732869207859,0.030314358319332914,0.10098356284497383,0.07079909533866607,0.07079909533866607,0.0,1.0,1.0,0.08060668950432275,0.08060668950432275,0.7428182467528005,0.0007428182467528005
CAUSAL_LSTM,10,2024-09-30,2024-10-01,2024-10-30,XLE,0.1806163489818573,0.019418202773204416,0.039547123962596735,0.02772630040887183,0.02772630040887183,0.0,1.0,1.0,0.08060668950432275,0.08060668950432275,0.7428182467528005,0.0007428182467528005
CAUSAL_LSTM,10,2024-09-30,2024-10-01,2024-10-30,XLF,0.0974761024117469,0.027654052625691164,0.0732780339604177,0.05137488088589303,0.05137488088589303,0.0,1.0,1.0,0.08060668950432275,0.08060668950432275,0.7428182467528005,0.0007428182467528005
CAUSAL_LSTM,10,2024-09-30,2024-10-01,2024-10-30,XLK,0.1075435578823089,0.020827296087780525,0.06641827073151124,0.046565533531120064,0.046565533531120064,0.0,1.0,1.0,0.08060668950432275,0.08060668950432275,0.7428182467528005,0.0007428182467528005
CAUSAL_LSTM,10,2024-09-30,2024-10-01,2024-10-30,XLV,0.0602805763483047,0.09277456238909244,0.11849351110356504,0.08307523673445177,0.08307523673445177,0.0,1.0,1.0,0.08060668950432275,0.08060668950432275,0.7428182467528005,0.0007428182467528005
CAUSAL_LSTM,11,2024-10-30,2024-10-31,2024-12-02,DBC,0.1316681206226349,0.045846243234861445,0.054248948865373445,0.054248948865373445,0.054248948865373445,0.13970491082495406,0.8602950891750459,1.0,0.07008445263425456,0.07008445263425456,0.31763006642282926,0.00031763006642282927
CAUSAL_LSTM,11,2024-10-30,2024-10-31,2024-12-02,EEM,0.134185180068016,0.0657412352092433,0.05323134148820727,0.05323134148820727,0.05323134148820727,0.13970491082495406,0.8602950891750459,1.0,0.07008445263425456,0.07008445263425456,0.31763006642282926,0.00031763006642282927
CAUSAL_LSTM,11,2024-10-30,2024-10-31,2024-12-02,EFA,0.1351217031478881,0.05712394677205409,0.05286239720527666,0.05286239720527666,0.05286239720527666,0.13970491082495406,0.8602950891750459,1.0,0.07008445263425456,0.07008445263425456,0.31763006642282926,0.00031763006642282927
CAUSAL_LSTM,11,2024-10-30,2024-10-31,2024-12-02,GLD,0.1065268963575363,0.07230132747429825,0.06705214727070961,0.06705214727070961,0.06705214727070961,0.13970491082495406,0.8602950891750459,1.0,0.07008445263425456,0.07008445263425456,0.31763006642282926,0.00031763006642282927
CAUSAL_LSTM,11,2024-10-30,2024-10-31,2024-12-02,HYG,0.0648221597075462,0.25123233559876157,0.11019159458868838,0.11019159458868838,0.11019159458868838,0.13970491082495406,0.8602950891750459,1.0,0.07008445263425456,0.07008445263425456,0.31763006642282926,0.00031763006642282927
CAUSAL_LSTM,11,2024-10-30,2024-10-31,2024-12-02,IWM,0.1500208377838134,0.028010999776305178,0.04761243336842521,0.04761243336842521,0.04761243336842521,0.13970491082495406,0.8602950891750459,1.0,0.07008445263425456,0.07008445263425456,0.31763006642282926,0.00031763006642282927
CAUSAL_LSTM,11,2024-10-30,2024-10-31,2024-12-02,LQD,0.0687897652387619,0.1393572164461886,0.10383604476719832,0.10383604476719832,0.10383604476719832,0.13970491082495406,0.8602950891750459,1.0,0.07008445263425456,0.07008445263425456,0.31763006642282926,0.00031763006642282927
CAUSAL_LSTM,11,2024-10-30,2024-10-31,2024-12-02,QQQ,0.1753323376178741,0.027412099344480224,0.040738960307621946,0.040738960307621946,0.040738960307621946,0.13970491082495406,0.8602950891750459,1.0,0.07008445263425456,0.07008445263425456,0.31763006642282926,0.00031763006642282927
CAUSAL_LSTM,11,2024-10-30,2024-10-31,2024-12-02,SPY,0.1410292237997055,0.03611850888921943,0.050648063928946184,0.050648063928946184,0.050648063928946184,0.13970491082495406,0.8602950891750459,1.0,0.07008445263425456,0.07008445263425456,0.31763006642282926,0.00031763006642282927
CAUSAL_LSTM,11,2024-10-30,2024-10-31,2024-12-02,TLT,0.0959119647741317,0.06750120247796847,0.07447305619979995,0.07447305619979995,0.07447305619979995,0.13970491082495406,0.8602950891750459,1.0,0.07008445263425456,0.07008445263425456,0.31763006642282926,0.00031763006642282927
CAUSAL_LSTM,11,2024-10-30,2024-10-31,2024-12-02,XLE,0.1533345878124237,0.028115055892203512,0.0465834698143585,0.0465834698143585,0.0465834698143585,0.13970491082495406,0.8602950891750459,1.0,0.07008445263425456,0.07008445263425456,0.31763006642282926,0.00031763006642282927
CAUSAL_LSTM,11,2024-10-30,2024-10-31,2024-12-02,XLF,0.1164622604846954,0.053670191686816665,0.061331946616267195,0.061331946616267195,0.061331946616267195,0.13970491082495406,0.8602950891750459,1.0,0.07008445263425456,0.07008445263425456,0.31763006642282926,0.00031763006642282927
CAUSAL_LSTM,11,2024-10-30,2024-10-31,2024-12-02,XLK,0.1728070676326751,0.047255843364569595,0.041334288236637734,0.041334288236637734,0.041334288236637734,0.13970491082495406,0.8602950891750459,1.0,0.07008445263425456,0.07008445263425456,0.31763006642282926,0.00031763006642282927
CAUSAL_LSTM,11,2024-10-30,2024-10-31,2024-12-02,XLV,0.1272093802690506,0.0803137938330298,0.056150396517535464,0.056150396517535464,0.056150396517535464,0.13970491082495406,0.8602950891750459,1.0,0.07008445263425456,0.07008445263425456,0.31763006642282926,0.00031763006642282927
CAUSAL_LSTM,12,2024-12-02,2024-12-03,2025-01-02,DBC,0.1216808706521987,0.05307665226111334,0.05870156175389,0.05870156175389,0.05870156175389,0.03303024052965753,0.9669697594703425,1.0,0.062321503031918364,0.062321503031918364,0.2250340488281487,0.0002250340488281487
CAUSAL_LSTM,12,2024-12-02,2024-12-03,2025-01-02,EEM,0.145297884941101,0.0511780082264892,0.04916009029142182,0.04916009029142182,0.04916009029142182,0.03303024052965753,0.9669697594703425,1.0,0.062321503031918364,0.062321503031918364,0.2250340488281487,0.0002250340488281487
CAUSAL_LSTM,12,2024-12-02,2024-12-03,2025-01-02,EFA,0.1289943605661392,0.051605636371907154,0.05537340633736302,0.05537340633736302,0.05537340633736302,0.03303024052965753,0.9669697594703425,1.0,0.062321503031918364,0.062321503031918364,0.2250340488281487,0.0002250340488281487
CAUSAL_LSTM,12,2024-12-02,2024-12-03,2025-01-02,GLD,0.1174673959612846,0.06380356086276866,0.06080714639499897,0.06080714639499897,0.06080714639499897,0.03303024052965753,0.9669697594703425,1.0,0.062321503031918364,0.062321503031918364,0.2250340488281487,0.0002250340488281487
CAUSAL_LSTM,12,2024-12-02,2024-12-03,2025-01-02,HYG,0.04402606934309,0.10986553059163712,0.1622415366494268,0.1622415366494268,0.1622415366494268,0.03303024052965753,0.9669697594703425,1.0,0.062321503031918364,0.062321503031918364,0.2250340488281487,0.0002250340488281487
CAUSAL_LSTM,12,2024-12-02,2024-12-03,2025-01-02,IWM,0.2273823916912078,0.05033294940494829,0.03141341372007978,0.03141341372007978,0.03141341372007978,0.03303024052965753,0.9669697594703425,1.0,0.062321503031918364,0.062321503031918364,0.2250340488281487,0.0002250340488281487
CAUSAL_LSTM,12,2024-12-02,2024-12-03,2025-01-02,LQD,0.0716135501861572,0.10403901140251583,0.09974169866302547,0.09974169866302547,0.09974169866302547,0.03303024052965753,0.9669697594703425,1.0,0.062321503031918364,0.062321503031918364,0.2250340488281487,0.0002250340488281487
CAUSAL_LSTM,12,2024-12-02,2024-12-03,2025-01-02,QQQ,0.1129993125796318,0.041591368467684055,0.06321150969678241,0.06321150969678241,0.06321150969678241,0.03303024052965753,0.9669697594703425,1.0,0.062321503031918364,0.062321503031918364,0.2250340488281487,0.0002250340488281487
CAUSAL_LSTM,12,2024-12-02,2024-12-03,2025-01-02,SPY,0.0656078085303306,0.05175913124554412,0.10887205811111626,0.10887205811111626,0.10887205811111626,0.03303024052965753,0.9669697594703425,1.0,0.062321503031918364,0.062321503031918364,0.2250340488281487,0.0002250340488281487
CAUSAL_LSTM,12,2024-12-02,2024-12-03,2025-01-02,TLT,0.1406728625297546,0.07532044442473582,0.05077636876370745,0.05077636876370745,0.05077636876370745,0.03303024052965753,0.9669697594703425,1.0,0.062321503031918364,0.062321503031918364,0.2250340488281487,0.0002250340488281487
CAUSAL_LSTM,12,2024-12-02,2024-12-03,2025-01-02,XLE,0.1621764302253723,0.0488798183719839,0.044043743797609204,0.044043743797609204,0.044043743797609204,0.03303024052965753,0.9669697594703425,1.0,0.062321503031918364,0.062321503031918364,0.2250340488281487,0.0002250340488281487
CAUSAL_LSTM,12,2024-12-02,2024-12-03,2025-01-02,XLF,0.1164496392011642,0.06410252331653515,0.06133859402104298,0.06133859402104298,0.06133859402104298,0.03303024052965753,0.9669697594703425,1.0,0.062321503031918364,0.062321503031918364,0.2250340488281487,0.0002250340488281487
CAUSAL_LSTM,12,2024-12-02,2024-12-03,2025-01-02,XLK,0.146584928035736,0.04198050007116318,0.048728455500662265,0.048728455500662265,0.048728455500662265,0.03303024052965753,0.9669697594703425,1.0,0.062321503031918364,0.062321503031918364,0.2250340488281487,0.0002250340488281487
CAUSAL_LSTM,12,2024-12-02,2024-12-03,2025-01-02,XLV,0.0984404608607292,0.05515109633935031,0.07256017576921604,0.07256017576921604,0.07256017576921604,0.03303024052965753,0.9669697594703425,1.0,0.062321503031918364,0.062321503031918364,0.2250340488281487,0.0002250340488281487
CAUSAL_LSTM,13,2025-01-02,2025-01-03,2025-02-04,DBC,0.1176243796944618,0.06229201606991674,0.06072599202147763,0.04961187089449906,0.04961187089449906,0.0,1.0,1.0,0.06758303091528263,0.06758303091528263,0.27878702162659075,0.0002787870216265908
CAUSAL_LSTM,13,2025-01-02,2025-01-03,2025-02-04,EEM,0.1389425247907638,0.049297381638435125,0.05140871848711334,0.04199985244427554,0.04199985244427554,0.0,1.0,1.0,0.06758303091528263,0.06758303091528263,0.27878702162659075,0.0002787870216265908
CAUSAL_LSTM,13,2025-01-02,2025-01-03,2025-02-04,EFA,0.149910494685173,0.054772389386355376,0.04764747896975362,0.03892699808443995,0.03892699808443995,0.0,1.0,1.0,0.06758303091528263,0.06758303091528263,0.27878702162659075,0.0002787870216265908
CAUSAL_LSTM,13,2025-01-02,2025-01-03,2025-02-04,GLD,0.1816717684268951,0.0628698611668695,0.03931737553229926,0.03212147704609048,0.03212147704609048,0.0,1.0,1.0,0.06758303091528263,0.06758303091528263,0.27878702162659075,0.0002787870216265908
CAUSAL_LSTM,13,2025-01-02,2025-01-03,2025-02-04,HYG,0.0204628892242908,0.16555253248382493,0.3490639598624275,0.28517798613306156,0.28517798613306156,0.0,1.0,1.0,0.06758303091528263,0.06758303091528263,0.27878702162659075,0.0002787870216265908
CAUSAL_LSTM,13,2025-01-02,2025-01-03,2025-02-04,IWM,0.1394644379615783,0.029557888212093174,0.051216333333842144,0.04184267778037325,0.04184267778037325,0.0,1.0,1.0,0.06758303091528263,0.06758303091528263,0.27878702162659075,0.0002787870216265908
CAUSAL_LSTM,13,2025-01-02,2025-01-03,2025-02-04,LQD,0.0674283057451248,0.09940923697083875,0.10593262078772586,0.086544745192105,0.086544745192105,0.0,1.0,1.0,0.06758303091528263,0.06758303091528263,0.27878702162659075,0.0002787870216265908
CAUSAL_LSTM,13,2025-01-02,2025-01-03,2025-02-04,QQQ,0.0792462900280952,0.06429542662795354,0.09013490903264726,0.07363834366729713,0.07363834366729713,0.0,1.0,1.0,0.06758303091528263,0.06758303091528263,0.27878702162659075,0.0002787870216265908
CAUSAL_LSTM,13,2025-01-02,2025-01-03,2025-02-04,SPY,0.0598142705857753,0.10850839089703249,0.11941727405359044,0.09756142609945924,0.09756142609945924,0.0,1.0,1.0,0.06758303091528263,0.06758303091528263,0.27878702162659075,0.0002787870216265908
CAUSAL_LSTM,13,2025-01-02,2025-01-03,2025-02-04,TLT,0.0927749723196029,0.04876913476418127,0.07699120748051026,0.06290021320991707,0.06290021320991707,0.0,1.0,1.0,0.06758303091528263,0.06758303091528263,0.27878702162659075,0.0002787870216265908
CAUSAL_LSTM,13,2025-01-02,2025-01-03,2025-02-04,XLE,0.1366371661424636,0.041761616948673065,0.052276092548711836,0.04270847898998997,0.04270847898998997,0.0,1.0,1.0,0.06758303091528263,0.06758303091528263,0.27878702162659075,0.0002787870216265908
CAUSAL_LSTM,13,2025-01-02,2025-01-03,2025-02-04,XLF,0.1384181380271911,0.05991959630219217,0.05160347657222486,0.04215896574407631,0.04215896574407631,0.0,1.0,1.0,0.06758303091528263,0.06758303091528263,0.27878702162659075,0.0002787870216265908
CAUSAL_LSTM,13,2025-01-02,2025-01-03,2025-02-04,XLK,0.1377980411052703,0.04921249349308867,0.05183569436520787,0.04234868284512925,0.04234868284512925,0.0,1.0,1.0,0.06758303091528263,0.06758303091528263,0.27878702162659075,0.0002787870216265908
CAUSAL_LSTM,13,2025-01-02,2025-01-03,2025-02-04,XLV,0.0934314131736755,0.06990685517731011,0.0764502740591069,0.06245828186928632,0.06245828186928632,0.0,1.0,1.0,0.06758303091528263,0.06758303091528263,0.27878702162659075,0.0002787870216265908
CAUSAL_LSTM,14,2025-02-04,2025-02-05,2025-03-06,DBC,0.0822047144174575,0.049683681659192805,0.08689108883200794,0.059828502095883834,0.059828502095883834,0.0,1.0,1.0,0.07014808912926071,0.07014808912926071,0.5648196047963794,0.0005648196047963794
CAUSAL_LSTM,14,2025-02-04,2025-02-05,2025-03-06,EEM,0.1032885611057281,0.0422860523453383,0.06915438714985661,0.04761596904987418,0.04761596904987418,0.0,1.0,1.0,0.07014808912926071,0.07014808912926071,0.5648196047963794,0.0005648196047963794
CAUSAL_LSTM,14,2025-02-04,2025-02-05,2025-03-06,EFA,0.0427694544196128,0.03985936171085865,0.16700837641692343,0.11499293118317298,0.11499293118317298,0.0,1.0,1.0,0.07014808912926071,0.07014808912926071,0.5648196047963794,0.0005648196047963794
CAUSAL_LSTM,14,2025-02-04,2025-02-05,2025-03-06,GLD,0.1362622380256652,0.03346128984094294,0.052419931202889646,0.03609352818563012,0.03609352818563012,0.0,1.0,1.0,0.07014808912926071,0.07014808912926071,0.5648196047963794,0.0005648196047963794
CAUSAL_LSTM,14,2025-02-04,2025-02-05,2025-03-06,HYG,0.0302230417728424,0.2813744887740757,0.23633812891975417,0.1627296473260919,0.1627296473260919,0.0,1.0,1.0,0.07014808912926071,0.07014808912926071,0.5648196047963794,0.0005648196047963794
CAUSAL_LSTM,14,2025-02-04,2025-02-05,2025-03-06,IWM,0.1302220523357391,0.04181882921025737,0.05485136361114471,0.037767680977230336,0.037767680977230336,0.0,1.0,1.0,0.07014808912926071,0.07014808912926071,0.5648196047963794,0.0005648196047963794
CAUSAL_LSTM,14,2025-02-04,2025-02-05,2025-03-06,LQD,0.024141676723957,0.08506980051885868,0.29587245428437564,0.20372176237186648,0.20372176237186648,0.0,1.0,1.0,0.07014808912926071,0.07014808912926071,0.5648196047963794,0.0005648196047963794
CAUSAL_LSTM,14,2025-02-04,2025-02-05,2025-03-06,QQQ,0.1719353795051574,0.07372018873601177,0.041543847248976966,0.02860484527949561,0.02860484527949561,0.0,1.0,1.0,0.07014808912926071,0.07014808912926071,0.5648196047963794,0.0005648196047963794
CAUSAL_LSTM,14,2025-02-04,2025-02-05,2025-03-06,SPY,0.11902766674757,0.09780367226979646,0.06001005764487917,0.04131967855210263,0.04131967855210263,0.0,1.0,1.0,0.07014808912926071,0.07014808912926071,0.5648196047963794,0.0005648196047963794
CAUSAL_LSTM,14,2025-02-04,2025-02-05,2025-03-06,TLT,0.1502964496612548,0.06208275722323445,0.04752512224311386,0.032723227593873465,0.032723227593873465,0.0,1.0,1.0,0.07014808912926071,0.07014808912926071,0.5648196047963794,0.0005648196047963794
CAUSAL_LSTM,14,2025-02-04,2025-02-05,2025-03-06,XLE,0.1869038641452789,0.04321740551208077,0.03821674407600828,0.026313982064027963,0.026313982064027963,0.0,1.0,1.0,0.07014808912926071,0.07014808912926071,0.5648196047963794,0.0005648196047963794
CAUSAL_LSTM,14,2025-02-04,2025-02-05,2025-03-06,XLF,0.1005963012576103,0.04355533009864042,0.07100516672641353,0.048890315720671866,0.048890315720671866,0.0,1.0,1.0,0.07014808912926071,0.07014808912926071,0.5648196047963794,0.0005648196047963794
CAUSAL_LSTM,14,2025-02-04,2025-02-05,2025-03-06,XLK,0.1683323383331298,0.041068635335948914,0.04243306552732265,0.029217112870393903,0.029217112870393903,0.0,1.0,1.0,0.07014808912926071,0.07014808912926071,0.5648196047963794,0.0005648196047963794
CAUSAL_LSTM,14,2025-02-04,2025-02-05,2025-03-06,XLV,0.0377796441316604,0.0649985067647627,0.1890662897184685,0.13018081672968465,0.13018081672968465,0.0,1.0,1.0,0.07014808912926071,0.07014808912926071,0.5648196047963794,0.0005648196047963794
CAUSAL_LSTM,15,2025-03-06,2025-03-07,2025-04-04,DBC,0.1344411969184875,0.05861019991960926,0.053129972854882426,0.053129972854882426,0.053129972854882426,0.045135336919350455,0.9548646630806495,1.0,0.07671559913951813,0.07671559913951813,0.3579708410021091,0.0003579708410021091
CAUSAL_LSTM,15,2025-03-06,2025-03-07,2025-04-04,EEM,0.1573839634656906,0.04872502487796369,0.04538491079756211,0.04538491079756211,0.04538491079756211,0.045135336919350455,0.9548646630806495,1.0,0.07671559913951813,0.07671559913951813,0.3579708410021091,0.0003579708410021091
CAUSAL_LSTM,15,2025-03-06,2025-03-07,2025-04-04,EFA,0.0307685770094394,0.12122546115444406,0.23214778963179894,0.23214778963179894,0.23214778963179894,0.045135336919350455,0.9548646630806495,1.0,0.07671559913951813,0.07671559913951813,0.3579708410021091,0.0003579708410021091
CAUSAL_LSTM,15,2025-03-06,2025-03-07,2025-04-04,GLD,0.1632495522499084,0.036863700989401546,0.043754221952919024,0.043754221952919024,0.043754221952919024,0.045135336919350455,0.9548646630806495,1.0,0.07671559913951813,0.07671559913951813,0.3579708410021091,0.0003579708410021091
CAUSAL_LSTM,15,2025-03-06,2025-03-07,2025-04-04,HYG,0.0440780967473983,0.16301161254234767,0.1620500355038299,0.1620500355038299,0.1620500355038299,0.045135336919350455,0.9548646630806495,1.0,0.07671559913951813,0.07671559913951813,0.3579708410021091,0.0003579708410021091
CAUSAL_LSTM,15,2025-03-06,2025-03-07,2025-04-04,IWM,0.1938772648572921,0.034145560227551004,0.03684215964215717,0.03684215964215717,0.03684215964215717,0.045135336919350455,0.9548646630806495,1.0,0.07671559913951813,0.07671559913951813,0.3579708410021091,0.0003579708410021091
CAUSAL_LSTM,15,2025-03-06,2025-03-07,2025-04-04,LQD,0.0894937291741371,0.20636083831977492,0.07981405187573036,0.07981405187573036,0.07981405187573036,0.045135336919350455,0.9548646630806495,1.0,0.07671559913951813,0.07671559913951813,0.3579708410021091,0.0003579708410021091
CAUSAL_LSTM,15,2025-03-06,2025-03-07,2025-04-04,QQQ,0.258724182844162,0.026611903040878494,0.02760799962467953,0.02760799962467953,0.02760799962467953,0.045135336919350455,0.9548646630806495,1.0,0.07671559913951813,0.07671559913951813,0.3579708410021091,0.0003579708410021091
CAUSAL_LSTM,15,2025-03-06,2025-03-07,2025-04-04,SPY,0.17132468521595,0.039301860793342844,0.0416919320987152,0.0416919320987152,0.0416919320987152,0.045135336919350455,0.9548646630806495,1.0,0.07671559913951813,0.07671559913951813,0.3579708410021091,0.0003579708410021091
CAUSAL_LSTM,15,2025-03-06,2025-03-07,2025-04-04,TLT,0.1449978649616241,0.03353890268790819,0.04926180909455191,0.04926180909455191,0.04926180909455191,0.045135336919350455,0.9548646630806495,1.0,0.07671559913951813,0.07671559913951813,0.3579708410021091,0.0003579708410021091
CAUSAL_LSTM,15,2025-03-06,2025-03-07,2025-04-04,XLE,0.2014403939247131,0.02510768826425632,0.03545891170927085,0.03545891170927085,0.03545891170927085,0.045135336919350455,0.9548646630806495,1.0,0.07671559913951813,0.07671559913951813,0.3579708410021091,0.0003579708410021091
CAUSAL_LSTM,15,2025-03-06,2025-03-07,2025-04-04,XLF,0.2507077753543854,0.04718157271119173,0.02849076831685986,0.02849076831685986,0.02849076831685986,0.045135336919350455,0.9548646630806495,1.0,0.07671559913951813,0.07671559913951813,0.3579708410021091,0.0003579708410021091
CAUSAL_LSTM,15,2025-03-06,2025-03-07,2025-04-04,XLK,0.2120687514543533,0.02723379394249675,0.033681799387566096,0.033681799387566096,0.033681799387566096,0.045135336919350455,0.9548646630806495,1.0,0.07671559913951813,0.07671559913951813,0.3579708410021091,0.0003579708410021091
CAUSAL_LSTM,15,2025-03-06,2025-03-07,2025-04-04,XLV,0.083495020866394,0.13208188052883332,0.08554830059012632,0.08554830059012632,0.08554830059012632,0.045135336919350455,0.9548646630806495,1.0,0.07671559913951813,0.07671559913951813,0.3579708410021091,0.0003579708410021091
CAUSAL_LSTM,16,2025-04-04,2025-04-07,2025-05-06,DBC,0.1931216120719909,0.0544836662588873,0.03698631689235519,0.03698631689235519,0.03698631689235519,0.4685390250264361,0.5314609749735639,1.0,0.051449042778339754,0.051449042778339754,0.42949272209156675,0.00042949272209156673
CAUSAL_LSTM,16,2025-04-04,2025-04-07,2025-05-06,EEM,0.3968101441860199,0.044381583207411535,0.01800069188631593,0.01800069188631593,0.01800069188631593,0.4685390250264361,0.5314609749735639,1.0,0.051449042778339754,0.051449042778339754,0.42949272209156675,0.00042949272209156673
CAUSAL_LSTM,16,2025-04-04,2025-04-07,2025-05-06,EFA,0.425247848033905,0.2219957783706231,0.016796927194062235,0.016796927194062235,0.016796927194062235,0.4685390250264361,0.5314609749735639,1.0,0.051449042778339754,0.051449042778339754,0.42949272209156675,0.00042949272209156673
CAUSAL_LSTM,16,2025-04-04,2025-04-07,2025-05-06,GLD,0.2122286558151245,0.04859653621267117,0.03365642172789046,0.03365642172789046,0.03365642172789046,0.4685390250264361,0.5314609749735639,1.0,0.051449042778339754,0.051449042778339754,0.42949272209156675,0.00042949272209156673
CAUSAL_LSTM,16,2025-04-04,2025-04-07,2025-05-06,HYG,0.054868284612894,0.1678459871567367,0.13018189275008932,0.13018189275008932,0.13018189275008932,0.4685390250264361,0.5314609749735639,1.0,0.051449042778339754,0.051449042778339754,0.42949272209156675,0.00042949272209156673
CAUSAL_LSTM,16,2025-04-04,2025-04-07,2025-05-06,IWM,0.2770582139492035,0.03471424034861995,0.02578106976523977,0.02578106976523977,0.02578106976523977,0.4685390250264361,0.5314609749735639,1.0,0.051449042778339754,0.051449042778339754,0.42949272209156675,0.00042949272209156673
CAUSAL_LSTM,16,2025-04-04,2025-04-07,2025-05-06,LQD,0.1059564054012298,0.08556766055482339,0.06741316974475464,0.06741316974475464,0.06741316974475464,0.4685390250264361,0.5314609749735639,1.0,0.051449042778339754,0.051449042778339754,0.42949272209156675,0.00042949272209156673
CAUSAL_LSTM,16,2025-04-04,2025-04-07,2025-05-06,QQQ,0.3836181461811065,0.025496895991227238,0.018619706116521903,0.018619706116521903,0.018619706116521903,0.4685390250264361,0.5314609749735639,1.0,0.051449042778339754,0.051449042778339754,0.42949272209156675,0.00042949272209156673
CAUSAL_LSTM,16,2025-04-04,2025-04-07,2025-05-06,SPY,0.3713594079017639,0.03929664032663241,0.019234350849532404,0.019234350849532404,0.019234350849532404,0.4685390250264361,0.5314609749735639,1.0,0.051449042778339754,0.051449042778339754,0.42949272209156675,0.00042949272209156673
CAUSAL_LSTM,16,2025-04-04,2025-04-07,2025-05-06,TLT,0.1218914985656738,0.0540858350593279,0.05860012574222845,0.05860012574222845,0.05860012574222845,0.4685390250264361,0.5314609749735639,1.0,0.051449042778339754,0.051449042778339754,0.42949272209156675,0.00042949272209156673
CAUSAL_LSTM,16,2025-04-04,2025-04-07,2025-05-06,XLE,0.424027681350708,0.03487468143312977,0.01684526142280172,0.01684526142280172,0.01684526142280172,0.4685390250264361,0.5314609749735639,1.0,0.051449042778339754,0.051449042778339754,0.42949272209156675,0.00042949272209156673
CAUSAL_LSTM,16,2025-04-04,2025-04-07,2025-05-06,XLF,0.4191617667675018,0.027261609074526037,0.017040812662713824,0.017040812662713824,0.017040812662713824,0.4685390250264361,0.5314609749735639,1.0,0.051449042778339754,0.051449042778339754,0.42949272209156675,0.00042949272209156673
CAUSAL_LSTM,16,2025-04-04,2025-04-07,2025-05-06,XLK,0.316139280796051,0.030424680610501117,0.022594019714573747,0.022594019714573747,0.022594019714573747,0.4685390250264361,0.5314609749735639,1.0,0.051449042778339754,0.051449042778339754,0.42949272209156675,0.00042949272209156673
CAUSAL_LSTM,16,2025-04-04,2025-04-07,2025-05-06,XLV,0.1436899453401565,0.08289932109421194,0.04971020850448438,0.04971020850448438,0.04971020850448438,0.4685390250264361,0.5314609749735639,1.0,0.051449042778339754,0.051449042778339754,0.42949272209156675,0.00042949272209156673
CAUSAL_LSTM,17,2025-05-06,2025-05-07,2025-06-05,DBC,0.1274922341108322,0.03622479882825378,0.056025821436682006,0.056025821436682006,0.052389185575020855,0.40719291737987984,0.5928070826201202,0.9350900037088948,0.10694157739187131,0.09999999999999998,0.22455271716445402,0.00022455271716445403
CAUSAL_LSTM,17,2025-05-06,2025-05-07,2025-06-05,EEM,0.2012769728899002,0.019619862869442693,0.035487701550262936,0.035487701550262936,0.033184194974255524,0.40719291737987984,0.5928070826201202,0.9350900037088948,0.10694157739187131,0.09999999999999998,0.22455271716445402,0.00022455271716445403
CAUSAL_LSTM,17,2025-05-06,2025-05-07,2025-06-05,EFA,0.196025013923645,0.018889593682157445,0.03643849833184761,0.03643849833184761,0.034073275540273944,0.40719291737987984,0.5928070826201202,0.9350900037088948,0.10694157739187131,0.09999999999999998,0.22455271716445402,0.00022455271716445403
CAUSAL_LSTM,17,2025-05-06,2025-05-07,2025-06-05,GLD,0.1284940987825393,0.03717758393180335,0.05558898977100546,0.05558898977100546,0.05198070865114321,0.40719291737987984,0.5928070826201202,0.9350900037088948,0.10694157739187131,0.09999999999999998,0.22455271716445402,0.00022455271716445403
CAUSAL_LSTM,17,2025-05-06,2025-05-07,2025-06-05,HYG,0.0892341360449791,0.13097691665512565,0.080046240815922,0.080046240815922,0.0748504396214436,0.40719291737987984,0.5928070826201202,0.9350900037088948,0.10694157739187131,0.09999999999999998,0.22455271716445402,0.00022455271716445403
CAUSAL_LSTM,17,2025-05-06,2025-05-07,2025-06-05,IWM,0.3036985397338867,0.0274214551584609,0.023519563673621912,0.023519563673621912,0.0219929088827987,0.40719291737987984,0.5928070826201202,0.9350900037088948,0.10694157739187131,0.09999999999999998,0.22455271716445402,0.00022455271716445403
CAUSAL_LSTM,17,2025-05-06,2025-05-07,2025-06-05,LQD,0.0941300839185714,0.0651873943101009,0.07588282986166438,0.07588282986166438,0.07095727565678518,0.40719291737987984,0.5928070826201202,0.9350900037088948,0.10694157739187131,0.09999999999999998,0.22455271716445402,0.00022455271716445403
CAUSAL_LSTM,17,2025-05-06,2025-05-07,2025-06-05,QQQ,0.3673506379127502,0.020770711916591227,0.019444248643318403,0.019444248643318403,0.01818212253599728,0.40719291737987984,0.5928070826201202,0.9350900037088948,0.10694157739187131,0.09999999999999998,0.22455271716445402,0.00022455271716445403
CAUSAL_LSTM,17,2025-05-06,2025-05-07,2025-06-05,SPY,0.2032294422388076,0.020833715795380504,0.03514676350124422,0.03514676350124422,0.032865387212734104,0.40719291737987984,0.5928070826201202,0.9350900037088948,0.10694157739187131,0.09999999999999998,0.22455271716445402,0.00022455271716445403
CAUSAL_LSTM,17,2025-05-06,2025-05-07,2025-06-05,TLT,0.1220922246575355,0.0543042115607407,0.058503784027956016,0.058503784027956016,0.054706303623685774,0.40719291737987984,0.5928070826201202,0.9350900037088948,0.10694157739187131,0.09999999999999998,0.22455271716445402,0.00022455271716445403
CAUSAL_LSTM,17,2025-05-06,2025-05-07,2025-06-05,XLE,0.4525623321533203,0.01686711069593192,0.015783145514720535,0.015783145514720535,0.014758661597898052,0.40719291737987984,0.5928070826201202,0.9350900037088948,0.10694157739187131,0.09999999999999998,0.22455271716445402,0.00022455271716445403
CAUSAL_LSTM,17,2025-05-06,2025-05-07,2025-06-05,XLF,0.1950410157442093,0.018562855630853227,0.03662233359277002,0.03662233359277002,0.0342451780550917,0.40719291737987984,0.5928070826201202,0.9350900037088948,0.10694157739187131,0.09999999999999998,0.22455271716445402,0.00022455271716445403
CAUSAL_LSTM,17,2025-05-06,2025-05-07,2025-06-05,XLK,0.0948061421513557,0.025926780840036905,0.07534171289718493,0.07534171289718493,0.07045128259246314,0.40719291737987984,0.5928070826201202,0.9350900037088948,0.10694157739187131,0.09999999999999998,0.22455271716445402,0.00022455271716445403
CAUSAL_LSTM,17,2025-05-06,2025-05-07,2025-06-05,XLV,0.2371024787425995,0.04834481904432723,0.030125611426489937,0.030125611426489937,0.0281701581005292,0.40719291737987984,0.5928070826201202,0.9350900037088948,0.10694157739187131,0.09999999999999998,0.22455271716445402,0.00022455271716445403
CAUSAL_LSTM,18,2025-06-05,2025-06-06,2025-07-08,DBC,0.1624117195606231,0.05278749177478737,0.04397993668302331,0.04103722807812612,0.029383950012640048,0.2839684503860913,0.7160315496139087,0.7160315496139087,0.13965865059147323,0.09999999999999998,0.35389044142987003,0.00035389044142987
CAUSAL_LSTM,18,2025-06-05,2025-06-06,2025-07-08,EEM,0.1211437284946441,0.03377410877674687,0.05896184005243769,0.055016688531793145,0.03939368474404561,0.2839684503860913,0.7160315496139087,0.7160315496139087,0.13965865059147323,0.09999999999999998,0.35389044142987003,0.00035389044142987
CAUSAL_LSTM,18,2025-06-05,2025-06-06,2025-07-08,EFA,0.1518453508615493,0.03476024673246928,0.047040341388982734,0.043892860336876206,0.03142867280400034,0.2839684503860913,0.7160315496139087,0.7160315496139087,0.13965865059147323,0.09999999999999998,0.35389044142987003,0.00035389044142987
CAUSAL_LSTM,18,2025-06-05,2025-06-06,2025-07-08,GLD,0.1534841358661651,0.05008775245980309,0.04653808097200066,0.04342420629049,0.031093101720933596,0.2839684503860913,0.7160315496139087,0.7160315496139087,0.13965865059147323,0.09999999999999998,0.35389044142987003,0.00035389044142987
CAUSAL_LSTM,18,2025-06-05,2025-06-06,2025-07-08,HYG,0.0461203828454017,0.07471806919431595,0.15487419449227968,0.14451152325667338,0.10347480993454225,0.2839684503860913,0.7160315496139087,0.7160315496139087,0.13965865059147323,0.09999999999999998,0.35389044142987003,0.00035389044142987
CAUSAL_LSTM,18,2025-06-05,2025-06-06,2025-07-08,IWM,0.2995749413967132,0.022905064113098093,0.023843306484697558,0.02224794486179635,0.01593023043511684,0.2839684503860913,0.7160315496139087,0.7160315496139087,0.13965865059147323,0.09999999999999998,0.35389044142987003,0.00035389044142987
CAUSAL_LSTM,18,2025-06-05,2025-06-06,2025-07-08,LQD,0.0408846139907836,0.07038239292676637,0.17470770653398657,0.16301797002834334,0.11672600969430841,0.2839684503860913,0.7160315496139087,0.7160315496139087,0.13965865059147323,0.09999999999999998,0.35389044142987003,0.00035389044142987
CAUSAL_LSTM,18,2025-06-05,2025-06-06,2025-07-08,QQQ,0.1316646188497543,0.019478441004090307,0.05425039167893715,0.050620484351801893,0.036245863852627326,0.2839684503860913,0.7160315496139087,0.7160315496139087,0.13965865059147323,0.09999999999999998,0.35389044142987003,0.00035389044142987
CAUSAL_LSTM,18,2025-06-05,2025-06-06,2025-07-08,SPY,0.1856294870376587,0.03427778745772995,0.038479108340196355,0.03590446154073482,0.02570872723506534,0.2839684503860913,0.7160315496139087,0.7160315496139087,0.13965865059147323,0.09999999999999998,0.35389044142987003,0.00035389044142987
CAUSAL_LSTM,18,2025-06-05,2025-06-06,2025-07-08,TLT,0.0320983454585075,0.05329645076077965,0.2225303840688762,0.2076408202031935,0.14867737825319563,0.2839684503860913,0.7160315496139087,0.7160315496139087,0.13965865059147323,0.09999999999999998,0.35389044142987003,0.00035389044142987
CAUSAL_LSTM,18,2025-06-05,2025-06-06,2025-07-08,XLE,0.2776544988155365,0.014747119633036725,0.025725702890924868,0.024004389651895688,0.017187900319982942,0.2839684503860913,0.7160315496139087,0.7160315496139087,0.13965865059147323,0.09999999999999998,0.35389044142987003,0.00035389044142987
CAUSAL_LSTM,18,2025-06-05,2025-06-06,2025-07-08,XLF,0.1131563931703567,0.034674183518398724,0.06312376121871954,0.05890013450796294,0.04217435458420436,0.2839684503860913,0.7160315496139087,0.7160315496139087,0.13965865059147323,0.09999999999999998,0.35389044142987003,0.00035389044142987
CAUSAL_LSTM,18,2025-06-05,2025-06-06,2025-07-08,XLK,0.2519702315330505,0.07651308031519345,0.02834801992044138,0.026451246790618284,0.018939927228706337,0.2839684503860913,0.7160315496139087,0.7160315496139087,0.13965865059147323,0.09999999999999998,0.35389044142987003,0.00035389044142987
CAUSAL_LSTM,18,2025-06-05,2025-06-06,2025-07-08,XLV,0.0799822807312011,0.02743254635006032,0.08930549463652283,0.08333004156969433,0.05966693879453966,0.2839684503860913,0.7160315496139087,0.7160315496139087,0.13965865059147323,0.09999999999999998,0.35389044142987003,0.00035389044142987
CAUSAL_LSTM,19,2025-07-08,2025-07-09,2025-08-06,DBC,0.1261860430240631,0.030093487893798128,0.056605762187938904,0.03300841368076063,0.028950004978508956,0.122950734364347,0.877049265635653,0.8770492656356531,0.11401868049855064,0.1,0.5458430087675741,0.0005458430087675741
CAUSAL_LSTM,19,2025-07-08,2025-07-09,2025-08-06,EEM,0.2337952554225921,0.04052566889752779,0.03055176260932331,0.01781559296978805,0.015625152731016313,0.122950734364347,0.877049265635653,0.8770492656356531,0.11401868049855064,0.1,0.5458430087675741,0.0005458430087675741
CAUSAL_LSTM,19,2025-07-08,2025-07-09,2025-08-06,EFA,0.1094779819250106,0.031421066615892355,0.0652446913731914,0.03804601651982936,0.03336823084907827,0.122950734364347,0.877049265635653,0.8770492656356531,0.11401868049855064,0.1,0.5458430087675741,0.0005458430087675741
CAUSAL_LSTM,19,2025-07-08,2025-07-09,2025-08-06,GLD,0.02,0.030119795234310177,0.3571428571428571,0.20826005544382664,0.18265432868824855,0.122950734364347,0.877049265635653,0.8770492656356531,0.11401868049855064,0.1,0.5458430087675741,0.0005458430087675741
CAUSAL_LSTM,19,2025-07-08,2025-07-09,2025-08-06,HYG,0.0223416108638048,0.10329895606260718,0.319710928025747,0.1864324436705902,0.1635104378119514,0.122950734364347,0.877049265635653,0.8770492656356531,0.11401868049855064,0.1,0.5458430087675741,0.0005458430087675741
CAUSAL_LSTM,19,2025-07-08,2025-07-09,2025-08-06,IWM,0.1830668449401855,0.016697209322644395,0.03901775411703288,0.022752350979979217,0.019954932718475406,0.122950734364347,0.877049265635653,0.8770492656356531,0.11401868049855064,0.1,0.5458430087675741,0.0005458430087675741
CAUSAL_LSTM,19,2025-07-08,2025-07-09,2025-08-06,LQD,0.0432562381029129,0.1159860431124186,0.1651289491671292,0.09629133950499606,0.08445224859993015,0.122950734364347,0.877049265635653,0.8770492656356531,0.11401868049855064,0.1,0.5458430087675741,0.0005458430087675741
CAUSAL_LSTM,19,2025-07-08,2025-07-09,2025-08-06,QQQ,0.1039203256368637,0.03762485091658816,0.06873397575578184,0.04008071648496654,0.03515276295929072,0.122950734364347,0.877049265635653,0.8770492656356531,0.11401868049855064,0.1,0.5458430087675741,0.0005458430087675741
CAUSAL_LSTM,19,2025-07-08,2025-07-09,2025-08-06,SPY,0.1172446906566619,0.02657106817854826,0.060922649058576216,0.03552571195802686,0.031157799583971198,0.122950734364347,0.877049265635653,0.8770492656356531,0.11401868049855064,0.1,0.5458430087675741,0.0005458430087675741
CAUSAL_LSTM,19,2025-07-08,2025-07-09,2025-08-06,TLT,0.1232980042695999,0.14630356270901518,0.05793165254515211,0.03378157767881647,0.029628107895219753,0.122950734364347,0.877049265635653,0.8770492656356531,0.11401868049855064,0.1,0.5458430087675741,0.0005458430087675741
CAUSAL_LSTM,19,2025-07-08,2025-07-09,2025-08-06,XLE,0.1492616832256317,0.018455120197322438,0.047854593278702534,0.027905360698500224,0.024474376107917636,0.122950734364347,0.877049265635653,0.8770492656356531,0.11401868049855064,0.1,0.5458430087675741,0.0005458430087675741
CAUSAL_LSTM,19,2025-07-08,2025-07-09,2025-08-06,XLF,0.1301335096359253,0.042975043755084937,0.054888684419875586,0.032007137289461585,0.028071836254821812,0.122950734364347,0.877049265635653,0.8770492656356531,0.11401868049855064,0.1,0.5458430087675741,0.0005458430087675741
CAUSAL_LSTM,19,2025-07-08,2025-07-09,2025-08-06,XLK,0.2100112587213516,0.020285506962521058,0.034011781969910816,0.01983322767663152,0.017394717768974385,0.122950734364347,0.877049265635653,0.8770492656356531,0.11401868049855064,0.1,0.5458430087675741,0.0005458430087675741
CAUSAL_LSTM,19,2025-07-08,2025-07-09,2025-08-06,XLV,0.02,0.0598875431281839,0.3571428571428571,0.20826005544382664,0.18265432868824855,0.122950734364347,0.877049265635653,0.8770492656356531,0.11401868049855064,0.1,0.5458430087675741,0.0005458430087675741
CAUSAL_LSTM,20,2025-08-06,2025-08-07,2025-09-05,DBC,0.154570460319519,0.028170481057432434,0.04621101035794192,0.04621101035794192,0.04621101035794192,0.035617905487609236,0.9643820945123908,1.0,0.05600586137998087,0.05600586137998087,0.6656794142886848,0.0006656794142886848
CAUSAL_LSTM,20,2025-08-06,2025-08-07,2025-09-05,EEM,0.1878459751605987,0.01582122760702584,0.03802507419576259,0.03802507419576259,0.03802507419576259,0.035617905487609236,0.9643820945123908,1.0,0.05600586137998087,0.05600586137998087,0.6656794142886848,0.0006656794142886848
CAUSAL_LSTM,20,2025-08-06,2025-08-07,2025-09-05,EFA,0.1049072742462158,0.03323776784617733,0.06808733897797176,0.06808733897797176,0.06808733897797176,0.035617905487609236,0.9643820945123908,1.0,0.05600586137998087,0.05600586137998087,0.6656794142886848,0.0006656794142886848
CAUSAL_LSTM,20,2025-08-06,2025-08-07,2025-09-05,GLD,0.1311371624469757,0.1861081533329882,0.054468596159729335,0.054468596159729335,0.054468596159729335,0.035617905487609236,0.9643820945123908,1.0,0.05600586137998087,0.05600586137998087,0.6656794142886848,0.0006656794142886848
CAUSAL_LSTM,20,2025-08-06,2025-08-07,2025-09-05,HYG,0.0606808625161647,0.16464006833304876,0.117711859170663,0.117711859170663,0.117711859170663,0.035617905487609236,0.9643820945123908,1.0,0.05600586137998087,0.05600586137998087,0.6656794142886848,0.0006656794142886848
CAUSAL_LSTM,20,2025-08-06,2025-08-07,2025-09-05,IWM,0.2187996208667755,0.019854987558945273,0.0326456559410875,0.0326456559410875,0.0326456559410875,0.035617905487609236,0.9643820945123908,1.0,0.05600586137998087,0.05600586137998087,0.6656794142886848,0.0006656794142886848
CAUSAL_LSTM,20,2025-08-06,2025-08-07,2025-09-05,LQD,0.0233345925807952,0.08602238724504792,0.3061059291318352,0.3061059291318352,0.3061059291318352,0.035617905487609236,0.9643820945123908,1.0,0.05600586137998087,0.05600586137998087,0.6656794142886848,0.0006656794142886848
CAUSAL_LSTM,20,2025-08-06,2025-08-07,2025-09-05,QQQ,0.1817538142204284,0.03603769538999328,0.039299627209992895,0.039299627209992895,0.039299627209992895,0.035617905487609236,0.9643820945123908,1.0,0.05600586137998087,0.05600586137998087,0.6656794142886848,0.0006656794142886848
CAUSAL_LSTM,20,2025-08-06,2025-08-07,2025-09-05,SPY,0.1457877308130264,0.03172237113372367,0.0489949126927416,0.0489949126927416,0.0489949126927416,0.035617905487609236,0.9643820945123908,1.0,0.05600586137998087,0.05600586137998087,0.6656794142886848,0.0006656794142886848
CAUSAL_LSTM,20,2025-08-06,2025-08-07,2025-09-05,TLT,0.1336442828178405,0.03030263396786356,0.05344678419647014,0.05344678419647014,0.05344678419647014,0.035617905487609236,0.9643820945123908,1.0,0.05600586137998087,0.05600586137998087,0.6656794142886848,0.0006656794142886848
CAUSAL_LSTM,20,2025-08-06,2025-08-07,2025-09-05,XLE,0.2327271401882171,0.023381974384799564,0.03069198176491314,0.03069198176491314,0.03069198176491314,0.035617905487609236,0.9643820945123908,1.0,0.05600586137998087,0.05600586137998087,0.6656794142886848,0.0006656794142886848
CAUSAL_LSTM,20,2025-08-06,2025-08-07,2025-09-05,XLF,0.2246424555778503,0.027879093617052556,0.03179655922333778,0.03179655922333778,0.03179655922333778,0.035617905487609236,0.9643820945123908,1.0,0.05600586137998087,0.05600586137998087,0.6656794142886848,0.0006656794142886848
CAUSAL_LSTM,20,2025-08-06,2025-08-07,2025-09-05,XLK,0.227951318025589,0.017819681886421055,0.03133501137315342,0.03133501137315342,0.03133501137315342,0.035617905487609236,0.9643820945123908,1.0,0.05600586137998087,0.05600586137998087,0.6656794142886848,0.0006656794142886848
CAUSAL_LSTM,20,2025-08-06,2025-08-07,2025-09-05,XLV,0.1089485362172126,0.17628381869910534,0.06556175411679055,0.06556175411679055,0.06556175411679055,0.035617905487609236,0.9643820945123908,1.0,0.05600586137998087,0.05600586137998087,0.6656794142886848,0.0006656794142886848
CAUSAL_LSTM,21,2025-09-05,2025-09-08,2025-10-06,DBC,0.1215047910809516,0.04567905845599194,0.05878662955848607,0.04912770911276729,0.04912770911276729,0.0,1.0000000000000002,1.0,0.05365671650001701,0.05365671650001701,0.20897051371005676,0.00020897051371005675
CAUSAL_LSTM,21,2025-09-05,2025-09-08,2025-10-06,EEM,0.2406362146139145,0.03818833996499124,0.029683217691557368,0.02480612505316307,0.02480612505316307,0.0,1.0000000000000002,1.0,0.05365671650001701,0.05365671650001701,0.20897051371005676,0.00020897051371005675
CAUSAL_LSTM,21,2025-09-05,2025-09-08,2025-10-06,EFA,0.09010811150074,0.06857877891660101,0.07926985732908723,0.06624544597168179,0.06624544597168179,0.0,1.0000000000000002,1.0,0.05365671650001701,0.05365671650001701,0.20897051371005676,0.00020897051371005675
CAUSAL_LSTM,21,2025-09-05,2025-09-08,2025-10-06,GLD,0.0881136283278465,0.0567275129525114,0.08106415861438077,0.06774493509474619,0.06774493509474619,0.0,1.0000000000000002,1.0,0.05365671650001701,0.05365671650001701,0.20897051371005676,0.00020897051371005675
CAUSAL_LSTM,21,2025-09-05,2025-09-08,2025-10-06,HYG,0.0774699598550796,0.11636538649185581,0.09220163733425242,0.07705247354199003,0.07705247354199003,0.0,1.0000000000000002,1.0,0.05365671650001701,0.05365671650001701,0.20897051371005676,0.00020897051371005675
CAUSAL_LSTM,21,2025-09-05,2025-09-08,2025-10-06,IWM,0.1817847788333892,0.03437726410663051,0.039292933042561116,0.03283691885723576,0.03283691885723576,0.0,1.0000000000000002,1.0,0.05365671650001701,0.05365671650001701,0.20897051371005676,0.00020897051371005675
CAUSAL_LSTM,21,2025-09-05,2025-09-08,2025-10-06,LQD,0.02,0.3036108536284822,0.3571428571428571,0.29846260160162746,0.29846260160162746,0.0,1.0000000000000002,1.0,0.05365671650001701,0.05365671650001701,0.20897051371005676,0.00020897051371005675
CAUSAL_LSTM,21,2025-09-05,2025-09-08,2025-10-06,QQQ,0.1945186555385589,0.038980161306682894,0.03672067917126454,0.03068729842649607,0.03068729842649607,0.0,1.0000000000000002,1.0,0.05365671650001701,0.05365671650001701,0.20897051371005676,0.00020897051371005675
CAUSAL_LSTM,21,2025-09-05,2025-09-08,2025-10-06,SPY,0.0618286579847335,0.04895298278425242,0.11552664048798908,0.09654506868815517,0.09654506868815517,0.0,1.0000000000000002,1.0,0.05365671650001701,0.05365671650001701,0.20897051371005676,0.00020897051371005675
CAUSAL_LSTM,21,2025-09-05,2025-09-08,2025-10-06,TLT,0.1022232249379158,0.05284809155695737,0.06987509098050156,0.05839428403533455,0.05839428403533455,0.0,1.0000000000000002,1.0,0.05365671650001701,0.05365671650001701,0.20897051371005676,0.00020897051371005675
CAUSAL_LSTM,21,2025-09-05,2025-09-08,2025-10-06,XLE,0.1822443902492523,0.030914853419878627,0.039193838192154995,0.03275410575803466,0.03275410575803466,0.0,1.0000000000000002,1.0,0.05365671650001701,0.05365671650001701,0.20897051371005676,0.00020897051371005675
CAUSAL_LSTM,21,2025-09-05,2025-09-08,2025-10-06,XLF,0.0709214881062507,0.03172920782763326,0.10071499250207645,0.0841670443108828,0.0841670443108828,0.0,1.0000000000000002,1.0,0.05365671650001701,0.05365671650001701,0.20897051371005676,0.00020897051371005675
CAUSAL_LSTM,21,2025-09-05,2025-09-08,2025-10-06,XLK,0.2160766422748565,0.030586629269522922,0.03305705358828742,0.027625623802685104,0.027625623802685104,0.0,1.0000000000000002,1.0,0.05365671650001701,0.05365671650001701,0.20897051371005676,0.00020897051371005675
CAUSAL_LSTM,21,2025-09-05,2025-09-08,2025-10-06,XLV,0.1114698648452758,0.06766851302267396,0.0640788176497001,0.053550365745200175,0.053550365745200175,0.0,1.0000000000000002,1.0,0.05365671650001701,0.05365671650001701,0.20897051371005676,0.00020897051371005675
CAUSAL_LSTM,22,2025-10-06,2025-10-07,2025-11-05,DBC,0.1146026328206062,0.04906163017257347,0.06232716445562162,0.06027442057280627,0.06027442057280627,1.1102230246251565e-16,0.9999999999999999,1.0,0.050652883183042695,0.050652883183042695,0.46096459059956374,0.00046096459059956373
CAUSAL_LSTM,22,2025-10-06,2025-10-07,2025-11-05,EEM,0.1532152444124221,0.026030853005465447,0.04661975490917944,0.045084334237566685,0.045084334237566685,1.1102230246251565e-16,0.9999999999999999,1.0,0.050652883183042695,0.050652883183042695,0.46096459059956374,0.00046096459059956373
CAUSAL_LSTM,22,2025-10-06,2025-10-07,2025-11-05,EFA,0.0613723695278167,0.06683548866419504,0.11638555261614399,0.1125523968281732,0.1125523968281732,1.1102230246251565e-16,0.9999999999999999,1.0,0.050652883183042695,0.050652883183042695,0.46096459059956374,0.00046096459059956373
CAUSAL_LSTM,22,2025-10-06,2025-10-07,2025-11-05,GLD,0.1194417625665664,0.07245883462866134,0.05980200718217247,0.05783242930235907,0.05783242930235907,1.1102230246251565e-16,0.9999999999999999,1.0,0.050652883183042695,0.050652883183042695,0.46096459059956374,0.00046096459059956373
CAUSAL_LSTM,22,2025-10-06,2025-10-07,2025-11-05,HYG,0.0383443906903266,0.07521927721184103,0.18628167025898573,0.18014648727024204,0.18014648727024204,1.1102230246251565e-16,0.9999999999999999,1.0,0.050652883183042695,0.050652883183042695,0.46096459059956374,0.00046096459059956373
CAUSAL_LSTM,22,2025-10-06,2025-10-07,2025-11-05,IWM,0.2159829586744308,0.03321634062610571,0.03307139223712631,0.03198218661219714,0.03198218661219714,1.1102230246251565e-16,0.9999999999999999,1.0,0.050652883183042695,0.050652883183042695,0.46096459059956374,0.00046096459059956373
CAUSAL_LSTM,22,2025-10-06,2025-10-07,2025-11-05,LQD,0.0465448275208473,0.2911429439739452,0.15346188874924668,0.148407624591287,0.148407624591287,1.1102230246251565e-16,0.9999999999999999,1.0,0.050652883183042695,0.050652883183042695,0.46096459059956374,0.00046096459059956373
CAUSAL_LSTM,22,2025-10-06,2025-10-07,2025-11-05,QQQ,0.1575718820095062,0.031495176366573056,0.04533078523759854,0.043837816755678397,0.043837816755678397,1.1102230246251565e-16,0.9999999999999999,1.0,0.050652883183042695,0.050652883183042695,0.46096459059956374,0.00046096459059956373
CAUSAL_LSTM,22,2025-10-06,2025-10-07,2025-11-05,SPY,0.055856853723526,0.09761978352446532,0.12787789978669506,0.12366624378040715,0.12366624378040715,1.1102230246251565e-16,0.9999999999999999,1.0,0.050652883183042695,0.050652883183042695,0.46096459059956374,0.00046096459059956373
CAUSAL_LSTM,22,2025-10-06,2025-10-07,2025-11-05,TLT,0.152693897485733,0.05701276540195844,0.046778930006187956,0.045238266906020425,0.045238266906020425,1.1102230246251565e-16,0.9999999999999999,1.0,0.050652883183042695,0.050652883183042695,0.46096459059956374,0.00046096459059956373
CAUSAL_LSTM,22,2025-10-06,2025-10-07,2025-11-05,XLE,0.1632673740386963,0.03283156491455641,0.0437494458700867,0.042308558767797204,0.042308558767797204,1.1102230246251565e-16,0.9999999999999999,1.0,0.050652883183042695,0.050652883183042695,0.46096459059956374,0.00046096459059956373
CAUSAL_LSTM,22,2025-10-06,2025-10-07,2025-11-05,XLF,0.240134596824646,0.08303250886427456,0.029745223042863277,0.028765564732116743,0.028765564732116743,1.1102230246251565e-16,0.9999999999999999,1.0,0.050652883183042695,0.050652883183042695,0.46096459059956374,0.00046096459059956373
CAUSAL_LSTM,22,2025-10-06,2025-10-07,2025-11-05,XLK,0.222000166773796,0.029409513828711556,0.032175008004094244,0.031115324775492267,0.031115324775492267,1.1102230246251565e-16,0.9999999999999999,1.0,0.050652883183042695,0.050652883183042695,0.46096459059956374,0.00046096459059956373
CAUSAL_LSTM,22,2025-10-06,2025-10-07,2025-11-05,XLV,0.1415831446647644,0.05463331881667327,0.050449911673947835,0.04878834486785626,0.04878834486785626,1.1102230246251565e-16,0.9999999999999999,1.0,0.050652883183042695,0.050652883183042695,0.46096459059956374,0.00046096459059956373
CAUSAL_LSTM,23,2025-11-05,2025-11-06,2025-12-08,DBC,0.1040389910340309,0.06060498421403731,0.06865557875816704,0.05997176166600857,0.05997176166600857,0.0,1.0,1.0,0.05619512522163342,0.05619512522163342,0.43105201232946905,0.00043105201232946906
CAUSAL_LSTM,23,2025-11-05,2025-11-06,2025-12-08,EEM,0.1582396477460861,0.04477785431376128,0.045139490921508416,0.039430077500404635,0.039430077500404635,0.0,1.0,1.0,0.05619512522163342,0.05619512522163342,0.43105201232946905,0.00043105201232946906
CAUSAL_LSTM,23,2025-11-05,2025-11-06,2025-12-08,EFA,0.1144774779677391,0.11144723232430376,0.06239530490766115,0.054503310913463957,0.054503310913463957,0.0,1.0,1.0,0.05619512522163342,0.05619512522163342,0.43105201232946905,0.00043105201232946906
CAUSAL_LSTM,23,2025-11-05,2025-11-06,2025-12-08,GLD,0.1637184619903564,0.057370206007185606,0.04362890449873566,0.03811055575780102,0.03811055575780102,0.0,1.0,1.0,0.05619512522163342,0.05619512522163342,0.43105201232946905,0.00043105201232946906
CAUSAL_LSTM,23,2025-11-05,2025-11-06,2025-12-08,HYG,0.0583623647689819,0.18036070540852042,0.12238806928285037,0.10690796370165222,0.10690796370165222,0.0,1.0,1.0,0.05619512522163342,0.05619512522163342,0.43105201232946905,0.00043105201232946906
CAUSAL_LSTM,23,2025-11-05,2025-11-06,2025-12-08,IWM,0.2004983723163604,0.03116231637954023,0.03562551186992502,0.031119462478328447,0.031119462478328447,0.0,1.0,1.0,0.05619512522163342,0.05619512522163342,0.43105201232946905,0.00043105201232946906
CAUSAL_LSTM,23,2025-11-05,2025-11-06,2025-12-08,LQD,0.02,0.14882193321036674,0.3571428571428571,0.31197007871324517,0.31197007871324517,0.0,1.0,1.0,0.05619512522163342,0.05619512522163342,0.43105201232946905,0.00043105201232946906
CAUSAL_LSTM,23,2025-11-05,2025-11-06,2025-12-08,QQQ,0.1986496746540069,0.04447614482364851,0.03595705432338631,0.03140907018917713,0.03140907018917713,0.0,1.0,1.0,0.05619512522163342,0.05619512522163342,0.43105201232946905,0.00043105201232946906
CAUSAL_LSTM,23,2025-11-05,2025-11-06,2025-12-08,SPY,0.0597440116107463,0.12413454636133188,0.11955770880260642,0.10443559791258825,0.10443559791258825,0.0,1.0,1.0,0.05619512522163342,0.05619512522163342,0.43105201232946905,0.00043105201232946906
CAUSAL_LSTM,23,2025-11-05,2025-11-06,2025-12-08,TLT,0.0935359597206115,0.04604060886068622,0.07636482443963366,0.06670591281579585,0.06670591281579585,0.0,1.0,1.0,0.05619512522163342,0.05619512522163342,0.43105201232946905,0.00043105201232946906
CAUSAL_LSTM,23,2025-11-05,2025-11-06,2025-12-08,XLE,0.223132386803627,0.04125571333969298,0.03201174533727991,0.027962778795334802,0.027962778795334802,0.0,1.0,1.0,0.05619512522163342,0.05619512522163342,0.43105201232946905,0.00043105201232946906
CAUSAL_LSTM,23,2025-11-05,2025-11-06,2025-12-08,XLF,0.1041527241468429,0.028193716752487136,0.06858060796169448,0.0599062734592337,0.0599062734592337,0.0,1.0,1.0,0.05619512522163342,0.05619512522163342,0.43105201232946905,0.00043105201232946906
CAUSAL_LSTM,23,2025-11-05,2025-11-06,2025-12-08,XLK,0.2510352730751037,0.031484806480863874,0.02845359958925044,0.02485468076989414,0.02485468076989414,0.0,1.0,1.0,0.05619512522163342,0.05619512522163342,0.43105201232946905,0.00043105201232946906
CAUSAL_LSTM,23,2025-11-05,2025-11-06,2025-12-08,XLV,0.1460791379213333,0.04986923152357376,0.048897174808792486,0.04271247532707204,0.04271247532707204,0.0,1.0,1.0,0.05619512522163342,0.05619512522163342,0.43105201232946905,0.00043105201232946906
CAUSAL_LSTM,24,2025-12-08,2025-12-09,2025-12-31,DBC,0.1938184052705764,0.05976774463678291,0.03685334802381382,0.03685334802381382,0.03685334802381382,0.04965583888639946,0.9503441611136005,1.0,0.05627782674377718,0.05627782674377718,0.5177835012806457,0.0005177835012806456
CAUSAL_LSTM,24,2025-12-08,2025-12-09,2025-12-31,EEM,0.2013494670391082,0.03877564714491719,0.03547492450759645,0.03547492450759645,0.03547492450759645,0.04965583888639946,0.9503441611136005,1.0,0.05627782674377718,0.05627782674377718,0.5177835012806457,0.0005177835012806456
CAUSAL_LSTM,24,2025-12-08,2025-12-09,2025-12-31,EFA,0.2536559104919433,0.05452362935893409,0.028159632192304135,0.028159632192304135,0.028159632192304135,0.04965583888639946,0.9503441611136005,1.0,0.05627782674377718,0.05627782674377718,0.5177835012806457,0.0005177835012806456
CAUSAL_LSTM,24,2025-12-08,2025-12-09,2025-12-31,GLD,0.1443540602922439,0.03965929722381005,0.04948151183552768,0.04948151183552768,0.04948151183552768,0.04965583888639946,0.9503441611136005,1.0,0.05627782674377718,0.05627782674377718,0.5177835012806457,0.0005177835012806456
CAUSAL_LSTM,24,2025-12-08,2025-12-09,2025-12-31,HYG,0.0243699252605438,0.1070108502124581,0.2931013151042284,0.2931013151042284,0.2931013151042284,0.04965583888639946,0.9503441611136005,1.0,0.05627782674377718,0.05627782674377718,0.5177835012806457,0.0005177835012806456
CAUSAL_LSTM,24,2025-12-08,2025-12-09,2025-12-31,IWM,0.2459218800067901,0.0316713744633802,0.029045228275987166,0.029045228275987166,0.029045228275987166,0.04965583888639946,0.9503441611136005,1.0,0.05627782674377718,0.05627782674377718,0.5177835012806457,0.0005177835012806456
CAUSAL_LSTM,24,2025-12-08,2025-12-09,2025-12-31,LQD,0.0399503521621227,0.3106392696399367,0.17879334614800596,0.17879334614800596,0.17879334614800596,0.04965583888639946,0.9503441611136005,1.0,0.05627782674377718,0.05627782674377718,0.5177835012806457,0.0005177835012806456
CAUSAL_LSTM,24,2025-12-08,2025-12-09,2025-12-31,QQQ,0.1148349642753601,0.031337743611587775,0.06220106557206263,0.06220106557206263,0.06220106557206263,0.04965583888639946,0.9503441611136005,1.0,0.05627782674377718,0.05627782674377718,0.5177835012806457,0.0005177835012806456
CAUSAL_LSTM,24,2025-12-08,2025-12-09,2025-12-31,SPY,0.1871322244405746,0.10444175376677341,0.03817010760284858,0.03817010760284858,0.03817010760284858,0.04965583888639946,0.9503441611136005,1.0,0.05627782674377718,0.05627782674377718,0.5177835012806457,0.0005177835012806456
CAUSAL_LSTM,24,2025-12-08,2025-12-09,2025-12-31,TLT,0.1109627485275268,0.06540064312007553,0.0643716674076904,0.0643716674076904,0.0643716674076904,0.04965583888639946,0.9503441611136005,1.0,0.05627782674377718,0.05627782674377718,0.5177835012806457,0.0005177835012806456
CAUSAL_LSTM,24,2025-12-08,2025-12-09,2025-12-31,XLE,0.282355934381485,0.028495051305454405,0.0252973508720613,0.0252973508720613,0.0252973508720613,0.04965583888639946,0.9503441611136005,1.0,0.05627782674377718,0.05627782674377718,0.5177835012806457,0.0005177835012806456
CAUSAL_LSTM,24,2025-12-08,2025-12-09,2025-12-31,XLF,0.2096637189388275,0.060238321772270995,0.034068160094695155,0.034068160094695155,0.034068160094695155,0.04965583888639946,0.9503441611136005,1.0,0.05627782674377718,0.05627782674377718,0.5177835012806457,0.0005177835012806456
CAUSAL_LSTM,24,2025-12-08,2025-12-09,2025-12-31,XLK,0.2222253531217575,0.024919283293373142,0.032142404286983235,0.032142404286983235,0.032142404286983235,0.04965583888639946,0.9503441611136005,1.0,0.05627782674377718,0.05627782674377718,0.5177835012806457,0.0005177835012806456
CAUSAL_LSTM,24,2025-12-08,2025-12-09,2025-12-31,XLV,0.1654047966003418,0.0431193904502454,0.043184099189795704,0.043184099189795704,0.043184099189795704,0.04965583888639946,0.9503441611136005,1.0,0.05627782674377718,0.05627782674377718,0.5177835012806457,0.0005177835012806456
