date,ticker,model,y_true,y_pred
2024-10-16,SPY,XGBOOST_H3_WITH_SENT,0.13366785975628412,0.11207547783851624
2024-10-17,SPY,XGBOOST_H3_WITH_SENT,0.13641657014560662,0.11021612584590912
2024-10-18,SPY,XGBOOST_H3_WITH_SENT,0.1443875543931977,0.10411081463098526
2024-10-21,SPY,XGBOOST_H3_WITH_SENT,0.14490284447804758,0.11201421171426773
2024-10-22,SPY,XGBOOST_H3_WITH_SENT,0.14531107264448642,0.12062039971351624
2024-10-23,SPY,XGBOOST_H3_WITH_SENT,0.14067343887695874,0.12148411571979523
2024-10-24,SPY,XGBOOST_H3_WITH_SENT,0.141456158786216,0.12179562449455261
2024-10-25,SPY,XGBOOST_H3_WITH_SENT,0.141474942559915,0.12031549960374832
2024-10-28,SPY,XGBOOST_H3_WITH_SENT,0.14152626336886157,0.12445998936891556
2024-10-29,SPY,XGBOOST_H3_WITH_SENT,0.14216600740290905,0.1216839998960495
2024-10-30,SPY,XGBOOST_H3_WITH_SENT,0.14216802350078928,0.12281964719295502
2024-10-31,SPY,XGBOOST_H3_WITH_SENT,0.11820837078276973,0.11634921282529831
2024-11-01,SPY,XGBOOST_H3_WITH_SENT,0.11816339681000597,0.12577976286411285
2024-11-04,SPY,XGBOOST_H3_WITH_SENT,0.11707410664678283,0.11303013563156128
2024-11-05,SPY,XGBOOST_H3_WITH_SENT,0.11280681629713774,0.10686741024255753
2024-11-06,SPY,XGBOOST_H3_WITH_SENT,0.0782454374168176,0.1143915057182312
2024-11-07,SPY,XGBOOST_H3_WITH_SENT,0.07457634703192904,0.1001277044415474
2024-11-08,SPY,XGBOOST_H3_WITH_SENT,0.07656886440157813,0.09298158437013626
2024-11-12,SPY,XGBOOST_H3_WITH_SENT,0.08068937920095309,0.10104167461395264
2024-11-13,SPY,XGBOOST_H3_WITH_SENT,0.0834975569813715,0.1044471263885498
2024-11-14,SPY,XGBOOST_H3_WITH_SENT,0.07934715320642763,0.10952264070510864
2024-11-15,SPY,XGBOOST_H3_WITH_SENT,0.06103190261797603,0.11454211175441742
2024-11-18,SPY,XGBOOST_H3_WITH_SENT,0.06378888582029253,0.10559044778347015
2024-11-19,SPY,XGBOOST_H3_WITH_SENT,0.1284116573433917,0.10145208239555359
2024-11-20,SPY,XGBOOST_H3_WITH_SENT,0.1283867291770063,0.1051253005862236
2024-11-21,SPY,XGBOOST_H3_WITH_SENT,0.13427659015233764,0.11305484920740128
2024-11-22,SPY,XGBOOST_H3_WITH_SENT,0.1355503679874367,0.10894283652305603
2024-11-25,SPY,XGBOOST_H3_WITH_SENT,0.1406528147277334,0.10244064778089523
2024-11-26,SPY,XGBOOST_H3_WITH_SENT,0.1395414643331091,0.10266255587339401
2024-11-27,SPY,XGBOOST_H3_WITH_SENT,0.14436863253241713,0.10502354055643082
2024-11-29,SPY,XGBOOST_H3_WITH_SENT,0.14765648521756633,0.10067135840654373
2024-12-02,SPY,XGBOOST_H3_WITH_SENT,0.14753716257357835,0.10005977004766464
2024-12-03,SPY,XGBOOST_H3_WITH_SENT,0.14743662329411603,0.10010141134262085
2024-12-04,SPY,XGBOOST_H3_WITH_SENT,0.1532703308401107,0.10520675778388977
2024-12-05,SPY,XGBOOST_H3_WITH_SENT,0.1551806515048676,0.10374516993761063
2024-12-06,SPY,XGBOOST_H3_WITH_SENT,0.15924613913401003,0.11051517724990845
2024-12-09,SPY,XGBOOST_H3_WITH_SENT,0.15892487761902233,0.11301922053098679
2024-12-10,SPY,XGBOOST_H3_WITH_SENT,0.16675934520782557,0.11304466426372528
2024-12-11,SPY,XGBOOST_H3_WITH_SENT,0.16355004016700087,0.11452282220125198
2024-12-12,SPY,XGBOOST_H3_WITH_SENT,0.1635321667517067,0.12801556289196014
2024-12-13,SPY,XGBOOST_H3_WITH_SENT,0.17791288090815777,0.1329643875360489
2024-12-16,SPY,XGBOOST_H3_WITH_SENT,0.1769374303702228,0.12750831246376038
2024-12-17,SPY,XGBOOST_H3_WITH_SENT,0.18078382888139197,0.13603372871875763
2024-12-18,SPY,XGBOOST_H3_WITH_SENT,0.14498861016691197,0.13371850550174713
2024-12-19,SPY,XGBOOST_H3_WITH_SENT,0.14548715968362913,0.13631245493888855
2024-12-20,SPY,XGBOOST_H3_WITH_SENT,0.14129296323856422,0.12539008259773254
2024-12-23,SPY,XGBOOST_H3_WITH_SENT,0.1411285054552132,0.12533149123191833
2024-12-24,SPY,XGBOOST_H3_WITH_SENT,0.14596293261359006,0.11582012474536896
2024-12-26,SPY,XGBOOST_H3_WITH_SENT,0.149212506534159,0.1186356171965599
2024-12-27,SPY,XGBOOST_H3_WITH_SENT,0.14484353651069853,0.12239614874124527
2024-12-30,SPY,XGBOOST_H3_WITH_SENT,0.13845967319846583,0.12769922614097595
2024-12-31,SPY,XGBOOST_H3_WITH_SENT,0.13940548937038497,0.13063785433769226
2025-01-02,SPY,XGBOOST_H3_WITH_SENT,0.14176393886177058,0.13126231729984283
2025-01-03,SPY,XGBOOST_H3_WITH_SENT,0.13707398792052247,0.12895792722702026
2025-01-06,SPY,XGBOOST_H3_WITH_SENT,0.13639646561367016,0.12913191318511963
2025-01-07,SPY,XGBOOST_H3_WITH_SENT,0.1288906400804066,0.1370285004377365
2025-01-08,SPY,XGBOOST_H3_WITH_SENT,0.1343474406722921,0.13047218322753906
2025-01-10,SPY,XGBOOST_H3_WITH_SENT,0.1209752682345623,0.14369919896125793
2025-01-13,SPY,XGBOOST_H3_WITH_SENT,0.12105143811412197,0.1498696655035019
2025-01-14,SPY,XGBOOST_H3_WITH_SENT,0.122468420669646,0.14221280813217163
2025-01-15,SPY,XGBOOST_H3_WITH_SENT,0.11167026811702632,0.1461535096168518
2025-01-16,SPY,XGBOOST_H3_WITH_SENT,0.11112446267738903,0.1386224627494812
2025-01-17,SPY,XGBOOST_H3_WITH_SENT,0.10671198170031024,0.1306152641773224
2025-01-21,SPY,XGBOOST_H3_WITH_SENT,0.10264329443904231,0.13109081983566284
2025-01-22,SPY,XGBOOST_H3_WITH_SENT,0.10245344119317204,0.12949925661087036
2025-01-23,SPY,XGBOOST_H3_WITH_SENT,0.11791792092653453,0.1352297067642212
2025-01-24,SPY,XGBOOST_H3_WITH_SENT,0.11844904717906282,0.12888790667057037
2025-01-27,SPY,XGBOOST_H3_WITH_SENT,0.10876773619439357,0.13499601185321808
2025-01-28,SPY,XGBOOST_H3_WITH_SENT,0.10357690155574427,0.13819870352745056
2025-01-29,SPY,XGBOOST_H3_WITH_SENT,0.11640049820378778,0.1373267024755478
2025-01-30,SPY,XGBOOST_H3_WITH_SENT,0.1290769475678872,0.13916859030723572
2025-01-31,SPY,XGBOOST_H3_WITH_SENT,0.14152531537914045,0.13488894701004028
2025-02-03,SPY,XGBOOST_H3_WITH_SENT,0.14518749058340868,0.13552850484848022
2025-02-04,SPY,XGBOOST_H3_WITH_SENT,0.14893220114358205,0.1357903629541397
2025-02-05,SPY,XGBOOST_H3_WITH_SENT,0.15804527402108076,0.12675948441028595
2025-02-06,SPY,XGBOOST_H3_WITH_SENT,0.1593128631050855,0.13142932951450348
2025-02-07,SPY,XGBOOST_H3_WITH_SENT,0.1802802337986077,0.13568532466888428
2025-02-10,SPY,XGBOOST_H3_WITH_SENT,0.17685554477867865,0.13584628701210022
2025-02-11,SPY,XGBOOST_H3_WITH_SENT,0.179262801331437,0.1472005695104599
2025-02-12,SPY,XGBOOST_H3_WITH_SENT,0.18231188763388523,0.14812634885311127
2025-02-13,SPY,XGBOOST_H3_WITH_SENT,0.19606212526983302,0.1412709653377533
2025-02-14,SPY,XGBOOST_H3_WITH_SENT,0.20001109273547565,0.14578881859779358
2025-02-18,SPY,XGBOOST_H3_WITH_SENT,0.20001636205801832,0.15076763927936554
2025-02-19,SPY,XGBOOST_H3_WITH_SENT,0.20593810143438135,0.15021660923957825
2025-02-20,SPY,XGBOOST_H3_WITH_SENT,0.20596424502893257,0.13942950963974
2025-02-21,SPY,XGBOOST_H3_WITH_SENT,0.20012872372303614,0.1536986380815506
2025-02-24,SPY,XGBOOST_H3_WITH_SENT,0.2129890891404105,0.14789140224456787
2025-02-25,SPY,XGBOOST_H3_WITH_SENT,0.21314908853038533,0.1554226577281952
2025-02-26,SPY,XGBOOST_H3_WITH_SENT,0.21622957223826814,0.15370328724384308
2025-02-27,SPY,XGBOOST_H3_WITH_SENT,0.2098499334629244,0.1482734978199005
2025-02-28,SPY,XGBOOST_H3_WITH_SENT,0.2101304336805726,0.15141023695468903
2025-03-03,SPY,XGBOOST_H3_WITH_SENT,0.2056213114557326,0.1523851752281189
2025-03-04,SPY,XGBOOST_H3_WITH_SENT,0.2028198508458972,0.1585502028465271
2025-03-05,SPY,XGBOOST_H3_WITH_SENT,0.19997577676990194,0.15241405367851257
2025-03-06,SPY,XGBOOST_H3_WITH_SENT,0.26006657358324964,0.15487782657146454
2025-03-07,SPY,XGBOOST_H3_WITH_SENT,0.3274030372108872,0.15144656598567963
2025-03-10,SPY,XGBOOST_H3_WITH_SENT,0.3184688047840861,0.15203659236431122
2025-03-11,SPY,XGBOOST_H3_WITH_SENT,0.32055301908198264,0.1703871786594391
2025-03-12,SPY,XGBOOST_H3_WITH_SENT,0.4924702515306555,0.15499602258205414
2025-03-13,SPY,XGBOOST_H3_WITH_SENT,0.5152365541812697,0.15377044677734375
2025-03-14,SPY,XGBOOST_H3_WITH_SENT,0.513708517978985,0.17646336555480957
2025-03-17,SPY,XGBOOST_H3_WITH_SENT,0.5142736164186054,0.17657983303070068
2025-03-18,SPY,XGBOOST_H3_WITH_SENT,0.5133050780115719,0.17483656108379364
2025-03-19,SPY,XGBOOST_H3_WITH_SENT,0.5158889866295533,0.1735723316669464
2025-03-20,SPY,XGBOOST_H3_WITH_SENT,0.5162003706901672,0.16499464213848114
2025-03-21,SPY,XGBOOST_H3_WITH_SENT,0.521096038382067,0.16814343631267548
2025-03-24,SPY,XGBOOST_H3_WITH_SENT,0.5263552363441533,0.1664724200963974
2025-03-25,SPY,XGBOOST_H3_WITH_SENT,0.5305299483906587,0.16672739386558533
2025-03-26,SPY,XGBOOST_H3_WITH_SENT,0.5364046683266049,0.16676108539104462
2025-03-27,SPY,XGBOOST_H3_WITH_SENT,0.5373758046908687,0.16785365343093872
2025-03-28,SPY,XGBOOST_H3_WITH_SENT,0.5327375884178915,0.17061106860637665
2025-03-31,SPY,XGBOOST_H3_WITH_SENT,0.5326667064807427,0.1729649305343628
2025-04-01,SPY,XGBOOST_H3_WITH_SENT,0.5325384798142789,0.1700509488582611
2025-04-02,SPY,XGBOOST_H3_WITH_SENT,0.5326744134900682,0.17016427218914032
2025-04-03,SPY,XGBOOST_H3_WITH_SENT,0.5008552900173643,0.15704552829265594
2025-04-04,SPY,XGBOOST_H3_WITH_SENT,0.4439663381206718,0.35081684589385986
2025-04-07,SPY,XGBOOST_H3_WITH_SENT,0.44601084393855595,0.3716103434562683
2025-04-08,SPY,XGBOOST_H3_WITH_SENT,0.43917343723964125,0.2708352506160736
2025-04-09,SPY,XGBOOST_H3_WITH_SENT,0.26572373324257387,0.3363015353679657
2025-04-10,SPY,XGBOOST_H3_WITH_SENT,0.20258277112842749,0.43478065729141235
2025-04-11,SPY,XGBOOST_H3_WITH_SENT,0.2221018419000746,0.4151425361633301
2025-04-14,SPY,XGBOOST_H3_WITH_SENT,0.22140338488248743,0.4152640998363495
2025-04-15,SPY,XGBOOST_H3_WITH_SENT,0.22015109047321987,0.4175157845020294
2025-04-16,SPY,XGBOOST_H3_WITH_SENT,0.19585370800698718,0.4532155394554138
2025-04-17,SPY,XGBOOST_H3_WITH_SENT,0.19516903932892923,0.432774156332016
2025-04-21,SPY,XGBOOST_H3_WITH_SENT,0.1610673750021826,0.29109567403793335
2025-04-22,SPY,XGBOOST_H3_WITH_SENT,0.14973819162190966,0.2671545743942261
2025-04-23,SPY,XGBOOST_H3_WITH_SENT,0.16569843963385728,0.2738039195537567
2025-04-24,SPY,XGBOOST_H3_WITH_SENT,0.1540361399805229,0.22864080965518951
2025-04-25,SPY,XGBOOST_H3_WITH_SENT,0.15726420587334095,0.2247409075498581
2025-04-28,SPY,XGBOOST_H3_WITH_SENT,0.16948526069527087,0.23692727088928223
2025-04-29,SPY,XGBOOST_H3_WITH_SENT,0.17228866746885824,0.23116545379161835
2025-04-30,SPY,XGBOOST_H3_WITH_SENT,0.17205760111896237,0.2261928915977478
2025-05-01,SPY,XGBOOST_H3_WITH_SENT,0.1720118084760766,0.22288356721401215
2025-05-02,SPY,XGBOOST_H3_WITH_SENT,0.16650335272432126,0.2191089391708374
2025-05-05,SPY,XGBOOST_H3_WITH_SENT,0.1641575010382074,0.22645720839500427
2025-05-06,SPY,XGBOOST_H3_WITH_SENT,0.1592632360053639,0.23959733545780182
2025-05-07,SPY,XGBOOST_H3_WITH_SENT,0.16173965224231068,0.23164337873458862
2025-05-08,SPY,XGBOOST_H3_WITH_SENT,0.16327135223649766,0.2369777262210846
2025-05-09,SPY,XGBOOST_H3_WITH_SENT,0.16271015844049308,0.23254147171974182
2025-05-12,SPY,XGBOOST_H3_WITH_SENT,0.12067903496763864,0.22810178995132446
2025-05-13,SPY,XGBOOST_H3_WITH_SENT,0.1202583277583022,0.236151784658432
2025-05-14,SPY,XGBOOST_H3_WITH_SENT,0.12065287661120125,0.2219841182231903
2025-05-15,SPY,XGBOOST_H3_WITH_SENT,0.12777486643876895,0.21750596165657043
2025-05-16,SPY,XGBOOST_H3_WITH_SENT,0.1301315734608339,0.22473537921905518
2025-05-19,SPY,XGBOOST_H3_WITH_SENT,0.13421976738837407,0.22819764912128448
2025-05-20,SPY,XGBOOST_H3_WITH_SENT,0.13356180981704444,0.2552521228790283
2025-05-21,SPY,XGBOOST_H3_WITH_SENT,0.11742904002993193,0.2591719627380371
2025-05-22,SPY,XGBOOST_H3_WITH_SENT,0.12136767220736683,0.24661360681056976
2025-05-23,SPY,XGBOOST_H3_WITH_SENT,0.12143271502815368,0.24300941824913025
2025-05-27,SPY,XGBOOST_H3_WITH_SENT,0.10092519947324488,0.2289566993713379
2025-05-28,SPY,XGBOOST_H3_WITH_SENT,0.09944076028596958,0.24484014511108398
2025-05-29,SPY,XGBOOST_H3_WITH_SENT,0.09974696512976244,0.228165864944458
2025-05-30,SPY,XGBOOST_H3_WITH_SENT,0.09932884813503765,0.2543067932128906
2025-06-02,SPY,XGBOOST_H3_WITH_SENT,0.0990986999875451,0.23168838024139404
2025-06-03,SPY,XGBOOST_H3_WITH_SENT,0.09864223149057173,0.23652778565883636
2025-06-04,SPY,XGBOOST_H3_WITH_SENT,0.10019952746265834,0.22853867709636688
2025-06-05,SPY,XGBOOST_H3_WITH_SENT,0.10317353542258108,0.2344234138727188
2025-06-06,SPY,XGBOOST_H3_WITH_SENT,0.09939711691150922,0.2266002744436264
2025-06-09,SPY,XGBOOST_H3_WITH_SENT,0.10035909915771475,0.22907130420207977
2025-06-10,SPY,XGBOOST_H3_WITH_SENT,0.09954358851738322,0.17721375823020935
2025-06-11,SPY,XGBOOST_H3_WITH_SENT,0.10000092772866773,0.1754312515258789
2025-06-12,SPY,XGBOOST_H3_WITH_SENT,0.09972105822944098,0.18092641234397888
2025-06-13,SPY,XGBOOST_H3_WITH_SENT,0.09019466036947844,0.17068974673748016
2025-06-16,SPY,XGBOOST_H3_WITH_SENT,0.0861862889275232,0.1721290498971939
2025-06-17,SPY,XGBOOST_H3_WITH_SENT,0.07785006484398833,0.16576099395751953
2025-06-18,SPY,XGBOOST_H3_WITH_SENT,0.07815329505968416,0.17165525257587433
2025-06-20,SPY,XGBOOST_H3_WITH_SENT,0.07600318094019531,0.17767296731472015
2025-06-23,SPY,XGBOOST_H3_WITH_SENT,0.07181865590866776,0.17935897409915924
2025-06-24,SPY,XGBOOST_H3_WITH_SENT,0.06826797477649471,0.1749846339225769
2025-06-25,SPY,XGBOOST_H3_WITH_SENT,0.06834628453410416,0.17358362674713135
2025-06-26,SPY,XGBOOST_H3_WITH_SENT,0.06558644775324937,0.17360585927963257
2025-06-27,SPY,XGBOOST_H3_WITH_SENT,0.06509781970857667,0.1800980418920517
2025-06-30,SPY,XGBOOST_H3_WITH_SENT,0.06586392577526451,0.1689167022705078
2025-07-01,SPY,XGBOOST_H3_WITH_SENT,0.06626955736786093,0.17248111963272095
2025-07-02,SPY,XGBOOST_H3_WITH_SENT,0.06750635129019071,0.17001204192638397
2025-07-03,SPY,XGBOOST_H3_WITH_SENT,0.08699697225989123,0.1701887845993042
2025-07-07,SPY,XGBOOST_H3_WITH_SENT,0.09839109524123761,0.17720603942871094
2025-07-08,SPY,XGBOOST_H3_WITH_SENT,0.10053185714663875,0.18641623854637146
2025-07-09,SPY,XGBOOST_H3_WITH_SENT,0.10186374401113382,0.20103749632835388
2025-07-10,SPY,XGBOOST_H3_WITH_SENT,0.10167958107418647,0.14998380839824677
2025-07-11,SPY,XGBOOST_H3_WITH_SENT,0.10361887649063652,0.15563055872917175
2025-07-14,SPY,XGBOOST_H3_WITH_SENT,0.10412246020505113,0.16615815460681915
2025-07-15,SPY,XGBOOST_H3_WITH_SENT,0.10766290276599562,0.14189453423023224
2025-07-16,SPY,XGBOOST_H3_WITH_SENT,0.10768005877118081,0.1483164280653
2025-07-17,SPY,XGBOOST_H3_WITH_SENT,0.10647572251236379,0.14992211759090424
2025-07-18,SPY,XGBOOST_H3_WITH_SENT,0.10704152193411604,0.1520632803440094
2025-07-21,SPY,XGBOOST_H3_WITH_SENT,0.10713484433745231,0.1535169929265976
2025-07-22,SPY,XGBOOST_H3_WITH_SENT,0.10962934282013924,0.16165249049663544
2025-07-23,SPY,XGBOOST_H3_WITH_SENT,0.10645807156586193,0.16410377621650696
2025-07-24,SPY,XGBOOST_H3_WITH_SENT,0.10755938688797291,0.16938424110412598
2025-07-25,SPY,XGBOOST_H3_WITH_SENT,0.11961289267804441,0.1619618535041809
2025-07-28,SPY,XGBOOST_H3_WITH_SENT,0.12092816239405736,0.18440786004066467
2025-07-29,SPY,XGBOOST_H3_WITH_SENT,0.12105216677674333,0.16867123544216156
2025-07-30,SPY,XGBOOST_H3_WITH_SENT,0.12091506243637622,0.16577397286891937
2025-07-31,SPY,XGBOOST_H3_WITH_SENT,0.1199158247391699,0.18226365745067596
2025-08-01,SPY,XGBOOST_H3_WITH_SENT,0.10387714885555177,0.20828761160373688
2025-08-04,SPY,XGBOOST_H3_WITH_SENT,0.09628060687606392,0.19639034569263458
2025-08-05,SPY,XGBOOST_H3_WITH_SENT,0.09509306496088253,0.20267954468727112
2025-08-06,SPY,XGBOOST_H3_WITH_SENT,0.0957394844174268,0.21119987964630127
2025-08-07,SPY,XGBOOST_H3_WITH_SENT,0.09661897155342052,0.20245543122291565
2025-08-08,SPY,XGBOOST_H3_WITH_SENT,0.09360181654837323,0.20204050838947296
2025-08-11,SPY,XGBOOST_H3_WITH_SENT,0.09308492116019004,0.19705505669116974
2025-08-12,SPY,XGBOOST_H3_WITH_SENT,0.08647266222126768,0.16269958019256592
2025-08-13,SPY,XGBOOST_H3_WITH_SENT,0.09011452201938708,0.16325831413269043
2025-08-14,SPY,XGBOOST_H3_WITH_SENT,0.0901830008610953,0.16444501280784607
2025-08-15,SPY,XGBOOST_H3_WITH_SENT,0.0905591184919509,0.17708368599414825
2025-08-18,SPY,XGBOOST_H3_WITH_SENT,0.0909166009205396,0.17493192851543427
2025-08-19,SPY,XGBOOST_H3_WITH_SENT,0.08797442436721647,0.173225536942482
2025-08-20,SPY,XGBOOST_H3_WITH_SENT,0.08722742288028895,0.17395518720149994
2025-08-21,SPY,XGBOOST_H3_WITH_SENT,0.08499007975849075,0.1770603060722351
2025-08-22,SPY,XGBOOST_H3_WITH_SENT,0.07076869206802168,0.16389168798923492
2025-08-25,SPY,XGBOOST_H3_WITH_SENT,0.07206970079988691,0.1674167960882187
2025-08-26,SPY,XGBOOST_H3_WITH_SENT,0.07347520812361638,0.16393525898456573
2025-08-27,SPY,XGBOOST_H3_WITH_SENT,0.0763585524513417,0.166280597448349
2025-08-28,SPY,XGBOOST_H3_WITH_SENT,0.07769182167521856,0.16458570957183838
2025-08-29,SPY,XGBOOST_H3_WITH_SENT,0.07316433228332313,0.16506098210811615
2025-09-02,SPY,XGBOOST_H3_WITH_SENT,0.06526585130165108,0.17577725648880005
2025-09-03,SPY,XGBOOST_H3_WITH_SENT,0.06430974838704727,0.17316557466983795
2025-09-04,SPY,XGBOOST_H3_WITH_SENT,0.05987593115746621,0.171159565448761
2025-09-05,SPY,XGBOOST_H3_WITH_SENT,0.057799017851066274,0.1389792412519455
2025-09-08,SPY,XGBOOST_H3_WITH_SENT,0.05810345764012421,0.1430485099554062
2025-09-09,SPY,XGBOOST_H3_WITH_SENT,0.06133528355350295,0.14139318466186523
2025-09-10,SPY,XGBOOST_H3_WITH_SENT,0.06314528857033493,0.14588484168052673
2025-09-11,SPY,XGBOOST_H3_WITH_SENT,0.0601361609272244,0.14147883653640747
2025-09-12,SPY,XGBOOST_H3_WITH_SENT,0.11796955419765216,0.13828665018081665
2025-09-15,SPY,XGBOOST_H3_WITH_SENT,0.12885962599709902,0.14860545098781586
2025-09-16,SPY,XGBOOST_H3_WITH_SENT,0.1288339786120433,0.15531359612941742
2025-09-17,SPY,XGBOOST_H3_WITH_SENT,0.12950057598191725,0.1605156511068344
2025-09-18,SPY,XGBOOST_H3_WITH_SENT,0.13112600791695045,0.16010843217372894
2025-09-19,SPY,XGBOOST_H3_WITH_SENT,0.13150881020034935,0.16441622376441956
2025-09-22,SPY,XGBOOST_H3_WITH_SENT,0.13561058926175845,0.18860727548599243
2025-09-23,SPY,XGBOOST_H3_WITH_SENT,0.1338928513759678,0.18630369007587433
2025-09-24,SPY,XGBOOST_H3_WITH_SENT,0.13484351679427806,0.19102491438388824
2025-09-25,SPY,XGBOOST_H3_WITH_SENT,0.13471554198783942,0.1889750361442566
2025-09-26,SPY,XGBOOST_H3_WITH_SENT,0.13610227120473695,0.19128535687923431
2025-09-29,SPY,XGBOOST_H3_WITH_SENT,0.14113232729504147,0.18960464000701904
2025-09-30,SPY,XGBOOST_H3_WITH_SENT,0.14096205038567275,0.18881270289421082
2025-10-01,SPY,XGBOOST_H3_WITH_SENT,0.14083253175794505,0.19640272855758667
2025-10-02,SPY,XGBOOST_H3_WITH_SENT,0.14762097226908003,0.1926456242799759
2025-10-03,SPY,XGBOOST_H3_WITH_SENT,0.14784581491818308,0.16276784241199493
2025-10-06,SPY,XGBOOST_H3_WITH_SENT,0.14756734134932623,0.16135616600513458
2025-10-07,SPY,XGBOOST_H3_WITH_SENT,0.1536973730475357,0.15867769718170166
2025-10-08,SPY,XGBOOST_H3_WITH_SENT,0.15277014095898128,0.15964306890964508
2025-10-09,SPY,XGBOOST_H3_WITH_SENT,0.15747526941249368,0.18782536685466766
2025-10-10,SPY,XGBOOST_H3_WITH_SENT,0.11986428109514802,0.1811770498752594
2025-10-14,SPY,XGBOOST_H3_WITH_SENT,0.11990225556380409,0.16194327175617218
2025-10-15,SPY,XGBOOST_H3_WITH_SENT,0.11945335523927698,0.1766047179698944
2025-10-16,SPY,XGBOOST_H3_WITH_SENT,0.13286501996482833,0.19450117647647858
2025-10-17,SPY,XGBOOST_H3_WITH_SENT,0.13167458129138854,0.18224342167377472
2025-10-20,SPY,XGBOOST_H3_WITH_SENT,0.13083478598079393,0.19078338146209717
2025-10-21,SPY,XGBOOST_H3_WITH_SENT,0.13386529510714162,0.21865317225456238
2025-10-22,SPY,XGBOOST_H3_WITH_SENT,0.13380862130649207,0.2299649566411972
2025-10-23,SPY,XGBOOST_H3_WITH_SENT,0.1416007967532943,0.2185281366109848
2025-10-24,SPY,XGBOOST_H3_WITH_SENT,0.1433226124683011,0.22568997740745544
2025-10-27,SPY,XGBOOST_H3_WITH_SENT,0.14712983085787606,0.2328345626592636
2025-10-28,SPY,XGBOOST_H3_WITH_SENT,0.15133907721370138,0.3844270408153534
2025-10-29,SPY,XGBOOST_H3_WITH_SENT,0.15378923838320843,0.2027048021554947
2025-10-30,SPY,XGBOOST_H3_WITH_SENT,0.14996105020020128,0.38595664501190186
2025-10-31,SPY,XGBOOST_H3_WITH_SENT,0.15045695285620636,0.22623446583747864
2025-11-03,SPY,XGBOOST_H3_WITH_SENT,0.1504526549260908,0.20264530181884766
2025-11-04,SPY,XGBOOST_H3_WITH_SENT,0.1442421438631058,0.22614262998104095
2025-11-05,SPY,XGBOOST_H3_WITH_SENT,0.1438585269751836,0.2185899168252945
2025-11-06,SPY,XGBOOST_H3_WITH_SENT,0.13756702556622796,0.22885221242904663
2025-11-07,SPY,XGBOOST_H3_WITH_SENT,0.13835270258002347,0.22868357598781586
2025-11-10,SPY,XGBOOST_H3_WITH_SENT,0.12727758476515083,0.20261529088020325
2025-11-12,SPY,XGBOOST_H3_WITH_SENT,0.12935910032350406,0.20757035911083221
2025-11-13,SPY,XGBOOST_H3_WITH_SENT,0.1203347583623272,0.214943990111351
2025-11-14,SPY,XGBOOST_H3_WITH_SENT,0.12056074561782466,0.2170083075761795
2025-11-17,SPY,XGBOOST_H3_WITH_SENT,0.11545021554788557,0.21934300661087036
2025-11-18,SPY,XGBOOST_H3_WITH_SENT,0.1186306515301543,0.2282467484474182
2025-11-19,SPY,XGBOOST_H3_WITH_SENT,0.12056138964084155,0.22099578380584717
2025-11-20,SPY,XGBOOST_H3_WITH_SENT,0.10687852432035534,0.36346933245658875
2025-11-21,SPY,XGBOOST_H3_WITH_SENT,0.10413274079722719,0.35798755288124084
2025-11-24,SPY,XGBOOST_H3_WITH_SENT,0.09365976408626599,0.3194947838783264
2025-11-25,SPY,XGBOOST_H3_WITH_SENT,0.08940586766687655,0.32331109046936035
2025-11-26,SPY,XGBOOST_H3_WITH_SENT,0.08700061392933467,0.23244203627109528
2025-11-28,SPY,XGBOOST_H3_WITH_SENT,0.08667205882378452,0.30862537026405334
2025-12-01,SPY,XGBOOST_H3_WITH_SENT,0.08487998221078318,0.22225229442119598
2025-12-02,SPY,XGBOOST_H3_WITH_SENT,0.08940503770963246,0.3387988805770874
2025-12-03,SPY,XGBOOST_H3_WITH_SENT,0.08879808773056376,0.3370060920715332
2025-12-04,SPY,XGBOOST_H3_WITH_SENT,0.09178470290896676,0.3311731517314911
2025-12-05,SPY,XGBOOST_H3_WITH_SENT,0.0937576163215622,0.3481075167655945
2025-12-08,SPY,XGBOOST_H3_WITH_SENT,0.09387278065179513,0.3496430814266205
2025-12-09,SPY,XGBOOST_H3_WITH_SENT,0.09375618179763544,0.3532375693321228
2025-12-10,SPY,XGBOOST_H3_WITH_SENT,0.09374034938983009,0.35143980383872986
2025-12-11,SPY,XGBOOST_H3_WITH_SENT,0.09359627230760294,0.3415849804878235
2025-12-12,SPY,XGBOOST_H3_WITH_SENT,0.08412142224103006,0.3544517755508423
2025-12-15,SPY,XGBOOST_H3_WITH_SENT,0.08632983671154014,0.3447921574115753
2025-12-16,SPY,XGBOOST_H3_WITH_SENT,0.08549217434095335,0.34526267647743225
2025-12-17,SPY,XGBOOST_H3_WITH_SENT,0.07294240004385917,0.39151647686958313
2025-12-18,SPY,XGBOOST_H3_WITH_SENT,0.10428074852992539,0.39650073647499084
2025-12-19,SPY,XGBOOST_H3_WITH_SENT,0.10734179735509206,0.3522477447986603
2025-12-22,SPY,XGBOOST_H3_WITH_SENT,0.10667395013496248,0.34650903940200806
2025-12-23,SPY,XGBOOST_H3_WITH_SENT,0.1054856850527175,0.29361578822135925
2025-12-24,SPY,XGBOOST_H3_WITH_SENT,0.10629479372204263,0.290860652923584
2025-12-26,SPY,XGBOOST_H3_WITH_SENT,0.10713892131697007,0.2976454794406891
2025-12-29,SPY,XGBOOST_H3_WITH_SENT,0.10614830288104406,0.33876174688339233
2025-12-30,SPY,XGBOOST_H3_WITH_SENT,0.10635179157042272,0.4406510293483734
2025-12-31,SPY,XGBOOST_H3_WITH_SENT,0.10306477952433298,0.4017024338245392
2024-10-16,QQQ,XGBOOST_H3_WITH_SENT,0.17440254530169183,0.1370019167661667
2024-10-17,QQQ,XGBOOST_H3_WITH_SENT,0.17733767051020938,0.13810694217681885
2024-10-18,QQQ,XGBOOST_H3_WITH_SENT,0.19846971293129065,0.1381465643644333
2024-10-21,QQQ,XGBOOST_H3_WITH_SENT,0.1998309234723173,0.15413986146450043
2024-10-22,QQQ,XGBOOST_H3_WITH_SENT,0.2011153388923603,0.15671050548553467
2024-10-23,QQQ,XGBOOST_H3_WITH_SENT,0.19195403813424072,0.14951588213443756
2024-10-24,QQQ,XGBOOST_H3_WITH_SENT,0.19056934915628415,0.15778976678848267
2024-10-25,QQQ,XGBOOST_H3_WITH_SENT,0.18973292703324332,0.15413092076778412
2024-10-28,QQQ,XGBOOST_H3_WITH_SENT,0.18971205738686045,0.1554080694913864
2024-10-29,QQQ,XGBOOST_H3_WITH_SENT,0.18780595699613942,0.1458946168422699
2024-10-30,QQQ,XGBOOST_H3_WITH_SENT,0.1880001612323039,0.14985963702201843
2024-10-31,QQQ,XGBOOST_H3_WITH_SENT,0.1615487854813489,0.1416928619146347
2024-11-01,QQQ,XGBOOST_H3_WITH_SENT,0.16335746265396292,0.14958028495311737
2024-11-04,QQQ,XGBOOST_H3_WITH_SENT,0.1619648119833608,0.13694848120212555
2024-11-05,QQQ,XGBOOST_H3_WITH_SENT,0.16166464988107915,0.12905053794384003
2024-11-06,QQQ,XGBOOST_H3_WITH_SENT,0.13612667646542154,0.1651269942522049
2024-11-07,QQQ,XGBOOST_H3_WITH_SENT,0.12883370178653442,0.14239414036273956
2024-11-08,QQQ,XGBOOST_H3_WITH_SENT,0.13279202527122996,0.14010852575302124
2024-11-12,QQQ,XGBOOST_H3_WITH_SENT,0.14621185332860917,0.146993950009346
2024-11-13,QQQ,XGBOOST_H3_WITH_SENT,0.14872299553042534,0.14316263794898987
2024-11-14,QQQ,XGBOOST_H3_WITH_SENT,0.14687402352241793,0.15423092246055603
2024-11-15,QQQ,XGBOOST_H3_WITH_SENT,0.1159769844871332,0.15236146748065948
2024-11-18,QQQ,XGBOOST_H3_WITH_SENT,0.11915410386636074,0.14682132005691528
2024-11-19,QQQ,XGBOOST_H3_WITH_SENT,0.18497817786839243,0.1470884531736374
2024-11-20,QQQ,XGBOOST_H3_WITH_SENT,0.1860059418066995,0.14858147501945496
2024-11-21,QQQ,XGBOOST_H3_WITH_SENT,0.1877928886486956,0.14368517696857452
2024-11-22,QQQ,XGBOOST_H3_WITH_SENT,0.19012767938981598,0.13425800204277039
2024-11-25,QQQ,XGBOOST_H3_WITH_SENT,0.194624268064774,0.1406615525484085
2024-11-26,QQQ,XGBOOST_H3_WITH_SENT,0.19456133617784824,0.1359490156173706
2024-11-27,QQQ,XGBOOST_H3_WITH_SENT,0.19918890178188467,0.13472500443458557
2024-11-29,QQQ,XGBOOST_H3_WITH_SENT,0.2043215020823302,0.13298888504505157
2024-12-02,QQQ,XGBOOST_H3_WITH_SENT,0.2030862120962171,0.13497717678546906
2024-12-03,QQQ,XGBOOST_H3_WITH_SENT,0.2027606788898625,0.13438178598880768
2024-12-04,QQQ,XGBOOST_H3_WITH_SENT,0.20652658107218477,0.13449545204639435
2024-12-05,QQQ,XGBOOST_H3_WITH_SENT,0.21044747340071307,0.13810192048549652
2024-12-06,QQQ,XGBOOST_H3_WITH_SENT,0.21748192804420283,0.14487551152706146
2024-12-09,QQQ,XGBOOST_H3_WITH_SENT,0.21600624774902222,0.14792312681674957
2024-12-10,QQQ,XGBOOST_H3_WITH_SENT,0.22252376277680797,0.15110613405704498
2024-12-11,QQQ,XGBOOST_H3_WITH_SENT,0.2109647290744163,0.15280283987522125
2024-12-12,QQQ,XGBOOST_H3_WITH_SENT,0.21041592516488455,0.16378946602344513
2024-12-13,QQQ,XGBOOST_H3_WITH_SENT,0.22586413140064032,0.1730622798204422
2024-12-16,QQQ,XGBOOST_H3_WITH_SENT,0.21898742299325946,0.1770799458026886
2024-12-17,QQQ,XGBOOST_H3_WITH_SENT,0.2289327236692695,0.18581454455852509
2024-12-18,QQQ,XGBOOST_H3_WITH_SENT,0.18752378993041982,0.1909169852733612
2024-12-19,QQQ,XGBOOST_H3_WITH_SENT,0.19090675127047965,0.19121141731739044
2024-12-20,QQQ,XGBOOST_H3_WITH_SENT,0.18914820971711735,0.1765754371881485
2024-12-23,QQQ,XGBOOST_H3_WITH_SENT,0.188081125525744,0.17989061772823334
2024-12-24,QQQ,XGBOOST_H3_WITH_SENT,0.2098885566575865,0.1862521469593048
2024-12-26,QQQ,XGBOOST_H3_WITH_SENT,0.21762380401367337,0.18607759475708008
2024-12-27,QQQ,XGBOOST_H3_WITH_SENT,0.21253263621812904,0.18695476651191711
2024-12-30,QQQ,XGBOOST_H3_WITH_SENT,0.20713180217900323,0.18992769718170166
2024-12-31,QQQ,XGBOOST_H3_WITH_SENT,0.20444723940643716,0.20074473321437836
2025-01-02,QQQ,XGBOOST_H3_WITH_SENT,0.20676615110727992,0.19660992920398712
2025-01-03,QQQ,XGBOOST_H3_WITH_SENT,0.20323113250912447,0.20135314762592316
2025-01-06,QQQ,XGBOOST_H3_WITH_SENT,0.19978647954625878,0.2034221738576889
2025-01-07,QQQ,XGBOOST_H3_WITH_SENT,0.1883661703356258,0.20540542900562286
2025-01-08,QQQ,XGBOOST_H3_WITH_SENT,0.19488402509942485,0.19799868762493134
2025-01-10,QQQ,XGBOOST_H3_WITH_SENT,0.18849062672877526,0.2085033655166626
2025-01-13,QQQ,XGBOOST_H3_WITH_SENT,0.18819935688460745,0.21541278064250946
2025-01-14,QQQ,XGBOOST_H3_WITH_SENT,0.18794027246487993,0.20814186334609985
2025-01-15,QQQ,XGBOOST_H3_WITH_SENT,0.17782739559685604,0.19656933844089508
2025-01-16,QQQ,XGBOOST_H3_WITH_SENT,0.17485241185702177,0.19349484145641327
2025-01-17,QQQ,XGBOOST_H3_WITH_SENT,0.16644098367086238,0.19473512470722198
2025-01-21,QQQ,XGBOOST_H3_WITH_SENT,0.1657557944071955,0.1892688274383545
2025-01-22,QQQ,XGBOOST_H3_WITH_SENT,0.1612624440554878,0.1723252683877945
2025-01-23,QQQ,XGBOOST_H3_WITH_SENT,0.17819619890742427,0.17762844264507294
2025-01-24,QQQ,XGBOOST_H3_WITH_SENT,0.1818529990885975,0.18175385892391205
2025-01-27,QQQ,XGBOOST_H3_WITH_SENT,0.1544387012622354,0.19811436533927917
2025-01-28,QQQ,XGBOOST_H3_WITH_SENT,0.1447260937232546,0.19716805219650269
2025-01-29,QQQ,XGBOOST_H3_WITH_SENT,0.1745664962779778,0.19542278349399567
2025-01-30,QQQ,XGBOOST_H3_WITH_SENT,0.1844257311153803,0.22043444216251373
2025-01-31,QQQ,XGBOOST_H3_WITH_SENT,0.19850183735535623,0.19597378373146057
2025-02-03,QQQ,XGBOOST_H3_WITH_SENT,0.19743459935697175,0.1927109658718109
2025-02-04,QQQ,XGBOOST_H3_WITH_SENT,0.19817913902724596,0.1965140998363495
2025-02-05,QQQ,XGBOOST_H3_WITH_SENT,0.21620406570618747,0.1872381865978241
2025-02-06,QQQ,XGBOOST_H3_WITH_SENT,0.21750403809599303,0.19069726765155792
2025-02-07,QQQ,XGBOOST_H3_WITH_SENT,0.2505589994256479,0.20612706243991852
2025-02-10,QQQ,XGBOOST_H3_WITH_SENT,0.24262516130602693,0.21206554770469666
2025-02-11,QQQ,XGBOOST_H3_WITH_SENT,0.2498367443608055,0.21693354845046997
2025-02-12,QQQ,XGBOOST_H3_WITH_SENT,0.25302870110854603,0.20538575947284698
2025-02-13,QQQ,XGBOOST_H3_WITH_SENT,0.26524634341242764,0.20171040296554565
2025-02-14,QQQ,XGBOOST_H3_WITH_SENT,0.26647252896444334,0.2143826186656952
2025-02-18,QQQ,XGBOOST_H3_WITH_SENT,0.2679682583837877,0.21212318539619446
2025-02-19,QQQ,XGBOOST_H3_WITH_SENT,0.27612964154620484,0.2205028533935547
2025-02-20,QQQ,XGBOOST_H3_WITH_SENT,0.2762082267233154,0.19862961769104004
2025-02-21,QQQ,XGBOOST_H3_WITH_SENT,0.27181769030751846,0.21908783912658691
2025-02-24,QQQ,XGBOOST_H3_WITH_SENT,0.2855193783041056,0.2164004147052765
2025-02-25,QQQ,XGBOOST_H3_WITH_SENT,0.2845476338882483,0.21062961220741272
2025-02-26,QQQ,XGBOOST_H3_WITH_SENT,0.2900278262858372,0.21864727139472961
2025-02-27,QQQ,XGBOOST_H3_WITH_SENT,0.274681154760026,0.20960012078285217
2025-02-28,QQQ,XGBOOST_H3_WITH_SENT,0.27999207758827815,0.2096468210220337
2025-03-03,QQQ,XGBOOST_H3_WITH_SENT,0.27182500764979156,0.21093541383743286
2025-03-04,QQQ,XGBOOST_H3_WITH_SENT,0.27454271013297393,0.2094419002532959
2025-03-05,QQQ,XGBOOST_H3_WITH_SENT,0.2710800499648258,0.22500818967819214
2025-03-06,QQQ,XGBOOST_H3_WITH_SENT,0.31776846667341596,0.23695042729377747
2025-03-07,QQQ,XGBOOST_H3_WITH_SENT,0.37943502100040344,0.21098542213439941
2025-03-10,QQQ,XGBOOST_H3_WITH_SENT,0.3612490079461675,0.23426488041877747
2025-03-11,QQQ,XGBOOST_H3_WITH_SENT,0.3638390857443592,0.26629728078842163
2025-03-12,QQQ,XGBOOST_H3_WITH_SENT,0.5576652720958364,0.2515241801738739
2025-03-13,QQQ,XGBOOST_H3_WITH_SENT,0.574910192843233,0.2494194209575653
2025-03-14,QQQ,XGBOOST_H3_WITH_SENT,0.5718433409153606,0.2605804204940796
2025-03-17,QQQ,XGBOOST_H3_WITH_SENT,0.5719059966497647,0.2407139539718628
2025-03-18,QQQ,XGBOOST_H3_WITH_SENT,0.5694030514466117,0.24181555211544037
2025-03-19,QQQ,XGBOOST_H3_WITH_SENT,0.575369736037488,0.23879802227020264
2025-03-20,QQQ,XGBOOST_H3_WITH_SENT,0.5755200148368026,0.2230423241853714
2025-03-21,QQQ,XGBOOST_H3_WITH_SENT,0.5797118464286319,0.21562401950359344
2025-03-24,QQQ,XGBOOST_H3_WITH_SENT,0.582482399000269,0.220167875289917
2025-03-25,QQQ,XGBOOST_H3_WITH_SENT,0.5895202716878153,0.21461248397827148
2025-03-26,QQQ,XGBOOST_H3_WITH_SENT,0.5973219632683802,0.2333512157201767
2025-03-27,QQQ,XGBOOST_H3_WITH_SENT,0.5988329507077202,0.22967872023582458
2025-03-28,QQQ,XGBOOST_H3_WITH_SENT,0.5910701986638923,0.22150272130966187
2025-03-31,QQQ,XGBOOST_H3_WITH_SENT,0.5914767827853745,0.21992430090904236
2025-04-01,QQQ,XGBOOST_H3_WITH_SENT,0.5908446057887247,0.22666971385478973
2025-04-02,QQQ,XGBOOST_H3_WITH_SENT,0.5920840074996633,0.2341773957014084
2025-04-03,QQQ,XGBOOST_H3_WITH_SENT,0.5558761310689808,0.21004505455493927
2025-04-04,QQQ,XGBOOST_H3_WITH_SENT,0.496405816786787,0.28641417622566223
2025-04-07,QQQ,XGBOOST_H3_WITH_SENT,0.4995828059036485,0.34212011098861694
2025-04-08,QQQ,XGBOOST_H3_WITH_SENT,0.49126457624669484,0.3416879177093506
2025-04-09,QQQ,XGBOOST_H3_WITH_SENT,0.29282938908487655,0.34660372138023376
2025-04-10,QQQ,XGBOOST_H3_WITH_SENT,0.23839460067641424,0.41648557782173157
2025-04-11,QQQ,XGBOOST_H3_WITH_SENT,0.26584858175466936,0.37341243028640747
2025-04-14,QQQ,XGBOOST_H3_WITH_SENT,0.26799923240035856,0.3681945204734802
2025-04-15,QQQ,XGBOOST_H3_WITH_SENT,0.26738366498941096,0.37257543206214905
2025-04-16,QQQ,XGBOOST_H3_WITH_SENT,0.23059731112557347,0.4230707883834839
2025-04-17,QQQ,XGBOOST_H3_WITH_SENT,0.229073135627526,0.4029308259487152
2025-04-21,QQQ,XGBOOST_H3_WITH_SENT,0.19535974449223267,0.3622521758079529
2025-04-22,QQQ,XGBOOST_H3_WITH_SENT,0.18995503787128856,0.33702731132507324
2025-04-23,QQQ,XGBOOST_H3_WITH_SENT,0.1968149481797719,0.3502858877182007
2025-04-24,QQQ,XGBOOST_H3_WITH_SENT,0.17966620230666316,0.32592636346817017
2025-04-25,QQQ,XGBOOST_H3_WITH_SENT,0.1846491526037431,0.3446134626865387
2025-04-28,QQQ,XGBOOST_H3_WITH_SENT,0.19636685466036644,0.3446088433265686
2025-04-29,QQQ,XGBOOST_H3_WITH_SENT,0.19900764642935745,0.34200066328048706
2025-04-30,QQQ,XGBOOST_H3_WITH_SENT,0.19851972516653668,0.3367619514465332
2025-05-01,QQQ,XGBOOST_H3_WITH_SENT,0.19696433233099828,0.3200388550758362
2025-05-02,QQQ,XGBOOST_H3_WITH_SENT,0.19335613820627798,0.31071436405181885
2025-05-05,QQQ,XGBOOST_H3_WITH_SENT,0.19067695718653455,0.3189160227775574
2025-05-06,QQQ,XGBOOST_H3_WITH_SENT,0.18409288218048006,0.3461410105228424
2025-05-07,QQQ,XGBOOST_H3_WITH_SENT,0.18916750898117962,0.33891066908836365
2025-05-08,QQQ,XGBOOST_H3_WITH_SENT,0.18894251286739205,0.34235480427742004
2025-05-09,QQQ,XGBOOST_H3_WITH_SENT,0.18838396262384544,0.34110578894615173
2025-05-12,QQQ,XGBOOST_H3_WITH_SENT,0.13375514779592948,0.3238709270954132
2025-05-13,QQQ,XGBOOST_H3_WITH_SENT,0.12657721311625444,0.31724080443382263
2025-05-14,QQQ,XGBOOST_H3_WITH_SENT,0.12556677059228044,0.317192405462265
2025-05-15,QQQ,XGBOOST_H3_WITH_SENT,0.1351354617713354,0.3079630434513092
2025-05-16,QQQ,XGBOOST_H3_WITH_SENT,0.14247018013825527,0.3220508396625519
2025-05-19,QQQ,XGBOOST_H3_WITH_SENT,0.14774234449334456,0.32266148924827576
2025-05-20,QQQ,XGBOOST_H3_WITH_SENT,0.1470276558726066,0.32727113366127014
2025-05-21,QQQ,XGBOOST_H3_WITH_SENT,0.13768933845820788,0.3327648341655731
2025-05-22,QQQ,XGBOOST_H3_WITH_SENT,0.14127827420936473,0.3145414888858795
2025-05-23,QQQ,XGBOOST_H3_WITH_SENT,0.14260474180691415,0.31838950514793396
2025-05-27,QQQ,XGBOOST_H3_WITH_SENT,0.12081758179459667,0.3050348162651062
2025-05-28,QQQ,XGBOOST_H3_WITH_SENT,0.12105203950148395,0.3060781955718994
2025-05-29,QQQ,XGBOOST_H3_WITH_SENT,0.12105743478704663,0.29812178015708923
2025-05-30,QQQ,XGBOOST_H3_WITH_SENT,0.12065587585198424,0.2951246201992035
2025-06-02,QQQ,XGBOOST_H3_WITH_SENT,0.12590229842777828,0.3116605281829834
2025-06-03,QQQ,XGBOOST_H3_WITH_SENT,0.12544661202740467,0.3126554787158966
2025-06-04,QQQ,XGBOOST_H3_WITH_SENT,0.12828691703881448,0.2969607412815094
2025-06-05,QQQ,XGBOOST_H3_WITH_SENT,0.12829308957626553,0.3014424741268158
2025-06-06,QQQ,XGBOOST_H3_WITH_SENT,0.12562376592765354,0.296993613243103
2025-06-09,QQQ,XGBOOST_H3_WITH_SENT,0.12679420946894698,0.2968793213367462
2025-06-10,QQQ,XGBOOST_H3_WITH_SENT,0.12648292760082283,0.24063587188720703
2025-06-11,QQQ,XGBOOST_H3_WITH_SENT,0.12591113099424484,0.23748810589313507
2025-06-12,QQQ,XGBOOST_H3_WITH_SENT,0.1260305141469681,0.23875580728054047
2025-06-13,QQQ,XGBOOST_H3_WITH_SENT,0.11354297141879789,0.2302803099155426
2025-06-16,QQQ,XGBOOST_H3_WITH_SENT,0.10591253195708328,0.22894741594791412
2025-06-17,QQQ,XGBOOST_H3_WITH_SENT,0.09782203570318487,0.2326478362083435
2025-06-18,QQQ,XGBOOST_H3_WITH_SENT,0.09820783017434924,0.23500944674015045
2025-06-20,QQQ,XGBOOST_H3_WITH_SENT,0.09475907363357892,0.24105948209762573
2025-06-23,QQQ,XGBOOST_H3_WITH_SENT,0.09599021734663023,0.22830365598201752
2025-06-24,QQQ,XGBOOST_H3_WITH_SENT,0.08439643759176886,0.21633252501487732
2025-06-25,QQQ,XGBOOST_H3_WITH_SENT,0.0843848595336557,0.21522963047027588
2025-06-26,QQQ,XGBOOST_H3_WITH_SENT,0.08007425094521814,0.22462935745716095
2025-06-27,QQQ,XGBOOST_H3_WITH_SENT,0.08000197561701189,0.22314241528511047
2025-06-30,QQQ,XGBOOST_H3_WITH_SENT,0.07885663815937702,0.2099546194076538
2025-07-01,QQQ,XGBOOST_H3_WITH_SENT,0.0697489773541582,0.21855692565441132
2025-07-02,QQQ,XGBOOST_H3_WITH_SENT,0.07151176393565419,0.21662035584449768
2025-07-03,QQQ,XGBOOST_H3_WITH_SENT,0.09752189716273069,0.21953006088733673
2025-07-07,QQQ,XGBOOST_H3_WITH_SENT,0.1135225674792853,0.2332887053489685
2025-07-08,QQQ,XGBOOST_H3_WITH_SENT,0.11693685721085112,0.24055129289627075
2025-07-09,QQQ,XGBOOST_H3_WITH_SENT,0.12233328939083304,0.2564082145690918
2025-07-10,QQQ,XGBOOST_H3_WITH_SENT,0.12226220357474216,0.19110089540481567
2025-07-11,QQQ,XGBOOST_H3_WITH_SENT,0.1247420511039249,0.20040693879127502
2025-07-14,QQQ,XGBOOST_H3_WITH_SENT,0.12565565422452388,0.2150375247001648
2025-07-15,QQQ,XGBOOST_H3_WITH_SENT,0.13155250378610175,0.18010179698467255
2025-07-16,QQQ,XGBOOST_H3_WITH_SENT,0.13161992976362186,0.1807127445936203
2025-07-17,QQQ,XGBOOST_H3_WITH_SENT,0.12997421121027855,0.18241040408611298
2025-07-18,QQQ,XGBOOST_H3_WITH_SENT,0.13143660859819972,0.16961251199245453
2025-07-21,QQQ,XGBOOST_H3_WITH_SENT,0.1308093915030525,0.17436450719833374
2025-07-22,QQQ,XGBOOST_H3_WITH_SENT,0.13941346087569703,0.21371492743492126
2025-07-23,QQQ,XGBOOST_H3_WITH_SENT,0.14055785620701228,0.2210438847541809
2025-07-24,QQQ,XGBOOST_H3_WITH_SENT,0.1413683320795696,0.2294476479291916
2025-07-25,QQQ,XGBOOST_H3_WITH_SENT,0.15152242669876337,0.2227279394865036
2025-07-28,QQQ,XGBOOST_H3_WITH_SENT,0.15164131273617107,0.22546274960041046
2025-07-29,QQQ,XGBOOST_H3_WITH_SENT,0.15207727062329773,0.21623370051383972
2025-07-30,QQQ,XGBOOST_H3_WITH_SENT,0.15209379346972973,0.21734711527824402
2025-07-31,QQQ,XGBOOST_H3_WITH_SENT,0.15178673513933508,0.21716941893100739
2025-08-01,QQQ,XGBOOST_H3_WITH_SENT,0.1389631276367094,0.2315431386232376
2025-08-04,QQQ,XGBOOST_H3_WITH_SENT,0.12800185413141776,0.24261368811130524
2025-08-05,QQQ,XGBOOST_H3_WITH_SENT,0.12801907102709734,0.24776341021060944
2025-08-06,QQQ,XGBOOST_H3_WITH_SENT,0.12435468547045463,0.24883291125297546
2025-08-07,QQQ,XGBOOST_H3_WITH_SENT,0.12398929985888504,0.22624200582504272
2025-08-08,QQQ,XGBOOST_H3_WITH_SENT,0.12083389926527609,0.22787295281887054
2025-08-11,QQQ,XGBOOST_H3_WITH_SENT,0.12046050265329154,0.22656890749931335
2025-08-12,QQQ,XGBOOST_H3_WITH_SENT,0.11206751981592648,0.22777360677719116
2025-08-13,QQQ,XGBOOST_H3_WITH_SENT,0.11391236617572703,0.22578585147857666
2025-08-14,QQQ,XGBOOST_H3_WITH_SENT,0.11473319010296502,0.23149226605892181
2025-08-15,QQQ,XGBOOST_H3_WITH_SENT,0.11644390870472388,0.23765289783477783
2025-08-18,QQQ,XGBOOST_H3_WITH_SENT,0.11653740270620999,0.24075941741466522
2025-08-19,QQQ,XGBOOST_H3_WITH_SENT,0.10342218008453935,0.24395091831684113
2025-08-20,QQQ,XGBOOST_H3_WITH_SENT,0.10216982809220501,0.2392798364162445
2025-08-21,QQQ,XGBOOST_H3_WITH_SENT,0.09952556276894849,0.2450883686542511
2025-08-22,QQQ,XGBOOST_H3_WITH_SENT,0.08930001611183089,0.23162326216697693
2025-08-25,QQQ,XGBOOST_H3_WITH_SENT,0.09331191755294597,0.23888400197029114
2025-08-26,QQQ,XGBOOST_H3_WITH_SENT,0.09543833128619524,0.2403223216533661
2025-08-27,QQQ,XGBOOST_H3_WITH_SENT,0.09809850209543729,0.24461887776851654
2025-08-28,QQQ,XGBOOST_H3_WITH_SENT,0.09709626940879514,0.24918025732040405
2025-08-29,QQQ,XGBOOST_H3_WITH_SENT,0.08377193031529485,0.2423657476902008
2025-09-02,QQQ,XGBOOST_H3_WITH_SENT,0.0732199185258215,0.24533778429031372
2025-09-03,QQQ,XGBOOST_H3_WITH_SENT,0.0713452413093247,0.2323496788740158
2025-09-04,QQQ,XGBOOST_H3_WITH_SENT,0.06779634842558135,0.22850199043750763
2025-09-05,QQQ,XGBOOST_H3_WITH_SENT,0.07197320123534275,0.1606934815645218
2025-09-08,QQQ,XGBOOST_H3_WITH_SENT,0.07375915343540812,0.16529631614685059
2025-09-09,QQQ,XGBOOST_H3_WITH_SENT,0.07871273170368993,0.16476868093013763
2025-09-10,QQQ,XGBOOST_H3_WITH_SENT,0.0849962441555915,0.16273055970668793
2025-09-11,QQQ,XGBOOST_H3_WITH_SENT,0.0851770397645822,0.16128768026828766
2025-09-12,QQQ,XGBOOST_H3_WITH_SENT,0.15784985207599178,0.16342823207378387
2025-09-15,QQQ,XGBOOST_H3_WITH_SENT,0.1720463872519703,0.1703968644142151
2025-09-16,QQQ,XGBOOST_H3_WITH_SENT,0.17407835412343098,0.17484551668167114
2025-09-17,QQQ,XGBOOST_H3_WITH_SENT,0.17521661309226666,0.19314788281917572
2025-09-18,QQQ,XGBOOST_H3_WITH_SENT,0.17341388889459083,0.19970554113388062
2025-09-19,QQQ,XGBOOST_H3_WITH_SENT,0.17331841141447876,0.20530074834823608
2025-09-22,QQQ,XGBOOST_H3_WITH_SENT,0.1776253987090433,0.22381974756717682
2025-09-23,QQQ,XGBOOST_H3_WITH_SENT,0.17551275991273035,0.22644275426864624
2025-09-24,QQQ,XGBOOST_H3_WITH_SENT,0.17898779661159375,0.2208978831768036
2025-09-25,QQQ,XGBOOST_H3_WITH_SENT,0.17985713262089148,0.2321508526802063
2025-09-26,QQQ,XGBOOST_H3_WITH_SENT,0.18261608875477878,0.22602540254592896
2025-09-29,QQQ,XGBOOST_H3_WITH_SENT,0.19100682562169377,0.2277754247188568
2025-09-30,QQQ,XGBOOST_H3_WITH_SENT,0.19192156440426572,0.22596590220928192
2025-10-01,QQQ,XGBOOST_H3_WITH_SENT,0.19188097652109015,0.2235032171010971
2025-10-02,QQQ,XGBOOST_H3_WITH_SENT,0.20211253080179312,0.22320321202278137
2025-10-03,QQQ,XGBOOST_H3_WITH_SENT,0.20117473965798408,0.2114056795835495
2025-10-06,QQQ,XGBOOST_H3_WITH_SENT,0.20044226171912033,0.21222467720508575
2025-10-07,QQQ,XGBOOST_H3_WITH_SENT,0.21453508302119217,0.21533679962158203
2025-10-08,QQQ,XGBOOST_H3_WITH_SENT,0.21213458671732158,0.2144741714000702
2025-10-09,QQQ,XGBOOST_H3_WITH_SENT,0.22341242845315795,0.2262115776538849
2025-10-10,QQQ,XGBOOST_H3_WITH_SENT,0.18092890032740175,0.2158704549074173
2025-10-14,QQQ,XGBOOST_H3_WITH_SENT,0.18029002491138207,0.23726128041744232
2025-10-15,QQQ,XGBOOST_H3_WITH_SENT,0.17949181769364206,0.2720857262611389
2025-10-16,QQQ,XGBOOST_H3_WITH_SENT,0.195397435656179,0.28202107548713684
2025-10-17,QQQ,XGBOOST_H3_WITH_SENT,0.19417564439013713,0.2698878347873688
2025-10-20,QQQ,XGBOOST_H3_WITH_SENT,0.19113491970351723,0.2757914662361145
2025-10-21,QQQ,XGBOOST_H3_WITH_SENT,0.19550075997384897,0.3242579996585846
2025-10-22,QQQ,XGBOOST_H3_WITH_SENT,0.1944297021389157,0.3325997591018677
2025-10-23,QQQ,XGBOOST_H3_WITH_SENT,0.20830860292775244,0.3226475715637207
2025-10-24,QQQ,XGBOOST_H3_WITH_SENT,0.2060565974554666,0.3296438455581665
2025-10-27,QQQ,XGBOOST_H3_WITH_SENT,0.21724803267848336,0.34798702597618103
2025-10-28,QQQ,XGBOOST_H3_WITH_SENT,0.21643218938681985,0.49781501293182373
2025-10-29,QQQ,XGBOOST_H3_WITH_SENT,0.21865551008758943,0.32884109020233154
2025-10-30,QQQ,XGBOOST_H3_WITH_SENT,0.21501744151772917,0.49634116888046265
2025-10-31,QQQ,XGBOOST_H3_WITH_SENT,0.21427251708995262,0.34579023718833923
2025-11-03,QQQ,XGBOOST_H3_WITH_SENT,0.21560848913090744,0.31319883465766907
2025-11-04,QQQ,XGBOOST_H3_WITH_SENT,0.20280167417918843,0.3279876410961151
2025-11-05,QQQ,XGBOOST_H3_WITH_SENT,0.2015267356052275,0.32109907269477844
2025-11-06,QQQ,XGBOOST_H3_WITH_SENT,0.18924336602961322,0.34221214056015015
2025-11-07,QQQ,XGBOOST_H3_WITH_SENT,0.18892261077780537,0.35012510418891907
2025-11-10,QQQ,XGBOOST_H3_WITH_SENT,0.1724044252531196,0.2685912251472473
2025-11-12,QQQ,XGBOOST_H3_WITH_SENT,0.17306803861334222,0.2671482264995575
2025-11-13,QQQ,XGBOOST_H3_WITH_SENT,0.1709900472101622,0.29137668013572693
2025-11-14,QQQ,XGBOOST_H3_WITH_SENT,0.17207333462418276,0.29163381457328796
2025-11-17,QQQ,XGBOOST_H3_WITH_SENT,0.1690354352046874,0.33250704407691956
2025-11-18,QQQ,XGBOOST_H3_WITH_SENT,0.17695306008727893,0.34908273816108704
2025-11-19,QQQ,XGBOOST_H3_WITH_SENT,0.18293066845365677,0.3148488700389862
2025-11-20,QQQ,XGBOOST_H3_WITH_SENT,0.16255691588937352,0.4417841136455536
2025-11-21,QQQ,XGBOOST_H3_WITH_SENT,0.16176306726300316,0.4297643303871155
2025-11-24,QQQ,XGBOOST_H3_WITH_SENT,0.1380927790146439,0.43464866280555725
2025-11-25,QQQ,XGBOOST_H3_WITH_SENT,0.1371084420369779,0.42083844542503357
2025-11-26,QQQ,XGBOOST_H3_WITH_SENT,0.13424683833463122,0.30623510479927063
2025-11-28,QQQ,XGBOOST_H3_WITH_SENT,0.13284378167559813,0.42561468482017517
2025-12-01,QQQ,XGBOOST_H3_WITH_SENT,0.13252443382497572,0.2785724997520447
2025-12-02,QQQ,XGBOOST_H3_WITH_SENT,0.1326805238632955,0.4165878891944885
2025-12-03,QQQ,XGBOOST_H3_WITH_SENT,0.13227798648961472,0.36474743485450745
2025-12-04,QQQ,XGBOOST_H3_WITH_SENT,0.13581779764671037,0.35074546933174133
2025-12-05,QQQ,XGBOOST_H3_WITH_SENT,0.13881244764726344,0.35976535081863403
2025-12-08,QQQ,XGBOOST_H3_WITH_SENT,0.13868828661843446,0.34402087330818176
2025-12-09,QQQ,XGBOOST_H3_WITH_SENT,0.14007889477384627,0.34866634011268616
2025-12-10,QQQ,XGBOOST_H3_WITH_SENT,0.14397119364360839,0.3455491364002228
2025-12-11,QQQ,XGBOOST_H3_WITH_SENT,0.14348504514599095,0.34141284227371216
2025-12-12,QQQ,XGBOOST_H3_WITH_SENT,0.1239920192237121,0.35968297719955444
2025-12-15,QQQ,XGBOOST_H3_WITH_SENT,0.12926870128914156,0.3465787172317505
2025-12-16,QQQ,XGBOOST_H3_WITH_SENT,0.12959091569128073,0.3383524715900421
2025-12-17,QQQ,XGBOOST_H3_WITH_SENT,0.10738576458324511,0.41042280197143555
2025-12-18,QQQ,XGBOOST_H3_WITH_SENT,0.1254435702572579,0.40410542488098145
2025-12-19,QQQ,XGBOOST_H3_WITH_SENT,0.12610718625064563,0.36504876613616943
2025-12-22,QQQ,XGBOOST_H3_WITH_SENT,0.1276377334954606,0.3440788686275482
2025-12-23,QQQ,XGBOOST_H3_WITH_SENT,0.12703208330521745,0.3267476260662079
2025-12-24,QQQ,XGBOOST_H3_WITH_SENT,0.12757855899450443,0.3153902292251587
2025-12-26,QQQ,XGBOOST_H3_WITH_SENT,0.13142334329009392,0.34141063690185547
2025-12-29,QQQ,XGBOOST_H3_WITH_SENT,0.13013755191561022,0.3582727015018463
2025-12-30,QQQ,XGBOOST_H3_WITH_SENT,0.13202059264603894,0.4101501405239105
2025-12-31,QQQ,XGBOOST_H3_WITH_SENT,0.13609996601113977,0.40358877182006836
2024-10-16,IWM,XGBOOST_H3_WITH_SENT,0.26127094497529324,0.1965974122285843
2024-10-17,IWM,XGBOOST_H3_WITH_SENT,0.2665525219308956,0.1984163075685501
2024-10-18,IWM,XGBOOST_H3_WITH_SENT,0.2726064237508511,0.1947290450334549
2024-10-21,IWM,XGBOOST_H3_WITH_SENT,0.2655657698630728,0.20272472500801086
2024-10-22,IWM,XGBOOST_H3_WITH_SENT,0.2655716132708346,0.20325252413749695
2024-10-23,IWM,XGBOOST_H3_WITH_SENT,0.2622714342225022,0.2056986391544342
2024-10-24,IWM,XGBOOST_H3_WITH_SENT,0.2659738728178829,0.20324546098709106
2024-10-25,IWM,XGBOOST_H3_WITH_SENT,0.26976155583734324,0.19498009979724884
2024-10-28,IWM,XGBOOST_H3_WITH_SENT,0.2691547622172669,0.20142905414104462
2024-10-29,IWM,XGBOOST_H3_WITH_SENT,0.2710795076583698,0.2032288759946823
2024-10-30,IWM,XGBOOST_H3_WITH_SENT,0.27052635577969253,0.21670296788215637
2024-10-31,IWM,XGBOOST_H3_WITH_SENT,0.2589754921525194,0.19697320461273193
2024-11-01,IWM,XGBOOST_H3_WITH_SENT,0.25976962939093495,0.2024282068014145
2024-11-04,IWM,XGBOOST_H3_WITH_SENT,0.2632849057045578,0.1797587275505066
2024-11-05,IWM,XGBOOST_H3_WITH_SENT,0.2578067043163542,0.1742965579032898
2024-11-06,IWM,XGBOOST_H3_WITH_SENT,0.17211760897469489,0.18177922070026398
2024-11-07,IWM,XGBOOST_H3_WITH_SENT,0.17192548841263797,0.15769773721694946
2024-11-08,IWM,XGBOOST_H3_WITH_SENT,0.17104319971312862,0.16273218393325806
2024-11-12,IWM,XGBOOST_H3_WITH_SENT,0.15056041042443963,0.16622216999530792
2024-11-13,IWM,XGBOOST_H3_WITH_SENT,0.15370386403207686,0.18842566013336182
2024-11-14,IWM,XGBOOST_H3_WITH_SENT,0.1476343878158553,0.20032480359077454
2024-11-15,IWM,XGBOOST_H3_WITH_SENT,0.13722702327348701,0.19763396680355072
2024-11-18,IWM,XGBOOST_H3_WITH_SENT,0.14449322978619603,0.19051215052604675
2024-11-19,IWM,XGBOOST_H3_WITH_SENT,0.21532537320906864,0.17385199666023254
2024-11-20,IWM,XGBOOST_H3_WITH_SENT,0.21511624927885017,0.18624112010002136
2024-11-21,IWM,XGBOOST_H3_WITH_SENT,0.2098469227639618,0.18984483182430267
2024-11-22,IWM,XGBOOST_H3_WITH_SENT,0.1948426987385279,0.1938103437423706
2024-11-25,IWM,XGBOOST_H3_WITH_SENT,0.1880827638033516,0.19568811357021332
2024-11-26,IWM,XGBOOST_H3_WITH_SENT,0.19407101138377356,0.19692866504192352
2024-11-27,IWM,XGBOOST_H3_WITH_SENT,0.19755034527383844,0.19799219071865082
2024-11-29,IWM,XGBOOST_H3_WITH_SENT,0.19584473367542274,0.19423577189445496
2024-12-02,IWM,XGBOOST_H3_WITH_SENT,0.19641479552384547,0.1971888691186905
2024-12-03,IWM,XGBOOST_H3_WITH_SENT,0.19694375700939176,0.1947157382965088
2024-12-04,IWM,XGBOOST_H3_WITH_SENT,0.20639608522440245,0.19510845839977264
2024-12-05,IWM,XGBOOST_H3_WITH_SENT,0.20437504199846154,0.1915176659822464
2024-12-06,IWM,XGBOOST_H3_WITH_SENT,0.20374744839577455,0.19624251127243042
2024-12-09,IWM,XGBOOST_H3_WITH_SENT,0.20370159989800868,0.1935088336467743
2024-12-10,IWM,XGBOOST_H3_WITH_SENT,0.21450926942497078,0.18669350445270538
2024-12-11,IWM,XGBOOST_H3_WITH_SENT,0.213308040455217,0.1912529170513153
2024-12-12,IWM,XGBOOST_H3_WITH_SENT,0.21761186348400754,0.20011241734027863
2024-12-13,IWM,XGBOOST_H3_WITH_SENT,0.2312848408339858,0.19966021180152893
2024-12-16,IWM,XGBOOST_H3_WITH_SENT,0.2299864756891837,0.20206603407859802
2024-12-17,IWM,XGBOOST_H3_WITH_SENT,0.2281751047880458,0.21936824917793274
2024-12-18,IWM,XGBOOST_H3_WITH_SENT,0.17035713245249806,0.1938047558069229
2024-12-19,IWM,XGBOOST_H3_WITH_SENT,0.17156884539480835,0.18533861637115479
2024-12-20,IWM,XGBOOST_H3_WITH_SENT,0.16964595130021096,0.18839053809642792
2024-12-23,IWM,XGBOOST_H3_WITH_SENT,0.16980720355820653,0.20179295539855957
2024-12-24,IWM,XGBOOST_H3_WITH_SENT,0.17198412496691118,0.2050294131040573
2024-12-26,IWM,XGBOOST_H3_WITH_SENT,0.16830632597499395,0.22001470625400543
2024-12-27,IWM,XGBOOST_H3_WITH_SENT,0.15923899522766255,0.22151526808738708
2024-12-30,IWM,XGBOOST_H3_WITH_SENT,0.1590849673075526,0.22612561285495758
2024-12-31,IWM,XGBOOST_H3_WITH_SENT,0.16361557517711223,0.23740112781524658
2025-01-02,IWM,XGBOOST_H3_WITH_SENT,0.17001595800511618,0.2330167591571808
2025-01-03,IWM,XGBOOST_H3_WITH_SENT,0.16893125326566474,0.24786412715911865
2025-01-06,IWM,XGBOOST_H3_WITH_SENT,0.17281425050258337,0.2601833939552307
2025-01-07,IWM,XGBOOST_H3_WITH_SENT,0.17028321449865502,0.25847411155700684
2025-01-08,IWM,XGBOOST_H3_WITH_SENT,0.17532568926736572,0.2536412477493286
2025-01-10,IWM,XGBOOST_H3_WITH_SENT,0.15258769483134188,0.2540622055530548
2025-01-13,IWM,XGBOOST_H3_WITH_SENT,0.15529782911878706,0.2613687515258789
2025-01-14,IWM,XGBOOST_H3_WITH_SENT,0.15594715071373239,0.26016226410865784
2025-01-15,IWM,XGBOOST_H3_WITH_SENT,0.14527393317846454,0.221884086728096
2025-01-16,IWM,XGBOOST_H3_WITH_SENT,0.14521605046328268,0.21154813468456268
2025-01-17,IWM,XGBOOST_H3_WITH_SENT,0.14569605862611748,0.20937561988830566
2025-01-21,IWM,XGBOOST_H3_WITH_SENT,0.12837581661971145,0.2108144611120224
2025-01-22,IWM,XGBOOST_H3_WITH_SENT,0.13067105509480997,0.1932753622531891
2025-01-23,IWM,XGBOOST_H3_WITH_SENT,0.16302661095636234,0.20300543308258057
2025-01-24,IWM,XGBOOST_H3_WITH_SENT,0.1638640662423871,0.20656539499759674
2025-01-27,IWM,XGBOOST_H3_WITH_SENT,0.16194151739263737,0.19512145221233368
2025-01-28,IWM,XGBOOST_H3_WITH_SENT,0.16198663740076566,0.20663753151893616
2025-01-29,IWM,XGBOOST_H3_WITH_SENT,0.16829211562669746,0.2063114047050476
2025-01-30,IWM,XGBOOST_H3_WITH_SENT,0.16879040620920724,0.1993870586156845
2025-01-31,IWM,XGBOOST_H3_WITH_SENT,0.18926864925416303,0.18809477984905243
2025-02-03,IWM,XGBOOST_H3_WITH_SENT,0.18905706682921897,0.183615043759346
2025-02-04,IWM,XGBOOST_H3_WITH_SENT,0.18466907252420403,0.1894988715648651
2025-02-05,IWM,XGBOOST_H3_WITH_SENT,0.17969899189423882,0.18827210366725922
2025-02-06,IWM,XGBOOST_H3_WITH_SENT,0.1822763153365101,0.19286352396011353
2025-02-07,IWM,XGBOOST_H3_WITH_SENT,0.1949003271280159,0.19501563906669617
2025-02-10,IWM,XGBOOST_H3_WITH_SENT,0.19230349412394795,0.19450430572032928
2025-02-11,IWM,XGBOOST_H3_WITH_SENT,0.19433759850814092,0.1944495290517807
2025-02-12,IWM,XGBOOST_H3_WITH_SENT,0.19677635070895735,0.20257745683193207
2025-02-13,IWM,XGBOOST_H3_WITH_SENT,0.21577406468272853,0.19099994003772736
2025-02-14,IWM,XGBOOST_H3_WITH_SENT,0.2245694976132118,0.1996343582868576
2025-02-18,IWM,XGBOOST_H3_WITH_SENT,0.2216241442009149,0.2011328786611557
2025-02-19,IWM,XGBOOST_H3_WITH_SENT,0.23370942457284438,0.19967497885227203
2025-02-20,IWM,XGBOOST_H3_WITH_SENT,0.23305059388901128,0.19966787099838257
2025-02-21,IWM,XGBOOST_H3_WITH_SENT,0.21402327038770952,0.19221699237823486
2025-02-24,IWM,XGBOOST_H3_WITH_SENT,0.23486311690071157,0.19789503514766693
2025-02-25,IWM,XGBOOST_H3_WITH_SENT,0.23516461753118273,0.20098483562469482
2025-02-26,IWM,XGBOOST_H3_WITH_SENT,0.2367639802502604,0.2071908861398697
2025-02-27,IWM,XGBOOST_H3_WITH_SENT,0.23193395395378433,0.20462943613529205
2025-02-28,IWM,XGBOOST_H3_WITH_SENT,0.23624781640130993,0.205198273062706
2025-03-03,IWM,XGBOOST_H3_WITH_SENT,0.21814243880807865,0.21286453306674957
2025-03-04,IWM,XGBOOST_H3_WITH_SENT,0.21550694269835807,0.21799609065055847
2025-03-05,IWM,XGBOOST_H3_WITH_SENT,0.2205099310232199,0.21548528969287872
2025-03-06,IWM,XGBOOST_H3_WITH_SENT,0.31682927045068454,0.21079044044017792
2025-03-07,IWM,XGBOOST_H3_WITH_SENT,0.3482592381393816,0.21031565964221954
2025-03-10,IWM,XGBOOST_H3_WITH_SENT,0.3410729884087598,0.2302161008119583
2025-03-11,IWM,XGBOOST_H3_WITH_SENT,0.34850087518289213,0.23834364116191864
2025-03-12,IWM,XGBOOST_H3_WITH_SENT,0.46889956270408994,0.2135498821735382
2025-03-13,IWM,XGBOOST_H3_WITH_SENT,0.4885836262679254,0.21652404963970184
2025-03-14,IWM,XGBOOST_H3_WITH_SENT,0.48250826045703027,0.2257225066423416
2025-03-17,IWM,XGBOOST_H3_WITH_SENT,0.48212117123058934,0.22705695033073425
2025-03-18,IWM,XGBOOST_H3_WITH_SENT,0.4823196996724896,0.22274820506572723
2025-03-19,IWM,XGBOOST_H3_WITH_SENT,0.4769507292053298,0.22589604556560516
2025-03-20,IWM,XGBOOST_H3_WITH_SENT,0.47936066866728,0.21835309267044067
2025-03-21,IWM,XGBOOST_H3_WITH_SENT,0.48251244219735423,0.22005003690719604
2025-03-24,IWM,XGBOOST_H3_WITH_SENT,0.4833333851806606,0.20110450685024261
2025-03-25,IWM,XGBOOST_H3_WITH_SENT,0.48857772321399295,0.20427842438220978
2025-03-26,IWM,XGBOOST_H3_WITH_SENT,0.49541685857365847,0.2026059925556183
2025-03-27,IWM,XGBOOST_H3_WITH_SENT,0.49548824520156576,0.20216605067253113
2025-03-28,IWM,XGBOOST_H3_WITH_SENT,0.49139575842786415,0.20169536769390106
2025-03-31,IWM,XGBOOST_H3_WITH_SENT,0.4918762152555888,0.19624288380146027
2025-04-01,IWM,XGBOOST_H3_WITH_SENT,0.4922340541956149,0.19395886361598969
2025-04-02,IWM,XGBOOST_H3_WITH_SENT,0.489072441606972,0.1996697634458542
2025-04-03,IWM,XGBOOST_H3_WITH_SENT,0.43132965295147435,0.2207154482603073
2025-04-04,IWM,XGBOOST_H3_WITH_SENT,0.39429303704923524,0.3434334993362427
2025-04-07,IWM,XGBOOST_H3_WITH_SENT,0.395216418243693,0.3420140743255615
2025-04-08,IWM,XGBOOST_H3_WITH_SENT,0.3776870169897067,0.30483683943748474
2025-04-09,IWM,XGBOOST_H3_WITH_SENT,0.25806863043466327,0.36988595128059387
2025-04-10,IWM,XGBOOST_H3_WITH_SENT,0.19462202996997835,0.5894380211830139
2025-04-11,IWM,XGBOOST_H3_WITH_SENT,0.21909971222718783,0.5848012566566467
2025-04-14,IWM,XGBOOST_H3_WITH_SENT,0.21818346469310385,0.5432610511779785
2025-04-15,IWM,XGBOOST_H3_WITH_SENT,0.22377151118003358,0.5442745685577393
2025-04-16,IWM,XGBOOST_H3_WITH_SENT,0.21691675337591973,0.5791684985160828
2025-04-17,IWM,XGBOOST_H3_WITH_SENT,0.2169306558206327,0.5329219698905945
2025-04-21,IWM,XGBOOST_H3_WITH_SENT,0.1978981672436177,0.3697921335697174
2025-04-22,IWM,XGBOOST_H3_WITH_SENT,0.18585767290183608,0.35838833451271057
2025-04-23,IWM,XGBOOST_H3_WITH_SENT,0.2178023881377218,0.34148135781288147
2025-04-24,IWM,XGBOOST_H3_WITH_SENT,0.20904236908345947,0.33495521545410156
2025-04-25,IWM,XGBOOST_H3_WITH_SENT,0.2098401795576843,0.3245660066604614
2025-04-28,IWM,XGBOOST_H3_WITH_SENT,0.22507983197399817,0.3234856128692627
2025-04-29,IWM,XGBOOST_H3_WITH_SENT,0.2299960918362365,0.32235753536224365
2025-04-30,IWM,XGBOOST_H3_WITH_SENT,0.22772072896860052,0.32299214601516724
2025-05-01,IWM,XGBOOST_H3_WITH_SENT,0.22902294362334905,0.31704071164131165
2025-05-02,IWM,XGBOOST_H3_WITH_SENT,0.21659728089490776,0.3093492388725281
2025-05-05,IWM,XGBOOST_H3_WITH_SENT,0.2198683243161824,0.31605735421180725
2025-05-06,IWM,XGBOOST_H3_WITH_SENT,0.21511496741988073,0.26391780376434326
2025-05-07,IWM,XGBOOST_H3_WITH_SENT,0.2152817831670603,0.23634232580661774
2025-05-08,IWM,XGBOOST_H3_WITH_SENT,0.2126841400171391,0.23878265917301178
2025-05-09,IWM,XGBOOST_H3_WITH_SENT,0.21252083558402543,0.23283183574676514
2025-05-12,IWM,XGBOOST_H3_WITH_SENT,0.17746580596929365,0.24576418101787567
2025-05-13,IWM,XGBOOST_H3_WITH_SENT,0.17839643188477652,0.23480217158794403
2025-05-14,IWM,XGBOOST_H3_WITH_SENT,0.17553710389965146,0.23403300344944
2025-05-15,IWM,XGBOOST_H3_WITH_SENT,0.18788473035722003,0.23280617594718933
2025-05-16,IWM,XGBOOST_H3_WITH_SENT,0.1902615314812082,0.24179401993751526
2025-05-19,IWM,XGBOOST_H3_WITH_SENT,0.19361227679286322,0.2407606840133667
2025-05-20,IWM,XGBOOST_H3_WITH_SENT,0.19449811876277998,0.2438565492630005
2025-05-21,IWM,XGBOOST_H3_WITH_SENT,0.16272455198072483,0.2537514567375183
2025-05-22,IWM,XGBOOST_H3_WITH_SENT,0.16681199802281052,0.2550297677516937
2025-05-23,IWM,XGBOOST_H3_WITH_SENT,0.1695053979012766,0.25418102741241455
2025-05-27,IWM,XGBOOST_H3_WITH_SENT,0.155730251498633,0.24329251050949097
2025-05-28,IWM,XGBOOST_H3_WITH_SENT,0.15782212514514643,0.25833943486213684
2025-05-29,IWM,XGBOOST_H3_WITH_SENT,0.15799504836375397,0.24048499763011932
2025-05-30,IWM,XGBOOST_H3_WITH_SENT,0.15558300750030402,0.2525373697280884
2025-06-02,IWM,XGBOOST_H3_WITH_SENT,0.15787945355935787,0.2346956729888916
2025-06-03,IWM,XGBOOST_H3_WITH_SENT,0.1556112771777858,0.2405879646539688
2025-06-04,IWM,XGBOOST_H3_WITH_SENT,0.15558263634854633,0.2385871559381485
2025-06-05,IWM,XGBOOST_H3_WITH_SENT,0.16893044710689425,0.22970062494277954
2025-06-06,IWM,XGBOOST_H3_WITH_SENT,0.16239213990362536,0.22812311351299286
2025-06-09,IWM,XGBOOST_H3_WITH_SENT,0.1644400273970047,0.2279217392206192
2025-06-10,IWM,XGBOOST_H3_WITH_SENT,0.1643849905269462,0.20350952446460724
2025-06-11,IWM,XGBOOST_H3_WITH_SENT,0.17301913138483474,0.20517733693122864
2025-06-12,IWM,XGBOOST_H3_WITH_SENT,0.17227759235243736,0.20224866271018982
2025-06-13,IWM,XGBOOST_H3_WITH_SENT,0.1744642981597161,0.19659459590911865
2025-06-16,IWM,XGBOOST_H3_WITH_SENT,0.17335830472911506,0.19466185569763184
2025-06-17,IWM,XGBOOST_H3_WITH_SENT,0.17018167661844855,0.188009113073349
2025-06-18,IWM,XGBOOST_H3_WITH_SENT,0.17416878073723474,0.1940949559211731
2025-06-20,IWM,XGBOOST_H3_WITH_SENT,0.17505488296075913,0.19859172403812408
2025-06-23,IWM,XGBOOST_H3_WITH_SENT,0.17283872491005225,0.2004290521144867
2025-06-24,IWM,XGBOOST_H3_WITH_SENT,0.17496575314403356,0.19620376825332642
2025-06-25,IWM,XGBOOST_H3_WITH_SENT,0.17751239972985403,0.1959565430879593
2025-06-26,IWM,XGBOOST_H3_WITH_SENT,0.17037588430794434,0.194270521402359
2025-06-27,IWM,XGBOOST_H3_WITH_SENT,0.17065528171459174,0.1938696652650833
2025-06-30,IWM,XGBOOST_H3_WITH_SENT,0.1732258846357353,0.18605634570121765
2025-07-01,IWM,XGBOOST_H3_WITH_SENT,0.17159540028048498,0.18414627015590668
2025-07-02,IWM,XGBOOST_H3_WITH_SENT,0.16839167601976812,0.19562897086143494
2025-07-03,IWM,XGBOOST_H3_WITH_SENT,0.1787776299582661,0.19683194160461426
2025-07-07,IWM,XGBOOST_H3_WITH_SENT,0.1906394575928908,0.19875472784042358
2025-07-08,IWM,XGBOOST_H3_WITH_SENT,0.1898782550553194,0.20718541741371155
2025-07-09,IWM,XGBOOST_H3_WITH_SENT,0.18549019737675992,0.2172500193119049
2025-07-10,IWM,XGBOOST_H3_WITH_SENT,0.1843848666644478,0.2153874635696411
2025-07-11,IWM,XGBOOST_H3_WITH_SENT,0.17834715376779472,0.21855008602142334
2025-07-14,IWM,XGBOOST_H3_WITH_SENT,0.17642034349462246,0.2357165366411209
2025-07-15,IWM,XGBOOST_H3_WITH_SENT,0.19119175796384696,0.22198858857154846
2025-07-16,IWM,XGBOOST_H3_WITH_SENT,0.19911919139114823,0.22571861743927002
2025-07-17,IWM,XGBOOST_H3_WITH_SENT,0.20182705121244005,0.22430771589279175
2025-07-18,IWM,XGBOOST_H3_WITH_SENT,0.2007871218076793,0.2168995589017868
2025-07-21,IWM,XGBOOST_H3_WITH_SENT,0.20004024397107004,0.22093045711517334
2025-07-22,IWM,XGBOOST_H3_WITH_SENT,0.20085365573881922,0.2285580337047577
2025-07-23,IWM,XGBOOST_H3_WITH_SENT,0.19378854263698322,0.22672486305236816
2025-07-24,IWM,XGBOOST_H3_WITH_SENT,0.1871244902269368,0.2617669105529785
2025-07-25,IWM,XGBOOST_H3_WITH_SENT,0.2305517811490476,0.274086058139801
2025-07-28,IWM,XGBOOST_H3_WITH_SENT,0.23479531961245148,0.30762821435928345
2025-07-29,IWM,XGBOOST_H3_WITH_SENT,0.2337542055504575,0.3060867190361023
2025-07-30,IWM,XGBOOST_H3_WITH_SENT,0.23247287774949923,0.2905745804309845
2025-07-31,IWM,XGBOOST_H3_WITH_SENT,0.22754549265064386,0.3031083941459656
2025-08-01,IWM,XGBOOST_H3_WITH_SENT,0.21134372356106,0.3084113895893097
2025-08-04,IWM,XGBOOST_H3_WITH_SENT,0.20333264777551746,0.2783694267272949
2025-08-05,IWM,XGBOOST_H3_WITH_SENT,0.20369757630167973,0.28143343329429626
2025-08-06,IWM,XGBOOST_H3_WITH_SENT,0.20582156453416353,0.3173353672027588
2025-08-07,IWM,XGBOOST_H3_WITH_SENT,0.20429569054220428,0.311382919549942
2025-08-08,IWM,XGBOOST_H3_WITH_SENT,0.20431508125666187,0.3122182786464691
2025-08-11,IWM,XGBOOST_H3_WITH_SENT,0.20681235124026176,0.30994775891304016
2025-08-12,IWM,XGBOOST_H3_WITH_SENT,0.18386810055553837,0.25560805201530457
2025-08-13,IWM,XGBOOST_H3_WITH_SENT,0.182727154969834,0.264760822057724
2025-08-14,IWM,XGBOOST_H3_WITH_SENT,0.1800153605618317,0.2549295723438263
2025-08-15,IWM,XGBOOST_H3_WITH_SENT,0.17818436469099647,0.26093989610671997
2025-08-18,IWM,XGBOOST_H3_WITH_SENT,0.17876994180885947,0.2621392011642456
2025-08-19,IWM,XGBOOST_H3_WITH_SENT,0.17477584456283513,0.2573699355125427
2025-08-20,IWM,XGBOOST_H3_WITH_SENT,0.18905197413800975,0.2585130035877228
2025-08-21,IWM,XGBOOST_H3_WITH_SENT,0.1936721260452017,0.26083797216415405
2025-08-22,IWM,XGBOOST_H3_WITH_SENT,0.1445506215870666,0.2431657314300537
2025-08-25,IWM,XGBOOST_H3_WITH_SENT,0.13770161905272452,0.23836447298526764
2025-08-26,IWM,XGBOOST_H3_WITH_SENT,0.14203269351960549,0.25357586145401
2025-08-27,IWM,XGBOOST_H3_WITH_SENT,0.14592748202041012,0.25173142552375793
2025-08-28,IWM,XGBOOST_H3_WITH_SENT,0.14846088185756465,0.25643792748451233
2025-08-29,IWM,XGBOOST_H3_WITH_SENT,0.14694746157734806,0.24519790709018707
2025-09-02,IWM,XGBOOST_H3_WITH_SENT,0.14467072570817255,0.24209044873714447
2025-09-03,IWM,XGBOOST_H3_WITH_SENT,0.14428847845665438,0.2545507848262787
2025-09-04,IWM,XGBOOST_H3_WITH_SENT,0.13999152974040383,0.25676673650741577
2025-09-05,IWM,XGBOOST_H3_WITH_SENT,0.14100248675580576,0.22609224915504456
2025-09-08,IWM,XGBOOST_H3_WITH_SENT,0.14121272389288406,0.2352094203233719
2025-09-09,IWM,XGBOOST_H3_WITH_SENT,0.1458009908333022,0.2361443191766739
2025-09-10,IWM,XGBOOST_H3_WITH_SENT,0.1483993903324376,0.233917698264122
2025-09-11,IWM,XGBOOST_H3_WITH_SENT,0.13861474559544718,0.23465271294116974
2025-09-12,IWM,XGBOOST_H3_WITH_SENT,0.17423024459868164,0.2323199212551117
2025-09-15,IWM,XGBOOST_H3_WITH_SENT,0.1993630026231878,0.23959550261497498
2025-09-16,IWM,XGBOOST_H3_WITH_SENT,0.20423292479236185,0.24348348379135132
2025-09-17,IWM,XGBOOST_H3_WITH_SENT,0.20609273007249965,0.2554568350315094
2025-09-18,IWM,XGBOOST_H3_WITH_SENT,0.20469895856842807,0.2570134401321411
2025-09-19,IWM,XGBOOST_H3_WITH_SENT,0.20428943936610666,0.2604559361934662
2025-09-22,IWM,XGBOOST_H3_WITH_SENT,0.21468746663945615,0.2607950270175934
2025-09-23,IWM,XGBOOST_H3_WITH_SENT,0.21532705018824727,0.24869965016841888
2025-09-24,IWM,XGBOOST_H3_WITH_SENT,0.2196614396674725,0.25342851877212524
2025-09-25,IWM,XGBOOST_H3_WITH_SENT,0.22042602752295753,0.2528572976589203
2025-09-26,IWM,XGBOOST_H3_WITH_SENT,0.22232464074558778,0.2517293095588684
2025-09-29,IWM,XGBOOST_H3_WITH_SENT,0.22240970170374957,0.25291508436203003
2025-09-30,IWM,XGBOOST_H3_WITH_SENT,0.223849706026086,0.25594863295555115
2025-10-01,IWM,XGBOOST_H3_WITH_SENT,0.22659427665455428,0.28006845712661743
2025-10-02,IWM,XGBOOST_H3_WITH_SENT,0.22779657912611875,0.275435209274292
2025-10-03,IWM,XGBOOST_H3_WITH_SENT,0.22713823818610174,0.23496532440185547
2025-10-06,IWM,XGBOOST_H3_WITH_SENT,0.22693613836438634,0.22260314226150513
2025-10-07,IWM,XGBOOST_H3_WITH_SENT,0.23217210468158306,0.22478291392326355
2025-10-08,IWM,XGBOOST_H3_WITH_SENT,0.23502224490649185,0.22219635546207428
2025-10-09,IWM,XGBOOST_H3_WITH_SENT,0.24227642897396634,0.2338373064994812
2025-10-10,IWM,XGBOOST_H3_WITH_SENT,0.2165439700262673,0.21133919060230255
2025-10-14,IWM,XGBOOST_H3_WITH_SENT,0.18860930043570598,0.23255348205566406
2025-10-15,IWM,XGBOOST_H3_WITH_SENT,0.18453124483312214,0.23389393091201782
2025-10-16,IWM,XGBOOST_H3_WITH_SENT,0.19631383367069385,0.25096720457077026
2025-10-17,IWM,XGBOOST_H3_WITH_SENT,0.1960209575361108,0.23177029192447662
2025-10-20,IWM,XGBOOST_H3_WITH_SENT,0.191042545855226,0.2631875276565552
2025-10-21,IWM,XGBOOST_H3_WITH_SENT,0.19220924632476374,0.27765655517578125
2025-10-22,IWM,XGBOOST_H3_WITH_SENT,0.1869760805359692,0.2725759744644165
2025-10-23,IWM,XGBOOST_H3_WITH_SENT,0.1873986854162289,0.26306188106536865
2025-10-24,IWM,XGBOOST_H3_WITH_SENT,0.2118306003046772,0.26751822233200073
2025-10-27,IWM,XGBOOST_H3_WITH_SENT,0.22363730360059283,0.2859858572483063
2025-10-28,IWM,XGBOOST_H3_WITH_SENT,0.2384016538048313,0.3758372962474823
2025-10-29,IWM,XGBOOST_H3_WITH_SENT,0.23885704386869158,0.2836046814918518
2025-10-30,IWM,XGBOOST_H3_WITH_SENT,0.23764188250051468,0.3805708885192871
2025-10-31,IWM,XGBOOST_H3_WITH_SENT,0.24154280047215126,0.2915531396865845
2025-11-03,IWM,XGBOOST_H3_WITH_SENT,0.24135831948993497,0.30124515295028687
2025-11-04,IWM,XGBOOST_H3_WITH_SENT,0.2403228343634597,0.2868015766143799
2025-11-05,IWM,XGBOOST_H3_WITH_SENT,0.23723281128558374,0.2861344516277313
2025-11-06,IWM,XGBOOST_H3_WITH_SENT,0.22723751013699725,0.29909560084342957
2025-11-07,IWM,XGBOOST_H3_WITH_SENT,0.22700837151894587,0.2980926036834717
2025-11-10,IWM,XGBOOST_H3_WITH_SENT,0.22499953091872618,0.1974097043275833
2025-11-12,IWM,XGBOOST_H3_WITH_SENT,0.23071761618278291,0.1980459839105606
2025-11-13,IWM,XGBOOST_H3_WITH_SENT,0.21098039260472665,0.20356547832489014
2025-11-14,IWM,XGBOOST_H3_WITH_SENT,0.214617976590592,0.21225228905677795
2025-11-17,IWM,XGBOOST_H3_WITH_SENT,0.1991396904193532,0.2052469253540039
2025-11-18,IWM,XGBOOST_H3_WITH_SENT,0.20562989803495102,0.22939248383045197
2025-11-19,IWM,XGBOOST_H3_WITH_SENT,0.20550914983877577,0.22101393342018127
2025-11-20,IWM,XGBOOST_H3_WITH_SENT,0.18881456945049102,0.29116299748420715
2025-11-21,IWM,XGBOOST_H3_WITH_SENT,0.16980794092812249,0.26519298553466797
2025-11-24,IWM,XGBOOST_H3_WITH_SENT,0.16440747887257176,0.2661711275577545
2025-11-25,IWM,XGBOOST_H3_WITH_SENT,0.14845762375819058,0.26665377616882324
2025-11-26,IWM,XGBOOST_H3_WITH_SENT,0.14782642939103133,0.2221604436635971
2025-11-28,IWM,XGBOOST_H3_WITH_SENT,0.14873021420638144,0.28368616104125977
2025-12-01,IWM,XGBOOST_H3_WITH_SENT,0.14371352326933243,0.21115678548812866
2025-12-02,IWM,XGBOOST_H3_WITH_SENT,0.14644631553952658,0.2753797769546509
2025-12-03,IWM,XGBOOST_H3_WITH_SENT,0.13659660999142328,0.3452609181404114
2025-12-04,IWM,XGBOOST_H3_WITH_SENT,0.14458861087445962,0.3326956331729889
2025-12-05,IWM,XGBOOST_H3_WITH_SENT,0.15038144724256694,0.3446517884731293
2025-12-08,IWM,XGBOOST_H3_WITH_SENT,0.1508937118712736,0.3555346727371216
2025-12-09,IWM,XGBOOST_H3_WITH_SENT,0.15483575666048183,0.3673321008682251
2025-12-10,IWM,XGBOOST_H3_WITH_SENT,0.15008854743684943,0.3602948784828186
2025-12-11,IWM,XGBOOST_H3_WITH_SENT,0.1456887830668795,0.35603198409080505
2025-12-12,IWM,XGBOOST_H3_WITH_SENT,0.1325669361223282,0.3651553988456726
2025-12-15,IWM,XGBOOST_H3_WITH_SENT,0.12919654723766502,0.3624628186225891
2025-12-16,IWM,XGBOOST_H3_WITH_SENT,0.12825669343562704,0.36027461290359497
2025-12-17,IWM,XGBOOST_H3_WITH_SENT,0.11797098336148278,0.39784276485443115
2025-12-18,IWM,XGBOOST_H3_WITH_SENT,0.12992396544139845,0.3925696611404419
2025-12-19,IWM,XGBOOST_H3_WITH_SENT,0.1420579286492992,0.340493768453598
2025-12-22,IWM,XGBOOST_H3_WITH_SENT,0.13999212023794488,0.3345046639442444
2025-12-23,IWM,XGBOOST_H3_WITH_SENT,0.15707203394713784,0.30470144748687744
2025-12-24,IWM,XGBOOST_H3_WITH_SENT,0.15832515175439457,0.30070966482162476
2025-12-26,IWM,XGBOOST_H3_WITH_SENT,0.15596130514047193,0.3133302927017212
2025-12-29,IWM,XGBOOST_H3_WITH_SENT,0.15544209096342002,0.34041330218315125
2025-12-30,IWM,XGBOOST_H3_WITH_SENT,0.1511867587856729,0.3537970185279846
2025-12-31,IWM,XGBOOST_H3_WITH_SENT,0.15900382672768915,0.393783301115036
2024-10-16,EFA,XGBOOST_H3_WITH_SENT,0.14143813264661023,0.15245236456394196
2024-10-17,EFA,XGBOOST_H3_WITH_SENT,0.142102996246045,0.14794312417507172
2024-10-18,EFA,XGBOOST_H3_WITH_SENT,0.13786162274198122,0.1457444727420807
2024-10-21,EFA,XGBOOST_H3_WITH_SENT,0.13677683722514553,0.14826752245426178
2024-10-22,EFA,XGBOOST_H3_WITH_SENT,0.13615739146634384,0.15224707126617432
2024-10-23,EFA,XGBOOST_H3_WITH_SENT,0.13275669072043214,0.1527090072631836
2024-10-24,EFA,XGBOOST_H3_WITH_SENT,0.1302393600633806,0.15132750570774078
2024-10-25,EFA,XGBOOST_H3_WITH_SENT,0.1316386740598117,0.14977554976940155
2024-10-28,EFA,XGBOOST_H3_WITH_SENT,0.12930152985631507,0.15251418948173523
2024-10-29,EFA,XGBOOST_H3_WITH_SENT,0.1299772054934557,0.14800572395324707
2024-10-30,EFA,XGBOOST_H3_WITH_SENT,0.13103914963482988,0.15702871978282928
2024-10-31,EFA,XGBOOST_H3_WITH_SENT,0.1390307909071109,0.14505957067012787
2024-11-01,EFA,XGBOOST_H3_WITH_SENT,0.1392158352100954,0.14480315148830414
2024-11-04,EFA,XGBOOST_H3_WITH_SENT,0.14070870793522372,0.13865014910697937
2024-11-05,EFA,XGBOOST_H3_WITH_SENT,0.13595138075613744,0.14065894484519958
2024-11-06,EFA,XGBOOST_H3_WITH_SENT,0.12611802058422003,0.1366749107837677
2024-11-07,EFA,XGBOOST_H3_WITH_SENT,0.114026832686175,0.133365660905838
2024-11-08,EFA,XGBOOST_H3_WITH_SENT,0.10178461399810187,0.12744273245334625
2024-11-12,EFA,XGBOOST_H3_WITH_SENT,0.08316405717508424,0.12134099006652832
2024-11-13,EFA,XGBOOST_H3_WITH_SENT,0.08702996749167519,0.12502852082252502
2024-11-14,EFA,XGBOOST_H3_WITH_SENT,0.08807857457659315,0.12537339329719543
2024-11-15,EFA,XGBOOST_H3_WITH_SENT,0.08786372033083813,0.12601631879806519
2024-11-18,EFA,XGBOOST_H3_WITH_SENT,0.08665384518167145,0.11760421842336655
2024-11-19,EFA,XGBOOST_H3_WITH_SENT,0.12523481922947496,0.11793359369039536
2024-11-20,EFA,XGBOOST_H3_WITH_SENT,0.1253519813519105,0.12365328520536423
2024-11-21,EFA,XGBOOST_H3_WITH_SENT,0.12554615766327049,0.13009954988956451
2024-11-22,EFA,XGBOOST_H3_WITH_SENT,0.1271639546781235,0.13110102713108063
2024-11-25,EFA,XGBOOST_H3_WITH_SENT,0.1263374723237488,0.12962983548641205
2024-11-26,EFA,XGBOOST_H3_WITH_SENT,0.12622507723695547,0.1285836547613144
2024-11-27,EFA,XGBOOST_H3_WITH_SENT,0.12454916443444183,0.13113346695899963
2024-11-29,EFA,XGBOOST_H3_WITH_SENT,0.11502460005535496,0.13061946630477905
2024-12-02,EFA,XGBOOST_H3_WITH_SENT,0.11407178984236817,0.1265811026096344
2024-12-03,EFA,XGBOOST_H3_WITH_SENT,0.1108754469694229,0.1260596513748169
2024-12-04,EFA,XGBOOST_H3_WITH_SENT,0.11283244914683996,0.12737813591957092
2024-12-05,EFA,XGBOOST_H3_WITH_SENT,0.1175706487622631,0.1304578334093094
2024-12-06,EFA,XGBOOST_H3_WITH_SENT,0.11747795401300136,0.13451935350894928
2024-12-09,EFA,XGBOOST_H3_WITH_SENT,0.11740943240870712,0.13416768610477448
2024-12-10,EFA,XGBOOST_H3_WITH_SENT,0.12450070729664726,0.1381874680519104
2024-12-11,EFA,XGBOOST_H3_WITH_SENT,0.12052098072931657,0.13907359540462494
2024-12-12,EFA,XGBOOST_H3_WITH_SENT,0.11999644651270712,0.1429523229598999
2024-12-13,EFA,XGBOOST_H3_WITH_SENT,0.1306174071478707,0.1463519036769867
2024-12-16,EFA,XGBOOST_H3_WITH_SENT,0.13217373259785983,0.143720805644989
2024-12-17,EFA,XGBOOST_H3_WITH_SENT,0.13318978746273766,0.14434881508350372
2024-12-18,EFA,XGBOOST_H3_WITH_SENT,0.11848818672121995,0.15252511203289032
2024-12-19,EFA,XGBOOST_H3_WITH_SENT,0.11803651358670429,0.1466287076473236
2024-12-20,EFA,XGBOOST_H3_WITH_SENT,0.11872005219697074,0.13686658442020416
2024-12-23,EFA,XGBOOST_H3_WITH_SENT,0.11833721012397144,0.13886620104312897
2024-12-24,EFA,XGBOOST_H3_WITH_SENT,0.11852873096850401,0.13477382063865662
2024-12-26,EFA,XGBOOST_H3_WITH_SENT,0.1187216168588538,0.13434740900993347
2024-12-27,EFA,XGBOOST_H3_WITH_SENT,0.11832470884262643,0.13557274639606476
2024-12-30,EFA,XGBOOST_H3_WITH_SENT,0.11792088888656259,0.14662052690982819
2024-12-31,EFA,XGBOOST_H3_WITH_SENT,0.12540768917587244,0.14756932854652405
2025-01-02,EFA,XGBOOST_H3_WITH_SENT,0.13376107578866775,0.14542782306671143
2025-01-03,EFA,XGBOOST_H3_WITH_SENT,0.13786898047534965,0.1459878832101822
2025-01-06,EFA,XGBOOST_H3_WITH_SENT,0.13801172354678015,0.1616578847169876
2025-01-07,EFA,XGBOOST_H3_WITH_SENT,0.1377687247606574,0.15592354536056519
2025-01-08,EFA,XGBOOST_H3_WITH_SENT,0.1436801212672262,0.14873644709587097
2025-01-10,EFA,XGBOOST_H3_WITH_SENT,0.1285752156927523,0.15038561820983887
2025-01-13,EFA,XGBOOST_H3_WITH_SENT,0.12661424240215974,0.1504862755537033
2025-01-14,EFA,XGBOOST_H3_WITH_SENT,0.12661423534593405,0.15264485776424408
2025-01-15,EFA,XGBOOST_H3_WITH_SENT,0.12602095975354305,0.13582520186901093
2025-01-16,EFA,XGBOOST_H3_WITH_SENT,0.1261169156947586,0.13168267905712128
2025-01-17,EFA,XGBOOST_H3_WITH_SENT,0.12680096314827954,0.12861508131027222
2025-01-21,EFA,XGBOOST_H3_WITH_SENT,0.1203868711662292,0.12770907580852509
2025-01-22,EFA,XGBOOST_H3_WITH_SENT,0.11954980418378373,0.12336334586143494
2025-01-23,EFA,XGBOOST_H3_WITH_SENT,0.1213165670420091,0.12887899577617645
2025-01-24,EFA,XGBOOST_H3_WITH_SENT,0.12069520221405407,0.12270749360322952
2025-01-27,EFA,XGBOOST_H3_WITH_SENT,0.12353055383894038,0.12660004198551178
2025-01-28,EFA,XGBOOST_H3_WITH_SENT,0.12300289921432488,0.1332203894853592
2025-01-29,EFA,XGBOOST_H3_WITH_SENT,0.1317174139901832,0.13403841853141785
2025-01-30,EFA,XGBOOST_H3_WITH_SENT,0.12690150599279756,0.1261018067598343
2025-01-31,EFA,XGBOOST_H3_WITH_SENT,0.12536138549813983,0.1250472217798233
2025-02-03,EFA,XGBOOST_H3_WITH_SENT,0.11473594170774075,0.1246519535779953
2025-02-04,EFA,XGBOOST_H3_WITH_SENT,0.13365944006848873,0.12604153156280518
2025-02-05,EFA,XGBOOST_H3_WITH_SENT,0.13954568525855568,0.12010886520147324
2025-02-06,EFA,XGBOOST_H3_WITH_SENT,0.1423086245568117,0.12195362895727158
2025-02-07,EFA,XGBOOST_H3_WITH_SENT,0.16553416009458566,0.12133157253265381
2025-02-10,EFA,XGBOOST_H3_WITH_SENT,0.16538225086962852,0.1376992166042328
2025-02-11,EFA,XGBOOST_H3_WITH_SENT,0.16628307614369453,0.14074181020259857
2025-02-12,EFA,XGBOOST_H3_WITH_SENT,0.16840310571189132,0.14273983240127563
2025-02-13,EFA,XGBOOST_H3_WITH_SENT,0.17511682214989277,0.1333833485841751
2025-02-14,EFA,XGBOOST_H3_WITH_SENT,0.17869931575959677,0.13852325081825256
2025-02-18,EFA,XGBOOST_H3_WITH_SENT,0.17757089405932688,0.13945554196834564
2025-02-19,EFA,XGBOOST_H3_WITH_SENT,0.17222079533022522,0.13796314597129822
2025-02-20,EFA,XGBOOST_H3_WITH_SENT,0.17568685786738453,0.14659014344215393
2025-02-21,EFA,XGBOOST_H3_WITH_SENT,0.17566485727947279,0.1394069939851761
2025-02-24,EFA,XGBOOST_H3_WITH_SENT,0.17560288008008865,0.14270153641700745
2025-02-25,EFA,XGBOOST_H3_WITH_SENT,0.1739723501738614,0.14559583365917206
2025-02-26,EFA,XGBOOST_H3_WITH_SENT,0.18108932192095858,0.1458040475845337
2025-02-27,EFA,XGBOOST_H3_WITH_SENT,0.17571421382361754,0.14505714178085327
2025-02-28,EFA,XGBOOST_H3_WITH_SENT,0.17920306637730374,0.14449666440486908
2025-03-03,EFA,XGBOOST_H3_WITH_SENT,0.1777269154703947,0.15227143466472626
2025-03-04,EFA,XGBOOST_H3_WITH_SENT,0.17785780548097244,0.14894719421863556
2025-03-05,EFA,XGBOOST_H3_WITH_SENT,0.15427693638940038,0.14537157118320465
2025-03-06,EFA,XGBOOST_H3_WITH_SENT,0.1668606625663449,0.16088984906673431
2025-03-07,EFA,XGBOOST_H3_WITH_SENT,0.2828472658844938,0.14522337913513184
2025-03-10,EFA,XGBOOST_H3_WITH_SENT,0.2833341548324812,0.1695055067539215
2025-03-11,EFA,XGBOOST_H3_WITH_SENT,0.2833319751771322,0.1818823218345642
2025-03-12,EFA,XGBOOST_H3_WITH_SENT,0.4005877530896807,0.15664589405059814
2025-03-13,EFA,XGBOOST_H3_WITH_SENT,0.40511784785307314,0.1652422845363617
2025-03-14,EFA,XGBOOST_H3_WITH_SENT,0.410341175060358,0.18170306086540222
2025-03-17,EFA,XGBOOST_H3_WITH_SENT,0.41013471409225954,0.1782943457365036
2025-03-18,EFA,XGBOOST_H3_WITH_SENT,0.4122303290372175,0.18278051912784576
2025-03-19,EFA,XGBOOST_H3_WITH_SENT,0.4117484792062911,0.184783473610878
2025-03-20,EFA,XGBOOST_H3_WITH_SENT,0.41392821142958147,0.17729008197784424
2025-03-21,EFA,XGBOOST_H3_WITH_SENT,0.41383192911394334,0.17567114531993866
2025-03-24,EFA,XGBOOST_H3_WITH_SENT,0.4213587688125607,0.16466021537780762
2025-03-25,EFA,XGBOOST_H3_WITH_SENT,0.42109832980556816,0.16775856912136078
2025-03-26,EFA,XGBOOST_H3_WITH_SENT,0.4213470665671749,0.17014549672603607
2025-03-27,EFA,XGBOOST_H3_WITH_SENT,0.42152950071946627,0.17262452840805054
2025-03-28,EFA,XGBOOST_H3_WITH_SENT,0.4205051315110149,0.1701686978340149
2025-03-31,EFA,XGBOOST_H3_WITH_SENT,0.4187677879194909,0.1727128028869629
2025-04-01,EFA,XGBOOST_H3_WITH_SENT,0.41890715943943035,0.16889020800590515
2025-04-02,EFA,XGBOOST_H3_WITH_SENT,0.4192627288900266,0.16488277912139893
2025-04-03,EFA,XGBOOST_H3_WITH_SENT,0.41470400135860624,0.18582379817962646
2025-04-04,EFA,XGBOOST_H3_WITH_SENT,0.3170354169202381,0.33462557196617126
2025-04-07,EFA,XGBOOST_H3_WITH_SENT,0.2966215370126509,0.35001397132873535
2025-04-08,EFA,XGBOOST_H3_WITH_SENT,0.29659664202959424,0.27668413519859314
2025-04-09,EFA,XGBOOST_H3_WITH_SENT,0.16620835262740946,0.29320454597473145
2025-04-10,EFA,XGBOOST_H3_WITH_SENT,0.13956761638892057,0.3704056739807129
2025-04-11,EFA,XGBOOST_H3_WITH_SENT,0.11960553225746813,0.3747049570083618
2025-04-14,EFA,XGBOOST_H3_WITH_SENT,0.11778910858645698,0.3777293264865875
2025-04-15,EFA,XGBOOST_H3_WITH_SENT,0.12029905295928243,0.3789588510990143
2025-04-16,EFA,XGBOOST_H3_WITH_SENT,0.11996645968978185,0.3829804062843323
2025-04-17,EFA,XGBOOST_H3_WITH_SENT,0.11742477182718554,0.37834569811820984
2025-04-21,EFA,XGBOOST_H3_WITH_SENT,0.1139943953842975,0.2598739564418793
2025-04-22,EFA,XGBOOST_H3_WITH_SENT,0.09692796508411984,0.23834572732448578
2025-04-23,EFA,XGBOOST_H3_WITH_SENT,0.10259350276026741,0.24935609102249146
2025-04-24,EFA,XGBOOST_H3_WITH_SENT,0.09604339463122223,0.21887889504432678
2025-04-25,EFA,XGBOOST_H3_WITH_SENT,0.09585098142063715,0.22212253510951996
2025-04-28,EFA,XGBOOST_H3_WITH_SENT,0.10418904101654834,0.22506952285766602
2025-04-29,EFA,XGBOOST_H3_WITH_SENT,0.11587091673552596,0.22064967453479767
2025-04-30,EFA,XGBOOST_H3_WITH_SENT,0.1155426153247175,0.2256484478712082
2025-05-01,EFA,XGBOOST_H3_WITH_SENT,0.11379473492473936,0.2093740999698639
2025-05-02,EFA,XGBOOST_H3_WITH_SENT,0.1008619196811602,0.18422085046768188
2025-05-05,EFA,XGBOOST_H3_WITH_SENT,0.10657400447236172,0.18686190247535706
2025-05-06,EFA,XGBOOST_H3_WITH_SENT,0.10646212877476705,0.21145416796207428
2025-05-07,EFA,XGBOOST_H3_WITH_SENT,0.10511022533938,0.18828512728214264
2025-05-08,EFA,XGBOOST_H3_WITH_SENT,0.1031480515389347,0.19259874522686005
2025-05-09,EFA,XGBOOST_H3_WITH_SENT,0.10306594386863986,0.19036409258842468
2025-05-12,EFA,XGBOOST_H3_WITH_SENT,0.10249468935584195,0.20168735086917877
2025-05-13,EFA,XGBOOST_H3_WITH_SENT,0.10328289755105237,0.1968076229095459
2025-05-14,EFA,XGBOOST_H3_WITH_SENT,0.10211856859076666,0.19960713386535645
2025-05-15,EFA,XGBOOST_H3_WITH_SENT,0.11061446573248253,0.2004338651895523
2025-05-16,EFA,XGBOOST_H3_WITH_SENT,0.11091646556322284,0.1972789764404297
2025-05-19,EFA,XGBOOST_H3_WITH_SENT,0.11652972263663713,0.1982695758342743
2025-05-20,EFA,XGBOOST_H3_WITH_SENT,0.11545697313405326,0.1962251216173172
2025-05-21,EFA,XGBOOST_H3_WITH_SENT,0.11807716990324028,0.1982506662607193
2025-05-22,EFA,XGBOOST_H3_WITH_SENT,0.1210729637768703,0.18635034561157227
2025-05-23,EFA,XGBOOST_H3_WITH_SENT,0.12810877461798742,0.1876743733882904
2025-05-27,EFA,XGBOOST_H3_WITH_SENT,0.11931264948651371,0.16647933423519135
2025-05-28,EFA,XGBOOST_H3_WITH_SENT,0.11761829780847698,0.17339900135993958
2025-05-29,EFA,XGBOOST_H3_WITH_SENT,0.12047355119667079,0.15150459110736847
2025-05-30,EFA,XGBOOST_H3_WITH_SENT,0.12049292920573948,0.176838219165802
2025-06-02,EFA,XGBOOST_H3_WITH_SENT,0.1155016769981493,0.14351129531860352
2025-06-03,EFA,XGBOOST_H3_WITH_SENT,0.11159828054767634,0.15164388716220856
2025-06-04,EFA,XGBOOST_H3_WITH_SENT,0.11090575824017576,0.15467214584350586
2025-06-05,EFA,XGBOOST_H3_WITH_SENT,0.11848186187515893,0.15833409130573273
2025-06-06,EFA,XGBOOST_H3_WITH_SENT,0.12054948695319755,0.15630167722702026
2025-06-09,EFA,XGBOOST_H3_WITH_SENT,0.12298100076174531,0.16135716438293457
2025-06-10,EFA,XGBOOST_H3_WITH_SENT,0.12310028440852044,0.11274396628141403
2025-06-11,EFA,XGBOOST_H3_WITH_SENT,0.12837066660124824,0.11141368001699448
2025-06-12,EFA,XGBOOST_H3_WITH_SENT,0.12550078401355297,0.11104902625083923
2025-06-13,EFA,XGBOOST_H3_WITH_SENT,0.1224560816302131,0.11184035986661911
2025-06-16,EFA,XGBOOST_H3_WITH_SENT,0.12259238313822064,0.1108587458729744
2025-06-17,EFA,XGBOOST_H3_WITH_SENT,0.11346103309828082,0.11363974213600159
2025-06-18,EFA,XGBOOST_H3_WITH_SENT,0.11419088090650699,0.12063614279031754
2025-06-20,EFA,XGBOOST_H3_WITH_SENT,0.10924278876989678,0.13200902938842773
2025-06-23,EFA,XGBOOST_H3_WITH_SENT,0.10799142119479575,0.13640056550502777
2025-06-24,EFA,XGBOOST_H3_WITH_SENT,0.1310333322306058,0.13723935186862946
2025-06-25,EFA,XGBOOST_H3_WITH_SENT,0.1327060572358394,0.13592177629470825
2025-06-26,EFA,XGBOOST_H3_WITH_SENT,0.1284206833534043,0.1366882473230362
2025-06-27,EFA,XGBOOST_H3_WITH_SENT,0.13896254648246345,0.13437163829803467
2025-06-30,EFA,XGBOOST_H3_WITH_SENT,0.13911910865425625,0.12875355780124664
2025-07-01,EFA,XGBOOST_H3_WITH_SENT,0.14128885883165576,0.13052794337272644
2025-07-02,EFA,XGBOOST_H3_WITH_SENT,0.14530702344892843,0.12465864419937134
2025-07-03,EFA,XGBOOST_H3_WITH_SENT,0.14531067280963805,0.1291058212518692
2025-07-07,EFA,XGBOOST_H3_WITH_SENT,0.14924334038246942,0.1395842730998993
2025-07-08,EFA,XGBOOST_H3_WITH_SENT,0.14668538079337656,0.14399877190589905
2025-07-09,EFA,XGBOOST_H3_WITH_SENT,0.14604538142364687,0.14615797996520996
2025-07-10,EFA,XGBOOST_H3_WITH_SENT,0.14981601372424203,0.14893180131912231
2025-07-11,EFA,XGBOOST_H3_WITH_SENT,0.14678166700519024,0.16671688854694366
2025-07-14,EFA,XGBOOST_H3_WITH_SENT,0.1478415138437426,0.16501232981681824
2025-07-15,EFA,XGBOOST_H3_WITH_SENT,0.14717296972044544,0.14471842348575592
2025-07-16,EFA,XGBOOST_H3_WITH_SENT,0.14774619508560494,0.15283659100532532
2025-07-17,EFA,XGBOOST_H3_WITH_SENT,0.14783440515932086,0.1538935750722885
2025-07-18,EFA,XGBOOST_H3_WITH_SENT,0.14753796688092,0.15186835825443268
2025-07-21,EFA,XGBOOST_H3_WITH_SENT,0.1474529451701935,0.15054097771644592
2025-07-22,EFA,XGBOOST_H3_WITH_SENT,0.1469001736078656,0.15935645997524261
2025-07-23,EFA,XGBOOST_H3_WITH_SENT,0.11964981620686792,0.1570964753627777
2025-07-24,EFA,XGBOOST_H3_WITH_SENT,0.11869490789965793,0.1573987752199173
2025-07-25,EFA,XGBOOST_H3_WITH_SENT,0.128897123688754,0.16502369940280914
2025-07-28,EFA,XGBOOST_H3_WITH_SENT,0.12391203709621156,0.17229579389095306
2025-07-29,EFA,XGBOOST_H3_WITH_SENT,0.12360581426113856,0.1626085788011551
2025-07-30,EFA,XGBOOST_H3_WITH_SENT,0.12022233696135848,0.15953074395656586
2025-07-31,EFA,XGBOOST_H3_WITH_SENT,0.11074516010820686,0.17059671878814697
2025-08-01,EFA,XGBOOST_H3_WITH_SENT,0.11332022182922995,0.1882110834121704
2025-08-04,EFA,XGBOOST_H3_WITH_SENT,0.11361636036656783,0.17553845047950745
2025-08-05,EFA,XGBOOST_H3_WITH_SENT,0.11351656468055475,0.1786802113056183
2025-08-06,EFA,XGBOOST_H3_WITH_SENT,0.11398176618034195,0.20141567289829254
2025-08-07,EFA,XGBOOST_H3_WITH_SENT,0.11107612110170513,0.19642531871795654
2025-08-08,EFA,XGBOOST_H3_WITH_SENT,0.1141995710479488,0.19948318600654602
2025-08-11,EFA,XGBOOST_H3_WITH_SENT,0.11368820704408668,0.20377641916275024
2025-08-12,EFA,XGBOOST_H3_WITH_SENT,0.10630103938479488,0.18034012615680695
2025-08-13,EFA,XGBOOST_H3_WITH_SENT,0.11044472228638949,0.18344368040561676
2025-08-14,EFA,XGBOOST_H3_WITH_SENT,0.1117882877473559,0.18179549276828766
2025-08-15,EFA,XGBOOST_H3_WITH_SENT,0.11229134615397121,0.1855737417936325
2025-08-18,EFA,XGBOOST_H3_WITH_SENT,0.11282197184112161,0.180977925658226
2025-08-19,EFA,XGBOOST_H3_WITH_SENT,0.1139102638798013,0.1808888167142868
2025-08-20,EFA,XGBOOST_H3_WITH_SENT,0.11401800424873483,0.17998106777668
2025-08-21,EFA,XGBOOST_H3_WITH_SENT,0.11241145736838065,0.18234391510486603
2025-08-22,EFA,XGBOOST_H3_WITH_SENT,0.09963225924567158,0.18160295486450195
2025-08-25,EFA,XGBOOST_H3_WITH_SENT,0.08683252862686724,0.17205274105072021
2025-08-26,EFA,XGBOOST_H3_WITH_SENT,0.08963188176361554,0.1775241196155548
2025-08-27,EFA,XGBOOST_H3_WITH_SENT,0.09310258746193907,0.18101456761360168
2025-08-28,EFA,XGBOOST_H3_WITH_SENT,0.09616224360919139,0.18441055715084076
2025-08-29,EFA,XGBOOST_H3_WITH_SENT,0.09401330896249198,0.18314789235591888
2025-09-02,EFA,XGBOOST_H3_WITH_SENT,0.08561560992136408,0.18537373840808868
2025-09-03,EFA,XGBOOST_H3_WITH_SENT,0.08885505939062294,0.18511390686035156
2025-09-04,EFA,XGBOOST_H3_WITH_SENT,0.08653519424164528,0.18433143198490143
2025-09-05,EFA,XGBOOST_H3_WITH_SENT,0.0893036770436439,0.1434098482131958
2025-09-08,EFA,XGBOOST_H3_WITH_SENT,0.08393904076605507,0.14676737785339355
2025-09-09,EFA,XGBOOST_H3_WITH_SENT,0.08994337438604916,0.14697860181331635
2025-09-10,EFA,XGBOOST_H3_WITH_SENT,0.09002967041113134,0.15236440300941467
2025-09-11,EFA,XGBOOST_H3_WITH_SENT,0.08906229211405899,0.15086917579174042
2025-09-12,EFA,XGBOOST_H3_WITH_SENT,0.11084731698069583,0.14736035466194153
2025-09-15,EFA,XGBOOST_H3_WITH_SENT,0.11207828736194653,0.1590561866760254
2025-09-16,EFA,XGBOOST_H3_WITH_SENT,0.11295305689800192,0.16142207384109497
2025-09-17,EFA,XGBOOST_H3_WITH_SENT,0.11323842820412679,0.16110104322433472
2025-09-18,EFA,XGBOOST_H3_WITH_SENT,0.1138736383925576,0.16792821884155273
2025-09-19,EFA,XGBOOST_H3_WITH_SENT,0.11274972165652646,0.1703832447528839
2025-09-22,EFA,XGBOOST_H3_WITH_SENT,0.11553166766810348,0.1685100793838501
2025-09-23,EFA,XGBOOST_H3_WITH_SENT,0.11896142590578977,0.16703923046588898
2025-09-24,EFA,XGBOOST_H3_WITH_SENT,0.11674671757788231,0.16556106507778168
2025-09-25,EFA,XGBOOST_H3_WITH_SENT,0.11327838319698341,0.16202545166015625
2025-09-26,EFA,XGBOOST_H3_WITH_SENT,0.11096374365074695,0.16265200078487396
2025-09-29,EFA,XGBOOST_H3_WITH_SENT,0.1124226709371046,0.16318632662296295
2025-09-30,EFA,XGBOOST_H3_WITH_SENT,0.1121538672308169,0.16802632808685303
2025-10-01,EFA,XGBOOST_H3_WITH_SENT,0.11147697440183661,0.17050451040267944
2025-10-02,EFA,XGBOOST_H3_WITH_SENT,0.11274694017328653,0.176408588886261
2025-10-03,EFA,XGBOOST_H3_WITH_SENT,0.10881509071541805,0.17257077991962433
2025-10-06,EFA,XGBOOST_H3_WITH_SENT,0.108417255450517,0.1539486050605774
2025-10-07,EFA,XGBOOST_H3_WITH_SENT,0.11014502924219187,0.16251137852668762
2025-10-08,EFA,XGBOOST_H3_WITH_SENT,0.11222304907725007,0.16823962330818176
2025-10-09,EFA,XGBOOST_H3_WITH_SENT,0.10853434338640366,0.19103308022022247
2025-10-10,EFA,XGBOOST_H3_WITH_SENT,0.08402415681695713,0.16567787528038025
2025-10-14,EFA,XGBOOST_H3_WITH_SENT,0.08904086522626568,0.15647026896476746
2025-10-15,EFA,XGBOOST_H3_WITH_SENT,0.08969698868074034,0.17298568785190582
2025-10-16,EFA,XGBOOST_H3_WITH_SENT,0.09820635072306316,0.18871602416038513
2025-10-17,EFA,XGBOOST_H3_WITH_SENT,0.09884586464907669,0.17721976339817047
2025-10-20,EFA,XGBOOST_H3_WITH_SENT,0.10523080249281849,0.1722690463066101
2025-10-21,EFA,XGBOOST_H3_WITH_SENT,0.11176903722828244,0.17948409914970398
2025-10-22,EFA,XGBOOST_H3_WITH_SENT,0.11199876030205623,0.18735477328300476
2025-10-23,EFA,XGBOOST_H3_WITH_SENT,0.1187170417922708,0.19500203430652618
2025-10-24,EFA,XGBOOST_H3_WITH_SENT,0.13330437475409015,0.19742146134376526
2025-10-27,EFA,XGBOOST_H3_WITH_SENT,0.13006067433852905,0.2013050615787506
2025-10-28,EFA,XGBOOST_H3_WITH_SENT,0.13858497481798854,0.3307521939277649
2025-10-29,EFA,XGBOOST_H3_WITH_SENT,0.1435318669895242,0.17577442526817322
2025-10-30,EFA,XGBOOST_H3_WITH_SENT,0.14310480953177993,0.3030724823474884
2025-10-31,EFA,XGBOOST_H3_WITH_SENT,0.14405664266559975,0.1754041314125061
2025-11-03,EFA,XGBOOST_H3_WITH_SENT,0.14451825501983684,0.1750689297914505
2025-11-04,EFA,XGBOOST_H3_WITH_SENT,0.1399280619427438,0.16849853098392487
2025-11-05,EFA,XGBOOST_H3_WITH_SENT,0.1386702316868454,0.16840402781963348
2025-11-06,EFA,XGBOOST_H3_WITH_SENT,0.13823371813402982,0.1700451523065567
2025-11-07,EFA,XGBOOST_H3_WITH_SENT,0.13857371062130802,0.16915497183799744
2025-11-10,EFA,XGBOOST_H3_WITH_SENT,0.1337456119027928,0.15299531817436218
2025-11-12,EFA,XGBOOST_H3_WITH_SENT,0.13703810626127505,0.1516367793083191
2025-11-13,EFA,XGBOOST_H3_WITH_SENT,0.1325488408274313,0.1590672731399536
2025-11-14,EFA,XGBOOST_H3_WITH_SENT,0.13335396753104253,0.15841032564640045
2025-11-17,EFA,XGBOOST_H3_WITH_SENT,0.12462629172779605,0.16000095009803772
2025-11-18,EFA,XGBOOST_H3_WITH_SENT,0.11812670499719016,0.16731053590774536
2025-11-19,EFA,XGBOOST_H3_WITH_SENT,0.11831020426636177,0.16317977011203766
2025-11-20,EFA,XGBOOST_H3_WITH_SENT,0.10283694849562927,0.2544983923435211
2025-11-21,EFA,XGBOOST_H3_WITH_SENT,0.09222404877492861,0.2356690913438797
2025-11-24,EFA,XGBOOST_H3_WITH_SENT,0.09287154389680197,0.22875100374221802
2025-11-25,EFA,XGBOOST_H3_WITH_SENT,0.08647877088098568,0.22312694787979126
2025-11-26,EFA,XGBOOST_H3_WITH_SENT,0.08018699489470645,0.17129236459732056
2025-11-28,EFA,XGBOOST_H3_WITH_SENT,0.08169813180600458,0.2360183298587799
2025-12-01,EFA,XGBOOST_H3_WITH_SENT,0.07810224376025876,0.1690838783979416
2025-12-02,EFA,XGBOOST_H3_WITH_SENT,0.0807167792641905,0.2507908344268799
2025-12-03,EFA,XGBOOST_H3_WITH_SENT,0.08589462603275996,0.29108473658561707
2025-12-04,EFA,XGBOOST_H3_WITH_SENT,0.09253191461580698,0.2840864360332489
2025-12-05,EFA,XGBOOST_H3_WITH_SENT,0.09222956371228697,0.2922186255455017
2025-12-08,EFA,XGBOOST_H3_WITH_SENT,0.09274126055169354,0.3140964210033417
2025-12-09,EFA,XGBOOST_H3_WITH_SENT,0.09214977081524403,0.3174946904182434
2025-12-10,EFA,XGBOOST_H3_WITH_SENT,0.08964226636507336,0.31535065174102783
2025-12-11,EFA,XGBOOST_H3_WITH_SENT,0.08973409776449781,0.3066926598548889
2025-12-12,EFA,XGBOOST_H3_WITH_SENT,0.09027226008216666,0.30970093607902527
2025-12-15,EFA,XGBOOST_H3_WITH_SENT,0.0895633943668052,0.32436656951904297
2025-12-16,EFA,XGBOOST_H3_WITH_SENT,0.08659017076906533,0.30962449312210083
2025-12-17,EFA,XGBOOST_H3_WITH_SENT,0.07741774669503709,0.3438769280910492
2025-12-18,EFA,XGBOOST_H3_WITH_SENT,0.09870964024370969,0.3530530333518982
2025-12-19,EFA,XGBOOST_H3_WITH_SENT,0.10185206327408677,0.31513601541519165
2025-12-22,EFA,XGBOOST_H3_WITH_SENT,0.10210119941588497,0.3135354220867157
2025-12-23,EFA,XGBOOST_H3_WITH_SENT,0.10177853983055335,0.2562999427318573
2025-12-24,EFA,XGBOOST_H3_WITH_SENT,0.10233723200392426,0.24236606061458588
2025-12-26,EFA,XGBOOST_H3_WITH_SENT,0.11361871722250676,0.256513774394989
2025-12-29,EFA,XGBOOST_H3_WITH_SENT,0.12170939069809643,0.3002548813819885
2025-12-30,EFA,XGBOOST_H3_WITH_SENT,0.12261976541267888,0.38227608799934387
2025-12-31,EFA,XGBOOST_H3_WITH_SENT,0.12769596890604257,0.36660778522491455
2024-10-16,EEM,XGBOOST_H3_WITH_SENT,0.16916513391328442,0.218683660030365
2024-10-17,EEM,XGBOOST_H3_WITH_SENT,0.16941965246356158,0.20425958931446075
2024-10-18,EEM,XGBOOST_H3_WITH_SENT,0.16311866021053062,0.20154209434986115
2024-10-21,EEM,XGBOOST_H3_WITH_SENT,0.1704965048828913,0.210784450173378
2024-10-22,EEM,XGBOOST_H3_WITH_SENT,0.17060715043919167,0.19863077998161316
2024-10-23,EEM,XGBOOST_H3_WITH_SENT,0.17011357647300845,0.20907866954803467
2024-10-24,EEM,XGBOOST_H3_WITH_SENT,0.17010074676735124,0.19372518360614777
2024-10-25,EEM,XGBOOST_H3_WITH_SENT,0.17025592262681355,0.17541681230068207
2024-10-28,EEM,XGBOOST_H3_WITH_SENT,0.16887511919541706,0.19374874234199524
2024-10-29,EEM,XGBOOST_H3_WITH_SENT,0.1689872876866768,0.17482346296310425
2024-10-30,EEM,XGBOOST_H3_WITH_SENT,0.16708544369189252,0.19030514359474182
2024-10-31,EEM,XGBOOST_H3_WITH_SENT,0.1665158946415474,0.17992447316646576
2024-11-01,EEM,XGBOOST_H3_WITH_SENT,0.16740244050937358,0.19006824493408203
2024-11-04,EEM,XGBOOST_H3_WITH_SENT,0.16595985704286545,0.16618961095809937
2024-11-05,EEM,XGBOOST_H3_WITH_SENT,0.15719528863299898,0.16223593056201935
2024-11-06,EEM,XGBOOST_H3_WITH_SENT,0.15485813788034575,0.17730040848255157
2024-11-07,EEM,XGBOOST_H3_WITH_SENT,0.12922962658140594,0.16098669171333313
2024-11-08,EEM,XGBOOST_H3_WITH_SENT,0.12295174035420393,0.1574508547782898
2024-11-12,EEM,XGBOOST_H3_WITH_SENT,0.11405396049935743,0.16190595924854279
2024-11-13,EEM,XGBOOST_H3_WITH_SENT,0.11291630801972638,0.16460968554019928
2024-11-14,EEM,XGBOOST_H3_WITH_SENT,0.11028873517546985,0.1532105952501297
2024-11-15,EEM,XGBOOST_H3_WITH_SENT,0.11278315528204251,0.1478131115436554
2024-11-18,EEM,XGBOOST_H3_WITH_SENT,0.10638185080286952,0.14136554300785065
2024-11-19,EEM,XGBOOST_H3_WITH_SENT,0.135986525746181,0.14251208305358887
2024-11-20,EEM,XGBOOST_H3_WITH_SENT,0.13678820742285516,0.13311053812503815
2024-11-21,EEM,XGBOOST_H3_WITH_SENT,0.13765058794527457,0.14688687026500702
2024-11-22,EEM,XGBOOST_H3_WITH_SENT,0.13928528447174557,0.14793232083320618
2024-11-25,EEM,XGBOOST_H3_WITH_SENT,0.13970604207813925,0.14794135093688965
2024-11-26,EEM,XGBOOST_H3_WITH_SENT,0.13946752772962584,0.14050345122814178
2024-11-27,EEM,XGBOOST_H3_WITH_SENT,0.14029629051819903,0.14306096732616425
2024-11-29,EEM,XGBOOST_H3_WITH_SENT,0.14281946291078412,0.14107130467891693
2024-12-02,EEM,XGBOOST_H3_WITH_SENT,0.14203466485459063,0.13800393044948578
2024-12-03,EEM,XGBOOST_H3_WITH_SENT,0.14155702096546566,0.1408539116382599
2024-12-04,EEM,XGBOOST_H3_WITH_SENT,0.14591083341203778,0.14181020855903625
2024-12-05,EEM,XGBOOST_H3_WITH_SENT,0.14421021834895228,0.15039321780204773
2024-12-06,EEM,XGBOOST_H3_WITH_SENT,0.1458144752006727,0.15319305658340454
2024-12-09,EEM,XGBOOST_H3_WITH_SENT,0.12163339048929704,0.15375711023807526
2024-12-10,EEM,XGBOOST_H3_WITH_SENT,0.1230246569794683,0.15300093591213226
2024-12-11,EEM,XGBOOST_H3_WITH_SENT,0.12123152864085436,0.15584370493888855
2024-12-12,EEM,XGBOOST_H3_WITH_SENT,0.13122033625307505,0.1644584834575653
2024-12-13,EEM,XGBOOST_H3_WITH_SENT,0.14180033772827852,0.16699247062206268
2024-12-16,EEM,XGBOOST_H3_WITH_SENT,0.14112464692708113,0.16809740662574768
2024-12-17,EEM,XGBOOST_H3_WITH_SENT,0.14494933791645884,0.16697952151298523
2024-12-18,EEM,XGBOOST_H3_WITH_SENT,0.123715274898377,0.166123628616333
2024-12-19,EEM,XGBOOST_H3_WITH_SENT,0.12332130368904709,0.1516961008310318
2024-12-20,EEM,XGBOOST_H3_WITH_SENT,0.12283594300795492,0.14638085663318634
2024-12-23,EEM,XGBOOST_H3_WITH_SENT,0.12336709897419806,0.15375541150569916
2024-12-24,EEM,XGBOOST_H3_WITH_SENT,0.13978468102781008,0.15418565273284912
2024-12-26,EEM,XGBOOST_H3_WITH_SENT,0.14201409627577244,0.1500648707151413
2024-12-27,EEM,XGBOOST_H3_WITH_SENT,0.14102855990150479,0.14941617846488953
2024-12-30,EEM,XGBOOST_H3_WITH_SENT,0.14903636508438292,0.15130764245986938
2024-12-31,EEM,XGBOOST_H3_WITH_SENT,0.1551116100047702,0.1541220247745514
2025-01-02,EEM,XGBOOST_H3_WITH_SENT,0.15772833289838203,0.16002580523490906
2025-01-03,EEM,XGBOOST_H3_WITH_SENT,0.16641924095246413,0.1566447615623474
2025-01-06,EEM,XGBOOST_H3_WITH_SENT,0.16668290143841144,0.16815176606178284
2025-01-07,EEM,XGBOOST_H3_WITH_SENT,0.16428923998617465,0.17033468186855316
2025-01-08,EEM,XGBOOST_H3_WITH_SENT,0.1629166082481096,0.17196707427501678
2025-01-10,EEM,XGBOOST_H3_WITH_SENT,0.1507157431679551,0.18459686636924744
2025-01-13,EEM,XGBOOST_H3_WITH_SENT,0.14848807377588236,0.19069804251194
2025-01-14,EEM,XGBOOST_H3_WITH_SENT,0.14578666861289377,0.18497790396213531
2025-01-15,EEM,XGBOOST_H3_WITH_SENT,0.14157307597877938,0.16307567059993744
2025-01-16,EEM,XGBOOST_H3_WITH_SENT,0.14189735582677615,0.15814177691936493
2025-01-17,EEM,XGBOOST_H3_WITH_SENT,0.14129687579216496,0.15566425025463104
2025-01-21,EEM,XGBOOST_H3_WITH_SENT,0.13917152712878747,0.14929158985614777
2025-01-22,EEM,XGBOOST_H3_WITH_SENT,0.14103192860382024,0.15124696493148804
2025-01-23,EEM,XGBOOST_H3_WITH_SENT,0.1424776826073674,0.151766836643219
2025-01-24,EEM,XGBOOST_H3_WITH_SENT,0.15517753073037263,0.15701085329055786
2025-01-27,EEM,XGBOOST_H3_WITH_SENT,0.13661119660992033,0.17151133716106415
2025-01-28,EEM,XGBOOST_H3_WITH_SENT,0.13813849250518137,0.17148740589618683
2025-01-29,EEM,XGBOOST_H3_WITH_SENT,0.15899660427251466,0.17493940889835358
2025-01-30,EEM,XGBOOST_H3_WITH_SENT,0.1570927276765402,0.17368076741695404
2025-01-31,EEM,XGBOOST_H3_WITH_SENT,0.15486587186586367,0.1704072803258896
2025-02-03,EEM,XGBOOST_H3_WITH_SENT,0.15489753304459325,0.17494617402553558
2025-02-04,EEM,XGBOOST_H3_WITH_SENT,0.17585437630867617,0.16743694245815277
2025-02-05,EEM,XGBOOST_H3_WITH_SENT,0.17750248728769782,0.1687503457069397
2025-02-06,EEM,XGBOOST_H3_WITH_SENT,0.17769456829625843,0.16430234909057617
2025-02-07,EEM,XGBOOST_H3_WITH_SENT,0.19943072623108893,0.1687294989824295
2025-02-10,EEM,XGBOOST_H3_WITH_SENT,0.1969507355449951,0.17901907861232758
2025-02-11,EEM,XGBOOST_H3_WITH_SENT,0.1973005953533102,0.17938025295734406
2025-02-12,EEM,XGBOOST_H3_WITH_SENT,0.19699849517384804,0.18090838193893433
2025-02-13,EEM,XGBOOST_H3_WITH_SENT,0.2062303228745926,0.17491956055164337
2025-02-14,EEM,XGBOOST_H3_WITH_SENT,0.21293314013495704,0.1715252697467804
2025-02-18,EEM,XGBOOST_H3_WITH_SENT,0.2130409752494451,0.17463108897209167
2025-02-19,EEM,XGBOOST_H3_WITH_SENT,0.21300761586530734,0.18531078100204468
2025-02-20,EEM,XGBOOST_H3_WITH_SENT,0.21335040989632542,0.1854284703731537
2025-02-21,EEM,XGBOOST_H3_WITH_SENT,0.21380466316118088,0.17685137689113617
2025-02-24,EEM,XGBOOST_H3_WITH_SENT,0.20669351705499764,0.17939533293247223
2025-02-25,EEM,XGBOOST_H3_WITH_SENT,0.20707630748885372,0.1786767691373825
2025-02-26,EEM,XGBOOST_H3_WITH_SENT,0.20517276149992195,0.16689583659172058
2025-02-27,EEM,XGBOOST_H3_WITH_SENT,0.19263977405569463,0.17008638381958008
2025-02-28,EEM,XGBOOST_H3_WITH_SENT,0.19841870035250833,0.1680331975221634
2025-03-03,EEM,XGBOOST_H3_WITH_SENT,0.19547618822332444,0.18526166677474976
2025-03-04,EEM,XGBOOST_H3_WITH_SENT,0.1937463263541719,0.17543135583400726
2025-03-05,EEM,XGBOOST_H3_WITH_SENT,0.16158001132249591,0.16885311901569366
2025-03-06,EEM,XGBOOST_H3_WITH_SENT,0.1767655701648007,0.1699482798576355
2025-03-07,EEM,XGBOOST_H3_WITH_SENT,0.2635563999201502,0.18680714070796967
2025-03-10,EEM,XGBOOST_H3_WITH_SENT,0.281105332043069,0.20591504871845245
2025-03-11,EEM,XGBOOST_H3_WITH_SENT,0.278107279493887,0.2022176831960678
2025-03-12,EEM,XGBOOST_H3_WITH_SENT,0.37992184486981473,0.19687512516975403
2025-03-13,EEM,XGBOOST_H3_WITH_SENT,0.3832274716742154,0.1980207860469818
2025-03-14,EEM,XGBOOST_H3_WITH_SENT,0.3954634360021168,0.2244909554719925
2025-03-17,EEM,XGBOOST_H3_WITH_SENT,0.39111000766344123,0.22322677075862885
2025-03-18,EEM,XGBOOST_H3_WITH_SENT,0.3911871766383973,0.22807510197162628
2025-03-19,EEM,XGBOOST_H3_WITH_SENT,0.39157973566314835,0.22184231877326965
2025-03-20,EEM,XGBOOST_H3_WITH_SENT,0.39325281636042275,0.2157726138830185
2025-03-21,EEM,XGBOOST_H3_WITH_SENT,0.3933514620340189,0.21220335364341736
2025-03-24,EEM,XGBOOST_H3_WITH_SENT,0.3977379090806426,0.19131456315517426
2025-03-25,EEM,XGBOOST_H3_WITH_SENT,0.40082867089569174,0.18817366659641266
2025-03-26,EEM,XGBOOST_H3_WITH_SENT,0.40324139209328713,0.1898949295282364
2025-03-27,EEM,XGBOOST_H3_WITH_SENT,0.4026408476872247,0.18755996227264404
2025-03-28,EEM,XGBOOST_H3_WITH_SENT,0.397387349151037,0.19998228549957275
2025-03-31,EEM,XGBOOST_H3_WITH_SENT,0.39749518590216226,0.20266573131084442
2025-04-01,EEM,XGBOOST_H3_WITH_SENT,0.3974284924412415,0.2020350843667984
2025-04-02,EEM,XGBOOST_H3_WITH_SENT,0.39739115928636687,0.19533225893974304
2025-04-03,EEM,XGBOOST_H3_WITH_SENT,0.40119735543440466,0.25210291147232056
2025-04-04,EEM,XGBOOST_H3_WITH_SENT,0.33396086942024517,0.39105960726737976
2025-04-07,EEM,XGBOOST_H3_WITH_SENT,0.29480600016567204,0.4145143926143646
2025-04-08,EEM,XGBOOST_H3_WITH_SENT,0.2924388841272147,0.36493295431137085
2025-04-09,EEM,XGBOOST_H3_WITH_SENT,0.19014723236054373,0.39713022112846375
2025-04-10,EEM,XGBOOST_H3_WITH_SENT,0.17265202023578363,0.4373626708984375
2025-04-11,EEM,XGBOOST_H3_WITH_SENT,0.15639613763516177,0.4699675440788269
2025-04-14,EEM,XGBOOST_H3_WITH_SENT,0.15585660026228557,0.460206538438797
2025-04-15,EEM,XGBOOST_H3_WITH_SENT,0.15494905569012607,0.45593321323394775
2025-04-16,EEM,XGBOOST_H3_WITH_SENT,0.1438033722428316,0.4606643617153168
2025-04-17,EEM,XGBOOST_H3_WITH_SENT,0.14504466539334226,0.43429499864578247
2025-04-21,EEM,XGBOOST_H3_WITH_SENT,0.14415935000143207,0.2867671847343445
2025-04-22,EEM,XGBOOST_H3_WITH_SENT,0.1407706773291228,0.2798151969909668
2025-04-23,EEM,XGBOOST_H3_WITH_SENT,0.14006136304675246,0.2699763774871826
2025-04-24,EEM,XGBOOST_H3_WITH_SENT,0.13868499244448623,0.23180414736270905
2025-04-25,EEM,XGBOOST_H3_WITH_SENT,0.13764834552259078,0.20759040117263794
2025-04-28,EEM,XGBOOST_H3_WITH_SENT,0.1389708994980122,0.2100498527288437
2025-04-29,EEM,XGBOOST_H3_WITH_SENT,0.14147086121075983,0.21016977727413177
2025-04-30,EEM,XGBOOST_H3_WITH_SENT,0.14153199027505148,0.21020914614200592
2025-05-01,EEM,XGBOOST_H3_WITH_SENT,0.15079838006512186,0.1895572543144226
2025-05-02,EEM,XGBOOST_H3_WITH_SENT,0.1171213136605295,0.18142694234848022
2025-05-05,EEM,XGBOOST_H3_WITH_SENT,0.11468210168563181,0.1751100718975067
2025-05-06,EEM,XGBOOST_H3_WITH_SENT,0.1203626650256289,0.19329755008220673
2025-05-07,EEM,XGBOOST_H3_WITH_SENT,0.11050221373841042,0.19585146009922028
2025-05-08,EEM,XGBOOST_H3_WITH_SENT,0.10996027668247013,0.19882790744304657
2025-05-09,EEM,XGBOOST_H3_WITH_SENT,0.11103819516799183,0.19396638870239258
2025-05-12,EEM,XGBOOST_H3_WITH_SENT,0.08733002780277596,0.16589099168777466
2025-05-13,EEM,XGBOOST_H3_WITH_SENT,0.08773013577696823,0.15864315629005432
2025-05-14,EEM,XGBOOST_H3_WITH_SENT,0.08516676271965119,0.15683941543102264
2025-05-15,EEM,XGBOOST_H3_WITH_SENT,0.10569420204384038,0.1485622078180313
2025-05-16,EEM,XGBOOST_H3_WITH_SENT,0.11281300454218424,0.15517303347587585
2025-05-19,EEM,XGBOOST_H3_WITH_SENT,0.12427322743960388,0.1581989824771881
2025-05-20,EEM,XGBOOST_H3_WITH_SENT,0.12414220400716186,0.14313435554504395
2025-05-21,EEM,XGBOOST_H3_WITH_SENT,0.1258201831032526,0.1681888997554779
2025-05-22,EEM,XGBOOST_H3_WITH_SENT,0.12765957432340153,0.13478806614875793
2025-05-23,EEM,XGBOOST_H3_WITH_SENT,0.15413032733477666,0.13704180717468262
2025-05-27,EEM,XGBOOST_H3_WITH_SENT,0.15326103856674517,0.137354776263237
2025-05-28,EEM,XGBOOST_H3_WITH_SENT,0.1516265911350065,0.13409064710140228
2025-05-29,EEM,XGBOOST_H3_WITH_SENT,0.15357288260164675,0.13070069253444672
2025-05-30,EEM,XGBOOST_H3_WITH_SENT,0.1432108629778041,0.12978383898735046
2025-06-02,EEM,XGBOOST_H3_WITH_SENT,0.1425672690247718,0.13921165466308594
2025-06-03,EEM,XGBOOST_H3_WITH_SENT,0.14260362995566842,0.13938595354557037
2025-06-04,EEM,XGBOOST_H3_WITH_SENT,0.1386242591683007,0.12914332747459412
2025-06-05,EEM,XGBOOST_H3_WITH_SENT,0.15087238836422068,0.13467608392238617
2025-06-06,EEM,XGBOOST_H3_WITH_SENT,0.15160943059801482,0.1359274536371231
2025-06-09,EEM,XGBOOST_H3_WITH_SENT,0.15012309098071167,0.14287272095680237
2025-06-10,EEM,XGBOOST_H3_WITH_SENT,0.14938748955437142,0.1326180100440979
2025-06-11,EEM,XGBOOST_H3_WITH_SENT,0.14986438876791952,0.13647522032260895
2025-06-12,EEM,XGBOOST_H3_WITH_SENT,0.1498526419613216,0.1441502869129181
2025-06-13,EEM,XGBOOST_H3_WITH_SENT,0.13711496848553814,0.13711711764335632
2025-06-16,EEM,XGBOOST_H3_WITH_SENT,0.13232305658010884,0.1291118711233139
2025-06-17,EEM,XGBOOST_H3_WITH_SENT,0.12046154003858801,0.12359686195850372
2025-06-18,EEM,XGBOOST_H3_WITH_SENT,0.12132086712962924,0.1301218569278717
2025-06-20,EEM,XGBOOST_H3_WITH_SENT,0.11783064506266752,0.14101706445217133
2025-06-23,EEM,XGBOOST_H3_WITH_SENT,0.11665983918818965,0.1365818977355957
2025-06-24,EEM,XGBOOST_H3_WITH_SENT,0.0853395533539787,0.1294001340866089
2025-06-25,EEM,XGBOOST_H3_WITH_SENT,0.08932276869290869,0.1320420205593109
2025-06-26,EEM,XGBOOST_H3_WITH_SENT,0.08887238422448145,0.14040909707546234
2025-06-27,EEM,XGBOOST_H3_WITH_SENT,0.09149768295171182,0.14693130552768707
2025-06-30,EEM,XGBOOST_H3_WITH_SENT,0.09121953944438223,0.13768698275089264
2025-07-01,EEM,XGBOOST_H3_WITH_SENT,0.09578461892632135,0.13873781263828278
2025-07-02,EEM,XGBOOST_H3_WITH_SENT,0.09714298770784704,0.14512906968593597
2025-07-03,EEM,XGBOOST_H3_WITH_SENT,0.0990532845051017,0.14267799258232117
2025-07-07,EEM,XGBOOST_H3_WITH_SENT,0.0922287742374643,0.15477731823921204
2025-07-08,EEM,XGBOOST_H3_WITH_SENT,0.09029107814347367,0.16602669656276703
2025-07-09,EEM,XGBOOST_H3_WITH_SENT,0.09110790340876988,0.17298416793346405
2025-07-10,EEM,XGBOOST_H3_WITH_SENT,0.09477504282839266,0.1703883558511734
2025-07-11,EEM,XGBOOST_H3_WITH_SENT,0.09364665959203945,0.17974251508712769
2025-07-14,EEM,XGBOOST_H3_WITH_SENT,0.09472908816132398,0.18406382203102112
2025-07-15,EEM,XGBOOST_H3_WITH_SENT,0.10039657496400269,0.17632164061069489
2025-07-16,EEM,XGBOOST_H3_WITH_SENT,0.10680419533720421,0.17680791020393372
2025-07-17,EEM,XGBOOST_H3_WITH_SENT,0.11639996567752306,0.17717063426971436
2025-07-18,EEM,XGBOOST_H3_WITH_SENT,0.11588886380180283,0.17724135518074036
2025-07-21,EEM,XGBOOST_H3_WITH_SENT,0.1154588079158218,0.17569364607334137
2025-07-22,EEM,XGBOOST_H3_WITH_SENT,0.11983295494119016,0.1704895794391632
2025-07-23,EEM,XGBOOST_H3_WITH_SENT,0.11434588655659322,0.1812550276517868
2025-07-24,EEM,XGBOOST_H3_WITH_SENT,0.11295381611188036,0.1971016526222229
2025-07-25,EEM,XGBOOST_H3_WITH_SENT,0.1322025018063229,0.18938559293746948
2025-07-28,EEM,XGBOOST_H3_WITH_SENT,0.13150434761642593,0.19368323683738708
2025-07-29,EEM,XGBOOST_H3_WITH_SENT,0.13216077126723977,0.18513602018356323
2025-07-30,EEM,XGBOOST_H3_WITH_SENT,0.1311100128059437,0.17272327840328217
2025-07-31,EEM,XGBOOST_H3_WITH_SENT,0.12887180393561282,0.17681482434272766
2025-08-01,EEM,XGBOOST_H3_WITH_SENT,0.12674965734620508,0.18273800611495972
2025-08-04,EEM,XGBOOST_H3_WITH_SENT,0.12279632520554187,0.1727735698223114
2025-08-05,EEM,XGBOOST_H3_WITH_SENT,0.1230163024461532,0.19070208072662354
2025-08-06,EEM,XGBOOST_H3_WITH_SENT,0.12321995081939659,0.1992076337337494
2025-08-07,EEM,XGBOOST_H3_WITH_SENT,0.12680077835189035,0.1911543905735016
2025-08-08,EEM,XGBOOST_H3_WITH_SENT,0.12978097860400234,0.19399406015872955
2025-08-11,EEM,XGBOOST_H3_WITH_SENT,0.129484337952384,0.19136759638786316
2025-08-12,EEM,XGBOOST_H3_WITH_SENT,0.12524465980881117,0.19555871188640594
2025-08-13,EEM,XGBOOST_H3_WITH_SENT,0.12825196174042328,0.19392696022987366
2025-08-14,EEM,XGBOOST_H3_WITH_SENT,0.11744259604401533,0.18867188692092896
2025-08-15,EEM,XGBOOST_H3_WITH_SENT,0.11862540715530542,0.19351546466350555
2025-08-18,EEM,XGBOOST_H3_WITH_SENT,0.11931963631572694,0.19243060052394867
2025-08-19,EEM,XGBOOST_H3_WITH_SENT,0.11220337975042358,0.18874812126159668
2025-08-20,EEM,XGBOOST_H3_WITH_SENT,0.11284401205351352,0.18989622592926025
2025-08-21,EEM,XGBOOST_H3_WITH_SENT,0.11287497188526392,0.19465209543704987
2025-08-22,EEM,XGBOOST_H3_WITH_SENT,0.09504717594280199,0.17546631395816803
2025-08-25,EEM,XGBOOST_H3_WITH_SENT,0.090271479996909,0.17790107429027557
2025-08-26,EEM,XGBOOST_H3_WITH_SENT,0.09095060549307764,0.17696024477481842
2025-08-27,EEM,XGBOOST_H3_WITH_SENT,0.09077202482667392,0.17967098951339722
2025-08-28,EEM,XGBOOST_H3_WITH_SENT,0.09219995152871989,0.179321750998497
2025-08-29,EEM,XGBOOST_H3_WITH_SENT,0.0906829824223917,0.18449808657169342
2025-09-02,EEM,XGBOOST_H3_WITH_SENT,0.0894380995397242,0.18945446610450745
2025-09-03,EEM,XGBOOST_H3_WITH_SENT,0.09077212857606917,0.18730472028255463
2025-09-04,EEM,XGBOOST_H3_WITH_SENT,0.08708696211320417,0.186639204621315
2025-09-05,EEM,XGBOOST_H3_WITH_SENT,0.08196697030643327,0.17102278769016266
2025-09-08,EEM,XGBOOST_H3_WITH_SENT,0.07951242022701803,0.1782217174768448
2025-09-09,EEM,XGBOOST_H3_WITH_SENT,0.08826292312754723,0.17767134308815002
2025-09-10,EEM,XGBOOST_H3_WITH_SENT,0.0890281040920086,0.17429262399673462
2025-09-11,EEM,XGBOOST_H3_WITH_SENT,0.08941563098829236,0.17624695599079132
2025-09-12,EEM,XGBOOST_H3_WITH_SENT,0.1653689100763887,0.16764360666275024
2025-09-15,EEM,XGBOOST_H3_WITH_SENT,0.19342553288162698,0.18548040091991425
2025-09-16,EEM,XGBOOST_H3_WITH_SENT,0.1947404900096637,0.18293340504169464
2025-09-17,EEM,XGBOOST_H3_WITH_SENT,0.202776886517197,0.19227321445941925
2025-09-18,EEM,XGBOOST_H3_WITH_SENT,0.2035070661052091,0.1976921111345291
2025-09-19,EEM,XGBOOST_H3_WITH_SENT,0.20320061924036056,0.20418186485767365
2025-09-22,EEM,XGBOOST_H3_WITH_SENT,0.207636201537855,0.20473437011241913
2025-09-23,EEM,XGBOOST_H3_WITH_SENT,0.21247717746230554,0.2040705680847168
2025-09-24,EEM,XGBOOST_H3_WITH_SENT,0.21199226130445045,0.20704996585845947
2025-09-25,EEM,XGBOOST_H3_WITH_SENT,0.2120372361845612,0.20079797506332397
2025-09-26,EEM,XGBOOST_H3_WITH_SENT,0.21220833294101096,0.20079846680164337
2025-09-29,EEM,XGBOOST_H3_WITH_SENT,0.21315087458209794,0.20471583306789398
2025-09-30,EEM,XGBOOST_H3_WITH_SENT,0.21326222600165257,0.2127092331647873
2025-10-01,EEM,XGBOOST_H3_WITH_SENT,0.21264149376041921,0.21473458409309387
2025-10-02,EEM,XGBOOST_H3_WITH_SENT,0.21682799450905177,0.21677812933921814
2025-10-03,EEM,XGBOOST_H3_WITH_SENT,0.2170893304487253,0.20760613679885864
2025-10-06,EEM,XGBOOST_H3_WITH_SENT,0.21755208612695062,0.20096826553344727
2025-10-07,EEM,XGBOOST_H3_WITH_SENT,0.2264945505838788,0.2031245231628418
2025-10-08,EEM,XGBOOST_H3_WITH_SENT,0.226958414596971,0.20507293939590454
2025-10-09,EEM,XGBOOST_H3_WITH_SENT,0.22535518314622618,0.24377374351024628
2025-10-10,EEM,XGBOOST_H3_WITH_SENT,0.17519333209434684,0.22554677724838257
2025-10-14,EEM,XGBOOST_H3_WITH_SENT,0.151143908263146,0.24280300736427307
2025-10-15,EEM,XGBOOST_H3_WITH_SENT,0.14204480879948905,0.24337263405323029
2025-10-16,EEM,XGBOOST_H3_WITH_SENT,0.14833809866264622,0.24339094758033752
2025-10-17,EEM,XGBOOST_H3_WITH_SENT,0.14830441180542542,0.24103714525699615
2025-10-20,EEM,XGBOOST_H3_WITH_SENT,0.14657238940805103,0.2637287974357605
2025-10-21,EEM,XGBOOST_H3_WITH_SENT,0.14221318777728442,0.26120725274086
2025-10-22,EEM,XGBOOST_H3_WITH_SENT,0.1426751310594188,0.2755700945854187
2025-10-23,EEM,XGBOOST_H3_WITH_SENT,0.14594160511558316,0.25982582569122314
2025-10-24,EEM,XGBOOST_H3_WITH_SENT,0.142930094728084,0.28275588154792786
2025-10-27,EEM,XGBOOST_H3_WITH_SENT,0.14232138273837114,0.29809412360191345
2025-10-28,EEM,XGBOOST_H3_WITH_SENT,0.14353716738158367,0.37426093220710754
2025-10-29,EEM,XGBOOST_H3_WITH_SENT,0.14464777711902177,0.2898671627044678
2025-10-30,EEM,XGBOOST_H3_WITH_SENT,0.1411635450264078,0.37166887521743774
2025-10-31,EEM,XGBOOST_H3_WITH_SENT,0.14107703486991627,0.27791517972946167
2025-11-03,EEM,XGBOOST_H3_WITH_SENT,0.13858741618817963,0.29646995663642883
2025-11-04,EEM,XGBOOST_H3_WITH_SENT,0.12270300224383467,0.28519317507743835
2025-11-05,EEM,XGBOOST_H3_WITH_SENT,0.11781141417440433,0.2928328812122345
2025-11-06,EEM,XGBOOST_H3_WITH_SENT,0.1184392499256659,0.2785387933254242
2025-11-07,EEM,XGBOOST_H3_WITH_SENT,0.11822468999988361,0.2864711880683899
2025-11-10,EEM,XGBOOST_H3_WITH_SENT,0.09882959083654988,0.21137133240699768
2025-11-12,EEM,XGBOOST_H3_WITH_SENT,0.10859506525400633,0.2355298101902008
2025-11-13,EEM,XGBOOST_H3_WITH_SENT,0.10854961442849798,0.21970221400260925
2025-11-14,EEM,XGBOOST_H3_WITH_SENT,0.10875666492609536,0.22250373661518097
2025-11-17,EEM,XGBOOST_H3_WITH_SENT,0.10287089342450052,0.23095665872097015
2025-11-18,EEM,XGBOOST_H3_WITH_SENT,0.10443124758547728,0.23493792116641998
2025-11-19,EEM,XGBOOST_H3_WITH_SENT,0.11204214469443108,0.23634815216064453
2025-11-20,EEM,XGBOOST_H3_WITH_SENT,0.10409662565650442,0.30762210488319397
2025-11-21,EEM,XGBOOST_H3_WITH_SENT,0.10492888365277835,0.30551624298095703
2025-11-24,EEM,XGBOOST_H3_WITH_SENT,0.1007270324268152,0.30559301376342773
2025-11-25,EEM,XGBOOST_H3_WITH_SENT,0.10042726912184399,0.30547377467155457
2025-11-26,EEM,XGBOOST_H3_WITH_SENT,0.10022762166462042,0.2535104751586914
2025-11-28,EEM,XGBOOST_H3_WITH_SENT,0.10111222649638613,0.3088526427745819
2025-12-01,EEM,XGBOOST_H3_WITH_SENT,0.10142276606037798,0.24640525877475739
2025-12-02,EEM,XGBOOST_H3_WITH_SENT,0.1025693588956767,0.3142490088939667
2025-12-03,EEM,XGBOOST_H3_WITH_SENT,0.1391100787713649,0.25785091519355774
2025-12-04,EEM,XGBOOST_H3_WITH_SENT,0.14193246010959054,0.25013676285743713
2025-12-05,EEM,XGBOOST_H3_WITH_SENT,0.14186634990108005,0.2670654356479645
2025-12-08,EEM,XGBOOST_H3_WITH_SENT,0.14566499471796895,0.25943702459335327
2025-12-09,EEM,XGBOOST_H3_WITH_SENT,0.14504242962508324,0.2587907314300537
2025-12-10,EEM,XGBOOST_H3_WITH_SENT,0.14192538045538264,0.2601413130760193
2025-12-11,EEM,XGBOOST_H3_WITH_SENT,0.14473696313516138,0.25200968980789185
2025-12-12,EEM,XGBOOST_H3_WITH_SENT,0.13949493976875108,0.2567566931247711
2025-12-15,EEM,XGBOOST_H3_WITH_SENT,0.13730484259254186,0.26427996158599854
2025-12-16,EEM,XGBOOST_H3_WITH_SENT,0.1318484393300344,0.26964467763900757
2025-12-17,EEM,XGBOOST_H3_WITH_SENT,0.12831337824782765,0.30277150869369507
2025-12-18,EEM,XGBOOST_H3_WITH_SENT,0.13559382049942878,0.3049256503582001
2025-12-19,EEM,XGBOOST_H3_WITH_SENT,0.1415033898916608,0.2745015621185303
2025-12-22,EEM,XGBOOST_H3_WITH_SENT,0.14197280378283592,0.25746166706085205
2025-12-23,EEM,XGBOOST_H3_WITH_SENT,0.14209297596856163,0.22674909234046936
2025-12-24,EEM,XGBOOST_H3_WITH_SENT,0.1421652876704254,0.2369823455810547
2025-12-26,EEM,XGBOOST_H3_WITH_SENT,0.15214229074466035,0.25189346075057983
2025-12-29,EEM,XGBOOST_H3_WITH_SENT,0.14973067815891344,0.24918799102306366
2025-12-30,EEM,XGBOOST_H3_WITH_SENT,0.15419680365489102,0.27780646085739136
2025-12-31,EEM,XGBOOST_H3_WITH_SENT,0.1803911646011222,0.2801302671432495
2024-10-16,XLK,XGBOOST_H3_WITH_SENT,0.20410058844335474,0.171848863363266
2024-10-17,XLK,XGBOOST_H3_WITH_SENT,0.20464332872228,0.1732558012008667
2024-10-18,XLK,XGBOOST_H3_WITH_SENT,0.22420413170342265,0.16993719339370728
2024-10-21,XLK,XGBOOST_H3_WITH_SENT,0.22382471563304185,0.20408359169960022
2024-10-22,XLK,XGBOOST_H3_WITH_SENT,0.22593060670599383,0.19769646227359772
2024-10-23,XLK,XGBOOST_H3_WITH_SENT,0.2195533716860233,0.19042761623859406
2024-10-24,XLK,XGBOOST_H3_WITH_SENT,0.22203803646243403,0.1841680407524109
2024-10-25,XLK,XGBOOST_H3_WITH_SENT,0.2214750098557283,0.16288043558597565
2024-10-28,XLK,XGBOOST_H3_WITH_SENT,0.2214610353936619,0.1661655753850937
2024-10-29,XLK,XGBOOST_H3_WITH_SENT,0.21706724359002522,0.1662604957818985
2024-10-30,XLK,XGBOOST_H3_WITH_SENT,0.2148355868241238,0.16133616864681244
2024-10-31,XLK,XGBOOST_H3_WITH_SENT,0.17757739068604025,0.1570434719324112
2024-11-01,XLK,XGBOOST_H3_WITH_SENT,0.17844213942938958,0.16770122945308685
2024-11-04,XLK,XGBOOST_H3_WITH_SENT,0.17801772802919266,0.14801077544689178
2024-11-05,XLK,XGBOOST_H3_WITH_SENT,0.18201629796921884,0.1393032968044281
2024-11-06,XLK,XGBOOST_H3_WITH_SENT,0.15800351346057856,0.19543525576591492
2024-11-07,XLK,XGBOOST_H3_WITH_SENT,0.14687495644896864,0.176224946975708
2024-11-08,XLK,XGBOOST_H3_WITH_SENT,0.1490210352669321,0.1673799753189087
2024-11-12,XLK,XGBOOST_H3_WITH_SENT,0.16445487312648624,0.16711479425430298
2024-11-13,XLK,XGBOOST_H3_WITH_SENT,0.1653428148019244,0.16414323449134827
2024-11-14,XLK,XGBOOST_H3_WITH_SENT,0.1651411853747068,0.1634809374809265
2024-11-15,XLK,XGBOOST_H3_WITH_SENT,0.13603391325882178,0.1730532944202423
2024-11-18,XLK,XGBOOST_H3_WITH_SENT,0.139518044340481,0.1598958522081375
2024-11-19,XLK,XGBOOST_H3_WITH_SENT,0.1848307143618201,0.1550169140100479
2024-11-20,XLK,XGBOOST_H3_WITH_SENT,0.1848113160848748,0.1550062596797943
2024-11-21,XLK,XGBOOST_H3_WITH_SENT,0.18883286395718987,0.16338035464286804
2024-11-22,XLK,XGBOOST_H3_WITH_SENT,0.1921471249932224,0.16362106800079346
2024-11-25,XLK,XGBOOST_H3_WITH_SENT,0.19485774037430204,0.1574089378118515
2024-11-26,XLK,XGBOOST_H3_WITH_SENT,0.19444657468650145,0.16102272272109985
2024-11-27,XLK,XGBOOST_H3_WITH_SENT,0.1941892340145744,0.16265399754047394
2024-11-29,XLK,XGBOOST_H3_WITH_SENT,0.19801885458900775,0.15827487409114838
2024-12-02,XLK,XGBOOST_H3_WITH_SENT,0.1971150192658412,0.16355040669441223
2024-12-03,XLK,XGBOOST_H3_WITH_SENT,0.19654700765783165,0.16416722536087036
2024-12-04,XLK,XGBOOST_H3_WITH_SENT,0.19413768883628532,0.16499675810337067
2024-12-05,XLK,XGBOOST_H3_WITH_SENT,0.19938034893949882,0.17267529666423798
2024-12-06,XLK,XGBOOST_H3_WITH_SENT,0.21098023381519906,0.18319375813007355
2024-12-09,XLK,XGBOOST_H3_WITH_SENT,0.21011000734151392,0.1841791570186615
2024-12-10,XLK,XGBOOST_H3_WITH_SENT,0.21848130487336462,0.1859310120344162
2024-12-11,XLK,XGBOOST_H3_WITH_SENT,0.2109919214466846,0.18891416490077972
2024-12-12,XLK,XGBOOST_H3_WITH_SENT,0.2114280436964645,0.19763676822185516
2024-12-13,XLK,XGBOOST_H3_WITH_SENT,0.2243083592501652,0.20794367790222168
2024-12-16,XLK,XGBOOST_H3_WITH_SENT,0.2212543213230051,0.2065308392047882
2024-12-17,XLK,XGBOOST_H3_WITH_SENT,0.2294359556342988,0.22050954401493073
2024-12-18,XLK,XGBOOST_H3_WITH_SENT,0.19859284295292187,0.21841897070407867
2024-12-19,XLK,XGBOOST_H3_WITH_SENT,0.2126744090815702,0.22106045484542847
2024-12-20,XLK,XGBOOST_H3_WITH_SENT,0.2071869847902291,0.2063673585653305
2024-12-23,XLK,XGBOOST_H3_WITH_SENT,0.2081949958429284,0.21169082820415497
2024-12-24,XLK,XGBOOST_H3_WITH_SENT,0.2709803546645421,0.21223852038383484
2024-12-26,XLK,XGBOOST_H3_WITH_SENT,0.2899363751909057,0.21210400760173798
2024-12-27,XLK,XGBOOST_H3_WITH_SENT,0.2876788715228637,0.2133038491010666
2024-12-30,XLK,XGBOOST_H3_WITH_SENT,0.2845458296772738,0.2159167379140854
2024-12-31,XLK,XGBOOST_H3_WITH_SENT,0.2837734716652637,0.21620666980743408
2025-01-02,XLK,XGBOOST_H3_WITH_SENT,0.2875778744614524,0.21691687405109406
2025-01-03,XLK,XGBOOST_H3_WITH_SENT,0.28618264069888544,0.22087697684764862
2025-01-06,XLK,XGBOOST_H3_WITH_SENT,0.2869437198164755,0.22010202705860138
2025-01-07,XLK,XGBOOST_H3_WITH_SENT,0.27789429331036347,0.22431018948554993
2025-01-08,XLK,XGBOOST_H3_WITH_SENT,0.27964123996690765,0.21323278546333313
2025-01-10,XLK,XGBOOST_H3_WITH_SENT,0.27179854430537864,0.22953124344348907
2025-01-13,XLK,XGBOOST_H3_WITH_SENT,0.2699039863319875,0.23215913772583008
2025-01-14,XLK,XGBOOST_H3_WITH_SENT,0.2702856716397319,0.22858844697475433
2025-01-15,XLK,XGBOOST_H3_WITH_SENT,0.26603046516911383,0.21200209856033325
2025-01-16,XLK,XGBOOST_H3_WITH_SENT,0.2638531132468542,0.2060309797525406
2025-01-17,XLK,XGBOOST_H3_WITH_SENT,0.2604365058185233,0.20966802537441254
2025-01-21,XLK,XGBOOST_H3_WITH_SENT,0.2593032878382711,0.2238500714302063
2025-01-22,XLK,XGBOOST_H3_WITH_SENT,0.24737619259645152,0.19575123488903046
2025-01-23,XLK,XGBOOST_H3_WITH_SENT,0.2656943742798531,0.20513813197612762
2025-01-24,XLK,XGBOOST_H3_WITH_SENT,0.2678232607696681,0.19934089481830597
2025-01-27,XLK,XGBOOST_H3_WITH_SENT,0.2029707711241893,0.21978889405727386
2025-01-28,XLK,XGBOOST_H3_WITH_SENT,0.18300348404747047,0.22398965060710907
2025-01-29,XLK,XGBOOST_H3_WITH_SENT,0.22328772986767395,0.22108088433742523
2025-01-30,XLK,XGBOOST_H3_WITH_SENT,0.2293759146840158,0.23509451746940613
2025-01-31,XLK,XGBOOST_H3_WITH_SENT,0.25185906872144465,0.21408502757549286
2025-02-03,XLK,XGBOOST_H3_WITH_SENT,0.2486124905668286,0.21157574653625488
2025-02-04,XLK,XGBOOST_H3_WITH_SENT,0.24831033549077958,0.21220514178276062
2025-02-05,XLK,XGBOOST_H3_WITH_SENT,0.2572150787919628,0.20870140194892883
2025-02-06,XLK,XGBOOST_H3_WITH_SENT,0.2645828769704918,0.21308550238609314
2025-02-07,XLK,XGBOOST_H3_WITH_SENT,0.2998729662082451,0.22842095792293549
2025-02-10,XLK,XGBOOST_H3_WITH_SENT,0.29068624544249033,0.23176325857639313
2025-02-11,XLK,XGBOOST_H3_WITH_SENT,0.3001597866383355,0.23830467462539673
2025-02-12,XLK,XGBOOST_H3_WITH_SENT,0.30369774519022713,0.23607058823108673
2025-02-13,XLK,XGBOOST_H3_WITH_SENT,0.3222902349952679,0.24037013947963715
2025-02-14,XLK,XGBOOST_H3_WITH_SENT,0.3238454990143377,0.2436000257730484
2025-02-18,XLK,XGBOOST_H3_WITH_SENT,0.32095570461585593,0.24553892016410828
2025-02-19,XLK,XGBOOST_H3_WITH_SENT,0.32767786556316103,0.2453068494796753
2025-02-20,XLK,XGBOOST_H3_WITH_SENT,0.3275323722211003,0.24668164551258087
2025-02-21,XLK,XGBOOST_H3_WITH_SENT,0.31891528324368,0.24985957145690918
2025-02-24,XLK,XGBOOST_H3_WITH_SENT,0.327099901840352,0.24318787455558777
2025-02-25,XLK,XGBOOST_H3_WITH_SENT,0.32558846628276306,0.24640679359436035
2025-02-26,XLK,XGBOOST_H3_WITH_SENT,0.32942655248864966,0.24803514778614044
2025-02-27,XLK,XGBOOST_H3_WITH_SENT,0.3061892506167978,0.25746050477027893
2025-02-28,XLK,XGBOOST_H3_WITH_SENT,0.30993385433536025,0.27218523621559143
2025-03-03,XLK,XGBOOST_H3_WITH_SENT,0.2938938530901598,0.27160540223121643
2025-03-04,XLK,XGBOOST_H3_WITH_SENT,0.29600907714353614,0.27466195821762085
2025-03-05,XLK,XGBOOST_H3_WITH_SENT,0.29209214855113164,0.260688841342926
2025-03-06,XLK,XGBOOST_H3_WITH_SENT,0.3699046390877445,0.2882573902606964
2025-03-07,XLK,XGBOOST_H3_WITH_SENT,0.4249417315243077,0.28201818466186523
2025-03-10,XLK,XGBOOST_H3_WITH_SENT,0.4076031282990205,0.30787932872772217
2025-03-11,XLK,XGBOOST_H3_WITH_SENT,0.4104896805012934,0.3363819420337677
2025-03-12,XLK,XGBOOST_H3_WITH_SENT,0.623769951932061,0.3041013777256012
2025-03-13,XLK,XGBOOST_H3_WITH_SENT,0.64222869426309,0.30364224314689636
2025-03-14,XLK,XGBOOST_H3_WITH_SENT,0.6366006723590252,0.3153177499771118
2025-03-17,XLK,XGBOOST_H3_WITH_SENT,0.6371208875363282,0.30667924880981445
2025-03-18,XLK,XGBOOST_H3_WITH_SENT,0.6360382350151029,0.3063715398311615
2025-03-19,XLK,XGBOOST_H3_WITH_SENT,0.6434191524122194,0.3112151324748993
2025-03-20,XLK,XGBOOST_H3_WITH_SENT,0.6433740147788916,0.2822466790676117
2025-03-21,XLK,XGBOOST_H3_WITH_SENT,0.6469556863236505,0.2877300977706909
2025-03-24,XLK,XGBOOST_H3_WITH_SENT,0.6499718151684777,0.2732042074203491
2025-03-25,XLK,XGBOOST_H3_WITH_SENT,0.6609459988300797,0.26317834854125977
2025-03-26,XLK,XGBOOST_H3_WITH_SENT,0.673234694536318,0.2722605764865875
2025-03-27,XLK,XGBOOST_H3_WITH_SENT,0.6751354456601647,0.2753443121910095
2025-03-28,XLK,XGBOOST_H3_WITH_SENT,0.6692825804610718,0.2720710039138794
2025-03-31,XLK,XGBOOST_H3_WITH_SENT,0.6694510145952446,0.2551068663597107
2025-04-01,XLK,XGBOOST_H3_WITH_SENT,0.6691300545328007,0.25866931676864624
2025-04-02,XLK,XGBOOST_H3_WITH_SENT,0.6705977206994674,0.2675478756427765
2025-04-03,XLK,XGBOOST_H3_WITH_SENT,0.6165157180717699,0.269521564245224
2025-04-04,XLK,XGBOOST_H3_WITH_SENT,0.5546252684113007,0.4126020073890686
2025-04-07,XLK,XGBOOST_H3_WITH_SENT,0.5577530002162439,0.4519668221473694
2025-04-08,XLK,XGBOOST_H3_WITH_SENT,0.5477449433222153,0.36571210622787476
2025-04-09,XLK,XGBOOST_H3_WITH_SENT,0.3316548465870125,0.4727358818054199
2025-04-10,XLK,XGBOOST_H3_WITH_SENT,0.27267786958251927,0.5337193608283997
2025-04-11,XLK,XGBOOST_H3_WITH_SENT,0.3033637209148643,0.48827284574508667
2025-04-14,XLK,XGBOOST_H3_WITH_SENT,0.30764587790028747,0.491537481546402
2025-04-15,XLK,XGBOOST_H3_WITH_SENT,0.307337087241877,0.5018854141235352
2025-04-16,XLK,XGBOOST_H3_WITH_SENT,0.2637056605721554,0.5051430463790894
2025-04-17,XLK,XGBOOST_H3_WITH_SENT,0.25946416999829575,0.5262822508811951
2025-04-21,XLK,XGBOOST_H3_WITH_SENT,0.22672686379648235,0.36566951870918274
2025-04-22,XLK,XGBOOST_H3_WITH_SENT,0.22710806513924534,0.36568814516067505
2025-04-23,XLK,XGBOOST_H3_WITH_SENT,0.23717297678614052,0.3717842698097229
2025-04-24,XLK,XGBOOST_H3_WITH_SENT,0.21127926173225844,0.31408438086509705
2025-04-25,XLK,XGBOOST_H3_WITH_SENT,0.21617847343330235,0.3408856689929962
2025-04-28,XLK,XGBOOST_H3_WITH_SENT,0.22535845005607352,0.34118396043777466
2025-04-29,XLK,XGBOOST_H3_WITH_SENT,0.22793041881348838,0.3358163833618164
2025-04-30,XLK,XGBOOST_H3_WITH_SENT,0.22822476716156312,0.32344621419906616
2025-05-01,XLK,XGBOOST_H3_WITH_SENT,0.2269293486351736,0.31584030389785767
2025-05-02,XLK,XGBOOST_H3_WITH_SENT,0.22286964428326386,0.3033759593963623
2025-05-05,XLK,XGBOOST_H3_WITH_SENT,0.22365431848475623,0.3196084797382355
2025-05-06,XLK,XGBOOST_H3_WITH_SENT,0.21875153946001694,0.3549226224422455
2025-05-07,XLK,XGBOOST_H3_WITH_SENT,0.2197218330170656,0.33147817850112915
2025-05-08,XLK,XGBOOST_H3_WITH_SENT,0.2196917621082157,0.34519845247268677
2025-05-09,XLK,XGBOOST_H3_WITH_SENT,0.2186447954836854,0.3552398681640625
2025-05-12,XLK,XGBOOST_H3_WITH_SENT,0.1579050852638747,0.3095775544643402
2025-05-13,XLK,XGBOOST_H3_WITH_SENT,0.1425730086534463,0.3117693364620209
2025-05-14,XLK,XGBOOST_H3_WITH_SENT,0.14414686075949368,0.3191784918308258
2025-05-15,XLK,XGBOOST_H3_WITH_SENT,0.15480484795397403,0.3083605170249939
2025-05-16,XLK,XGBOOST_H3_WITH_SENT,0.16378974901562707,0.3221410810947418
2025-05-19,XLK,XGBOOST_H3_WITH_SENT,0.1664416066468868,0.3143807649612427
2025-05-20,XLK,XGBOOST_H3_WITH_SENT,0.16532098409965865,0.31584787368774414
2025-05-21,XLK,XGBOOST_H3_WITH_SENT,0.14845095234951322,0.3170323967933655
2025-05-22,XLK,XGBOOST_H3_WITH_SENT,0.1515120574038486,0.30636167526245117
2025-05-23,XLK,XGBOOST_H3_WITH_SENT,0.15069172161056066,0.29944053292274475
2025-05-27,XLK,XGBOOST_H3_WITH_SENT,0.133970748011099,0.29472821950912476
2025-05-28,XLK,XGBOOST_H3_WITH_SENT,0.13115388877219894,0.3070046603679657
2025-05-29,XLK,XGBOOST_H3_WITH_SENT,0.13227933506696415,0.3038923144340515
2025-05-30,XLK,XGBOOST_H3_WITH_SENT,0.13091667682612645,0.30874645709991455
2025-06-02,XLK,XGBOOST_H3_WITH_SENT,0.13850027607639956,0.30709144473075867
2025-06-03,XLK,XGBOOST_H3_WITH_SENT,0.13464204579932304,0.31408557295799255
2025-06-04,XLK,XGBOOST_H3_WITH_SENT,0.1384777342003917,0.2887934744358063
2025-06-05,XLK,XGBOOST_H3_WITH_SENT,0.1430479737671873,0.2846197485923767
2025-06-06,XLK,XGBOOST_H3_WITH_SENT,0.14170466251653965,0.2863602638244629
2025-06-09,XLK,XGBOOST_H3_WITH_SENT,0.14187939377712733,0.27297261357307434
2025-06-10,XLK,XGBOOST_H3_WITH_SENT,0.14386096950666602,0.23519735038280487
2025-06-11,XLK,XGBOOST_H3_WITH_SENT,0.14518984120073478,0.2324027568101883
2025-06-12,XLK,XGBOOST_H3_WITH_SENT,0.14403771321108533,0.2387312650680542
2025-06-13,XLK,XGBOOST_H3_WITH_SENT,0.13093100733251936,0.22162090241909027
2025-06-16,XLK,XGBOOST_H3_WITH_SENT,0.12274445716918132,0.22062543034553528
2025-06-17,XLK,XGBOOST_H3_WITH_SENT,0.11804861933997568,0.21907031536102295
2025-06-18,XLK,XGBOOST_H3_WITH_SENT,0.11881465955881484,0.22221972048282623
2025-06-20,XLK,XGBOOST_H3_WITH_SENT,0.11514815274869146,0.22043129801750183
2025-06-23,XLK,XGBOOST_H3_WITH_SENT,0.12134792574318003,0.21655750274658203
2025-06-24,XLK,XGBOOST_H3_WITH_SENT,0.10899442491830377,0.21173496544361115
2025-06-25,XLK,XGBOOST_H3_WITH_SENT,0.10694734605730775,0.21081513166427612
2025-06-26,XLK,XGBOOST_H3_WITH_SENT,0.10560929327193173,0.22085896134376526
2025-06-27,XLK,XGBOOST_H3_WITH_SENT,0.10677141439620072,0.22244761884212494
2025-06-30,XLK,XGBOOST_H3_WITH_SENT,0.10363646919074955,0.2176104336977005
2025-07-01,XLK,XGBOOST_H3_WITH_SENT,0.09504707995404785,0.21806547045707703
2025-07-02,XLK,XGBOOST_H3_WITH_SENT,0.09662752210287232,0.2178976833820343
2025-07-03,XLK,XGBOOST_H3_WITH_SENT,0.11919249694682812,0.22050438821315765
2025-07-07,XLK,XGBOOST_H3_WITH_SENT,0.13485313797809648,0.22239044308662415
2025-07-08,XLK,XGBOOST_H3_WITH_SENT,0.1382480188577929,0.2353232204914093
2025-07-09,XLK,XGBOOST_H3_WITH_SENT,0.1420565195353961,0.24428021907806396
2025-07-10,XLK,XGBOOST_H3_WITH_SENT,0.14114766297707537,0.1949201375246048
2025-07-11,XLK,XGBOOST_H3_WITH_SENT,0.1427491218434356,0.19918613135814667
2025-07-14,XLK,XGBOOST_H3_WITH_SENT,0.14581596541586753,0.2129056602716446
2025-07-15,XLK,XGBOOST_H3_WITH_SENT,0.1518121868719499,0.1962212771177292
2025-07-16,XLK,XGBOOST_H3_WITH_SENT,0.1518490744163312,0.1999087631702423
2025-07-17,XLK,XGBOOST_H3_WITH_SENT,0.149980126184231,0.20125101506710052
2025-07-18,XLK,XGBOOST_H3_WITH_SENT,0.15315843269943774,0.19688327610492706
2025-07-21,XLK,XGBOOST_H3_WITH_SENT,0.15321579280694309,0.19435647130012512
2025-07-22,XLK,XGBOOST_H3_WITH_SENT,0.16311864465172055,0.2573848366737366
2025-07-23,XLK,XGBOOST_H3_WITH_SENT,0.1638995949970942,0.24912558495998383
2025-07-24,XLK,XGBOOST_H3_WITH_SENT,0.16353295222886607,0.26996108889579773
2025-07-25,XLK,XGBOOST_H3_WITH_SENT,0.17069504102394434,0.2765170633792877
2025-07-28,XLK,XGBOOST_H3_WITH_SENT,0.16828504138232478,0.285981148481369
2025-07-29,XLK,XGBOOST_H3_WITH_SENT,0.16921880976224962,0.28225526213645935
2025-07-30,XLK,XGBOOST_H3_WITH_SENT,0.17018711248345839,0.28051725029945374
2025-07-31,XLK,XGBOOST_H3_WITH_SENT,0.17009271741745263,0.27936750650405884
2025-08-01,XLK,XGBOOST_H3_WITH_SENT,0.16013322781404538,0.27994754910469055
2025-08-04,XLK,XGBOOST_H3_WITH_SENT,0.14789547143539006,0.28292664885520935
2025-08-05,XLK,XGBOOST_H3_WITH_SENT,0.14653516918332163,0.2944546937942505
2025-08-06,XLK,XGBOOST_H3_WITH_SENT,0.14192668477321574,0.2922513782978058
2025-08-07,XLK,XGBOOST_H3_WITH_SENT,0.1419200098586677,0.26260149478912354
2025-08-08,XLK,XGBOOST_H3_WITH_SENT,0.13986054603589476,0.2721295654773712
2025-08-11,XLK,XGBOOST_H3_WITH_SENT,0.13782352961704245,0.27411335706710815
2025-08-12,XLK,XGBOOST_H3_WITH_SENT,0.14185816298926862,0.275876522064209
2025-08-13,XLK,XGBOOST_H3_WITH_SENT,0.1422581386921318,0.2816031575202942
2025-08-14,XLK,XGBOOST_H3_WITH_SENT,0.141983618723539,0.28721168637275696
2025-08-15,XLK,XGBOOST_H3_WITH_SENT,0.1414853606590154,0.29265543818473816
2025-08-18,XLK,XGBOOST_H3_WITH_SENT,0.1425059943042486,0.2991240620613098
2025-08-19,XLK,XGBOOST_H3_WITH_SENT,0.1256638752257409,0.29465043544769287
2025-08-20,XLK,XGBOOST_H3_WITH_SENT,0.13238350410033314,0.2869322597980499
2025-08-21,XLK,XGBOOST_H3_WITH_SENT,0.1321818939746904,0.29346999526023865
2025-08-22,XLK,XGBOOST_H3_WITH_SENT,0.13335119599971296,0.2927497923374176
2025-08-25,XLK,XGBOOST_H3_WITH_SENT,0.13902645158776866,0.30199486017227173
2025-08-26,XLK,XGBOOST_H3_WITH_SENT,0.1430748734865029,0.3054395318031311
2025-08-27,XLK,XGBOOST_H3_WITH_SENT,0.1436893560025796,0.31036055088043213
2025-08-28,XLK,XGBOOST_H3_WITH_SENT,0.14233705201983823,0.31172800064086914
2025-08-29,XLK,XGBOOST_H3_WITH_SENT,0.12608973430011255,0.3040596544742584
2025-09-02,XLK,XGBOOST_H3_WITH_SENT,0.11564993744970489,0.30800288915634155
2025-09-03,XLK,XGBOOST_H3_WITH_SENT,0.11721203783183787,0.30721646547317505
2025-09-04,XLK,XGBOOST_H3_WITH_SENT,0.11725583017801827,0.30332374572753906
2025-09-05,XLK,XGBOOST_H3_WITH_SENT,0.12138115517330013,0.22953641414642334
2025-09-08,XLK,XGBOOST_H3_WITH_SENT,0.12269181384410642,0.23420798778533936
2025-09-09,XLK,XGBOOST_H3_WITH_SENT,0.12848312430122252,0.23490430414676666
2025-09-10,XLK,XGBOOST_H3_WITH_SENT,0.12764593928796011,0.23597952723503113
2025-09-11,XLK,XGBOOST_H3_WITH_SENT,0.12908815094265308,0.2353249490261078
2025-09-12,XLK,XGBOOST_H3_WITH_SENT,0.20545907619992398,0.23616859316825867
2025-09-15,XLK,XGBOOST_H3_WITH_SENT,0.21932164340255073,0.23894017934799194
2025-09-16,XLK,XGBOOST_H3_WITH_SENT,0.22503884016700773,0.24066248536109924
2025-09-17,XLK,XGBOOST_H3_WITH_SENT,0.22594355857112308,0.25366246700286865
2025-09-18,XLK,XGBOOST_H3_WITH_SENT,0.2191396533884093,0.25676703453063965
2025-09-19,XLK,XGBOOST_H3_WITH_SENT,0.2168222497216113,0.2592429220676422
2025-09-22,XLK,XGBOOST_H3_WITH_SENT,0.2142763605572644,0.27504828572273254
2025-09-23,XLK,XGBOOST_H3_WITH_SENT,0.21125548384138512,0.2870856523513794
2025-09-24,XLK,XGBOOST_H3_WITH_SENT,0.21345102244619657,0.28831589221954346
2025-09-25,XLK,XGBOOST_H3_WITH_SENT,0.2167875833452379,0.29146626591682434
2025-09-26,XLK,XGBOOST_H3_WITH_SENT,0.22199466174447396,0.2934819459915161
2025-09-29,XLK,XGBOOST_H3_WITH_SENT,0.22879307318984488,0.28867268562316895
2025-09-30,XLK,XGBOOST_H3_WITH_SENT,0.22989251907186473,0.297325998544693
2025-10-01,XLK,XGBOOST_H3_WITH_SENT,0.22913505793373817,0.30157598853111267
2025-10-02,XLK,XGBOOST_H3_WITH_SENT,0.23558543417113922,0.3046776354312897
2025-10-03,XLK,XGBOOST_H3_WITH_SENT,0.2340181664980568,0.28057146072387695
2025-10-06,XLK,XGBOOST_H3_WITH_SENT,0.2324888981883689,0.26280826330184937
2025-10-07,XLK,XGBOOST_H3_WITH_SENT,0.2529304704788027,0.2670469582080841
2025-10-08,XLK,XGBOOST_H3_WITH_SENT,0.24608225144778623,0.2779565751552582
2025-10-09,XLK,XGBOOST_H3_WITH_SENT,0.25714895474619887,0.3073500096797943
2025-10-10,XLK,XGBOOST_H3_WITH_SENT,0.20642119252241972,0.24411678314208984
2025-10-14,XLK,XGBOOST_H3_WITH_SENT,0.20463339362188365,0.2722011208534241
2025-10-15,XLK,XGBOOST_H3_WITH_SENT,0.2025861380862069,0.30820491909980774
2025-10-16,XLK,XGBOOST_H3_WITH_SENT,0.22403714803519156,0.31144246459007263
2025-10-17,XLK,XGBOOST_H3_WITH_SENT,0.2247180136928731,0.32301679253578186
2025-10-20,XLK,XGBOOST_H3_WITH_SENT,0.2282052193779597,0.34661296010017395
2025-10-21,XLK,XGBOOST_H3_WITH_SENT,0.2347105178129929,0.37103328108787537
2025-10-22,XLK,XGBOOST_H3_WITH_SENT,0.2344407699529342,0.35890063643455505
2025-10-23,XLK,XGBOOST_H3_WITH_SENT,0.25322461320553197,0.3324846923351288
2025-10-24,XLK,XGBOOST_H3_WITH_SENT,0.24526381539994094,0.3539610207080841
2025-10-27,XLK,XGBOOST_H3_WITH_SENT,0.25209973353373266,0.38082355260849
2025-10-28,XLK,XGBOOST_H3_WITH_SENT,0.24838216976130986,0.6010169982910156
2025-10-29,XLK,XGBOOST_H3_WITH_SENT,0.2515705481211885,0.37734946608543396
2025-10-30,XLK,XGBOOST_H3_WITH_SENT,0.2527085518838855,0.6347795128822327
2025-10-31,XLK,XGBOOST_H3_WITH_SENT,0.2526244118203502,0.4200405180454254
2025-11-03,XLK,XGBOOST_H3_WITH_SENT,0.25566681420262427,0.3905569314956665
2025-11-04,XLK,XGBOOST_H3_WITH_SENT,0.23881711882807918,0.401933878660202
2025-11-05,XLK,XGBOOST_H3_WITH_SENT,0.23877037348211513,0.40344205498695374
2025-11-06,XLK,XGBOOST_H3_WITH_SENT,0.228577651503874,0.4273151457309723
2025-11-07,XLK,XGBOOST_H3_WITH_SENT,0.2290709071989868,0.4307674467563629
2025-11-10,XLK,XGBOOST_H3_WITH_SENT,0.21094451407457246,0.2982131242752075
2025-11-12,XLK,XGBOOST_H3_WITH_SENT,0.20980958228019403,0.2813096046447754
2025-11-13,XLK,XGBOOST_H3_WITH_SENT,0.2168244010715254,0.3138711452484131
2025-11-14,XLK,XGBOOST_H3_WITH_SENT,0.21858256229999706,0.322801798582077
2025-11-17,XLK,XGBOOST_H3_WITH_SENT,0.21120091446229655,0.3551197350025177
2025-11-18,XLK,XGBOOST_H3_WITH_SENT,0.21856040001952817,0.357944130897522
2025-11-19,XLK,XGBOOST_H3_WITH_SENT,0.22405986318577759,0.3229210674762726
2025-11-20,XLK,XGBOOST_H3_WITH_SENT,0.20091533272111736,0.5225094556808472
2025-11-21,XLK,XGBOOST_H3_WITH_SENT,0.20107075414196768,0.5081498026847839
2025-11-24,XLK,XGBOOST_H3_WITH_SENT,0.18639846039374008,0.5003962516784668
2025-11-25,XLK,XGBOOST_H3_WITH_SENT,0.18639172753653388,0.4826084077358246
2025-11-26,XLK,XGBOOST_H3_WITH_SENT,0.1829274472898089,0.34915366768836975
2025-11-28,XLK,XGBOOST_H3_WITH_SENT,0.18229517918525132,0.496893972158432
2025-12-01,XLK,XGBOOST_H3_WITH_SENT,0.18289679442921336,0.32139888405799866
2025-12-02,XLK,XGBOOST_H3_WITH_SENT,0.18318480622028546,0.5079031586647034
2025-12-03,XLK,XGBOOST_H3_WITH_SENT,0.1831680341716431,0.4041398763656616
2025-12-04,XLK,XGBOOST_H3_WITH_SENT,0.1828230703462377,0.44422000646591187
2025-12-05,XLK,XGBOOST_H3_WITH_SENT,0.18790734064163475,0.47678470611572266
2025-12-08,XLK,XGBOOST_H3_WITH_SENT,0.1861359981602008,0.42767977714538574
2025-12-09,XLK,XGBOOST_H3_WITH_SENT,0.19358543364581307,0.44092071056365967
2025-12-10,XLK,XGBOOST_H3_WITH_SENT,0.19922522661635889,0.44083741307258606
2025-12-11,XLK,XGBOOST_H3_WITH_SENT,0.19934216027292834,0.44382137060165405
2025-12-12,XLK,XGBOOST_H3_WITH_SENT,0.16766894045714378,0.47360798716545105
2025-12-15,XLK,XGBOOST_H3_WITH_SENT,0.17002055810121733,0.44901391863822937
2025-12-16,XLK,XGBOOST_H3_WITH_SENT,0.1706940871354458,0.4453827142715454
2025-12-17,XLK,XGBOOST_H3_WITH_SENT,0.14628521027551092,0.47598376870155334
2025-12-18,XLK,XGBOOST_H3_WITH_SENT,0.16974981749053386,0.4702848196029663
2025-12-19,XLK,XGBOOST_H3_WITH_SENT,0.15896218949661703,0.4417544901371002
2025-12-22,XLK,XGBOOST_H3_WITH_SENT,0.16006786026224865,0.41675955057144165
2025-12-23,XLK,XGBOOST_H3_WITH_SENT,0.15886520984744212,0.35742509365081787
2025-12-24,XLK,XGBOOST_H3_WITH_SENT,0.16061459512897935,0.3589248061180115
2025-12-26,XLK,XGBOOST_H3_WITH_SENT,0.1675565008893194,0.3874163329601288
2025-12-29,XLK,XGBOOST_H3_WITH_SENT,0.16842642125256294,0.406838059425354
2025-12-30,XLK,XGBOOST_H3_WITH_SENT,0.17855870991954967,0.4710193872451782
2025-12-31,XLK,XGBOOST_H3_WITH_SENT,0.19038483834560352,0.4930528998374939
2024-10-16,XLF,XGBOOST_H3_WITH_SENT,0.24936563104608336,0.16573147475719452
2024-10-17,XLF,XGBOOST_H3_WITH_SENT,0.24998004814511957,0.1542460173368454
2024-10-18,XLF,XGBOOST_H3_WITH_SENT,0.25003112376549796,0.1507684588432312
2024-10-21,XLF,XGBOOST_H3_WITH_SENT,0.2470402775912891,0.14719492197036743
2024-10-22,XLF,XGBOOST_H3_WITH_SENT,0.24880605849437043,0.15900780260562897
2024-10-23,XLF,XGBOOST_H3_WITH_SENT,0.24932774020907256,0.16484063863754272
2024-10-24,XLF,XGBOOST_H3_WITH_SENT,0.251782144925013,0.1624985635280609
2024-10-25,XLF,XGBOOST_H3_WITH_SENT,0.2474743040388495,0.16933275759220123
2024-10-28,XLF,XGBOOST_H3_WITH_SENT,0.245781297995527,0.17252737283706665
2024-10-29,XLF,XGBOOST_H3_WITH_SENT,0.24303875405924508,0.18153470754623413
2024-10-30,XLF,XGBOOST_H3_WITH_SENT,0.24318321085909375,0.19369760155677795
2024-10-31,XLF,XGBOOST_H3_WITH_SENT,0.23395084433341468,0.1849868893623352
2024-11-01,XLF,XGBOOST_H3_WITH_SENT,0.2398935964375428,0.17530429363250732
2024-11-04,XLF,XGBOOST_H3_WITH_SENT,0.23973223448480757,0.1582174301147461
2024-11-05,XLF,XGBOOST_H3_WITH_SENT,0.24063148263549577,0.15511678159236908
2024-11-06,XLF,XGBOOST_H3_WITH_SENT,0.1231932114696973,0.15304075181484222
2024-11-07,XLF,XGBOOST_H3_WITH_SENT,0.10547359337550759,0.1362411230802536
2024-11-08,XLF,XGBOOST_H3_WITH_SENT,0.11504662754470443,0.1399313509464264
2024-11-12,XLF,XGBOOST_H3_WITH_SENT,0.10292629721420006,0.1283758580684662
2024-11-13,XLF,XGBOOST_H3_WITH_SENT,0.10411656400128735,0.13252472877502441
2024-11-14,XLF,XGBOOST_H3_WITH_SENT,0.10375537768101922,0.13823604583740234
2024-11-15,XLF,XGBOOST_H3_WITH_SENT,0.10237624337726485,0.1390472799539566
2024-11-18,XLF,XGBOOST_H3_WITH_SENT,0.10416000273474961,0.13241012394428253
2024-11-19,XLF,XGBOOST_H3_WITH_SENT,0.1468401355956347,0.1351155936717987
2024-11-20,XLF,XGBOOST_H3_WITH_SENT,0.14815615893025694,0.14346760511398315
2024-11-21,XLF,XGBOOST_H3_WITH_SENT,0.15103833794884253,0.14838702976703644
2024-11-22,XLF,XGBOOST_H3_WITH_SENT,0.14427787747375848,0.14889316260814667
2024-11-25,XLF,XGBOOST_H3_WITH_SENT,0.14949989627225063,0.1448535919189453
2024-11-26,XLF,XGBOOST_H3_WITH_SENT,0.1496756738963992,0.1451055407524109
2024-11-27,XLF,XGBOOST_H3_WITH_SENT,0.15020087864215417,0.15263795852661133
2024-11-29,XLF,XGBOOST_H3_WITH_SENT,0.15166898932999695,0.15380218625068665
2024-12-02,XLF,XGBOOST_H3_WITH_SENT,0.14983706398007055,0.14596113562583923
2024-12-03,XLF,XGBOOST_H3_WITH_SENT,0.14858300925994794,0.14371618628501892
2024-12-04,XLF,XGBOOST_H3_WITH_SENT,0.15248168692430042,0.14834655821323395
2024-12-05,XLF,XGBOOST_H3_WITH_SENT,0.15164881254892787,0.14558309316635132
2024-12-06,XLF,XGBOOST_H3_WITH_SENT,0.15154053799166994,0.1451023817062378
2024-12-09,XLF,XGBOOST_H3_WITH_SENT,0.14577207468436526,0.14752325415611267
2024-12-10,XLF,XGBOOST_H3_WITH_SENT,0.16766193965469925,0.1429014503955841
2024-12-11,XLF,XGBOOST_H3_WITH_SENT,0.17036799296728725,0.14777998626232147
2024-12-12,XLF,XGBOOST_H3_WITH_SENT,0.17739099635455213,0.15960301458835602
2024-12-13,XLF,XGBOOST_H3_WITH_SENT,0.2005143523225646,0.16610728204250336
2024-12-16,XLF,XGBOOST_H3_WITH_SENT,0.20165936496038547,0.17047783732414246
2024-12-17,XLF,XGBOOST_H3_WITH_SENT,0.20133682836064976,0.17713336646556854
2024-12-18,XLF,XGBOOST_H3_WITH_SENT,0.16376943496183416,0.1696660816669464
2024-12-19,XLF,XGBOOST_H3_WITH_SENT,0.16622319074063427,0.16184267401695251
2024-12-20,XLF,XGBOOST_H3_WITH_SENT,0.16067190048394592,0.15214437246322632
2024-12-23,XLF,XGBOOST_H3_WITH_SENT,0.1606829934261339,0.1557009220123291
2024-12-24,XLF,XGBOOST_H3_WITH_SENT,0.16013060185034436,0.13425949215888977
2024-12-26,XLF,XGBOOST_H3_WITH_SENT,0.16081029202227293,0.13765433430671692
2024-12-27,XLF,XGBOOST_H3_WITH_SENT,0.1572809598833139,0.13791701197624207
2024-12-30,XLF,XGBOOST_H3_WITH_SENT,0.15218193775743646,0.16648583114147186
2024-12-31,XLF,XGBOOST_H3_WITH_SENT,0.1555500216181593,0.1733277142047882
2025-01-02,XLF,XGBOOST_H3_WITH_SENT,0.15642128710406833,0.17505446076393127
2025-01-03,XLF,XGBOOST_H3_WITH_SENT,0.15647190091860289,0.16348214447498322
2025-01-06,XLF,XGBOOST_H3_WITH_SENT,0.1574011057885012,0.18321019411087036
2025-01-07,XLF,XGBOOST_H3_WITH_SENT,0.15696010892445708,0.19390274584293365
2025-01-08,XLF,XGBOOST_H3_WITH_SENT,0.16043630141243456,0.18263745307922363
2025-01-10,XLF,XGBOOST_H3_WITH_SENT,0.13050840903792763,0.18268117308616638
2025-01-13,XLF,XGBOOST_H3_WITH_SENT,0.1301248102171854,0.1898748129606247
2025-01-14,XLF,XGBOOST_H3_WITH_SENT,0.12869282802830578,0.18054677546024323
2025-01-15,XLF,XGBOOST_H3_WITH_SENT,0.10022446508812967,0.15011365711688995
2025-01-16,XLF,XGBOOST_H3_WITH_SENT,0.09883387171437873,0.15861324965953827
2025-01-17,XLF,XGBOOST_H3_WITH_SENT,0.09782790480637567,0.14848682284355164
2025-01-21,XLF,XGBOOST_H3_WITH_SENT,0.09492118781567643,0.15053009986877441
2025-01-22,XLF,XGBOOST_H3_WITH_SENT,0.11056580366233601,0.1588159203529358
2025-01-23,XLF,XGBOOST_H3_WITH_SENT,0.1188130818206376,0.1639663130044937
2025-01-24,XLF,XGBOOST_H3_WITH_SENT,0.11935636926594637,0.15711116790771484
2025-01-27,XLF,XGBOOST_H3_WITH_SENT,0.11228470540815985,0.14744751155376434
2025-01-28,XLF,XGBOOST_H3_WITH_SENT,0.11235743705516112,0.15588411688804626
2025-01-29,XLF,XGBOOST_H3_WITH_SENT,0.11430891815043154,0.15911699831485748
2025-01-30,XLF,XGBOOST_H3_WITH_SENT,0.13157520290892016,0.15164802968502045
2025-01-31,XLF,XGBOOST_H3_WITH_SENT,0.13355989312635858,0.1576738804578781
2025-02-03,XLF,XGBOOST_H3_WITH_SENT,0.18487034830630947,0.15770480036735535
2025-02-04,XLF,XGBOOST_H3_WITH_SENT,0.18652386121306552,0.17207098007202148
2025-02-05,XLF,XGBOOST_H3_WITH_SENT,0.18937212045685933,0.14938728511333466
2025-02-06,XLF,XGBOOST_H3_WITH_SENT,0.1854176387599793,0.1514805108308792
2025-02-07,XLF,XGBOOST_H3_WITH_SENT,0.1980890789837156,0.1594952493906021
2025-02-10,XLF,XGBOOST_H3_WITH_SENT,0.1982764256146254,0.18126820027828217
2025-02-11,XLF,XGBOOST_H3_WITH_SENT,0.19786160321931923,0.18389029800891876
2025-02-12,XLF,XGBOOST_H3_WITH_SENT,0.19793310474990486,0.18013642728328705
2025-02-13,XLF,XGBOOST_H3_WITH_SENT,0.21708768840710518,0.18477684259414673
2025-02-14,XLF,XGBOOST_H3_WITH_SENT,0.22281016113582391,0.19347034394741058
2025-02-18,XLF,XGBOOST_H3_WITH_SENT,0.21989039233353103,0.19446180760860443
2025-02-19,XLF,XGBOOST_H3_WITH_SENT,0.22524934241841793,0.19482508301734924
2025-02-20,XLF,XGBOOST_H3_WITH_SENT,0.22036777559332923,0.19952262938022614
2025-02-21,XLF,XGBOOST_H3_WITH_SENT,0.2168188749483176,0.19863279163837433
2025-02-24,XLF,XGBOOST_H3_WITH_SENT,0.22616199556669744,0.19800353050231934
2025-02-25,XLF,XGBOOST_H3_WITH_SENT,0.22723145251465696,0.1986190378665924
2025-02-26,XLF,XGBOOST_H3_WITH_SENT,0.2273368475163614,0.2002592384815216
2025-02-27,XLF,XGBOOST_H3_WITH_SENT,0.2263219917477396,0.1900116205215454
2025-02-28,XLF,XGBOOST_H3_WITH_SENT,0.22122834169027183,0.19679488241672516
2025-03-03,XLF,XGBOOST_H3_WITH_SENT,0.22618337750804673,0.20199614763259888
2025-03-04,XLF,XGBOOST_H3_WITH_SENT,0.18696200193202836,0.1866312026977539
2025-03-05,XLF,XGBOOST_H3_WITH_SENT,0.1881453122071895,0.1906842738389969
2025-03-06,XLF,XGBOOST_H3_WITH_SENT,0.25473892909682244,0.19509567320346832
2025-03-07,XLF,XGBOOST_H3_WITH_SENT,0.3672620856450555,0.19636963307857513
2025-03-10,XLF,XGBOOST_H3_WITH_SENT,0.3614076592423837,0.19036675989627838
2025-03-11,XLF,XGBOOST_H3_WITH_SENT,0.36101861984587813,0.1972229927778244
2025-03-12,XLF,XGBOOST_H3_WITH_SENT,0.451930863338711,0.19469964504241943
2025-03-13,XLF,XGBOOST_H3_WITH_SENT,0.46257671435179265,0.1960735023021698
2025-03-14,XLF,XGBOOST_H3_WITH_SENT,0.45858630694045766,0.21003349125385284
2025-03-17,XLF,XGBOOST_H3_WITH_SENT,0.45805227151540645,0.2069755345582962
2025-03-18,XLF,XGBOOST_H3_WITH_SENT,0.458313844413089,0.20484766364097595
2025-03-19,XLF,XGBOOST_H3_WITH_SENT,0.45838949301021786,0.20923654735088348
2025-03-20,XLF,XGBOOST_H3_WITH_SENT,0.45855616659773396,0.21041689813137054
2025-03-21,XLF,XGBOOST_H3_WITH_SENT,0.46336956750232555,0.21154706180095673
2025-03-24,XLF,XGBOOST_H3_WITH_SENT,0.4754819093656134,0.20433679223060608
2025-03-25,XLF,XGBOOST_H3_WITH_SENT,0.47749637733291384,0.21374566853046417
2025-03-26,XLF,XGBOOST_H3_WITH_SENT,0.4800001539065559,0.22624070942401886
2025-03-27,XLF,XGBOOST_H3_WITH_SENT,0.4800967519934883,0.20228654146194458
2025-03-28,XLF,XGBOOST_H3_WITH_SENT,0.4759722998890621,0.19969092309474945
2025-03-31,XLF,XGBOOST_H3_WITH_SENT,0.47535576618731973,0.21098995208740234
2025-04-01,XLF,XGBOOST_H3_WITH_SENT,0.47547520127191273,0.210887610912323
2025-04-02,XLF,XGBOOST_H3_WITH_SENT,0.4742494963350658,0.21951870620250702
2025-04-03,XLF,XGBOOST_H3_WITH_SENT,0.44273292955337196,0.21090421080589294
2025-04-04,XLF,XGBOOST_H3_WITH_SENT,0.33591083311502007,0.43076997995376587
2025-04-07,XLF,XGBOOST_H3_WITH_SENT,0.3371179332830873,0.4620855748653412
2025-04-08,XLF,XGBOOST_H3_WITH_SENT,0.33532009563203813,0.4241371750831604
2025-04-09,XLF,XGBOOST_H3_WITH_SENT,0.22516987427614674,0.3151285648345947
2025-04-10,XLF,XGBOOST_H3_WITH_SENT,0.19358253356955793,0.46031373739242554
2025-04-11,XLF,XGBOOST_H3_WITH_SENT,0.19704367039642148,0.45444390177726746
2025-04-14,XLF,XGBOOST_H3_WITH_SENT,0.19579703169498644,0.45493507385253906
2025-04-15,XLF,XGBOOST_H3_WITH_SENT,0.19721433024916196,0.45391562581062317
2025-04-16,XLF,XGBOOST_H3_WITH_SENT,0.18335796388773867,0.488115131855011
2025-04-17,XLF,XGBOOST_H3_WITH_SENT,0.18319685370924496,0.4535554051399231
2025-04-21,XLF,XGBOOST_H3_WITH_SENT,0.15504531055055815,0.46108952164649963
2025-04-22,XLF,XGBOOST_H3_WITH_SENT,0.12498162830033563,0.3209105432033539
2025-04-23,XLF,XGBOOST_H3_WITH_SENT,0.14964487303680818,0.3195562958717346
2025-04-24,XLF,XGBOOST_H3_WITH_SENT,0.14678757049907357,0.3048301935195923
2025-04-25,XLF,XGBOOST_H3_WITH_SENT,0.14611763551809415,0.2186059057712555
2025-04-28,XLF,XGBOOST_H3_WITH_SENT,0.15597716577676485,0.216094508767128
2025-04-29,XLF,XGBOOST_H3_WITH_SENT,0.15676561881634535,0.21315161883831024
2025-04-30,XLF,XGBOOST_H3_WITH_SENT,0.15717292750841158,0.21672557294368744
2025-05-01,XLF,XGBOOST_H3_WITH_SENT,0.15693721935650568,0.22360020875930786
2025-05-02,XLF,XGBOOST_H3_WITH_SENT,0.1413102199223403,0.1977105587720871
2025-05-05,XLF,XGBOOST_H3_WITH_SENT,0.13838465959850862,0.19695943593978882
2025-05-06,XLF,XGBOOST_H3_WITH_SENT,0.13839444520680422,0.21811780333518982
2025-05-07,XLF,XGBOOST_H3_WITH_SENT,0.13827355943367398,0.20278795063495636
2025-05-08,XLF,XGBOOST_H3_WITH_SENT,0.1417755980492462,0.19856758415699005
2025-05-09,XLF,XGBOOST_H3_WITH_SENT,0.14381226324721239,0.20232120156288147
2025-05-12,XLF,XGBOOST_H3_WITH_SENT,0.1252831774248466,0.2086033821105957
2025-05-13,XLF,XGBOOST_H3_WITH_SENT,0.12448573147173696,0.21661420166492462
2025-05-14,XLF,XGBOOST_H3_WITH_SENT,0.12408666510303165,0.2071428745985031
2025-05-15,XLF,XGBOOST_H3_WITH_SENT,0.14138757124271192,0.20735567808151245
2025-05-16,XLF,XGBOOST_H3_WITH_SENT,0.1462216097427171,0.2083415538072586
2025-05-19,XLF,XGBOOST_H3_WITH_SENT,0.1470188331367469,0.22114157676696777
2025-05-20,XLF,XGBOOST_H3_WITH_SENT,0.14624841743452685,0.21759125590324402
2025-05-21,XLF,XGBOOST_H3_WITH_SENT,0.12708023636951285,0.2158326506614685
2025-05-22,XLF,XGBOOST_H3_WITH_SENT,0.13437864344672915,0.21510696411132812
2025-05-23,XLF,XGBOOST_H3_WITH_SENT,0.14217827420324933,0.2155299335718155
2025-05-27,XLF,XGBOOST_H3_WITH_SENT,0.13025739049847615,0.21541893482208252
2025-05-28,XLF,XGBOOST_H3_WITH_SENT,0.129310987498234,0.2128385454416275
2025-05-29,XLF,XGBOOST_H3_WITH_SENT,0.12868582349437493,0.21159400045871735
2025-05-30,XLF,XGBOOST_H3_WITH_SENT,0.13105866744542127,0.21420113742351532
2025-06-02,XLF,XGBOOST_H3_WITH_SENT,0.13172843372463106,0.2039860188961029
2025-06-03,XLF,XGBOOST_H3_WITH_SENT,0.13203595404684063,0.2160162329673767
2025-06-04,XLF,XGBOOST_H3_WITH_SENT,0.13281508782924042,0.2132299244403839
2025-06-05,XLF,XGBOOST_H3_WITH_SENT,0.13853075407967644,0.21413198113441467
2025-06-06,XLF,XGBOOST_H3_WITH_SENT,0.13833255744855477,0.216822549700737
2025-06-09,XLF,XGBOOST_H3_WITH_SENT,0.1363813145707257,0.21655341982841492
2025-06-10,XLF,XGBOOST_H3_WITH_SENT,0.13724847225512227,0.16084645688533783
2025-06-11,XLF,XGBOOST_H3_WITH_SENT,0.14372088458097174,0.16424112021923065
2025-06-12,XLF,XGBOOST_H3_WITH_SENT,0.14525449177629435,0.16575054824352264
2025-06-13,XLF,XGBOOST_H3_WITH_SENT,0.1388247226663612,0.15873730182647705
2025-06-16,XLF,XGBOOST_H3_WITH_SENT,0.13567033620589417,0.15058408677577972
2025-06-17,XLF,XGBOOST_H3_WITH_SENT,0.1355330479463715,0.15501515567302704
2025-06-18,XLF,XGBOOST_H3_WITH_SENT,0.13531294758954104,0.16243356466293335
2025-06-20,XLF,XGBOOST_H3_WITH_SENT,0.1365932291866265,0.19253143668174744
2025-06-23,XLF,XGBOOST_H3_WITH_SENT,0.1317220588734165,0.19413314759731293
2025-06-24,XLF,XGBOOST_H3_WITH_SENT,0.12474820524123018,0.1812942922115326
2025-06-25,XLF,XGBOOST_H3_WITH_SENT,0.12373938178100446,0.18504533171653748
2025-06-26,XLF,XGBOOST_H3_WITH_SENT,0.12349003786560482,0.17847579717636108
2025-06-27,XLF,XGBOOST_H3_WITH_SENT,0.12698096863255381,0.18247640132904053
2025-06-30,XLF,XGBOOST_H3_WITH_SENT,0.12581933371271573,0.15448427200317383
2025-07-01,XLF,XGBOOST_H3_WITH_SENT,0.12456988169149888,0.1548442244529724
2025-07-02,XLF,XGBOOST_H3_WITH_SENT,0.126564924963752,0.16300134360790253
2025-07-03,XLF,XGBOOST_H3_WITH_SENT,0.13547255588887153,0.16867801547050476
2025-07-07,XLF,XGBOOST_H3_WITH_SENT,0.138014067311436,0.17017129063606262
2025-07-08,XLF,XGBOOST_H3_WITH_SENT,0.13520529723777586,0.1830078512430191
2025-07-09,XLF,XGBOOST_H3_WITH_SENT,0.13575222387664973,0.18221697211265564
2025-07-10,XLF,XGBOOST_H3_WITH_SENT,0.13873960088381995,0.1904386579990387
2025-07-11,XLF,XGBOOST_H3_WITH_SENT,0.13911456011494963,0.216135635972023
2025-07-14,XLF,XGBOOST_H3_WITH_SENT,0.13607425167522733,0.20699279010295868
2025-07-15,XLF,XGBOOST_H3_WITH_SENT,0.12829599728942978,0.20213323831558228
2025-07-16,XLF,XGBOOST_H3_WITH_SENT,0.12757707611990232,0.21318276226520538
2025-07-17,XLF,XGBOOST_H3_WITH_SENT,0.12423598667537133,0.21213313937187195
2025-07-18,XLF,XGBOOST_H3_WITH_SENT,0.13011918578080378,0.21287532150745392
2025-07-21,XLF,XGBOOST_H3_WITH_SENT,0.12972631409818802,0.21572433412075043
2025-07-22,XLF,XGBOOST_H3_WITH_SENT,0.12835176609556195,0.22038842737674713
2025-07-23,XLF,XGBOOST_H3_WITH_SENT,0.12639035985902786,0.21968309581279755
2025-07-24,XLF,XGBOOST_H3_WITH_SENT,0.12683806739962153,0.2252729833126068
2025-07-25,XLF,XGBOOST_H3_WITH_SENT,0.1379568519994038,0.22175928950309753
2025-07-28,XLF,XGBOOST_H3_WITH_SENT,0.13723724135956086,0.23779809474945068
2025-07-29,XLF,XGBOOST_H3_WITH_SENT,0.13820393926334723,0.21371830999851227
2025-07-30,XLF,XGBOOST_H3_WITH_SENT,0.1378857457833388,0.21139834821224213
2025-07-31,XLF,XGBOOST_H3_WITH_SENT,0.135164492922332,0.24011127650737762
2025-08-01,XLF,XGBOOST_H3_WITH_SENT,0.11240722531605286,0.2817673683166504
2025-08-04,XLF,XGBOOST_H3_WITH_SENT,0.11404342473039855,0.24813735485076904
2025-08-05,XLF,XGBOOST_H3_WITH_SENT,0.11278941564422955,0.2446751892566681
2025-08-06,XLF,XGBOOST_H3_WITH_SENT,0.11651823277738234,0.25835615396499634
2025-08-07,XLF,XGBOOST_H3_WITH_SENT,0.12955187400248563,0.27707740664482117
2025-08-08,XLF,XGBOOST_H3_WITH_SENT,0.12635095547415737,0.2675984799861908
2025-08-11,XLF,XGBOOST_H3_WITH_SENT,0.12667150047058676,0.2831297218799591
2025-08-12,XLF,XGBOOST_H3_WITH_SENT,0.12120883343091125,0.24758322536945343
2025-08-13,XLF,XGBOOST_H3_WITH_SENT,0.13227504287294042,0.25692883133888245
2025-08-14,XLF,XGBOOST_H3_WITH_SENT,0.13293512129844398,0.24952256679534912
2025-08-15,XLF,XGBOOST_H3_WITH_SENT,0.1268454905673665,0.25398823618888855
2025-08-18,XLF,XGBOOST_H3_WITH_SENT,0.12741274411783252,0.2568664252758026
2025-08-19,XLF,XGBOOST_H3_WITH_SENT,0.13106674984376826,0.254663348197937
2025-08-20,XLF,XGBOOST_H3_WITH_SENT,0.1303260410614426,0.25476181507110596
2025-08-21,XLF,XGBOOST_H3_WITH_SENT,0.12931733028762812,0.2589471936225891
2025-08-22,XLF,XGBOOST_H3_WITH_SENT,0.11689091543517567,0.23076476156711578
2025-08-25,XLF,XGBOOST_H3_WITH_SENT,0.11601081084705706,0.23223938047885895
2025-08-26,XLF,XGBOOST_H3_WITH_SENT,0.11351104562067252,0.23082119226455688
2025-08-27,XLF,XGBOOST_H3_WITH_SENT,0.11366103108305227,0.2375662624835968
2025-08-28,XLF,XGBOOST_H3_WITH_SENT,0.11658903293952183,0.24923411011695862
2025-08-29,XLF,XGBOOST_H3_WITH_SENT,0.11755986044328769,0.2420537769794464
2025-09-02,XLF,XGBOOST_H3_WITH_SENT,0.11562585227417495,0.24587300419807434
2025-09-03,XLF,XGBOOST_H3_WITH_SENT,0.12017170879788734,0.26004472374916077
2025-09-04,XLF,XGBOOST_H3_WITH_SENT,0.11378115949462181,0.2543145716190338
2025-09-05,XLF,XGBOOST_H3_WITH_SENT,0.09463488465642579,0.19252178072929382
2025-09-08,XLF,XGBOOST_H3_WITH_SENT,0.09472231165101891,0.19485974311828613
2025-09-09,XLF,XGBOOST_H3_WITH_SENT,0.09380032052279512,0.1997658759355545
2025-09-10,XLF,XGBOOST_H3_WITH_SENT,0.09475836419807476,0.20147457718849182
2025-09-11,XLF,XGBOOST_H3_WITH_SENT,0.07517103483924298,0.2000834047794342
2025-09-12,XLF,XGBOOST_H3_WITH_SENT,0.10669524295641968,0.19478149712085724
2025-09-15,XLF,XGBOOST_H3_WITH_SENT,0.11342432195075948,0.20166437327861786
2025-09-16,XLF,XGBOOST_H3_WITH_SENT,0.12063500003710456,0.20134003460407257
2025-09-17,XLF,XGBOOST_H3_WITH_SENT,0.11496989859088708,0.2050536870956421
2025-09-18,XLF,XGBOOST_H3_WITH_SENT,0.1506938963614422,0.2055542916059494
2025-09-19,XLF,XGBOOST_H3_WITH_SENT,0.15430449258500964,0.2105245143175125
2025-09-22,XLF,XGBOOST_H3_WITH_SENT,0.16148882485663926,0.2134564220905304
2025-09-23,XLF,XGBOOST_H3_WITH_SENT,0.16101254368824536,0.22613923251628876
2025-09-24,XLF,XGBOOST_H3_WITH_SENT,0.161780525310027,0.22189734876155853
2025-09-25,XLF,XGBOOST_H3_WITH_SENT,0.16206433766209757,0.226575568318367
2025-09-26,XLF,XGBOOST_H3_WITH_SENT,0.16487089479495884,0.2272893488407135
2025-09-29,XLF,XGBOOST_H3_WITH_SENT,0.16450167875059554,0.22290097177028656
2025-09-30,XLF,XGBOOST_H3_WITH_SENT,0.16511511901633238,0.23195278644561768
2025-10-01,XLF,XGBOOST_H3_WITH_SENT,0.17282784582662508,0.23051726818084717
2025-10-02,XLF,XGBOOST_H3_WITH_SENT,0.1733839663824419,0.2375943809747696
2025-10-03,XLF,XGBOOST_H3_WITH_SENT,0.17144220295526988,0.20666064321994781
2025-10-06,XLF,XGBOOST_H3_WITH_SENT,0.1717158446710879,0.19838424026966095
2025-10-07,XLF,XGBOOST_H3_WITH_SENT,0.17308269666099868,0.2026943415403366
2025-10-08,XLF,XGBOOST_H3_WITH_SENT,0.1733075775144935,0.1901971846818924
2025-10-09,XLF,XGBOOST_H3_WITH_SENT,0.17332043593374782,0.2012801617383957
2025-10-10,XLF,XGBOOST_H3_WITH_SENT,0.15615212513563964,0.22858357429504395
2025-10-14,XLF,XGBOOST_H3_WITH_SENT,0.1487265960037986,0.24233697354793549
2025-10-15,XLF,XGBOOST_H3_WITH_SENT,0.15185396836955337,0.24653540551662445
2025-10-16,XLF,XGBOOST_H3_WITH_SENT,0.12008998555744092,0.24934715032577515
2025-10-17,XLF,XGBOOST_H3_WITH_SENT,0.12344353616700983,0.23976145684719086
2025-10-20,XLF,XGBOOST_H3_WITH_SENT,0.1339429599264031,0.22684793174266815
2025-10-21,XLF,XGBOOST_H3_WITH_SENT,0.1339450611982646,0.22790013253688812
2025-10-22,XLF,XGBOOST_H3_WITH_SENT,0.13400529201473385,0.24380865693092346
2025-10-23,XLF,XGBOOST_H3_WITH_SENT,0.1363783209396578,0.22049354016780853
2025-10-24,XLF,XGBOOST_H3_WITH_SENT,0.1365049507527938,0.23310533165931702
2025-10-27,XLF,XGBOOST_H3_WITH_SENT,0.1365671132370591,0.24215707182884216
2025-10-28,XLF,XGBOOST_H3_WITH_SENT,0.14356902875901506,0.4264172911643982
2025-10-29,XLF,XGBOOST_H3_WITH_SENT,0.13187831563379632,0.22312575578689575
2025-10-30,XLF,XGBOOST_H3_WITH_SENT,0.13365748754173573,0.42286568880081177
2025-10-31,XLF,XGBOOST_H3_WITH_SENT,0.13748805505561235,0.22272749245166779
2025-11-03,XLF,XGBOOST_H3_WITH_SENT,0.1364915924155799,0.19594667851924896
2025-11-04,XLF,XGBOOST_H3_WITH_SENT,0.14301062553335742,0.19877007603645325
2025-11-05,XLF,XGBOOST_H3_WITH_SENT,0.1427925284921528,0.2016901969909668
2025-11-06,XLF,XGBOOST_H3_WITH_SENT,0.14178042920811057,0.22261753678321838
2025-11-07,XLF,XGBOOST_H3_WITH_SENT,0.14105016799370307,0.22175514698028564
2025-11-10,XLF,XGBOOST_H3_WITH_SENT,0.14143057462708072,0.21957820653915405
2025-11-12,XLF,XGBOOST_H3_WITH_SENT,0.15644058278421552,0.22121578454971313
2025-11-13,XLF,XGBOOST_H3_WITH_SENT,0.14738186132616327,0.2354339063167572
2025-11-14,XLF,XGBOOST_H3_WITH_SENT,0.14067178719948945,0.23587937653064728
2025-11-17,XLF,XGBOOST_H3_WITH_SENT,0.12040706571380476,0.226676344871521
2025-11-18,XLF,XGBOOST_H3_WITH_SENT,0.11981393809364305,0.23398977518081665
2025-11-19,XLF,XGBOOST_H3_WITH_SENT,0.12094453936484721,0.2303846776485443
2025-11-20,XLF,XGBOOST_H3_WITH_SENT,0.11318452822084864,0.3799090087413788
2025-11-21,XLF,XGBOOST_H3_WITH_SENT,0.11440214817643726,0.3720422089099884
2025-11-24,XLF,XGBOOST_H3_WITH_SENT,0.11451044683075672,0.35135456919670105
2025-11-25,XLF,XGBOOST_H3_WITH_SENT,0.10982033568168154,0.34046971797943115
2025-11-26,XLF,XGBOOST_H3_WITH_SENT,0.10979577042108009,0.2326042205095291
2025-11-28,XLF,XGBOOST_H3_WITH_SENT,0.11197235776632561,0.3299935460090637
2025-12-01,XLF,XGBOOST_H3_WITH_SENT,0.10669884213090197,0.23119567334651947
2025-12-02,XLF,XGBOOST_H3_WITH_SENT,0.11170764963421337,0.388640433549881
2025-12-03,XLF,XGBOOST_H3_WITH_SENT,0.10344569216428391,0.3912384808063507
2025-12-04,XLF,XGBOOST_H3_WITH_SENT,0.12583787737789165,0.39372915029525757
2025-12-05,XLF,XGBOOST_H3_WITH_SENT,0.12586140612623836,0.40325209498405457
2025-12-08,XLF,XGBOOST_H3_WITH_SENT,0.13766677151717943,0.4223516583442688
2025-12-09,XLF,XGBOOST_H3_WITH_SENT,0.13625991763511008,0.4250434339046478
2025-12-10,XLF,XGBOOST_H3_WITH_SENT,0.13348553226055856,0.40827476978302
2025-12-11,XLF,XGBOOST_H3_WITH_SENT,0.1231789407987533,0.3932238519191742
2025-12-12,XLF,XGBOOST_H3_WITH_SENT,0.14189592696914066,0.4152006208896637
2025-12-15,XLF,XGBOOST_H3_WITH_SENT,0.14186176299181477,0.4135863482952118
2025-12-16,XLF,XGBOOST_H3_WITH_SENT,0.1410482537188389,0.40804988145828247
2025-12-17,XLF,XGBOOST_H3_WITH_SENT,0.141129532213503,0.5061121582984924
2025-12-18,XLF,XGBOOST_H3_WITH_SENT,0.1631540546080018,0.5102806687355042
2025-12-19,XLF,XGBOOST_H3_WITH_SENT,0.16284300038722954,0.42092669010162354
2025-12-22,XLF,XGBOOST_H3_WITH_SENT,0.15786180305563421,0.4123605489730835
2025-12-23,XLF,XGBOOST_H3_WITH_SENT,0.16329059550247466,0.37617406249046326
2025-12-24,XLF,XGBOOST_H3_WITH_SENT,0.1639351195187016,0.37860438227653503
2025-12-26,XLF,XGBOOST_H3_WITH_SENT,0.1651230517441054,0.3965047299861908
2025-12-29,XLF,XGBOOST_H3_WITH_SENT,0.16490638672997293,0.39876019954681396
2025-12-30,XLF,XGBOOST_H3_WITH_SENT,0.17089891102607652,0.46814826130867004
2025-12-31,XLF,XGBOOST_H3_WITH_SENT,0.16947057571637858,0.4896962642669678
2024-10-16,XLE,XGBOOST_H3_WITH_SENT,0.17161558587950876,0.2757972478866577
2024-10-17,XLE,XGBOOST_H3_WITH_SENT,0.1714700712090706,0.269830584526062
2024-10-18,XLE,XGBOOST_H3_WITH_SENT,0.17079716039566278,0.2688562273979187
2024-10-21,XLE,XGBOOST_H3_WITH_SENT,0.17370760206087665,0.26631730794906616
2024-10-22,XLE,XGBOOST_H3_WITH_SENT,0.17699171554196386,0.2670552432537079
2024-10-23,XLE,XGBOOST_H3_WITH_SENT,0.17615519597715712,0.2685657739639282
2024-10-24,XLE,XGBOOST_H3_WITH_SENT,0.17631669682323703,0.26842883229255676
2024-10-25,XLE,XGBOOST_H3_WITH_SENT,0.17584146739176465,0.2702562212944031
2024-10-28,XLE,XGBOOST_H3_WITH_SENT,0.19228960810296544,0.26339951157569885
2024-10-29,XLE,XGBOOST_H3_WITH_SENT,0.18028075037515248,0.2751573920249939
2024-10-30,XLE,XGBOOST_H3_WITH_SENT,0.18109566015992654,0.2770628333091736
2024-10-31,XLE,XGBOOST_H3_WITH_SENT,0.1808916429963878,0.25861623883247375
2024-11-01,XLE,XGBOOST_H3_WITH_SENT,0.1846714034484424,0.26958799362182617
2024-11-04,XLE,XGBOOST_H3_WITH_SENT,0.17764786551561243,0.24175173044204712
2024-11-05,XLE,XGBOOST_H3_WITH_SENT,0.20112197864034348,0.2626040279865265
2024-11-06,XLE,XGBOOST_H3_WITH_SENT,0.15117004608565726,0.2469775527715683
2024-11-07,XLE,XGBOOST_H3_WITH_SENT,0.16178308920308795,0.24393068253993988
2024-11-08,XLE,XGBOOST_H3_WITH_SENT,0.15914953176728402,0.2404608577489853
2024-11-12,XLE,XGBOOST_H3_WITH_SENT,0.15793142303539995,0.23856104910373688
2024-11-13,XLE,XGBOOST_H3_WITH_SENT,0.15516976721593959,0.24025289714336395
2024-11-14,XLE,XGBOOST_H3_WITH_SENT,0.15347334835200063,0.22559742629528046
2024-11-15,XLE,XGBOOST_H3_WITH_SENT,0.1676172684616438,0.22969093918800354
2024-11-18,XLE,XGBOOST_H3_WITH_SENT,0.15486612820090398,0.2148052453994751
2024-11-19,XLE,XGBOOST_H3_WITH_SENT,0.17830107831898903,0.23436355590820312
2024-11-20,XLE,XGBOOST_H3_WITH_SENT,0.16761490326962633,0.23602046072483063
2024-11-21,XLE,XGBOOST_H3_WITH_SENT,0.16981009618160745,0.24394363164901733
2024-11-22,XLE,XGBOOST_H3_WITH_SENT,0.17339791024549142,0.23695851862430573
2024-11-25,XLE,XGBOOST_H3_WITH_SENT,0.17446283048586939,0.2339073270559311
2024-11-26,XLE,XGBOOST_H3_WITH_SENT,0.17464365249042377,0.21180498600006104
2024-11-27,XLE,XGBOOST_H3_WITH_SENT,0.17499064313434992,0.20385001599788666
2024-11-29,XLE,XGBOOST_H3_WITH_SENT,0.17240299726168015,0.2005530297756195
2024-12-02,XLE,XGBOOST_H3_WITH_SENT,0.18352175376349641,0.21173302829265594
2024-12-03,XLE,XGBOOST_H3_WITH_SENT,0.19176792255327332,0.21104919910430908
2024-12-04,XLE,XGBOOST_H3_WITH_SENT,0.1810083687161636,0.21337245404720306
2024-12-05,XLE,XGBOOST_H3_WITH_SENT,0.17969901899286847,0.2117803692817688
2024-12-06,XLE,XGBOOST_H3_WITH_SENT,0.17647613990464836,0.2126857191324234
2024-12-09,XLE,XGBOOST_H3_WITH_SENT,0.1766615063758455,0.20924808084964752
2024-12-10,XLE,XGBOOST_H3_WITH_SENT,0.17626246273843724,0.2089197039604187
2024-12-11,XLE,XGBOOST_H3_WITH_SENT,0.1919822735934796,0.2309321165084839
2024-12-12,XLE,XGBOOST_H3_WITH_SENT,0.19261325325363896,0.2353961169719696
2024-12-13,XLE,XGBOOST_H3_WITH_SENT,0.196727990245985,0.2160188853740692
2024-12-16,XLE,XGBOOST_H3_WITH_SENT,0.17466734528201366,0.21805858612060547
2024-12-17,XLE,XGBOOST_H3_WITH_SENT,0.1699934103018998,0.21804094314575195
2024-12-18,XLE,XGBOOST_H3_WITH_SENT,0.11803296846871031,0.23811283707618713
2024-12-19,XLE,XGBOOST_H3_WITH_SENT,0.13708906129499404,0.23812279105186462
2024-12-20,XLE,XGBOOST_H3_WITH_SENT,0.1360445918604536,0.22876739501953125
2024-12-23,XLE,XGBOOST_H3_WITH_SENT,0.1456038654788747,0.23090223968029022
2024-12-24,XLE,XGBOOST_H3_WITH_SENT,0.15357170117679397,0.21544308960437775
2024-12-26,XLE,XGBOOST_H3_WITH_SENT,0.15967228336817654,0.21513131260871887
2024-12-27,XLE,XGBOOST_H3_WITH_SENT,0.159313656010719,0.21960923075675964
2024-12-30,XLE,XGBOOST_H3_WITH_SENT,0.1590594912926782,0.22630788385868073
2024-12-31,XLE,XGBOOST_H3_WITH_SENT,0.189981324050285,0.22888176143169403
2025-01-02,XLE,XGBOOST_H3_WITH_SENT,0.18699868799984817,0.22733789682388306
2025-01-03,XLE,XGBOOST_H3_WITH_SENT,0.1979492167141329,0.2202979326248169
2025-01-06,XLE,XGBOOST_H3_WITH_SENT,0.19666599224819062,0.22328828275203705
2025-01-07,XLE,XGBOOST_H3_WITH_SENT,0.20675734305415844,0.2289491891860962
2025-01-08,XLE,XGBOOST_H3_WITH_SENT,0.2067481281032991,0.22480107843875885
2025-01-10,XLE,XGBOOST_H3_WITH_SENT,0.22015197401731884,0.23076145350933075
2025-01-13,XLE,XGBOOST_H3_WITH_SENT,0.20943848157671324,0.2289937138557434
2025-01-14,XLE,XGBOOST_H3_WITH_SENT,0.2234746723736466,0.23636813461780548
2025-01-15,XLE,XGBOOST_H3_WITH_SENT,0.2180794191652705,0.20125287771224976
2025-01-16,XLE,XGBOOST_H3_WITH_SENT,0.21665936013609507,0.20342005789279938
2025-01-17,XLE,XGBOOST_H3_WITH_SENT,0.221004624356478,0.19670018553733826
2025-01-21,XLE,XGBOOST_H3_WITH_SENT,0.22292622837384618,0.19716861844062805
2025-01-22,XLE,XGBOOST_H3_WITH_SENT,0.2154004425874425,0.20039503276348114
2025-01-23,XLE,XGBOOST_H3_WITH_SENT,0.22789208846938225,0.19974856078624725
2025-01-24,XLE,XGBOOST_H3_WITH_SENT,0.22539915730752996,0.2026687115430832
2025-01-27,XLE,XGBOOST_H3_WITH_SENT,0.22828428972606735,0.2189888060092926
2025-01-28,XLE,XGBOOST_H3_WITH_SENT,0.22663535972944765,0.21946114301681519
2025-01-29,XLE,XGBOOST_H3_WITH_SENT,0.2273561494279216,0.2248847633600235
2025-01-30,XLE,XGBOOST_H3_WITH_SENT,0.23330212501821362,0.21836405992507935
2025-01-31,XLE,XGBOOST_H3_WITH_SENT,0.24618411050638137,0.2221139520406723
2025-02-03,XLE,XGBOOST_H3_WITH_SENT,0.2474191605512915,0.21955622732639313
2025-02-04,XLE,XGBOOST_H3_WITH_SENT,0.23849584212329272,0.229387104511261
2025-02-05,XLE,XGBOOST_H3_WITH_SENT,0.2387526944556161,0.20370236039161682
2025-02-06,XLE,XGBOOST_H3_WITH_SENT,0.24018818781906212,0.21165955066680908
2025-02-07,XLE,XGBOOST_H3_WITH_SENT,0.24188752032182181,0.20484504103660583
2025-02-10,XLE,XGBOOST_H3_WITH_SENT,0.2286055660699793,0.188372403383255
2025-02-11,XLE,XGBOOST_H3_WITH_SENT,0.22696156571092702,0.19649794697761536
2025-02-12,XLE,XGBOOST_H3_WITH_SENT,0.21196635191778165,0.19832725822925568
2025-02-13,XLE,XGBOOST_H3_WITH_SENT,0.23613763208337635,0.194878488779068
2025-02-14,XLE,XGBOOST_H3_WITH_SENT,0.24240583594899698,0.19844777882099152
2025-02-18,XLE,XGBOOST_H3_WITH_SENT,0.23760786764432426,0.1982380449771881
2025-02-19,XLE,XGBOOST_H3_WITH_SENT,0.24302467066758282,0.1977076232433319
2025-02-20,XLE,XGBOOST_H3_WITH_SENT,0.2412190088556947,0.20000866055488586
2025-02-21,XLE,XGBOOST_H3_WITH_SENT,0.22976951598963735,0.1934938132762909
2025-02-24,XLE,XGBOOST_H3_WITH_SENT,0.23271989940336027,0.20046187937259674
2025-02-25,XLE,XGBOOST_H3_WITH_SENT,0.2250718812569441,0.19789202511310577
2025-02-26,XLE,XGBOOST_H3_WITH_SENT,0.22332156276124754,0.20045524835586548
2025-02-27,XLE,XGBOOST_H3_WITH_SENT,0.2275415013871853,0.1999080330133438
2025-02-28,XLE,XGBOOST_H3_WITH_SENT,0.22321496726146373,0.20347227156162262
2025-03-03,XLE,XGBOOST_H3_WITH_SENT,0.17822021268849642,0.2022472470998764
2025-03-04,XLE,XGBOOST_H3_WITH_SENT,0.17134013649413873,0.20342065393924713
2025-03-05,XLE,XGBOOST_H3_WITH_SENT,0.15657602432192494,0.20279532670974731
2025-03-06,XLE,XGBOOST_H3_WITH_SENT,0.3459992324386952,0.2026040256023407
2025-03-07,XLE,XGBOOST_H3_WITH_SENT,0.4831439526649574,0.2024257481098175
2025-03-10,XLE,XGBOOST_H3_WITH_SENT,0.48098799364145695,0.20134074985980988
2025-03-11,XLE,XGBOOST_H3_WITH_SENT,0.48512831278840984,0.2003176212310791
2025-03-12,XLE,XGBOOST_H3_WITH_SENT,0.5633133152193861,0.202621728181839
2025-03-13,XLE,XGBOOST_H3_WITH_SENT,0.6085040450275856,0.21127735078334808
2025-03-14,XLE,XGBOOST_H3_WITH_SENT,0.6051678393098892,0.2069169580936432
2025-03-17,XLE,XGBOOST_H3_WITH_SENT,0.6008396913117536,0.2089654952287674
2025-03-18,XLE,XGBOOST_H3_WITH_SENT,0.6003636211460545,0.2042062133550644
2025-03-19,XLE,XGBOOST_H3_WITH_SENT,0.5969601473835106,0.20984607934951782
2025-03-20,XLE,XGBOOST_H3_WITH_SENT,0.6051063399908219,0.21527309715747833
2025-03-21,XLE,XGBOOST_H3_WITH_SENT,0.609341178237487,0.21281374990940094
2025-03-24,XLE,XGBOOST_H3_WITH_SENT,0.6168543969061122,0.20595315098762512
2025-03-25,XLE,XGBOOST_H3_WITH_SENT,0.6158522548355843,0.21218341588974
2025-03-26,XLE,XGBOOST_H3_WITH_SENT,0.6196097133346722,0.21031060814857483
2025-03-27,XLE,XGBOOST_H3_WITH_SENT,0.6196776468696151,0.2140289843082428
2025-03-28,XLE,XGBOOST_H3_WITH_SENT,0.6213939382954744,0.2030499130487442
2025-03-31,XLE,XGBOOST_H3_WITH_SENT,0.6184901625073869,0.2052980363368988
2025-04-01,XLE,XGBOOST_H3_WITH_SENT,0.6211937592756841,0.2103765904903412
2025-04-02,XLE,XGBOOST_H3_WITH_SENT,0.621704922785696,0.21328958868980408
2025-04-03,XLE,XGBOOST_H3_WITH_SENT,0.5603496200981778,0.244770810008049
2025-04-04,XLE,XGBOOST_H3_WITH_SENT,0.4434572856319862,0.49516746401786804
2025-04-07,XLE,XGBOOST_H3_WITH_SENT,0.4425717669143689,0.49390459060668945
2025-04-08,XLE,XGBOOST_H3_WITH_SENT,0.4328174890970693,0.49066755175590515
2025-04-09,XLE,XGBOOST_H3_WITH_SENT,0.34287326295214293,0.3756992518901825
2025-04-10,XLE,XGBOOST_H3_WITH_SENT,0.2351867664409177,0.4466722011566162
2025-04-11,XLE,XGBOOST_H3_WITH_SENT,0.23669725437195255,0.37782344222068787
2025-04-14,XLE,XGBOOST_H3_WITH_SENT,0.2396094127125895,0.37813398241996765
2025-04-15,XLE,XGBOOST_H3_WITH_SENT,0.24154405507570853,0.4175642728805542
2025-04-16,XLE,XGBOOST_H3_WITH_SENT,0.24099221521430203,0.4630649983882904
2025-04-17,XLE,XGBOOST_H3_WITH_SENT,0.23103704687327173,0.41246455907821655
2025-04-21,XLE,XGBOOST_H3_WITH_SENT,0.213013367731904,0.6889145374298096
2025-04-22,XLE,XGBOOST_H3_WITH_SENT,0.2003619929330633,0.4443345367908478
2025-04-23,XLE,XGBOOST_H3_WITH_SENT,0.21234951984433742,0.4135526716709137
2025-04-24,XLE,XGBOOST_H3_WITH_SENT,0.2048241964254514,0.3544228672981262
2025-04-25,XLE,XGBOOST_H3_WITH_SENT,0.2051624937783231,0.3683839440345764
2025-04-28,XLE,XGBOOST_H3_WITH_SENT,0.20599426979140012,0.37987634539604187
2025-04-29,XLE,XGBOOST_H3_WITH_SENT,0.21066645326515088,0.36842676997184753
2025-04-30,XLE,XGBOOST_H3_WITH_SENT,0.18712624170769046,0.3779369592666626
2025-05-01,XLE,XGBOOST_H3_WITH_SENT,0.1901134925891012,0.3726709485054016
2025-05-02,XLE,XGBOOST_H3_WITH_SENT,0.1887485148048078,0.34037432074546814
2025-05-05,XLE,XGBOOST_H3_WITH_SENT,0.1793647244909045,0.32727742195129395
2025-05-06,XLE,XGBOOST_H3_WITH_SENT,0.19505113443521435,0.3408060371875763
2025-05-07,XLE,XGBOOST_H3_WITH_SENT,0.19515647783014495,0.3474002182483673
2025-05-08,XLE,XGBOOST_H3_WITH_SENT,0.20071077582600974,0.34842029213905334
2025-05-09,XLE,XGBOOST_H3_WITH_SENT,0.19798569946764535,0.35179027915000916
2025-05-12,XLE,XGBOOST_H3_WITH_SENT,0.18614841299131704,0.3254989981651306
2025-05-13,XLE,XGBOOST_H3_WITH_SENT,0.18652917192924492,0.3187866806983948
2025-05-14,XLE,XGBOOST_H3_WITH_SENT,0.18527096506786084,0.3266265094280243
2025-05-15,XLE,XGBOOST_H3_WITH_SENT,0.1940877843869204,0.32650208473205566
2025-05-16,XLE,XGBOOST_H3_WITH_SENT,0.19444413011184253,0.3311741352081299
2025-05-19,XLE,XGBOOST_H3_WITH_SENT,0.18854285739354734,0.32884880900382996
2025-05-20,XLE,XGBOOST_H3_WITH_SENT,0.1865245812867733,0.31241801381111145
2025-05-21,XLE,XGBOOST_H3_WITH_SENT,0.17038684586268452,0.34198322892189026
2025-05-22,XLE,XGBOOST_H3_WITH_SENT,0.1988776169247247,0.33208441734313965
2025-05-23,XLE,XGBOOST_H3_WITH_SENT,0.20688732256017403,0.31705039739608765
2025-05-27,XLE,XGBOOST_H3_WITH_SENT,0.20663948306576743,0.3290141522884369
2025-05-28,XLE,XGBOOST_H3_WITH_SENT,0.20408889765648505,0.32681208848953247
2025-05-29,XLE,XGBOOST_H3_WITH_SENT,0.2052796380789612,0.3215426206588745
2025-05-30,XLE,XGBOOST_H3_WITH_SENT,0.20330718667298672,0.3232811689376831
2025-06-02,XLE,XGBOOST_H3_WITH_SENT,0.20043337818929843,0.3208022117614746
2025-06-03,XLE,XGBOOST_H3_WITH_SENT,0.20463121713055324,0.3212740421295166
2025-06-04,XLE,XGBOOST_H3_WITH_SENT,0.18747853479274568,0.3209207057952881
2025-06-05,XLE,XGBOOST_H3_WITH_SENT,0.19267115609386828,0.32781103253364563
2025-06-06,XLE,XGBOOST_H3_WITH_SENT,0.2029923157716487,0.3201247453689575
2025-06-09,XLE,XGBOOST_H3_WITH_SENT,0.2051744968614074,0.32086822390556335
2025-06-10,XLE,XGBOOST_H3_WITH_SENT,0.19863984055886946,0.2544097900390625
2025-06-11,XLE,XGBOOST_H3_WITH_SENT,0.1938713911801279,0.25734999775886536
2025-06-12,XLE,XGBOOST_H3_WITH_SENT,0.1992175683640255,0.26241976022720337
2025-06-13,XLE,XGBOOST_H3_WITH_SENT,0.19733480094030195,0.24472777545452118
2025-06-16,XLE,XGBOOST_H3_WITH_SENT,0.19938965855237945,0.24479512870311737
2025-06-17,XLE,XGBOOST_H3_WITH_SENT,0.19762400038135358,0.24233998358249664
2025-06-18,XLE,XGBOOST_H3_WITH_SENT,0.19830418605763706,0.2470320165157318
2025-06-20,XLE,XGBOOST_H3_WITH_SENT,0.19663674841080597,0.2788698077201843
2025-06-23,XLE,XGBOOST_H3_WITH_SENT,0.17643139810559877,0.29538270831108093
2025-06-24,XLE,XGBOOST_H3_WITH_SENT,0.17822380990297046,0.2900559902191162
2025-06-25,XLE,XGBOOST_H3_WITH_SENT,0.1782076992144849,0.2925594449043274
2025-06-26,XLE,XGBOOST_H3_WITH_SENT,0.17279028669652327,0.2779957950115204
2025-06-27,XLE,XGBOOST_H3_WITH_SENT,0.17509533751338907,0.28770795464515686
2025-06-30,XLE,XGBOOST_H3_WITH_SENT,0.17507314419055361,0.24823489785194397
2025-07-01,XLE,XGBOOST_H3_WITH_SENT,0.18354978503368036,0.24734213948249817
2025-07-02,XLE,XGBOOST_H3_WITH_SENT,0.17505754231372792,0.25237178802490234
2025-07-03,XLE,XGBOOST_H3_WITH_SENT,0.18738449698730683,0.244847372174263
2025-07-07,XLE,XGBOOST_H3_WITH_SENT,0.18455144037226112,0.24916651844978333
2025-07-08,XLE,XGBOOST_H3_WITH_SENT,0.15489261395913037,0.2531625032424927
2025-07-09,XLE,XGBOOST_H3_WITH_SENT,0.15680160730122186,0.2545512914657593
2025-07-10,XLE,XGBOOST_H3_WITH_SENT,0.15280857561997882,0.24072520434856415
2025-07-11,XLE,XGBOOST_H3_WITH_SENT,0.15409243161739655,0.24059735238552094
2025-07-14,XLE,XGBOOST_H3_WITH_SENT,0.15220868722716166,0.25367259979248047
2025-07-15,XLE,XGBOOST_H3_WITH_SENT,0.14697082630147837,0.2451978474855423
2025-07-16,XLE,XGBOOST_H3_WITH_SENT,0.15094044876676185,0.2559936046600342
2025-07-17,XLE,XGBOOST_H3_WITH_SENT,0.14902622206992575,0.2615789771080017
2025-07-18,XLE,XGBOOST_H3_WITH_SENT,0.1463904769476944,0.26681041717529297
2025-07-21,XLE,XGBOOST_H3_WITH_SENT,0.14311526439795366,0.26395702362060547
2025-07-22,XLE,XGBOOST_H3_WITH_SENT,0.1420490414996471,0.26680228114128113
2025-07-23,XLE,XGBOOST_H3_WITH_SENT,0.13343718894354012,0.2770686149597168
2025-07-24,XLE,XGBOOST_H3_WITH_SENT,0.13323886577565458,0.2882712781429291
2025-07-25,XLE,XGBOOST_H3_WITH_SENT,0.15153308933277537,0.27073296904563904
2025-07-28,XLE,XGBOOST_H3_WITH_SENT,0.14644085160609818,0.2710609436035156
2025-07-29,XLE,XGBOOST_H3_WITH_SENT,0.14208882107751786,0.2522355616092682
2025-07-30,XLE,XGBOOST_H3_WITH_SENT,0.13762447335956063,0.24481940269470215
2025-07-31,XLE,XGBOOST_H3_WITH_SENT,0.13751715911465817,0.2689723074436188
2025-08-01,XLE,XGBOOST_H3_WITH_SENT,0.11522727037670315,0.3487280011177063
2025-08-04,XLE,XGBOOST_H3_WITH_SENT,0.11386607107402512,0.33124515414237976
2025-08-05,XLE,XGBOOST_H3_WITH_SENT,0.14572778942190792,0.33332663774490356
2025-08-06,XLE,XGBOOST_H3_WITH_SENT,0.1406692627470433,0.33317118883132935
2025-08-07,XLE,XGBOOST_H3_WITH_SENT,0.15970110622335984,0.3445962071418762
2025-08-08,XLE,XGBOOST_H3_WITH_SENT,0.1593185887880098,0.3435325026512146
2025-08-11,XLE,XGBOOST_H3_WITH_SENT,0.15582294185845524,0.3355690538883209
2025-08-12,XLE,XGBOOST_H3_WITH_SENT,0.1649319227749615,0.3223046064376831
2025-08-13,XLE,XGBOOST_H3_WITH_SENT,0.16164355321403726,0.35560908913612366
2025-08-14,XLE,XGBOOST_H3_WITH_SENT,0.16382468702008368,0.3302411735057831
2025-08-15,XLE,XGBOOST_H3_WITH_SENT,0.16474381265675334,0.32807326316833496
2025-08-18,XLE,XGBOOST_H3_WITH_SENT,0.17043289068498724,0.3262224793434143
2025-08-19,XLE,XGBOOST_H3_WITH_SENT,0.1702148863884665,0.32287392020225525
2025-08-20,XLE,XGBOOST_H3_WITH_SENT,0.17014592876323575,0.324391633272171
2025-08-21,XLE,XGBOOST_H3_WITH_SENT,0.17781572738604712,0.32288858294487
2025-08-22,XLE,XGBOOST_H3_WITH_SENT,0.1631889133330177,0.3221838176250458
2025-08-25,XLE,XGBOOST_H3_WITH_SENT,0.1738075689170013,0.33248087763786316
2025-08-26,XLE,XGBOOST_H3_WITH_SENT,0.1786398545756141,0.3270263373851776
2025-08-27,XLE,XGBOOST_H3_WITH_SENT,0.17722719449157331,0.32422006130218506
2025-08-28,XLE,XGBOOST_H3_WITH_SENT,0.1780354377507282,0.3304043710231781
2025-08-29,XLE,XGBOOST_H3_WITH_SENT,0.19100972347809592,0.3239116072654724
2025-09-02,XLE,XGBOOST_H3_WITH_SENT,0.1949246051783361,0.3206759989261627
2025-09-03,XLE,XGBOOST_H3_WITH_SENT,0.17598421913883278,0.322654128074646
2025-09-04,XLE,XGBOOST_H3_WITH_SENT,0.17877224562149457,0.32132577896118164
2025-09-05,XLE,XGBOOST_H3_WITH_SENT,0.163829359234348,0.2542136013507843
2025-09-08,XLE,XGBOOST_H3_WITH_SENT,0.16373415052509138,0.2595241665840149
2025-09-09,XLE,XGBOOST_H3_WITH_SENT,0.16331299817093417,0.2606951594352722
2025-09-10,XLE,XGBOOST_H3_WITH_SENT,0.15398465327951127,0.25420644879341125
2025-09-11,XLE,XGBOOST_H3_WITH_SENT,0.16185475973883848,0.25190243124961853
2025-09-12,XLE,XGBOOST_H3_WITH_SENT,0.19127286922510403,0.24569959938526154
2025-09-15,XLE,XGBOOST_H3_WITH_SENT,0.19836654733444417,0.2541680335998535
2025-09-16,XLE,XGBOOST_H3_WITH_SENT,0.18761596504080857,0.26439616084098816
2025-09-17,XLE,XGBOOST_H3_WITH_SENT,0.18710772658413616,0.26593074202537537
2025-09-18,XLE,XGBOOST_H3_WITH_SENT,0.19073448343000737,0.2636914551258087
2025-09-19,XLE,XGBOOST_H3_WITH_SENT,0.18920064234928669,0.26877593994140625
2025-09-22,XLE,XGBOOST_H3_WITH_SENT,0.19359321363966547,0.2612130045890808
2025-09-23,XLE,XGBOOST_H3_WITH_SENT,0.1822142928251423,0.26054272055625916
2025-09-24,XLE,XGBOOST_H3_WITH_SENT,0.18200624003712623,0.2717650234699249
2025-09-25,XLE,XGBOOST_H3_WITH_SENT,0.1858613565411855,0.263821542263031
2025-09-26,XLE,XGBOOST_H3_WITH_SENT,0.184202074084344,0.26473313570022583
2025-09-29,XLE,XGBOOST_H3_WITH_SENT,0.17425179299280436,0.2628341615200043
2025-09-30,XLE,XGBOOST_H3_WITH_SENT,0.17409905619059696,0.26153552532196045
2025-10-01,XLE,XGBOOST_H3_WITH_SENT,0.17670095465375396,0.2804411053657532
2025-10-02,XLE,XGBOOST_H3_WITH_SENT,0.1743593425277863,0.28917092084884644
2025-10-03,XLE,XGBOOST_H3_WITH_SENT,0.17538246181795342,0.24883656203746796
2025-10-06,XLE,XGBOOST_H3_WITH_SENT,0.17425315064868582,0.22017835080623627
2025-10-07,XLE,XGBOOST_H3_WITH_SENT,0.1776595426972936,0.22144348919391632
2025-10-08,XLE,XGBOOST_H3_WITH_SENT,0.1773394014557051,0.22412528097629547
2025-10-09,XLE,XGBOOST_H3_WITH_SENT,0.1743177006195989,0.23891469836235046
2025-10-10,XLE,XGBOOST_H3_WITH_SENT,0.14161008946162285,0.22118574380874634
2025-10-14,XLE,XGBOOST_H3_WITH_SENT,0.1425704384798115,0.24568678438663483
2025-10-15,XLE,XGBOOST_H3_WITH_SENT,0.15450179779828568,0.2682977020740509
2025-10-16,XLE,XGBOOST_H3_WITH_SENT,0.1449112595354181,0.3122672736644745
2025-10-17,XLE,XGBOOST_H3_WITH_SENT,0.15217545758236287,0.26965636014938354
2025-10-20,XLE,XGBOOST_H3_WITH_SENT,0.16805162110814933,0.26791632175445557
2025-10-21,XLE,XGBOOST_H3_WITH_SENT,0.16854726671735581,0.2729293406009674
2025-10-22,XLE,XGBOOST_H3_WITH_SENT,0.17250509757440238,0.2816469073295593
2025-10-23,XLE,XGBOOST_H3_WITH_SENT,0.17182563907256598,0.26962095499038696
2025-10-24,XLE,XGBOOST_H3_WITH_SENT,0.1688904265376183,0.28128451108932495
2025-10-27,XLE,XGBOOST_H3_WITH_SENT,0.16923193083630236,0.27740684151649475
2025-10-28,XLE,XGBOOST_H3_WITH_SENT,0.166262157894242,0.36607345938682556
2025-10-29,XLE,XGBOOST_H3_WITH_SENT,0.16632670982290879,0.24616779386997223
2025-10-30,XLE,XGBOOST_H3_WITH_SENT,0.16985004682295998,0.35228240489959717
2025-10-31,XLE,XGBOOST_H3_WITH_SENT,0.17104263871467626,0.2447035014629364
2025-11-03,XLE,XGBOOST_H3_WITH_SENT,0.17889502071644936,0.22412756085395813
2025-11-04,XLE,XGBOOST_H3_WITH_SENT,0.18322970552943843,0.22406597435474396
2025-11-05,XLE,XGBOOST_H3_WITH_SENT,0.18332296456778177,0.22886645793914795
2025-11-06,XLE,XGBOOST_H3_WITH_SENT,0.1828769653370477,0.23312540352344513
2025-11-07,XLE,XGBOOST_H3_WITH_SENT,0.18229600374286015,0.23436971008777618
2025-11-10,XLE,XGBOOST_H3_WITH_SENT,0.18084912245906073,0.2370632290840149
2025-11-12,XLE,XGBOOST_H3_WITH_SENT,0.17163537319662603,0.23624317348003387
2025-11-13,XLE,XGBOOST_H3_WITH_SENT,0.17565958208464869,0.23549658060073853
2025-11-14,XLE,XGBOOST_H3_WITH_SENT,0.16597556405862623,0.2341185063123703
2025-11-17,XLE,XGBOOST_H3_WITH_SENT,0.18814050090834486,0.22051088511943817
2025-11-18,XLE,XGBOOST_H3_WITH_SENT,0.20336841200828423,0.2280339002609253
2025-11-19,XLE,XGBOOST_H3_WITH_SENT,0.2046986033864516,0.22618688642978668
2025-11-20,XLE,XGBOOST_H3_WITH_SENT,0.20090484098116013,0.3345988690853119
2025-11-21,XLE,XGBOOST_H3_WITH_SENT,0.20315420122228217,0.3092584013938904
2025-11-24,XLE,XGBOOST_H3_WITH_SENT,0.2042326485656587,0.32851091027259827
2025-11-25,XLE,XGBOOST_H3_WITH_SENT,0.20312831027696482,0.320522665977478
2025-11-26,XLE,XGBOOST_H3_WITH_SENT,0.20191176442653305,0.23799671232700348
2025-11-28,XLE,XGBOOST_H3_WITH_SENT,0.19922663359712844,0.3006848692893982
2025-12-01,XLE,XGBOOST_H3_WITH_SENT,0.1980516566288458,0.23349131643772125
2025-12-02,XLE,XGBOOST_H3_WITH_SENT,0.19345637875529897,0.2936755418777466
2025-12-03,XLE,XGBOOST_H3_WITH_SENT,0.19643379047348092,0.3602762222290039
2025-12-04,XLE,XGBOOST_H3_WITH_SENT,0.2178446852555177,0.3233782947063446
2025-12-05,XLE,XGBOOST_H3_WITH_SENT,0.23944264452864414,0.31887367367744446
2025-12-08,XLE,XGBOOST_H3_WITH_SENT,0.23962197887893366,0.3385174870491028
2025-12-09,XLE,XGBOOST_H3_WITH_SENT,0.26300072102133,0.34533098340034485
2025-12-10,XLE,XGBOOST_H3_WITH_SENT,0.2608626729779988,0.32864823937416077
2025-12-11,XLE,XGBOOST_H3_WITH_SENT,0.26166728422988805,0.3372263014316559
2025-12-12,XLE,XGBOOST_H3_WITH_SENT,0.26253580370414925,0.336950421333313
2025-12-15,XLE,XGBOOST_H3_WITH_SENT,0.2696391973773185,0.33886128664016724
2025-12-16,XLE,XGBOOST_H3_WITH_SENT,0.24249649334688875,0.336472749710083
2025-12-17,XLE,XGBOOST_H3_WITH_SENT,0.23381276729960349,0.3383350074291229
2025-12-18,XLE,XGBOOST_H3_WITH_SENT,0.2248688920479209,0.3420133888721466
2025-12-19,XLE,XGBOOST_H3_WITH_SENT,0.23469408403509248,0.35151398181915283
2025-12-22,XLE,XGBOOST_H3_WITH_SENT,0.23407378029557635,0.34445512294769287
2025-12-23,XLE,XGBOOST_H3_WITH_SENT,0.2340224089078798,0.3438747525215149
2025-12-24,XLE,XGBOOST_H3_WITH_SENT,0.23276545531374043,0.32956892251968384
2025-12-26,XLE,XGBOOST_H3_WITH_SENT,0.2306328181927444,0.3456014096736908
2025-12-29,XLE,XGBOOST_H3_WITH_SENT,0.23034213050035068,0.36264726519584656
2025-12-30,XLE,XGBOOST_H3_WITH_SENT,0.23057423790504766,0.3746390640735626
2025-12-31,XLE,XGBOOST_H3_WITH_SENT,0.22710170038096472,0.3566460907459259
2024-10-16,XLV,XGBOOST_H3_WITH_SENT,0.10061333856679988,0.11414537578821182
2024-10-17,XLV,XGBOOST_H3_WITH_SENT,0.11121830781805726,0.11049239337444305
2024-10-18,XLV,XGBOOST_H3_WITH_SENT,0.12116170737376601,0.10946343094110489
2024-10-21,XLV,XGBOOST_H3_WITH_SENT,0.11832573934384359,0.10406554490327835
2024-10-22,XLV,XGBOOST_H3_WITH_SENT,0.11832994754084122,0.11125461757183075
2024-10-23,XLV,XGBOOST_H3_WITH_SENT,0.1297735634692984,0.11065630614757538
2024-10-24,XLV,XGBOOST_H3_WITH_SENT,0.13404444999295675,0.10888514667749405
2024-10-25,XLV,XGBOOST_H3_WITH_SENT,0.13364634221225408,0.1137237623333931
2024-10-28,XLV,XGBOOST_H3_WITH_SENT,0.1379806187722878,0.1171950176358223
2024-10-29,XLV,XGBOOST_H3_WITH_SENT,0.13972789478048048,0.1178974062204361
2024-10-30,XLV,XGBOOST_H3_WITH_SENT,0.14128890612005077,0.12026332318782806
2024-10-31,XLV,XGBOOST_H3_WITH_SENT,0.1384640207512083,0.11915995180606842
2024-11-01,XLV,XGBOOST_H3_WITH_SENT,0.13692798459111374,0.12514539062976837
2024-11-04,XLV,XGBOOST_H3_WITH_SENT,0.1350968336577404,0.11195596307516098
2024-11-05,XLV,XGBOOST_H3_WITH_SENT,0.13230495385418448,0.11735478043556213
2024-11-06,XLV,XGBOOST_H3_WITH_SENT,0.1375823211632801,0.12488117814064026
2024-11-07,XLV,XGBOOST_H3_WITH_SENT,0.13496211933364388,0.12176664918661118
2024-11-08,XLV,XGBOOST_H3_WITH_SENT,0.13210396620665016,0.11750505864620209
2024-11-12,XLV,XGBOOST_H3_WITH_SENT,0.1311409301216031,0.11113886535167694
2024-11-13,XLV,XGBOOST_H3_WITH_SENT,0.132975629218481,0.10386636853218079
2024-11-14,XLV,XGBOOST_H3_WITH_SENT,0.12258417084445129,0.10207602381706238
2024-11-15,XLV,XGBOOST_H3_WITH_SENT,0.1116971854814887,0.09828716516494751
2024-11-18,XLV,XGBOOST_H3_WITH_SENT,0.1115401111096203,0.09986177086830139
2024-11-19,XLV,XGBOOST_H3_WITH_SENT,0.11958045634237864,0.09603669494390488
2024-11-20,XLV,XGBOOST_H3_WITH_SENT,0.1107562968864952,0.09695645421743393
2024-11-21,XLV,XGBOOST_H3_WITH_SENT,0.11735154579471026,0.10274069756269455
2024-11-22,XLV,XGBOOST_H3_WITH_SENT,0.12461422133965867,0.1006913110613823
2024-11-25,XLV,XGBOOST_H3_WITH_SENT,0.12076756069417205,0.0957770049571991
2024-11-26,XLV,XGBOOST_H3_WITH_SENT,0.1186678951962158,0.09275482594966888
2024-11-27,XLV,XGBOOST_H3_WITH_SENT,0.11567064608614205,0.09332330524921417
2024-11-29,XLV,XGBOOST_H3_WITH_SENT,0.11859953532109842,0.08960777521133423
2024-12-02,XLV,XGBOOST_H3_WITH_SENT,0.12024818972695675,0.09503422677516937
2024-12-03,XLV,XGBOOST_H3_WITH_SENT,0.1208339540952364,0.09484785050153732
2024-12-04,XLV,XGBOOST_H3_WITH_SENT,0.1288972050014895,0.09568175673484802
2024-12-05,XLV,XGBOOST_H3_WITH_SENT,0.12499839780657139,0.09195362776517868
2024-12-06,XLV,XGBOOST_H3_WITH_SENT,0.1264443134046438,0.08821956813335419
2024-12-09,XLV,XGBOOST_H3_WITH_SENT,0.12769176247681766,0.09220170974731445
2024-12-10,XLV,XGBOOST_H3_WITH_SENT,0.12824464589433557,0.09427524358034134
2024-12-11,XLV,XGBOOST_H3_WITH_SENT,0.12908802994599156,0.09830319881439209
2024-12-12,XLV,XGBOOST_H3_WITH_SENT,0.1313074024269226,0.09788058698177338
2024-12-13,XLV,XGBOOST_H3_WITH_SENT,0.13214959745142324,0.11160175502300262
2024-12-16,XLV,XGBOOST_H3_WITH_SENT,0.12476321506608462,0.10892783850431442
2024-12-17,XLV,XGBOOST_H3_WITH_SENT,0.12759309662252466,0.11135227978229523
2024-12-18,XLV,XGBOOST_H3_WITH_SENT,0.12774169134637473,0.11779513210058212
2024-12-19,XLV,XGBOOST_H3_WITH_SENT,0.12371058473477267,0.12341334670782089
2024-12-20,XLV,XGBOOST_H3_WITH_SENT,0.1245361406025557,0.10620572417974472
2024-12-23,XLV,XGBOOST_H3_WITH_SENT,0.12130177448512507,0.10827524960041046
2024-12-24,XLV,XGBOOST_H3_WITH_SENT,0.14095767335768858,0.10619788616895676
2024-12-26,XLV,XGBOOST_H3_WITH_SENT,0.14525377179478552,0.10762306302785873
2024-12-27,XLV,XGBOOST_H3_WITH_SENT,0.1461049076763679,0.10600291192531586
2024-12-30,XLV,XGBOOST_H3_WITH_SENT,0.13852077430185325,0.10937938094139099
2024-12-31,XLV,XGBOOST_H3_WITH_SENT,0.14054623955487103,0.1105356439948082
2025-01-02,XLV,XGBOOST_H3_WITH_SENT,0.14011337534630533,0.11351614445447922
2025-01-03,XLV,XGBOOST_H3_WITH_SENT,0.1396577333957964,0.11570470035076141
2025-01-06,XLV,XGBOOST_H3_WITH_SENT,0.14132127280610254,0.11717630177736282
2025-01-07,XLV,XGBOOST_H3_WITH_SENT,0.1476687576679221,0.11747270077466965
2025-01-08,XLV,XGBOOST_H3_WITH_SENT,0.14952951305113577,0.11784791946411133
2025-01-10,XLV,XGBOOST_H3_WITH_SENT,0.1472030120667642,0.12385973334312439
2025-01-13,XLV,XGBOOST_H3_WITH_SENT,0.14233463386827264,0.12243367731571198
2025-01-14,XLV,XGBOOST_H3_WITH_SENT,0.1357546295735327,0.12242965400218964
2025-01-15,XLV,XGBOOST_H3_WITH_SENT,0.1357237333166136,0.1228276789188385
2025-01-16,XLV,XGBOOST_H3_WITH_SENT,0.14299469524361527,0.1209082156419754
2025-01-17,XLV,XGBOOST_H3_WITH_SENT,0.1404016745378076,0.12066589295864105
2025-01-21,XLV,XGBOOST_H3_WITH_SENT,0.13596868617109775,0.11495289951562881
2025-01-22,XLV,XGBOOST_H3_WITH_SENT,0.13606250317696242,0.10992003977298737
2025-01-23,XLV,XGBOOST_H3_WITH_SENT,0.13111367150474318,0.11002268642187119
2025-01-24,XLV,XGBOOST_H3_WITH_SENT,0.1336354759716397,0.10851620882749557
2025-01-27,XLV,XGBOOST_H3_WITH_SENT,0.11216048051680237,0.10077112168073654
2025-01-28,XLV,XGBOOST_H3_WITH_SENT,0.11234552919203673,0.10195394605398178
2025-01-29,XLV,XGBOOST_H3_WITH_SENT,0.11116563769475078,0.1020626574754715
2025-01-30,XLV,XGBOOST_H3_WITH_SENT,0.11127127387587375,0.10570036619901657
2025-01-31,XLV,XGBOOST_H3_WITH_SENT,0.11114028058902431,0.10317354649305344
2025-02-03,XLV,XGBOOST_H3_WITH_SENT,0.1162489350430993,0.10388341546058655
2025-02-04,XLV,XGBOOST_H3_WITH_SENT,0.12062534955957205,0.10705583542585373
2025-02-05,XLV,XGBOOST_H3_WITH_SENT,0.11675676150153247,0.10353158414363861
2025-02-06,XLV,XGBOOST_H3_WITH_SENT,0.1115224336560191,0.10314025729894638
2025-02-07,XLV,XGBOOST_H3_WITH_SENT,0.11746250848904166,0.10407840460538864
2025-02-10,XLV,XGBOOST_H3_WITH_SENT,0.12420266600179818,0.11054272949695587
2025-02-11,XLV,XGBOOST_H3_WITH_SENT,0.1290626246304593,0.11223012953996658
2025-02-12,XLV,XGBOOST_H3_WITH_SENT,0.13017994019480617,0.11480791866779327
2025-02-13,XLV,XGBOOST_H3_WITH_SENT,0.13256479632671503,0.11953229457139969
2025-02-14,XLV,XGBOOST_H3_WITH_SENT,0.13434337323489642,0.11981762945652008
2025-02-18,XLV,XGBOOST_H3_WITH_SENT,0.1339939523151195,0.1219235360622406
2025-02-19,XLV,XGBOOST_H3_WITH_SENT,0.1261057589521233,0.12222863733768463
2025-02-20,XLV,XGBOOST_H3_WITH_SENT,0.12450229879207679,0.12328733503818512
2025-02-21,XLV,XGBOOST_H3_WITH_SENT,0.12337242225551798,0.12322736531496048
2025-02-24,XLV,XGBOOST_H3_WITH_SENT,0.12296265478687633,0.11982297897338867
2025-02-25,XLV,XGBOOST_H3_WITH_SENT,0.1267047952307247,0.11538171023130417
2025-02-26,XLV,XGBOOST_H3_WITH_SENT,0.12502351775277315,0.11710610240697861
2025-02-27,XLV,XGBOOST_H3_WITH_SENT,0.1247103721393958,0.11920704692602158
2025-02-28,XLV,XGBOOST_H3_WITH_SENT,0.11638410753966265,0.1174103394150734
2025-03-03,XLV,XGBOOST_H3_WITH_SENT,0.12194702326795828,0.12582270801067352
2025-03-04,XLV,XGBOOST_H3_WITH_SENT,0.1339104154195319,0.12808555364608765
2025-03-05,XLV,XGBOOST_H3_WITH_SENT,0.1306072712952655,0.12507477402687073
2025-03-06,XLV,XGBOOST_H3_WITH_SENT,0.1326038735731044,0.1421639621257782
2025-03-07,XLV,XGBOOST_H3_WITH_SENT,0.23411803740847886,0.13339756429195404
2025-03-10,XLV,XGBOOST_H3_WITH_SENT,0.23307007240138977,0.12943126261234283
2025-03-11,XLV,XGBOOST_H3_WITH_SENT,0.2331371490116328,0.14702706038951874
2025-03-12,XLV,XGBOOST_H3_WITH_SENT,0.28542006895469696,0.1329968422651291
2025-03-13,XLV,XGBOOST_H3_WITH_SENT,0.300353217298018,0.13067317008972168
2025-03-14,XLV,XGBOOST_H3_WITH_SENT,0.30460244963039385,0.13324719667434692
2025-03-17,XLV,XGBOOST_H3_WITH_SENT,0.30428211049943665,0.136496901512146
2025-03-18,XLV,XGBOOST_H3_WITH_SENT,0.3042765299897722,0.14159058034420013
2025-03-19,XLV,XGBOOST_H3_WITH_SENT,0.30500045944066545,0.13528335094451904
2025-03-20,XLV,XGBOOST_H3_WITH_SENT,0.3046930258541297,0.1345834881067276
2025-03-21,XLV,XGBOOST_H3_WITH_SENT,0.311178943561966,0.13797113299369812
2025-03-24,XLV,XGBOOST_H3_WITH_SENT,0.3193570814088679,0.1382247507572174
2025-03-25,XLV,XGBOOST_H3_WITH_SENT,0.31927318138694033,0.13732711970806122
2025-03-26,XLV,XGBOOST_H3_WITH_SENT,0.3240010966128088,0.14465634524822235
2025-03-27,XLV,XGBOOST_H3_WITH_SENT,0.32475001637038076,0.1459973305463791
2025-03-28,XLV,XGBOOST_H3_WITH_SENT,0.3255309198102597,0.14686429500579834
2025-03-31,XLV,XGBOOST_H3_WITH_SENT,0.32338231001128964,0.15000779926776886
2025-04-01,XLV,XGBOOST_H3_WITH_SENT,0.3197247661466974,0.1436317265033722
2025-04-02,XLV,XGBOOST_H3_WITH_SENT,0.33176349917817904,0.14182038605213165
2025-04-03,XLV,XGBOOST_H3_WITH_SENT,0.3360895899826289,0.14685876667499542
2025-04-04,XLV,XGBOOST_H3_WITH_SENT,0.26698239814176167,0.30957919359207153
2025-04-07,XLV,XGBOOST_H3_WITH_SENT,0.28542152625485256,0.3534093499183655
2025-04-08,XLV,XGBOOST_H3_WITH_SENT,0.28352192004387183,0.2818951904773712
2025-04-09,XLV,XGBOOST_H3_WITH_SENT,0.2385594339234445,0.31473836302757263
2025-04-10,XLV,XGBOOST_H3_WITH_SENT,0.22015142912516708,0.4297831654548645
2025-04-11,XLV,XGBOOST_H3_WITH_SENT,0.23175743383784905,0.4733169972896576
2025-04-14,XLV,XGBOOST_H3_WITH_SENT,0.2500991970310721,0.46240660548210144
2025-04-15,XLV,XGBOOST_H3_WITH_SENT,0.2611370355639501,0.46023839712142944
2025-04-16,XLV,XGBOOST_H3_WITH_SENT,0.26602531916321903,0.497233510017395
2025-04-17,XLV,XGBOOST_H3_WITH_SENT,0.27685553415509206,0.4210302233695984
2025-04-21,XLV,XGBOOST_H3_WITH_SENT,0.26769309057319235,0.23513568937778473
2025-04-22,XLV,XGBOOST_H3_WITH_SENT,0.2593505064916144,0.21218189597129822
2025-04-23,XLV,XGBOOST_H3_WITH_SENT,0.2712697691992035,0.21443720161914825
2025-04-24,XLV,XGBOOST_H3_WITH_SENT,0.2671264904564319,0.18755263090133667
2025-04-25,XLV,XGBOOST_H3_WITH_SENT,0.26575458269243535,0.1862630844116211
2025-04-28,XLV,XGBOOST_H3_WITH_SENT,0.2713950388585286,0.1865413635969162
2025-04-29,XLV,XGBOOST_H3_WITH_SENT,0.2701649655564282,0.1834779977798462
2025-04-30,XLV,XGBOOST_H3_WITH_SENT,0.26921486808809403,0.18847976624965668
2025-05-01,XLV,XGBOOST_H3_WITH_SENT,0.2532981773520601,0.1850443184375763
2025-05-02,XLV,XGBOOST_H3_WITH_SENT,0.24704226177068372,0.17438767850399017
2025-05-05,XLV,XGBOOST_H3_WITH_SENT,0.24753147075793605,0.1871337890625
2025-05-06,XLV,XGBOOST_H3_WITH_SENT,0.22770563233120275,0.2052401602268219
2025-05-07,XLV,XGBOOST_H3_WITH_SENT,0.22572983135574887,0.1897604912519455
2025-05-08,XLV,XGBOOST_H3_WITH_SENT,0.2263777599018148,0.18865537643432617
2025-05-09,XLV,XGBOOST_H3_WITH_SENT,0.2227529600732018,0.18982063233852386
2025-05-12,XLV,XGBOOST_H3_WITH_SENT,0.20854881542403975,0.1897273063659668
2025-05-13,XLV,XGBOOST_H3_WITH_SENT,0.17483546845286663,0.18641749024391174
2025-05-14,XLV,XGBOOST_H3_WITH_SENT,0.14828819576623736,0.18846017122268677
2025-05-15,XLV,XGBOOST_H3_WITH_SENT,0.1459317946519636,0.18957683444023132
2025-05-16,XLV,XGBOOST_H3_WITH_SENT,0.13071906484142193,0.1971762776374817
2025-05-19,XLV,XGBOOST_H3_WITH_SENT,0.14060047134043105,0.19127361476421356
2025-05-20,XLV,XGBOOST_H3_WITH_SENT,0.14028303151403262,0.18969525396823883
2025-05-21,XLV,XGBOOST_H3_WITH_SENT,0.11288013497267213,0.1942465454339981
2025-05-22,XLV,XGBOOST_H3_WITH_SENT,0.1086173459559618,0.19055309891700745
2025-05-23,XLV,XGBOOST_H3_WITH_SENT,0.1153018628800612,0.18407493829727173
2025-05-27,XLV,XGBOOST_H3_WITH_SENT,0.10570371712336465,0.190150648355484
2025-05-28,XLV,XGBOOST_H3_WITH_SENT,0.10334215744070167,0.18876929581165314
2025-05-29,XLV,XGBOOST_H3_WITH_SENT,0.10196663294092989,0.18473458290100098
2025-05-30,XLV,XGBOOST_H3_WITH_SENT,0.10380283575680266,0.1919817477464676
2025-06-02,XLV,XGBOOST_H3_WITH_SENT,0.11369969603512355,0.18531300127506256
2025-06-03,XLV,XGBOOST_H3_WITH_SENT,0.12091734422108845,0.18371883034706116
2025-06-04,XLV,XGBOOST_H3_WITH_SENT,0.12087604179641431,0.1730899214744568
2025-06-05,XLV,XGBOOST_H3_WITH_SENT,0.12529890772190513,0.1846540868282318
2025-06-06,XLV,XGBOOST_H3_WITH_SENT,0.12187120636891528,0.1783655732870102
2025-06-09,XLV,XGBOOST_H3_WITH_SENT,0.12215517324763601,0.1769879013299942
2025-06-10,XLV,XGBOOST_H3_WITH_SENT,0.11745088338183138,0.16569136083126068
2025-06-11,XLV,XGBOOST_H3_WITH_SENT,0.12152925326756354,0.16523012518882751
2025-06-12,XLV,XGBOOST_H3_WITH_SENT,0.11806676519612046,0.16397947072982788
2025-06-13,XLV,XGBOOST_H3_WITH_SENT,0.13313004204579912,0.16861441731452942
2025-06-16,XLV,XGBOOST_H3_WITH_SENT,0.14109529621852396,0.1768444925546646
2025-06-17,XLV,XGBOOST_H3_WITH_SENT,0.13416467418201714,0.17504583299160004
2025-06-18,XLV,XGBOOST_H3_WITH_SENT,0.13610984572415502,0.17947731912136078
2025-06-20,XLV,XGBOOST_H3_WITH_SENT,0.13653819990568147,0.18575803935527802
2025-06-23,XLV,XGBOOST_H3_WITH_SENT,0.15193851500008768,0.18444667756557465
2025-06-24,XLV,XGBOOST_H3_WITH_SENT,0.1625843998992437,0.17648935317993164
2025-06-25,XLV,XGBOOST_H3_WITH_SENT,0.16342838507773447,0.17518246173858643
2025-06-26,XLV,XGBOOST_H3_WITH_SENT,0.16415134208439475,0.17696939408779144
2025-06-27,XLV,XGBOOST_H3_WITH_SENT,0.16738581780145,0.17997175455093384
2025-06-30,XLV,XGBOOST_H3_WITH_SENT,0.16756175584616229,0.16757753491401672
2025-07-01,XLV,XGBOOST_H3_WITH_SENT,0.15887465067895248,0.17346259951591492
2025-07-02,XLV,XGBOOST_H3_WITH_SENT,0.18429403431348665,0.1772482693195343
2025-07-03,XLV,XGBOOST_H3_WITH_SENT,0.18582322826986036,0.18140657246112823
2025-07-07,XLV,XGBOOST_H3_WITH_SENT,0.19213573915137067,0.1730538159608841
2025-07-08,XLV,XGBOOST_H3_WITH_SENT,0.19152322334541635,0.17333818972110748
2025-07-09,XLV,XGBOOST_H3_WITH_SENT,0.19702431527252795,0.16330528259277344
2025-07-10,XLV,XGBOOST_H3_WITH_SENT,0.19751403594637476,0.13486963510513306
2025-07-11,XLV,XGBOOST_H3_WITH_SENT,0.20049555949079234,0.1472182422876358
2025-07-14,XLV,XGBOOST_H3_WITH_SENT,0.20074778886148262,0.14219419658184052
2025-07-15,XLV,XGBOOST_H3_WITH_SENT,0.19319759033455045,0.13786369562149048
2025-07-16,XLV,XGBOOST_H3_WITH_SENT,0.19668091968449194,0.14024516940116882
2025-07-17,XLV,XGBOOST_H3_WITH_SENT,0.19300558108344054,0.13850094377994537
2025-07-18,XLV,XGBOOST_H3_WITH_SENT,0.19923877091683598,0.13898739218711853
2025-07-21,XLV,XGBOOST_H3_WITH_SENT,0.19795287138104423,0.1377604901790619
2025-07-22,XLV,XGBOOST_H3_WITH_SENT,0.1889268193035041,0.13675807416439056
2025-07-23,XLV,XGBOOST_H3_WITH_SENT,0.17587718361224045,0.13104146718978882
2025-07-24,XLV,XGBOOST_H3_WITH_SENT,0.1757566065795367,0.13317830860614777
2025-07-25,XLV,XGBOOST_H3_WITH_SENT,0.1771204889356501,0.13466233015060425
2025-07-28,XLV,XGBOOST_H3_WITH_SENT,0.1820995327974458,0.15041305124759674
2025-07-29,XLV,XGBOOST_H3_WITH_SENT,0.18143032243208881,0.1467893272638321
2025-07-30,XLV,XGBOOST_H3_WITH_SENT,0.18123846741654423,0.1413799226284027
2025-07-31,XLV,XGBOOST_H3_WITH_SENT,0.1458736727193793,0.1476477086544037
2025-08-01,XLV,XGBOOST_H3_WITH_SENT,0.14658668935214844,0.1687156856060028
2025-08-04,XLV,XGBOOST_H3_WITH_SENT,0.1397208281975565,0.164141446352005
2025-08-05,XLV,XGBOOST_H3_WITH_SENT,0.14022510935234486,0.1616920828819275
2025-08-06,XLV,XGBOOST_H3_WITH_SENT,0.1255273941378414,0.16666756570339203
2025-08-07,XLV,XGBOOST_H3_WITH_SENT,0.11386195977753938,0.17167691886425018
2025-08-08,XLV,XGBOOST_H3_WITH_SENT,0.11261229549652746,0.16473262012004852
2025-08-11,XLV,XGBOOST_H3_WITH_SENT,0.11271327602217526,0.16330330073833466
2025-08-12,XLV,XGBOOST_H3_WITH_SENT,0.11968254097165965,0.13918821513652802
2025-08-13,XLV,XGBOOST_H3_WITH_SENT,0.12183117516309326,0.1416390836238861
2025-08-14,XLV,XGBOOST_H3_WITH_SENT,0.13094150260271714,0.1429554671049118
2025-08-15,XLV,XGBOOST_H3_WITH_SENT,0.12264315352770809,0.13707056641578674
2025-08-18,XLV,XGBOOST_H3_WITH_SENT,0.12226142900906369,0.1329767256975174
2025-08-19,XLV,XGBOOST_H3_WITH_SENT,0.12037803688038608,0.12978510558605194
2025-08-20,XLV,XGBOOST_H3_WITH_SENT,0.1190072302042908,0.13876433670520782
2025-08-21,XLV,XGBOOST_H3_WITH_SENT,0.1184667832517412,0.14665517210960388
2025-08-22,XLV,XGBOOST_H3_WITH_SENT,0.11451527202864413,0.1524197906255722
2025-08-25,XLV,XGBOOST_H3_WITH_SENT,0.10202914887935635,0.15255551040172577
2025-08-26,XLV,XGBOOST_H3_WITH_SENT,0.10088316687535226,0.15108320116996765
2025-08-27,XLV,XGBOOST_H3_WITH_SENT,0.11703723172121183,0.15744973719120026
2025-08-28,XLV,XGBOOST_H3_WITH_SENT,0.1226176749701834,0.14996778964996338
2025-08-29,XLV,XGBOOST_H3_WITH_SENT,0.12007162907867477,0.13682089745998383
2025-09-02,XLV,XGBOOST_H3_WITH_SENT,0.1475082951382825,0.1465827375650406
2025-09-03,XLV,XGBOOST_H3_WITH_SENT,0.179351130587036,0.14568699896335602
2025-09-04,XLV,XGBOOST_H3_WITH_SENT,0.17998972819753187,0.14419236779212952
2025-09-05,XLV,XGBOOST_H3_WITH_SENT,0.18281488301334325,0.12205196917057037
2025-09-08,XLV,XGBOOST_H3_WITH_SENT,0.18448804445686776,0.1156972274184227
2025-09-09,XLV,XGBOOST_H3_WITH_SENT,0.18424996065152144,0.11608132719993591
2025-09-10,XLV,XGBOOST_H3_WITH_SENT,0.17932506308320298,0.11708507686853409
2025-09-11,XLV,XGBOOST_H3_WITH_SENT,0.17162992194482338,0.1149599477648735
2025-09-12,XLV,XGBOOST_H3_WITH_SENT,0.17495838563837995,0.1226484626531601
2025-09-15,XLV,XGBOOST_H3_WITH_SENT,0.17113293338938515,0.1280205100774765
2025-09-16,XLV,XGBOOST_H3_WITH_SENT,0.17097866424127448,0.13239116966724396
2025-09-17,XLV,XGBOOST_H3_WITH_SENT,0.17099179275182452,0.1424429565668106
2025-09-18,XLV,XGBOOST_H3_WITH_SENT,0.17153250215832744,0.14261269569396973
2025-09-19,XLV,XGBOOST_H3_WITH_SENT,0.17184653642696285,0.14840959012508392
2025-09-22,XLV,XGBOOST_H3_WITH_SENT,0.17393498241070932,0.150957390666008
2025-09-23,XLV,XGBOOST_H3_WITH_SENT,0.17393138149774304,0.14368832111358643
2025-09-24,XLV,XGBOOST_H3_WITH_SENT,0.17221063961125083,0.14304611086845398
2025-09-25,XLV,XGBOOST_H3_WITH_SENT,0.1555890986897049,0.1423436999320984
2025-09-26,XLV,XGBOOST_H3_WITH_SENT,0.15467151671184814,0.1408693492412567
2025-09-29,XLV,XGBOOST_H3_WITH_SENT,0.154729638682113,0.1452239751815796
2025-09-30,XLV,XGBOOST_H3_WITH_SENT,0.1390376075091438,0.13935555517673492
2025-10-01,XLV,XGBOOST_H3_WITH_SENT,0.09849968824767491,0.1226636990904808
2025-10-02,XLV,XGBOOST_H3_WITH_SENT,0.09841621868279776,0.12004903703927994
2025-10-03,XLV,XGBOOST_H3_WITH_SENT,0.08953905547416495,0.13206271827220917
2025-10-06,XLV,XGBOOST_H3_WITH_SENT,0.08796682502126228,0.13354745507240295
2025-10-07,XLV,XGBOOST_H3_WITH_SENT,0.08931570970873465,0.13471178710460663
2025-10-08,XLV,XGBOOST_H3_WITH_SENT,0.09003619706113841,0.14378438889980316
2025-10-09,XLV,XGBOOST_H3_WITH_SENT,0.08964044484827892,0.18036267161369324
2025-10-10,XLV,XGBOOST_H3_WITH_SENT,0.06955509224462378,0.18691109120845795
2025-10-14,XLV,XGBOOST_H3_WITH_SENT,0.10391877422029261,0.1721639633178711
2025-10-15,XLV,XGBOOST_H3_WITH_SENT,0.11114076848314483,0.198808953166008
2025-10-16,XLV,XGBOOST_H3_WITH_SENT,0.11050037843502367,0.19758044183254242
2025-10-17,XLV,XGBOOST_H3_WITH_SENT,0.1147808418754687,0.19644710421562195
2025-10-20,XLV,XGBOOST_H3_WITH_SENT,0.11179916267513072,0.18675875663757324
2025-10-21,XLV,XGBOOST_H3_WITH_SENT,0.11249498594939338,0.20265088975429535
2025-10-22,XLV,XGBOOST_H3_WITH_SENT,0.11277614345039642,0.24714168906211853
2025-10-23,XLV,XGBOOST_H3_WITH_SENT,0.11633052419990259,0.25861167907714844
2025-10-24,XLV,XGBOOST_H3_WITH_SENT,0.13417857149839565,0.2567608058452606
2025-10-27,XLV,XGBOOST_H3_WITH_SENT,0.13424489968659395,0.2575276494026184
2025-10-28,XLV,XGBOOST_H3_WITH_SENT,0.14607118980744574,0.4194903075695038
2025-10-29,XLV,XGBOOST_H3_WITH_SENT,0.13808287647813577,0.1945413500070572
2025-10-30,XLV,XGBOOST_H3_WITH_SENT,0.1420636532165867,0.38385647535324097
2025-10-31,XLV,XGBOOST_H3_WITH_SENT,0.1574269119330177,0.21305640041828156
2025-11-03,XLV,XGBOOST_H3_WITH_SENT,0.16100663049173689,0.20677770674228668
2025-11-04,XLV,XGBOOST_H3_WITH_SENT,0.1610234879346335,0.19828307628631592
2025-11-05,XLV,XGBOOST_H3_WITH_SENT,0.16562517985477512,0.19998085498809814
2025-11-06,XLV,XGBOOST_H3_WITH_SENT,0.1674300790261167,0.19692863523960114
2025-11-07,XLV,XGBOOST_H3_WITH_SENT,0.1751333010227612,0.20142397284507751
2025-11-10,XLV,XGBOOST_H3_WITH_SENT,0.17820134750848138,0.18239018321037292
2025-11-12,XLV,XGBOOST_H3_WITH_SENT,0.16232221668279032,0.16602498292922974
2025-11-13,XLV,XGBOOST_H3_WITH_SENT,0.16260760874243144,0.180329367518425
2025-11-14,XLV,XGBOOST_H3_WITH_SENT,0.16673854830138043,0.17264045774936676
2025-11-17,XLV,XGBOOST_H3_WITH_SENT,0.17439988570042952,0.1797666847705841
2025-11-18,XLV,XGBOOST_H3_WITH_SENT,0.17356275378632122,0.18232262134552002
2025-11-19,XLV,XGBOOST_H3_WITH_SENT,0.1733886039433133,0.18133050203323364
2025-11-20,XLV,XGBOOST_H3_WITH_SENT,0.17291005133361806,0.3442741930484772
2025-11-21,XLV,XGBOOST_H3_WITH_SENT,0.15813119636103193,0.32740071415901184
2025-11-24,XLV,XGBOOST_H3_WITH_SENT,0.15770555547060927,0.29972150921821594
2025-11-25,XLV,XGBOOST_H3_WITH_SENT,0.1358859906034499,0.2872360050678253
2025-11-26,XLV,XGBOOST_H3_WITH_SENT,0.13601038972580226,0.1812339872121811
2025-11-28,XLV,XGBOOST_H3_WITH_SENT,0.13511426014454989,0.2880702018737793
2025-12-01,XLV,XGBOOST_H3_WITH_SENT,0.12350987668986955,0.18276098370552063
2025-12-02,XLV,XGBOOST_H3_WITH_SENT,0.12328507834222761,0.3225265443325043
2025-12-03,XLV,XGBOOST_H3_WITH_SENT,0.12324950669675606,0.2622089982032776
2025-12-04,XLV,XGBOOST_H3_WITH_SENT,0.1203376587618188,0.2690739035606384
2025-12-05,XLV,XGBOOST_H3_WITH_SENT,0.13619424872747457,0.2841360867023468
2025-12-08,XLV,XGBOOST_H3_WITH_SENT,0.12879406787874642,0.2830871343612671
2025-12-09,XLV,XGBOOST_H3_WITH_SENT,0.12871322335696786,0.2905964255332947
2025-12-10,XLV,XGBOOST_H3_WITH_SENT,0.12403946321033618,0.2870820164680481
2025-12-11,XLV,XGBOOST_H3_WITH_SENT,0.12085670011072591,0.30086708068847656
2025-12-12,XLV,XGBOOST_H3_WITH_SENT,0.12221658394510031,0.3051377832889557
2025-12-15,XLV,XGBOOST_H3_WITH_SENT,0.11602601081428464,0.29873427748680115
2025-12-16,XLV,XGBOOST_H3_WITH_SENT,0.10693852101474013,0.29750755429267883
2025-12-17,XLV,XGBOOST_H3_WITH_SENT,0.11116201762832013,0.34312203526496887
2025-12-18,XLV,XGBOOST_H3_WITH_SENT,0.11168133852310215,0.3400808572769165
2025-12-19,XLV,XGBOOST_H3_WITH_SENT,0.12645959142262822,0.29340797662734985
2025-12-22,XLV,XGBOOST_H3_WITH_SENT,0.12493342041933207,0.27823564410209656
2025-12-23,XLV,XGBOOST_H3_WITH_SENT,0.12640099161364757,0.25028184056282043
2025-12-24,XLV,XGBOOST_H3_WITH_SENT,0.1258874827447416,0.2516697645187378
2025-12-26,XLV,XGBOOST_H3_WITH_SENT,0.14048442569510602,0.2610253393650055
2025-12-29,XLV,XGBOOST_H3_WITH_SENT,0.14272632977761968,0.28392696380615234
2025-12-30,XLV,XGBOOST_H3_WITH_SENT,0.14304536384551908,0.3845524191856384
2025-12-31,XLV,XGBOOST_H3_WITH_SENT,0.1435379036077015,0.33610519766807556
2024-10-16,TLT,XGBOOST_H3_WITH_SENT,0.17861390090558002,0.12157805263996124
2024-10-17,TLT,XGBOOST_H3_WITH_SENT,0.17398026457428142,0.12056561559438705
2024-10-18,TLT,XGBOOST_H3_WITH_SENT,0.17375950053562741,0.1215423196554184
2024-10-21,TLT,XGBOOST_H3_WITH_SENT,0.1638232126093334,0.12676943838596344
2024-10-22,TLT,XGBOOST_H3_WITH_SENT,0.16509898128868564,0.13173648715019226
2024-10-23,TLT,XGBOOST_H3_WITH_SENT,0.16518688110384674,0.12600448727607727
2024-10-24,TLT,XGBOOST_H3_WITH_SENT,0.16302958631183168,0.13525640964508057
2024-10-25,TLT,XGBOOST_H3_WITH_SENT,0.16222683968353255,0.1373898833990097
2024-10-28,TLT,XGBOOST_H3_WITH_SENT,0.1869386064624024,0.13393722474575043
2024-10-29,TLT,XGBOOST_H3_WITH_SENT,0.18757944252249517,0.14018361270427704
2024-10-30,TLT,XGBOOST_H3_WITH_SENT,0.18883024302284587,0.14356064796447754
2024-10-31,TLT,XGBOOST_H3_WITH_SENT,0.1919486963157775,0.12792129814624786
2024-11-01,TLT,XGBOOST_H3_WITH_SENT,0.18338754345755004,0.13975508511066437
2024-11-04,TLT,XGBOOST_H3_WITH_SENT,0.17959522664144958,0.14532612264156342
2024-11-05,TLT,XGBOOST_H3_WITH_SENT,0.18245798143368105,0.14011183381080627
2024-11-06,TLT,XGBOOST_H3_WITH_SENT,0.14775871392900153,0.1255626231431961
2024-11-07,TLT,XGBOOST_H3_WITH_SENT,0.14288279395761902,0.12237191945314407
2024-11-08,TLT,XGBOOST_H3_WITH_SENT,0.1420544754257162,0.12203425914049149
2024-11-12,TLT,XGBOOST_H3_WITH_SENT,0.13489098882748393,0.12110189348459244
2024-11-13,TLT,XGBOOST_H3_WITH_SENT,0.1379836205355016,0.12577033042907715
2024-11-14,TLT,XGBOOST_H3_WITH_SENT,0.14212176916201047,0.12451609969139099
2024-11-15,TLT,XGBOOST_H3_WITH_SENT,0.1420925097522335,0.12907849252223969
2024-11-18,TLT,XGBOOST_H3_WITH_SENT,0.14219802385860866,0.13265524804592133
2024-11-19,TLT,XGBOOST_H3_WITH_SENT,0.1481729650335446,0.13358835875988007
2024-11-20,TLT,XGBOOST_H3_WITH_SENT,0.1570156164155049,0.14246666431427002
2024-11-21,TLT,XGBOOST_H3_WITH_SENT,0.1588483644601717,0.1435462087392807
2024-11-22,TLT,XGBOOST_H3_WITH_SENT,0.16153119959478998,0.14426861703395844
2024-11-25,TLT,XGBOOST_H3_WITH_SENT,0.12903832660590372,0.1412954479455948
2024-11-26,TLT,XGBOOST_H3_WITH_SENT,0.12904242453627454,0.14048923552036285
2024-11-27,TLT,XGBOOST_H3_WITH_SENT,0.12609449792000285,0.14433443546295166
2024-11-29,TLT,XGBOOST_H3_WITH_SENT,0.12317749996774521,0.15121594071388245
2024-12-02,TLT,XGBOOST_H3_WITH_SENT,0.12171448070980735,0.15474063158035278
2024-12-03,TLT,XGBOOST_H3_WITH_SENT,0.12192628896120072,0.1507899910211563
2024-12-04,TLT,XGBOOST_H3_WITH_SENT,0.11095061709449823,0.1532580405473709
2024-12-05,TLT,XGBOOST_H3_WITH_SENT,0.10901313272978538,0.14963005483150482
2024-12-06,TLT,XGBOOST_H3_WITH_SENT,0.11016518158940668,0.1490723192691803
2024-12-09,TLT,XGBOOST_H3_WITH_SENT,0.11048593187494005,0.14378969371318817
2024-12-10,TLT,XGBOOST_H3_WITH_SENT,0.11086868319705905,0.1359912008047104
2024-12-11,TLT,XGBOOST_H3_WITH_SENT,0.10968320367063662,0.14005009829998016
2024-12-12,TLT,XGBOOST_H3_WITH_SENT,0.10500743323652936,0.1447131484746933
2024-12-13,TLT,XGBOOST_H3_WITH_SENT,0.12348461689434087,0.14415685832500458
2024-12-16,TLT,XGBOOST_H3_WITH_SENT,0.12360447345243834,0.13876283168792725
2024-12-17,TLT,XGBOOST_H3_WITH_SENT,0.12331490757311726,0.14018338918685913
2024-12-18,TLT,XGBOOST_H3_WITH_SENT,0.1218514312190003,0.12322816252708435
2024-12-19,TLT,XGBOOST_H3_WITH_SENT,0.11062016015241682,0.12097673118114471
2024-12-20,TLT,XGBOOST_H3_WITH_SENT,0.11151092334815067,0.12298411130905151
2024-12-23,TLT,XGBOOST_H3_WITH_SENT,0.10843218445913856,0.12542060017585754
2024-12-24,TLT,XGBOOST_H3_WITH_SENT,0.11551559436049758,0.12877418100833893
2024-12-26,TLT,XGBOOST_H3_WITH_SENT,0.11552627197677211,0.12684500217437744
2024-12-27,TLT,XGBOOST_H3_WITH_SENT,0.11154780522590095,0.12651152908802032
2024-12-30,TLT,XGBOOST_H3_WITH_SENT,0.10874555466345039,0.1333547979593277
2024-12-31,TLT,XGBOOST_H3_WITH_SENT,0.10967203367710672,0.1343056708574295
2025-01-02,TLT,XGBOOST_H3_WITH_SENT,0.11289894801664345,0.14461877942085266
2025-01-03,TLT,XGBOOST_H3_WITH_SENT,0.1123514465588206,0.1461503505706787
2025-01-06,TLT,XGBOOST_H3_WITH_SENT,0.12315721416579592,0.14844700694084167
2025-01-07,TLT,XGBOOST_H3_WITH_SENT,0.11333699846081767,0.14811082184314728
2025-01-08,TLT,XGBOOST_H3_WITH_SENT,0.11762953528277664,0.14954619109630585
2025-01-10,TLT,XGBOOST_H3_WITH_SENT,0.11475654369393642,0.16509217023849487
2025-01-13,TLT,XGBOOST_H3_WITH_SENT,0.11851653095041956,0.16488249599933624
2025-01-14,TLT,XGBOOST_H3_WITH_SENT,0.13037524763540992,0.16769082844257355
2025-01-15,TLT,XGBOOST_H3_WITH_SENT,0.1294218139257575,0.1436278522014618
2025-01-16,TLT,XGBOOST_H3_WITH_SENT,0.13004002545930857,0.13894836604595184
2025-01-17,TLT,XGBOOST_H3_WITH_SENT,0.13822441516427544,0.1331193745136261
2025-01-21,TLT,XGBOOST_H3_WITH_SENT,0.134823402738461,0.13741594552993774
2025-01-22,TLT,XGBOOST_H3_WITH_SENT,0.1336766582852163,0.13672804832458496
2025-01-23,TLT,XGBOOST_H3_WITH_SENT,0.13533206948321247,0.13335487246513367
2025-01-24,TLT,XGBOOST_H3_WITH_SENT,0.13502505113997743,0.13303425908088684
2025-01-27,TLT,XGBOOST_H3_WITH_SENT,0.14150941749480106,0.12846042215824127
2025-01-28,TLT,XGBOOST_H3_WITH_SENT,0.1418155781802046,0.12895894050598145
2025-01-29,TLT,XGBOOST_H3_WITH_SENT,0.1449518134583731,0.1314733773469925
2025-01-30,TLT,XGBOOST_H3_WITH_SENT,0.14932116309574892,0.13687783479690552
2025-01-31,TLT,XGBOOST_H3_WITH_SENT,0.1455918054385977,0.13088743388652802
2025-02-03,TLT,XGBOOST_H3_WITH_SENT,0.1539992474327411,0.13374145328998566
2025-02-04,TLT,XGBOOST_H3_WITH_SENT,0.15793601282359623,0.13897903263568878
2025-02-05,TLT,XGBOOST_H3_WITH_SENT,0.148390320539641,0.13452984392642975
2025-02-06,TLT,XGBOOST_H3_WITH_SENT,0.14893356558291646,0.1379094272851944
2025-02-07,TLT,XGBOOST_H3_WITH_SENT,0.15076497538740607,0.14070749282836914
2025-02-10,TLT,XGBOOST_H3_WITH_SENT,0.15298189214245822,0.16429084539413452
2025-02-11,TLT,XGBOOST_H3_WITH_SENT,0.1527125121203732,0.1710239052772522
2025-02-12,TLT,XGBOOST_H3_WITH_SENT,0.14476809412637368,0.17589856684207916
2025-02-13,TLT,XGBOOST_H3_WITH_SENT,0.13643441056716005,0.17565453052520752
2025-02-14,TLT,XGBOOST_H3_WITH_SENT,0.13631024408841086,0.16741450130939484
2025-02-18,TLT,XGBOOST_H3_WITH_SENT,0.12763360271366014,0.16340361535549164
2025-02-19,TLT,XGBOOST_H3_WITH_SENT,0.1282403616509948,0.16425655782222748
2025-02-20,TLT,XGBOOST_H3_WITH_SENT,0.12809394189896864,0.15480683743953705
2025-02-21,TLT,XGBOOST_H3_WITH_SENT,0.12465062059372535,0.16045118868350983
2025-02-24,TLT,XGBOOST_H3_WITH_SENT,0.13033226784953253,0.1653190404176712
2025-02-25,TLT,XGBOOST_H3_WITH_SENT,0.11383418805986034,0.17100052535533905
2025-02-26,TLT,XGBOOST_H3_WITH_SENT,0.11278417672669001,0.17485956847667694
2025-02-27,TLT,XGBOOST_H3_WITH_SENT,0.11093954244874248,0.18559646606445312
2025-02-28,TLT,XGBOOST_H3_WITH_SENT,0.11351947162903318,0.19162775576114655
2025-03-03,TLT,XGBOOST_H3_WITH_SENT,0.11837318751129136,0.1939193308353424
2025-03-04,TLT,XGBOOST_H3_WITH_SENT,0.11462011759238039,0.18312691152095795
2025-03-05,TLT,XGBOOST_H3_WITH_SENT,0.11051629287898418,0.17928020656108856
2025-03-06,TLT,XGBOOST_H3_WITH_SENT,0.11038102494679658,0.20270498096942902
2025-03-07,TLT,XGBOOST_H3_WITH_SENT,0.11449166028604861,0.1955309361219406
2025-03-10,TLT,XGBOOST_H3_WITH_SENT,0.1575586053231603,0.19938448071479797
2025-03-11,TLT,XGBOOST_H3_WITH_SENT,0.1695587047938776,0.2121727019548416
2025-03-12,TLT,XGBOOST_H3_WITH_SENT,0.17012328241587177,0.2035963386297226
2025-03-13,TLT,XGBOOST_H3_WITH_SENT,0.19243878180696594,0.18090206384658813
2025-03-14,TLT,XGBOOST_H3_WITH_SENT,0.19391173015353397,0.17620155215263367
2025-03-17,TLT,XGBOOST_H3_WITH_SENT,0.19502619453413242,0.17435050010681152
2025-03-18,TLT,XGBOOST_H3_WITH_SENT,0.1956768291727773,0.17806315422058105
2025-03-19,TLT,XGBOOST_H3_WITH_SENT,0.19585921555524766,0.1791059970855713
2025-03-20,TLT,XGBOOST_H3_WITH_SENT,0.19743324370338114,0.17947430908679962
2025-03-21,TLT,XGBOOST_H3_WITH_SENT,0.2048361837845756,0.18108117580413818
2025-03-24,TLT,XGBOOST_H3_WITH_SENT,0.20454200153776494,0.21392329037189484
2025-03-25,TLT,XGBOOST_H3_WITH_SENT,0.20844871424570705,0.20545655488967896
2025-03-26,TLT,XGBOOST_H3_WITH_SENT,0.21137752915427754,0.22245725989341736
2025-03-27,TLT,XGBOOST_H3_WITH_SENT,0.21285165177148105,0.20891103148460388
2025-03-28,TLT,XGBOOST_H3_WITH_SENT,0.20813839088637323,0.19520442187786102
2025-03-31,TLT,XGBOOST_H3_WITH_SENT,0.20725938491908868,0.20397578179836273
2025-04-01,TLT,XGBOOST_H3_WITH_SENT,0.20623985377565832,0.20790202915668488
2025-04-02,TLT,XGBOOST_H3_WITH_SENT,0.2067070641130615,0.20969390869140625
2025-04-03,TLT,XGBOOST_H3_WITH_SENT,0.20811707552429512,0.17035523056983948
2025-04-04,TLT,XGBOOST_H3_WITH_SENT,0.20266863210806269,0.24772943556308746
2025-04-07,TLT,XGBOOST_H3_WITH_SENT,0.17510350029257055,0.2704780697822571
2025-04-08,TLT,XGBOOST_H3_WITH_SENT,0.1627361792931484,0.25491371750831604
2025-04-09,TLT,XGBOOST_H3_WITH_SENT,0.1657333777323118,0.22542288899421692
2025-04-10,TLT,XGBOOST_H3_WITH_SENT,0.13145303348813758,0.26373472809791565
2025-04-11,TLT,XGBOOST_H3_WITH_SENT,0.13460460532178178,0.21562707424163818
2025-04-14,TLT,XGBOOST_H3_WITH_SENT,0.13239150440809228,0.21554061770439148
2025-04-15,TLT,XGBOOST_H3_WITH_SENT,0.13295776569551215,0.21759282052516937
2025-04-16,TLT,XGBOOST_H3_WITH_SENT,0.1355836409724821,0.21875405311584473
2025-04-17,TLT,XGBOOST_H3_WITH_SENT,0.13297443931115133,0.21377485990524292
2025-04-21,TLT,XGBOOST_H3_WITH_SENT,0.11717572821095817,0.19807539880275726
2025-04-22,TLT,XGBOOST_H3_WITH_SENT,0.11822176824290577,0.19701877236366272
2025-04-23,TLT,XGBOOST_H3_WITH_SENT,0.12606850524010493,0.19654296338558197
2025-04-24,TLT,XGBOOST_H3_WITH_SENT,0.12055417500309766,0.19279827177524567
2025-04-25,TLT,XGBOOST_H3_WITH_SENT,0.11630637070357946,0.19960947334766388
2025-04-28,TLT,XGBOOST_H3_WITH_SENT,0.12641203799717018,0.21321427822113037
2025-04-29,TLT,XGBOOST_H3_WITH_SENT,0.12060104387693434,0.21337293088436127
2025-04-30,TLT,XGBOOST_H3_WITH_SENT,0.12561413038097158,0.2117774784564972
2025-05-01,TLT,XGBOOST_H3_WITH_SENT,0.12544311834800173,0.20796994864940643
2025-05-02,TLT,XGBOOST_H3_WITH_SENT,0.12401226499566041,0.20479907095432281
2025-05-05,TLT,XGBOOST_H3_WITH_SENT,0.12299130937801594,0.20068645477294922
2025-05-06,TLT,XGBOOST_H3_WITH_SENT,0.1367032257379677,0.21067316830158234
2025-05-07,TLT,XGBOOST_H3_WITH_SENT,0.1356688259237306,0.21312443912029266
2025-05-08,TLT,XGBOOST_H3_WITH_SENT,0.13742209002903005,0.21625013649463654
2025-05-09,TLT,XGBOOST_H3_WITH_SENT,0.13733661132365302,0.21073736250400543
2025-05-12,TLT,XGBOOST_H3_WITH_SENT,0.1349084456734377,0.19644151628017426
2025-05-13,TLT,XGBOOST_H3_WITH_SENT,0.13443664202153208,0.19151639938354492
2025-05-14,TLT,XGBOOST_H3_WITH_SENT,0.1377247032917779,0.1903221756219864
2025-05-15,TLT,XGBOOST_H3_WITH_SENT,0.13994895239617142,0.191619411110878
2025-05-16,TLT,XGBOOST_H3_WITH_SENT,0.1444215826718701,0.19298295676708221
2025-05-19,TLT,XGBOOST_H3_WITH_SENT,0.1505258383754104,0.19082996249198914
2025-05-20,TLT,XGBOOST_H3_WITH_SENT,0.14780003409511897,0.1874946802854538
2025-05-21,TLT,XGBOOST_H3_WITH_SENT,0.132010442700103,0.1889568269252777
2025-05-22,TLT,XGBOOST_H3_WITH_SENT,0.13148551431778485,0.1847960501909256
2025-05-23,TLT,XGBOOST_H3_WITH_SENT,0.13301911798054306,0.18541795015335083
2025-05-27,TLT,XGBOOST_H3_WITH_SENT,0.1252126827500624,0.17881909012794495
2025-05-28,TLT,XGBOOST_H3_WITH_SENT,0.12411785529243646,0.1872328221797943
2025-05-29,TLT,XGBOOST_H3_WITH_SENT,0.12391402967886031,0.17372463643550873
2025-05-30,TLT,XGBOOST_H3_WITH_SENT,0.1278790394903457,0.18445436656475067
2025-06-02,TLT,XGBOOST_H3_WITH_SENT,0.12153053201492116,0.1671045869588852
2025-06-03,TLT,XGBOOST_H3_WITH_SENT,0.12444379799526314,0.16445530951023102
2025-06-04,TLT,XGBOOST_H3_WITH_SENT,0.11561807410891173,0.16182559728622437
2025-06-05,TLT,XGBOOST_H3_WITH_SENT,0.1210482860247608,0.16033506393432617
2025-06-06,TLT,XGBOOST_H3_WITH_SENT,0.11139658817840839,0.16290007531642914
2025-06-09,TLT,XGBOOST_H3_WITH_SENT,0.11674049656429475,0.15988340973854065
2025-06-10,TLT,XGBOOST_H3_WITH_SENT,0.11573913623218253,0.13942141830921173
2025-06-11,TLT,XGBOOST_H3_WITH_SENT,0.12655206675243422,0.14093928039073944
2025-06-12,TLT,XGBOOST_H3_WITH_SENT,0.1185912338675449,0.1493489146232605
2025-06-13,TLT,XGBOOST_H3_WITH_SENT,0.11628461298473591,0.14936921000480652
2025-06-16,TLT,XGBOOST_H3_WITH_SENT,0.11080768450580814,0.14788174629211426
2025-06-17,TLT,XGBOOST_H3_WITH_SENT,0.10116968607645818,0.1500772088766098
2025-06-18,TLT,XGBOOST_H3_WITH_SENT,0.10110855357875329,0.15133680403232574
2025-06-20,TLT,XGBOOST_H3_WITH_SENT,0.10642758290155208,0.14803175628185272
2025-06-23,TLT,XGBOOST_H3_WITH_SENT,0.10803856136231692,0.14415289461612701
2025-06-24,TLT,XGBOOST_H3_WITH_SENT,0.10627458832423775,0.1437496691942215
2025-06-25,TLT,XGBOOST_H3_WITH_SENT,0.10611354988426885,0.1408454030752182
2025-06-26,TLT,XGBOOST_H3_WITH_SENT,0.10710398183835668,0.1447557806968689
2025-06-27,TLT,XGBOOST_H3_WITH_SENT,0.10718441626695366,0.1456843465566635
2025-06-30,TLT,XGBOOST_H3_WITH_SENT,0.11845248217459406,0.14792807400226593
2025-07-01,TLT,XGBOOST_H3_WITH_SENT,0.11914427767108351,0.13492383062839508
2025-07-02,TLT,XGBOOST_H3_WITH_SENT,0.11731445911996524,0.13638924062252045
2025-07-03,TLT,XGBOOST_H3_WITH_SENT,0.12519645265358692,0.13912110030651093
2025-07-07,TLT,XGBOOST_H3_WITH_SENT,0.11929560108769298,0.1409236341714859
2025-07-08,TLT,XGBOOST_H3_WITH_SENT,0.11904948640607349,0.14537036418914795
2025-07-09,TLT,XGBOOST_H3_WITH_SENT,0.11685777628717678,0.15390615165233612
2025-07-10,TLT,XGBOOST_H3_WITH_SENT,0.11717052199292688,0.13639532029628754
2025-07-11,TLT,XGBOOST_H3_WITH_SENT,0.10588987865991424,0.14056314527988434
2025-07-14,TLT,XGBOOST_H3_WITH_SENT,0.10523088322408643,0.1565016210079193
2025-07-15,TLT,XGBOOST_H3_WITH_SENT,0.10338553160667444,0.14590507745742798
2025-07-16,TLT,XGBOOST_H3_WITH_SENT,0.10627326368726167,0.14773373305797577
2025-07-17,TLT,XGBOOST_H3_WITH_SENT,0.11095431363879141,0.15374687314033508
2025-07-18,TLT,XGBOOST_H3_WITH_SENT,0.11492357310982675,0.15013457834720612
2025-07-21,TLT,XGBOOST_H3_WITH_SENT,0.11159053543361978,0.1470036506652832
2025-07-22,TLT,XGBOOST_H3_WITH_SENT,0.11142882934839521,0.1599564254283905
2025-07-23,TLT,XGBOOST_H3_WITH_SENT,0.10943013686607429,0.16093435883522034
2025-07-24,TLT,XGBOOST_H3_WITH_SENT,0.11095182672250863,0.1642022281885147
2025-07-25,TLT,XGBOOST_H3_WITH_SENT,0.11178648598562851,0.16310782730579376
2025-07-28,TLT,XGBOOST_H3_WITH_SENT,0.10947187374039989,0.16333815455436707
2025-07-29,TLT,XGBOOST_H3_WITH_SENT,0.09168246119431753,0.1583772450685501
2025-07-30,TLT,XGBOOST_H3_WITH_SENT,0.08985040684674922,0.16058607399463654
2025-07-31,TLT,XGBOOST_H3_WITH_SENT,0.09276309430022898,0.1579243391752243
2025-08-01,TLT,XGBOOST_H3_WITH_SENT,0.08088322877586131,0.1482769101858139
2025-08-04,TLT,XGBOOST_H3_WITH_SENT,0.08321712759472359,0.15085627138614655
2025-08-05,TLT,XGBOOST_H3_WITH_SENT,0.0926973305997521,0.15517379343509674
2025-08-06,TLT,XGBOOST_H3_WITH_SENT,0.09531151583727873,0.15519694983959198
2025-08-07,TLT,XGBOOST_H3_WITH_SENT,0.10936259486871194,0.15635807812213898
2025-08-08,TLT,XGBOOST_H3_WITH_SENT,0.11620967127856237,0.1580471247434616
2025-08-11,TLT,XGBOOST_H3_WITH_SENT,0.11904942251698088,0.15862374007701874
2025-08-12,TLT,XGBOOST_H3_WITH_SENT,0.11763474449892226,0.16063588857650757
2025-08-13,TLT,XGBOOST_H3_WITH_SENT,0.11660831362400499,0.16058851778507233
2025-08-14,TLT,XGBOOST_H3_WITH_SENT,0.11386450369346786,0.1616075187921524
2025-08-15,TLT,XGBOOST_H3_WITH_SENT,0.10879033429582108,0.16072556376457214
2025-08-18,TLT,XGBOOST_H3_WITH_SENT,0.10704361248331043,0.16027794778347015
2025-08-19,TLT,XGBOOST_H3_WITH_SENT,0.10780748962310192,0.16073210537433624
2025-08-20,TLT,XGBOOST_H3_WITH_SENT,0.11661425006455771,0.1590280830860138
2025-08-21,TLT,XGBOOST_H3_WITH_SENT,0.1148501314127043,0.15804539620876312
2025-08-22,TLT,XGBOOST_H3_WITH_SENT,0.11423219981207133,0.15953482687473297
2025-08-25,TLT,XGBOOST_H3_WITH_SENT,0.1149954782243439,0.16244956851005554
2025-08-26,TLT,XGBOOST_H3_WITH_SENT,0.11638168558590425,0.15922057628631592
2025-08-27,TLT,XGBOOST_H3_WITH_SENT,0.11611002739012424,0.16130205988883972
2025-08-28,TLT,XGBOOST_H3_WITH_SENT,0.11482672723779659,0.16202858090400696
2025-08-29,TLT,XGBOOST_H3_WITH_SENT,0.11303635232368954,0.15865600109100342
2025-09-02,TLT,XGBOOST_H3_WITH_SENT,0.10910634723167287,0.16271139681339264
2025-09-03,TLT,XGBOOST_H3_WITH_SENT,0.10410664225532539,0.16095629334449768
2025-09-04,TLT,XGBOOST_H3_WITH_SENT,0.10190492901106375,0.15977178514003754
2025-09-05,TLT,XGBOOST_H3_WITH_SENT,0.08873925389000309,0.13834047317504883
2025-09-08,TLT,XGBOOST_H3_WITH_SENT,0.08033174974646713,0.13511453568935394
2025-09-09,TLT,XGBOOST_H3_WITH_SENT,0.08062970527883667,0.13686108589172363
2025-09-10,TLT,XGBOOST_H3_WITH_SENT,0.07798387220810127,0.14059698581695557
2025-09-11,TLT,XGBOOST_H3_WITH_SENT,0.07378448065185218,0.14228586852550507
2025-09-12,TLT,XGBOOST_H3_WITH_SENT,0.09262526922167809,0.14251451194286346
2025-09-15,TLT,XGBOOST_H3_WITH_SENT,0.09245280395891464,0.14658908545970917
2025-09-16,TLT,XGBOOST_H3_WITH_SENT,0.09280034000402694,0.14747624099254608
2025-09-17,TLT,XGBOOST_H3_WITH_SENT,0.09266015887652188,0.1519061028957367
2025-09-18,TLT,XGBOOST_H3_WITH_SENT,0.08639696925403391,0.14246082305908203
2025-09-19,TLT,XGBOOST_H3_WITH_SENT,0.08621911316188482,0.14258909225463867
2025-09-22,TLT,XGBOOST_H3_WITH_SENT,0.08453990149055994,0.14680816233158112
2025-09-23,TLT,XGBOOST_H3_WITH_SENT,0.08315972422001103,0.15172675251960754
2025-09-24,TLT,XGBOOST_H3_WITH_SENT,0.08074257816109162,0.1511514037847519
2025-09-25,TLT,XGBOOST_H3_WITH_SENT,0.08634274085069507,0.1522100418806076
2025-09-26,TLT,XGBOOST_H3_WITH_SENT,0.08597297767804797,0.1537185162305832
2025-09-29,TLT,XGBOOST_H3_WITH_SENT,0.08272976268344573,0.15847717225551605
2025-09-30,TLT,XGBOOST_H3_WITH_SENT,0.0812631461177168,0.15721508860588074
2025-10-01,TLT,XGBOOST_H3_WITH_SENT,0.09126196261185371,0.15916204452514648
2025-10-02,TLT,XGBOOST_H3_WITH_SENT,0.09406913983918637,0.1573559194803238
2025-10-03,TLT,XGBOOST_H3_WITH_SENT,0.09452361612399428,0.14248064160346985
2025-10-06,TLT,XGBOOST_H3_WITH_SENT,0.08989401868924796,0.1440800130367279
2025-10-07,TLT,XGBOOST_H3_WITH_SENT,0.08817511376700958,0.14909863471984863
2025-10-08,TLT,XGBOOST_H3_WITH_SENT,0.09723989264227416,0.15522681176662445
2025-10-09,TLT,XGBOOST_H3_WITH_SENT,0.10219125959340948,0.15857645869255066
2025-10-10,TLT,XGBOOST_H3_WITH_SENT,0.0844043097007238,0.1416170746088028
2025-10-14,TLT,XGBOOST_H3_WITH_SENT,0.08531202784102226,0.14176565408706665
2025-10-15,TLT,XGBOOST_H3_WITH_SENT,0.0853149292777988,0.1466454267501831
2025-10-16,TLT,XGBOOST_H3_WITH_SENT,0.08500900397523226,0.14972449839115143
2025-10-17,TLT,XGBOOST_H3_WITH_SENT,0.08670365764151106,0.14167390763759613
2025-10-20,TLT,XGBOOST_H3_WITH_SENT,0.08580589749711204,0.1453050971031189
2025-10-21,TLT,XGBOOST_H3_WITH_SENT,0.08284213580253424,0.14430555701255798
2025-10-22,TLT,XGBOOST_H3_WITH_SENT,0.08248815141695924,0.1428978145122528
2025-10-23,TLT,XGBOOST_H3_WITH_SENT,0.08220845863060929,0.14553973078727722
2025-10-24,TLT,XGBOOST_H3_WITH_SENT,0.08332728360928475,0.14719754457473755
2025-10-27,TLT,XGBOOST_H3_WITH_SENT,0.08527447997965924,0.14768435060977936
2025-10-28,TLT,XGBOOST_H3_WITH_SENT,0.08524317208721571,0.24522976577281952
2025-10-29,TLT,XGBOOST_H3_WITH_SENT,0.07952583532619911,0.15596023201942444
2025-10-30,TLT,XGBOOST_H3_WITH_SENT,0.07857358740506473,0.26085248589515686
2025-10-31,TLT,XGBOOST_H3_WITH_SENT,0.08985038792884005,0.14953163266181946
2025-11-03,TLT,XGBOOST_H3_WITH_SENT,0.08958380253122956,0.14575748145580292
2025-11-04,TLT,XGBOOST_H3_WITH_SENT,0.0898299628528981,0.13953407108783722
2025-11-05,TLT,XGBOOST_H3_WITH_SENT,0.08300882358330716,0.14635786414146423
2025-11-06,TLT,XGBOOST_H3_WITH_SENT,0.077314126108801,0.1458033174276352
2025-11-07,TLT,XGBOOST_H3_WITH_SENT,0.07770875370516808,0.14641743898391724
2025-11-10,TLT,XGBOOST_H3_WITH_SENT,0.07795165867609392,0.14933383464813232
2025-11-12,TLT,XGBOOST_H3_WITH_SENT,0.07679347078571336,0.1418963074684143
2025-11-13,TLT,XGBOOST_H3_WITH_SENT,0.07876387046774773,0.13894423842430115
2025-11-14,TLT,XGBOOST_H3_WITH_SENT,0.07690529003016697,0.14529821276664734
2025-11-17,TLT,XGBOOST_H3_WITH_SENT,0.07923057127193017,0.15579886734485626
2025-11-18,TLT,XGBOOST_H3_WITH_SENT,0.07924055287810201,0.1653088927268982
2025-11-19,TLT,XGBOOST_H3_WITH_SENT,0.08119414283198001,0.1621057242155075
2025-11-20,TLT,XGBOOST_H3_WITH_SENT,0.08058844236147202,0.2304508239030838
2025-11-21,TLT,XGBOOST_H3_WITH_SENT,0.07961485249230736,0.21370439231395721
2025-11-24,TLT,XGBOOST_H3_WITH_SENT,0.07643682422877776,0.20491363108158112
2025-11-25,TLT,XGBOOST_H3_WITH_SENT,0.07954990485340828,0.20686015486717224
2025-11-26,TLT,XGBOOST_H3_WITH_SENT,0.07743333751968588,0.15468594431877136
2025-11-28,TLT,XGBOOST_H3_WITH_SENT,0.07821654061702327,0.20235253870487213
2025-12-01,TLT,XGBOOST_H3_WITH_SENT,0.06531976523570449,0.14696325361728668
2025-12-02,TLT,XGBOOST_H3_WITH_SENT,0.07066350701451925,0.18668945133686066
2025-12-03,TLT,XGBOOST_H3_WITH_SENT,0.06943280888415293,0.17413650453090668
2025-12-04,TLT,XGBOOST_H3_WITH_SENT,0.07033986729520791,0.18814237415790558
2025-12-05,TLT,XGBOOST_H3_WITH_SENT,0.06887927641144088,0.21310077607631683
2025-12-08,TLT,XGBOOST_H3_WITH_SENT,0.07121233389222868,0.20651258528232574
2025-12-09,TLT,XGBOOST_H3_WITH_SENT,0.07342224114720587,0.20430277287960052
2025-12-10,TLT,XGBOOST_H3_WITH_SENT,0.07603282183373411,0.20989921689033508
2025-12-11,TLT,XGBOOST_H3_WITH_SENT,0.07661699602153281,0.20994766056537628
2025-12-12,TLT,XGBOOST_H3_WITH_SENT,0.06789256576380386,0.22621804475784302
2025-12-15,TLT,XGBOOST_H3_WITH_SENT,0.07047841128102127,0.22430439293384552
2025-12-16,TLT,XGBOOST_H3_WITH_SENT,0.06824885841962995,0.23114047944545746
2025-12-17,TLT,XGBOOST_H3_WITH_SENT,0.0716433644158825,0.2651989161968231
2025-12-18,TLT,XGBOOST_H3_WITH_SENT,0.08375521680134919,0.25865617394447327
2025-12-19,TLT,XGBOOST_H3_WITH_SENT,0.08786042054124468,0.22293399274349213
2025-12-22,TLT,XGBOOST_H3_WITH_SENT,0.08889642636410333,0.21690131723880768
2025-12-23,TLT,XGBOOST_H3_WITH_SENT,0.08922518622107398,0.19216929376125336
2025-12-24,TLT,XGBOOST_H3_WITH_SENT,0.0882372929233335,0.18023066222667694
2025-12-26,TLT,XGBOOST_H3_WITH_SENT,0.0903716380675739,0.19134403765201569
2025-12-29,TLT,XGBOOST_H3_WITH_SENT,0.08961254621717131,0.20360541343688965
2025-12-30,TLT,XGBOOST_H3_WITH_SENT,0.08927223672256449,0.24607405066490173
2025-12-31,TLT,XGBOOST_H3_WITH_SENT,0.08684989631646652,0.2567858099937439
2024-10-16,LQD,XGBOOST_H3_WITH_SENT,0.09102607243996143,0.06306900084018707
2024-10-17,LQD,XGBOOST_H3_WITH_SENT,0.08821409159129986,0.06422687321901321
2024-10-18,LQD,XGBOOST_H3_WITH_SENT,0.08837258687924203,0.06282337009906769
2024-10-21,LQD,XGBOOST_H3_WITH_SENT,0.08167607884681607,0.06629738956689835
2024-10-22,LQD,XGBOOST_H3_WITH_SENT,0.08214592721077547,0.06297191232442856
2024-10-23,LQD,XGBOOST_H3_WITH_SENT,0.08171986073861982,0.06121187284588814
2024-10-24,LQD,XGBOOST_H3_WITH_SENT,0.0808884357986164,0.06270696967840195
2024-10-25,LQD,XGBOOST_H3_WITH_SENT,0.08067023560042985,0.06146331503987312
2024-10-28,LQD,XGBOOST_H3_WITH_SENT,0.09219167476121534,0.06494616717100143
2024-10-29,LQD,XGBOOST_H3_WITH_SENT,0.09273297860858598,0.06888999044895172
2024-10-30,LQD,XGBOOST_H3_WITH_SENT,0.0933148038767745,0.06702343374490738
2024-10-31,LQD,XGBOOST_H3_WITH_SENT,0.0949229475624122,0.061924029141664505
2024-11-01,LQD,XGBOOST_H3_WITH_SENT,0.09188796281462022,0.06601563841104507
2024-11-04,LQD,XGBOOST_H3_WITH_SENT,0.09037556605947464,0.0641602873802185
2024-11-05,LQD,XGBOOST_H3_WITH_SENT,0.09040031114760454,0.06671717017889023
2024-11-06,LQD,XGBOOST_H3_WITH_SENT,0.08036260789364094,0.06293834745883942
2024-11-07,LQD,XGBOOST_H3_WITH_SENT,0.07025365494365018,0.06114356592297554
2024-11-08,LQD,XGBOOST_H3_WITH_SENT,0.07038476231618378,0.06001264601945877
2024-11-12,LQD,XGBOOST_H3_WITH_SENT,0.06194534108698799,0.0630330964922905
2024-11-13,LQD,XGBOOST_H3_WITH_SENT,0.06409049041717887,0.06971734017133713
2024-11-14,LQD,XGBOOST_H3_WITH_SENT,0.06780977498933516,0.06872955709695816
2024-11-15,LQD,XGBOOST_H3_WITH_SENT,0.06788154080742936,0.06756378710269928
2024-11-18,LQD,XGBOOST_H3_WITH_SENT,0.06768837448095599,0.06751793622970581
2024-11-19,LQD,XGBOOST_H3_WITH_SENT,0.0811503882910881,0.06953827291727066
2024-11-20,LQD,XGBOOST_H3_WITH_SENT,0.08285204109909863,0.0751129537820816
2024-11-21,LQD,XGBOOST_H3_WITH_SENT,0.08428420054637709,0.07638473063707352
2024-11-22,LQD,XGBOOST_H3_WITH_SENT,0.08466334681370562,0.07680267840623856
2024-11-25,LQD,XGBOOST_H3_WITH_SENT,0.07136985132301563,0.07529695332050323
2024-11-26,LQD,XGBOOST_H3_WITH_SENT,0.07138329872034666,0.07579032331705093
2024-11-27,LQD,XGBOOST_H3_WITH_SENT,0.07041540106194324,0.0794212594628334
2024-11-29,LQD,XGBOOST_H3_WITH_SENT,0.06812124426522169,0.0793469175696373
2024-12-02,LQD,XGBOOST_H3_WITH_SENT,0.06743660661538406,0.07739657908678055
2024-12-03,LQD,XGBOOST_H3_WITH_SENT,0.06716447164048972,0.07758048176765442
2024-12-04,LQD,XGBOOST_H3_WITH_SENT,0.06328938005246577,0.07679667323827744
2024-12-05,LQD,XGBOOST_H3_WITH_SENT,0.06316427998465143,0.06930549442768097
2024-12-06,LQD,XGBOOST_H3_WITH_SENT,0.06212050711812997,0.06680747121572495
2024-12-09,LQD,XGBOOST_H3_WITH_SENT,0.06343208086379311,0.06518256664276123
2024-12-10,LQD,XGBOOST_H3_WITH_SENT,0.064909006687137,0.0669831931591034
2024-12-11,LQD,XGBOOST_H3_WITH_SENT,0.06492727608567356,0.06790007650852203
2024-12-12,LQD,XGBOOST_H3_WITH_SENT,0.06444226502047933,0.07423999160528183
2024-12-13,LQD,XGBOOST_H3_WITH_SENT,0.07887353561162014,0.07368717342615128
2024-12-16,LQD,XGBOOST_H3_WITH_SENT,0.07915749772361787,0.07302668690681458
2024-12-17,LQD,XGBOOST_H3_WITH_SENT,0.0793182702264805,0.07127983868122101
2024-12-18,LQD,XGBOOST_H3_WITH_SENT,0.06952872178237769,0.06548132747411728
2024-12-19,LQD,XGBOOST_H3_WITH_SENT,0.06757309642245522,0.06753779202699661
2024-12-20,LQD,XGBOOST_H3_WITH_SENT,0.06634163422964512,0.06718609482049942
2024-12-23,LQD,XGBOOST_H3_WITH_SENT,0.06579609831559088,0.06948409974575043
2024-12-24,LQD,XGBOOST_H3_WITH_SENT,0.06928527706370678,0.06827305257320404
2024-12-26,LQD,XGBOOST_H3_WITH_SENT,0.06953897799275936,0.0680435374379158
2024-12-27,LQD,XGBOOST_H3_WITH_SENT,0.06778961031720063,0.06863821297883987
2024-12-30,LQD,XGBOOST_H3_WITH_SENT,0.06660629100919023,0.06822936981916428
2024-12-31,LQD,XGBOOST_H3_WITH_SENT,0.0670678033246374,0.07237203419208527
2025-01-02,LQD,XGBOOST_H3_WITH_SENT,0.06721698460504745,0.07298225164413452
2025-01-03,LQD,XGBOOST_H3_WITH_SENT,0.06665133514281306,0.07670747488737106
2025-01-06,LQD,XGBOOST_H3_WITH_SENT,0.06923439390115885,0.07759198546409607
2025-01-07,LQD,XGBOOST_H3_WITH_SENT,0.06688343121821354,0.07779441773891449
2025-01-08,LQD,XGBOOST_H3_WITH_SENT,0.06968830948753202,0.07772009819746017
2025-01-10,LQD,XGBOOST_H3_WITH_SENT,0.06517817323339677,0.08024610579013824
2025-01-13,LQD,XGBOOST_H3_WITH_SENT,0.06470544567538646,0.07884029299020767
2025-01-14,LQD,XGBOOST_H3_WITH_SENT,0.06887597433963626,0.07970447838306427
2025-01-15,LQD,XGBOOST_H3_WITH_SENT,0.06121988733911578,0.07705739140510559
2025-01-16,LQD,XGBOOST_H3_WITH_SENT,0.06212929514973258,0.07543874531984329
2025-01-17,LQD,XGBOOST_H3_WITH_SENT,0.06448579601876754,0.07275769114494324
2025-01-21,LQD,XGBOOST_H3_WITH_SENT,0.06143989243236691,0.07309342175722122
2025-01-22,LQD,XGBOOST_H3_WITH_SENT,0.06047107413781703,0.07184959203004837
2025-01-23,LQD,XGBOOST_H3_WITH_SENT,0.060875352945662514,0.06744928658008575
2025-01-24,LQD,XGBOOST_H3_WITH_SENT,0.06107161033757607,0.06757981330156326
2025-01-27,LQD,XGBOOST_H3_WITH_SENT,0.06208335796845129,0.0695512518286705
2025-01-28,LQD,XGBOOST_H3_WITH_SENT,0.06163060040672808,0.07032102346420288
2025-01-29,LQD,XGBOOST_H3_WITH_SENT,0.06391888331977244,0.07084407657384872
2025-01-30,LQD,XGBOOST_H3_WITH_SENT,0.06496534331289568,0.07132688909769058
2025-01-31,LQD,XGBOOST_H3_WITH_SENT,0.06335226836029749,0.06934839487075806
2025-02-03,LQD,XGBOOST_H3_WITH_SENT,0.06542353936811861,0.06964867562055588
2025-02-04,LQD,XGBOOST_H3_WITH_SENT,0.06706250482045763,0.0720139592885971
2025-02-05,LQD,XGBOOST_H3_WITH_SENT,0.06433944512110074,0.06915144622325897
2025-02-06,LQD,XGBOOST_H3_WITH_SENT,0.06422077030517384,0.07034943252801895
2025-02-07,LQD,XGBOOST_H3_WITH_SENT,0.06258283745277494,0.06988128274679184
2025-02-10,LQD,XGBOOST_H3_WITH_SENT,0.06771952177974774,0.07905515283346176
2025-02-11,LQD,XGBOOST_H3_WITH_SENT,0.06814468764388423,0.07842808216810226
2025-02-12,LQD,XGBOOST_H3_WITH_SENT,0.065255275932906,0.07922445237636566
2025-02-13,LQD,XGBOOST_H3_WITH_SENT,0.05991435524556728,0.08173318207263947
2025-02-14,LQD,XGBOOST_H3_WITH_SENT,0.058813776975057006,0.08191729336977005
2025-02-18,LQD,XGBOOST_H3_WITH_SENT,0.05691763147162484,0.08070169389247894
2025-02-19,LQD,XGBOOST_H3_WITH_SENT,0.05993023166846037,0.0819900706410408
2025-02-20,LQD,XGBOOST_H3_WITH_SENT,0.06018209472153505,0.07824669778347015
2025-02-21,LQD,XGBOOST_H3_WITH_SENT,0.059616257361667924,0.0778481587767601
2025-02-24,LQD,XGBOOST_H3_WITH_SENT,0.061323090452454335,0.07723173499107361
2025-02-25,LQD,XGBOOST_H3_WITH_SENT,0.05467420301873114,0.07874228805303574
2025-02-26,LQD,XGBOOST_H3_WITH_SENT,0.055532097983920156,0.08095298707485199
2025-02-27,LQD,XGBOOST_H3_WITH_SENT,0.05391638489370987,0.08592256903648376
2025-02-28,LQD,XGBOOST_H3_WITH_SENT,0.05609264352445808,0.08439510315656662
2025-03-03,LQD,XGBOOST_H3_WITH_SENT,0.055248480409394445,0.09836343675851822
2025-03-04,LQD,XGBOOST_H3_WITH_SENT,0.05583177213463378,0.08964654803276062
2025-03-05,LQD,XGBOOST_H3_WITH_SENT,0.055110436318841174,0.08733856678009033
2025-03-06,LQD,XGBOOST_H3_WITH_SENT,0.05369209268211725,0.08787830173969269
2025-03-07,LQD,XGBOOST_H3_WITH_SENT,0.05349305700421547,0.08833541721105576
2025-03-10,LQD,XGBOOST_H3_WITH_SENT,0.08796986213940652,0.08973080664873123
2025-03-11,LQD,XGBOOST_H3_WITH_SENT,0.09577311850663565,0.09056642651557922
2025-03-12,LQD,XGBOOST_H3_WITH_SENT,0.11399662291664937,0.0905560776591301
2025-03-13,LQD,XGBOOST_H3_WITH_SENT,0.12823461606138015,0.09862904250621796
2025-03-14,LQD,XGBOOST_H3_WITH_SENT,0.1282561993434568,0.0956111028790474
2025-03-17,LQD,XGBOOST_H3_WITH_SENT,0.1304026404158557,0.09283879399299622
2025-03-18,LQD,XGBOOST_H3_WITH_SENT,0.13181056931597268,0.09307310730218887
2025-03-19,LQD,XGBOOST_H3_WITH_SENT,0.13083041888417785,0.09134776890277863
2025-03-20,LQD,XGBOOST_H3_WITH_SENT,0.130826381157618,0.09269379824399948
2025-03-21,LQD,XGBOOST_H3_WITH_SENT,0.13558805906196175,0.0935068428516388
2025-03-24,LQD,XGBOOST_H3_WITH_SENT,0.13570531532737548,0.0932159498333931
2025-03-25,LQD,XGBOOST_H3_WITH_SENT,0.1368948320940716,0.0948440432548523
2025-03-26,LQD,XGBOOST_H3_WITH_SENT,0.1416244544406475,0.09998824447393417
2025-03-27,LQD,XGBOOST_H3_WITH_SENT,0.14279990593689185,0.09809707850217819
2025-03-28,LQD,XGBOOST_H3_WITH_SENT,0.14142401562083057,0.09855616837739944
2025-03-31,LQD,XGBOOST_H3_WITH_SENT,0.1414950057627069,0.09808195382356644
2025-04-01,LQD,XGBOOST_H3_WITH_SENT,0.14185556202324456,0.10076019167900085
2025-04-02,LQD,XGBOOST_H3_WITH_SENT,0.1419382382440904,0.10421771556138992
2025-04-03,LQD,XGBOOST_H3_WITH_SENT,0.1420685790094551,0.07944481074810028
2025-04-04,LQD,XGBOOST_H3_WITH_SENT,0.1420833317927855,0.16468708217144012
2025-04-07,LQD,XGBOOST_H3_WITH_SENT,0.12334385732572781,0.23989763855934143
2025-04-08,LQD,XGBOOST_H3_WITH_SENT,0.11330064470072493,0.1783013492822647
2025-04-09,LQD,XGBOOST_H3_WITH_SENT,0.09921802019055635,0.16535279154777527
2025-04-10,LQD,XGBOOST_H3_WITH_SENT,0.07589092226072167,0.19531242549419403
2025-04-11,LQD,XGBOOST_H3_WITH_SENT,0.07589053716096678,0.2649727463722229
2025-04-14,LQD,XGBOOST_H3_WITH_SENT,0.07325243819588326,0.26410531997680664
2025-04-15,LQD,XGBOOST_H3_WITH_SENT,0.0735703796917719,0.2654530107975006
2025-04-16,LQD,XGBOOST_H3_WITH_SENT,0.07643232379028987,0.26557186245918274
2025-04-17,LQD,XGBOOST_H3_WITH_SENT,0.07640403725525846,0.27285388112068176
2025-04-21,LQD,XGBOOST_H3_WITH_SENT,0.06400803969737463,0.1473318487405777
2025-04-22,LQD,XGBOOST_H3_WITH_SENT,0.06478712065167475,0.14347374439239502
2025-04-23,LQD,XGBOOST_H3_WITH_SENT,0.075596092205653,0.14297683537006378
2025-04-24,LQD,XGBOOST_H3_WITH_SENT,0.06816851907199449,0.1030099019408226
2025-04-25,LQD,XGBOOST_H3_WITH_SENT,0.0649975533217145,0.1067235916852951
2025-04-28,LQD,XGBOOST_H3_WITH_SENT,0.07281841384182826,0.11389037221670151
2025-04-29,LQD,XGBOOST_H3_WITH_SENT,0.07254031152414817,0.11684224009513855
2025-04-30,LQD,XGBOOST_H3_WITH_SENT,0.07279685181917718,0.11705532670021057
2025-05-01,LQD,XGBOOST_H3_WITH_SENT,0.072282869282483,0.11800753325223923
2025-05-02,LQD,XGBOOST_H3_WITH_SENT,0.07249883574159832,0.11853396892547607
2025-05-05,LQD,XGBOOST_H3_WITH_SENT,0.07223332838011158,0.1194441094994545
2025-05-06,LQD,XGBOOST_H3_WITH_SENT,0.07613523995676388,0.12162371724843979
2025-05-07,LQD,XGBOOST_H3_WITH_SENT,0.07701568443630691,0.12341319024562836
2025-05-08,LQD,XGBOOST_H3_WITH_SENT,0.07803414871703876,0.12514711916446686
2025-05-09,LQD,XGBOOST_H3_WITH_SENT,0.0785538465852148,0.12332354485988617
2025-05-12,LQD,XGBOOST_H3_WITH_SENT,0.07880587473170479,0.12456762045621872
2025-05-13,LQD,XGBOOST_H3_WITH_SENT,0.07932361324289869,0.1203230619430542
2025-05-14,LQD,XGBOOST_H3_WITH_SENT,0.07797359970880885,0.11782451719045639
2025-05-15,LQD,XGBOOST_H3_WITH_SENT,0.07878781586077285,0.11867386847734451
2025-05-16,LQD,XGBOOST_H3_WITH_SENT,0.07906576544124835,0.12173625826835632
2025-05-19,LQD,XGBOOST_H3_WITH_SENT,0.07976990327934112,0.11878661066293716
2025-05-20,LQD,XGBOOST_H3_WITH_SENT,0.07897082461475367,0.11914101243019104
2025-05-21,LQD,XGBOOST_H3_WITH_SENT,0.06518425834774841,0.11792978644371033
2025-05-22,LQD,XGBOOST_H3_WITH_SENT,0.06383692167804791,0.11622161418199539
2025-05-23,LQD,XGBOOST_H3_WITH_SENT,0.06498151639839314,0.11594605445861816
2025-05-27,LQD,XGBOOST_H3_WITH_SENT,0.0590041327880759,0.10818310081958771
2025-05-28,LQD,XGBOOST_H3_WITH_SENT,0.058408121170390216,0.11301771551370621
2025-05-29,LQD,XGBOOST_H3_WITH_SENT,0.057904845982202,0.10582132637500763
2025-05-30,LQD,XGBOOST_H3_WITH_SENT,0.05979731895112056,0.11441606283187866
2025-06-02,LQD,XGBOOST_H3_WITH_SENT,0.058026598512233,0.10513155907392502
2025-06-03,LQD,XGBOOST_H3_WITH_SENT,0.05818593106465121,0.1051342710852623
2025-06-04,LQD,XGBOOST_H3_WITH_SENT,0.05484408507175975,0.10287711769342422
2025-06-05,LQD,XGBOOST_H3_WITH_SENT,0.058371836763349255,0.10464220494031906
2025-06-06,LQD,XGBOOST_H3_WITH_SENT,0.054529565415711904,0.10723604261875153
2025-06-09,LQD,XGBOOST_H3_WITH_SENT,0.05684051362784983,0.10594191402196884
2025-06-10,LQD,XGBOOST_H3_WITH_SENT,0.056584307455190136,0.08641775697469711
2025-06-11,LQD,XGBOOST_H3_WITH_SENT,0.06074622985818905,0.0866716131567955
2025-06-12,LQD,XGBOOST_H3_WITH_SENT,0.057496806325126305,0.08670500665903091
2025-06-13,LQD,XGBOOST_H3_WITH_SENT,0.054734385786254974,0.0909612625837326
2025-06-16,LQD,XGBOOST_H3_WITH_SENT,0.05449080946903274,0.08162745833396912
2025-06-17,LQD,XGBOOST_H3_WITH_SENT,0.05382454486478515,0.0856071412563324
2025-06-18,LQD,XGBOOST_H3_WITH_SENT,0.05410441257117231,0.08706081658601761
2025-06-20,LQD,XGBOOST_H3_WITH_SENT,0.05556051001174026,0.0805295780301094
2025-06-23,LQD,XGBOOST_H3_WITH_SENT,0.05551034799403179,0.08009529858827591
2025-06-24,LQD,XGBOOST_H3_WITH_SENT,0.05356181547584173,0.07741406559944153
2025-06-25,LQD,XGBOOST_H3_WITH_SENT,0.05366177418793569,0.07629349827766418
2025-06-26,LQD,XGBOOST_H3_WITH_SENT,0.053286135976638595,0.07746440917253494
2025-06-27,LQD,XGBOOST_H3_WITH_SENT,0.05346285741965554,0.07917509973049164
2025-06-30,LQD,XGBOOST_H3_WITH_SENT,0.0550729185191057,0.07848464697599411
2025-07-01,LQD,XGBOOST_H3_WITH_SENT,0.05657741770124314,0.08034734427928925
2025-07-02,LQD,XGBOOST_H3_WITH_SENT,0.05659391758618263,0.07922382652759552
2025-07-03,LQD,XGBOOST_H3_WITH_SENT,0.06408959480114212,0.08439045399427414
2025-07-07,LQD,XGBOOST_H3_WITH_SENT,0.05948864937642771,0.08576942980289459
2025-07-08,LQD,XGBOOST_H3_WITH_SENT,0.05785858629465152,0.0897163599729538
2025-07-09,LQD,XGBOOST_H3_WITH_SENT,0.05526863705839026,0.08821995556354523
2025-07-10,LQD,XGBOOST_H3_WITH_SENT,0.05558330413357765,0.07810340076684952
2025-07-11,LQD,XGBOOST_H3_WITH_SENT,0.05173202939790867,0.06787576526403427
2025-07-14,LQD,XGBOOST_H3_WITH_SENT,0.051626992980535046,0.07200656831264496
2025-07-15,LQD,XGBOOST_H3_WITH_SENT,0.04878965542753239,0.06640852242708206
2025-07-16,LQD,XGBOOST_H3_WITH_SENT,0.05095273721722647,0.06454548984766006
2025-07-17,LQD,XGBOOST_H3_WITH_SENT,0.053474189445591985,0.06478812545537949
2025-07-18,LQD,XGBOOST_H3_WITH_SENT,0.05398325922551812,0.06637604534626007
2025-07-21,LQD,XGBOOST_H3_WITH_SENT,0.05356614533074451,0.0646088644862175
2025-07-22,LQD,XGBOOST_H3_WITH_SENT,0.053273460041761825,0.06742452830076218
2025-07-23,LQD,XGBOOST_H3_WITH_SENT,0.05269515767272874,0.06930482387542725
2025-07-24,LQD,XGBOOST_H3_WITH_SENT,0.054585716473338056,0.07244687527418137
2025-07-25,LQD,XGBOOST_H3_WITH_SENT,0.05981673153652942,0.0687856376171112
2025-07-28,LQD,XGBOOST_H3_WITH_SENT,0.06023342872670327,0.0717659592628479
2025-07-29,LQD,XGBOOST_H3_WITH_SENT,0.05610553508759301,0.0727352648973465
2025-07-30,LQD,XGBOOST_H3_WITH_SENT,0.05389391554303748,0.07543817907571793
2025-07-31,LQD,XGBOOST_H3_WITH_SENT,0.05396890594211635,0.07334623485803604
2025-08-01,LQD,XGBOOST_H3_WITH_SENT,0.04671341165971466,0.05841246247291565
2025-08-04,LQD,XGBOOST_H3_WITH_SENT,0.04779747799744354,0.06049375236034393
2025-08-05,LQD,XGBOOST_H3_WITH_SENT,0.05246320391693759,0.06265223026275635
2025-08-06,LQD,XGBOOST_H3_WITH_SENT,0.057602216528211,0.064933642745018
2025-08-07,LQD,XGBOOST_H3_WITH_SENT,0.06115691791344229,0.06286510825157166
2025-08-08,LQD,XGBOOST_H3_WITH_SENT,0.059944229806240756,0.06516697257757187
2025-08-11,LQD,XGBOOST_H3_WITH_SENT,0.060815673475208346,0.0647374615073204
2025-08-12,LQD,XGBOOST_H3_WITH_SENT,0.061217670393320135,0.060939811170101166
2025-08-13,LQD,XGBOOST_H3_WITH_SENT,0.06068458607863491,0.06338457018136978
2025-08-14,LQD,XGBOOST_H3_WITH_SENT,0.059315691635979446,0.06172994151711464
2025-08-15,LQD,XGBOOST_H3_WITH_SENT,0.05899785010642194,0.06572617590427399
2025-08-18,LQD,XGBOOST_H3_WITH_SENT,0.058420896880740814,0.06519249826669693
2025-08-19,LQD,XGBOOST_H3_WITH_SENT,0.05949673912551127,0.06644535809755325
2025-08-20,LQD,XGBOOST_H3_WITH_SENT,0.06058993880661529,0.0663241446018219
2025-08-21,LQD,XGBOOST_H3_WITH_SENT,0.05821998926622898,0.06533581018447876
2025-08-22,LQD,XGBOOST_H3_WITH_SENT,0.05395930783001455,0.06611551344394684
2025-08-25,LQD,XGBOOST_H3_WITH_SENT,0.05257822688466709,0.07219785451889038
2025-08-26,LQD,XGBOOST_H3_WITH_SENT,0.05552717990284074,0.06633257865905762
2025-08-27,LQD,XGBOOST_H3_WITH_SENT,0.056252400992212535,0.07038962841033936
2025-08-28,LQD,XGBOOST_H3_WITH_SENT,0.05621529063923734,0.06756391376256943
2025-08-29,LQD,XGBOOST_H3_WITH_SENT,0.05461207223794627,0.06891630589962006
2025-09-02,LQD,XGBOOST_H3_WITH_SENT,0.052738568055533765,0.06915111094713211
2025-09-03,LQD,XGBOOST_H3_WITH_SENT,0.050791827620295535,0.06976576894521713
2025-09-04,LQD,XGBOOST_H3_WITH_SENT,0.04602934177846301,0.06844104081392288
2025-09-05,LQD,XGBOOST_H3_WITH_SENT,0.041134471526819885,0.059848710894584656
2025-09-08,LQD,XGBOOST_H3_WITH_SENT,0.041242942653666806,0.057305723428726196
2025-09-09,LQD,XGBOOST_H3_WITH_SENT,0.041169453047922445,0.056552812457084656
2025-09-10,LQD,XGBOOST_H3_WITH_SENT,0.040129775030904036,0.06130034849047661
2025-09-11,LQD,XGBOOST_H3_WITH_SENT,0.03667805201246054,0.061506640166044235
2025-09-12,LQD,XGBOOST_H3_WITH_SENT,0.037864495827471145,0.061943527311086655
2025-09-15,LQD,XGBOOST_H3_WITH_SENT,0.038201761745917794,0.06252587586641312
2025-09-16,LQD,XGBOOST_H3_WITH_SENT,0.039914072009936304,0.06212190166115761
2025-09-17,LQD,XGBOOST_H3_WITH_SENT,0.03928857717917326,0.05556797981262207
2025-09-18,LQD,XGBOOST_H3_WITH_SENT,0.039412749659293436,0.055698975920677185
2025-09-19,LQD,XGBOOST_H3_WITH_SENT,0.04010501401132461,0.05566160008311272
2025-09-22,LQD,XGBOOST_H3_WITH_SENT,0.03988408686870602,0.06635383516550064
2025-09-23,LQD,XGBOOST_H3_WITH_SENT,0.03960384321241327,0.06295455247163773
2025-09-24,LQD,XGBOOST_H3_WITH_SENT,0.03568889669869201,0.0654454454779625
2025-09-25,LQD,XGBOOST_H3_WITH_SENT,0.035200617149769305,0.06713039427995682
2025-09-26,LQD,XGBOOST_H3_WITH_SENT,0.03528564876273057,0.0675286203622818
2025-09-29,LQD,XGBOOST_H3_WITH_SENT,0.034231647036416804,0.0654640942811966
2025-09-30,LQD,XGBOOST_H3_WITH_SENT,0.03370667581241462,0.06373008340597153
2025-10-01,LQD,XGBOOST_H3_WITH_SENT,0.03876009995326232,0.0626947432756424
2025-10-02,LQD,XGBOOST_H3_WITH_SENT,0.04335916436070618,0.061124809086322784
2025-10-03,LQD,XGBOOST_H3_WITH_SENT,0.045496036853222795,0.06542832404375076
2025-10-06,LQD,XGBOOST_H3_WITH_SENT,0.045047901270365946,0.06769251078367233
2025-10-07,LQD,XGBOOST_H3_WITH_SENT,0.044773364437498714,0.06829073280096054
2025-10-08,LQD,XGBOOST_H3_WITH_SENT,0.04575364953526004,0.06746508181095123
2025-10-09,LQD,XGBOOST_H3_WITH_SENT,0.049145920901423994,0.078451968729496
2025-10-10,LQD,XGBOOST_H3_WITH_SENT,0.048642065461531526,0.07842407375574112
2025-10-14,LQD,XGBOOST_H3_WITH_SENT,0.04764422994893581,0.08062094449996948
2025-10-15,LQD,XGBOOST_H3_WITH_SENT,0.04771374673680612,0.08096808940172195
2025-10-16,LQD,XGBOOST_H3_WITH_SENT,0.048986324778321544,0.08011622726917267
2025-10-17,LQD,XGBOOST_H3_WITH_SENT,0.04932635383129445,0.07859606295824051
2025-10-20,LQD,XGBOOST_H3_WITH_SENT,0.04763504475343292,0.07825415581464767
2025-10-21,LQD,XGBOOST_H3_WITH_SENT,0.04772115453485998,0.07795879989862442
2025-10-22,LQD,XGBOOST_H3_WITH_SENT,0.04738567820646153,0.07743879407644272
2025-10-23,LQD,XGBOOST_H3_WITH_SENT,0.047991938429165645,0.07853749394416809
2025-10-24,LQD,XGBOOST_H3_WITH_SENT,0.049624882951185764,0.0813860297203064
2025-10-27,LQD,XGBOOST_H3_WITH_SENT,0.0516439818995617,0.08266251534223557
2025-10-28,LQD,XGBOOST_H3_WITH_SENT,0.052925463567210514,0.127946138381958
2025-10-29,LQD,XGBOOST_H3_WITH_SENT,0.050610843903655826,0.0821780115365982
2025-10-30,LQD,XGBOOST_H3_WITH_SENT,0.04692936588275747,0.12731195986270905
2025-10-31,LQD,XGBOOST_H3_WITH_SENT,0.048753256054766554,0.07831426709890366
2025-11-03,LQD,XGBOOST_H3_WITH_SENT,0.04755526801066754,0.07408208400011063
2025-11-04,LQD,XGBOOST_H3_WITH_SENT,0.04790855045806305,0.0712478905916214
2025-11-05,LQD,XGBOOST_H3_WITH_SENT,0.04697099029478033,0.06751196831464767
2025-11-06,LQD,XGBOOST_H3_WITH_SENT,0.04365741997032658,0.07089821249246597
2025-11-07,LQD,XGBOOST_H3_WITH_SENT,0.04371815838525014,0.07096504420042038
2025-11-10,LQD,XGBOOST_H3_WITH_SENT,0.043972937431546615,0.06597321480512619
2025-11-12,LQD,XGBOOST_H3_WITH_SENT,0.04495273867411192,0.06138467788696289
2025-11-13,LQD,XGBOOST_H3_WITH_SENT,0.046720862331314304,0.06592842191457748
2025-11-14,LQD,XGBOOST_H3_WITH_SENT,0.04573795244689514,0.06963463127613068
2025-11-17,LQD,XGBOOST_H3_WITH_SENT,0.04630187347690394,0.07008509337902069
2025-11-18,LQD,XGBOOST_H3_WITH_SENT,0.04655122530699922,0.07242035865783691
2025-11-19,LQD,XGBOOST_H3_WITH_SENT,0.048250144023287214,0.0705740675330162
2025-11-20,LQD,XGBOOST_H3_WITH_SENT,0.04922188489728259,0.1171129122376442
2025-11-21,LQD,XGBOOST_H3_WITH_SENT,0.04763725990474194,0.10207358002662659
2025-11-24,LQD,XGBOOST_H3_WITH_SENT,0.04549787473722826,0.09938056021928787
2025-11-25,LQD,XGBOOST_H3_WITH_SENT,0.046601887263305865,0.1014077216386795
2025-11-26,LQD,XGBOOST_H3_WITH_SENT,0.04476171717927349,0.06656427681446075
2025-11-28,LQD,XGBOOST_H3_WITH_SENT,0.04476512053671402,0.10069101303815842
2025-12-01,LQD,XGBOOST_H3_WITH_SENT,0.04048270213557116,0.06397613883018494
2025-12-02,LQD,XGBOOST_H3_WITH_SENT,0.0432714716620289,0.09710757434368134
2025-12-03,LQD,XGBOOST_H3_WITH_SENT,0.04234434839617297,0.11106410622596741
2025-12-04,LQD,XGBOOST_H3_WITH_SENT,0.04327114307025703,0.13169622421264648
2025-12-05,LQD,XGBOOST_H3_WITH_SENT,0.04312133091261009,0.13977119326591492
2025-12-08,LQD,XGBOOST_H3_WITH_SENT,0.04245514453082366,0.13465970754623413
2025-12-09,LQD,XGBOOST_H3_WITH_SENT,0.04348293754402598,0.13974635303020477
2025-12-10,LQD,XGBOOST_H3_WITH_SENT,0.042249426415848126,0.13516199588775635
2025-12-11,LQD,XGBOOST_H3_WITH_SENT,0.04213615578163063,0.1314997375011444
2025-12-12,LQD,XGBOOST_H3_WITH_SENT,0.035984549031494346,0.13772015273571014
2025-12-15,LQD,XGBOOST_H3_WITH_SENT,0.03665238186781776,0.1372179239988327
2025-12-16,LQD,XGBOOST_H3_WITH_SENT,0.03657274057877749,0.13574756681919098
2025-12-17,LQD,XGBOOST_H3_WITH_SENT,0.03804346738024268,0.1734299510717392
2025-12-18,LQD,XGBOOST_H3_WITH_SENT,0.04182925712018325,0.16952267289161682
2025-12-19,LQD,XGBOOST_H3_WITH_SENT,0.04627703268931525,0.1215316504240036
2025-12-22,LQD,XGBOOST_H3_WITH_SENT,0.04663980078565987,0.12091345340013504
2025-12-23,LQD,XGBOOST_H3_WITH_SENT,0.046584956345679183,0.07518510520458221
2025-12-24,LQD,XGBOOST_H3_WITH_SENT,0.04465921906969126,0.07175324112176895
2025-12-26,LQD,XGBOOST_H3_WITH_SENT,0.0448614354371224,0.07219506055116653
2025-12-29,LQD,XGBOOST_H3_WITH_SENT,0.04490429598393288,0.10269007831811905
2025-12-30,LQD,XGBOOST_H3_WITH_SENT,0.04472276228802037,0.12843871116638184
2025-12-31,LQD,XGBOOST_H3_WITH_SENT,0.04201345834137648,0.1679106056690216
2024-10-16,HYG,XGBOOST_H3_WITH_SENT,0.039714233314977324,0.045997504144907
2024-10-17,HYG,XGBOOST_H3_WITH_SENT,0.040107452069598065,0.04630599915981293
2024-10-18,HYG,XGBOOST_H3_WITH_SENT,0.039120515350343506,0.04624197632074356
2024-10-21,HYG,XGBOOST_H3_WITH_SENT,0.036844837578013,0.04656464233994484
2024-10-22,HYG,XGBOOST_H3_WITH_SENT,0.03663923490783488,0.04793526604771614
2024-10-23,HYG,XGBOOST_H3_WITH_SENT,0.03452629952623256,0.04666780307888985
2024-10-24,HYG,XGBOOST_H3_WITH_SENT,0.03330982114550965,0.04688902944326401
2024-10-25,HYG,XGBOOST_H3_WITH_SENT,0.03300897398287407,0.046043671667575836
2024-10-28,HYG,XGBOOST_H3_WITH_SENT,0.03434955213865848,0.04609433189034462
2024-10-29,HYG,XGBOOST_H3_WITH_SENT,0.035329353598467485,0.047240227460861206
2024-10-30,HYG,XGBOOST_H3_WITH_SENT,0.03562504570538698,0.0473698191344738
2024-10-31,HYG,XGBOOST_H3_WITH_SENT,0.03364289716884145,0.04564913734793663
2024-11-01,HYG,XGBOOST_H3_WITH_SENT,0.03380350635394333,0.047598350793123245
2024-11-04,HYG,XGBOOST_H3_WITH_SENT,0.03306160544749274,0.04376932978630066
2024-11-05,HYG,XGBOOST_H3_WITH_SENT,0.03274963845097229,0.044239070266485214
2024-11-06,HYG,XGBOOST_H3_WITH_SENT,0.03288233021130555,0.04728194326162338
2024-11-07,HYG,XGBOOST_H3_WITH_SENT,0.03007456452475393,0.045845191925764084
2024-11-08,HYG,XGBOOST_H3_WITH_SENT,0.03021290728106897,0.04561994969844818
2024-11-12,HYG,XGBOOST_H3_WITH_SENT,0.025039261419655876,0.045998625457286835
2024-11-13,HYG,XGBOOST_H3_WITH_SENT,0.027616659650462134,0.04847060889005661
2024-11-14,HYG,XGBOOST_H3_WITH_SENT,0.028629557599596386,0.049084991216659546
2024-11-15,HYG,XGBOOST_H3_WITH_SENT,0.029089085679777884,0.04820378124713898
2024-11-18,HYG,XGBOOST_H3_WITH_SENT,0.02991693991334441,0.047596726566553116
2024-11-19,HYG,XGBOOST_H3_WITH_SENT,0.04751544275357105,0.04760461300611496
2024-11-20,HYG,XGBOOST_H3_WITH_SENT,0.04757132096738917,0.04947894066572189
2024-11-21,HYG,XGBOOST_H3_WITH_SENT,0.053096348208624265,0.05188119783997536
2024-11-22,HYG,XGBOOST_H3_WITH_SENT,0.05387737130339989,0.05302499234676361
2024-11-25,HYG,XGBOOST_H3_WITH_SENT,0.053342560159913274,0.05111578851938248
2024-11-26,HYG,XGBOOST_H3_WITH_SENT,0.05386035232015404,0.0517299585044384
2024-11-27,HYG,XGBOOST_H3_WITH_SENT,0.05388719576507703,0.05099859833717346
2024-11-29,HYG,XGBOOST_H3_WITH_SENT,0.053579713970654384,0.04949219897389412
2024-12-02,HYG,XGBOOST_H3_WITH_SENT,0.05358756821539619,0.040985021740198135
2024-12-03,HYG,XGBOOST_H3_WITH_SENT,0.054487220165024886,0.0406256765127182
2024-12-04,HYG,XGBOOST_H3_WITH_SENT,0.054018357828941384,0.03932967409491539
2024-12-05,HYG,XGBOOST_H3_WITH_SENT,0.05445674760258253,0.03831349313259125
2024-12-06,HYG,XGBOOST_H3_WITH_SENT,0.05510668866626719,0.04020659253001213
2024-12-09,HYG,XGBOOST_H3_WITH_SENT,0.05532112668916067,0.03861629217863083
2024-12-10,HYG,XGBOOST_H3_WITH_SENT,0.05789836655407896,0.04151641204953194
2024-12-11,HYG,XGBOOST_H3_WITH_SENT,0.05783127369381201,0.04204711690545082
2024-12-12,HYG,XGBOOST_H3_WITH_SENT,0.05760011956913335,0.046929504722356796
2024-12-13,HYG,XGBOOST_H3_WITH_SENT,0.06520129879843431,0.05024965852499008
2024-12-16,HYG,XGBOOST_H3_WITH_SENT,0.06499587419036168,0.050655465573072433
2024-12-17,HYG,XGBOOST_H3_WITH_SENT,0.06446638671925799,0.05067089572548866
2024-12-18,HYG,XGBOOST_H3_WITH_SENT,0.05118668426035504,0.05397472158074379
2024-12-19,HYG,XGBOOST_H3_WITH_SENT,0.05138499892737991,0.051542818546295166
2024-12-20,HYG,XGBOOST_H3_WITH_SENT,0.04742863650516063,0.05333270505070686
2024-12-23,HYG,XGBOOST_H3_WITH_SENT,0.04574842496029781,0.055314261466264725
2024-12-24,HYG,XGBOOST_H3_WITH_SENT,0.04492519995945476,0.05481443926692009
2024-12-26,HYG,XGBOOST_H3_WITH_SENT,0.04457602735991625,0.05546088144183159
2024-12-27,HYG,XGBOOST_H3_WITH_SENT,0.04225892841541734,0.055341485887765884
2024-12-30,HYG,XGBOOST_H3_WITH_SENT,0.04239160162968835,0.05636810138821602
2024-12-31,HYG,XGBOOST_H3_WITH_SENT,0.04342982509542388,0.0545978806912899
2025-01-02,HYG,XGBOOST_H3_WITH_SENT,0.04343875852084742,0.055357493460178375
2025-01-03,HYG,XGBOOST_H3_WITH_SENT,0.04432579953845277,0.05673004686832428
2025-01-06,HYG,XGBOOST_H3_WITH_SENT,0.04474095896552519,0.06570973247289658
2025-01-07,HYG,XGBOOST_H3_WITH_SENT,0.043089853644743166,0.06461242586374283
2025-01-08,HYG,XGBOOST_H3_WITH_SENT,0.045126358205829026,0.06512179225683212
2025-01-10,HYG,XGBOOST_H3_WITH_SENT,0.04003726984215903,0.06502439081668854
2025-01-13,HYG,XGBOOST_H3_WITH_SENT,0.040084433566322755,0.0665527880191803
2025-01-14,HYG,XGBOOST_H3_WITH_SENT,0.04140584981813746,0.06726667284965515
2025-01-15,HYG,XGBOOST_H3_WITH_SENT,0.03219593683379383,0.05743497982621193
2025-01-16,HYG,XGBOOST_H3_WITH_SENT,0.03219444109306338,0.05508199334144592
2025-01-17,HYG,XGBOOST_H3_WITH_SENT,0.03249267478778255,0.053406573832035065
2025-01-21,HYG,XGBOOST_H3_WITH_SENT,0.031418090444868395,0.046317532658576965
2025-01-22,HYG,XGBOOST_H3_WITH_SENT,0.030815251833816816,0.04686553403735161
2025-01-23,HYG,XGBOOST_H3_WITH_SENT,0.03162967402464075,0.045107048004865646
2025-01-24,HYG,XGBOOST_H3_WITH_SENT,0.03168066435345681,0.040935005992650986
2025-01-27,HYG,XGBOOST_H3_WITH_SENT,0.032661973759726445,0.03878152742981911
2025-01-28,HYG,XGBOOST_H3_WITH_SENT,0.03276256990274139,0.038211237639188766
2025-01-29,HYG,XGBOOST_H3_WITH_SENT,0.03357200084299718,0.03840313479304314
2025-01-30,HYG,XGBOOST_H3_WITH_SENT,0.03423657550804442,0.03865642100572586
2025-01-31,HYG,XGBOOST_H3_WITH_SENT,0.034310068911138164,0.038813527673482895
2025-02-03,HYG,XGBOOST_H3_WITH_SENT,0.033823874470804635,0.04025639221072197
2025-02-04,HYG,XGBOOST_H3_WITH_SENT,0.03227665584770261,0.03941250964999199
2025-02-05,HYG,XGBOOST_H3_WITH_SENT,0.03409983954483536,0.03740716725587845
2025-02-06,HYG,XGBOOST_H3_WITH_SENT,0.03410542328823154,0.03767024353146553
2025-02-07,HYG,XGBOOST_H3_WITH_SENT,0.03498396297373908,0.0413181334733963
2025-02-10,HYG,XGBOOST_H3_WITH_SENT,0.036496391556114,0.04153716191649437
2025-02-11,HYG,XGBOOST_H3_WITH_SENT,0.03677857734427489,0.050023749470710754
2025-02-12,HYG,XGBOOST_H3_WITH_SENT,0.04110375605463594,0.04723941907286644
2025-02-13,HYG,XGBOOST_H3_WITH_SENT,0.04117454825903845,0.05003199353814125
2025-02-14,HYG,XGBOOST_H3_WITH_SENT,0.041988773174310094,0.044251080602407455
2025-02-18,HYG,XGBOOST_H3_WITH_SENT,0.04229883681803275,0.04517827555537224
2025-02-19,HYG,XGBOOST_H3_WITH_SENT,0.048672399204304106,0.04233035445213318
2025-02-20,HYG,XGBOOST_H3_WITH_SENT,0.04887743119653692,0.03866461664438248
2025-02-21,HYG,XGBOOST_H3_WITH_SENT,0.048712302733699614,0.0419025644659996
2025-02-24,HYG,XGBOOST_H3_WITH_SENT,0.04963171546465942,0.042069900780916214
2025-02-25,HYG,XGBOOST_H3_WITH_SENT,0.04879650506934301,0.0461515411734581
2025-02-26,HYG,XGBOOST_H3_WITH_SENT,0.05037657556354419,0.04981571063399315
2025-02-27,HYG,XGBOOST_H3_WITH_SENT,0.050385689353882435,0.056183647364377975
2025-02-28,HYG,XGBOOST_H3_WITH_SENT,0.04920857090103455,0.05567493662238121
2025-03-03,HYG,XGBOOST_H3_WITH_SENT,0.0492532105871748,0.06038370355963707
2025-03-04,HYG,XGBOOST_H3_WITH_SENT,0.05021395622670697,0.06044839322566986
2025-03-05,HYG,XGBOOST_H3_WITH_SENT,0.05083510831443042,0.05955766886472702
2025-03-06,HYG,XGBOOST_H3_WITH_SENT,0.06605138998225629,0.060409754514694214
2025-03-07,HYG,XGBOOST_H3_WITH_SENT,0.08125908809658403,0.05980987101793289
2025-03-10,HYG,XGBOOST_H3_WITH_SENT,0.08483038262608567,0.067552350461483
2025-03-11,HYG,XGBOOST_H3_WITH_SENT,0.08521755055352777,0.06896619498729706
2025-03-12,HYG,XGBOOST_H3_WITH_SENT,0.1314834086433746,0.06692013889551163
2025-03-13,HYG,XGBOOST_H3_WITH_SENT,0.14227712964840336,0.06960511952638626
2025-03-14,HYG,XGBOOST_H3_WITH_SENT,0.1415596401678197,0.07517459988594055
2025-03-17,HYG,XGBOOST_H3_WITH_SENT,0.1426809530224986,0.0646267980337143
2025-03-18,HYG,XGBOOST_H3_WITH_SENT,0.14325060248264768,0.062296878546476364
2025-03-19,HYG,XGBOOST_H3_WITH_SENT,0.14064325914755446,0.06492951512336731
2025-03-20,HYG,XGBOOST_H3_WITH_SENT,0.14275949649466965,0.06614713370800018
2025-03-21,HYG,XGBOOST_H3_WITH_SENT,0.14392711841416542,0.06751727312803268
2025-03-24,HYG,XGBOOST_H3_WITH_SENT,0.1443159312050923,0.06158672645688057
2025-03-25,HYG,XGBOOST_H3_WITH_SENT,0.14585155799564106,0.06236547976732254
2025-03-26,HYG,XGBOOST_H3_WITH_SENT,0.14909143319527982,0.0659228190779686
2025-03-27,HYG,XGBOOST_H3_WITH_SENT,0.14895009648900348,0.06508053094148636
2025-03-28,HYG,XGBOOST_H3_WITH_SENT,0.14878216825102852,0.06573367118835449
2025-03-31,HYG,XGBOOST_H3_WITH_SENT,0.149000694707873,0.06578311324119568
2025-04-01,HYG,XGBOOST_H3_WITH_SENT,0.15011309812380952,0.0651649534702301
2025-04-02,HYG,XGBOOST_H3_WITH_SENT,0.1499994968795027,0.06595977395772934
2025-04-03,HYG,XGBOOST_H3_WITH_SENT,0.14292591101377303,0.06891907006502151
2025-04-04,HYG,XGBOOST_H3_WITH_SENT,0.131577846451317,0.18616609275341034
2025-04-07,HYG,XGBOOST_H3_WITH_SENT,0.12649763139518666,0.20243671536445618
2025-04-08,HYG,XGBOOST_H3_WITH_SENT,0.12430224692997596,0.1493152379989624
2025-04-09,HYG,XGBOOST_H3_WITH_SENT,0.08459399067949776,0.18768472969532013
2025-04-10,HYG,XGBOOST_H3_WITH_SENT,0.055208611690083696,0.3114832043647766
2025-04-11,HYG,XGBOOST_H3_WITH_SENT,0.06249200936651421,0.2818385660648346
2025-04-14,HYG,XGBOOST_H3_WITH_SENT,0.061461947715164014,0.3029427230358124
2025-04-15,HYG,XGBOOST_H3_WITH_SENT,0.06424043868663047,0.3126213848590851
2025-04-16,HYG,XGBOOST_H3_WITH_SENT,0.06398662508410427,0.3242315351963043
2025-04-17,HYG,XGBOOST_H3_WITH_SENT,0.06197446453077087,0.32017284631729126
2025-04-21,HYG,XGBOOST_H3_WITH_SENT,0.056301975300057615,0.1684703677892685
2025-04-22,HYG,XGBOOST_H3_WITH_SENT,0.05607781244487959,0.16574735939502716
2025-04-23,HYG,XGBOOST_H3_WITH_SENT,0.061141661179134804,0.166097030043602
2025-04-24,HYG,XGBOOST_H3_WITH_SENT,0.05332910696269927,0.13869376480579376
2025-04-25,HYG,XGBOOST_H3_WITH_SENT,0.05335199987385981,0.13865934312343597
2025-04-28,HYG,XGBOOST_H3_WITH_SENT,0.057055958075026815,0.13846075534820557
2025-04-29,HYG,XGBOOST_H3_WITH_SENT,0.056710370547605415,0.13591942191123962
2025-04-30,HYG,XGBOOST_H3_WITH_SENT,0.05244967367746258,0.1382690817117691
2025-05-01,HYG,XGBOOST_H3_WITH_SENT,0.05242154674374884,0.13771486282348633
2025-05-02,HYG,XGBOOST_H3_WITH_SENT,0.051829859039359286,0.13334061205387115
2025-05-05,HYG,XGBOOST_H3_WITH_SENT,0.051862270659289646,0.1348484307527542
2025-05-06,HYG,XGBOOST_H3_WITH_SENT,0.051685228543490176,0.140164315700531
2025-05-07,HYG,XGBOOST_H3_WITH_SENT,0.052792583504707204,0.1366676390171051
2025-05-08,HYG,XGBOOST_H3_WITH_SENT,0.052762514729536844,0.13745281100273132
2025-05-09,HYG,XGBOOST_H3_WITH_SENT,0.05276817107290914,0.10909079760313034
2025-05-12,HYG,XGBOOST_H3_WITH_SENT,0.04092330974958144,0.10698217898607254
2025-05-13,HYG,XGBOOST_H3_WITH_SENT,0.040632706048855875,0.09864798933267593
2025-05-14,HYG,XGBOOST_H3_WITH_SENT,0.03797739870712589,0.09888158738613129
2025-05-15,HYG,XGBOOST_H3_WITH_SENT,0.03956056116420589,0.09721234440803528
2025-05-16,HYG,XGBOOST_H3_WITH_SENT,0.03994134671933157,0.09815207868814468
2025-05-19,HYG,XGBOOST_H3_WITH_SENT,0.04017084895261762,0.10050808638334274
2025-05-20,HYG,XGBOOST_H3_WITH_SENT,0.04029314041678856,0.10088753700256348
2025-05-21,HYG,XGBOOST_H3_WITH_SENT,0.0315878272868468,0.0939784049987793
2025-05-22,HYG,XGBOOST_H3_WITH_SENT,0.031518548570595356,0.09903896600008011
2025-05-23,HYG,XGBOOST_H3_WITH_SENT,0.03191864327715398,0.09737694263458252
2025-05-27,HYG,XGBOOST_H3_WITH_SENT,0.025959701273092422,0.09040148556232452
2025-05-28,HYG,XGBOOST_H3_WITH_SENT,0.026564174555111997,0.09508015960454941
2025-05-29,HYG,XGBOOST_H3_WITH_SENT,0.026869348288959358,0.08838915079832077
2025-05-30,HYG,XGBOOST_H3_WITH_SENT,0.029025478955035336,0.09393981844186783
2025-06-02,HYG,XGBOOST_H3_WITH_SENT,0.02980725550733543,0.08772026002407074
2025-06-03,HYG,XGBOOST_H3_WITH_SENT,0.02979668446325289,0.08866465091705322
2025-06-04,HYG,XGBOOST_H3_WITH_SENT,0.029552184245553826,0.08374951034784317
2025-06-05,HYG,XGBOOST_H3_WITH_SENT,0.03142373437949008,0.08286689966917038
2025-06-06,HYG,XGBOOST_H3_WITH_SENT,0.03217859645852367,0.08644924312829971
2025-06-09,HYG,XGBOOST_H3_WITH_SENT,0.033000497127365094,0.08538182079792023
2025-06-10,HYG,XGBOOST_H3_WITH_SENT,0.03299909956889582,0.06425612419843674
2025-06-11,HYG,XGBOOST_H3_WITH_SENT,0.03353037640072987,0.05957312509417534
2025-06-12,HYG,XGBOOST_H3_WITH_SENT,0.033471654042436336,0.061159033328294754
2025-06-13,HYG,XGBOOST_H3_WITH_SENT,0.033445469850475175,0.06451349705457687
2025-06-16,HYG,XGBOOST_H3_WITH_SENT,0.03387057187013728,0.05953439325094223
2025-06-17,HYG,XGBOOST_H3_WITH_SENT,0.033286204382508074,0.06171984598040581
2025-06-18,HYG,XGBOOST_H3_WITH_SENT,0.03324409576479722,0.06387226283550262
2025-06-20,HYG,XGBOOST_H3_WITH_SENT,0.03207783409545305,0.06384814530611038
2025-06-23,HYG,XGBOOST_H3_WITH_SENT,0.03200822149357715,0.05856459587812424
2025-06-24,HYG,XGBOOST_H3_WITH_SENT,0.030964756321092923,0.05683758482336998
2025-06-25,HYG,XGBOOST_H3_WITH_SENT,0.03146543138651241,0.05839557945728302
2025-06-26,HYG,XGBOOST_H3_WITH_SENT,0.03012842351249855,0.05579398572444916
2025-06-27,HYG,XGBOOST_H3_WITH_SENT,0.03012815530577536,0.05864777788519859
2025-06-30,HYG,XGBOOST_H3_WITH_SENT,0.027114877264311655,0.058400701731443405
2025-07-01,HYG,XGBOOST_H3_WITH_SENT,0.027860590027484523,0.055809833109378815
2025-07-02,HYG,XGBOOST_H3_WITH_SENT,0.027152753690888865,0.05553806200623512
2025-07-03,HYG,XGBOOST_H3_WITH_SENT,0.027065052672875803,0.0582866370677948
2025-07-07,HYG,XGBOOST_H3_WITH_SENT,0.026482558576025987,0.06338657438755035
2025-07-08,HYG,XGBOOST_H3_WITH_SENT,0.025904537076895513,0.07073095440864563
2025-07-09,HYG,XGBOOST_H3_WITH_SENT,0.02449927354706708,0.07084984332323074
2025-07-10,HYG,XGBOOST_H3_WITH_SENT,0.024498697595960767,0.0451081357896328
2025-07-11,HYG,XGBOOST_H3_WITH_SENT,0.02382160142169325,0.04557479918003082
2025-07-14,HYG,XGBOOST_H3_WITH_SENT,0.023812076037018105,0.047509998083114624
2025-07-15,HYG,XGBOOST_H3_WITH_SENT,0.02120512184819634,0.04403705149888992
2025-07-16,HYG,XGBOOST_H3_WITH_SENT,0.02118235466971212,0.044761501252651215
2025-07-17,HYG,XGBOOST_H3_WITH_SENT,0.023957173816511048,0.04507594555616379
2025-07-18,HYG,XGBOOST_H3_WITH_SENT,0.02372737404264631,0.045148640871047974
2025-07-21,HYG,XGBOOST_H3_WITH_SENT,0.023748501032125766,0.044842176139354706
2025-07-22,HYG,XGBOOST_H3_WITH_SENT,0.023164873952467708,0.045053742825984955
2025-07-23,HYG,XGBOOST_H3_WITH_SENT,0.02321154808435284,0.04567211866378784
2025-07-24,HYG,XGBOOST_H3_WITH_SENT,0.02380292055505541,0.046288907527923584
2025-07-25,HYG,XGBOOST_H3_WITH_SENT,0.036994388961719075,0.04558700695633888
2025-07-28,HYG,XGBOOST_H3_WITH_SENT,0.03787602731901543,0.04598572850227356
2025-07-29,HYG,XGBOOST_H3_WITH_SENT,0.03842565481650885,0.045227985829114914
2025-07-30,HYG,XGBOOST_H3_WITH_SENT,0.03724647750620555,0.044064752757549286
2025-07-31,HYG,XGBOOST_H3_WITH_SENT,0.03725047986195771,0.04336071014404297
2025-08-01,HYG,XGBOOST_H3_WITH_SENT,0.03825102910545971,0.04481270909309387
2025-08-04,HYG,XGBOOST_H3_WITH_SENT,0.0371413059917462,0.04425356164574623
2025-08-05,HYG,XGBOOST_H3_WITH_SENT,0.037953913834498657,0.0437825471162796
2025-08-06,HYG,XGBOOST_H3_WITH_SENT,0.03875009299905739,0.045726414769887924
2025-08-07,HYG,XGBOOST_H3_WITH_SENT,0.03830796170777456,0.04365602880716324
2025-08-08,HYG,XGBOOST_H3_WITH_SENT,0.03833308746763721,0.044732335954904556
2025-08-11,HYG,XGBOOST_H3_WITH_SENT,0.03878124411209721,0.042774297297000885
2025-08-12,HYG,XGBOOST_H3_WITH_SENT,0.038294230833446796,0.04114473611116409
2025-08-13,HYG,XGBOOST_H3_WITH_SENT,0.03819726183088249,0.04038526862859726
2025-08-14,HYG,XGBOOST_H3_WITH_SENT,0.03685563942731492,0.04136189818382263
2025-08-15,HYG,XGBOOST_H3_WITH_SENT,0.03771471522582923,0.04443483427166939
2025-08-18,HYG,XGBOOST_H3_WITH_SENT,0.03771136620366753,0.04442510008811951
2025-08-19,HYG,XGBOOST_H3_WITH_SENT,0.03804420199630254,0.04418889805674553
2025-08-20,HYG,XGBOOST_H3_WITH_SENT,0.03822929303759611,0.044248081743717194
2025-08-21,HYG,XGBOOST_H3_WITH_SENT,0.03697612818282039,0.04441116377711296
2025-08-22,HYG,XGBOOST_H3_WITH_SENT,0.025465441789530415,0.0419817790389061
2025-08-25,HYG,XGBOOST_H3_WITH_SENT,0.024192252619319315,0.043459780514240265
2025-08-26,HYG,XGBOOST_H3_WITH_SENT,0.024315435241390397,0.04320467635989189
2025-08-27,HYG,XGBOOST_H3_WITH_SENT,0.026667671557291606,0.045224253088235855
2025-08-28,HYG,XGBOOST_H3_WITH_SENT,0.027388197156502432,0.04360544681549072
2025-08-29,HYG,XGBOOST_H3_WITH_SENT,0.026625350815438976,0.044623538851737976
2025-09-02,HYG,XGBOOST_H3_WITH_SENT,0.02619497706626016,0.044337932020425797
2025-09-03,HYG,XGBOOST_H3_WITH_SENT,0.025381066001980524,0.043676577508449554
2025-09-04,HYG,XGBOOST_H3_WITH_SENT,0.024046723958818617,0.042750924825668335
2025-09-05,HYG,XGBOOST_H3_WITH_SENT,0.02454314852515938,0.03827955946326256
2025-09-08,HYG,XGBOOST_H3_WITH_SENT,0.024529893863663107,0.03927426040172577
2025-09-09,HYG,XGBOOST_H3_WITH_SENT,0.024529973045864805,0.03920351341366768
2025-09-10,HYG,XGBOOST_H3_WITH_SENT,0.025178684903059356,0.038410864770412445
2025-09-11,HYG,XGBOOST_H3_WITH_SENT,0.025669894820398186,0.036371566355228424
2025-09-12,HYG,XGBOOST_H3_WITH_SENT,0.03266064711904911,0.038121145218610764
2025-09-15,HYG,XGBOOST_H3_WITH_SENT,0.03877102276327044,0.03773905336856842
2025-09-16,HYG,XGBOOST_H3_WITH_SENT,0.03900263335479785,0.04022315517067909
2025-09-17,HYG,XGBOOST_H3_WITH_SENT,0.04060549175154311,0.03898909315466881
2025-09-18,HYG,XGBOOST_H3_WITH_SENT,0.04177353243055314,0.04020853340625763
2025-09-19,HYG,XGBOOST_H3_WITH_SENT,0.042922658794268015,0.041580818593502045
2025-09-22,HYG,XGBOOST_H3_WITH_SENT,0.043466586329983646,0.04966093599796295
2025-09-23,HYG,XGBOOST_H3_WITH_SENT,0.043706611706319884,0.047890618443489075
2025-09-24,HYG,XGBOOST_H3_WITH_SENT,0.043584228724430636,0.04784344881772995
2025-09-25,HYG,XGBOOST_H3_WITH_SENT,0.04300003112426859,0.04869295284152031
2025-09-26,HYG,XGBOOST_H3_WITH_SENT,0.04348454196692297,0.0487021841108799
2025-09-29,HYG,XGBOOST_H3_WITH_SENT,0.043897204145235555,0.047761522233486176
2025-09-30,HYG,XGBOOST_H3_WITH_SENT,0.04407054853797283,0.0477849580347538
2025-10-01,HYG,XGBOOST_H3_WITH_SENT,0.04513918421602749,0.04652709513902664
2025-10-02,HYG,XGBOOST_H3_WITH_SENT,0.04560310944536127,0.048141494393348694
2025-10-03,HYG,XGBOOST_H3_WITH_SENT,0.04543981450845392,0.044453199952840805
2025-10-06,HYG,XGBOOST_H3_WITH_SENT,0.04672187435787505,0.04534606635570526
2025-10-07,HYG,XGBOOST_H3_WITH_SENT,0.046604795071617446,0.04581053927540779
2025-10-08,HYG,XGBOOST_H3_WITH_SENT,0.04648041583057865,0.04745157063007355
2025-10-09,HYG,XGBOOST_H3_WITH_SENT,0.045252275104348816,0.051033660769462585
2025-10-10,HYG,XGBOOST_H3_WITH_SENT,0.03929919823332293,0.049201495945453644
2025-10-14,HYG,XGBOOST_H3_WITH_SENT,0.03478839771264889,0.0487077422440052
2025-10-15,HYG,XGBOOST_H3_WITH_SENT,0.033981160398807546,0.0495859757065773
2025-10-16,HYG,XGBOOST_H3_WITH_SENT,0.03475496438083101,0.05106942355632782
2025-10-17,HYG,XGBOOST_H3_WITH_SENT,0.0334498869108101,0.05092350393533707
2025-10-20,HYG,XGBOOST_H3_WITH_SENT,0.032981761452115205,0.05021488666534424
2025-10-21,HYG,XGBOOST_H3_WITH_SENT,0.0326844576065501,0.05274298042058945
2025-10-22,HYG,XGBOOST_H3_WITH_SENT,0.032603554969298204,0.05391569808125496
2025-10-23,HYG,XGBOOST_H3_WITH_SENT,0.03148335060503829,0.05464157462120056
2025-10-24,HYG,XGBOOST_H3_WITH_SENT,0.03235644550255338,0.05326928198337555
2025-10-27,HYG,XGBOOST_H3_WITH_SENT,0.032662378825078664,0.05081438645720482
2025-10-28,HYG,XGBOOST_H3_WITH_SENT,0.03493808540338599,0.07951679080724716
2025-10-29,HYG,XGBOOST_H3_WITH_SENT,0.033031055940907224,0.05366836115717888
2025-10-30,HYG,XGBOOST_H3_WITH_SENT,0.0320805074209843,0.0767294391989708
2025-10-31,HYG,XGBOOST_H3_WITH_SENT,0.03298109569558911,0.05012622848153114
2025-11-03,HYG,XGBOOST_H3_WITH_SENT,0.030845691410875075,0.04962512478232384
2025-11-04,HYG,XGBOOST_H3_WITH_SENT,0.030828807732205192,0.048616182059049606
2025-11-05,HYG,XGBOOST_H3_WITH_SENT,0.03079496842800666,0.046952005475759506
2025-11-06,HYG,XGBOOST_H3_WITH_SENT,0.03085268419130399,0.04687829315662384
2025-11-07,HYG,XGBOOST_H3_WITH_SENT,0.0326130029026019,0.046528592705726624
2025-11-10,HYG,XGBOOST_H3_WITH_SENT,0.03100556155313397,0.04393290728330612
2025-11-12,HYG,XGBOOST_H3_WITH_SENT,0.03185514048424278,0.04307860508561134
2025-11-13,HYG,XGBOOST_H3_WITH_SENT,0.028509690087494977,0.04194004833698273
2025-11-14,HYG,XGBOOST_H3_WITH_SENT,0.028498719795894117,0.04292820394039154
2025-11-17,HYG,XGBOOST_H3_WITH_SENT,0.02740130289117856,0.0436302088201046
2025-11-18,HYG,XGBOOST_H3_WITH_SENT,0.02814494481179783,0.04740327596664429
2025-11-19,HYG,XGBOOST_H3_WITH_SENT,0.02922190879131977,0.04318622499704361
2025-11-20,HYG,XGBOOST_H3_WITH_SENT,0.029147352143458607,0.06153770536184311
2025-11-21,HYG,XGBOOST_H3_WITH_SENT,0.027331687011508378,0.055763836950063705
2025-11-24,HYG,XGBOOST_H3_WITH_SENT,0.026063975213738256,0.05611281096935272
2025-11-25,HYG,XGBOOST_H3_WITH_SENT,0.024111563358111526,0.05488748103380203
2025-11-26,HYG,XGBOOST_H3_WITH_SENT,0.024146366627829922,0.04087786003947258
2025-11-28,HYG,XGBOOST_H3_WITH_SENT,0.024134010905789822,0.05637747794389725
2025-12-01,HYG,XGBOOST_H3_WITH_SENT,0.02300309954601387,0.04087100178003311
2025-12-02,HYG,XGBOOST_H3_WITH_SENT,0.022802447784554623,0.05596832558512688
2025-12-03,HYG,XGBOOST_H3_WITH_SENT,0.022705175853518184,0.08646145462989807
2025-12-04,HYG,XGBOOST_H3_WITH_SENT,0.02417704959244345,0.084745854139328
2025-12-05,HYG,XGBOOST_H3_WITH_SENT,0.02414999100320802,0.08843327313661575
2025-12-08,HYG,XGBOOST_H3_WITH_SENT,0.0219014309836935,0.09274645149707794
2025-12-09,HYG,XGBOOST_H3_WITH_SENT,0.021127009763763478,0.09302949160337448
2025-12-10,HYG,XGBOOST_H3_WITH_SENT,0.018363089778586885,0.09513221681118011
2025-12-11,HYG,XGBOOST_H3_WITH_SENT,0.018258444581769187,0.0894528403878212
2025-12-12,HYG,XGBOOST_H3_WITH_SENT,0.016240890438725383,0.08896225690841675
2025-12-15,HYG,XGBOOST_H3_WITH_SENT,0.01634860934232036,0.08995150029659271
2025-12-16,HYG,XGBOOST_H3_WITH_SENT,0.01643732884018915,0.08690358698368073
2025-12-17,HYG,XGBOOST_H3_WITH_SENT,0.015142808158188319,0.09433750808238983
2025-12-18,HYG,XGBOOST_H3_WITH_SENT,0.016754203665407415,0.0935869812965393
2025-12-19,HYG,XGBOOST_H3_WITH_SENT,0.01894355978508707,0.08334238827228546
2025-12-22,HYG,XGBOOST_H3_WITH_SENT,0.01891249019291395,0.08355962485074997
2025-12-23,HYG,XGBOOST_H3_WITH_SENT,0.01917709919356682,0.08836224675178528
2025-12-24,HYG,XGBOOST_H3_WITH_SENT,0.018394681832566737,0.07613621652126312
2025-12-26,HYG,XGBOOST_H3_WITH_SENT,0.01821834104268087,0.08839993178844452
2025-12-29,HYG,XGBOOST_H3_WITH_SENT,0.019494019971619217,0.09314034879207611
2025-12-30,HYG,XGBOOST_H3_WITH_SENT,0.019335225594065326,0.09521035850048065
2025-12-31,HYG,XGBOOST_H3_WITH_SENT,0.019057538822815877,0.11205972731113434
2024-10-16,GLD,XGBOOST_H3_WITH_SENT,0.19289012897194988,0.15568451583385468
2024-10-17,GLD,XGBOOST_H3_WITH_SENT,0.19059992568351491,0.15232741832733154
2024-10-18,GLD,XGBOOST_H3_WITH_SENT,0.18440822199082588,0.15596303343772888
2024-10-21,GLD,XGBOOST_H3_WITH_SENT,0.19998555554015476,0.15317630767822266
2024-10-22,GLD,XGBOOST_H3_WITH_SENT,0.19854848972230793,0.1561749130487442
2024-10-23,GLD,XGBOOST_H3_WITH_SENT,0.19670452239165134,0.15397858619689941
2024-10-24,GLD,XGBOOST_H3_WITH_SENT,0.19710309859728528,0.15490956604480743
2024-10-25,GLD,XGBOOST_H3_WITH_SENT,0.20308624247906754,0.14987319707870483
2024-10-28,GLD,XGBOOST_H3_WITH_SENT,0.2279446450897847,0.15555940568447113
2024-10-29,GLD,XGBOOST_H3_WITH_SENT,0.22334269369226287,0.15765967965126038
2024-10-30,GLD,XGBOOST_H3_WITH_SENT,0.22206281480851184,0.15547217428684235
2024-10-31,GLD,XGBOOST_H3_WITH_SENT,0.22014286081254925,0.1533862203359604
2024-11-01,GLD,XGBOOST_H3_WITH_SENT,0.22147812455886018,0.1436593234539032
2024-11-04,GLD,XGBOOST_H3_WITH_SENT,0.22160173482849116,0.1452515870332718
2024-11-05,GLD,XGBOOST_H3_WITH_SENT,0.22180690496853933,0.14403624832630157
2024-11-06,GLD,XGBOOST_H3_WITH_SENT,0.19500165009878717,0.13153976202011108
2024-11-07,GLD,XGBOOST_H3_WITH_SENT,0.18507487403485073,0.12797880172729492
2024-11-08,GLD,XGBOOST_H3_WITH_SENT,0.1880164025983524,0.12850633263587952
2024-11-12,GLD,XGBOOST_H3_WITH_SENT,0.17058047537995186,0.12186981737613678
2024-11-13,GLD,XGBOOST_H3_WITH_SENT,0.1757543043426006,0.12088829278945923
2024-11-14,GLD,XGBOOST_H3_WITH_SENT,0.1822244340363367,0.11597175151109695
2024-11-15,GLD,XGBOOST_H3_WITH_SENT,0.1818285373920636,0.11820198595523834
2024-11-18,GLD,XGBOOST_H3_WITH_SENT,0.17100955593721173,0.1152406558394432
2024-11-19,GLD,XGBOOST_H3_WITH_SENT,0.18186907151199816,0.11694390326738358
2024-11-20,GLD,XGBOOST_H3_WITH_SENT,0.18050217212832897,0.12071792036294937
2024-11-21,GLD,XGBOOST_H3_WITH_SENT,0.1820700247655238,0.12020766735076904
2024-11-22,GLD,XGBOOST_H3_WITH_SENT,0.17501705492337033,0.12071491777896881
2024-11-25,GLD,XGBOOST_H3_WITH_SENT,0.14028972275142457,0.10948333889245987
2024-11-26,GLD,XGBOOST_H3_WITH_SENT,0.14228148210005945,0.10787671059370041
2024-11-27,GLD,XGBOOST_H3_WITH_SENT,0.1440830282003019,0.11096714437007904
2024-11-29,GLD,XGBOOST_H3_WITH_SENT,0.14032250214874797,0.11087079346179962
2024-12-02,GLD,XGBOOST_H3_WITH_SENT,0.13940549564198873,0.11981863528490067
2024-12-03,GLD,XGBOOST_H3_WITH_SENT,0.14761721320535973,0.11569160223007202
2024-12-04,GLD,XGBOOST_H3_WITH_SENT,0.15001657741866806,0.11867284774780273
2024-12-05,GLD,XGBOOST_H3_WITH_SENT,0.14767586792414056,0.11732322722673416
2024-12-06,GLD,XGBOOST_H3_WITH_SENT,0.14898720801763188,0.11361955851316452
2024-12-09,GLD,XGBOOST_H3_WITH_SENT,0.14595846640945714,0.1142333522439003
2024-12-10,GLD,XGBOOST_H3_WITH_SENT,0.14225586672395196,0.11559270322322845
2024-12-11,GLD,XGBOOST_H3_WITH_SENT,0.14169598796770771,0.12436018884181976
2024-12-12,GLD,XGBOOST_H3_WITH_SENT,0.13356402940492068,0.11491551995277405
2024-12-13,GLD,XGBOOST_H3_WITH_SENT,0.12800664207946547,0.13429874181747437
2024-12-16,GLD,XGBOOST_H3_WITH_SENT,0.1296683306533404,0.1371353268623352
2024-12-17,GLD,XGBOOST_H3_WITH_SENT,0.13052588457086572,0.1368418186903
2024-12-18,GLD,XGBOOST_H3_WITH_SENT,0.11573968274743034,0.1343463957309723
2024-12-19,GLD,XGBOOST_H3_WITH_SENT,0.1158927960102723,0.13082671165466309
2024-12-20,GLD,XGBOOST_H3_WITH_SENT,0.1134724002957182,0.13114604353904724
2024-12-23,GLD,XGBOOST_H3_WITH_SENT,0.1109607030730083,0.13014772534370422
2024-12-24,GLD,XGBOOST_H3_WITH_SENT,0.12076863670835769,0.13081513345241547
2024-12-26,GLD,XGBOOST_H3_WITH_SENT,0.1218621209299904,0.1378367394208908
2024-12-27,GLD,XGBOOST_H3_WITH_SENT,0.11922140128251485,0.1381979137659073
2024-12-30,GLD,XGBOOST_H3_WITH_SENT,0.12492400721708863,0.1407267153263092
2024-12-31,GLD,XGBOOST_H3_WITH_SENT,0.12460592580976147,0.14313359558582306
2025-01-02,GLD,XGBOOST_H3_WITH_SENT,0.11897050473370015,0.14931997656822205
2025-01-03,GLD,XGBOOST_H3_WITH_SENT,0.11421217783107986,0.15230046212673187
2025-01-06,GLD,XGBOOST_H3_WITH_SENT,0.11294171489604149,0.15463849902153015
2025-01-07,GLD,XGBOOST_H3_WITH_SENT,0.11528857672914519,0.15391956269741058
2025-01-08,GLD,XGBOOST_H3_WITH_SENT,0.11532350378256492,0.16209428012371063
2025-01-10,GLD,XGBOOST_H3_WITH_SENT,0.12297088785269754,0.15427453815937042
2025-01-13,GLD,XGBOOST_H3_WITH_SENT,0.11527837393164173,0.1521831899881363
2025-01-14,GLD,XGBOOST_H3_WITH_SENT,0.11574773955624056,0.149809792637825
2025-01-15,GLD,XGBOOST_H3_WITH_SENT,0.11697276476252479,0.14665478467941284
2025-01-16,GLD,XGBOOST_H3_WITH_SENT,0.1345730676151819,0.1465834677219391
2025-01-17,GLD,XGBOOST_H3_WITH_SENT,0.13873500693400853,0.14288827776908875
2025-01-21,GLD,XGBOOST_H3_WITH_SENT,0.13264402795124816,0.14737385511398315
2025-01-22,GLD,XGBOOST_H3_WITH_SENT,0.13285034908160806,0.14951227605342865
2025-01-23,GLD,XGBOOST_H3_WITH_SENT,0.1326368781934663,0.15575049817562103
2025-01-24,GLD,XGBOOST_H3_WITH_SENT,0.13242886572298163,0.15658871829509735
2025-01-27,GLD,XGBOOST_H3_WITH_SENT,0.1365772990060189,0.15612946450710297
2025-01-28,GLD,XGBOOST_H3_WITH_SENT,0.1350168807810297,0.15412074327468872
2025-01-29,GLD,XGBOOST_H3_WITH_SENT,0.14791966954140645,0.15528558194637299
2025-01-30,GLD,XGBOOST_H3_WITH_SENT,0.14238987929623345,0.15559497475624084
2025-01-31,GLD,XGBOOST_H3_WITH_SENT,0.14872765037970048,0.15747329592704773
2025-02-03,GLD,XGBOOST_H3_WITH_SENT,0.15031151263035905,0.15721239149570465
2025-02-04,GLD,XGBOOST_H3_WITH_SENT,0.14727738512376956,0.15333005785942078
2025-02-05,GLD,XGBOOST_H3_WITH_SENT,0.14779264829050756,0.15445736050605774
2025-02-06,GLD,XGBOOST_H3_WITH_SENT,0.14724467432536464,0.16411422193050385
2025-02-07,GLD,XGBOOST_H3_WITH_SENT,0.15116929479031138,0.1682661771774292
2025-02-10,GLD,XGBOOST_H3_WITH_SENT,0.1447442084141096,0.1727067232131958
2025-02-11,GLD,XGBOOST_H3_WITH_SENT,0.14473884685240573,0.17296777665615082
2025-02-12,GLD,XGBOOST_H3_WITH_SENT,0.15691257249041377,0.17201697826385498
2025-02-13,GLD,XGBOOST_H3_WITH_SENT,0.15372240411003443,0.16933603584766388
2025-02-14,GLD,XGBOOST_H3_WITH_SENT,0.14239184029329666,0.16552579402923584
2025-02-18,GLD,XGBOOST_H3_WITH_SENT,0.13679798471246593,0.16271980106830597
2025-02-19,GLD,XGBOOST_H3_WITH_SENT,0.1369890419452313,0.16265030205249786
2025-02-20,GLD,XGBOOST_H3_WITH_SENT,0.1373708903771409,0.16531991958618164
2025-02-21,GLD,XGBOOST_H3_WITH_SENT,0.14151993226509627,0.16925863921642303
2025-02-24,GLD,XGBOOST_H3_WITH_SENT,0.14215541611754312,0.16938000917434692
2025-02-25,GLD,XGBOOST_H3_WITH_SENT,0.13224716180472013,0.1658513844013214
2025-02-26,GLD,XGBOOST_H3_WITH_SENT,0.13257513332804816,0.16763676702976227
2025-02-27,GLD,XGBOOST_H3_WITH_SENT,0.122371179834991,0.15596921741962433
2025-02-28,GLD,XGBOOST_H3_WITH_SENT,0.11798252708913577,0.15801005065441132
2025-03-03,GLD,XGBOOST_H3_WITH_SENT,0.11926725852580199,0.16413986682891846
2025-03-04,GLD,XGBOOST_H3_WITH_SENT,0.11956587123898336,0.16224190592765808
2025-03-05,GLD,XGBOOST_H3_WITH_SENT,0.11957001163182857,0.1747930943965912
2025-03-06,GLD,XGBOOST_H3_WITH_SENT,0.12051389317156534,0.16444870829582214
2025-03-07,GLD,XGBOOST_H3_WITH_SENT,0.1538371412969972,0.16183914244174957
2025-03-10,GLD,XGBOOST_H3_WITH_SENT,0.17174136438255072,0.17221052944660187
2025-03-11,GLD,XGBOOST_H3_WITH_SENT,0.16820272089743327,0.17629778385162354
2025-03-12,GLD,XGBOOST_H3_WITH_SENT,0.2095758562362875,0.1743324100971222
2025-03-13,GLD,XGBOOST_H3_WITH_SENT,0.2168838867782537,0.1717633455991745
2025-03-14,GLD,XGBOOST_H3_WITH_SENT,0.2237416972886681,0.16996772587299347
2025-03-17,GLD,XGBOOST_H3_WITH_SENT,0.22626195600906562,0.17002063989639282
2025-03-18,GLD,XGBOOST_H3_WITH_SENT,0.22431971486820104,0.17183014750480652
2025-03-19,GLD,XGBOOST_H3_WITH_SENT,0.2467684267843171,0.18558207154273987
2025-03-20,GLD,XGBOOST_H3_WITH_SENT,0.2479798866539732,0.1810627281665802
2025-03-21,GLD,XGBOOST_H3_WITH_SENT,0.25986535976376707,0.179202601313591
2025-03-24,GLD,XGBOOST_H3_WITH_SENT,0.26747759371258883,0.17085203528404236
2025-03-25,GLD,XGBOOST_H3_WITH_SENT,0.28798786096744056,0.1737065464258194
2025-03-26,GLD,XGBOOST_H3_WITH_SENT,0.28946327709864555,0.17699642479419708
2025-03-27,GLD,XGBOOST_H3_WITH_SENT,0.2930790144022197,0.17186404764652252
2025-03-28,GLD,XGBOOST_H3_WITH_SENT,0.29512456985799046,0.17624858021736145
2025-03-31,GLD,XGBOOST_H3_WITH_SENT,0.29661300513530214,0.1761416792869568
2025-04-01,GLD,XGBOOST_H3_WITH_SENT,0.2984922773321067,0.17440155148506165
2025-04-02,GLD,XGBOOST_H3_WITH_SENT,0.31017532003366555,0.1831434667110443
2025-04-03,GLD,XGBOOST_H3_WITH_SENT,0.30885846111792276,0.19536735117435455
2025-04-04,GLD,XGBOOST_H3_WITH_SENT,0.30788605390156604,0.21763357520103455
2025-04-07,GLD,XGBOOST_H3_WITH_SENT,0.3016393066407567,0.22297585010528564
2025-04-08,GLD,XGBOOST_H3_WITH_SENT,0.31178644722596666,0.20792575180530548
2025-04-09,GLD,XGBOOST_H3_WITH_SENT,0.30318539566839314,0.20957595109939575
2025-04-10,GLD,XGBOOST_H3_WITH_SENT,0.2935398141316163,0.21492360532283783
2025-04-11,GLD,XGBOOST_H3_WITH_SENT,0.30630245972402353,0.2254525125026703
2025-04-14,GLD,XGBOOST_H3_WITH_SENT,0.3058577599786174,0.22476784884929657
2025-04-15,GLD,XGBOOST_H3_WITH_SENT,0.3148009877059678,0.22506825625896454
2025-04-16,GLD,XGBOOST_H3_WITH_SENT,0.29718103215707237,0.22572281956672668
2025-04-17,GLD,XGBOOST_H3_WITH_SENT,0.2994222365988251,0.2268630713224411
2025-04-21,GLD,XGBOOST_H3_WITH_SENT,0.27996512328492923,0.17648865282535553
2025-04-22,GLD,XGBOOST_H3_WITH_SENT,0.28628653894811873,0.15930961072444916
2025-04-23,GLD,XGBOOST_H3_WITH_SENT,0.27427783250169396,0.15944482386112213
2025-04-24,GLD,XGBOOST_H3_WITH_SENT,0.27086556516903315,0.15298479795455933
2025-04-25,GLD,XGBOOST_H3_WITH_SENT,0.2793168164770922,0.1529594361782074
2025-04-28,GLD,XGBOOST_H3_WITH_SENT,0.28155119914549764,0.1535560041666031
2025-04-29,GLD,XGBOOST_H3_WITH_SENT,0.27960698531539996,0.15285895764827728
2025-04-30,GLD,XGBOOST_H3_WITH_SENT,0.27911771091495546,0.15257059037685394
2025-05-01,GLD,XGBOOST_H3_WITH_SENT,0.26904922445085505,0.14816172420978546
2025-05-02,GLD,XGBOOST_H3_WITH_SENT,0.2835731946809088,0.14569012820720673
2025-05-05,GLD,XGBOOST_H3_WITH_SENT,0.26699156877360675,0.1409568041563034
2025-05-06,GLD,XGBOOST_H3_WITH_SENT,0.24816692558446637,0.1519557535648346
2025-05-07,GLD,XGBOOST_H3_WITH_SENT,0.24295659164292766,0.1486748456954956
2025-05-08,GLD,XGBOOST_H3_WITH_SENT,0.2370903894393577,0.1433405876159668
2025-05-09,GLD,XGBOOST_H3_WITH_SENT,0.2362510680166406,0.1461418867111206
2025-05-12,GLD,XGBOOST_H3_WITH_SENT,0.21081835287953776,0.16089093685150146
2025-05-13,GLD,XGBOOST_H3_WITH_SENT,0.211062746448007,0.16361571848392487
2025-05-14,GLD,XGBOOST_H3_WITH_SENT,0.19625622147162503,0.15571114420890808
2025-05-15,GLD,XGBOOST_H3_WITH_SENT,0.19407907948194897,0.15673647820949554
2025-05-16,GLD,XGBOOST_H3_WITH_SENT,0.19650241254167647,0.15416854619979858
2025-05-19,GLD,XGBOOST_H3_WITH_SENT,0.19309989946636846,0.15778733789920807
2025-05-20,GLD,XGBOOST_H3_WITH_SENT,0.18499960305141955,0.1638263314962387
2025-05-21,GLD,XGBOOST_H3_WITH_SENT,0.18356100796697983,0.16339030861854553
2025-05-22,GLD,XGBOOST_H3_WITH_SENT,0.18014179275104092,0.16562500596046448
2025-05-23,GLD,XGBOOST_H3_WITH_SENT,0.17294693056640553,0.17064322531223297
2025-05-27,GLD,XGBOOST_H3_WITH_SENT,0.1618542841141585,0.1694750338792801
2025-05-28,GLD,XGBOOST_H3_WITH_SENT,0.16165004682249096,0.1711549162864685
2025-05-29,GLD,XGBOOST_H3_WITH_SENT,0.17328785407565533,0.17256119847297668
2025-05-30,GLD,XGBOOST_H3_WITH_SENT,0.17737406021897656,0.1701141893863678
2025-06-02,GLD,XGBOOST_H3_WITH_SENT,0.15255714808987472,0.15880082547664642
2025-06-03,GLD,XGBOOST_H3_WITH_SENT,0.15081094523826669,0.15286219120025635
2025-06-04,GLD,XGBOOST_H3_WITH_SENT,0.15073601804152986,0.14925730228424072
2025-06-05,GLD,XGBOOST_H3_WITH_SENT,0.14986734400098264,0.14435039460659027
2025-06-06,GLD,XGBOOST_H3_WITH_SENT,0.14670277325864228,0.13977482914924622
2025-06-09,GLD,XGBOOST_H3_WITH_SENT,0.1465968644708784,0.12966051697731018
2025-06-10,GLD,XGBOOST_H3_WITH_SENT,0.1468393314529522,0.1442708671092987
2025-06-11,GLD,XGBOOST_H3_WITH_SENT,0.1496134126344665,0.14359088242053986
2025-06-12,GLD,XGBOOST_H3_WITH_SENT,0.14291334031577999,0.1395149677991867
2025-06-13,GLD,XGBOOST_H3_WITH_SENT,0.13380509820822753,0.1460859626531601
2025-06-16,GLD,XGBOOST_H3_WITH_SENT,0.12663215406777834,0.14719551801681519
2025-06-17,GLD,XGBOOST_H3_WITH_SENT,0.12668747902850946,0.14479786157608032
2025-06-18,GLD,XGBOOST_H3_WITH_SENT,0.12593241201210958,0.13897322118282318
2025-06-20,GLD,XGBOOST_H3_WITH_SENT,0.13749627098140324,0.1442217081785202
2025-06-23,GLD,XGBOOST_H3_WITH_SENT,0.14090648938791886,0.14232967793941498
2025-06-24,GLD,XGBOOST_H3_WITH_SENT,0.13605662455097475,0.14362776279449463
2025-06-25,GLD,XGBOOST_H3_WITH_SENT,0.1380899172331176,0.14037282764911652
2025-06-26,GLD,XGBOOST_H3_WITH_SENT,0.1423527899678634,0.1402263194322586
2025-06-27,GLD,XGBOOST_H3_WITH_SENT,0.12752678819472152,0.1343374252319336
2025-06-30,GLD,XGBOOST_H3_WITH_SENT,0.12080136274825821,0.12852142751216888
2025-07-01,GLD,XGBOOST_H3_WITH_SENT,0.1314394449306785,0.1341678947210312
2025-07-02,GLD,XGBOOST_H3_WITH_SENT,0.13223562246625772,0.13620679080486298
2025-07-03,GLD,XGBOOST_H3_WITH_SENT,0.1499134625411716,0.1374349743127823
2025-07-07,GLD,XGBOOST_H3_WITH_SENT,0.15117509821254488,0.1380210965871811
2025-07-08,GLD,XGBOOST_H3_WITH_SENT,0.14541085016848487,0.13687345385551453
2025-07-09,GLD,XGBOOST_H3_WITH_SENT,0.14529312921470178,0.1423557996749878
2025-07-10,GLD,XGBOOST_H3_WITH_SENT,0.14772651047601532,0.14803001284599304
2025-07-11,GLD,XGBOOST_H3_WITH_SENT,0.14435765414826407,0.15429334342479706
2025-07-14,GLD,XGBOOST_H3_WITH_SENT,0.1534421950267135,0.15498819947242737
2025-07-15,GLD,XGBOOST_H3_WITH_SENT,0.1526788546267393,0.14296075701713562
2025-07-16,GLD,XGBOOST_H3_WITH_SENT,0.1520387137402754,0.14792515337467194
2025-07-17,GLD,XGBOOST_H3_WITH_SENT,0.15360580715398847,0.14820675551891327
2025-07-18,GLD,XGBOOST_H3_WITH_SENT,0.15331068991017416,0.1525144726037979
2025-07-21,GLD,XGBOOST_H3_WITH_SENT,0.14210449170525533,0.1547630876302719
2025-07-22,GLD,XGBOOST_H3_WITH_SENT,0.13736355617970797,0.15869072079658508
2025-07-23,GLD,XGBOOST_H3_WITH_SENT,0.1373105017953379,0.14276261627674103
2025-07-24,GLD,XGBOOST_H3_WITH_SENT,0.13621175066203464,0.1567283272743225
2025-07-25,GLD,XGBOOST_H3_WITH_SENT,0.1374916631175363,0.1525791883468628
2025-07-28,GLD,XGBOOST_H3_WITH_SENT,0.13548198067467618,0.14940664172172546
2025-07-29,GLD,XGBOOST_H3_WITH_SENT,0.13729826185567617,0.14295484125614166
2025-07-30,GLD,XGBOOST_H3_WITH_SENT,0.11891604569580963,0.12923918664455414
2025-07-31,GLD,XGBOOST_H3_WITH_SENT,0.11934996233329968,0.1353328973054886
2025-08-01,GLD,XGBOOST_H3_WITH_SENT,0.10286796574720104,0.12733794748783112
2025-08-04,GLD,XGBOOST_H3_WITH_SENT,0.12847868696423942,0.13574251532554626
2025-08-05,GLD,XGBOOST_H3_WITH_SENT,0.12978742997661746,0.14146344363689423
2025-08-06,GLD,XGBOOST_H3_WITH_SENT,0.13116418955787734,0.13581040501594543
2025-08-07,GLD,XGBOOST_H3_WITH_SENT,0.13511438780294716,0.1343669593334198
2025-08-08,GLD,XGBOOST_H3_WITH_SENT,0.13789376775316164,0.13173560798168182
2025-08-11,GLD,XGBOOST_H3_WITH_SENT,0.12294479239582715,0.13362927734851837
2025-08-12,GLD,XGBOOST_H3_WITH_SENT,0.12160670384155955,0.1295076161623001
2025-08-13,GLD,XGBOOST_H3_WITH_SENT,0.12323230669547841,0.13499696552753448
2025-08-14,GLD,XGBOOST_H3_WITH_SENT,0.11738125130022435,0.1394742876291275
2025-08-15,GLD,XGBOOST_H3_WITH_SENT,0.11830245248840646,0.1402597874403
2025-08-18,GLD,XGBOOST_H3_WITH_SENT,0.11639048418536713,0.14049851894378662
2025-08-19,GLD,XGBOOST_H3_WITH_SENT,0.1193396147767504,0.14615558087825775
2025-08-20,GLD,XGBOOST_H3_WITH_SENT,0.12175608932127423,0.1370772272348404
2025-08-21,GLD,XGBOOST_H3_WITH_SENT,0.12014320037629866,0.14191414415836334
2025-08-22,GLD,XGBOOST_H3_WITH_SENT,0.12631112916128928,0.15206530690193176
2025-08-25,GLD,XGBOOST_H3_WITH_SENT,0.1231373206537283,0.15696647763252258
2025-08-26,GLD,XGBOOST_H3_WITH_SENT,0.1334632119513387,0.15436235070228577
2025-08-27,GLD,XGBOOST_H3_WITH_SENT,0.13309331323822998,0.15600085258483887
2025-08-28,GLD,XGBOOST_H3_WITH_SENT,0.13280976285404592,0.16059276461601257
2025-08-29,GLD,XGBOOST_H3_WITH_SENT,0.13811560987786806,0.15770024061203003
2025-09-02,GLD,XGBOOST_H3_WITH_SENT,0.12112102996299702,0.1562809944152832
2025-09-03,GLD,XGBOOST_H3_WITH_SENT,0.12081145852935031,0.15248112380504608
2025-09-04,GLD,XGBOOST_H3_WITH_SENT,0.11997690752893196,0.14611218869686127
2025-09-05,GLD,XGBOOST_H3_WITH_SENT,0.11605710785841644,0.14567072689533234
2025-09-08,GLD,XGBOOST_H3_WITH_SENT,0.1249130819469668,0.14313232898712158
2025-09-09,GLD,XGBOOST_H3_WITH_SENT,0.12254417522989657,0.14378061890602112
2025-09-10,GLD,XGBOOST_H3_WITH_SENT,0.1293369526274724,0.14278343319892883
2025-09-11,GLD,XGBOOST_H3_WITH_SENT,0.1532517222857177,0.14662426710128784
2025-09-12,GLD,XGBOOST_H3_WITH_SENT,0.15424353276731867,0.1489374190568924
2025-09-15,GLD,XGBOOST_H3_WITH_SENT,0.16780359323189173,0.15334452688694
2025-09-16,GLD,XGBOOST_H3_WITH_SENT,0.167383888370343,0.14447930455207825
2025-09-17,GLD,XGBOOST_H3_WITH_SENT,0.16413401103969202,0.14285127818584442
2025-09-18,GLD,XGBOOST_H3_WITH_SENT,0.16825158851356387,0.14680667221546173
2025-09-19,GLD,XGBOOST_H3_WITH_SENT,0.19382207987328456,0.1447031944990158
2025-09-22,GLD,XGBOOST_H3_WITH_SENT,0.2168158852957304,0.15577003359794617
2025-09-23,GLD,XGBOOST_H3_WITH_SENT,0.34142176909869815,0.15531302988529205
2025-09-24,GLD,XGBOOST_H3_WITH_SENT,0.3381916481020895,0.15161646902561188
2025-09-25,GLD,XGBOOST_H3_WITH_SENT,0.3381956975698276,0.1657029241323471
2025-09-26,GLD,XGBOOST_H3_WITH_SENT,0.3393666458727919,0.174435555934906
2025-09-29,GLD,XGBOOST_H3_WITH_SENT,0.35482917355941135,0.16554543375968933
2025-09-30,GLD,XGBOOST_H3_WITH_SENT,0.35540029365665565,0.16879193484783173
2025-10-01,GLD,XGBOOST_H3_WITH_SENT,0.3558435461164358,0.17344918847084045
2025-10-02,GLD,XGBOOST_H3_WITH_SENT,0.3613067095864003,0.1656879037618637
2025-10-03,GLD,XGBOOST_H3_WITH_SENT,0.3615546597832176,0.1795528531074524
2025-10-06,GLD,XGBOOST_H3_WITH_SENT,0.3558070741398997,0.17496931552886963
2025-10-07,GLD,XGBOOST_H3_WITH_SENT,0.3611200236248878,0.18019022047519684
2025-10-08,GLD,XGBOOST_H3_WITH_SENT,0.3585072222472645,0.17737792432308197
2025-10-09,GLD,XGBOOST_H3_WITH_SENT,0.35228750022717353,0.18368399143218994
2025-10-10,GLD,XGBOOST_H3_WITH_SENT,0.351084132215319,0.18458031117916107
2025-10-14,GLD,XGBOOST_H3_WITH_SENT,0.35326571995286743,0.19103528559207916
2025-10-15,GLD,XGBOOST_H3_WITH_SENT,0.3525100102820834,0.1948072463274002
2025-10-16,GLD,XGBOOST_H3_WITH_SENT,0.34242023876752353,0.20036837458610535
2025-10-17,GLD,XGBOOST_H3_WITH_SENT,0.34190748408920574,0.18336695432662964
2025-10-20,GLD,XGBOOST_H3_WITH_SENT,0.31319088715910975,0.1794949322938919
2025-10-21,GLD,XGBOOST_H3_WITH_SENT,0.21120864106573933,0.17281889915466309
2025-10-22,GLD,XGBOOST_H3_WITH_SENT,0.2113246019207162,0.1797642707824707
2025-10-23,GLD,XGBOOST_H3_WITH_SENT,0.2107138935278594,0.16580140590667725
2025-10-24,GLD,XGBOOST_H3_WITH_SENT,0.21048866460724328,0.16922199726104736
2025-10-27,GLD,XGBOOST_H3_WITH_SENT,0.1903490235719916,0.16751419007778168
2025-10-28,GLD,XGBOOST_H3_WITH_SENT,0.18760252833968413,0.17621877789497375
2025-10-29,GLD,XGBOOST_H3_WITH_SENT,0.18733858541383647,0.15486136078834534
2025-10-30,GLD,XGBOOST_H3_WITH_SENT,0.18048406526977656,0.1862635761499405
2025-10-31,GLD,XGBOOST_H3_WITH_SENT,0.17827274827827533,0.16743621230125427
2025-11-03,GLD,XGBOOST_H3_WITH_SENT,0.18130642289684099,0.22029942274093628
2025-11-04,GLD,XGBOOST_H3_WITH_SENT,0.16574286253976153,0.2241395264863968
2025-11-05,GLD,XGBOOST_H3_WITH_SENT,0.16306039092854685,0.22524872422218323
2025-11-06,GLD,XGBOOST_H3_WITH_SENT,0.16326003332310057,0.204802468419075
2025-11-07,GLD,XGBOOST_H3_WITH_SENT,0.16379918604325247,0.21256212890148163
2025-11-10,GLD,XGBOOST_H3_WITH_SENT,0.13611575369825113,0.20995409786701202
2025-11-12,GLD,XGBOOST_H3_WITH_SENT,0.12974873076114854,0.20909452438354492
2025-11-13,GLD,XGBOOST_H3_WITH_SENT,0.1261409745497854,0.20963981747627258
2025-11-14,GLD,XGBOOST_H3_WITH_SENT,0.1022803351510027,0.20748953521251678
2025-11-17,GLD,XGBOOST_H3_WITH_SENT,0.08834615066102976,0.20175647735595703
2025-11-18,GLD,XGBOOST_H3_WITH_SENT,0.08926831998779179,0.200399711728096
2025-11-19,GLD,XGBOOST_H3_WITH_SENT,0.09089955483446654,0.2007063776254654
2025-11-20,GLD,XGBOOST_H3_WITH_SENT,0.09034372355266981,0.22467833757400513
2025-11-21,GLD,XGBOOST_H3_WITH_SENT,0.11235339019442633,0.22600238025188446
2025-11-24,GLD,XGBOOST_H3_WITH_SENT,0.10924515251474916,0.21374200284481049
2025-11-25,GLD,XGBOOST_H3_WITH_SENT,0.11215595963472991,0.21149136126041412
2025-11-26,GLD,XGBOOST_H3_WITH_SENT,0.11457365156336435,0.20335319638252258
2025-11-28,GLD,XGBOOST_H3_WITH_SENT,0.2038950670671636,0.2108372449874878
2025-12-01,GLD,XGBOOST_H3_WITH_SENT,0.203494415665193,0.2025061547756195
2025-12-02,GLD,XGBOOST_H3_WITH_SENT,0.20350840619635732,0.23101386427879333
2025-12-03,GLD,XGBOOST_H3_WITH_SENT,0.2037804847025641,0.23687021434307098
2025-12-04,GLD,XGBOOST_H3_WITH_SENT,0.22151136432150112,0.2427460253238678
2025-12-05,GLD,XGBOOST_H3_WITH_SENT,0.22260012133479837,0.2374981939792633
2025-12-08,GLD,XGBOOST_H3_WITH_SENT,0.22642384257601017,0.26142802834510803
2025-12-09,GLD,XGBOOST_H3_WITH_SENT,0.2264756736548183,0.27861371636390686
2025-12-10,GLD,XGBOOST_H3_WITH_SENT,0.22693417924568973,0.26096677780151367
2025-12-11,GLD,XGBOOST_H3_WITH_SENT,0.23203919961555997,0.2822653353214264
2025-12-12,GLD,XGBOOST_H3_WITH_SENT,0.23256004579655384,0.24583150446414948
2025-12-15,GLD,XGBOOST_H3_WITH_SENT,0.2336676276896519,0.25836285948753357
2025-12-16,GLD,XGBOOST_H3_WITH_SENT,0.23599668089540413,0.28697651624679565
2025-12-17,GLD,XGBOOST_H3_WITH_SENT,0.2368642757786476,0.28902074694633484
2025-12-18,GLD,XGBOOST_H3_WITH_SENT,0.2656661249999886,0.25693562626838684
2025-12-19,GLD,XGBOOST_H3_WITH_SENT,0.267546191171409,0.25274717807769775
2025-12-22,GLD,XGBOOST_H3_WITH_SENT,0.2640748978854899,0.247377410531044
2025-12-23,GLD,XGBOOST_H3_WITH_SENT,0.2642782423821694,0.24477772414684296
2025-12-24,GLD,XGBOOST_H3_WITH_SENT,0.2639312460046464,0.2212783396244049
2025-12-26,GLD,XGBOOST_H3_WITH_SENT,0.27117943921170035,0.2534109950065613
2025-12-29,GLD,XGBOOST_H3_WITH_SENT,0.21763388840649375,0.22602775692939758
2025-12-30,GLD,XGBOOST_H3_WITH_SENT,0.2165316444624226,0.22790251672267914
2025-12-31,GLD,XGBOOST_H3_WITH_SENT,0.4740791630944094,0.2165876030921936
2024-10-16,DBC,XGBOOST_H3_WITH_SENT,0.1833858241249107,0.20105098187923431
2024-10-17,DBC,XGBOOST_H3_WITH_SENT,0.18316964322454712,0.20718203485012054
2024-10-18,DBC,XGBOOST_H3_WITH_SENT,0.1830730282135535,0.20065653324127197
2024-10-21,DBC,XGBOOST_H3_WITH_SENT,0.20134370047672293,0.20642827451229095
2024-10-22,DBC,XGBOOST_H3_WITH_SENT,0.1910976026126938,0.20805040001869202
2024-10-23,DBC,XGBOOST_H3_WITH_SENT,0.19024276653728173,0.20400363206863403
2024-10-24,DBC,XGBOOST_H3_WITH_SENT,0.19222288732023024,0.20276464521884918
2024-10-25,DBC,XGBOOST_H3_WITH_SENT,0.19036298100384816,0.18574410676956177
2024-10-28,DBC,XGBOOST_H3_WITH_SENT,0.171108027699658,0.18268708884716034
2024-10-29,DBC,XGBOOST_H3_WITH_SENT,0.17096302324444976,0.18538182973861694
2024-10-30,DBC,XGBOOST_H3_WITH_SENT,0.16552141112694402,0.18448719382286072
2024-10-31,DBC,XGBOOST_H3_WITH_SENT,0.16336399560233095,0.18009410798549652
2024-11-01,DBC,XGBOOST_H3_WITH_SENT,0.16110894927555885,0.17881694436073303
2024-11-04,DBC,XGBOOST_H3_WITH_SENT,0.15407609607887268,0.17899386584758759
2024-11-05,DBC,XGBOOST_H3_WITH_SENT,0.1523108691015626,0.17609915137290955
2024-11-06,DBC,XGBOOST_H3_WITH_SENT,0.14829345966050508,0.1837920993566513
2024-11-07,DBC,XGBOOST_H3_WITH_SENT,0.14367576759620493,0.17976225912570953
2024-11-08,DBC,XGBOOST_H3_WITH_SENT,0.14024019560437995,0.18043862283229828
2024-11-12,DBC,XGBOOST_H3_WITH_SENT,0.13388870734428487,0.18777063488960266
2024-11-13,DBC,XGBOOST_H3_WITH_SENT,0.13426329611184185,0.18527564406394958
2024-11-14,DBC,XGBOOST_H3_WITH_SENT,0.13418914466093856,0.1945555955171585
2024-11-15,DBC,XGBOOST_H3_WITH_SENT,0.13440461339699145,0.19472210109233856
2024-11-18,DBC,XGBOOST_H3_WITH_SENT,0.10962170562436312,0.18454177677631378
2024-11-19,DBC,XGBOOST_H3_WITH_SENT,0.11274058269855075,0.18065562844276428
2024-11-20,DBC,XGBOOST_H3_WITH_SENT,0.11278879232531658,0.17180538177490234
2024-11-21,DBC,XGBOOST_H3_WITH_SENT,0.11209393608409003,0.17645320296287537
2024-11-22,DBC,XGBOOST_H3_WITH_SENT,0.11206518105476958,0.17366190254688263
2024-11-25,DBC,XGBOOST_H3_WITH_SENT,0.10316394168794042,0.17656327784061432
2024-11-26,DBC,XGBOOST_H3_WITH_SENT,0.10359764647227994,0.17513681948184967
2024-11-27,DBC,XGBOOST_H3_WITH_SENT,0.1032507861025456,0.17539642751216888
2024-11-29,DBC,XGBOOST_H3_WITH_SENT,0.1078580096114319,0.17910335958003998
2024-12-02,DBC,XGBOOST_H3_WITH_SENT,0.10483383666100343,0.18626929819583893
2024-12-03,DBC,XGBOOST_H3_WITH_SENT,0.1029987946421418,0.18730418384075165
2024-12-04,DBC,XGBOOST_H3_WITH_SENT,0.10274697036801463,0.18861211836338043
2024-12-05,DBC,XGBOOST_H3_WITH_SENT,0.1023372791900159,0.17784810066223145
2024-12-06,DBC,XGBOOST_H3_WITH_SENT,0.09712157319092479,0.17536672949790955
2024-12-09,DBC,XGBOOST_H3_WITH_SENT,0.09364635520851515,0.16986992955207825
2024-12-10,DBC,XGBOOST_H3_WITH_SENT,0.12947062260565947,0.17642094194889069
2024-12-11,DBC,XGBOOST_H3_WITH_SENT,0.1253283152898557,0.17439375817775726
2024-12-12,DBC,XGBOOST_H3_WITH_SENT,0.12356660463433057,0.17469695210456848
2024-12-13,DBC,XGBOOST_H3_WITH_SENT,0.13190456235818,0.1899428814649582
2024-12-16,DBC,XGBOOST_H3_WITH_SENT,0.13110475638593191,0.19128720462322235
2024-12-17,DBC,XGBOOST_H3_WITH_SENT,0.1289603028464537,0.18988662958145142
2024-12-18,DBC,XGBOOST_H3_WITH_SENT,0.1243135803432156,0.18274648487567902
2024-12-19,DBC,XGBOOST_H3_WITH_SENT,0.12470544441315919,0.1808544546365738
2024-12-20,DBC,XGBOOST_H3_WITH_SENT,0.12680366077227254,0.17271479964256287
2024-12-23,DBC,XGBOOST_H3_WITH_SENT,0.12688716035735503,0.1683117151260376
2024-12-24,DBC,XGBOOST_H3_WITH_SENT,0.1423406018576004,0.17061033844947815
2024-12-26,DBC,XGBOOST_H3_WITH_SENT,0.14123476627764286,0.15663054585456848
2024-12-27,DBC,XGBOOST_H3_WITH_SENT,0.14093092888499467,0.1608884632587433
2024-12-30,DBC,XGBOOST_H3_WITH_SENT,0.13861279603221724,0.15439045429229736
2024-12-31,DBC,XGBOOST_H3_WITH_SENT,0.13852327371932663,0.15914106369018555
2025-01-02,DBC,XGBOOST_H3_WITH_SENT,0.13704505349110846,0.1611250936985016
2025-01-03,DBC,XGBOOST_H3_WITH_SENT,0.1350230431300615,0.1569289118051529
2025-01-06,DBC,XGBOOST_H3_WITH_SENT,0.13794813662103872,0.16206379234790802
2025-01-07,DBC,XGBOOST_H3_WITH_SENT,0.137379883278165,0.15985125303268433
2025-01-08,DBC,XGBOOST_H3_WITH_SENT,0.13698164297366258,0.1624361276626587
2025-01-10,DBC,XGBOOST_H3_WITH_SENT,0.11158606527181944,0.16043046116828918
2025-01-13,DBC,XGBOOST_H3_WITH_SENT,0.11188312846510867,0.16595199704170227
2025-01-14,DBC,XGBOOST_H3_WITH_SENT,0.11934332049434501,0.1610664576292038
2025-01-15,DBC,XGBOOST_H3_WITH_SENT,0.10530834891086,0.144111767411232
2025-01-16,DBC,XGBOOST_H3_WITH_SENT,0.10433721788275656,0.14566203951835632
2025-01-17,DBC,XGBOOST_H3_WITH_SENT,0.1155720288322707,0.13932663202285767
2025-01-21,DBC,XGBOOST_H3_WITH_SENT,0.116304161530399,0.14374949038028717
2025-01-22,DBC,XGBOOST_H3_WITH_SENT,0.11601473570511904,0.14722082018852234
2025-01-23,DBC,XGBOOST_H3_WITH_SENT,0.12734050350026666,0.14809267222881317
2025-01-24,DBC,XGBOOST_H3_WITH_SENT,0.12830603625206724,0.1482466161251068
2025-01-27,DBC,XGBOOST_H3_WITH_SENT,0.12197206689956497,0.15067531168460846
2025-01-28,DBC,XGBOOST_H3_WITH_SENT,0.12649922779492068,0.15584120154380798
2025-01-29,DBC,XGBOOST_H3_WITH_SENT,0.12644208585012903,0.15351589024066925
2025-01-30,DBC,XGBOOST_H3_WITH_SENT,0.12963970937833355,0.15621963143348694
2025-01-31,DBC,XGBOOST_H3_WITH_SENT,0.1314782586069701,0.1613023579120636
2025-02-03,DBC,XGBOOST_H3_WITH_SENT,0.12880432870564779,0.1618555635213852
2025-02-04,DBC,XGBOOST_H3_WITH_SENT,0.1284696395089398,0.15782104432582855
2025-02-05,DBC,XGBOOST_H3_WITH_SENT,0.12780948175264914,0.15813088417053223
2025-02-06,DBC,XGBOOST_H3_WITH_SENT,0.13205913743198328,0.1648913472890854
2025-02-07,DBC,XGBOOST_H3_WITH_SENT,0.13378804877456094,0.16214215755462646
2025-02-10,DBC,XGBOOST_H3_WITH_SENT,0.12391438623982792,0.17169003188610077
2025-02-11,DBC,XGBOOST_H3_WITH_SENT,0.11977503027547882,0.17547892034053802
2025-02-12,DBC,XGBOOST_H3_WITH_SENT,0.11456909668297999,0.17318810522556305
2025-02-13,DBC,XGBOOST_H3_WITH_SENT,0.11497375190376079,0.16912277042865753
2025-02-14,DBC,XGBOOST_H3_WITH_SENT,0.11823011134636689,0.1690874695777893
2025-02-18,DBC,XGBOOST_H3_WITH_SENT,0.10348833811292482,0.16666379570960999
2025-02-19,DBC,XGBOOST_H3_WITH_SENT,0.10174480788721203,0.16523344814777374
2025-02-20,DBC,XGBOOST_H3_WITH_SENT,0.10194896770806702,0.16785408556461334
2025-02-21,DBC,XGBOOST_H3_WITH_SENT,0.09244556654757495,0.16951516270637512
2025-02-24,DBC,XGBOOST_H3_WITH_SENT,0.09353015576038612,0.16471116244792938
2025-02-25,DBC,XGBOOST_H3_WITH_SENT,0.08547350713797044,0.16504621505737305
2025-02-26,DBC,XGBOOST_H3_WITH_SENT,0.07981181488694741,0.1698501706123352
2025-02-27,DBC,XGBOOST_H3_WITH_SENT,0.08022592291369142,0.1763228178024292
2025-02-28,DBC,XGBOOST_H3_WITH_SENT,0.07578743376724793,0.17125482857227325
2025-03-03,DBC,XGBOOST_H3_WITH_SENT,0.08516364758860007,0.17582422494888306
2025-03-04,DBC,XGBOOST_H3_WITH_SENT,0.08497194175687373,0.1712094396352768
2025-03-05,DBC,XGBOOST_H3_WITH_SENT,0.08525267714004506,0.17948676645755768
2025-03-06,DBC,XGBOOST_H3_WITH_SENT,0.173339113644764,0.1805863231420517
2025-03-07,DBC,XGBOOST_H3_WITH_SENT,0.21395064340101239,0.17846831679344177
2025-03-10,DBC,XGBOOST_H3_WITH_SENT,0.21892813647088766,0.18547186255455017
2025-03-11,DBC,XGBOOST_H3_WITH_SENT,0.22731533386303238,0.20061641931533813
2025-03-12,DBC,XGBOOST_H3_WITH_SENT,0.2675525566534206,0.18395811319351196
2025-03-13,DBC,XGBOOST_H3_WITH_SENT,0.2699332020316978,0.18538238108158112
2025-03-14,DBC,XGBOOST_H3_WITH_SENT,0.275427249128635,0.22476451098918915
2025-03-17,DBC,XGBOOST_H3_WITH_SENT,0.27352446965634536,0.19448266923427582
2025-03-18,DBC,XGBOOST_H3_WITH_SENT,0.2735218874228498,0.23738038539886475
2025-03-19,DBC,XGBOOST_H3_WITH_SENT,0.27700095258644963,0.23629677295684814
2025-03-20,DBC,XGBOOST_H3_WITH_SENT,0.2803799428147825,0.20334874093532562
2025-03-21,DBC,XGBOOST_H3_WITH_SENT,0.28100339789646533,0.19713614881038666
2025-03-24,DBC,XGBOOST_H3_WITH_SENT,0.2813286493020789,0.2058658003807068
2025-03-25,DBC,XGBOOST_H3_WITH_SENT,0.28165616688674167,0.19110636413097382
2025-03-26,DBC,XGBOOST_H3_WITH_SENT,0.2845907244550526,0.21368317306041718
2025-03-27,DBC,XGBOOST_H3_WITH_SENT,0.28434313959044744,0.2057207226753235
2025-03-28,DBC,XGBOOST_H3_WITH_SENT,0.2846033089782938,0.21956267952919006
2025-03-31,DBC,XGBOOST_H3_WITH_SENT,0.280326002021033,0.18157653510570526
2025-04-01,DBC,XGBOOST_H3_WITH_SENT,0.28496629670189316,0.1779860556125641
2025-04-02,DBC,XGBOOST_H3_WITH_SENT,0.28433296237139644,0.1812126189470291
2025-04-03,DBC,XGBOOST_H3_WITH_SENT,0.2508627727576448,0.2859060764312744
2025-04-04,DBC,XGBOOST_H3_WITH_SENT,0.21556724478793426,0.3364260792732239
2025-04-07,DBC,XGBOOST_H3_WITH_SENT,0.21460107660658528,0.325531542301178
2025-04-08,DBC,XGBOOST_H3_WITH_SENT,0.2027109317100213,0.3337433338165283
2025-04-09,DBC,XGBOOST_H3_WITH_SENT,0.16425420059093257,0.2632564902305603
2025-04-10,DBC,XGBOOST_H3_WITH_SENT,0.15908493664629697,0.2766876220703125
2025-04-11,DBC,XGBOOST_H3_WITH_SENT,0.15272720562979222,0.24505238234996796
2025-04-14,DBC,XGBOOST_H3_WITH_SENT,0.16128177096633564,0.23839949071407318
2025-04-15,DBC,XGBOOST_H3_WITH_SENT,0.16244180499642685,0.24874280393123627
2025-04-16,DBC,XGBOOST_H3_WITH_SENT,0.16165232252892342,0.23877663910388947
2025-04-17,DBC,XGBOOST_H3_WITH_SENT,0.15771265468590454,0.23370438814163208
2025-04-21,DBC,XGBOOST_H3_WITH_SENT,0.15490974201503085,0.23135069012641907
2025-04-22,DBC,XGBOOST_H3_WITH_SENT,0.16064889547868974,0.23327641189098358
2025-04-23,DBC,XGBOOST_H3_WITH_SENT,0.15811674292042102,0.23304858803749084
2025-04-24,DBC,XGBOOST_H3_WITH_SENT,0.15619193201835693,0.2274215817451477
2025-04-25,DBC,XGBOOST_H3_WITH_SENT,0.15743184811231495,0.21987992525100708
2025-04-28,DBC,XGBOOST_H3_WITH_SENT,0.15944399637685994,0.21000611782073975
2025-04-29,DBC,XGBOOST_H3_WITH_SENT,0.15277593717917234,0.210426464676857
2025-04-30,DBC,XGBOOST_H3_WITH_SENT,0.13688608208713687,0.21088118851184845
2025-05-01,DBC,XGBOOST_H3_WITH_SENT,0.13953301123727124,0.20947958528995514
2025-05-02,DBC,XGBOOST_H3_WITH_SENT,0.15679590827209655,0.21166522800922394
2025-05-05,DBC,XGBOOST_H3_WITH_SENT,0.15546916622273865,0.21488910913467407
2025-05-06,DBC,XGBOOST_H3_WITH_SENT,0.14879810867952376,0.2108055055141449
2025-05-07,DBC,XGBOOST_H3_WITH_SENT,0.14037025065520123,0.2144262045621872
2025-05-08,DBC,XGBOOST_H3_WITH_SENT,0.1361395084579149,0.21476256847381592
2025-05-09,DBC,XGBOOST_H3_WITH_SENT,0.13429697751145891,0.19818413257598877
2025-05-12,DBC,XGBOOST_H3_WITH_SENT,0.13333715599701082,0.21317517757415771
2025-05-13,DBC,XGBOOST_H3_WITH_SENT,0.1343045342795141,0.20902708172798157
2025-05-14,DBC,XGBOOST_H3_WITH_SENT,0.13249960436851652,0.21388661861419678
2025-05-15,DBC,XGBOOST_H3_WITH_SENT,0.1622228744017191,0.21124987304210663
2025-05-16,DBC,XGBOOST_H3_WITH_SENT,0.16143465052877315,0.21789763867855072
2025-05-19,DBC,XGBOOST_H3_WITH_SENT,0.17216930279314968,0.2187959849834442
2025-05-20,DBC,XGBOOST_H3_WITH_SENT,0.16939172940248143,0.21693959832191467
2025-05-21,DBC,XGBOOST_H3_WITH_SENT,0.16829859130540492,0.212368905544281
2025-05-22,DBC,XGBOOST_H3_WITH_SENT,0.22291411112283918,0.21105875074863434
2025-05-23,DBC,XGBOOST_H3_WITH_SENT,0.24206543948119233,0.2026488184928894
2025-05-27,DBC,XGBOOST_H3_WITH_SENT,0.2394181714515353,0.20516562461853027
2025-05-28,DBC,XGBOOST_H3_WITH_SENT,0.23887209686053973,0.19716577231884003
2025-05-29,DBC,XGBOOST_H3_WITH_SENT,0.23880271591464336,0.18877989053726196
2025-05-30,DBC,XGBOOST_H3_WITH_SENT,0.23628868361140898,0.1822831630706787
2025-06-02,DBC,XGBOOST_H3_WITH_SENT,0.226263722874097,0.18216155469417572
2025-06-03,DBC,XGBOOST_H3_WITH_SENT,0.23176765570596805,0.18664871156215668
2025-06-04,DBC,XGBOOST_H3_WITH_SENT,0.2310007838066715,0.1850961297750473
2025-06-05,DBC,XGBOOST_H3_WITH_SENT,0.2310130491057793,0.1872934103012085
2025-06-06,DBC,XGBOOST_H3_WITH_SENT,0.22996309294843642,0.1881244033575058
2025-06-09,DBC,XGBOOST_H3_WITH_SENT,0.2302626204092733,0.18880023062229156
2025-06-10,DBC,XGBOOST_H3_WITH_SENT,0.2304606801710721,0.1666686087846756
2025-06-11,DBC,XGBOOST_H3_WITH_SENT,0.22809579450597509,0.165232315659523
2025-06-12,DBC,XGBOOST_H3_WITH_SENT,0.23066431071372503,0.16988900303840637
2025-06-13,DBC,XGBOOST_H3_WITH_SENT,0.202264589352051,0.16211086511611938
2025-06-16,DBC,XGBOOST_H3_WITH_SENT,0.20233509589116658,0.16345739364624023
2025-06-17,DBC,XGBOOST_H3_WITH_SENT,0.18868925803942665,0.16179554164409637
2025-06-18,DBC,XGBOOST_H3_WITH_SENT,0.188487486455573,0.1637822538614273
2025-06-20,DBC,XGBOOST_H3_WITH_SENT,0.1869221593103702,0.16398371756076813
2025-06-23,DBC,XGBOOST_H3_WITH_SENT,0.13010140117876393,0.15954549610614777
2025-06-24,DBC,XGBOOST_H3_WITH_SENT,0.09359011642817762,0.14416377246379852
2025-06-25,DBC,XGBOOST_H3_WITH_SENT,0.09311603035785969,0.15622256696224213
2025-06-26,DBC,XGBOOST_H3_WITH_SENT,0.10126326643605046,0.1590386927127838
2025-06-27,DBC,XGBOOST_H3_WITH_SENT,0.10456812120733451,0.15685619413852692
2025-06-30,DBC,XGBOOST_H3_WITH_SENT,0.11214968395040643,0.15148673951625824
2025-07-01,DBC,XGBOOST_H3_WITH_SENT,0.11228152775899064,0.1629224568605423
2025-07-02,DBC,XGBOOST_H3_WITH_SENT,0.10330599803369925,0.1721729338169098
2025-07-03,DBC,XGBOOST_H3_WITH_SENT,0.11883076969420014,0.17019373178482056
2025-07-07,DBC,XGBOOST_H3_WITH_SENT,0.11936788761470843,0.16428525745868683
2025-07-08,DBC,XGBOOST_H3_WITH_SENT,0.12184212375148969,0.16776423156261444
2025-07-09,DBC,XGBOOST_H3_WITH_SENT,0.12188989370439987,0.17035558819770813
2025-07-10,DBC,XGBOOST_H3_WITH_SENT,0.12261650305954981,0.22870919108390808
2025-07-11,DBC,XGBOOST_H3_WITH_SENT,0.11133976390564625,0.14462624490261078
2025-07-14,DBC,XGBOOST_H3_WITH_SENT,0.10862292934992689,0.15824221074581146
2025-07-15,DBC,XGBOOST_H3_WITH_SENT,0.10915706050676686,0.16126494109630585
2025-07-16,DBC,XGBOOST_H3_WITH_SENT,0.10876363926222196,0.16727769374847412
2025-07-17,DBC,XGBOOST_H3_WITH_SENT,0.10515421860260513,0.1701810210943222
2025-07-18,DBC,XGBOOST_H3_WITH_SENT,0.10460270715217787,0.17200054228305817
2025-07-21,DBC,XGBOOST_H3_WITH_SENT,0.10499436338387774,0.1740695685148239
2025-07-22,DBC,XGBOOST_H3_WITH_SENT,0.10733540785814077,0.16907496750354767
2025-07-23,DBC,XGBOOST_H3_WITH_SENT,0.11659644579816295,0.16895321011543274
2025-07-24,DBC,XGBOOST_H3_WITH_SENT,0.11912447780464265,0.16839279234409332
2025-07-25,DBC,XGBOOST_H3_WITH_SENT,0.11495397479461665,0.17669746279716492
2025-07-28,DBC,XGBOOST_H3_WITH_SENT,0.10991496416336596,0.17288413643836975
2025-07-29,DBC,XGBOOST_H3_WITH_SENT,0.10066887324950134,0.1737426072359085
2025-07-30,DBC,XGBOOST_H3_WITH_SENT,0.10098496711252929,0.17767135798931122
2025-07-31,DBC,XGBOOST_H3_WITH_SENT,0.1008416988500864,0.18733173608779907
2025-08-01,DBC,XGBOOST_H3_WITH_SENT,0.08249177758657578,0.1635209023952484
2025-08-04,DBC,XGBOOST_H3_WITH_SENT,0.09828599723033325,0.16321982443332672
2025-08-05,DBC,XGBOOST_H3_WITH_SENT,0.09859818399252,0.16532500088214874
2025-08-06,DBC,XGBOOST_H3_WITH_SENT,0.10237505964395913,0.1710565686225891
2025-08-07,DBC,XGBOOST_H3_WITH_SENT,0.10694847034994155,0.16493567824363708
2025-08-08,DBC,XGBOOST_H3_WITH_SENT,0.10927124134363518,0.16665159165859222
2025-08-11,DBC,XGBOOST_H3_WITH_SENT,0.10946967956126967,0.1692279726266861
2025-08-12,DBC,XGBOOST_H3_WITH_SENT,0.10971794958073047,0.16303588449954987
2025-08-13,DBC,XGBOOST_H3_WITH_SENT,0.11395682449315248,0.16338205337524414
2025-08-14,DBC,XGBOOST_H3_WITH_SENT,0.1147218741078487,0.1644260585308075
2025-08-15,DBC,XGBOOST_H3_WITH_SENT,0.11665601611962567,0.16913586854934692
2025-08-18,DBC,XGBOOST_H3_WITH_SENT,0.12031577212142691,0.168259859085083
2025-08-19,DBC,XGBOOST_H3_WITH_SENT,0.123724037895126,0.17249912023544312
2025-08-20,DBC,XGBOOST_H3_WITH_SENT,0.12103852556870444,0.17195507884025574
2025-08-21,DBC,XGBOOST_H3_WITH_SENT,0.12409798274951665,0.17566978931427002
2025-08-22,DBC,XGBOOST_H3_WITH_SENT,0.12342648958016815,0.1668435037136078
2025-08-25,DBC,XGBOOST_H3_WITH_SENT,0.12740530189237376,0.16802890598773956
2025-08-26,DBC,XGBOOST_H3_WITH_SENT,0.12506813282245266,0.15734396874904633
2025-08-27,DBC,XGBOOST_H3_WITH_SENT,0.12664119704050947,0.16151754558086395
2025-08-28,DBC,XGBOOST_H3_WITH_SENT,0.12550192040677352,0.16555280983448029
2025-08-29,DBC,XGBOOST_H3_WITH_SENT,0.1302028946330214,0.16106349229812622
2025-09-02,DBC,XGBOOST_H3_WITH_SENT,0.11812879120176199,0.15486614406108856
2025-09-03,DBC,XGBOOST_H3_WITH_SENT,0.11370418297690459,0.155528724193573
2025-09-04,DBC,XGBOOST_H3_WITH_SENT,0.11329416492155567,0.15661199390888214
2025-09-05,DBC,XGBOOST_H3_WITH_SENT,0.10915933293047062,0.15111279487609863
2025-09-08,DBC,XGBOOST_H3_WITH_SENT,0.11226055155453839,0.149265319108963
2025-09-09,DBC,XGBOOST_H3_WITH_SENT,0.11260048558181121,0.15048633515834808
2025-09-10,DBC,XGBOOST_H3_WITH_SENT,0.11063214183600806,0.15033237636089325
2025-09-11,DBC,XGBOOST_H3_WITH_SENT,0.11243967161585805,0.14172285795211792
2025-09-12,DBC,XGBOOST_H3_WITH_SENT,0.13553587330611244,0.1480283886194229
2025-09-15,DBC,XGBOOST_H3_WITH_SENT,0.13956414663744446,0.14566415548324585
2025-09-16,DBC,XGBOOST_H3_WITH_SENT,0.1386870342211721,0.14899316430091858
2025-09-17,DBC,XGBOOST_H3_WITH_SENT,0.13548639329911705,0.1455422043800354
2025-09-18,DBC,XGBOOST_H3_WITH_SENT,0.13486783012749462,0.14845670759677887
2025-09-19,DBC,XGBOOST_H3_WITH_SENT,0.13203641230595423,0.14951708912849426
2025-09-22,DBC,XGBOOST_H3_WITH_SENT,0.13693243867424465,0.15292294323444366
2025-09-23,DBC,XGBOOST_H3_WITH_SENT,0.13632850391269744,0.14379070699214935
2025-09-24,DBC,XGBOOST_H3_WITH_SENT,0.146360391153905,0.14634864032268524
2025-09-25,DBC,XGBOOST_H3_WITH_SENT,0.15664350872167668,0.14916090667247772
2025-09-26,DBC,XGBOOST_H3_WITH_SENT,0.156643485927824,0.14872896671295166
2025-09-29,DBC,XGBOOST_H3_WITH_SENT,0.15373107512919668,0.1518637090921402
2025-09-30,DBC,XGBOOST_H3_WITH_SENT,0.15682795815108636,0.15477441251277924
2025-10-01,DBC,XGBOOST_H3_WITH_SENT,0.15769355831556653,0.16294272243976593
2025-10-02,DBC,XGBOOST_H3_WITH_SENT,0.15540290430986378,0.16346274316310883
2025-10-03,DBC,XGBOOST_H3_WITH_SENT,0.15676857092933785,0.14674603939056396
2025-10-06,DBC,XGBOOST_H3_WITH_SENT,0.15489480157661392,0.14091144502162933
2025-10-07,DBC,XGBOOST_H3_WITH_SENT,0.15686987118133688,0.14664819836616516
2025-10-08,DBC,XGBOOST_H3_WITH_SENT,0.15728169151422738,0.15181459486484528
2025-10-09,DBC,XGBOOST_H3_WITH_SENT,0.15332824717822538,0.1635112762451172
2025-10-10,DBC,XGBOOST_H3_WITH_SENT,0.12901547474468034,0.1525893658399582
2025-10-14,DBC,XGBOOST_H3_WITH_SENT,0.11842874499179826,0.16374731063842773
2025-10-15,DBC,XGBOOST_H3_WITH_SENT,0.12812783977275627,0.16593238711357117
2025-10-16,DBC,XGBOOST_H3_WITH_SENT,0.1299994177959977,0.1610098034143448
2025-10-17,DBC,XGBOOST_H3_WITH_SENT,0.1296307429206159,0.15324561297893524
2025-10-20,DBC,XGBOOST_H3_WITH_SENT,0.12651016558153044,0.15383458137512207
2025-10-21,DBC,XGBOOST_H3_WITH_SENT,0.12084556604477271,0.15416811406612396
2025-10-22,DBC,XGBOOST_H3_WITH_SENT,0.11728540553538251,0.15833543241024017
2025-10-23,DBC,XGBOOST_H3_WITH_SENT,0.10712283310802548,0.15711484849452972
2025-10-24,DBC,XGBOOST_H3_WITH_SENT,0.1093510245821192,0.1638948917388916
2025-10-27,DBC,XGBOOST_H3_WITH_SENT,0.11093980664268165,0.1670283079147339
2025-10-28,DBC,XGBOOST_H3_WITH_SENT,0.10757850086665188,0.19913649559020996
2025-10-29,DBC,XGBOOST_H3_WITH_SENT,0.11266988184058586,0.1633855402469635
2025-10-30,DBC,XGBOOST_H3_WITH_SENT,0.1217503078828037,0.1860547810792923
2025-10-31,DBC,XGBOOST_H3_WITH_SENT,0.11972319457483309,0.16208718717098236
2025-11-03,DBC,XGBOOST_H3_WITH_SENT,0.11801326736629818,0.15786467492580414
2025-11-04,DBC,XGBOOST_H3_WITH_SENT,0.11624960950669791,0.16303332149982452
2025-11-05,DBC,XGBOOST_H3_WITH_SENT,0.11566836960103138,0.16230762004852295
2025-11-06,DBC,XGBOOST_H3_WITH_SENT,0.11713971849750036,0.16649845242500305
2025-11-07,DBC,XGBOOST_H3_WITH_SENT,0.12647302124382365,0.16178809106349945
2025-11-10,DBC,XGBOOST_H3_WITH_SENT,0.12036239339322913,0.144959956407547
2025-11-12,DBC,XGBOOST_H3_WITH_SENT,0.11308546129050347,0.14427949488162994
2025-11-13,DBC,XGBOOST_H3_WITH_SENT,0.11548457049769512,0.14794598519802094
2025-11-14,DBC,XGBOOST_H3_WITH_SENT,0.11639706209513913,0.14629767835140228
2025-11-17,DBC,XGBOOST_H3_WITH_SENT,0.12146742763158766,0.14003002643585205
2025-11-18,DBC,XGBOOST_H3_WITH_SENT,0.1256721502145297,0.14090624451637268
2025-11-19,DBC,XGBOOST_H3_WITH_SENT,0.12314971784202415,0.13781817257404327
2025-11-20,DBC,XGBOOST_H3_WITH_SENT,0.12084735283991484,0.16802117228507996
2025-11-21,DBC,XGBOOST_H3_WITH_SENT,0.12545740402666541,0.17527732253074646
2025-11-24,DBC,XGBOOST_H3_WITH_SENT,0.12966230641505763,0.1762963831424713
2025-11-25,DBC,XGBOOST_H3_WITH_SENT,0.12732099003625855,0.1794455647468567
2025-11-26,DBC,XGBOOST_H3_WITH_SENT,0.12323806525304629,0.1541496217250824
2025-11-28,DBC,XGBOOST_H3_WITH_SENT,0.12095934748867467,0.1768939048051834
2025-12-01,DBC,XGBOOST_H3_WITH_SENT,0.12277401561022293,0.15119391679763794
2025-12-02,DBC,XGBOOST_H3_WITH_SENT,0.13024995110234505,0.17728984355926514
2025-12-03,DBC,XGBOOST_H3_WITH_SENT,0.12922052253778468,0.20319083333015442
2025-12-04,DBC,XGBOOST_H3_WITH_SENT,0.14494062116963463,0.17512479424476624
2025-12-05,DBC,XGBOOST_H3_WITH_SENT,0.1436808762075143,0.17353831231594086
2025-12-08,DBC,XGBOOST_H3_WITH_SENT,0.14019260294322827,0.20401325821876526
2025-12-09,DBC,XGBOOST_H3_WITH_SENT,0.14607107940289993,0.210806205868721
2025-12-10,DBC,XGBOOST_H3_WITH_SENT,0.14503529312950625,0.21714965999126434
2025-12-11,DBC,XGBOOST_H3_WITH_SENT,0.15031152898353176,0.2193872183561325
2025-12-12,DBC,XGBOOST_H3_WITH_SENT,0.1467578151682828,0.21405741572380066
2025-12-15,DBC,XGBOOST_H3_WITH_SENT,0.1443066565774588,0.21402253210544586
2025-12-16,DBC,XGBOOST_H3_WITH_SENT,0.14208861734999895,0.22011077404022217
2025-12-17,DBC,XGBOOST_H3_WITH_SENT,0.13899101764103078,0.2072129249572754
2025-12-18,DBC,XGBOOST_H3_WITH_SENT,0.13997777792193297,0.2046411633491516
2025-12-19,DBC,XGBOOST_H3_WITH_SENT,0.14235993120233992,0.20556488633155823
2025-12-22,DBC,XGBOOST_H3_WITH_SENT,0.13873246235696945,0.20999665558338165
2025-12-23,DBC,XGBOOST_H3_WITH_SENT,0.14658003916885395,0.21206198632717133
2025-12-24,DBC,XGBOOST_H3_WITH_SENT,0.14596296299172354,0.20694829523563385
2025-12-26,DBC,XGBOOST_H3_WITH_SENT,0.15015018069813083,0.20817163586616516
2025-12-29,DBC,XGBOOST_H3_WITH_SENT,0.1445427172691811,0.20711828768253326
2025-12-30,DBC,XGBOOST_H3_WITH_SENT,0.14811367891813051,0.20279522240161896
2025-12-31,DBC,XGBOOST_H3_WITH_SENT,0.19775986343201724,0.1985662430524826
2024-10-16,SPY,XGBOOST_H3_NO_SENT,0.13366785975628412,0.1133410632610321
2024-10-17,SPY,XGBOOST_H3_NO_SENT,0.13641657014560662,0.11551089584827423
2024-10-18,SPY,XGBOOST_H3_NO_SENT,0.1443875543931977,0.10745812952518463
2024-10-21,SPY,XGBOOST_H3_NO_SENT,0.14490284447804758,0.11347903311252594
2024-10-22,SPY,XGBOOST_H3_NO_SENT,0.14531107264448642,0.11742015928030014
2024-10-23,SPY,XGBOOST_H3_NO_SENT,0.14067343887695874,0.1250023990869522
2024-10-24,SPY,XGBOOST_H3_NO_SENT,0.141456158786216,0.11930586397647858
2024-10-25,SPY,XGBOOST_H3_NO_SENT,0.141474942559915,0.11970891803503036
2024-10-28,SPY,XGBOOST_H3_NO_SENT,0.14152626336886157,0.12613479793071747
2024-10-29,SPY,XGBOOST_H3_NO_SENT,0.14216600740290905,0.11710365116596222
2024-10-30,SPY,XGBOOST_H3_NO_SENT,0.14216802350078928,0.1225656121969223
2024-10-31,SPY,XGBOOST_H3_NO_SENT,0.11820837078276973,0.11401944607496262
2024-11-01,SPY,XGBOOST_H3_NO_SENT,0.11816339681000597,0.12080954015254974
2024-11-04,SPY,XGBOOST_H3_NO_SENT,0.11707410664678283,0.10712405294179916
2024-11-05,SPY,XGBOOST_H3_NO_SENT,0.11280681629713774,0.10979010164737701
2024-11-06,SPY,XGBOOST_H3_NO_SENT,0.0782454374168176,0.11255770921707153
2024-11-07,SPY,XGBOOST_H3_NO_SENT,0.07457634703192904,0.10094717144966125
2024-11-08,SPY,XGBOOST_H3_NO_SENT,0.07656886440157813,0.09306308627128601
2024-11-12,SPY,XGBOOST_H3_NO_SENT,0.08068937920095309,0.10101926326751709
2024-11-13,SPY,XGBOOST_H3_NO_SENT,0.0834975569813715,0.09731384366750717
2024-11-14,SPY,XGBOOST_H3_NO_SENT,0.07934715320642763,0.10922190546989441
2024-11-15,SPY,XGBOOST_H3_NO_SENT,0.06103190261797603,0.11495130509138107
2024-11-18,SPY,XGBOOST_H3_NO_SENT,0.06378888582029253,0.10874103009700775
2024-11-19,SPY,XGBOOST_H3_NO_SENT,0.1284116573433917,0.1018420085310936
2024-11-20,SPY,XGBOOST_H3_NO_SENT,0.1283867291770063,0.10736661404371262
2024-11-21,SPY,XGBOOST_H3_NO_SENT,0.13427659015233764,0.11156494170427322
2024-11-22,SPY,XGBOOST_H3_NO_SENT,0.1355503679874367,0.10658067464828491
2024-11-25,SPY,XGBOOST_H3_NO_SENT,0.1406528147277334,0.10227889567613602
2024-11-26,SPY,XGBOOST_H3_NO_SENT,0.1395414643331091,0.09869955480098724
2024-11-27,SPY,XGBOOST_H3_NO_SENT,0.14436863253241713,0.10005176067352295
2024-11-29,SPY,XGBOOST_H3_NO_SENT,0.14765648521756633,0.09513106942176819
2024-12-02,SPY,XGBOOST_H3_NO_SENT,0.14753716257357835,0.09754747152328491
2024-12-03,SPY,XGBOOST_H3_NO_SENT,0.14743662329411603,0.0972936674952507
2024-12-04,SPY,XGBOOST_H3_NO_SENT,0.1532703308401107,0.09940474480390549
2024-12-05,SPY,XGBOOST_H3_NO_SENT,0.1551806515048676,0.09721000492572784
2024-12-06,SPY,XGBOOST_H3_NO_SENT,0.15924613913401003,0.1072886511683464
2024-12-09,SPY,XGBOOST_H3_NO_SENT,0.15892487761902233,0.11089975386857986
2024-12-10,SPY,XGBOOST_H3_NO_SENT,0.16675934520782557,0.11168605834245682
2024-12-11,SPY,XGBOOST_H3_NO_SENT,0.16355004016700087,0.11363880336284637
2024-12-12,SPY,XGBOOST_H3_NO_SENT,0.1635321667517067,0.1282552182674408
2024-12-13,SPY,XGBOOST_H3_NO_SENT,0.17791288090815777,0.13798707723617554
2024-12-16,SPY,XGBOOST_H3_NO_SENT,0.1769374303702228,0.13643638789653778
2024-12-17,SPY,XGBOOST_H3_NO_SENT,0.18078382888139197,0.13824911415576935
2024-12-18,SPY,XGBOOST_H3_NO_SENT,0.14498861016691197,0.12441249191761017
2024-12-19,SPY,XGBOOST_H3_NO_SENT,0.14548715968362913,0.13265687227249146
2024-12-20,SPY,XGBOOST_H3_NO_SENT,0.14129296323856422,0.12096473574638367
2024-12-23,SPY,XGBOOST_H3_NO_SENT,0.1411285054552132,0.12252335995435715
2024-12-24,SPY,XGBOOST_H3_NO_SENT,0.14596293261359006,0.1114569753408432
2024-12-26,SPY,XGBOOST_H3_NO_SENT,0.149212506534159,0.11440426856279373
2024-12-27,SPY,XGBOOST_H3_NO_SENT,0.14484353651069853,0.11524521559476852
2024-12-30,SPY,XGBOOST_H3_NO_SENT,0.13845967319846583,0.1210087388753891
2024-12-31,SPY,XGBOOST_H3_NO_SENT,0.13940548937038497,0.12742090225219727
2025-01-02,SPY,XGBOOST_H3_NO_SENT,0.14176393886177058,0.1262340396642685
2025-01-03,SPY,XGBOOST_H3_NO_SENT,0.13707398792052247,0.12453895062208176
2025-01-06,SPY,XGBOOST_H3_NO_SENT,0.13639646561367016,0.12771180272102356
2025-01-07,SPY,XGBOOST_H3_NO_SENT,0.1288906400804066,0.1320498138666153
2025-01-08,SPY,XGBOOST_H3_NO_SENT,0.1343474406722921,0.1285734474658966
2025-01-10,SPY,XGBOOST_H3_NO_SENT,0.1209752682345623,0.13346748054027557
2025-01-13,SPY,XGBOOST_H3_NO_SENT,0.12105143811412197,0.1399678736925125
2025-01-14,SPY,XGBOOST_H3_NO_SENT,0.122468420669646,0.1369924396276474
2025-01-15,SPY,XGBOOST_H3_NO_SENT,0.11167026811702632,0.1440528929233551
2025-01-16,SPY,XGBOOST_H3_NO_SENT,0.11112446267738903,0.1346278041601181
2025-01-17,SPY,XGBOOST_H3_NO_SENT,0.10671198170031024,0.12188875675201416
2025-01-21,SPY,XGBOOST_H3_NO_SENT,0.10264329443904231,0.12168429046869278
2025-01-22,SPY,XGBOOST_H3_NO_SENT,0.10245344119317204,0.12250273674726486
2025-01-23,SPY,XGBOOST_H3_NO_SENT,0.11791792092653453,0.1289910227060318
2025-01-24,SPY,XGBOOST_H3_NO_SENT,0.11844904717906282,0.12618908286094666
2025-01-27,SPY,XGBOOST_H3_NO_SENT,0.10876773619439357,0.1336938887834549
2025-01-28,SPY,XGBOOST_H3_NO_SENT,0.10357690155574427,0.13366740942001343
2025-01-29,SPY,XGBOOST_H3_NO_SENT,0.11640049820378778,0.13183225691318512
2025-01-30,SPY,XGBOOST_H3_NO_SENT,0.1290769475678872,0.13447169959545135
2025-01-31,SPY,XGBOOST_H3_NO_SENT,0.14152531537914045,0.12754935026168823
2025-02-03,SPY,XGBOOST_H3_NO_SENT,0.14518749058340868,0.12922519445419312
2025-02-04,SPY,XGBOOST_H3_NO_SENT,0.14893220114358205,0.13249538838863373
2025-02-05,SPY,XGBOOST_H3_NO_SENT,0.15804527402108076,0.12353113293647766
2025-02-06,SPY,XGBOOST_H3_NO_SENT,0.1593128631050855,0.12876738607883453
2025-02-07,SPY,XGBOOST_H3_NO_SENT,0.1802802337986077,0.1298891007900238
2025-02-10,SPY,XGBOOST_H3_NO_SENT,0.17685554477867865,0.13177159428596497
2025-02-11,SPY,XGBOOST_H3_NO_SENT,0.179262801331437,0.14164963364601135
2025-02-12,SPY,XGBOOST_H3_NO_SENT,0.18231188763388523,0.14247488975524902
2025-02-13,SPY,XGBOOST_H3_NO_SENT,0.19606212526983302,0.13856162130832672
2025-02-14,SPY,XGBOOST_H3_NO_SENT,0.20001109273547565,0.1437482386827469
2025-02-18,SPY,XGBOOST_H3_NO_SENT,0.20001636205801832,0.15127459168434143
2025-02-19,SPY,XGBOOST_H3_NO_SENT,0.20593810143438135,0.15218894183635712
2025-02-20,SPY,XGBOOST_H3_NO_SENT,0.20596424502893257,0.1433330923318863
2025-02-21,SPY,XGBOOST_H3_NO_SENT,0.20012872372303614,0.1515195518732071
2025-02-24,SPY,XGBOOST_H3_NO_SENT,0.2129890891404105,0.15068070590496063
2025-02-25,SPY,XGBOOST_H3_NO_SENT,0.21314908853038533,0.15917347371578217
2025-02-26,SPY,XGBOOST_H3_NO_SENT,0.21622957223826814,0.15399153530597687
2025-02-27,SPY,XGBOOST_H3_NO_SENT,0.2098499334629244,0.15022888779640198
2025-02-28,SPY,XGBOOST_H3_NO_SENT,0.2101304336805726,0.15677493810653687
2025-03-03,SPY,XGBOOST_H3_NO_SENT,0.2056213114557326,0.15489062666893005
2025-03-04,SPY,XGBOOST_H3_NO_SENT,0.2028198508458972,0.16079218685626984
2025-03-05,SPY,XGBOOST_H3_NO_SENT,0.19997577676990194,0.16243313252925873
2025-03-06,SPY,XGBOOST_H3_NO_SENT,0.26006657358324964,0.19615967571735382
2025-03-07,SPY,XGBOOST_H3_NO_SENT,0.3274030372108872,0.1610196977853775
2025-03-10,SPY,XGBOOST_H3_NO_SENT,0.3184688047840861,0.15709219872951508
2025-03-11,SPY,XGBOOST_H3_NO_SENT,0.32055301908198264,0.20908015966415405
2025-03-12,SPY,XGBOOST_H3_NO_SENT,0.4924702515306555,0.16441616415977478
2025-03-13,SPY,XGBOOST_H3_NO_SENT,0.5152365541812697,0.16445399820804596
2025-03-14,SPY,XGBOOST_H3_NO_SENT,0.513708517978985,0.18152333796024323
2025-03-17,SPY,XGBOOST_H3_NO_SENT,0.5142736164186054,0.17955796420574188
2025-03-18,SPY,XGBOOST_H3_NO_SENT,0.5133050780115719,0.18147403001785278
2025-03-19,SPY,XGBOOST_H3_NO_SENT,0.5158889866295533,0.17953325808048248
2025-03-20,SPY,XGBOOST_H3_NO_SENT,0.5162003706901672,0.17299415171146393
2025-03-21,SPY,XGBOOST_H3_NO_SENT,0.521096038382067,0.17499767243862152
2025-03-24,SPY,XGBOOST_H3_NO_SENT,0.5263552363441533,0.1684083342552185
2025-03-25,SPY,XGBOOST_H3_NO_SENT,0.5305299483906587,0.17143841087818146
2025-03-26,SPY,XGBOOST_H3_NO_SENT,0.5364046683266049,0.17266042530536652
2025-03-27,SPY,XGBOOST_H3_NO_SENT,0.5373758046908687,0.17339517176151276
2025-03-28,SPY,XGBOOST_H3_NO_SENT,0.5327375884178915,0.1715315282344818
2025-03-31,SPY,XGBOOST_H3_NO_SENT,0.5326667064807427,0.17423880100250244
2025-04-01,SPY,XGBOOST_H3_NO_SENT,0.5325384798142789,0.17165258526802063
2025-04-02,SPY,XGBOOST_H3_NO_SENT,0.5326744134900682,0.1677408069372177
2025-04-03,SPY,XGBOOST_H3_NO_SENT,0.5008552900173643,0.16172802448272705
2025-04-04,SPY,XGBOOST_H3_NO_SENT,0.4439663381206718,0.33144158124923706
2025-04-07,SPY,XGBOOST_H3_NO_SENT,0.44601084393855595,0.3666185140609741
2025-04-08,SPY,XGBOOST_H3_NO_SENT,0.43917343723964125,0.28475266695022583
2025-04-09,SPY,XGBOOST_H3_NO_SENT,0.26572373324257387,0.3333912193775177
2025-04-10,SPY,XGBOOST_H3_NO_SENT,0.20258277112842749,0.4019307792186737
2025-04-11,SPY,XGBOOST_H3_NO_SENT,0.2221018419000746,0.3764013350009918
2025-04-14,SPY,XGBOOST_H3_NO_SENT,0.22140338488248743,0.37614762783050537
2025-04-15,SPY,XGBOOST_H3_NO_SENT,0.22015109047321987,0.3778976798057556
2025-04-16,SPY,XGBOOST_H3_NO_SENT,0.19585370800698718,0.4192165434360504
2025-04-17,SPY,XGBOOST_H3_NO_SENT,0.19516903932892923,0.388030081987381
2025-04-21,SPY,XGBOOST_H3_NO_SENT,0.1610673750021826,0.266431599855423
2025-04-22,SPY,XGBOOST_H3_NO_SENT,0.14973819162190966,0.24407954514026642
2025-04-23,SPY,XGBOOST_H3_NO_SENT,0.16569843963385728,0.25495848059654236
2025-04-24,SPY,XGBOOST_H3_NO_SENT,0.1540361399805229,0.22730594873428345
2025-04-25,SPY,XGBOOST_H3_NO_SENT,0.15726420587334095,0.22323860228061676
2025-04-28,SPY,XGBOOST_H3_NO_SENT,0.16948526069527087,0.23603616654872894
2025-04-29,SPY,XGBOOST_H3_NO_SENT,0.17228866746885824,0.22650647163391113
2025-04-30,SPY,XGBOOST_H3_NO_SENT,0.17205760111896237,0.22333011031150818
2025-05-01,SPY,XGBOOST_H3_NO_SENT,0.1720118084760766,0.2113986611366272
2025-05-02,SPY,XGBOOST_H3_NO_SENT,0.16650335272432126,0.20603032410144806
2025-05-05,SPY,XGBOOST_H3_NO_SENT,0.1641575010382074,0.21853044629096985
2025-05-06,SPY,XGBOOST_H3_NO_SENT,0.1592632360053639,0.23615150153636932
2025-05-07,SPY,XGBOOST_H3_NO_SENT,0.16173965224231068,0.22756478190422058
2025-05-08,SPY,XGBOOST_H3_NO_SENT,0.16327135223649766,0.23577165603637695
2025-05-09,SPY,XGBOOST_H3_NO_SENT,0.16271015844049308,0.22921735048294067
2025-05-12,SPY,XGBOOST_H3_NO_SENT,0.12067903496763864,0.24854128062725067
2025-05-13,SPY,XGBOOST_H3_NO_SENT,0.1202583277583022,0.24484771490097046
2025-05-14,SPY,XGBOOST_H3_NO_SENT,0.12065287661120125,0.2412756085395813
2025-05-15,SPY,XGBOOST_H3_NO_SENT,0.12777486643876895,0.23753568530082703
2025-05-16,SPY,XGBOOST_H3_NO_SENT,0.1301315734608339,0.2568715810775757
2025-05-19,SPY,XGBOOST_H3_NO_SENT,0.13421976738837407,0.2554032504558563
2025-05-20,SPY,XGBOOST_H3_NO_SENT,0.13356180981704444,0.2665162682533264
2025-05-21,SPY,XGBOOST_H3_NO_SENT,0.11742904002993193,0.2684647738933563
2025-05-22,SPY,XGBOOST_H3_NO_SENT,0.12136767220736683,0.2560652196407318
2025-05-23,SPY,XGBOOST_H3_NO_SENT,0.12143271502815368,0.2540138363838196
2025-05-27,SPY,XGBOOST_H3_NO_SENT,0.10092519947324488,0.24141545593738556
2025-05-28,SPY,XGBOOST_H3_NO_SENT,0.09944076028596958,0.25425171852111816
2025-05-29,SPY,XGBOOST_H3_NO_SENT,0.09974696512976244,0.2470550686120987
2025-05-30,SPY,XGBOOST_H3_NO_SENT,0.09932884813503765,0.2624804973602295
2025-06-02,SPY,XGBOOST_H3_NO_SENT,0.0990986999875451,0.24824708700180054
2025-06-03,SPY,XGBOOST_H3_NO_SENT,0.09864223149057173,0.2534875273704529
2025-06-04,SPY,XGBOOST_H3_NO_SENT,0.10019952746265834,0.24598228931427002
2025-06-05,SPY,XGBOOST_H3_NO_SENT,0.10317353542258108,0.24991737306118011
2025-06-06,SPY,XGBOOST_H3_NO_SENT,0.09939711691150922,0.25061723589897156
2025-06-09,SPY,XGBOOST_H3_NO_SENT,0.10035909915771475,0.25298672914505005
2025-06-10,SPY,XGBOOST_H3_NO_SENT,0.09954358851738322,0.18975497782230377
2025-06-11,SPY,XGBOOST_H3_NO_SENT,0.10000092772866773,0.18954113125801086
2025-06-12,SPY,XGBOOST_H3_NO_SENT,0.09972105822944098,0.19799377024173737
2025-06-13,SPY,XGBOOST_H3_NO_SENT,0.09019466036947844,0.18032123148441315
2025-06-16,SPY,XGBOOST_H3_NO_SENT,0.0861862889275232,0.17623725533485413
2025-06-17,SPY,XGBOOST_H3_NO_SENT,0.07785006484398833,0.16724535822868347
2025-06-18,SPY,XGBOOST_H3_NO_SENT,0.07815329505968416,0.17527823150157928
2025-06-20,SPY,XGBOOST_H3_NO_SENT,0.07600318094019531,0.18297117948532104
2025-06-23,SPY,XGBOOST_H3_NO_SENT,0.07181865590866776,0.18073175847530365
2025-06-24,SPY,XGBOOST_H3_NO_SENT,0.06826797477649471,0.1776604950428009
2025-06-25,SPY,XGBOOST_H3_NO_SENT,0.06834628453410416,0.17744281888008118
2025-06-26,SPY,XGBOOST_H3_NO_SENT,0.06558644775324937,0.17951808869838715
2025-06-27,SPY,XGBOOST_H3_NO_SENT,0.06509781970857667,0.18517176806926727
2025-06-30,SPY,XGBOOST_H3_NO_SENT,0.06586392577526451,0.1757221221923828
2025-07-01,SPY,XGBOOST_H3_NO_SENT,0.06626955736786093,0.18113188445568085
2025-07-02,SPY,XGBOOST_H3_NO_SENT,0.06750635129019071,0.1796698421239853
2025-07-03,SPY,XGBOOST_H3_NO_SENT,0.08699697225989123,0.18226258456707
2025-07-07,SPY,XGBOOST_H3_NO_SENT,0.09839109524123761,0.18198025226593018
2025-07-08,SPY,XGBOOST_H3_NO_SENT,0.10053185714663875,0.19288736581802368
2025-07-09,SPY,XGBOOST_H3_NO_SENT,0.10186374401113382,0.20494075119495392
2025-07-10,SPY,XGBOOST_H3_NO_SENT,0.10167958107418647,0.15761195123195648
2025-07-11,SPY,XGBOOST_H3_NO_SENT,0.10361887649063652,0.16640998423099518
2025-07-14,SPY,XGBOOST_H3_NO_SENT,0.10412246020505113,0.17025990784168243
2025-07-15,SPY,XGBOOST_H3_NO_SENT,0.10766290276599562,0.1489706188440323
2025-07-16,SPY,XGBOOST_H3_NO_SENT,0.10768005877118081,0.14925655722618103
2025-07-17,SPY,XGBOOST_H3_NO_SENT,0.10647572251236379,0.15230904519557953
2025-07-18,SPY,XGBOOST_H3_NO_SENT,0.10704152193411604,0.1455790251493454
2025-07-21,SPY,XGBOOST_H3_NO_SENT,0.10713484433745231,0.14399254322052002
2025-07-22,SPY,XGBOOST_H3_NO_SENT,0.10962934282013924,0.1486092358827591
2025-07-23,SPY,XGBOOST_H3_NO_SENT,0.10645807156586193,0.16031092405319214
2025-07-24,SPY,XGBOOST_H3_NO_SENT,0.10755938688797291,0.16833022236824036
2025-07-25,SPY,XGBOOST_H3_NO_SENT,0.11961289267804441,0.16256649792194366
2025-07-28,SPY,XGBOOST_H3_NO_SENT,0.12092816239405736,0.17470887303352356
2025-07-29,SPY,XGBOOST_H3_NO_SENT,0.12105216677674333,0.15976689755916595
2025-07-30,SPY,XGBOOST_H3_NO_SENT,0.12091506243637622,0.16001781821250916
2025-07-31,SPY,XGBOOST_H3_NO_SENT,0.1199158247391699,0.17205967009067535
2025-08-01,SPY,XGBOOST_H3_NO_SENT,0.10387714885555177,0.19663919508457184
2025-08-04,SPY,XGBOOST_H3_NO_SENT,0.09628060687606392,0.18856999278068542
2025-08-05,SPY,XGBOOST_H3_NO_SENT,0.09509306496088253,0.1892261803150177
2025-08-06,SPY,XGBOOST_H3_NO_SENT,0.0957394844174268,0.20304346084594727
2025-08-07,SPY,XGBOOST_H3_NO_SENT,0.09661897155342052,0.2029249221086502
2025-08-08,SPY,XGBOOST_H3_NO_SENT,0.09360181654837323,0.203431636095047
2025-08-11,SPY,XGBOOST_H3_NO_SENT,0.09308492116019004,0.2056715488433838
2025-08-12,SPY,XGBOOST_H3_NO_SENT,0.08647266222126768,0.1636950522661209
2025-08-13,SPY,XGBOOST_H3_NO_SENT,0.09011452201938708,0.16168354451656342
2025-08-14,SPY,XGBOOST_H3_NO_SENT,0.0901830008610953,0.16514480113983154
2025-08-15,SPY,XGBOOST_H3_NO_SENT,0.0905591184919509,0.17475804686546326
2025-08-18,SPY,XGBOOST_H3_NO_SENT,0.0909166009205396,0.16979652643203735
2025-08-19,SPY,XGBOOST_H3_NO_SENT,0.08797442436721647,0.17163802683353424
2025-08-20,SPY,XGBOOST_H3_NO_SENT,0.08722742288028895,0.17358331382274628
2025-08-21,SPY,XGBOOST_H3_NO_SENT,0.08499007975849075,0.18108925223350525
2025-08-22,SPY,XGBOOST_H3_NO_SENT,0.07076869206802168,0.1647619754076004
2025-08-25,SPY,XGBOOST_H3_NO_SENT,0.07206970079988691,0.16796104609966278
2025-08-26,SPY,XGBOOST_H3_NO_SENT,0.07347520812361638,0.1649896651506424
2025-08-27,SPY,XGBOOST_H3_NO_SENT,0.0763585524513417,0.16516153514385223
2025-08-28,SPY,XGBOOST_H3_NO_SENT,0.07769182167521856,0.1660262644290924
2025-08-29,SPY,XGBOOST_H3_NO_SENT,0.07316433228332313,0.1639411896467209
2025-09-02,SPY,XGBOOST_H3_NO_SENT,0.06526585130165108,0.17443856596946716
2025-09-03,SPY,XGBOOST_H3_NO_SENT,0.06430974838704727,0.17262835800647736
2025-09-04,SPY,XGBOOST_H3_NO_SENT,0.05987593115746621,0.1719672530889511
2025-09-05,SPY,XGBOOST_H3_NO_SENT,0.057799017851066274,0.1383964568376541
2025-09-08,SPY,XGBOOST_H3_NO_SENT,0.05810345764012421,0.1401078999042511
2025-09-09,SPY,XGBOOST_H3_NO_SENT,0.06133528355350295,0.13882051408290863
2025-09-10,SPY,XGBOOST_H3_NO_SENT,0.06314528857033493,0.14080385863780975
2025-09-11,SPY,XGBOOST_H3_NO_SENT,0.0601361609272244,0.14003603160381317
2025-09-12,SPY,XGBOOST_H3_NO_SENT,0.11796955419765216,0.14470826089382172
2025-09-15,SPY,XGBOOST_H3_NO_SENT,0.12885962599709902,0.15230700373649597
2025-09-16,SPY,XGBOOST_H3_NO_SENT,0.1288339786120433,0.15461772680282593
2025-09-17,SPY,XGBOOST_H3_NO_SENT,0.12950057598191725,0.15419483184814453
2025-09-18,SPY,XGBOOST_H3_NO_SENT,0.13112600791695045,0.15734563767910004
2025-09-19,SPY,XGBOOST_H3_NO_SENT,0.13150881020034935,0.15999718010425568
2025-09-22,SPY,XGBOOST_H3_NO_SENT,0.13561058926175845,0.1851966679096222
2025-09-23,SPY,XGBOOST_H3_NO_SENT,0.1338928513759678,0.18567480146884918
2025-09-24,SPY,XGBOOST_H3_NO_SENT,0.13484351679427806,0.1904403120279312
2025-09-25,SPY,XGBOOST_H3_NO_SENT,0.13471554198783942,0.19171573221683502
2025-09-26,SPY,XGBOOST_H3_NO_SENT,0.13610227120473695,0.19059070944786072
2025-09-29,SPY,XGBOOST_H3_NO_SENT,0.14113232729504147,0.18697160482406616
2025-09-30,SPY,XGBOOST_H3_NO_SENT,0.14096205038567275,0.19175978004932404
2025-10-01,SPY,XGBOOST_H3_NO_SENT,0.14083253175794505,0.19782666862010956
2025-10-02,SPY,XGBOOST_H3_NO_SENT,0.14762097226908003,0.19534175097942352
2025-10-03,SPY,XGBOOST_H3_NO_SENT,0.14784581491818308,0.16263335943222046
2025-10-06,SPY,XGBOOST_H3_NO_SENT,0.14756734134932623,0.15632861852645874
2025-10-07,SPY,XGBOOST_H3_NO_SENT,0.1536973730475357,0.15520785748958588
2025-10-08,SPY,XGBOOST_H3_NO_SENT,0.15277014095898128,0.15316146612167358
2025-10-09,SPY,XGBOOST_H3_NO_SENT,0.15747526941249368,0.17471574246883392
2025-10-10,SPY,XGBOOST_H3_NO_SENT,0.11986428109514802,0.16900572180747986
2025-10-14,SPY,XGBOOST_H3_NO_SENT,0.11990225556380409,0.16246016323566437
2025-10-15,SPY,XGBOOST_H3_NO_SENT,0.11945335523927698,0.1727692186832428
2025-10-16,SPY,XGBOOST_H3_NO_SENT,0.13286501996482833,0.18034067749977112
2025-10-17,SPY,XGBOOST_H3_NO_SENT,0.13167458129138854,0.1776251494884491
2025-10-20,SPY,XGBOOST_H3_NO_SENT,0.13083478598079393,0.18157321214675903
2025-10-21,SPY,XGBOOST_H3_NO_SENT,0.13386529510714162,0.20628966391086578
2025-10-22,SPY,XGBOOST_H3_NO_SENT,0.13380862130649207,0.21544001996517181
2025-10-23,SPY,XGBOOST_H3_NO_SENT,0.1416007967532943,0.20705600082874298
2025-10-24,SPY,XGBOOST_H3_NO_SENT,0.1433226124683011,0.22183053195476532
2025-10-27,SPY,XGBOOST_H3_NO_SENT,0.14712983085787606,0.22643506526947021
2025-10-28,SPY,XGBOOST_H3_NO_SENT,0.15133907721370138,0.402698814868927
2025-10-29,SPY,XGBOOST_H3_NO_SENT,0.15378923838320843,0.21122997999191284
2025-10-30,SPY,XGBOOST_H3_NO_SENT,0.14996105020020128,0.4110598862171173
2025-10-31,SPY,XGBOOST_H3_NO_SENT,0.15045695285620636,0.20940525829792023
2025-11-03,SPY,XGBOOST_H3_NO_SENT,0.1504526549260908,0.20117388665676117
2025-11-04,SPY,XGBOOST_H3_NO_SENT,0.1442421438631058,0.22170716524124146
2025-11-05,SPY,XGBOOST_H3_NO_SENT,0.1438585269751836,0.2196873277425766
2025-11-06,SPY,XGBOOST_H3_NO_SENT,0.13756702556622796,0.22182849049568176
2025-11-07,SPY,XGBOOST_H3_NO_SENT,0.13835270258002347,0.2242264598608017
2025-11-10,SPY,XGBOOST_H3_NO_SENT,0.12727758476515083,0.1895124465227127
2025-11-12,SPY,XGBOOST_H3_NO_SENT,0.12935910032350406,0.1876208633184433
2025-11-13,SPY,XGBOOST_H3_NO_SENT,0.1203347583623272,0.20049844682216644
2025-11-14,SPY,XGBOOST_H3_NO_SENT,0.12056074561782466,0.2036375254392624
2025-11-17,SPY,XGBOOST_H3_NO_SENT,0.11545021554788557,0.21412695944309235
2025-11-18,SPY,XGBOOST_H3_NO_SENT,0.1186306515301543,0.2186998724937439
2025-11-19,SPY,XGBOOST_H3_NO_SENT,0.12056138964084155,0.21428292989730835
2025-11-20,SPY,XGBOOST_H3_NO_SENT,0.10687852432035534,0.3957861661911011
2025-11-21,SPY,XGBOOST_H3_NO_SENT,0.10413274079722719,0.393551766872406
2025-11-24,SPY,XGBOOST_H3_NO_SENT,0.09365976408626599,0.38611334562301636
2025-11-25,SPY,XGBOOST_H3_NO_SENT,0.08940586766687655,0.37850815057754517
2025-11-26,SPY,XGBOOST_H3_NO_SENT,0.08700061392933467,0.22222714126110077
2025-11-28,SPY,XGBOOST_H3_NO_SENT,0.08667205882378452,0.3588663935661316
2025-12-01,SPY,XGBOOST_H3_NO_SENT,0.08487998221078318,0.20666970312595367
2025-12-02,SPY,XGBOOST_H3_NO_SENT,0.08940503770963246,0.3819492757320404
2025-12-03,SPY,XGBOOST_H3_NO_SENT,0.08879808773056376,0.3263321816921234
2025-12-04,SPY,XGBOOST_H3_NO_SENT,0.09178470290896676,0.32388901710510254
2025-12-05,SPY,XGBOOST_H3_NO_SENT,0.0937576163215622,0.32476264238357544
2025-12-08,SPY,XGBOOST_H3_NO_SENT,0.09387278065179513,0.3204251527786255
2025-12-09,SPY,XGBOOST_H3_NO_SENT,0.09375618179763544,0.32608282566070557
2025-12-10,SPY,XGBOOST_H3_NO_SENT,0.09374034938983009,0.32444822788238525
2025-12-11,SPY,XGBOOST_H3_NO_SENT,0.09359627230760294,0.32594385743141174
2025-12-12,SPY,XGBOOST_H3_NO_SENT,0.08412142224103006,0.3297857344150543
2025-12-15,SPY,XGBOOST_H3_NO_SENT,0.08632983671154014,0.32063421607017517
2025-12-16,SPY,XGBOOST_H3_NO_SENT,0.08549217434095335,0.3179890811443329
2025-12-17,SPY,XGBOOST_H3_NO_SENT,0.07294240004385917,0.38380762934684753
2025-12-18,SPY,XGBOOST_H3_NO_SENT,0.10428074852992539,0.38702359795570374
2025-12-19,SPY,XGBOOST_H3_NO_SENT,0.10734179735509206,0.3262149691581726
2025-12-22,SPY,XGBOOST_H3_NO_SENT,0.10667395013496248,0.32401105761528015
2025-12-23,SPY,XGBOOST_H3_NO_SENT,0.1054856850527175,0.29083511233329773
2025-12-24,SPY,XGBOOST_H3_NO_SENT,0.10629479372204263,0.28342315554618835
2025-12-26,SPY,XGBOOST_H3_NO_SENT,0.10713892131697007,0.302743524312973
2025-12-29,SPY,XGBOOST_H3_NO_SENT,0.10614830288104406,0.335444837808609
2025-12-30,SPY,XGBOOST_H3_NO_SENT,0.10635179157042272,0.41080981492996216
2025-12-31,SPY,XGBOOST_H3_NO_SENT,0.10306477952433298,0.3814428150653839
2024-10-16,QQQ,XGBOOST_H3_NO_SENT,0.17440254530169183,0.14180852472782135
2024-10-17,QQQ,XGBOOST_H3_NO_SENT,0.17733767051020938,0.14191189408302307
2024-10-18,QQQ,XGBOOST_H3_NO_SENT,0.19846971293129065,0.13443297147750854
2024-10-21,QQQ,XGBOOST_H3_NO_SENT,0.1998309234723173,0.1527348756790161
2024-10-22,QQQ,XGBOOST_H3_NO_SENT,0.2011153388923603,0.16065433621406555
2024-10-23,QQQ,XGBOOST_H3_NO_SENT,0.19195403813424072,0.153586283326149
2024-10-24,QQQ,XGBOOST_H3_NO_SENT,0.19056934915628415,0.14629016816616058
2024-10-25,QQQ,XGBOOST_H3_NO_SENT,0.18973292703324332,0.1450682133436203
2024-10-28,QQQ,XGBOOST_H3_NO_SENT,0.18971205738686045,0.15385742485523224
2024-10-29,QQQ,XGBOOST_H3_NO_SENT,0.18780595699613942,0.14272449910640717
2024-10-30,QQQ,XGBOOST_H3_NO_SENT,0.1880001612323039,0.14956818521022797
2024-10-31,QQQ,XGBOOST_H3_NO_SENT,0.1615487854813489,0.1382012814283371
2024-11-01,QQQ,XGBOOST_H3_NO_SENT,0.16335746265396292,0.1528359204530716
2024-11-04,QQQ,XGBOOST_H3_NO_SENT,0.1619648119833608,0.13719195127487183
2024-11-05,QQQ,XGBOOST_H3_NO_SENT,0.16166464988107915,0.1309356689453125
2024-11-06,QQQ,XGBOOST_H3_NO_SENT,0.13612667646542154,0.16208578646183014
2024-11-07,QQQ,XGBOOST_H3_NO_SENT,0.12883370178653442,0.14240092039108276
2024-11-08,QQQ,XGBOOST_H3_NO_SENT,0.13279202527122996,0.13954001665115356
2024-11-12,QQQ,XGBOOST_H3_NO_SENT,0.14621185332860917,0.15109141170978546
2024-11-13,QQQ,XGBOOST_H3_NO_SENT,0.14872299553042534,0.14774714410305023
2024-11-14,QQQ,XGBOOST_H3_NO_SENT,0.14687402352241793,0.16433066129684448
2024-11-15,QQQ,XGBOOST_H3_NO_SENT,0.1159769844871332,0.16158068180084229
2024-11-18,QQQ,XGBOOST_H3_NO_SENT,0.11915410386636074,0.16219927370548248
2024-11-19,QQQ,XGBOOST_H3_NO_SENT,0.18497817786839243,0.15703661739826202
2024-11-20,QQQ,XGBOOST_H3_NO_SENT,0.1860059418066995,0.16527114808559418
2024-11-21,QQQ,XGBOOST_H3_NO_SENT,0.1877928886486956,0.16256755590438843
2024-11-22,QQQ,XGBOOST_H3_NO_SENT,0.19012767938981598,0.1419079750776291
2024-11-25,QQQ,XGBOOST_H3_NO_SENT,0.194624268064774,0.16759757697582245
2024-11-26,QQQ,XGBOOST_H3_NO_SENT,0.19456133617784824,0.17074421048164368
2024-11-27,QQQ,XGBOOST_H3_NO_SENT,0.19918890178188467,0.1591663658618927
2024-11-29,QQQ,XGBOOST_H3_NO_SENT,0.2043215020823302,0.15818530321121216
2024-12-02,QQQ,XGBOOST_H3_NO_SENT,0.2030862120962171,0.15739014744758606
2024-12-03,QQQ,XGBOOST_H3_NO_SENT,0.2027606788898625,0.15822996199131012
2024-12-04,QQQ,XGBOOST_H3_NO_SENT,0.20652658107218477,0.15949919819831848
2024-12-05,QQQ,XGBOOST_H3_NO_SENT,0.21044747340071307,0.1629352867603302
2024-12-06,QQQ,XGBOOST_H3_NO_SENT,0.21748192804420283,0.16031619906425476
2024-12-09,QQQ,XGBOOST_H3_NO_SENT,0.21600624774902222,0.16841329634189606
2024-12-10,QQQ,XGBOOST_H3_NO_SENT,0.22252376277680797,0.16978904604911804
2024-12-11,QQQ,XGBOOST_H3_NO_SENT,0.2109647290744163,0.16871188580989838
2024-12-12,QQQ,XGBOOST_H3_NO_SENT,0.21041592516488455,0.17697088420391083
2024-12-13,QQQ,XGBOOST_H3_NO_SENT,0.22586413140064032,0.18442578613758087
2024-12-16,QQQ,XGBOOST_H3_NO_SENT,0.21898742299325946,0.18615847826004028
2024-12-17,QQQ,XGBOOST_H3_NO_SENT,0.2289327236692695,0.1916988492012024
2024-12-18,QQQ,XGBOOST_H3_NO_SENT,0.18752378993041982,0.18684212863445282
2024-12-19,QQQ,XGBOOST_H3_NO_SENT,0.19090675127047965,0.1966065615415573
2024-12-20,QQQ,XGBOOST_H3_NO_SENT,0.18914820971711735,0.18135154247283936
2024-12-23,QQQ,XGBOOST_H3_NO_SENT,0.188081125525744,0.18325772881507874
2024-12-24,QQQ,XGBOOST_H3_NO_SENT,0.2098885566575865,0.18788541853427887
2024-12-26,QQQ,XGBOOST_H3_NO_SENT,0.21762380401367337,0.1870150864124298
2024-12-27,QQQ,XGBOOST_H3_NO_SENT,0.21253263621812904,0.1852094680070877
2024-12-30,QQQ,XGBOOST_H3_NO_SENT,0.20713180217900323,0.18872901797294617
2024-12-31,QQQ,XGBOOST_H3_NO_SENT,0.20444723940643716,0.1934625506401062
2025-01-02,QQQ,XGBOOST_H3_NO_SENT,0.20676615110727992,0.1941477656364441
2025-01-03,QQQ,XGBOOST_H3_NO_SENT,0.20323113250912447,0.1945153921842575
2025-01-06,QQQ,XGBOOST_H3_NO_SENT,0.19978647954625878,0.19456829130649567
2025-01-07,QQQ,XGBOOST_H3_NO_SENT,0.1883661703356258,0.2069033533334732
2025-01-08,QQQ,XGBOOST_H3_NO_SENT,0.19488402509942485,0.19941145181655884
2025-01-10,QQQ,XGBOOST_H3_NO_SENT,0.18849062672877526,0.20604899525642395
2025-01-13,QQQ,XGBOOST_H3_NO_SENT,0.18819935688460745,0.21903571486473083
2025-01-14,QQQ,XGBOOST_H3_NO_SENT,0.18794027246487993,0.2037414163351059
2025-01-15,QQQ,XGBOOST_H3_NO_SENT,0.17782739559685604,0.2025498002767563
2025-01-16,QQQ,XGBOOST_H3_NO_SENT,0.17485241185702177,0.19863411784172058
2025-01-17,QQQ,XGBOOST_H3_NO_SENT,0.16644098367086238,0.19697660207748413
2025-01-21,QQQ,XGBOOST_H3_NO_SENT,0.1657557944071955,0.1932099610567093
2025-01-22,QQQ,XGBOOST_H3_NO_SENT,0.1612624440554878,0.17503154277801514
2025-01-23,QQQ,XGBOOST_H3_NO_SENT,0.17819619890742427,0.17209719121456146
2025-01-24,QQQ,XGBOOST_H3_NO_SENT,0.1818529990885975,0.17975404858589172
2025-01-27,QQQ,XGBOOST_H3_NO_SENT,0.1544387012622354,0.1923052817583084
2025-01-28,QQQ,XGBOOST_H3_NO_SENT,0.1447260937232546,0.1915469765663147
2025-01-29,QQQ,XGBOOST_H3_NO_SENT,0.1745664962779778,0.1910739243030548
2025-01-30,QQQ,XGBOOST_H3_NO_SENT,0.1844257311153803,0.22669126093387604
2025-01-31,QQQ,XGBOOST_H3_NO_SENT,0.19850183735535623,0.1964682787656784
2025-02-03,QQQ,XGBOOST_H3_NO_SENT,0.19743459935697175,0.1919213831424713
2025-02-04,QQQ,XGBOOST_H3_NO_SENT,0.19817913902724596,0.1947396844625473
2025-02-05,QQQ,XGBOOST_H3_NO_SENT,0.21620406570618747,0.18784575164318085
2025-02-06,QQQ,XGBOOST_H3_NO_SENT,0.21750403809599303,0.189971923828125
2025-02-07,QQQ,XGBOOST_H3_NO_SENT,0.2505589994256479,0.21855904161930084
2025-02-10,QQQ,XGBOOST_H3_NO_SENT,0.24262516130602693,0.2197325974702835
2025-02-11,QQQ,XGBOOST_H3_NO_SENT,0.2498367443608055,0.21120856702327728
2025-02-12,QQQ,XGBOOST_H3_NO_SENT,0.25302870110854603,0.20902760326862335
2025-02-13,QQQ,XGBOOST_H3_NO_SENT,0.26524634341242764,0.2057071030139923
2025-02-14,QQQ,XGBOOST_H3_NO_SENT,0.26647252896444334,0.20889237523078918
2025-02-18,QQQ,XGBOOST_H3_NO_SENT,0.2679682583837877,0.20141848921775818
2025-02-19,QQQ,XGBOOST_H3_NO_SENT,0.27612964154620484,0.21049904823303223
2025-02-20,QQQ,XGBOOST_H3_NO_SENT,0.2762082267233154,0.19569210708141327
2025-02-21,QQQ,XGBOOST_H3_NO_SENT,0.27181769030751846,0.21762318909168243
2025-02-24,QQQ,XGBOOST_H3_NO_SENT,0.2855193783041056,0.20587025582790375
2025-02-25,QQQ,XGBOOST_H3_NO_SENT,0.2845476338882483,0.20213285088539124
2025-02-26,QQQ,XGBOOST_H3_NO_SENT,0.2900278262858372,0.21398000419139862
2025-02-27,QQQ,XGBOOST_H3_NO_SENT,0.274681154760026,0.20046252012252808
2025-02-28,QQQ,XGBOOST_H3_NO_SENT,0.27999207758827815,0.20517675578594208
2025-03-03,QQQ,XGBOOST_H3_NO_SENT,0.27182500764979156,0.20015381276607513
2025-03-04,QQQ,XGBOOST_H3_NO_SENT,0.27454271013297393,0.2101878523826599
2025-03-05,QQQ,XGBOOST_H3_NO_SENT,0.2710800499648258,0.21462304890155792
2025-03-06,QQQ,XGBOOST_H3_NO_SENT,0.31776846667341596,0.22196312248706818
2025-03-07,QQQ,XGBOOST_H3_NO_SENT,0.37943502100040344,0.19959627091884613
2025-03-10,QQQ,XGBOOST_H3_NO_SENT,0.3612490079461675,0.22260895371437073
2025-03-11,QQQ,XGBOOST_H3_NO_SENT,0.3638390857443592,0.25559213757514954
2025-03-12,QQQ,XGBOOST_H3_NO_SENT,0.5576652720958364,0.23658213019371033
2025-03-13,QQQ,XGBOOST_H3_NO_SENT,0.574910192843233,0.24177594482898712
2025-03-14,QQQ,XGBOOST_H3_NO_SENT,0.5718433409153606,0.2585788071155548
2025-03-17,QQQ,XGBOOST_H3_NO_SENT,0.5719059966497647,0.24923992156982422
2025-03-18,QQQ,XGBOOST_H3_NO_SENT,0.5694030514466117,0.24834111332893372
2025-03-19,QQQ,XGBOOST_H3_NO_SENT,0.575369736037488,0.25120601058006287
2025-03-20,QQQ,XGBOOST_H3_NO_SENT,0.5755200148368026,0.2275269478559494
2025-03-21,QQQ,XGBOOST_H3_NO_SENT,0.5797118464286319,0.22048527002334595
2025-03-24,QQQ,XGBOOST_H3_NO_SENT,0.582482399000269,0.21176794171333313
2025-03-25,QQQ,XGBOOST_H3_NO_SENT,0.5895202716878153,0.21930904686450958
2025-03-26,QQQ,XGBOOST_H3_NO_SENT,0.5973219632683802,0.22970525920391083
2025-03-27,QQQ,XGBOOST_H3_NO_SENT,0.5988329507077202,0.21771730482578278
2025-03-28,QQQ,XGBOOST_H3_NO_SENT,0.5910701986638923,0.21163636445999146
2025-03-31,QQQ,XGBOOST_H3_NO_SENT,0.5914767827853745,0.21477483212947845
2025-04-01,QQQ,XGBOOST_H3_NO_SENT,0.5908446057887247,0.22891345620155334
2025-04-02,QQQ,XGBOOST_H3_NO_SENT,0.5920840074996633,0.23675793409347534
2025-04-03,QQQ,XGBOOST_H3_NO_SENT,0.5558761310689808,0.22000938653945923
2025-04-04,QQQ,XGBOOST_H3_NO_SENT,0.496405816786787,0.28474536538124084
2025-04-07,QQQ,XGBOOST_H3_NO_SENT,0.4995828059036485,0.33544766902923584
2025-04-08,QQQ,XGBOOST_H3_NO_SENT,0.49126457624669484,0.33941930532455444
2025-04-09,QQQ,XGBOOST_H3_NO_SENT,0.29282938908487655,0.3278193473815918
2025-04-10,QQQ,XGBOOST_H3_NO_SENT,0.23839460067641424,0.3739788830280304
2025-04-11,QQQ,XGBOOST_H3_NO_SENT,0.26584858175466936,0.34095948934555054
2025-04-14,QQQ,XGBOOST_H3_NO_SENT,0.26799923240035856,0.34159260988235474
2025-04-15,QQQ,XGBOOST_H3_NO_SENT,0.26738366498941096,0.34143659472465515
2025-04-16,QQQ,XGBOOST_H3_NO_SENT,0.23059731112557347,0.38718363642692566
2025-04-17,QQQ,XGBOOST_H3_NO_SENT,0.229073135627526,0.3904811143875122
2025-04-21,QQQ,XGBOOST_H3_NO_SENT,0.19535974449223267,0.36153456568717957
2025-04-22,QQQ,XGBOOST_H3_NO_SENT,0.18995503787128856,0.3352775275707245
2025-04-23,QQQ,XGBOOST_H3_NO_SENT,0.1968149481797719,0.34694287180900574
2025-04-24,QQQ,XGBOOST_H3_NO_SENT,0.17966620230666316,0.31540974974632263
2025-04-25,QQQ,XGBOOST_H3_NO_SENT,0.1846491526037431,0.3498211205005646
2025-04-28,QQQ,XGBOOST_H3_NO_SENT,0.19636685466036644,0.3535807430744171
2025-04-29,QQQ,XGBOOST_H3_NO_SENT,0.19900764642935745,0.3475401997566223
2025-04-30,QQQ,XGBOOST_H3_NO_SENT,0.19851972516653668,0.3393983840942383
2025-05-01,QQQ,XGBOOST_H3_NO_SENT,0.19696433233099828,0.33045288920402527
2025-05-02,QQQ,XGBOOST_H3_NO_SENT,0.19335613820627798,0.31579267978668213
2025-05-05,QQQ,XGBOOST_H3_NO_SENT,0.19067695718653455,0.32394006848335266
2025-05-06,QQQ,XGBOOST_H3_NO_SENT,0.18409288218048006,0.3461979031562805
2025-05-07,QQQ,XGBOOST_H3_NO_SENT,0.18916750898117962,0.3294594883918762
2025-05-08,QQQ,XGBOOST_H3_NO_SENT,0.18894251286739205,0.3385341763496399
2025-05-09,QQQ,XGBOOST_H3_NO_SENT,0.18838396262384544,0.33698752522468567
2025-05-12,QQQ,XGBOOST_H3_NO_SENT,0.13375514779592948,0.32253706455230713
2025-05-13,QQQ,XGBOOST_H3_NO_SENT,0.12657721311625444,0.3167984187602997
2025-05-14,QQQ,XGBOOST_H3_NO_SENT,0.12556677059228044,0.3214721381664276
2025-05-15,QQQ,XGBOOST_H3_NO_SENT,0.1351354617713354,0.3153574466705322
2025-05-16,QQQ,XGBOOST_H3_NO_SENT,0.14247018013825527,0.33306190371513367
2025-05-19,QQQ,XGBOOST_H3_NO_SENT,0.14774234449334456,0.33328184485435486
2025-05-20,QQQ,XGBOOST_H3_NO_SENT,0.1470276558726066,0.33076468110084534
2025-05-21,QQQ,XGBOOST_H3_NO_SENT,0.13768933845820788,0.3420391082763672
2025-05-22,QQQ,XGBOOST_H3_NO_SENT,0.14127827420936473,0.32527583837509155
2025-05-23,QQQ,XGBOOST_H3_NO_SENT,0.14260474180691415,0.32156240940093994
2025-05-27,QQQ,XGBOOST_H3_NO_SENT,0.12081758179459667,0.32598212361335754
2025-05-28,QQQ,XGBOOST_H3_NO_SENT,0.12105203950148395,0.33169788122177124
2025-05-29,QQQ,XGBOOST_H3_NO_SENT,0.12105743478704663,0.32277560234069824
2025-05-30,QQQ,XGBOOST_H3_NO_SENT,0.12065587585198424,0.32135045528411865
2025-06-02,QQQ,XGBOOST_H3_NO_SENT,0.12590229842777828,0.3350588381290436
2025-06-03,QQQ,XGBOOST_H3_NO_SENT,0.12544661202740467,0.3350771367549896
2025-06-04,QQQ,XGBOOST_H3_NO_SENT,0.12828691703881448,0.30465734004974365
2025-06-05,QQQ,XGBOOST_H3_NO_SENT,0.12829308957626553,0.31119176745414734
2025-06-06,QQQ,XGBOOST_H3_NO_SENT,0.12562376592765354,0.31144872307777405
2025-06-09,QQQ,XGBOOST_H3_NO_SENT,0.12679420946894698,0.301306813955307
2025-06-10,QQQ,XGBOOST_H3_NO_SENT,0.12648292760082283,0.23604099452495575
2025-06-11,QQQ,XGBOOST_H3_NO_SENT,0.12591113099424484,0.24376137554645538
2025-06-12,QQQ,XGBOOST_H3_NO_SENT,0.1260305141469681,0.23967237770557404
2025-06-13,QQQ,XGBOOST_H3_NO_SENT,0.11354297141879789,0.23220185935497284
2025-06-16,QQQ,XGBOOST_H3_NO_SENT,0.10591253195708328,0.22945110499858856
2025-06-17,QQQ,XGBOOST_H3_NO_SENT,0.09782203570318487,0.2269553393125534
2025-06-18,QQQ,XGBOOST_H3_NO_SENT,0.09820783017434924,0.23126664757728577
2025-06-20,QQQ,XGBOOST_H3_NO_SENT,0.09475907363357892,0.23893222212791443
2025-06-23,QQQ,XGBOOST_H3_NO_SENT,0.09599021734663023,0.23520097136497498
2025-06-24,QQQ,XGBOOST_H3_NO_SENT,0.08439643759176886,0.2265060395002365
2025-06-25,QQQ,XGBOOST_H3_NO_SENT,0.0843848595336557,0.2251831591129303
2025-06-26,QQQ,XGBOOST_H3_NO_SENT,0.08007425094521814,0.22982414066791534
2025-06-27,QQQ,XGBOOST_H3_NO_SENT,0.08000197561701189,0.23131127655506134
2025-06-30,QQQ,XGBOOST_H3_NO_SENT,0.07885663815937702,0.22355185449123383
2025-07-01,QQQ,XGBOOST_H3_NO_SENT,0.0697489773541582,0.2223752737045288
2025-07-02,QQQ,XGBOOST_H3_NO_SENT,0.07151176393565419,0.2286462038755417
2025-07-03,QQQ,XGBOOST_H3_NO_SENT,0.09752189716273069,0.2302439659833908
2025-07-07,QQQ,XGBOOST_H3_NO_SENT,0.1135225674792853,0.23503164947032928
2025-07-08,QQQ,XGBOOST_H3_NO_SENT,0.11693685721085112,0.24634088575839996
2025-07-09,QQQ,XGBOOST_H3_NO_SENT,0.12233328939083304,0.2587276101112366
2025-07-10,QQQ,XGBOOST_H3_NO_SENT,0.12226220357474216,0.1919795572757721
2025-07-11,QQQ,XGBOOST_H3_NO_SENT,0.1247420511039249,0.20029959082603455
2025-07-14,QQQ,XGBOOST_H3_NO_SENT,0.12565565422452388,0.20860989391803741
2025-07-15,QQQ,XGBOOST_H3_NO_SENT,0.13155250378610175,0.18107178807258606
2025-07-16,QQQ,XGBOOST_H3_NO_SENT,0.13161992976362186,0.18112987279891968
2025-07-17,QQQ,XGBOOST_H3_NO_SENT,0.12997421121027855,0.178040012717247
2025-07-18,QQQ,XGBOOST_H3_NO_SENT,0.13143660859819972,0.16423270106315613
2025-07-21,QQQ,XGBOOST_H3_NO_SENT,0.1308093915030525,0.16666170954704285
2025-07-22,QQQ,XGBOOST_H3_NO_SENT,0.13941346087569703,0.19909699261188507
2025-07-23,QQQ,XGBOOST_H3_NO_SENT,0.14055785620701228,0.19977055490016937
2025-07-24,QQQ,XGBOOST_H3_NO_SENT,0.1413683320795696,0.20417852699756622
2025-07-25,QQQ,XGBOOST_H3_NO_SENT,0.15152242669876337,0.20703794062137604
2025-07-28,QQQ,XGBOOST_H3_NO_SENT,0.15164131273617107,0.20910537242889404
2025-07-29,QQQ,XGBOOST_H3_NO_SENT,0.15207727062329773,0.1986129879951477
2025-07-30,QQQ,XGBOOST_H3_NO_SENT,0.15209379346972973,0.20373792946338654
2025-07-31,QQQ,XGBOOST_H3_NO_SENT,0.15178673513933508,0.20484134554862976
2025-08-01,QQQ,XGBOOST_H3_NO_SENT,0.1389631276367094,0.22107727825641632
2025-08-04,QQQ,XGBOOST_H3_NO_SENT,0.12800185413141776,0.23092803359031677
2025-08-05,QQQ,XGBOOST_H3_NO_SENT,0.12801907102709734,0.2344164252281189
2025-08-06,QQQ,XGBOOST_H3_NO_SENT,0.12435468547045463,0.23187872767448425
2025-08-07,QQQ,XGBOOST_H3_NO_SENT,0.12398929985888504,0.20802871882915497
2025-08-08,QQQ,XGBOOST_H3_NO_SENT,0.12083389926527609,0.21099963784217834
2025-08-11,QQQ,XGBOOST_H3_NO_SENT,0.12046050265329154,0.20713622868061066
2025-08-12,QQQ,XGBOOST_H3_NO_SENT,0.11206751981592648,0.2108864188194275
2025-08-13,QQQ,XGBOOST_H3_NO_SENT,0.11391236617572703,0.20963898301124573
2025-08-14,QQQ,XGBOOST_H3_NO_SENT,0.11473319010296502,0.21598900854587555
2025-08-15,QQQ,XGBOOST_H3_NO_SENT,0.11644390870472388,0.22927464544773102
2025-08-18,QQQ,XGBOOST_H3_NO_SENT,0.11653740270620999,0.2291475534439087
2025-08-19,QQQ,XGBOOST_H3_NO_SENT,0.10342218008453935,0.22442546486854553
2025-08-20,QQQ,XGBOOST_H3_NO_SENT,0.10216982809220501,0.22863063216209412
2025-08-21,QQQ,XGBOOST_H3_NO_SENT,0.09952556276894849,0.23253454267978668
2025-08-22,QQQ,XGBOOST_H3_NO_SENT,0.08930001611183089,0.21693967282772064
2025-08-25,QQQ,XGBOOST_H3_NO_SENT,0.09331191755294597,0.22735626995563507
2025-08-26,QQQ,XGBOOST_H3_NO_SENT,0.09543833128619524,0.2310013622045517
2025-08-27,QQQ,XGBOOST_H3_NO_SENT,0.09809850209543729,0.24060899019241333
2025-08-28,QQQ,XGBOOST_H3_NO_SENT,0.09709626940879514,0.23631781339645386
2025-08-29,QQQ,XGBOOST_H3_NO_SENT,0.08377193031529485,0.23678751289844513
2025-09-02,QQQ,XGBOOST_H3_NO_SENT,0.0732199185258215,0.2452024668455124
2025-09-03,QQQ,XGBOOST_H3_NO_SENT,0.0713452413093247,0.2303103506565094
2025-09-04,QQQ,XGBOOST_H3_NO_SENT,0.06779634842558135,0.22361668944358826
2025-09-05,QQQ,XGBOOST_H3_NO_SENT,0.07197320123534275,0.17143620550632477
2025-09-08,QQQ,XGBOOST_H3_NO_SENT,0.07375915343540812,0.17517831921577454
2025-09-09,QQQ,XGBOOST_H3_NO_SENT,0.07871273170368993,0.17458486557006836
2025-09-10,QQQ,XGBOOST_H3_NO_SENT,0.0849962441555915,0.1719994693994522
2025-09-11,QQQ,XGBOOST_H3_NO_SENT,0.0851770397645822,0.16940246522426605
2025-09-12,QQQ,XGBOOST_H3_NO_SENT,0.15784985207599178,0.1674233078956604
2025-09-15,QQQ,XGBOOST_H3_NO_SENT,0.1720463872519703,0.1784161627292633
2025-09-16,QQQ,XGBOOST_H3_NO_SENT,0.17407835412343098,0.17822052538394928
2025-09-17,QQQ,XGBOOST_H3_NO_SENT,0.17521661309226666,0.19385425746440887
2025-09-18,QQQ,XGBOOST_H3_NO_SENT,0.17341388889459083,0.19688542187213898
2025-09-19,QQQ,XGBOOST_H3_NO_SENT,0.17331841141447876,0.2023593932390213
2025-09-22,QQQ,XGBOOST_H3_NO_SENT,0.1776253987090433,0.22108079493045807
2025-09-23,QQQ,XGBOOST_H3_NO_SENT,0.17551275991273035,0.2221778929233551
2025-09-24,QQQ,XGBOOST_H3_NO_SENT,0.17898779661159375,0.22540777921676636
2025-09-25,QQQ,XGBOOST_H3_NO_SENT,0.17985713262089148,0.22964254021644592
2025-09-26,QQQ,XGBOOST_H3_NO_SENT,0.18261608875477878,0.22539952397346497
2025-09-29,QQQ,XGBOOST_H3_NO_SENT,0.19100682562169377,0.2250458300113678
2025-09-30,QQQ,XGBOOST_H3_NO_SENT,0.19192156440426572,0.22106628119945526
2025-10-01,QQQ,XGBOOST_H3_NO_SENT,0.19188097652109015,0.22366289794445038
2025-10-02,QQQ,XGBOOST_H3_NO_SENT,0.20211253080179312,0.22768659889698029
2025-10-03,QQQ,XGBOOST_H3_NO_SENT,0.20117473965798408,0.22397707402706146
2025-10-06,QQQ,XGBOOST_H3_NO_SENT,0.20044226171912033,0.20974715054035187
2025-10-07,QQQ,XGBOOST_H3_NO_SENT,0.21453508302119217,0.21143484115600586
2025-10-08,QQQ,XGBOOST_H3_NO_SENT,0.21213458671732158,0.20775702595710754
2025-10-09,QQQ,XGBOOST_H3_NO_SENT,0.22341242845315795,0.2244742214679718
2025-10-10,QQQ,XGBOOST_H3_NO_SENT,0.18092890032740175,0.20387229323387146
2025-10-14,QQQ,XGBOOST_H3_NO_SENT,0.18029002491138207,0.20714250206947327
2025-10-15,QQQ,XGBOOST_H3_NO_SENT,0.17949181769364206,0.24426744878292084
2025-10-16,QQQ,XGBOOST_H3_NO_SENT,0.195397435656179,0.26467427611351013
2025-10-17,QQQ,XGBOOST_H3_NO_SENT,0.19417564439013713,0.25814270973205566
2025-10-20,QQQ,XGBOOST_H3_NO_SENT,0.19113491970351723,0.2652721703052521
2025-10-21,QQQ,XGBOOST_H3_NO_SENT,0.19550075997384897,0.308025062084198
2025-10-22,QQQ,XGBOOST_H3_NO_SENT,0.1944297021389157,0.3055887818336487
2025-10-23,QQQ,XGBOOST_H3_NO_SENT,0.20830860292775244,0.3143312335014343
2025-10-24,QQQ,XGBOOST_H3_NO_SENT,0.2060565974554666,0.3218459486961365
2025-10-27,QQQ,XGBOOST_H3_NO_SENT,0.21724803267848336,0.33284586668014526
2025-10-28,QQQ,XGBOOST_H3_NO_SENT,0.21643218938681985,0.5150449872016907
2025-10-29,QQQ,XGBOOST_H3_NO_SENT,0.21865551008758943,0.3112563490867615
2025-10-30,QQQ,XGBOOST_H3_NO_SENT,0.21501744151772917,0.5068707466125488
2025-10-31,QQQ,XGBOOST_H3_NO_SENT,0.21427251708995262,0.3235234022140503
2025-11-03,QQQ,XGBOOST_H3_NO_SENT,0.21560848913090744,0.3038179576396942
2025-11-04,QQQ,XGBOOST_H3_NO_SENT,0.20280167417918843,0.3353005349636078
2025-11-05,QQQ,XGBOOST_H3_NO_SENT,0.2015267356052275,0.3331737518310547
2025-11-06,QQQ,XGBOOST_H3_NO_SENT,0.18924336602961322,0.33158308267593384
2025-11-07,QQQ,XGBOOST_H3_NO_SENT,0.18892261077780537,0.33642444014549255
2025-11-10,QQQ,XGBOOST_H3_NO_SENT,0.1724044252531196,0.2528882920742035
2025-11-12,QQQ,XGBOOST_H3_NO_SENT,0.17306803861334222,0.2663519084453583
2025-11-13,QQQ,XGBOOST_H3_NO_SENT,0.1709900472101622,0.287171870470047
2025-11-14,QQQ,XGBOOST_H3_NO_SENT,0.17207333462418276,0.28274813294410706
2025-11-17,QQQ,XGBOOST_H3_NO_SENT,0.1690354352046874,0.3182157576084137
2025-11-18,QQQ,XGBOOST_H3_NO_SENT,0.17695306008727893,0.33453065156936646
2025-11-19,QQQ,XGBOOST_H3_NO_SENT,0.18293066845365677,0.3113826811313629
2025-11-20,QQQ,XGBOOST_H3_NO_SENT,0.16255691588937352,0.4465930163860321
2025-11-21,QQQ,XGBOOST_H3_NO_SENT,0.16176306726300316,0.44409704208374023
2025-11-24,QQQ,XGBOOST_H3_NO_SENT,0.1380927790146439,0.4342455565929413
2025-11-25,QQQ,XGBOOST_H3_NO_SENT,0.1371084420369779,0.41064929962158203
2025-11-26,QQQ,XGBOOST_H3_NO_SENT,0.13424683833463122,0.2940368950366974
2025-11-28,QQQ,XGBOOST_H3_NO_SENT,0.13284378167559813,0.42068809270858765
2025-12-01,QQQ,XGBOOST_H3_NO_SENT,0.13252443382497572,0.2801811695098877
2025-12-02,QQQ,XGBOOST_H3_NO_SENT,0.1326805238632955,0.41745978593826294
2025-12-03,QQQ,XGBOOST_H3_NO_SENT,0.13227798648961472,0.35668906569480896
2025-12-04,QQQ,XGBOOST_H3_NO_SENT,0.13581779764671037,0.34094977378845215
2025-12-05,QQQ,XGBOOST_H3_NO_SENT,0.13881244764726344,0.3426668345928192
2025-12-08,QQQ,XGBOOST_H3_NO_SENT,0.13868828661843446,0.3214227855205536
2025-12-09,QQQ,XGBOOST_H3_NO_SENT,0.14007889477384627,0.32860317826271057
2025-12-10,QQQ,XGBOOST_H3_NO_SENT,0.14397119364360839,0.32485926151275635
2025-12-11,QQQ,XGBOOST_H3_NO_SENT,0.14348504514599095,0.33263495564460754
2025-12-12,QQQ,XGBOOST_H3_NO_SENT,0.1239920192237121,0.34217017889022827
2025-12-15,QQQ,XGBOOST_H3_NO_SENT,0.12926870128914156,0.33738160133361816
2025-12-16,QQQ,XGBOOST_H3_NO_SENT,0.12959091569128073,0.31289219856262207
2025-12-17,QQQ,XGBOOST_H3_NO_SENT,0.10738576458324511,0.36161038279533386
2025-12-18,QQQ,XGBOOST_H3_NO_SENT,0.1254435702572579,0.3458813428878784
2025-12-19,QQQ,XGBOOST_H3_NO_SENT,0.12610718625064563,0.3088569641113281
2025-12-22,QQQ,XGBOOST_H3_NO_SENT,0.1276377334954606,0.3141864836215973
2025-12-23,QQQ,XGBOOST_H3_NO_SENT,0.12703208330521745,0.2998666763305664
2025-12-24,QQQ,XGBOOST_H3_NO_SENT,0.12757855899450443,0.29199808835983276
2025-12-26,QQQ,XGBOOST_H3_NO_SENT,0.13142334329009392,0.31392422318458557
2025-12-29,QQQ,XGBOOST_H3_NO_SENT,0.13013755191561022,0.3386477828025818
2025-12-30,QQQ,XGBOOST_H3_NO_SENT,0.13202059264603894,0.39014559984207153
2025-12-31,QQQ,XGBOOST_H3_NO_SENT,0.13609996601113977,0.3455703854560852
2024-10-16,IWM,XGBOOST_H3_NO_SENT,0.26127094497529324,0.20164696872234344
2024-10-17,IWM,XGBOOST_H3_NO_SENT,0.2665525219308956,0.2020602971315384
2024-10-18,IWM,XGBOOST_H3_NO_SENT,0.2726064237508511,0.2000705450773239
2024-10-21,IWM,XGBOOST_H3_NO_SENT,0.2655657698630728,0.2094380408525467
2024-10-22,IWM,XGBOOST_H3_NO_SENT,0.2655716132708346,0.21090319752693176
2024-10-23,IWM,XGBOOST_H3_NO_SENT,0.2622714342225022,0.2163444310426712
2024-10-24,IWM,XGBOOST_H3_NO_SENT,0.2659738728178829,0.2104986310005188
2024-10-25,IWM,XGBOOST_H3_NO_SENT,0.26976155583734324,0.19762833416461945
2024-10-28,IWM,XGBOOST_H3_NO_SENT,0.2691547622172669,0.20567040145397186
2024-10-29,IWM,XGBOOST_H3_NO_SENT,0.2710795076583698,0.20320770144462585
2024-10-30,IWM,XGBOOST_H3_NO_SENT,0.27052635577969253,0.2100694626569748
2024-10-31,IWM,XGBOOST_H3_NO_SENT,0.2589754921525194,0.2067103087902069
2024-11-01,IWM,XGBOOST_H3_NO_SENT,0.25976962939093495,0.20912572741508484
2024-11-04,IWM,XGBOOST_H3_NO_SENT,0.2632849057045578,0.18704664707183838
2024-11-05,IWM,XGBOOST_H3_NO_SENT,0.2578067043163542,0.17858435213565826
2024-11-06,IWM,XGBOOST_H3_NO_SENT,0.17211760897469489,0.1877385526895523
2024-11-07,IWM,XGBOOST_H3_NO_SENT,0.17192548841263797,0.1617216020822525
2024-11-08,IWM,XGBOOST_H3_NO_SENT,0.17104319971312862,0.1680135726928711
2024-11-12,IWM,XGBOOST_H3_NO_SENT,0.15056041042443963,0.16788990795612335
2024-11-13,IWM,XGBOOST_H3_NO_SENT,0.15370386403207686,0.18385329842567444
2024-11-14,IWM,XGBOOST_H3_NO_SENT,0.1476343878158553,0.1891588717699051
2024-11-15,IWM,XGBOOST_H3_NO_SENT,0.13722702327348701,0.18854500353336334
2024-11-18,IWM,XGBOOST_H3_NO_SENT,0.14449322978619603,0.18738164007663727
2024-11-19,IWM,XGBOOST_H3_NO_SENT,0.21532537320906864,0.1747482568025589
2024-11-20,IWM,XGBOOST_H3_NO_SENT,0.21511624927885017,0.18587899208068848
2024-11-21,IWM,XGBOOST_H3_NO_SENT,0.2098469227639618,0.19013357162475586
2024-11-22,IWM,XGBOOST_H3_NO_SENT,0.1948426987385279,0.19145861268043518
2024-11-25,IWM,XGBOOST_H3_NO_SENT,0.1880827638033516,0.19257692992687225
2024-11-26,IWM,XGBOOST_H3_NO_SENT,0.19407101138377356,0.19575287401676178
2024-11-27,IWM,XGBOOST_H3_NO_SENT,0.19755034527383844,0.19799965620040894
2024-11-29,IWM,XGBOOST_H3_NO_SENT,0.19584473367542274,0.19378508627414703
2024-12-02,IWM,XGBOOST_H3_NO_SENT,0.19641479552384547,0.19567380845546722
2024-12-03,IWM,XGBOOST_H3_NO_SENT,0.19694375700939176,0.1949359029531479
2024-12-04,IWM,XGBOOST_H3_NO_SENT,0.20639608522440245,0.19809570908546448
2024-12-05,IWM,XGBOOST_H3_NO_SENT,0.20437504199846154,0.19512753188610077
2024-12-06,IWM,XGBOOST_H3_NO_SENT,0.20374744839577455,0.1964140236377716
2024-12-09,IWM,XGBOOST_H3_NO_SENT,0.20370159989800868,0.19120004773139954
2024-12-10,IWM,XGBOOST_H3_NO_SENT,0.21450926942497078,0.18254201114177704
2024-12-11,IWM,XGBOOST_H3_NO_SENT,0.213308040455217,0.18519659340381622
2024-12-12,IWM,XGBOOST_H3_NO_SENT,0.21761186348400754,0.19012567400932312
2024-12-13,IWM,XGBOOST_H3_NO_SENT,0.2312848408339858,0.2044093757867813
2024-12-16,IWM,XGBOOST_H3_NO_SENT,0.2299864756891837,0.20601624250411987
2024-12-17,IWM,XGBOOST_H3_NO_SENT,0.2281751047880458,0.22679564356803894
2024-12-18,IWM,XGBOOST_H3_NO_SENT,0.17035713245249806,0.19557484984397888
2024-12-19,IWM,XGBOOST_H3_NO_SENT,0.17156884539480835,0.18756137788295746
2024-12-20,IWM,XGBOOST_H3_NO_SENT,0.16964595130021096,0.18864084780216217
2024-12-23,IWM,XGBOOST_H3_NO_SENT,0.16980720355820653,0.1993202269077301
2024-12-24,IWM,XGBOOST_H3_NO_SENT,0.17198412496691118,0.2010893076658249
2024-12-26,IWM,XGBOOST_H3_NO_SENT,0.16830632597499395,0.21407172083854675
2024-12-27,IWM,XGBOOST_H3_NO_SENT,0.15923899522766255,0.22025619447231293
2024-12-30,IWM,XGBOOST_H3_NO_SENT,0.1590849673075526,0.22668349742889404
2024-12-31,IWM,XGBOOST_H3_NO_SENT,0.16361557517711223,0.24111409485340118
2025-01-02,IWM,XGBOOST_H3_NO_SENT,0.17001595800511618,0.23706093430519104
2025-01-03,IWM,XGBOOST_H3_NO_SENT,0.16893125326566474,0.24525456130504608
2025-01-06,IWM,XGBOOST_H3_NO_SENT,0.17281425050258337,0.2530502676963806
2025-01-07,IWM,XGBOOST_H3_NO_SENT,0.17028321449865502,0.259345144033432
2025-01-08,IWM,XGBOOST_H3_NO_SENT,0.17532568926736572,0.2550857663154602
2025-01-10,IWM,XGBOOST_H3_NO_SENT,0.15258769483134188,0.25862282514572144
2025-01-13,IWM,XGBOOST_H3_NO_SENT,0.15529782911878706,0.2683025300502777
2025-01-14,IWM,XGBOOST_H3_NO_SENT,0.15594715071373239,0.26374736428260803
2025-01-15,IWM,XGBOOST_H3_NO_SENT,0.14527393317846454,0.2241760641336441
2025-01-16,IWM,XGBOOST_H3_NO_SENT,0.14521605046328268,0.20959071815013885
2025-01-17,IWM,XGBOOST_H3_NO_SENT,0.14569605862611748,0.205755814909935
2025-01-21,IWM,XGBOOST_H3_NO_SENT,0.12837581661971145,0.20670969784259796
2025-01-22,IWM,XGBOOST_H3_NO_SENT,0.13067105509480997,0.19696436822414398
2025-01-23,IWM,XGBOOST_H3_NO_SENT,0.16302661095636234,0.2076362669467926
2025-01-24,IWM,XGBOOST_H3_NO_SENT,0.1638640662423871,0.20828238129615784
2025-01-27,IWM,XGBOOST_H3_NO_SENT,0.16194151739263737,0.20174002647399902
2025-01-28,IWM,XGBOOST_H3_NO_SENT,0.16198663740076566,0.2178732454776764
2025-01-29,IWM,XGBOOST_H3_NO_SENT,0.16829211562669746,0.2127162218093872
2025-01-30,IWM,XGBOOST_H3_NO_SENT,0.16879040620920724,0.2065894454717636
2025-01-31,IWM,XGBOOST_H3_NO_SENT,0.18926864925416303,0.1993159055709839
2025-02-03,IWM,XGBOOST_H3_NO_SENT,0.18905706682921897,0.19344452023506165
2025-02-04,IWM,XGBOOST_H3_NO_SENT,0.18466907252420403,0.19782891869544983
2025-02-05,IWM,XGBOOST_H3_NO_SENT,0.17969899189423882,0.19524580240249634
2025-02-06,IWM,XGBOOST_H3_NO_SENT,0.1822763153365101,0.19667047262191772
2025-02-07,IWM,XGBOOST_H3_NO_SENT,0.1949003271280159,0.20375165343284607
2025-02-10,IWM,XGBOOST_H3_NO_SENT,0.19230349412394795,0.1975664645433426
2025-02-11,IWM,XGBOOST_H3_NO_SENT,0.19433759850814092,0.2000923603773117
2025-02-12,IWM,XGBOOST_H3_NO_SENT,0.19677635070895735,0.20580844581127167
2025-02-13,IWM,XGBOOST_H3_NO_SENT,0.21577406468272853,0.196405827999115
2025-02-14,IWM,XGBOOST_H3_NO_SENT,0.2245694976132118,0.20708923041820526
2025-02-18,IWM,XGBOOST_H3_NO_SENT,0.2216241442009149,0.20717443525791168
2025-02-19,IWM,XGBOOST_H3_NO_SENT,0.23370942457284438,0.21100756525993347
2025-02-20,IWM,XGBOOST_H3_NO_SENT,0.23305059388901128,0.20512335002422333
2025-02-21,IWM,XGBOOST_H3_NO_SENT,0.21402327038770952,0.2006152868270874
2025-02-24,IWM,XGBOOST_H3_NO_SENT,0.23486311690071157,0.2018873244524002
2025-02-25,IWM,XGBOOST_H3_NO_SENT,0.23516461753118273,0.2019919455051422
2025-02-26,IWM,XGBOOST_H3_NO_SENT,0.2367639802502604,0.20694901049137115
2025-02-27,IWM,XGBOOST_H3_NO_SENT,0.23193395395378433,0.21005715429782867
2025-02-28,IWM,XGBOOST_H3_NO_SENT,0.23624781640130993,0.20985868573188782
2025-03-03,IWM,XGBOOST_H3_NO_SENT,0.21814243880807865,0.21093665063381195
2025-03-04,IWM,XGBOOST_H3_NO_SENT,0.21550694269835807,0.2210257202386856
2025-03-05,IWM,XGBOOST_H3_NO_SENT,0.2205099310232199,0.21300901472568512
2025-03-06,IWM,XGBOOST_H3_NO_SENT,0.31682927045068454,0.21130678057670593
2025-03-07,IWM,XGBOOST_H3_NO_SENT,0.3482592381393816,0.2149692177772522
2025-03-10,IWM,XGBOOST_H3_NO_SENT,0.3410729884087598,0.22699885070323944
2025-03-11,IWM,XGBOOST_H3_NO_SENT,0.34850087518289213,0.23402254283428192
2025-03-12,IWM,XGBOOST_H3_NO_SENT,0.46889956270408994,0.21261145174503326
2025-03-13,IWM,XGBOOST_H3_NO_SENT,0.4885836262679254,0.21208328008651733
2025-03-14,IWM,XGBOOST_H3_NO_SENT,0.48250826045703027,0.2280426025390625
2025-03-17,IWM,XGBOOST_H3_NO_SENT,0.48212117123058934,0.23158657550811768
2025-03-18,IWM,XGBOOST_H3_NO_SENT,0.4823196996724896,0.22477686405181885
2025-03-19,IWM,XGBOOST_H3_NO_SENT,0.4769507292053298,0.22871091961860657
2025-03-20,IWM,XGBOOST_H3_NO_SENT,0.47936066866728,0.22590850293636322
2025-03-21,IWM,XGBOOST_H3_NO_SENT,0.48251244219735423,0.227846160531044
2025-03-24,IWM,XGBOOST_H3_NO_SENT,0.4833333851806606,0.2122451812028885
2025-03-25,IWM,XGBOOST_H3_NO_SENT,0.48857772321399295,0.21192513406276703
2025-03-26,IWM,XGBOOST_H3_NO_SENT,0.49541685857365847,0.20825280249118805
2025-03-27,IWM,XGBOOST_H3_NO_SENT,0.49548824520156576,0.20467689633369446
2025-03-28,IWM,XGBOOST_H3_NO_SENT,0.49139575842786415,0.20565049350261688
2025-03-31,IWM,XGBOOST_H3_NO_SENT,0.4918762152555888,0.1997859627008438
2025-04-01,IWM,XGBOOST_H3_NO_SENT,0.4922340541956149,0.19989633560180664
2025-04-02,IWM,XGBOOST_H3_NO_SENT,0.489072441606972,0.20022079348564148
2025-04-03,IWM,XGBOOST_H3_NO_SENT,0.43132965295147435,0.21022649109363556
2025-04-04,IWM,XGBOOST_H3_NO_SENT,0.39429303704923524,0.32391607761383057
2025-04-07,IWM,XGBOOST_H3_NO_SENT,0.395216418243693,0.341207355260849
2025-04-08,IWM,XGBOOST_H3_NO_SENT,0.3776870169897067,0.31814876198768616
2025-04-09,IWM,XGBOOST_H3_NO_SENT,0.25806863043466327,0.32326212525367737
2025-04-10,IWM,XGBOOST_H3_NO_SENT,0.19462202996997835,0.5850135087966919
2025-04-11,IWM,XGBOOST_H3_NO_SENT,0.21909971222718783,0.6004019975662231
2025-04-14,IWM,XGBOOST_H3_NO_SENT,0.21818346469310385,0.6038130521774292
2025-04-15,IWM,XGBOOST_H3_NO_SENT,0.22377151118003358,0.6032716035842896
2025-04-16,IWM,XGBOOST_H3_NO_SENT,0.21691675337591973,0.6282128095626831
2025-04-17,IWM,XGBOOST_H3_NO_SENT,0.2169306558206327,0.591800332069397
2025-04-21,IWM,XGBOOST_H3_NO_SENT,0.1978981672436177,0.4111114740371704
2025-04-22,IWM,XGBOOST_H3_NO_SENT,0.18585767290183608,0.40473678708076477
2025-04-23,IWM,XGBOOST_H3_NO_SENT,0.2178023881377218,0.3902687430381775
2025-04-24,IWM,XGBOOST_H3_NO_SENT,0.20904236908345947,0.3824082016944885
2025-04-25,IWM,XGBOOST_H3_NO_SENT,0.2098401795576843,0.37226197123527527
2025-04-28,IWM,XGBOOST_H3_NO_SENT,0.22507983197399817,0.36955490708351135
2025-04-29,IWM,XGBOOST_H3_NO_SENT,0.2299960918362365,0.36384692788124084
2025-04-30,IWM,XGBOOST_H3_NO_SENT,0.22772072896860052,0.3648603558540344
2025-05-01,IWM,XGBOOST_H3_NO_SENT,0.22902294362334905,0.3610096573829651
2025-05-02,IWM,XGBOOST_H3_NO_SENT,0.21659728089490776,0.3556075096130371
2025-05-05,IWM,XGBOOST_H3_NO_SENT,0.2198683243161824,0.370951384305954
2025-05-06,IWM,XGBOOST_H3_NO_SENT,0.21511496741988073,0.2540475130081177
2025-05-07,IWM,XGBOOST_H3_NO_SENT,0.2152817831670603,0.22703994810581207
2025-05-08,IWM,XGBOOST_H3_NO_SENT,0.2126841400171391,0.22633039951324463
2025-05-09,IWM,XGBOOST_H3_NO_SENT,0.21252083558402543,0.2218455970287323
2025-05-12,IWM,XGBOOST_H3_NO_SENT,0.17746580596929365,0.2499949187040329
2025-05-13,IWM,XGBOOST_H3_NO_SENT,0.17839643188477652,0.2398063987493515
2025-05-14,IWM,XGBOOST_H3_NO_SENT,0.17553710389965146,0.24032822251319885
2025-05-15,IWM,XGBOOST_H3_NO_SENT,0.18788473035722003,0.24341386556625366
2025-05-16,IWM,XGBOOST_H3_NO_SENT,0.1902615314812082,0.24088232219219208
2025-05-19,IWM,XGBOOST_H3_NO_SENT,0.19361227679286322,0.2398945689201355
2025-05-20,IWM,XGBOOST_H3_NO_SENT,0.19449811876277998,0.23973046243190765
2025-05-21,IWM,XGBOOST_H3_NO_SENT,0.16272455198072483,0.25471726059913635
2025-05-22,IWM,XGBOOST_H3_NO_SENT,0.16681199802281052,0.25230348110198975
2025-05-23,IWM,XGBOOST_H3_NO_SENT,0.1695053979012766,0.2492728978395462
2025-05-27,IWM,XGBOOST_H3_NO_SENT,0.155730251498633,0.23509123921394348
2025-05-28,IWM,XGBOOST_H3_NO_SENT,0.15782212514514643,0.25568893551826477
2025-05-29,IWM,XGBOOST_H3_NO_SENT,0.15799504836375397,0.23579156398773193
2025-05-30,IWM,XGBOOST_H3_NO_SENT,0.15558300750030402,0.24409350752830505
2025-06-02,IWM,XGBOOST_H3_NO_SENT,0.15787945355935787,0.22713075578212738
2025-06-03,IWM,XGBOOST_H3_NO_SENT,0.1556112771777858,0.2336079180240631
2025-06-04,IWM,XGBOOST_H3_NO_SENT,0.15558263634854633,0.23036670684814453
2025-06-05,IWM,XGBOOST_H3_NO_SENT,0.16893044710689425,0.23073813319206238
2025-06-06,IWM,XGBOOST_H3_NO_SENT,0.16239213990362536,0.2248922735452652
2025-06-09,IWM,XGBOOST_H3_NO_SENT,0.1644400273970047,0.2215738594532013
2025-06-10,IWM,XGBOOST_H3_NO_SENT,0.1643849905269462,0.19758915901184082
2025-06-11,IWM,XGBOOST_H3_NO_SENT,0.17301913138483474,0.2030574530363083
2025-06-12,IWM,XGBOOST_H3_NO_SENT,0.17227759235243736,0.20003361999988556
2025-06-13,IWM,XGBOOST_H3_NO_SENT,0.1744642981597161,0.19479432702064514
2025-06-16,IWM,XGBOOST_H3_NO_SENT,0.17335830472911506,0.1910054087638855
2025-06-17,IWM,XGBOOST_H3_NO_SENT,0.17018167661844855,0.18257302045822144
2025-06-18,IWM,XGBOOST_H3_NO_SENT,0.17416878073723474,0.19148066639900208
2025-06-20,IWM,XGBOOST_H3_NO_SENT,0.17505488296075913,0.19693584740161896
2025-06-23,IWM,XGBOOST_H3_NO_SENT,0.17283872491005225,0.1965886503458023
2025-06-24,IWM,XGBOOST_H3_NO_SENT,0.17496575314403356,0.18953970074653625
2025-06-25,IWM,XGBOOST_H3_NO_SENT,0.17751239972985403,0.19100192189216614
2025-06-26,IWM,XGBOOST_H3_NO_SENT,0.17037588430794434,0.18665669858455658
2025-06-27,IWM,XGBOOST_H3_NO_SENT,0.17065528171459174,0.19209633767604828
2025-06-30,IWM,XGBOOST_H3_NO_SENT,0.1732258846357353,0.18325534462928772
2025-07-01,IWM,XGBOOST_H3_NO_SENT,0.17159540028048498,0.1832183450460434
2025-07-02,IWM,XGBOOST_H3_NO_SENT,0.16839167601976812,0.190879225730896
2025-07-03,IWM,XGBOOST_H3_NO_SENT,0.1787776299582661,0.19563034176826477
2025-07-07,IWM,XGBOOST_H3_NO_SENT,0.1906394575928908,0.2020166665315628
2025-07-08,IWM,XGBOOST_H3_NO_SENT,0.1898782550553194,0.21101397275924683
2025-07-09,IWM,XGBOOST_H3_NO_SENT,0.18549019737675992,0.22107863426208496
2025-07-10,IWM,XGBOOST_H3_NO_SENT,0.1843848666644478,0.20064350962638855
2025-07-11,IWM,XGBOOST_H3_NO_SENT,0.17834715376779472,0.21148444712162018
2025-07-14,IWM,XGBOOST_H3_NO_SENT,0.17642034349462246,0.22865433990955353
2025-07-15,IWM,XGBOOST_H3_NO_SENT,0.19119175796384696,0.21380917727947235
2025-07-16,IWM,XGBOOST_H3_NO_SENT,0.19911919139114823,0.2173687219619751
2025-07-17,IWM,XGBOOST_H3_NO_SENT,0.20182705121244005,0.21642234921455383
2025-07-18,IWM,XGBOOST_H3_NO_SENT,0.2007871218076793,0.2102489024400711
2025-07-21,IWM,XGBOOST_H3_NO_SENT,0.20004024397107004,0.2140132635831833
2025-07-22,IWM,XGBOOST_H3_NO_SENT,0.20085365573881922,0.22354207932949066
2025-07-23,IWM,XGBOOST_H3_NO_SENT,0.19378854263698322,0.22366400063037872
2025-07-24,IWM,XGBOOST_H3_NO_SENT,0.1871244902269368,0.26406028866767883
2025-07-25,IWM,XGBOOST_H3_NO_SENT,0.2305517811490476,0.2661381959915161
2025-07-28,IWM,XGBOOST_H3_NO_SENT,0.23479531961245148,0.2922036945819855
2025-07-29,IWM,XGBOOST_H3_NO_SENT,0.2337542055504575,0.28702327609062195
2025-07-30,IWM,XGBOOST_H3_NO_SENT,0.23247287774949923,0.2675236463546753
2025-07-31,IWM,XGBOOST_H3_NO_SENT,0.22754549265064386,0.28647610545158386
2025-08-01,IWM,XGBOOST_H3_NO_SENT,0.21134372356106,0.29915130138397217
2025-08-04,IWM,XGBOOST_H3_NO_SENT,0.20333264777551746,0.26430073380470276
2025-08-05,IWM,XGBOOST_H3_NO_SENT,0.20369757630167973,0.26345863938331604
2025-08-06,IWM,XGBOOST_H3_NO_SENT,0.20582156453416353,0.312429279088974
2025-08-07,IWM,XGBOOST_H3_NO_SENT,0.20429569054220428,0.3201650083065033
2025-08-08,IWM,XGBOOST_H3_NO_SENT,0.20431508125666187,0.31572529673576355
2025-08-11,IWM,XGBOOST_H3_NO_SENT,0.20681235124026176,0.30939221382141113
2025-08-12,IWM,XGBOOST_H3_NO_SENT,0.18386810055553837,0.2562018036842346
2025-08-13,IWM,XGBOOST_H3_NO_SENT,0.182727154969834,0.2581155300140381
2025-08-14,IWM,XGBOOST_H3_NO_SENT,0.1800153605618317,0.26191240549087524
2025-08-15,IWM,XGBOOST_H3_NO_SENT,0.17818436469099647,0.2720668613910675
2025-08-18,IWM,XGBOOST_H3_NO_SENT,0.17876994180885947,0.2730485796928406
2025-08-19,IWM,XGBOOST_H3_NO_SENT,0.17477584456283513,0.26520636677742004
2025-08-20,IWM,XGBOOST_H3_NO_SENT,0.18905197413800975,0.27331873774528503
2025-08-21,IWM,XGBOOST_H3_NO_SENT,0.1936721260452017,0.27355918288230896
2025-08-22,IWM,XGBOOST_H3_NO_SENT,0.1445506215870666,0.25583237409591675
2025-08-25,IWM,XGBOOST_H3_NO_SENT,0.13770161905272452,0.2553331255912781
2025-08-26,IWM,XGBOOST_H3_NO_SENT,0.14203269351960549,0.26322227716445923
2025-08-27,IWM,XGBOOST_H3_NO_SENT,0.14592748202041012,0.26499009132385254
2025-08-28,IWM,XGBOOST_H3_NO_SENT,0.14846088185756465,0.2624976933002472
2025-08-29,IWM,XGBOOST_H3_NO_SENT,0.14694746157734806,0.2597297430038452
2025-09-02,IWM,XGBOOST_H3_NO_SENT,0.14467072570817255,0.2530635893344879
2025-09-03,IWM,XGBOOST_H3_NO_SENT,0.14428847845665438,0.26540571451187134
2025-09-04,IWM,XGBOOST_H3_NO_SENT,0.13999152974040383,0.26644495129585266
2025-09-05,IWM,XGBOOST_H3_NO_SENT,0.14100248675580576,0.23471535742282867
2025-09-08,IWM,XGBOOST_H3_NO_SENT,0.14121272389288406,0.23538683354854584
2025-09-09,IWM,XGBOOST_H3_NO_SENT,0.1458009908333022,0.2428985983133316
2025-09-10,IWM,XGBOOST_H3_NO_SENT,0.1483993903324376,0.23619644343852997
2025-09-11,IWM,XGBOOST_H3_NO_SENT,0.13861474559544718,0.23933106660842896
2025-09-12,IWM,XGBOOST_H3_NO_SENT,0.17423024459868164,0.23951800167560577
2025-09-15,IWM,XGBOOST_H3_NO_SENT,0.1993630026231878,0.24742385745048523
2025-09-16,IWM,XGBOOST_H3_NO_SENT,0.20423292479236185,0.2524988353252411
2025-09-17,IWM,XGBOOST_H3_NO_SENT,0.20609273007249965,0.2628159523010254
2025-09-18,IWM,XGBOOST_H3_NO_SENT,0.20469895856842807,0.25355130434036255
2025-09-19,IWM,XGBOOST_H3_NO_SENT,0.20428943936610666,0.26515743136405945
2025-09-22,IWM,XGBOOST_H3_NO_SENT,0.21468746663945615,0.2716628611087799
2025-09-23,IWM,XGBOOST_H3_NO_SENT,0.21532705018824727,0.2586823105812073
2025-09-24,IWM,XGBOOST_H3_NO_SENT,0.2196614396674725,0.2613464295864105
2025-09-25,IWM,XGBOOST_H3_NO_SENT,0.22042602752295753,0.25757965445518494
2025-09-26,IWM,XGBOOST_H3_NO_SENT,0.22232464074558778,0.2563275396823883
2025-09-29,IWM,XGBOOST_H3_NO_SENT,0.22240970170374957,0.26049259305000305
2025-09-30,IWM,XGBOOST_H3_NO_SENT,0.223849706026086,0.26421114802360535
2025-10-01,IWM,XGBOOST_H3_NO_SENT,0.22659427665455428,0.28496086597442627
2025-10-02,IWM,XGBOOST_H3_NO_SENT,0.22779657912611875,0.28072166442871094
2025-10-03,IWM,XGBOOST_H3_NO_SENT,0.22713823818610174,0.2325095534324646
2025-10-06,IWM,XGBOOST_H3_NO_SENT,0.22693613836438634,0.22348101437091827
2025-10-07,IWM,XGBOOST_H3_NO_SENT,0.23217210468158306,0.2299259901046753
2025-10-08,IWM,XGBOOST_H3_NO_SENT,0.23502224490649185,0.2238101214170456
2025-10-09,IWM,XGBOOST_H3_NO_SENT,0.24227642897396634,0.23351174592971802
2025-10-10,IWM,XGBOOST_H3_NO_SENT,0.2165439700262673,0.20716387033462524
2025-10-14,IWM,XGBOOST_H3_NO_SENT,0.18860930043570598,0.2252359390258789
2025-10-15,IWM,XGBOOST_H3_NO_SENT,0.18453124483312214,0.22522570192813873
2025-10-16,IWM,XGBOOST_H3_NO_SENT,0.19631383367069385,0.24956189095973969
2025-10-17,IWM,XGBOOST_H3_NO_SENT,0.1960209575361108,0.2216179221868515
2025-10-20,IWM,XGBOOST_H3_NO_SENT,0.191042545855226,0.2400788813829422
2025-10-21,IWM,XGBOOST_H3_NO_SENT,0.19220924632476374,0.2497497797012329
2025-10-22,IWM,XGBOOST_H3_NO_SENT,0.1869760805359692,0.24842248857021332
2025-10-23,IWM,XGBOOST_H3_NO_SENT,0.1873986854162289,0.2425888478755951
2025-10-24,IWM,XGBOOST_H3_NO_SENT,0.2118306003046772,0.23848353326320648
2025-10-27,IWM,XGBOOST_H3_NO_SENT,0.22363730360059283,0.2563702166080475
2025-10-28,IWM,XGBOOST_H3_NO_SENT,0.2384016538048313,0.34456875920295715
2025-10-29,IWM,XGBOOST_H3_NO_SENT,0.23885704386869158,0.26072293519973755
2025-10-30,IWM,XGBOOST_H3_NO_SENT,0.23764188250051468,0.37046757340431213
2025-10-31,IWM,XGBOOST_H3_NO_SENT,0.24154280047215126,0.26821169257164
2025-11-03,IWM,XGBOOST_H3_NO_SENT,0.24135831948993497,0.282856822013855
2025-11-04,IWM,XGBOOST_H3_NO_SENT,0.2403228343634597,0.2676936388015747
2025-11-05,IWM,XGBOOST_H3_NO_SENT,0.23723281128558374,0.2711118757724762
2025-11-06,IWM,XGBOOST_H3_NO_SENT,0.22723751013699725,0.2810313403606415
2025-11-07,IWM,XGBOOST_H3_NO_SENT,0.22700837151894587,0.2841236889362335
2025-11-10,IWM,XGBOOST_H3_NO_SENT,0.22499953091872618,0.20634183287620544
2025-11-12,IWM,XGBOOST_H3_NO_SENT,0.23071761618278291,0.2063034623861313
2025-11-13,IWM,XGBOOST_H3_NO_SENT,0.21098039260472665,0.20924285054206848
2025-11-14,IWM,XGBOOST_H3_NO_SENT,0.214617976590592,0.21266016364097595
2025-11-17,IWM,XGBOOST_H3_NO_SENT,0.1991396904193532,0.2097439467906952
2025-11-18,IWM,XGBOOST_H3_NO_SENT,0.20562989803495102,0.23081307113170624
2025-11-19,IWM,XGBOOST_H3_NO_SENT,0.20550914983877577,0.22406646609306335
2025-11-20,IWM,XGBOOST_H3_NO_SENT,0.18881456945049102,0.3114211857318878
2025-11-21,IWM,XGBOOST_H3_NO_SENT,0.16980794092812249,0.2880059778690338
2025-11-24,IWM,XGBOOST_H3_NO_SENT,0.16440747887257176,0.28698575496673584
2025-11-25,IWM,XGBOOST_H3_NO_SENT,0.14845762375819058,0.27800053358078003
2025-11-26,IWM,XGBOOST_H3_NO_SENT,0.14782642939103133,0.22206686437129974
2025-11-28,IWM,XGBOOST_H3_NO_SENT,0.14873021420638144,0.2881867587566376
2025-12-01,IWM,XGBOOST_H3_NO_SENT,0.14371352326933243,0.22008515894412994
2025-12-02,IWM,XGBOOST_H3_NO_SENT,0.14644631553952658,0.2933906316757202
2025-12-03,IWM,XGBOOST_H3_NO_SENT,0.13659660999142328,0.3341103494167328
2025-12-04,IWM,XGBOOST_H3_NO_SENT,0.14458861087445962,0.3307996094226837
2025-12-05,IWM,XGBOOST_H3_NO_SENT,0.15038144724256694,0.3354039192199707
2025-12-08,IWM,XGBOOST_H3_NO_SENT,0.1508937118712736,0.34710434079170227
2025-12-09,IWM,XGBOOST_H3_NO_SENT,0.15483575666048183,0.36102670431137085
2025-12-10,IWM,XGBOOST_H3_NO_SENT,0.15008854743684943,0.348691463470459
2025-12-11,IWM,XGBOOST_H3_NO_SENT,0.1456887830668795,0.35790005326271057
2025-12-12,IWM,XGBOOST_H3_NO_SENT,0.1325669361223282,0.3583134412765503
2025-12-15,IWM,XGBOOST_H3_NO_SENT,0.12919654723766502,0.3586563766002655
2025-12-16,IWM,XGBOOST_H3_NO_SENT,0.12825669343562704,0.35854557156562805
2025-12-17,IWM,XGBOOST_H3_NO_SENT,0.11797098336148278,0.36377111077308655
2025-12-18,IWM,XGBOOST_H3_NO_SENT,0.12992396544139845,0.35769933462142944
2025-12-19,IWM,XGBOOST_H3_NO_SENT,0.1420579286492992,0.3452216386795044
2025-12-22,IWM,XGBOOST_H3_NO_SENT,0.13999212023794488,0.3387785851955414
2025-12-23,IWM,XGBOOST_H3_NO_SENT,0.15707203394713784,0.31077006459236145
2025-12-24,IWM,XGBOOST_H3_NO_SENT,0.15832515175439457,0.3050841987133026
2025-12-26,IWM,XGBOOST_H3_NO_SENT,0.15596130514047193,0.3229045271873474
2025-12-29,IWM,XGBOOST_H3_NO_SENT,0.15544209096342002,0.3571271002292633
2025-12-30,IWM,XGBOOST_H3_NO_SENT,0.1511867587856729,0.3773803114891052
2025-12-31,IWM,XGBOOST_H3_NO_SENT,0.15900382672768915,0.3712996542453766
2024-10-16,EFA,XGBOOST_H3_NO_SENT,0.14143813264661023,0.14236100018024445
2024-10-17,EFA,XGBOOST_H3_NO_SENT,0.142102996246045,0.13729053735733032
2024-10-18,EFA,XGBOOST_H3_NO_SENT,0.13786162274198122,0.1346103996038437
2024-10-21,EFA,XGBOOST_H3_NO_SENT,0.13677683722514553,0.13887540996074677
2024-10-22,EFA,XGBOOST_H3_NO_SENT,0.13615739146634384,0.14267046749591827
2024-10-23,EFA,XGBOOST_H3_NO_SENT,0.13275669072043214,0.14439235627651215
2024-10-24,EFA,XGBOOST_H3_NO_SENT,0.1302393600633806,0.1438482105731964
2024-10-25,EFA,XGBOOST_H3_NO_SENT,0.1316386740598117,0.14361099898815155
2024-10-28,EFA,XGBOOST_H3_NO_SENT,0.12930152985631507,0.14406239986419678
2024-10-29,EFA,XGBOOST_H3_NO_SENT,0.1299772054934557,0.14100965857505798
2024-10-30,EFA,XGBOOST_H3_NO_SENT,0.13103914963482988,0.1481759250164032
2024-10-31,EFA,XGBOOST_H3_NO_SENT,0.1390307909071109,0.13803613185882568
2024-11-01,EFA,XGBOOST_H3_NO_SENT,0.1392158352100954,0.13789072632789612
2024-11-04,EFA,XGBOOST_H3_NO_SENT,0.14070870793522372,0.13590207695960999
2024-11-05,EFA,XGBOOST_H3_NO_SENT,0.13595138075613744,0.1350604146718979
2024-11-06,EFA,XGBOOST_H3_NO_SENT,0.12611802058422003,0.1315496563911438
2024-11-07,EFA,XGBOOST_H3_NO_SENT,0.114026832686175,0.12697336077690125
2024-11-08,EFA,XGBOOST_H3_NO_SENT,0.10178461399810187,0.12091133743524551
2024-11-12,EFA,XGBOOST_H3_NO_SENT,0.08316405717508424,0.11852515488862991
2024-11-13,EFA,XGBOOST_H3_NO_SENT,0.08702996749167519,0.11967117339372635
2024-11-14,EFA,XGBOOST_H3_NO_SENT,0.08807857457659315,0.12124043703079224
2024-11-15,EFA,XGBOOST_H3_NO_SENT,0.08786372033083813,0.12425316125154495
2024-11-18,EFA,XGBOOST_H3_NO_SENT,0.08665384518167145,0.11533579230308533
2024-11-19,EFA,XGBOOST_H3_NO_SENT,0.12523481922947496,0.11434439569711685
2024-11-20,EFA,XGBOOST_H3_NO_SENT,0.1253519813519105,0.1205328106880188
2024-11-21,EFA,XGBOOST_H3_NO_SENT,0.12554615766327049,0.12402690201997757
2024-11-22,EFA,XGBOOST_H3_NO_SENT,0.1271639546781235,0.12718328833580017
2024-11-25,EFA,XGBOOST_H3_NO_SENT,0.1263374723237488,0.12681446969509125
2024-11-26,EFA,XGBOOST_H3_NO_SENT,0.12622507723695547,0.12429195642471313
2024-11-27,EFA,XGBOOST_H3_NO_SENT,0.12454916443444183,0.12477067112922668
2024-11-29,EFA,XGBOOST_H3_NO_SENT,0.11502460005535496,0.12431778758764267
2024-12-02,EFA,XGBOOST_H3_NO_SENT,0.11407178984236817,0.12049920111894608
2024-12-03,EFA,XGBOOST_H3_NO_SENT,0.1108754469694229,0.1205255389213562
2024-12-04,EFA,XGBOOST_H3_NO_SENT,0.11283244914683996,0.11966249346733093
2024-12-05,EFA,XGBOOST_H3_NO_SENT,0.1175706487622631,0.1240319237112999
2024-12-06,EFA,XGBOOST_H3_NO_SENT,0.11747795401300136,0.13530811667442322
2024-12-09,EFA,XGBOOST_H3_NO_SENT,0.11740943240870712,0.13740646839141846
2024-12-10,EFA,XGBOOST_H3_NO_SENT,0.12450070729664726,0.14247021079063416
2024-12-11,EFA,XGBOOST_H3_NO_SENT,0.12052098072931657,0.14161881804466248
2024-12-12,EFA,XGBOOST_H3_NO_SENT,0.11999644651270712,0.14245381951332092
2024-12-13,EFA,XGBOOST_H3_NO_SENT,0.1306174071478707,0.1473737508058548
2024-12-16,EFA,XGBOOST_H3_NO_SENT,0.13217373259785983,0.1464114636182785
2024-12-17,EFA,XGBOOST_H3_NO_SENT,0.13318978746273766,0.1460110992193222
2024-12-18,EFA,XGBOOST_H3_NO_SENT,0.11848818672121995,0.14706924557685852
2024-12-19,EFA,XGBOOST_H3_NO_SENT,0.11803651358670429,0.14040212333202362
2024-12-20,EFA,XGBOOST_H3_NO_SENT,0.11872005219697074,0.13529793918132782
2024-12-23,EFA,XGBOOST_H3_NO_SENT,0.11833721012397144,0.13920240104198456
2024-12-24,EFA,XGBOOST_H3_NO_SENT,0.11852873096850401,0.134847953915596
2024-12-26,EFA,XGBOOST_H3_NO_SENT,0.1187216168588538,0.1359701305627823
2024-12-27,EFA,XGBOOST_H3_NO_SENT,0.11832470884262643,0.13814081251621246
2024-12-30,EFA,XGBOOST_H3_NO_SENT,0.11792088888656259,0.14619037508964539
2024-12-31,EFA,XGBOOST_H3_NO_SENT,0.12540768917587244,0.14583709836006165
2025-01-02,EFA,XGBOOST_H3_NO_SENT,0.13376107578866775,0.1418294608592987
2025-01-03,EFA,XGBOOST_H3_NO_SENT,0.13786898047534965,0.14446412026882172
2025-01-06,EFA,XGBOOST_H3_NO_SENT,0.13801172354678015,0.15561158955097198
2025-01-07,EFA,XGBOOST_H3_NO_SENT,0.1377687247606574,0.15172503888607025
2025-01-08,EFA,XGBOOST_H3_NO_SENT,0.1436801212672262,0.14572229981422424
2025-01-10,EFA,XGBOOST_H3_NO_SENT,0.1285752156927523,0.14311563968658447
2025-01-13,EFA,XGBOOST_H3_NO_SENT,0.12661424240215974,0.1442069411277771
2025-01-14,EFA,XGBOOST_H3_NO_SENT,0.12661423534593405,0.14525973796844482
2025-01-15,EFA,XGBOOST_H3_NO_SENT,0.12602095975354305,0.13736668229103088
2025-01-16,EFA,XGBOOST_H3_NO_SENT,0.1261169156947586,0.13527250289916992
2025-01-17,EFA,XGBOOST_H3_NO_SENT,0.12680096314827954,0.13045993447303772
2025-01-21,EFA,XGBOOST_H3_NO_SENT,0.1203868711662292,0.1268637627363205
2025-01-22,EFA,XGBOOST_H3_NO_SENT,0.11954980418378373,0.12003207951784134
2025-01-23,EFA,XGBOOST_H3_NO_SENT,0.1213165670420091,0.1295701414346695
2025-01-24,EFA,XGBOOST_H3_NO_SENT,0.12069520221405407,0.12235278636217117
2025-01-27,EFA,XGBOOST_H3_NO_SENT,0.12353055383894038,0.12564752995967865
2025-01-28,EFA,XGBOOST_H3_NO_SENT,0.12300289921432488,0.13337373733520508
2025-01-29,EFA,XGBOOST_H3_NO_SENT,0.1317174139901832,0.13257968425750732
2025-01-30,EFA,XGBOOST_H3_NO_SENT,0.12690150599279756,0.1254432648420334
2025-01-31,EFA,XGBOOST_H3_NO_SENT,0.12536138549813983,0.12186580896377563
2025-02-03,EFA,XGBOOST_H3_NO_SENT,0.11473594170774075,0.12252472341060638
2025-02-04,EFA,XGBOOST_H3_NO_SENT,0.13365944006848873,0.12363892793655396
2025-02-05,EFA,XGBOOST_H3_NO_SENT,0.13954568525855568,0.11908721178770065
2025-02-06,EFA,XGBOOST_H3_NO_SENT,0.1423086245568117,0.11867935955524445
2025-02-07,EFA,XGBOOST_H3_NO_SENT,0.16553416009458566,0.1221398413181305
2025-02-10,EFA,XGBOOST_H3_NO_SENT,0.16538225086962852,0.1353791356086731
2025-02-11,EFA,XGBOOST_H3_NO_SENT,0.16628307614369453,0.13672806322574615
2025-02-12,EFA,XGBOOST_H3_NO_SENT,0.16840310571189132,0.1395525336265564
2025-02-13,EFA,XGBOOST_H3_NO_SENT,0.17511682214989277,0.136748805642128
2025-02-14,EFA,XGBOOST_H3_NO_SENT,0.17869931575959677,0.1364510953426361
2025-02-18,EFA,XGBOOST_H3_NO_SENT,0.17757089405932688,0.13730578124523163
2025-02-19,EFA,XGBOOST_H3_NO_SENT,0.17222079533022522,0.13886615633964539
2025-02-20,EFA,XGBOOST_H3_NO_SENT,0.17568685786738453,0.14460933208465576
2025-02-21,EFA,XGBOOST_H3_NO_SENT,0.17566485727947279,0.1395319253206253
2025-02-24,EFA,XGBOOST_H3_NO_SENT,0.17560288008008865,0.14368374645709991
2025-02-25,EFA,XGBOOST_H3_NO_SENT,0.1739723501738614,0.1450873762369156
2025-02-26,EFA,XGBOOST_H3_NO_SENT,0.18108932192095858,0.143609881401062
2025-02-27,EFA,XGBOOST_H3_NO_SENT,0.17571421382361754,0.13994896411895752
2025-02-28,EFA,XGBOOST_H3_NO_SENT,0.17920306637730374,0.14556372165679932
2025-03-03,EFA,XGBOOST_H3_NO_SENT,0.1777269154703947,0.15392665565013885
2025-03-04,EFA,XGBOOST_H3_NO_SENT,0.17785780548097244,0.1514233499765396
2025-03-05,EFA,XGBOOST_H3_NO_SENT,0.15427693638940038,0.14451684057712555
2025-03-06,EFA,XGBOOST_H3_NO_SENT,0.1668606625663449,0.16337217390537262
2025-03-07,EFA,XGBOOST_H3_NO_SENT,0.2828472658844938,0.1448705941438675
2025-03-10,EFA,XGBOOST_H3_NO_SENT,0.2833341548324812,0.17264629900455475
2025-03-11,EFA,XGBOOST_H3_NO_SENT,0.2833319751771322,0.19371959567070007
2025-03-12,EFA,XGBOOST_H3_NO_SENT,0.4005877530896807,0.16135382652282715
2025-03-13,EFA,XGBOOST_H3_NO_SENT,0.40511784785307314,0.17180003225803375
2025-03-14,EFA,XGBOOST_H3_NO_SENT,0.410341175060358,0.16412998735904694
2025-03-17,EFA,XGBOOST_H3_NO_SENT,0.41013471409225954,0.16389715671539307
2025-03-18,EFA,XGBOOST_H3_NO_SENT,0.4122303290372175,0.16816377639770508
2025-03-19,EFA,XGBOOST_H3_NO_SENT,0.4117484792062911,0.17343036830425262
2025-03-20,EFA,XGBOOST_H3_NO_SENT,0.41392821142958147,0.16341665387153625
2025-03-21,EFA,XGBOOST_H3_NO_SENT,0.41383192911394334,0.1624128520488739
2025-03-24,EFA,XGBOOST_H3_NO_SENT,0.4213587688125607,0.16465221345424652
2025-03-25,EFA,XGBOOST_H3_NO_SENT,0.42109832980556816,0.1709316223859787
2025-03-26,EFA,XGBOOST_H3_NO_SENT,0.4213470665671749,0.1725080907344818
2025-03-27,EFA,XGBOOST_H3_NO_SENT,0.42152950071946627,0.17302528023719788
2025-03-28,EFA,XGBOOST_H3_NO_SENT,0.4205051315110149,0.16915737092494965
2025-03-31,EFA,XGBOOST_H3_NO_SENT,0.4187677879194909,0.1719065010547638
2025-04-01,EFA,XGBOOST_H3_NO_SENT,0.41890715943943035,0.17210231721401215
2025-04-02,EFA,XGBOOST_H3_NO_SENT,0.4192627288900266,0.16663075983524323
2025-04-03,EFA,XGBOOST_H3_NO_SENT,0.41470400135860624,0.18041390180587769
2025-04-04,EFA,XGBOOST_H3_NO_SENT,0.3170354169202381,0.32080456614494324
2025-04-07,EFA,XGBOOST_H3_NO_SENT,0.2966215370126509,0.33508020639419556
2025-04-08,EFA,XGBOOST_H3_NO_SENT,0.29659664202959424,0.25384557247161865
2025-04-09,EFA,XGBOOST_H3_NO_SENT,0.16620835262740946,0.27741044759750366
2025-04-10,EFA,XGBOOST_H3_NO_SENT,0.13956761638892057,0.3270813524723053
2025-04-11,EFA,XGBOOST_H3_NO_SENT,0.11960553225746813,0.37936317920684814
2025-04-14,EFA,XGBOOST_H3_NO_SENT,0.11778910858645698,0.3848624527454376
2025-04-15,EFA,XGBOOST_H3_NO_SENT,0.12029905295928243,0.38540202379226685
2025-04-16,EFA,XGBOOST_H3_NO_SENT,0.11996645968978185,0.4049035310745239
2025-04-17,EFA,XGBOOST_H3_NO_SENT,0.11742477182718554,0.38069212436676025
2025-04-21,EFA,XGBOOST_H3_NO_SENT,0.1139943953842975,0.26040807366371155
2025-04-22,EFA,XGBOOST_H3_NO_SENT,0.09692796508411984,0.23333057761192322
2025-04-23,EFA,XGBOOST_H3_NO_SENT,0.10259350276026741,0.247439444065094
2025-04-24,EFA,XGBOOST_H3_NO_SENT,0.09604339463122223,0.22140440344810486
2025-04-25,EFA,XGBOOST_H3_NO_SENT,0.09585098142063715,0.22591370344161987
2025-04-28,EFA,XGBOOST_H3_NO_SENT,0.10418904101654834,0.2276231199502945
2025-04-29,EFA,XGBOOST_H3_NO_SENT,0.11587091673552596,0.22807751595973969
2025-04-30,EFA,XGBOOST_H3_NO_SENT,0.1155426153247175,0.22947436571121216
2025-05-01,EFA,XGBOOST_H3_NO_SENT,0.11379473492473936,0.21588945388793945
2025-05-02,EFA,XGBOOST_H3_NO_SENT,0.1008619196811602,0.18625681102275848
2025-05-05,EFA,XGBOOST_H3_NO_SENT,0.10657400447236172,0.18407802283763885
2025-05-06,EFA,XGBOOST_H3_NO_SENT,0.10646212877476705,0.21974045038223267
2025-05-07,EFA,XGBOOST_H3_NO_SENT,0.10511022533938,0.1968078315258026
2025-05-08,EFA,XGBOOST_H3_NO_SENT,0.1031480515389347,0.20024877786636353
2025-05-09,EFA,XGBOOST_H3_NO_SENT,0.10306594386863986,0.19317232072353363
2025-05-12,EFA,XGBOOST_H3_NO_SENT,0.10249468935584195,0.20046867430210114
2025-05-13,EFA,XGBOOST_H3_NO_SENT,0.10328289755105237,0.19794055819511414
2025-05-14,EFA,XGBOOST_H3_NO_SENT,0.10211856859076666,0.20477120578289032
2025-05-15,EFA,XGBOOST_H3_NO_SENT,0.11061446573248253,0.20459285378456116
2025-05-16,EFA,XGBOOST_H3_NO_SENT,0.11091646556322284,0.20079673826694489
2025-05-19,EFA,XGBOOST_H3_NO_SENT,0.11652972263663713,0.20271249115467072
2025-05-20,EFA,XGBOOST_H3_NO_SENT,0.11545697313405326,0.20160041749477386
2025-05-21,EFA,XGBOOST_H3_NO_SENT,0.11807716990324028,0.19602824747562408
2025-05-22,EFA,XGBOOST_H3_NO_SENT,0.1210729637768703,0.18772833049297333
2025-05-23,EFA,XGBOOST_H3_NO_SENT,0.12810877461798742,0.19153805077075958
2025-05-27,EFA,XGBOOST_H3_NO_SENT,0.11931264948651371,0.1732965111732483
2025-05-28,EFA,XGBOOST_H3_NO_SENT,0.11761829780847698,0.1774924099445343
2025-05-29,EFA,XGBOOST_H3_NO_SENT,0.12047355119667079,0.1505623608827591
2025-05-30,EFA,XGBOOST_H3_NO_SENT,0.12049292920573948,0.18622860312461853
2025-06-02,EFA,XGBOOST_H3_NO_SENT,0.1155016769981493,0.14546823501586914
2025-06-03,EFA,XGBOOST_H3_NO_SENT,0.11159828054767634,0.15531452000141144
2025-06-04,EFA,XGBOOST_H3_NO_SENT,0.11090575824017576,0.16437360644340515
2025-06-05,EFA,XGBOOST_H3_NO_SENT,0.11848186187515893,0.17048336565494537
2025-06-06,EFA,XGBOOST_H3_NO_SENT,0.12054948695319755,0.16378149390220642
2025-06-09,EFA,XGBOOST_H3_NO_SENT,0.12298100076174531,0.16639693081378937
2025-06-10,EFA,XGBOOST_H3_NO_SENT,0.12310028440852044,0.12115944921970367
2025-06-11,EFA,XGBOOST_H3_NO_SENT,0.12837066660124824,0.11192262172698975
2025-06-12,EFA,XGBOOST_H3_NO_SENT,0.12550078401355297,0.1147315725684166
2025-06-13,EFA,XGBOOST_H3_NO_SENT,0.1224560816302131,0.11673470586538315
2025-06-16,EFA,XGBOOST_H3_NO_SENT,0.12259238313822064,0.11405496299266815
2025-06-17,EFA,XGBOOST_H3_NO_SENT,0.11346103309828082,0.11833036690950394
2025-06-18,EFA,XGBOOST_H3_NO_SENT,0.11419088090650699,0.12042298167943954
2025-06-20,EFA,XGBOOST_H3_NO_SENT,0.10924278876989678,0.1344151794910431
2025-06-23,EFA,XGBOOST_H3_NO_SENT,0.10799142119479575,0.14128246903419495
2025-06-24,EFA,XGBOOST_H3_NO_SENT,0.1310333322306058,0.14184287190437317
2025-06-25,EFA,XGBOOST_H3_NO_SENT,0.1327060572358394,0.13946297764778137
2025-06-26,EFA,XGBOOST_H3_NO_SENT,0.1284206833534043,0.13904646039009094
2025-06-27,EFA,XGBOOST_H3_NO_SENT,0.13896254648246345,0.13779929280281067
2025-06-30,EFA,XGBOOST_H3_NO_SENT,0.13911910865425625,0.13147197663784027
2025-07-01,EFA,XGBOOST_H3_NO_SENT,0.14128885883165576,0.13482405245304108
2025-07-02,EFA,XGBOOST_H3_NO_SENT,0.14530702344892843,0.12874339520931244
2025-07-03,EFA,XGBOOST_H3_NO_SENT,0.14531067280963805,0.13235065340995789
2025-07-07,EFA,XGBOOST_H3_NO_SENT,0.14924334038246942,0.13790535926818848
2025-07-08,EFA,XGBOOST_H3_NO_SENT,0.14668538079337656,0.14840884506702423
2025-07-09,EFA,XGBOOST_H3_NO_SENT,0.14604538142364687,0.15723052620887756
2025-07-10,EFA,XGBOOST_H3_NO_SENT,0.14981601372424203,0.13641519844532013
2025-07-11,EFA,XGBOOST_H3_NO_SENT,0.14678166700519024,0.16217854619026184
2025-07-14,EFA,XGBOOST_H3_NO_SENT,0.1478415138437426,0.1622265875339508
2025-07-15,EFA,XGBOOST_H3_NO_SENT,0.14717296972044544,0.14020287990570068
2025-07-16,EFA,XGBOOST_H3_NO_SENT,0.14774619508560494,0.14644396305084229
2025-07-17,EFA,XGBOOST_H3_NO_SENT,0.14783440515932086,0.14746783673763275
2025-07-18,EFA,XGBOOST_H3_NO_SENT,0.14753796688092,0.14518380165100098
2025-07-21,EFA,XGBOOST_H3_NO_SENT,0.1474529451701935,0.14347684383392334
2025-07-22,EFA,XGBOOST_H3_NO_SENT,0.1469001736078656,0.16309350728988647
2025-07-23,EFA,XGBOOST_H3_NO_SENT,0.11964981620686792,0.15418747067451477
2025-07-24,EFA,XGBOOST_H3_NO_SENT,0.11869490789965793,0.15334708988666534
2025-07-25,EFA,XGBOOST_H3_NO_SENT,0.128897123688754,0.16736763715744019
2025-07-28,EFA,XGBOOST_H3_NO_SENT,0.12391203709621156,0.1720900982618332
2025-07-29,EFA,XGBOOST_H3_NO_SENT,0.12360581426113856,0.16217011213302612
2025-07-30,EFA,XGBOOST_H3_NO_SENT,0.12022233696135848,0.1551998108625412
2025-07-31,EFA,XGBOOST_H3_NO_SENT,0.11074516010820686,0.1718430072069168
2025-08-01,EFA,XGBOOST_H3_NO_SENT,0.11332022182922995,0.19059988856315613
2025-08-04,EFA,XGBOOST_H3_NO_SENT,0.11361636036656783,0.17615215480327606
2025-08-05,EFA,XGBOOST_H3_NO_SENT,0.11351656468055475,0.18457673490047455
2025-08-06,EFA,XGBOOST_H3_NO_SENT,0.11398176618034195,0.20621520280838013
2025-08-07,EFA,XGBOOST_H3_NO_SENT,0.11107612110170513,0.20049239695072174
2025-08-08,EFA,XGBOOST_H3_NO_SENT,0.1141995710479488,0.2023305594921112
2025-08-11,EFA,XGBOOST_H3_NO_SENT,0.11368820704408668,0.20804059505462646
2025-08-12,EFA,XGBOOST_H3_NO_SENT,0.10630103938479488,0.17758141458034515
2025-08-13,EFA,XGBOOST_H3_NO_SENT,0.11044472228638949,0.18032938241958618
2025-08-14,EFA,XGBOOST_H3_NO_SENT,0.1117882877473559,0.17501911520957947
2025-08-15,EFA,XGBOOST_H3_NO_SENT,0.11229134615397121,0.17761218547821045
2025-08-18,EFA,XGBOOST_H3_NO_SENT,0.11282197184112161,0.18068522214889526
2025-08-19,EFA,XGBOOST_H3_NO_SENT,0.1139102638798013,0.18185290694236755
2025-08-20,EFA,XGBOOST_H3_NO_SENT,0.11401800424873483,0.18064136803150177
2025-08-21,EFA,XGBOOST_H3_NO_SENT,0.11241145736838065,0.18172688782215118
2025-08-22,EFA,XGBOOST_H3_NO_SENT,0.09963225924567158,0.17636404931545258
2025-08-25,EFA,XGBOOST_H3_NO_SENT,0.08683252862686724,0.17309017479419708
2025-08-26,EFA,XGBOOST_H3_NO_SENT,0.08963188176361554,0.1750798374414444
2025-08-27,EFA,XGBOOST_H3_NO_SENT,0.09310258746193907,0.1800217181444168
2025-08-28,EFA,XGBOOST_H3_NO_SENT,0.09616224360919139,0.17932291328907013
2025-08-29,EFA,XGBOOST_H3_NO_SENT,0.09401330896249198,0.17694666981697083
2025-09-02,EFA,XGBOOST_H3_NO_SENT,0.08561560992136408,0.18414026498794556
2025-09-03,EFA,XGBOOST_H3_NO_SENT,0.08885505939062294,0.17852868139743805
2025-09-04,EFA,XGBOOST_H3_NO_SENT,0.08653519424164528,0.17953436076641083
2025-09-05,EFA,XGBOOST_H3_NO_SENT,0.0893036770436439,0.14770790934562683
2025-09-08,EFA,XGBOOST_H3_NO_SENT,0.08393904076605507,0.1440122127532959
2025-09-09,EFA,XGBOOST_H3_NO_SENT,0.08994337438604916,0.14315494894981384
2025-09-10,EFA,XGBOOST_H3_NO_SENT,0.09002967041113134,0.1501268595457077
2025-09-11,EFA,XGBOOST_H3_NO_SENT,0.08906229211405899,0.14492373168468475
2025-09-12,EFA,XGBOOST_H3_NO_SENT,0.11084731698069583,0.14652451872825623
2025-09-15,EFA,XGBOOST_H3_NO_SENT,0.11207828736194653,0.15045197308063507
2025-09-16,EFA,XGBOOST_H3_NO_SENT,0.11295305689800192,0.15077151358127594
2025-09-17,EFA,XGBOOST_H3_NO_SENT,0.11323842820412679,0.15418460965156555
2025-09-18,EFA,XGBOOST_H3_NO_SENT,0.1138736383925576,0.16596893966197968
2025-09-19,EFA,XGBOOST_H3_NO_SENT,0.11274972165652646,0.16417723894119263
2025-09-22,EFA,XGBOOST_H3_NO_SENT,0.11553166766810348,0.17217624187469482
2025-09-23,EFA,XGBOOST_H3_NO_SENT,0.11896142590578977,0.16687674820423126
2025-09-24,EFA,XGBOOST_H3_NO_SENT,0.11674671757788231,0.16925139725208282
2025-09-25,EFA,XGBOOST_H3_NO_SENT,0.11327838319698341,0.16539479792118073
2025-09-26,EFA,XGBOOST_H3_NO_SENT,0.11096374365074695,0.16339854896068573
2025-09-29,EFA,XGBOOST_H3_NO_SENT,0.1124226709371046,0.1659916788339615
2025-09-30,EFA,XGBOOST_H3_NO_SENT,0.1121538672308169,0.16890418529510498
2025-10-01,EFA,XGBOOST_H3_NO_SENT,0.11147697440183661,0.1668064296245575
2025-10-02,EFA,XGBOOST_H3_NO_SENT,0.11274694017328653,0.17279735207557678
2025-10-03,EFA,XGBOOST_H3_NO_SENT,0.10881509071541805,0.17243750393390656
2025-10-06,EFA,XGBOOST_H3_NO_SENT,0.108417255450517,0.1581033319234848
2025-10-07,EFA,XGBOOST_H3_NO_SENT,0.11014502924219187,0.16144143044948578
2025-10-08,EFA,XGBOOST_H3_NO_SENT,0.11222304907725007,0.1658332794904709
2025-10-09,EFA,XGBOOST_H3_NO_SENT,0.10853434338640366,0.19090959429740906
2025-10-10,EFA,XGBOOST_H3_NO_SENT,0.08402415681695713,0.1668534129858017
2025-10-14,EFA,XGBOOST_H3_NO_SENT,0.08904086522626568,0.16553258895874023
2025-10-15,EFA,XGBOOST_H3_NO_SENT,0.08969698868074034,0.18325354158878326
2025-10-16,EFA,XGBOOST_H3_NO_SENT,0.09820635072306316,0.1872296929359436
2025-10-17,EFA,XGBOOST_H3_NO_SENT,0.09884586464907669,0.1805172860622406
2025-10-20,EFA,XGBOOST_H3_NO_SENT,0.10523080249281849,0.17814011871814728
2025-10-21,EFA,XGBOOST_H3_NO_SENT,0.11176903722828244,0.18775269389152527
2025-10-22,EFA,XGBOOST_H3_NO_SENT,0.11199876030205623,0.19810156524181366
2025-10-23,EFA,XGBOOST_H3_NO_SENT,0.1187170417922708,0.2018713802099228
2025-10-24,EFA,XGBOOST_H3_NO_SENT,0.13330437475409015,0.20566794276237488
2025-10-27,EFA,XGBOOST_H3_NO_SENT,0.13006067433852905,0.2096569538116455
2025-10-28,EFA,XGBOOST_H3_NO_SENT,0.13858497481798854,0.356894850730896
2025-10-29,EFA,XGBOOST_H3_NO_SENT,0.1435318669895242,0.17741800844669342
2025-10-30,EFA,XGBOOST_H3_NO_SENT,0.14310480953177993,0.34611114859580994
2025-10-31,EFA,XGBOOST_H3_NO_SENT,0.14405664266559975,0.18145407736301422
2025-11-03,EFA,XGBOOST_H3_NO_SENT,0.14451825501983684,0.17331825196743011
2025-11-04,EFA,XGBOOST_H3_NO_SENT,0.1399280619427438,0.1752694547176361
2025-11-05,EFA,XGBOOST_H3_NO_SENT,0.1386702316868454,0.1757282316684723
2025-11-06,EFA,XGBOOST_H3_NO_SENT,0.13823371813402982,0.1749466210603714
2025-11-07,EFA,XGBOOST_H3_NO_SENT,0.13857371062130802,0.1761736273765564
2025-11-10,EFA,XGBOOST_H3_NO_SENT,0.1337456119027928,0.17190712690353394
2025-11-12,EFA,XGBOOST_H3_NO_SENT,0.13703810626127505,0.16473999619483948
2025-11-13,EFA,XGBOOST_H3_NO_SENT,0.1325488408274313,0.17770670354366302
2025-11-14,EFA,XGBOOST_H3_NO_SENT,0.13335396753104253,0.17797979712486267
2025-11-17,EFA,XGBOOST_H3_NO_SENT,0.12462629172779605,0.17638260126113892
2025-11-18,EFA,XGBOOST_H3_NO_SENT,0.11812670499719016,0.1855810135602951
2025-11-19,EFA,XGBOOST_H3_NO_SENT,0.11831020426636177,0.17715752124786377
2025-11-20,EFA,XGBOOST_H3_NO_SENT,0.10283694849562927,0.3224603533744812
2025-11-21,EFA,XGBOOST_H3_NO_SENT,0.09222404877492861,0.2989642918109894
2025-11-24,EFA,XGBOOST_H3_NO_SENT,0.09287154389680197,0.29731112718582153
2025-11-25,EFA,XGBOOST_H3_NO_SENT,0.08647877088098568,0.2799803912639618
2025-11-26,EFA,XGBOOST_H3_NO_SENT,0.08018699489470645,0.1841839700937271
2025-11-28,EFA,XGBOOST_H3_NO_SENT,0.08169813180600458,0.2786877453327179
2025-12-01,EFA,XGBOOST_H3_NO_SENT,0.07810224376025876,0.17967991530895233
2025-12-02,EFA,XGBOOST_H3_NO_SENT,0.0807167792641905,0.30453553795814514
2025-12-03,EFA,XGBOOST_H3_NO_SENT,0.08589462603275996,0.26521867513656616
2025-12-04,EFA,XGBOOST_H3_NO_SENT,0.09253191461580698,0.26696693897247314
2025-12-05,EFA,XGBOOST_H3_NO_SENT,0.09222956371228697,0.27370619773864746
2025-12-08,EFA,XGBOOST_H3_NO_SENT,0.09274126055169354,0.27091094851493835
2025-12-09,EFA,XGBOOST_H3_NO_SENT,0.09214977081524403,0.2765091061592102
2025-12-10,EFA,XGBOOST_H3_NO_SENT,0.08964226636507336,0.27861693501472473
2025-12-11,EFA,XGBOOST_H3_NO_SENT,0.08973409776449781,0.27626779675483704
2025-12-12,EFA,XGBOOST_H3_NO_SENT,0.09027226008216666,0.27356767654418945
2025-12-15,EFA,XGBOOST_H3_NO_SENT,0.0895633943668052,0.2819538116455078
2025-12-16,EFA,XGBOOST_H3_NO_SENT,0.08659017076906533,0.26785412430763245
2025-12-17,EFA,XGBOOST_H3_NO_SENT,0.07741774669503709,0.3060253858566284
2025-12-18,EFA,XGBOOST_H3_NO_SENT,0.09870964024370969,0.317030668258667
2025-12-19,EFA,XGBOOST_H3_NO_SENT,0.10185206327408677,0.2860550582408905
2025-12-22,EFA,XGBOOST_H3_NO_SENT,0.10210119941588497,0.27889665961265564
2025-12-23,EFA,XGBOOST_H3_NO_SENT,0.10177853983055335,0.24239495396614075
2025-12-24,EFA,XGBOOST_H3_NO_SENT,0.10233723200392426,0.22005952894687653
2025-12-26,EFA,XGBOOST_H3_NO_SENT,0.11361871722250676,0.2493555247783661
2025-12-29,EFA,XGBOOST_H3_NO_SENT,0.12170939069809643,0.2826269268989563
2025-12-30,EFA,XGBOOST_H3_NO_SENT,0.12261976541267888,0.3574429452419281
2025-12-31,EFA,XGBOOST_H3_NO_SENT,0.12769596890604257,0.3268450200557709
2024-10-16,EEM,XGBOOST_H3_NO_SENT,0.16916513391328442,0.2127126157283783
2024-10-17,EEM,XGBOOST_H3_NO_SENT,0.16941965246356158,0.1973005086183548
2024-10-18,EEM,XGBOOST_H3_NO_SENT,0.16311866021053062,0.1991330236196518
2024-10-21,EEM,XGBOOST_H3_NO_SENT,0.1704965048828913,0.2111087143421173
2024-10-22,EEM,XGBOOST_H3_NO_SENT,0.17060715043919167,0.20102962851524353
2024-10-23,EEM,XGBOOST_H3_NO_SENT,0.17011357647300845,0.21201203763484955
2024-10-24,EEM,XGBOOST_H3_NO_SENT,0.17010074676735124,0.19406235218048096
2024-10-25,EEM,XGBOOST_H3_NO_SENT,0.17025592262681355,0.1798434555530548
2024-10-28,EEM,XGBOOST_H3_NO_SENT,0.16887511919541706,0.19196264445781708
2024-10-29,EEM,XGBOOST_H3_NO_SENT,0.1689872876866768,0.17676536738872528
2024-10-30,EEM,XGBOOST_H3_NO_SENT,0.16708544369189252,0.19337432086467743
2024-10-31,EEM,XGBOOST_H3_NO_SENT,0.1665158946415474,0.18242524564266205
2024-11-01,EEM,XGBOOST_H3_NO_SENT,0.16740244050937358,0.19187943637371063
2024-11-04,EEM,XGBOOST_H3_NO_SENT,0.16595985704286545,0.165450319647789
2024-11-05,EEM,XGBOOST_H3_NO_SENT,0.15719528863299898,0.16716371476650238
2024-11-06,EEM,XGBOOST_H3_NO_SENT,0.15485813788034575,0.1805981546640396
2024-11-07,EEM,XGBOOST_H3_NO_SENT,0.12922962658140594,0.1613028645515442
2024-11-08,EEM,XGBOOST_H3_NO_SENT,0.12295174035420393,0.14972838759422302
2024-11-12,EEM,XGBOOST_H3_NO_SENT,0.11405396049935743,0.15594518184661865
2024-11-13,EEM,XGBOOST_H3_NO_SENT,0.11291630801972638,0.1624942272901535
2024-11-14,EEM,XGBOOST_H3_NO_SENT,0.11028873517546985,0.1609230786561966
2024-11-15,EEM,XGBOOST_H3_NO_SENT,0.11278315528204251,0.15210728347301483
2024-11-18,EEM,XGBOOST_H3_NO_SENT,0.10638185080286952,0.144725501537323
2024-11-19,EEM,XGBOOST_H3_NO_SENT,0.135986525746181,0.14451627433300018
2024-11-20,EEM,XGBOOST_H3_NO_SENT,0.13678820742285516,0.1383049190044403
2024-11-21,EEM,XGBOOST_H3_NO_SENT,0.13765058794527457,0.15305592119693756
2024-11-22,EEM,XGBOOST_H3_NO_SENT,0.13928528447174557,0.1564318835735321
2024-11-25,EEM,XGBOOST_H3_NO_SENT,0.13970604207813925,0.1581723988056183
2024-11-26,EEM,XGBOOST_H3_NO_SENT,0.13946752772962584,0.1519642323255539
2024-11-27,EEM,XGBOOST_H3_NO_SENT,0.14029629051819903,0.1543082892894745
2024-11-29,EEM,XGBOOST_H3_NO_SENT,0.14281946291078412,0.15526406466960907
2024-12-02,EEM,XGBOOST_H3_NO_SENT,0.14203466485459063,0.15130195021629333
2024-12-03,EEM,XGBOOST_H3_NO_SENT,0.14155702096546566,0.15538229048252106
2024-12-04,EEM,XGBOOST_H3_NO_SENT,0.14591083341203778,0.15766124427318573
2024-12-05,EEM,XGBOOST_H3_NO_SENT,0.14421021834895228,0.16050826013088226
2024-12-06,EEM,XGBOOST_H3_NO_SENT,0.1458144752006727,0.16120441257953644
2024-12-09,EEM,XGBOOST_H3_NO_SENT,0.12163339048929704,0.159090057015419
2024-12-10,EEM,XGBOOST_H3_NO_SENT,0.1230246569794683,0.15553587675094604
2024-12-11,EEM,XGBOOST_H3_NO_SENT,0.12123152864085436,0.15908728539943695
2024-12-12,EEM,XGBOOST_H3_NO_SENT,0.13122033625307505,0.16665463149547577
2024-12-13,EEM,XGBOOST_H3_NO_SENT,0.14180033772827852,0.1637677252292633
2024-12-16,EEM,XGBOOST_H3_NO_SENT,0.14112464692708113,0.16273491084575653
2024-12-17,EEM,XGBOOST_H3_NO_SENT,0.14494933791645884,0.1628921926021576
2024-12-18,EEM,XGBOOST_H3_NO_SENT,0.123715274898377,0.16298559308052063
2024-12-19,EEM,XGBOOST_H3_NO_SENT,0.12332130368904709,0.15395335853099823
2024-12-20,EEM,XGBOOST_H3_NO_SENT,0.12283594300795492,0.1448841392993927
2024-12-23,EEM,XGBOOST_H3_NO_SENT,0.12336709897419806,0.15290115773677826
2024-12-24,EEM,XGBOOST_H3_NO_SENT,0.13978468102781008,0.15385645627975464
2024-12-26,EEM,XGBOOST_H3_NO_SENT,0.14201409627577244,0.1518593728542328
2024-12-27,EEM,XGBOOST_H3_NO_SENT,0.14102855990150479,0.15254934132099152
2024-12-30,EEM,XGBOOST_H3_NO_SENT,0.14903636508438292,0.1525539755821228
2024-12-31,EEM,XGBOOST_H3_NO_SENT,0.1551116100047702,0.15576650202274323
2025-01-02,EEM,XGBOOST_H3_NO_SENT,0.15772833289838203,0.16063937544822693
2025-01-03,EEM,XGBOOST_H3_NO_SENT,0.16641924095246413,0.15721988677978516
2025-01-06,EEM,XGBOOST_H3_NO_SENT,0.16668290143841144,0.16599251329898834
2025-01-07,EEM,XGBOOST_H3_NO_SENT,0.16428923998617465,0.16724838316440582
2025-01-08,EEM,XGBOOST_H3_NO_SENT,0.1629166082481096,0.1683671921491623
2025-01-10,EEM,XGBOOST_H3_NO_SENT,0.1507157431679551,0.17788831889629364
2025-01-13,EEM,XGBOOST_H3_NO_SENT,0.14848807377588236,0.1794593781232834
2025-01-14,EEM,XGBOOST_H3_NO_SENT,0.14578666861289377,0.17746365070343018
2025-01-15,EEM,XGBOOST_H3_NO_SENT,0.14157307597877938,0.1646106094121933
2025-01-16,EEM,XGBOOST_H3_NO_SENT,0.14189735582677615,0.16407045722007751
2025-01-17,EEM,XGBOOST_H3_NO_SENT,0.14129687579216496,0.1625058352947235
2025-01-21,EEM,XGBOOST_H3_NO_SENT,0.13917152712878747,0.15031948685646057
2025-01-22,EEM,XGBOOST_H3_NO_SENT,0.14103192860382024,0.1510644406080246
2025-01-23,EEM,XGBOOST_H3_NO_SENT,0.1424776826073674,0.15291248261928558
2025-01-24,EEM,XGBOOST_H3_NO_SENT,0.15517753073037263,0.16179080307483673
2025-01-27,EEM,XGBOOST_H3_NO_SENT,0.13661119660992033,0.17950855195522308
2025-01-28,EEM,XGBOOST_H3_NO_SENT,0.13813849250518137,0.1769830286502838
2025-01-29,EEM,XGBOOST_H3_NO_SENT,0.15899660427251466,0.18234461545944214
2025-01-30,EEM,XGBOOST_H3_NO_SENT,0.1570927276765402,0.176744282245636
2025-01-31,EEM,XGBOOST_H3_NO_SENT,0.15486587186586367,0.17404690384864807
2025-02-03,EEM,XGBOOST_H3_NO_SENT,0.15489753304459325,0.17904454469680786
2025-02-04,EEM,XGBOOST_H3_NO_SENT,0.17585437630867617,0.17277593910694122
2025-02-05,EEM,XGBOOST_H3_NO_SENT,0.17750248728769782,0.17458520829677582
2025-02-06,EEM,XGBOOST_H3_NO_SENT,0.17769456829625843,0.16999679803848267
2025-02-07,EEM,XGBOOST_H3_NO_SENT,0.19943072623108893,0.1731380820274353
2025-02-10,EEM,XGBOOST_H3_NO_SENT,0.1969507355449951,0.17273682355880737
2025-02-11,EEM,XGBOOST_H3_NO_SENT,0.1973005953533102,0.17539876699447632
2025-02-12,EEM,XGBOOST_H3_NO_SENT,0.19699849517384804,0.1754487305879593
2025-02-13,EEM,XGBOOST_H3_NO_SENT,0.2062303228745926,0.17771273851394653
2025-02-14,EEM,XGBOOST_H3_NO_SENT,0.21293314013495704,0.17374984920024872
2025-02-18,EEM,XGBOOST_H3_NO_SENT,0.2130409752494451,0.17870336771011353
2025-02-19,EEM,XGBOOST_H3_NO_SENT,0.21300761586530734,0.1846352219581604
2025-02-20,EEM,XGBOOST_H3_NO_SENT,0.21335040989632542,0.18126563727855682
2025-02-21,EEM,XGBOOST_H3_NO_SENT,0.21380466316118088,0.17441003024578094
2025-02-24,EEM,XGBOOST_H3_NO_SENT,0.20669351705499764,0.1730724573135376
2025-02-25,EEM,XGBOOST_H3_NO_SENT,0.20707630748885372,0.1755518764257431
2025-02-26,EEM,XGBOOST_H3_NO_SENT,0.20517276149992195,0.1625099927186966
2025-02-27,EEM,XGBOOST_H3_NO_SENT,0.19263977405569463,0.16588126122951508
2025-02-28,EEM,XGBOOST_H3_NO_SENT,0.19841870035250833,0.1662362664937973
2025-03-03,EEM,XGBOOST_H3_NO_SENT,0.19547618822332444,0.18376393616199493
2025-03-04,EEM,XGBOOST_H3_NO_SENT,0.1937463263541719,0.17320550978183746
2025-03-05,EEM,XGBOOST_H3_NO_SENT,0.16158001132249591,0.16874346137046814
2025-03-06,EEM,XGBOOST_H3_NO_SENT,0.1767655701648007,0.17838835716247559
2025-03-07,EEM,XGBOOST_H3_NO_SENT,0.2635563999201502,0.19204004108905792
2025-03-10,EEM,XGBOOST_H3_NO_SENT,0.281105332043069,0.21775297820568085
2025-03-11,EEM,XGBOOST_H3_NO_SENT,0.278107279493887,0.21792595088481903
2025-03-12,EEM,XGBOOST_H3_NO_SENT,0.37992184486981473,0.20647263526916504
2025-03-13,EEM,XGBOOST_H3_NO_SENT,0.3832274716742154,0.20860622823238373
2025-03-14,EEM,XGBOOST_H3_NO_SENT,0.3954634360021168,0.22692127525806427
2025-03-17,EEM,XGBOOST_H3_NO_SENT,0.39111000766344123,0.22483772039413452
2025-03-18,EEM,XGBOOST_H3_NO_SENT,0.3911871766383973,0.2348717600107193
2025-03-19,EEM,XGBOOST_H3_NO_SENT,0.39157973566314835,0.22183582186698914
2025-03-20,EEM,XGBOOST_H3_NO_SENT,0.39325281636042275,0.22393639385700226
2025-03-21,EEM,XGBOOST_H3_NO_SENT,0.3933514620340189,0.2255067229270935
2025-03-24,EEM,XGBOOST_H3_NO_SENT,0.3977379090806426,0.20207537710666656
2025-03-25,EEM,XGBOOST_H3_NO_SENT,0.40082867089569174,0.20098067820072174
2025-03-26,EEM,XGBOOST_H3_NO_SENT,0.40324139209328713,0.19909751415252686
2025-03-27,EEM,XGBOOST_H3_NO_SENT,0.4026408476872247,0.19495682418346405
2025-03-28,EEM,XGBOOST_H3_NO_SENT,0.397387349151037,0.20470711588859558
2025-03-31,EEM,XGBOOST_H3_NO_SENT,0.39749518590216226,0.2028968334197998
2025-04-01,EEM,XGBOOST_H3_NO_SENT,0.3974284924412415,0.20473863184452057
2025-04-02,EEM,XGBOOST_H3_NO_SENT,0.39739115928636687,0.20499557256698608
2025-04-03,EEM,XGBOOST_H3_NO_SENT,0.40119735543440466,0.2629033029079437
2025-04-04,EEM,XGBOOST_H3_NO_SENT,0.33396086942024517,0.43352872133255005
2025-04-07,EEM,XGBOOST_H3_NO_SENT,0.29480600016567204,0.41852641105651855
2025-04-08,EEM,XGBOOST_H3_NO_SENT,0.2924388841272147,0.4008464813232422
2025-04-09,EEM,XGBOOST_H3_NO_SENT,0.19014723236054373,0.39995327591896057
2025-04-10,EEM,XGBOOST_H3_NO_SENT,0.17265202023578363,0.48709213733673096
2025-04-11,EEM,XGBOOST_H3_NO_SENT,0.15639613763516177,0.49516892433166504
2025-04-14,EEM,XGBOOST_H3_NO_SENT,0.15585660026228557,0.4966946244239807
2025-04-15,EEM,XGBOOST_H3_NO_SENT,0.15494905569012607,0.48563021421432495
2025-04-16,EEM,XGBOOST_H3_NO_SENT,0.1438033722428316,0.48594674468040466
2025-04-17,EEM,XGBOOST_H3_NO_SENT,0.14504466539334226,0.4728556275367737
2025-04-21,EEM,XGBOOST_H3_NO_SENT,0.14415935000143207,0.25794070959091187
2025-04-22,EEM,XGBOOST_H3_NO_SENT,0.1407706773291228,0.25722211599349976
2025-04-23,EEM,XGBOOST_H3_NO_SENT,0.14006136304675246,0.24157266318798065
2025-04-24,EEM,XGBOOST_H3_NO_SENT,0.13868499244448623,0.22834202647209167
2025-04-25,EEM,XGBOOST_H3_NO_SENT,0.13764834552259078,0.21132855117321014
2025-04-28,EEM,XGBOOST_H3_NO_SENT,0.1389708994980122,0.20624610781669617
2025-04-29,EEM,XGBOOST_H3_NO_SENT,0.14147086121075983,0.2087249904870987
2025-04-30,EEM,XGBOOST_H3_NO_SENT,0.14153199027505148,0.21115858852863312
2025-05-01,EEM,XGBOOST_H3_NO_SENT,0.15079838006512186,0.18507131934165955
2025-05-02,EEM,XGBOOST_H3_NO_SENT,0.1171213136605295,0.18055681884288788
2025-05-05,EEM,XGBOOST_H3_NO_SENT,0.11468210168563181,0.17794427275657654
2025-05-06,EEM,XGBOOST_H3_NO_SENT,0.1203626650256289,0.1886228770017624
2025-05-07,EEM,XGBOOST_H3_NO_SENT,0.11050221373841042,0.18843106925487518
2025-05-08,EEM,XGBOOST_H3_NO_SENT,0.10996027668247013,0.18985149264335632
2025-05-09,EEM,XGBOOST_H3_NO_SENT,0.11103819516799183,0.1863393485546112
2025-05-12,EEM,XGBOOST_H3_NO_SENT,0.08733002780277596,0.16610418260097504
2025-05-13,EEM,XGBOOST_H3_NO_SENT,0.08773013577696823,0.1634707897901535
2025-05-14,EEM,XGBOOST_H3_NO_SENT,0.08516676271965119,0.16219356656074524
2025-05-15,EEM,XGBOOST_H3_NO_SENT,0.10569420204384038,0.15451472997665405
2025-05-16,EEM,XGBOOST_H3_NO_SENT,0.11281300454218424,0.15868814289569855
2025-05-19,EEM,XGBOOST_H3_NO_SENT,0.12427322743960388,0.16052378714084625
2025-05-20,EEM,XGBOOST_H3_NO_SENT,0.12414220400716186,0.14964230358600616
2025-05-21,EEM,XGBOOST_H3_NO_SENT,0.1258201831032526,0.17393282055854797
2025-05-22,EEM,XGBOOST_H3_NO_SENT,0.12765957432340153,0.14584237337112427
2025-05-23,EEM,XGBOOST_H3_NO_SENT,0.15413032733477666,0.1463547796010971
2025-05-27,EEM,XGBOOST_H3_NO_SENT,0.15326103856674517,0.14364370703697205
2025-05-28,EEM,XGBOOST_H3_NO_SENT,0.1516265911350065,0.1442791223526001
2025-05-29,EEM,XGBOOST_H3_NO_SENT,0.15357288260164675,0.14170345664024353
2025-05-30,EEM,XGBOOST_H3_NO_SENT,0.1432108629778041,0.14005635678768158
2025-06-02,EEM,XGBOOST_H3_NO_SENT,0.1425672690247718,0.1478336751461029
2025-06-03,EEM,XGBOOST_H3_NO_SENT,0.14260362995566842,0.14498694241046906
2025-06-04,EEM,XGBOOST_H3_NO_SENT,0.1386242591683007,0.1369410902261734
2025-06-05,EEM,XGBOOST_H3_NO_SENT,0.15087238836422068,0.13941307365894318
2025-06-06,EEM,XGBOOST_H3_NO_SENT,0.15160943059801482,0.14575012028217316
2025-06-09,EEM,XGBOOST_H3_NO_SENT,0.15012309098071167,0.14426901936531067
2025-06-10,EEM,XGBOOST_H3_NO_SENT,0.14938748955437142,0.13049878180027008
2025-06-11,EEM,XGBOOST_H3_NO_SENT,0.14986438876791952,0.13454000651836395
2025-06-12,EEM,XGBOOST_H3_NO_SENT,0.1498526419613216,0.13568523526191711
2025-06-13,EEM,XGBOOST_H3_NO_SENT,0.13711496848553814,0.13662587106227875
2025-06-16,EEM,XGBOOST_H3_NO_SENT,0.13232305658010884,0.13181322813034058
2025-06-17,EEM,XGBOOST_H3_NO_SENT,0.12046154003858801,0.12899163365364075
2025-06-18,EEM,XGBOOST_H3_NO_SENT,0.12132086712962924,0.1301429569721222
2025-06-20,EEM,XGBOOST_H3_NO_SENT,0.11783064506266752,0.141659677028656
2025-06-23,EEM,XGBOOST_H3_NO_SENT,0.11665983918818965,0.13805101811885834
2025-06-24,EEM,XGBOOST_H3_NO_SENT,0.0853395533539787,0.12964573502540588
2025-06-25,EEM,XGBOOST_H3_NO_SENT,0.08932276869290869,0.13257093727588654
2025-06-26,EEM,XGBOOST_H3_NO_SENT,0.08887238422448145,0.1478920876979828
2025-06-27,EEM,XGBOOST_H3_NO_SENT,0.09149768295171182,0.15177999436855316
2025-06-30,EEM,XGBOOST_H3_NO_SENT,0.09121953944438223,0.13831131160259247
2025-07-01,EEM,XGBOOST_H3_NO_SENT,0.09578461892632135,0.14412708580493927
2025-07-02,EEM,XGBOOST_H3_NO_SENT,0.09714298770784704,0.15017996728420258
2025-07-03,EEM,XGBOOST_H3_NO_SENT,0.0990532845051017,0.14625032246112823
2025-07-07,EEM,XGBOOST_H3_NO_SENT,0.0922287742374643,0.1557316929101944
2025-07-08,EEM,XGBOOST_H3_NO_SENT,0.09029107814347367,0.1719585657119751
2025-07-09,EEM,XGBOOST_H3_NO_SENT,0.09110790340876988,0.17631104588508606
2025-07-10,EEM,XGBOOST_H3_NO_SENT,0.09477504282839266,0.17479389905929565
2025-07-11,EEM,XGBOOST_H3_NO_SENT,0.09364665959203945,0.17982593178749084
2025-07-14,EEM,XGBOOST_H3_NO_SENT,0.09472908816132398,0.18051540851593018
2025-07-15,EEM,XGBOOST_H3_NO_SENT,0.10039657496400269,0.17127983272075653
2025-07-16,EEM,XGBOOST_H3_NO_SENT,0.10680419533720421,0.17090514302253723
2025-07-17,EEM,XGBOOST_H3_NO_SENT,0.11639996567752306,0.1696719527244568
2025-07-18,EEM,XGBOOST_H3_NO_SENT,0.11588886380180283,0.17403356730937958
2025-07-21,EEM,XGBOOST_H3_NO_SENT,0.1154588079158218,0.17623937129974365
2025-07-22,EEM,XGBOOST_H3_NO_SENT,0.11983295494119016,0.17050796747207642
2025-07-23,EEM,XGBOOST_H3_NO_SENT,0.11434588655659322,0.17978255450725555
2025-07-24,EEM,XGBOOST_H3_NO_SENT,0.11295381611188036,0.19039373099803925
2025-07-25,EEM,XGBOOST_H3_NO_SENT,0.1322025018063229,0.19276024401187897
2025-07-28,EEM,XGBOOST_H3_NO_SENT,0.13150434761642593,0.19372008740901947
2025-07-29,EEM,XGBOOST_H3_NO_SENT,0.13216077126723977,0.17928831279277802
2025-07-30,EEM,XGBOOST_H3_NO_SENT,0.1311100128059437,0.17392170429229736
2025-07-31,EEM,XGBOOST_H3_NO_SENT,0.12887180393561282,0.1798229068517685
2025-08-01,EEM,XGBOOST_H3_NO_SENT,0.12674965734620508,0.1768764853477478
2025-08-04,EEM,XGBOOST_H3_NO_SENT,0.12279632520554187,0.17363905906677246
2025-08-05,EEM,XGBOOST_H3_NO_SENT,0.1230163024461532,0.1866443008184433
2025-08-06,EEM,XGBOOST_H3_NO_SENT,0.12321995081939659,0.1958695650100708
2025-08-07,EEM,XGBOOST_H3_NO_SENT,0.12680077835189035,0.1924917846918106
2025-08-08,EEM,XGBOOST_H3_NO_SENT,0.12978097860400234,0.19671531021595
2025-08-11,EEM,XGBOOST_H3_NO_SENT,0.129484337952384,0.19305215775966644
2025-08-12,EEM,XGBOOST_H3_NO_SENT,0.12524465980881117,0.19672070443630219
2025-08-13,EEM,XGBOOST_H3_NO_SENT,0.12825196174042328,0.20535537600517273
2025-08-14,EEM,XGBOOST_H3_NO_SENT,0.11744259604401533,0.19254279136657715
2025-08-15,EEM,XGBOOST_H3_NO_SENT,0.11862540715530542,0.2003493458032608
2025-08-18,EEM,XGBOOST_H3_NO_SENT,0.11931963631572694,0.2001260370016098
2025-08-19,EEM,XGBOOST_H3_NO_SENT,0.11220337975042358,0.19474191963672638
2025-08-20,EEM,XGBOOST_H3_NO_SENT,0.11284401205351352,0.19494867324829102
2025-08-21,EEM,XGBOOST_H3_NO_SENT,0.11287497188526392,0.20147094130516052
2025-08-22,EEM,XGBOOST_H3_NO_SENT,0.09504717594280199,0.1785806119441986
2025-08-25,EEM,XGBOOST_H3_NO_SENT,0.090271479996909,0.17934027314186096
2025-08-26,EEM,XGBOOST_H3_NO_SENT,0.09095060549307764,0.179263636469841
2025-08-27,EEM,XGBOOST_H3_NO_SENT,0.09077202482667392,0.1843457967042923
2025-08-28,EEM,XGBOOST_H3_NO_SENT,0.09219995152871989,0.1833343803882599
2025-08-29,EEM,XGBOOST_H3_NO_SENT,0.0906829824223917,0.1897447556257248
2025-09-02,EEM,XGBOOST_H3_NO_SENT,0.0894380995397242,0.19770820438861847
2025-09-03,EEM,XGBOOST_H3_NO_SENT,0.09077212857606917,0.19341567158699036
2025-09-04,EEM,XGBOOST_H3_NO_SENT,0.08708696211320417,0.19004514813423157
2025-09-05,EEM,XGBOOST_H3_NO_SENT,0.08196697030643327,0.17057864367961884
2025-09-08,EEM,XGBOOST_H3_NO_SENT,0.07951242022701803,0.17563413083553314
2025-09-09,EEM,XGBOOST_H3_NO_SENT,0.08826292312754723,0.17571793496608734
2025-09-10,EEM,XGBOOST_H3_NO_SENT,0.0890281040920086,0.17129331827163696
2025-09-11,EEM,XGBOOST_H3_NO_SENT,0.08941563098829236,0.1740359216928482
2025-09-12,EEM,XGBOOST_H3_NO_SENT,0.1653689100763887,0.16814342141151428
2025-09-15,EEM,XGBOOST_H3_NO_SENT,0.19342553288162698,0.18622493743896484
2025-09-16,EEM,XGBOOST_H3_NO_SENT,0.1947404900096637,0.18193936347961426
2025-09-17,EEM,XGBOOST_H3_NO_SENT,0.202776886517197,0.19906476140022278
2025-09-18,EEM,XGBOOST_H3_NO_SENT,0.2035070661052091,0.2018900066614151
2025-09-19,EEM,XGBOOST_H3_NO_SENT,0.20320061924036056,0.21156713366508484
2025-09-22,EEM,XGBOOST_H3_NO_SENT,0.207636201537855,0.2120244801044464
2025-09-23,EEM,XGBOOST_H3_NO_SENT,0.21247717746230554,0.20783202350139618
2025-09-24,EEM,XGBOOST_H3_NO_SENT,0.21199226130445045,0.212569922208786
2025-09-25,EEM,XGBOOST_H3_NO_SENT,0.2120372361845612,0.2083762288093567
2025-09-26,EEM,XGBOOST_H3_NO_SENT,0.21220833294101096,0.21254613995552063
2025-09-29,EEM,XGBOOST_H3_NO_SENT,0.21315087458209794,0.2125156819820404
2025-09-30,EEM,XGBOOST_H3_NO_SENT,0.21326222600165257,0.22207078337669373
2025-10-01,EEM,XGBOOST_H3_NO_SENT,0.21264149376041921,0.22446148097515106
2025-10-02,EEM,XGBOOST_H3_NO_SENT,0.21682799450905177,0.22489036619663239
2025-10-03,EEM,XGBOOST_H3_NO_SENT,0.2170893304487253,0.21464787423610687
2025-10-06,EEM,XGBOOST_H3_NO_SENT,0.21755208612695062,0.20352807641029358
2025-10-07,EEM,XGBOOST_H3_NO_SENT,0.2264945505838788,0.21172426640987396
2025-10-08,EEM,XGBOOST_H3_NO_SENT,0.226958414596971,0.21355614066123962
2025-10-09,EEM,XGBOOST_H3_NO_SENT,0.22535518314622618,0.2524932622909546
2025-10-10,EEM,XGBOOST_H3_NO_SENT,0.17519333209434684,0.23386722803115845
2025-10-14,EEM,XGBOOST_H3_NO_SENT,0.151143908263146,0.22948716580867767
2025-10-15,EEM,XGBOOST_H3_NO_SENT,0.14204480879948905,0.23319578170776367
2025-10-16,EEM,XGBOOST_H3_NO_SENT,0.14833809866264622,0.2359153926372528
2025-10-17,EEM,XGBOOST_H3_NO_SENT,0.14830441180542542,0.2387825846672058
2025-10-20,EEM,XGBOOST_H3_NO_SENT,0.14657238940805103,0.25904324650764465
2025-10-21,EEM,XGBOOST_H3_NO_SENT,0.14221318777728442,0.2579355537891388
2025-10-22,EEM,XGBOOST_H3_NO_SENT,0.1426751310594188,0.2752700448036194
2025-10-23,EEM,XGBOOST_H3_NO_SENT,0.14594160511558316,0.2667251229286194
2025-10-24,EEM,XGBOOST_H3_NO_SENT,0.142930094728084,0.28635066747665405
2025-10-27,EEM,XGBOOST_H3_NO_SENT,0.14232138273837114,0.29171720147132874
2025-10-28,EEM,XGBOOST_H3_NO_SENT,0.14353716738158367,0.37285229563713074
2025-10-29,EEM,XGBOOST_H3_NO_SENT,0.14464777711902177,0.2807208001613617
2025-10-30,EEM,XGBOOST_H3_NO_SENT,0.1411635450264078,0.36809712648391724
2025-10-31,EEM,XGBOOST_H3_NO_SENT,0.14107703486991627,0.26622942090034485
2025-11-03,EEM,XGBOOST_H3_NO_SENT,0.13858741618817963,0.2897551953792572
2025-11-04,EEM,XGBOOST_H3_NO_SENT,0.12270300224383467,0.2950007915496826
2025-11-05,EEM,XGBOOST_H3_NO_SENT,0.11781141417440433,0.29178035259246826
2025-11-06,EEM,XGBOOST_H3_NO_SENT,0.1184392499256659,0.2884024381637573
2025-11-07,EEM,XGBOOST_H3_NO_SENT,0.11822468999988361,0.2893719971179962
2025-11-10,EEM,XGBOOST_H3_NO_SENT,0.09882959083654988,0.22910675406455994
2025-11-12,EEM,XGBOOST_H3_NO_SENT,0.10859506525400633,0.23803099989891052
2025-11-13,EEM,XGBOOST_H3_NO_SENT,0.10854961442849798,0.23001588881015778
2025-11-14,EEM,XGBOOST_H3_NO_SENT,0.10875666492609536,0.23268283903598785
2025-11-17,EEM,XGBOOST_H3_NO_SENT,0.10287089342450052,0.251242995262146
2025-11-18,EEM,XGBOOST_H3_NO_SENT,0.10443124758547728,0.26714470982551575
2025-11-19,EEM,XGBOOST_H3_NO_SENT,0.11204214469443108,0.2707107961177826
2025-11-20,EEM,XGBOOST_H3_NO_SENT,0.10409662565650442,0.3752710819244385
2025-11-21,EEM,XGBOOST_H3_NO_SENT,0.10492888365277835,0.3707844018936157
2025-11-24,EEM,XGBOOST_H3_NO_SENT,0.1007270324268152,0.36768120527267456
2025-11-25,EEM,XGBOOST_H3_NO_SENT,0.10042726912184399,0.35157185792922974
2025-11-26,EEM,XGBOOST_H3_NO_SENT,0.10022762166462042,0.2645711600780487
2025-11-28,EEM,XGBOOST_H3_NO_SENT,0.10111222649638613,0.3352840542793274
2025-12-01,EEM,XGBOOST_H3_NO_SENT,0.10142276606037798,0.2530503571033478
2025-12-02,EEM,XGBOOST_H3_NO_SENT,0.1025693588956767,0.33227482438087463
2025-12-03,EEM,XGBOOST_H3_NO_SENT,0.1391100787713649,0.2736005187034607
2025-12-04,EEM,XGBOOST_H3_NO_SENT,0.14193246010959054,0.26944318413734436
2025-12-05,EEM,XGBOOST_H3_NO_SENT,0.14186634990108005,0.2823616862297058
2025-12-08,EEM,XGBOOST_H3_NO_SENT,0.14566499471796895,0.27962225675582886
2025-12-09,EEM,XGBOOST_H3_NO_SENT,0.14504242962508324,0.2812889516353607
2025-12-10,EEM,XGBOOST_H3_NO_SENT,0.14192538045538264,0.28372299671173096
2025-12-11,EEM,XGBOOST_H3_NO_SENT,0.14473696313516138,0.2701743245124817
2025-12-12,EEM,XGBOOST_H3_NO_SENT,0.13949493976875108,0.28308895230293274
2025-12-15,EEM,XGBOOST_H3_NO_SENT,0.13730484259254186,0.2883566617965698
2025-12-16,EEM,XGBOOST_H3_NO_SENT,0.1318484393300344,0.28767332434654236
2025-12-17,EEM,XGBOOST_H3_NO_SENT,0.12831337824782765,0.323027640581131
2025-12-18,EEM,XGBOOST_H3_NO_SENT,0.13559382049942878,0.32387927174568176
2025-12-19,EEM,XGBOOST_H3_NO_SENT,0.1415033898916608,0.2925579249858856
2025-12-22,EEM,XGBOOST_H3_NO_SENT,0.14197280378283592,0.2876913547515869
2025-12-23,EEM,XGBOOST_H3_NO_SENT,0.14209297596856163,0.23939378559589386
2025-12-24,EEM,XGBOOST_H3_NO_SENT,0.1421652876704254,0.25172486901283264
2025-12-26,EEM,XGBOOST_H3_NO_SENT,0.15214229074466035,0.2723330855369568
2025-12-29,EEM,XGBOOST_H3_NO_SENT,0.14973067815891344,0.2877568304538727
2025-12-30,EEM,XGBOOST_H3_NO_SENT,0.15419680365489102,0.3122316598892212
2025-12-31,EEM,XGBOOST_H3_NO_SENT,0.1803911646011222,0.30771103501319885
2024-10-16,XLK,XGBOOST_H3_NO_SENT,0.20410058844335474,0.17127834260463715
2024-10-17,XLK,XGBOOST_H3_NO_SENT,0.20464332872228,0.17522884905338287
2024-10-18,XLK,XGBOOST_H3_NO_SENT,0.22420413170342265,0.17432484030723572
2024-10-21,XLK,XGBOOST_H3_NO_SENT,0.22382471563304185,0.20447185635566711
2024-10-22,XLK,XGBOOST_H3_NO_SENT,0.22593060670599383,0.20113985240459442
2024-10-23,XLK,XGBOOST_H3_NO_SENT,0.2195533716860233,0.19595007598400116
2024-10-24,XLK,XGBOOST_H3_NO_SENT,0.22203803646243403,0.19046400487422943
2024-10-25,XLK,XGBOOST_H3_NO_SENT,0.2214750098557283,0.17065733671188354
2024-10-28,XLK,XGBOOST_H3_NO_SENT,0.2214610353936619,0.170430526137352
2024-10-29,XLK,XGBOOST_H3_NO_SENT,0.21706724359002522,0.1708579957485199
2024-10-30,XLK,XGBOOST_H3_NO_SENT,0.2148355868241238,0.1668754369020462
2024-10-31,XLK,XGBOOST_H3_NO_SENT,0.17757739068604025,0.16213859617710114
2024-11-01,XLK,XGBOOST_H3_NO_SENT,0.17844213942938958,0.1627962738275528
2024-11-04,XLK,XGBOOST_H3_NO_SENT,0.17801772802919266,0.15286476910114288
2024-11-05,XLK,XGBOOST_H3_NO_SENT,0.18201629796921884,0.14492443203926086
2024-11-06,XLK,XGBOOST_H3_NO_SENT,0.15800351346057856,0.18371115624904633
2024-11-07,XLK,XGBOOST_H3_NO_SENT,0.14687495644896864,0.16225837171077728
2024-11-08,XLK,XGBOOST_H3_NO_SENT,0.1490210352669321,0.15466520190238953
2024-11-12,XLK,XGBOOST_H3_NO_SENT,0.16445487312648624,0.1602756381034851
2024-11-13,XLK,XGBOOST_H3_NO_SENT,0.1653428148019244,0.15131592750549316
2024-11-14,XLK,XGBOOST_H3_NO_SENT,0.1651411853747068,0.16388116776943207
2024-11-15,XLK,XGBOOST_H3_NO_SENT,0.13603391325882178,0.17334014177322388
2024-11-18,XLK,XGBOOST_H3_NO_SENT,0.139518044340481,0.16573089361190796
2024-11-19,XLK,XGBOOST_H3_NO_SENT,0.1848307143618201,0.16446591913700104
2024-11-20,XLK,XGBOOST_H3_NO_SENT,0.1848113160848748,0.1682906299829483
2024-11-21,XLK,XGBOOST_H3_NO_SENT,0.18883286395718987,0.17312633991241455
2024-11-22,XLK,XGBOOST_H3_NO_SENT,0.1921471249932224,0.16351011395454407
2024-11-25,XLK,XGBOOST_H3_NO_SENT,0.19485774037430204,0.16518373787403107
2024-11-26,XLK,XGBOOST_H3_NO_SENT,0.19444657468650145,0.16501984000205994
2024-11-27,XLK,XGBOOST_H3_NO_SENT,0.1941892340145744,0.16818015277385712
2024-11-29,XLK,XGBOOST_H3_NO_SENT,0.19801885458900775,0.16018043458461761
2024-12-02,XLK,XGBOOST_H3_NO_SENT,0.1971150192658412,0.1661863923072815
2024-12-03,XLK,XGBOOST_H3_NO_SENT,0.19654700765783165,0.16766422986984253
2024-12-04,XLK,XGBOOST_H3_NO_SENT,0.19413768883628532,0.16935855150222778
2024-12-05,XLK,XGBOOST_H3_NO_SENT,0.19938034893949882,0.17675435543060303
2024-12-06,XLK,XGBOOST_H3_NO_SENT,0.21098023381519906,0.18746961653232574
2024-12-09,XLK,XGBOOST_H3_NO_SENT,0.21011000734151392,0.18952862918376923
2024-12-10,XLK,XGBOOST_H3_NO_SENT,0.21848130487336462,0.191636323928833
2024-12-11,XLK,XGBOOST_H3_NO_SENT,0.2109919214466846,0.19330395758152008
2024-12-12,XLK,XGBOOST_H3_NO_SENT,0.2114280436964645,0.1957305669784546
2024-12-13,XLK,XGBOOST_H3_NO_SENT,0.2243083592501652,0.20114341378211975
2024-12-16,XLK,XGBOOST_H3_NO_SENT,0.2212543213230051,0.20449289679527283
2024-12-17,XLK,XGBOOST_H3_NO_SENT,0.2294359556342988,0.21625152230262756
2024-12-18,XLK,XGBOOST_H3_NO_SENT,0.19859284295292187,0.22323933243751526
2024-12-19,XLK,XGBOOST_H3_NO_SENT,0.2126744090815702,0.21510086953639984
2024-12-20,XLK,XGBOOST_H3_NO_SENT,0.2071869847902291,0.20692557096481323
2024-12-23,XLK,XGBOOST_H3_NO_SENT,0.2081949958429284,0.21534463763237
2024-12-24,XLK,XGBOOST_H3_NO_SENT,0.2709803546645421,0.21535198390483856
2024-12-26,XLK,XGBOOST_H3_NO_SENT,0.2899363751909057,0.22100737690925598
2024-12-27,XLK,XGBOOST_H3_NO_SENT,0.2876788715228637,0.22212783992290497
2024-12-30,XLK,XGBOOST_H3_NO_SENT,0.2845458296772738,0.2221802920103073
2024-12-31,XLK,XGBOOST_H3_NO_SENT,0.2837734716652637,0.22674457728862762
2025-01-02,XLK,XGBOOST_H3_NO_SENT,0.2875778744614524,0.22582751512527466
2025-01-03,XLK,XGBOOST_H3_NO_SENT,0.28618264069888544,0.22724494338035583
2025-01-06,XLK,XGBOOST_H3_NO_SENT,0.2869437198164755,0.23034296929836273
2025-01-07,XLK,XGBOOST_H3_NO_SENT,0.27789429331036347,0.2282458245754242
2025-01-08,XLK,XGBOOST_H3_NO_SENT,0.27964123996690765,0.22151383757591248
2025-01-10,XLK,XGBOOST_H3_NO_SENT,0.27179854430537864,0.23154737055301666
2025-01-13,XLK,XGBOOST_H3_NO_SENT,0.2699039863319875,0.2374117374420166
2025-01-14,XLK,XGBOOST_H3_NO_SENT,0.2702856716397319,0.23229017853736877
2025-01-15,XLK,XGBOOST_H3_NO_SENT,0.26603046516911383,0.20771221816539764
2025-01-16,XLK,XGBOOST_H3_NO_SENT,0.2638531132468542,0.20112217962741852
2025-01-17,XLK,XGBOOST_H3_NO_SENT,0.2604365058185233,0.21098773181438446
2025-01-21,XLK,XGBOOST_H3_NO_SENT,0.2593032878382711,0.23091192543506622
2025-01-22,XLK,XGBOOST_H3_NO_SENT,0.24737619259645152,0.2042824774980545
2025-01-23,XLK,XGBOOST_H3_NO_SENT,0.2656943742798531,0.21244247257709503
2025-01-24,XLK,XGBOOST_H3_NO_SENT,0.2678232607696681,0.20978198945522308
2025-01-27,XLK,XGBOOST_H3_NO_SENT,0.2029707711241893,0.2335529774427414
2025-01-28,XLK,XGBOOST_H3_NO_SENT,0.18300348404747047,0.23248280584812164
2025-01-29,XLK,XGBOOST_H3_NO_SENT,0.22328772986767395,0.23302634060382843
2025-01-30,XLK,XGBOOST_H3_NO_SENT,0.2293759146840158,0.2492763102054596
2025-01-31,XLK,XGBOOST_H3_NO_SENT,0.25185906872144465,0.2271483689546585
2025-02-03,XLK,XGBOOST_H3_NO_SENT,0.2486124905668286,0.22582334280014038
2025-02-04,XLK,XGBOOST_H3_NO_SENT,0.24831033549077958,0.22259080410003662
2025-02-05,XLK,XGBOOST_H3_NO_SENT,0.2572150787919628,0.21620692312717438
2025-02-06,XLK,XGBOOST_H3_NO_SENT,0.2645828769704918,0.22142267227172852
2025-02-07,XLK,XGBOOST_H3_NO_SENT,0.2998729662082451,0.2390826791524887
2025-02-10,XLK,XGBOOST_H3_NO_SENT,0.29068624544249033,0.24680158495903015
2025-02-11,XLK,XGBOOST_H3_NO_SENT,0.3001597866383355,0.2476041465997696
2025-02-12,XLK,XGBOOST_H3_NO_SENT,0.30369774519022713,0.24729891121387482
2025-02-13,XLK,XGBOOST_H3_NO_SENT,0.3222902349952679,0.2441655993461609
2025-02-14,XLK,XGBOOST_H3_NO_SENT,0.3238454990143377,0.24228686094284058
2025-02-18,XLK,XGBOOST_H3_NO_SENT,0.32095570461585593,0.24454687535762787
2025-02-19,XLK,XGBOOST_H3_NO_SENT,0.32767786556316103,0.24536655843257904
2025-02-20,XLK,XGBOOST_H3_NO_SENT,0.3275323722211003,0.24561351537704468
2025-02-21,XLK,XGBOOST_H3_NO_SENT,0.31891528324368,0.2516883909702301
2025-02-24,XLK,XGBOOST_H3_NO_SENT,0.327099901840352,0.23702727258205414
2025-02-25,XLK,XGBOOST_H3_NO_SENT,0.32558846628276306,0.24045483767986298
2025-02-26,XLK,XGBOOST_H3_NO_SENT,0.32942655248864966,0.2500919699668884
2025-02-27,XLK,XGBOOST_H3_NO_SENT,0.3061892506167978,0.24930621683597565
2025-02-28,XLK,XGBOOST_H3_NO_SENT,0.30993385433536025,0.2639595866203308
2025-03-03,XLK,XGBOOST_H3_NO_SENT,0.2938938530901598,0.2507603168487549
2025-03-04,XLK,XGBOOST_H3_NO_SENT,0.29600907714353614,0.25995561480522156
2025-03-05,XLK,XGBOOST_H3_NO_SENT,0.29209214855113164,0.25058355927467346
2025-03-06,XLK,XGBOOST_H3_NO_SENT,0.3699046390877445,0.29017409682273865
2025-03-07,XLK,XGBOOST_H3_NO_SENT,0.4249417315243077,0.2624141573905945
2025-03-10,XLK,XGBOOST_H3_NO_SENT,0.4076031282990205,0.28215429186820984
2025-03-11,XLK,XGBOOST_H3_NO_SENT,0.4104896805012934,0.3369939625263214
2025-03-12,XLK,XGBOOST_H3_NO_SENT,0.623769951932061,0.27909931540489197
2025-03-13,XLK,XGBOOST_H3_NO_SENT,0.64222869426309,0.288918673992157
2025-03-14,XLK,XGBOOST_H3_NO_SENT,0.6366006723590252,0.31434839963912964
2025-03-17,XLK,XGBOOST_H3_NO_SENT,0.6371208875363282,0.29486462473869324
2025-03-18,XLK,XGBOOST_H3_NO_SENT,0.6360382350151029,0.29483821988105774
2025-03-19,XLK,XGBOOST_H3_NO_SENT,0.6434191524122194,0.2866990268230438
2025-03-20,XLK,XGBOOST_H3_NO_SENT,0.6433740147788916,0.2698895335197449
2025-03-21,XLK,XGBOOST_H3_NO_SENT,0.6469556863236505,0.2712804973125458
2025-03-24,XLK,XGBOOST_H3_NO_SENT,0.6499718151684777,0.26305726170539856
2025-03-25,XLK,XGBOOST_H3_NO_SENT,0.6609459988300797,0.25443434715270996
2025-03-26,XLK,XGBOOST_H3_NO_SENT,0.673234694536318,0.2673671543598175
2025-03-27,XLK,XGBOOST_H3_NO_SENT,0.6751354456601647,0.2750997543334961
2025-03-28,XLK,XGBOOST_H3_NO_SENT,0.6692825804610718,0.264398992061615
2025-03-31,XLK,XGBOOST_H3_NO_SENT,0.6694510145952446,0.24565382301807404
2025-04-01,XLK,XGBOOST_H3_NO_SENT,0.6691300545328007,0.24949005246162415
2025-04-02,XLK,XGBOOST_H3_NO_SENT,0.6705977206994674,0.25315341353416443
2025-04-03,XLK,XGBOOST_H3_NO_SENT,0.6165157180717699,0.24451063573360443
2025-04-04,XLK,XGBOOST_H3_NO_SENT,0.5546252684113007,0.39706018567085266
2025-04-07,XLK,XGBOOST_H3_NO_SENT,0.5577530002162439,0.4796978533267975
2025-04-08,XLK,XGBOOST_H3_NO_SENT,0.5477449433222153,0.39234352111816406
2025-04-09,XLK,XGBOOST_H3_NO_SENT,0.3316548465870125,0.4432890713214874
2025-04-10,XLK,XGBOOST_H3_NO_SENT,0.27267786958251927,0.482962965965271
2025-04-11,XLK,XGBOOST_H3_NO_SENT,0.3033637209148643,0.5027873516082764
2025-04-14,XLK,XGBOOST_H3_NO_SENT,0.30764587790028747,0.5009650588035583
2025-04-15,XLK,XGBOOST_H3_NO_SENT,0.307337087241877,0.501875638961792
2025-04-16,XLK,XGBOOST_H3_NO_SENT,0.2637056605721554,0.5200590491294861
2025-04-17,XLK,XGBOOST_H3_NO_SENT,0.25946416999829575,0.5349361300468445
2025-04-21,XLK,XGBOOST_H3_NO_SENT,0.22672686379648235,0.4008916914463043
2025-04-22,XLK,XGBOOST_H3_NO_SENT,0.22710806513924534,0.3579314947128296
2025-04-23,XLK,XGBOOST_H3_NO_SENT,0.23717297678614052,0.37197187542915344
2025-04-24,XLK,XGBOOST_H3_NO_SENT,0.21127926173225844,0.3277827203273773
2025-04-25,XLK,XGBOOST_H3_NO_SENT,0.21617847343330235,0.3552425503730774
2025-04-28,XLK,XGBOOST_H3_NO_SENT,0.22535845005607352,0.35778507590293884
2025-04-29,XLK,XGBOOST_H3_NO_SENT,0.22793041881348838,0.3520423173904419
2025-04-30,XLK,XGBOOST_H3_NO_SENT,0.22822476716156312,0.3420697748661041
2025-05-01,XLK,XGBOOST_H3_NO_SENT,0.2269293486351736,0.32938268780708313
2025-05-02,XLK,XGBOOST_H3_NO_SENT,0.22286964428326386,0.3165298402309418
2025-05-05,XLK,XGBOOST_H3_NO_SENT,0.22365431848475623,0.3330439627170563
2025-05-06,XLK,XGBOOST_H3_NO_SENT,0.21875153946001694,0.3639731705188751
2025-05-07,XLK,XGBOOST_H3_NO_SENT,0.2197218330170656,0.33751851320266724
2025-05-08,XLK,XGBOOST_H3_NO_SENT,0.2196917621082157,0.35233286023139954
2025-05-09,XLK,XGBOOST_H3_NO_SENT,0.2186447954836854,0.35836270451545715
2025-05-12,XLK,XGBOOST_H3_NO_SENT,0.1579050852638747,0.3246603012084961
2025-05-13,XLK,XGBOOST_H3_NO_SENT,0.1425730086534463,0.31685543060302734
2025-05-14,XLK,XGBOOST_H3_NO_SENT,0.14414686075949368,0.3164460361003876
2025-05-15,XLK,XGBOOST_H3_NO_SENT,0.15480484795397403,0.308212548494339
2025-05-16,XLK,XGBOOST_H3_NO_SENT,0.16378974901562707,0.313168466091156
2025-05-19,XLK,XGBOOST_H3_NO_SENT,0.1664416066468868,0.31817176938056946
2025-05-20,XLK,XGBOOST_H3_NO_SENT,0.16532098409965865,0.3212231695652008
2025-05-21,XLK,XGBOOST_H3_NO_SENT,0.14845095234951322,0.32119205594062805
2025-05-22,XLK,XGBOOST_H3_NO_SENT,0.1515120574038486,0.3022454082965851
2025-05-23,XLK,XGBOOST_H3_NO_SENT,0.15069172161056066,0.2952914535999298
2025-05-27,XLK,XGBOOST_H3_NO_SENT,0.133970748011099,0.30411526560783386
2025-05-28,XLK,XGBOOST_H3_NO_SENT,0.13115388877219894,0.3142993450164795
2025-05-29,XLK,XGBOOST_H3_NO_SENT,0.13227933506696415,0.3081017732620239
2025-05-30,XLK,XGBOOST_H3_NO_SENT,0.13091667682612645,0.3079359531402588
2025-06-02,XLK,XGBOOST_H3_NO_SENT,0.13850027607639956,0.3109084665775299
2025-06-03,XLK,XGBOOST_H3_NO_SENT,0.13464204579932304,0.3135375380516052
2025-06-04,XLK,XGBOOST_H3_NO_SENT,0.1384777342003917,0.29076865315437317
2025-06-05,XLK,XGBOOST_H3_NO_SENT,0.1430479737671873,0.29448264837265015
2025-06-06,XLK,XGBOOST_H3_NO_SENT,0.14170466251653965,0.29016369581222534
2025-06-09,XLK,XGBOOST_H3_NO_SENT,0.14187939377712733,0.2863257825374603
2025-06-10,XLK,XGBOOST_H3_NO_SENT,0.14386096950666602,0.23557518422603607
2025-06-11,XLK,XGBOOST_H3_NO_SENT,0.14518984120073478,0.2353496104478836
2025-06-12,XLK,XGBOOST_H3_NO_SENT,0.14403771321108533,0.24638807773590088
2025-06-13,XLK,XGBOOST_H3_NO_SENT,0.13093100733251936,0.21429213881492615
2025-06-16,XLK,XGBOOST_H3_NO_SENT,0.12274445716918132,0.21371006965637207
2025-06-17,XLK,XGBOOST_H3_NO_SENT,0.11804861933997568,0.2113218903541565
2025-06-18,XLK,XGBOOST_H3_NO_SENT,0.11881465955881484,0.209553062915802
2025-06-20,XLK,XGBOOST_H3_NO_SENT,0.11514815274869146,0.2158450186252594
2025-06-23,XLK,XGBOOST_H3_NO_SENT,0.12134792574318003,0.20979008078575134
2025-06-24,XLK,XGBOOST_H3_NO_SENT,0.10899442491830377,0.2011168748140335
2025-06-25,XLK,XGBOOST_H3_NO_SENT,0.10694734605730775,0.19879549741744995
2025-06-26,XLK,XGBOOST_H3_NO_SENT,0.10560929327193173,0.20653589069843292
2025-06-27,XLK,XGBOOST_H3_NO_SENT,0.10677141439620072,0.20790992677211761
2025-06-30,XLK,XGBOOST_H3_NO_SENT,0.10363646919074955,0.2056075930595398
2025-07-01,XLK,XGBOOST_H3_NO_SENT,0.09504707995404785,0.2093992382287979
2025-07-02,XLK,XGBOOST_H3_NO_SENT,0.09662752210287232,0.21305161714553833
2025-07-03,XLK,XGBOOST_H3_NO_SENT,0.11919249694682812,0.2145732194185257
2025-07-07,XLK,XGBOOST_H3_NO_SENT,0.13485313797809648,0.20936597883701324
2025-07-08,XLK,XGBOOST_H3_NO_SENT,0.1382480188577929,0.23327100276947021
2025-07-09,XLK,XGBOOST_H3_NO_SENT,0.1420565195353961,0.23954163491725922
2025-07-10,XLK,XGBOOST_H3_NO_SENT,0.14114766297707537,0.18968826532363892
2025-07-11,XLK,XGBOOST_H3_NO_SENT,0.1427491218434356,0.20178382098674774
2025-07-14,XLK,XGBOOST_H3_NO_SENT,0.14581596541586753,0.21510417759418488
2025-07-15,XLK,XGBOOST_H3_NO_SENT,0.1518121868719499,0.20420348644256592
2025-07-16,XLK,XGBOOST_H3_NO_SENT,0.1518490744163312,0.20331403613090515
2025-07-17,XLK,XGBOOST_H3_NO_SENT,0.149980126184231,0.20345990359783173
2025-07-18,XLK,XGBOOST_H3_NO_SENT,0.15315843269943774,0.19103918969631195
2025-07-21,XLK,XGBOOST_H3_NO_SENT,0.15321579280694309,0.1906171441078186
2025-07-22,XLK,XGBOOST_H3_NO_SENT,0.16311864465172055,0.2398567646741867
2025-07-23,XLK,XGBOOST_H3_NO_SENT,0.1638995949970942,0.24607731401920319
2025-07-24,XLK,XGBOOST_H3_NO_SENT,0.16353295222886607,0.2674930989742279
2025-07-25,XLK,XGBOOST_H3_NO_SENT,0.17069504102394434,0.27346789836883545
2025-07-28,XLK,XGBOOST_H3_NO_SENT,0.16828504138232478,0.2818784713745117
2025-07-29,XLK,XGBOOST_H3_NO_SENT,0.16921880976224962,0.2716483473777771
2025-07-30,XLK,XGBOOST_H3_NO_SENT,0.17018711248345839,0.2757488191127777
2025-07-31,XLK,XGBOOST_H3_NO_SENT,0.17009271741745263,0.27299848198890686
2025-08-01,XLK,XGBOOST_H3_NO_SENT,0.16013322781404538,0.26751676201820374
2025-08-04,XLK,XGBOOST_H3_NO_SENT,0.14789547143539006,0.275071382522583
2025-08-05,XLK,XGBOOST_H3_NO_SENT,0.14653516918332163,0.28010812401771545
2025-08-06,XLK,XGBOOST_H3_NO_SENT,0.14192668477321574,0.28111788630485535
2025-08-07,XLK,XGBOOST_H3_NO_SENT,0.1419200098586677,0.252335786819458
2025-08-08,XLK,XGBOOST_H3_NO_SENT,0.13986054603589476,0.25875964760780334
2025-08-11,XLK,XGBOOST_H3_NO_SENT,0.13782352961704245,0.26231759786605835
2025-08-12,XLK,XGBOOST_H3_NO_SENT,0.14185816298926862,0.26022982597351074
2025-08-13,XLK,XGBOOST_H3_NO_SENT,0.1422581386921318,0.2744881808757782
2025-08-14,XLK,XGBOOST_H3_NO_SENT,0.141983618723539,0.27956268191337585
2025-08-15,XLK,XGBOOST_H3_NO_SENT,0.1414853606590154,0.280577689409256
2025-08-18,XLK,XGBOOST_H3_NO_SENT,0.1425059943042486,0.29128915071487427
2025-08-19,XLK,XGBOOST_H3_NO_SENT,0.1256638752257409,0.291923850774765
2025-08-20,XLK,XGBOOST_H3_NO_SENT,0.13238350410033314,0.28132835030555725
2025-08-21,XLK,XGBOOST_H3_NO_SENT,0.1321818939746904,0.2963079512119293
2025-08-22,XLK,XGBOOST_H3_NO_SENT,0.13335119599971296,0.2918510138988495
2025-08-25,XLK,XGBOOST_H3_NO_SENT,0.13902645158776866,0.30532026290893555
2025-08-26,XLK,XGBOOST_H3_NO_SENT,0.1430748734865029,0.31144770979881287
2025-08-27,XLK,XGBOOST_H3_NO_SENT,0.1436893560025796,0.3139555752277374
2025-08-28,XLK,XGBOOST_H3_NO_SENT,0.14233705201983823,0.31689560413360596
2025-08-29,XLK,XGBOOST_H3_NO_SENT,0.12608973430011255,0.30372124910354614
2025-09-02,XLK,XGBOOST_H3_NO_SENT,0.11564993744970489,0.31192588806152344
2025-09-03,XLK,XGBOOST_H3_NO_SENT,0.11721203783183787,0.307882159948349
2025-09-04,XLK,XGBOOST_H3_NO_SENT,0.11725583017801827,0.3041576147079468
2025-09-05,XLK,XGBOOST_H3_NO_SENT,0.12138115517330013,0.21723952889442444
2025-09-08,XLK,XGBOOST_H3_NO_SENT,0.12269181384410642,0.22380824387073517
2025-09-09,XLK,XGBOOST_H3_NO_SENT,0.12848312430122252,0.22351181507110596
2025-09-10,XLK,XGBOOST_H3_NO_SENT,0.12764593928796011,0.23233897984027863
2025-09-11,XLK,XGBOOST_H3_NO_SENT,0.12908815094265308,0.22028647363185883
2025-09-12,XLK,XGBOOST_H3_NO_SENT,0.20545907619992398,0.22657433152198792
2025-09-15,XLK,XGBOOST_H3_NO_SENT,0.21932164340255073,0.23565828800201416
2025-09-16,XLK,XGBOOST_H3_NO_SENT,0.22503884016700773,0.2460009753704071
2025-09-17,XLK,XGBOOST_H3_NO_SENT,0.22594355857112308,0.26227158308029175
2025-09-18,XLK,XGBOOST_H3_NO_SENT,0.2191396533884093,0.26210150122642517
2025-09-19,XLK,XGBOOST_H3_NO_SENT,0.2168222497216113,0.2695419490337372
2025-09-22,XLK,XGBOOST_H3_NO_SENT,0.2142763605572644,0.2843264937400818
2025-09-23,XLK,XGBOOST_H3_NO_SENT,0.21125548384138512,0.29602664709091187
2025-09-24,XLK,XGBOOST_H3_NO_SENT,0.21345102244619657,0.2926109731197357
2025-09-25,XLK,XGBOOST_H3_NO_SENT,0.2167875833452379,0.29775846004486084
2025-09-26,XLK,XGBOOST_H3_NO_SENT,0.22199466174447396,0.29757294058799744
2025-09-29,XLK,XGBOOST_H3_NO_SENT,0.22879307318984488,0.29789385199546814
2025-09-30,XLK,XGBOOST_H3_NO_SENT,0.22989251907186473,0.29958125948905945
2025-10-01,XLK,XGBOOST_H3_NO_SENT,0.22913505793373817,0.3033866584300995
2025-10-02,XLK,XGBOOST_H3_NO_SENT,0.23558543417113922,0.3050130009651184
2025-10-03,XLK,XGBOOST_H3_NO_SENT,0.2340181664980568,0.274984210729599
2025-10-06,XLK,XGBOOST_H3_NO_SENT,0.2324888981883689,0.24986587464809418
2025-10-07,XLK,XGBOOST_H3_NO_SENT,0.2529304704788027,0.25180283188819885
2025-10-08,XLK,XGBOOST_H3_NO_SENT,0.24608225144778623,0.2553821802139282
2025-10-09,XLK,XGBOOST_H3_NO_SENT,0.25714895474619887,0.2838740646839142
2025-10-10,XLK,XGBOOST_H3_NO_SENT,0.20642119252241972,0.21867553889751434
2025-10-14,XLK,XGBOOST_H3_NO_SENT,0.20463339362188365,0.22435466945171356
2025-10-15,XLK,XGBOOST_H3_NO_SENT,0.2025861380862069,0.2903852164745331
2025-10-16,XLK,XGBOOST_H3_NO_SENT,0.22403714803519156,0.3009357750415802
2025-10-17,XLK,XGBOOST_H3_NO_SENT,0.2247180136928731,0.3002934157848358
2025-10-20,XLK,XGBOOST_H3_NO_SENT,0.2282052193779597,0.3339485824108124
2025-10-21,XLK,XGBOOST_H3_NO_SENT,0.2347105178129929,0.3639076054096222
2025-10-22,XLK,XGBOOST_H3_NO_SENT,0.2344407699529342,0.35706138610839844
2025-10-23,XLK,XGBOOST_H3_NO_SENT,0.25322461320553197,0.314655065536499
2025-10-24,XLK,XGBOOST_H3_NO_SENT,0.24526381539994094,0.35443389415740967
2025-10-27,XLK,XGBOOST_H3_NO_SENT,0.25209973353373266,0.38089823722839355
2025-10-28,XLK,XGBOOST_H3_NO_SENT,0.24838216976130986,0.6307740211486816
2025-10-29,XLK,XGBOOST_H3_NO_SENT,0.2515705481211885,0.3769894242286682
2025-10-30,XLK,XGBOOST_H3_NO_SENT,0.2527085518838855,0.6597690582275391
2025-10-31,XLK,XGBOOST_H3_NO_SENT,0.2526244118203502,0.4159134030342102
2025-11-03,XLK,XGBOOST_H3_NO_SENT,0.25566681420262427,0.39389273524284363
2025-11-04,XLK,XGBOOST_H3_NO_SENT,0.23881711882807918,0.4118233025074005
2025-11-05,XLK,XGBOOST_H3_NO_SENT,0.23877037348211513,0.4172418713569641
2025-11-06,XLK,XGBOOST_H3_NO_SENT,0.228577651503874,0.4234454333782196
2025-11-07,XLK,XGBOOST_H3_NO_SENT,0.2290709071989868,0.4260629713535309
2025-11-10,XLK,XGBOOST_H3_NO_SENT,0.21094451407457246,0.30303722620010376
2025-11-12,XLK,XGBOOST_H3_NO_SENT,0.20980958228019403,0.2889798581600189
2025-11-13,XLK,XGBOOST_H3_NO_SENT,0.2168244010715254,0.3127725422382355
2025-11-14,XLK,XGBOOST_H3_NO_SENT,0.21858256229999706,0.31148597598075867
2025-11-17,XLK,XGBOOST_H3_NO_SENT,0.21120091446229655,0.3364482522010803
2025-11-18,XLK,XGBOOST_H3_NO_SENT,0.21856040001952817,0.3373728394508362
2025-11-19,XLK,XGBOOST_H3_NO_SENT,0.22405986318577759,0.32207685708999634
2025-11-20,XLK,XGBOOST_H3_NO_SENT,0.20091533272111736,0.5408563017845154
2025-11-21,XLK,XGBOOST_H3_NO_SENT,0.20107075414196768,0.5454210638999939
2025-11-24,XLK,XGBOOST_H3_NO_SENT,0.18639846039374008,0.5404226183891296
2025-11-25,XLK,XGBOOST_H3_NO_SENT,0.18639172753653388,0.542869508266449
2025-11-26,XLK,XGBOOST_H3_NO_SENT,0.1829274472898089,0.3433755338191986
2025-11-28,XLK,XGBOOST_H3_NO_SENT,0.18229517918525132,0.531518816947937
2025-12-01,XLK,XGBOOST_H3_NO_SENT,0.18289679442921336,0.32176467776298523
2025-12-02,XLK,XGBOOST_H3_NO_SENT,0.18318480622028546,0.5468312501907349
2025-12-03,XLK,XGBOOST_H3_NO_SENT,0.1831680341716431,0.416683554649353
2025-12-04,XLK,XGBOOST_H3_NO_SENT,0.1828230703462377,0.42193543910980225
2025-12-05,XLK,XGBOOST_H3_NO_SENT,0.18790734064163475,0.4459141194820404
2025-12-08,XLK,XGBOOST_H3_NO_SENT,0.1861359981602008,0.3988814949989319
2025-12-09,XLK,XGBOOST_H3_NO_SENT,0.19358543364581307,0.41351738572120667
2025-12-10,XLK,XGBOOST_H3_NO_SENT,0.19922522661635889,0.4141915738582611
2025-12-11,XLK,XGBOOST_H3_NO_SENT,0.19934216027292834,0.42352136969566345
2025-12-12,XLK,XGBOOST_H3_NO_SENT,0.16766894045714378,0.44083940982818604
2025-12-15,XLK,XGBOOST_H3_NO_SENT,0.17002055810121733,0.42451921105384827
2025-12-16,XLK,XGBOOST_H3_NO_SENT,0.1706940871354458,0.4213082194328308
2025-12-17,XLK,XGBOOST_H3_NO_SENT,0.14628521027551092,0.42894884943962097
2025-12-18,XLK,XGBOOST_H3_NO_SENT,0.16974981749053386,0.4199044704437256
2025-12-19,XLK,XGBOOST_H3_NO_SENT,0.15896218949661703,0.4053434133529663
2025-12-22,XLK,XGBOOST_H3_NO_SENT,0.16006786026224865,0.3938980996608734
2025-12-23,XLK,XGBOOST_H3_NO_SENT,0.15886520984744212,0.3403446078300476
2025-12-24,XLK,XGBOOST_H3_NO_SENT,0.16061459512897935,0.34463319182395935
2025-12-26,XLK,XGBOOST_H3_NO_SENT,0.1675565008893194,0.3647121787071228
2025-12-29,XLK,XGBOOST_H3_NO_SENT,0.16842642125256294,0.41237306594848633
2025-12-30,XLK,XGBOOST_H3_NO_SENT,0.17855870991954967,0.44438573718070984
2025-12-31,XLK,XGBOOST_H3_NO_SENT,0.19038483834560352,0.43888410925865173
2024-10-16,XLF,XGBOOST_H3_NO_SENT,0.24936563104608336,0.16141027212142944
2024-10-17,XLF,XGBOOST_H3_NO_SENT,0.24998004814511957,0.15405188500881195
2024-10-18,XLF,XGBOOST_H3_NO_SENT,0.25003112376549796,0.1533728837966919
2024-10-21,XLF,XGBOOST_H3_NO_SENT,0.2470402775912891,0.15129652619361877
2024-10-22,XLF,XGBOOST_H3_NO_SENT,0.24880605849437043,0.16319984197616577
2024-10-23,XLF,XGBOOST_H3_NO_SENT,0.24932774020907256,0.17042961716651917
2024-10-24,XLF,XGBOOST_H3_NO_SENT,0.251782144925013,0.1681995838880539
2024-10-25,XLF,XGBOOST_H3_NO_SENT,0.2474743040388495,0.17257262766361237
2024-10-28,XLF,XGBOOST_H3_NO_SENT,0.245781297995527,0.17271935939788818
2024-10-29,XLF,XGBOOST_H3_NO_SENT,0.24303875405924508,0.18055452406406403
2024-10-30,XLF,XGBOOST_H3_NO_SENT,0.24318321085909375,0.20181593298912048
2024-10-31,XLF,XGBOOST_H3_NO_SENT,0.23395084433341468,0.19047243893146515
2024-11-01,XLF,XGBOOST_H3_NO_SENT,0.2398935964375428,0.1801667958498001
2024-11-04,XLF,XGBOOST_H3_NO_SENT,0.23973223448480757,0.16574159264564514
2024-11-05,XLF,XGBOOST_H3_NO_SENT,0.24063148263549577,0.1648467481136322
2024-11-06,XLF,XGBOOST_H3_NO_SENT,0.1231932114696973,0.15435072779655457
2024-11-07,XLF,XGBOOST_H3_NO_SENT,0.10547359337550759,0.14036713540554047
2024-11-08,XLF,XGBOOST_H3_NO_SENT,0.11504662754470443,0.14150120317935944
2024-11-12,XLF,XGBOOST_H3_NO_SENT,0.10292629721420006,0.13523328304290771
2024-11-13,XLF,XGBOOST_H3_NO_SENT,0.10411656400128735,0.1380755752325058
2024-11-14,XLF,XGBOOST_H3_NO_SENT,0.10375537768101922,0.13416241109371185
2024-11-15,XLF,XGBOOST_H3_NO_SENT,0.10237624337726485,0.13630597293376923
2024-11-18,XLF,XGBOOST_H3_NO_SENT,0.10416000273474961,0.13120503723621368
2024-11-19,XLF,XGBOOST_H3_NO_SENT,0.1468401355956347,0.13423500955104828
2024-11-20,XLF,XGBOOST_H3_NO_SENT,0.14815615893025694,0.14135697484016418
2024-11-21,XLF,XGBOOST_H3_NO_SENT,0.15103833794884253,0.1465310901403427
2024-11-22,XLF,XGBOOST_H3_NO_SENT,0.14427787747375848,0.14398261904716492
2024-11-25,XLF,XGBOOST_H3_NO_SENT,0.14949989627225063,0.14145106077194214
2024-11-26,XLF,XGBOOST_H3_NO_SENT,0.1496756738963992,0.141275554895401
2024-11-27,XLF,XGBOOST_H3_NO_SENT,0.15020087864215417,0.14825774729251862
2024-11-29,XLF,XGBOOST_H3_NO_SENT,0.15166898932999695,0.15269692242145538
2024-12-02,XLF,XGBOOST_H3_NO_SENT,0.14983706398007055,0.14366905391216278
2024-12-03,XLF,XGBOOST_H3_NO_SENT,0.14858300925994794,0.1416442096233368
2024-12-04,XLF,XGBOOST_H3_NO_SENT,0.15248168692430042,0.1462816596031189
2024-12-05,XLF,XGBOOST_H3_NO_SENT,0.15164881254892787,0.14170359075069427
2024-12-06,XLF,XGBOOST_H3_NO_SENT,0.15154053799166994,0.14374566078186035
2024-12-09,XLF,XGBOOST_H3_NO_SENT,0.14577207468436526,0.14355586469173431
2024-12-10,XLF,XGBOOST_H3_NO_SENT,0.16766193965469925,0.14371836185455322
2024-12-11,XLF,XGBOOST_H3_NO_SENT,0.17036799296728725,0.15107835829257965
2024-12-12,XLF,XGBOOST_H3_NO_SENT,0.17739099635455213,0.16486705839633942
2024-12-13,XLF,XGBOOST_H3_NO_SENT,0.2005143523225646,0.1762770116329193
2024-12-16,XLF,XGBOOST_H3_NO_SENT,0.20165936496038547,0.17741075158119202
2024-12-17,XLF,XGBOOST_H3_NO_SENT,0.20133682836064976,0.18159855902194977
2024-12-18,XLF,XGBOOST_H3_NO_SENT,0.16376943496183416,0.17264196276664734
2024-12-19,XLF,XGBOOST_H3_NO_SENT,0.16622319074063427,0.16268596053123474
2024-12-20,XLF,XGBOOST_H3_NO_SENT,0.16067190048394592,0.1545880287885666
2024-12-23,XLF,XGBOOST_H3_NO_SENT,0.1606829934261339,0.15558983385562897
2024-12-24,XLF,XGBOOST_H3_NO_SENT,0.16013060185034436,0.1344105452299118
2024-12-26,XLF,XGBOOST_H3_NO_SENT,0.16081029202227293,0.13983964920043945
2024-12-27,XLF,XGBOOST_H3_NO_SENT,0.1572809598833139,0.1446366161108017
2024-12-30,XLF,XGBOOST_H3_NO_SENT,0.15218193775743646,0.16660311818122864
2024-12-31,XLF,XGBOOST_H3_NO_SENT,0.1555500216181593,0.1722828447818756
2025-01-02,XLF,XGBOOST_H3_NO_SENT,0.15642128710406833,0.17264151573181152
2025-01-03,XLF,XGBOOST_H3_NO_SENT,0.15647190091860289,0.16337749361991882
2025-01-06,XLF,XGBOOST_H3_NO_SENT,0.1574011057885012,0.17910486459732056
2025-01-07,XLF,XGBOOST_H3_NO_SENT,0.15696010892445708,0.18902364373207092
2025-01-08,XLF,XGBOOST_H3_NO_SENT,0.16043630141243456,0.1740272045135498
2025-01-10,XLF,XGBOOST_H3_NO_SENT,0.13050840903792763,0.17419970035552979
2025-01-13,XLF,XGBOOST_H3_NO_SENT,0.1301248102171854,0.1838633418083191
2025-01-14,XLF,XGBOOST_H3_NO_SENT,0.12869282802830578,0.17343544960021973
2025-01-15,XLF,XGBOOST_H3_NO_SENT,0.10022446508812967,0.15323351323604584
2025-01-16,XLF,XGBOOST_H3_NO_SENT,0.09883387171437873,0.1584082543849945
2025-01-17,XLF,XGBOOST_H3_NO_SENT,0.09782790480637567,0.15296396613121033
2025-01-21,XLF,XGBOOST_H3_NO_SENT,0.09492118781567643,0.15363065898418427
2025-01-22,XLF,XGBOOST_H3_NO_SENT,0.11056580366233601,0.1571732461452484
2025-01-23,XLF,XGBOOST_H3_NO_SENT,0.1188130818206376,0.16546720266342163
2025-01-24,XLF,XGBOOST_H3_NO_SENT,0.11935636926594637,0.15598824620246887
2025-01-27,XLF,XGBOOST_H3_NO_SENT,0.11228470540815985,0.15191376209259033
2025-01-28,XLF,XGBOOST_H3_NO_SENT,0.11235743705516112,0.15927031636238098
2025-01-29,XLF,XGBOOST_H3_NO_SENT,0.11430891815043154,0.15583033859729767
2025-01-30,XLF,XGBOOST_H3_NO_SENT,0.13157520290892016,0.1540292650461197
2025-01-31,XLF,XGBOOST_H3_NO_SENT,0.13355989312635858,0.15577727556228638
2025-02-03,XLF,XGBOOST_H3_NO_SENT,0.18487034830630947,0.15584084391593933
2025-02-04,XLF,XGBOOST_H3_NO_SENT,0.18652386121306552,0.16596727073192596
2025-02-05,XLF,XGBOOST_H3_NO_SENT,0.18937212045685933,0.15102458000183105
2025-02-06,XLF,XGBOOST_H3_NO_SENT,0.1854176387599793,0.15058735013008118
2025-02-07,XLF,XGBOOST_H3_NO_SENT,0.1980890789837156,0.15674224495887756
2025-02-10,XLF,XGBOOST_H3_NO_SENT,0.1982764256146254,0.17876188457012177
2025-02-11,XLF,XGBOOST_H3_NO_SENT,0.19786160321931923,0.1797228455543518
2025-02-12,XLF,XGBOOST_H3_NO_SENT,0.19793310474990486,0.18154314160346985
2025-02-13,XLF,XGBOOST_H3_NO_SENT,0.21708768840710518,0.17892619967460632
2025-02-14,XLF,XGBOOST_H3_NO_SENT,0.22281016113582391,0.18714383244514465
2025-02-18,XLF,XGBOOST_H3_NO_SENT,0.21989039233353103,0.18854905664920807
2025-02-19,XLF,XGBOOST_H3_NO_SENT,0.22524934241841793,0.19101369380950928
2025-02-20,XLF,XGBOOST_H3_NO_SENT,0.22036777559332923,0.1891094446182251
2025-02-21,XLF,XGBOOST_H3_NO_SENT,0.2168188749483176,0.1943560391664505
2025-02-24,XLF,XGBOOST_H3_NO_SENT,0.22616199556669744,0.19304421544075012
2025-02-25,XLF,XGBOOST_H3_NO_SENT,0.22723145251465696,0.19334417581558228
2025-02-26,XLF,XGBOOST_H3_NO_SENT,0.2273368475163614,0.19569820165634155
2025-02-27,XLF,XGBOOST_H3_NO_SENT,0.2263219917477396,0.18564286828041077
2025-02-28,XLF,XGBOOST_H3_NO_SENT,0.22122834169027183,0.18786849081516266
2025-03-03,XLF,XGBOOST_H3_NO_SENT,0.22618337750804673,0.19181060791015625
2025-03-04,XLF,XGBOOST_H3_NO_SENT,0.18696200193202836,0.1826925426721573
2025-03-05,XLF,XGBOOST_H3_NO_SENT,0.1881453122071895,0.18232811987400055
2025-03-06,XLF,XGBOOST_H3_NO_SENT,0.25473892909682244,0.19130255281925201
2025-03-07,XLF,XGBOOST_H3_NO_SENT,0.3672620856450555,0.18657509982585907
2025-03-10,XLF,XGBOOST_H3_NO_SENT,0.3614076592423837,0.18418268859386444
2025-03-11,XLF,XGBOOST_H3_NO_SENT,0.36101861984587813,0.1993740350008011
2025-03-12,XLF,XGBOOST_H3_NO_SENT,0.451930863338711,0.18776185810565948
2025-03-13,XLF,XGBOOST_H3_NO_SENT,0.46257671435179265,0.18931163847446442
2025-03-14,XLF,XGBOOST_H3_NO_SENT,0.45858630694045766,0.2108687460422516
2025-03-17,XLF,XGBOOST_H3_NO_SENT,0.45805227151540645,0.2080148309469223
2025-03-18,XLF,XGBOOST_H3_NO_SENT,0.458313844413089,0.20533011853694916
2025-03-19,XLF,XGBOOST_H3_NO_SENT,0.45838949301021786,0.2122156322002411
2025-03-20,XLF,XGBOOST_H3_NO_SENT,0.45855616659773396,0.21014705300331116
2025-03-21,XLF,XGBOOST_H3_NO_SENT,0.46336956750232555,0.2147872895002365
2025-03-24,XLF,XGBOOST_H3_NO_SENT,0.4754819093656134,0.2059425562620163
2025-03-25,XLF,XGBOOST_H3_NO_SENT,0.47749637733291384,0.21501195430755615
2025-03-26,XLF,XGBOOST_H3_NO_SENT,0.4800001539065559,0.22341419756412506
2025-03-27,XLF,XGBOOST_H3_NO_SENT,0.4800967519934883,0.20313310623168945
2025-03-28,XLF,XGBOOST_H3_NO_SENT,0.4759722998890621,0.20229680836200714
2025-03-31,XLF,XGBOOST_H3_NO_SENT,0.47535576618731973,0.2138713002204895
2025-04-01,XLF,XGBOOST_H3_NO_SENT,0.47547520127191273,0.21188877522945404
2025-04-02,XLF,XGBOOST_H3_NO_SENT,0.4742494963350658,0.22475819289684296
2025-04-03,XLF,XGBOOST_H3_NO_SENT,0.44273292955337196,0.2093835473060608
2025-04-04,XLF,XGBOOST_H3_NO_SENT,0.33591083311502007,0.4119453430175781
2025-04-07,XLF,XGBOOST_H3_NO_SENT,0.3371179332830873,0.4334050118923187
2025-04-08,XLF,XGBOOST_H3_NO_SENT,0.33532009563203813,0.40714994072914124
2025-04-09,XLF,XGBOOST_H3_NO_SENT,0.22516987427614674,0.34064626693725586
2025-04-10,XLF,XGBOOST_H3_NO_SENT,0.19358253356955793,0.4438847601413727
2025-04-11,XLF,XGBOOST_H3_NO_SENT,0.19704367039642148,0.46879109740257263
2025-04-14,XLF,XGBOOST_H3_NO_SENT,0.19579703169498644,0.47673967480659485
2025-04-15,XLF,XGBOOST_H3_NO_SENT,0.19721433024916196,0.47827407717704773
2025-04-16,XLF,XGBOOST_H3_NO_SENT,0.18335796388773867,0.5002340078353882
2025-04-17,XLF,XGBOOST_H3_NO_SENT,0.18319685370924496,0.4539135992527008
2025-04-21,XLF,XGBOOST_H3_NO_SENT,0.15504531055055815,0.4086923599243164
2025-04-22,XLF,XGBOOST_H3_NO_SENT,0.12498162830033563,0.32579219341278076
2025-04-23,XLF,XGBOOST_H3_NO_SENT,0.14964487303680818,0.31910240650177
2025-04-24,XLF,XGBOOST_H3_NO_SENT,0.14678757049907357,0.3185330331325531
2025-04-25,XLF,XGBOOST_H3_NO_SENT,0.14611763551809415,0.22562763094902039
2025-04-28,XLF,XGBOOST_H3_NO_SENT,0.15597716577676485,0.22265490889549255
2025-04-29,XLF,XGBOOST_H3_NO_SENT,0.15676561881634535,0.21611984074115753
2025-04-30,XLF,XGBOOST_H3_NO_SENT,0.15717292750841158,0.23002009093761444
2025-05-01,XLF,XGBOOST_H3_NO_SENT,0.15693721935650568,0.23320719599723816
2025-05-02,XLF,XGBOOST_H3_NO_SENT,0.1413102199223403,0.2036057561635971
2025-05-05,XLF,XGBOOST_H3_NO_SENT,0.13838465959850862,0.21441176533699036
2025-05-06,XLF,XGBOOST_H3_NO_SENT,0.13839444520680422,0.23502179980278015
2025-05-07,XLF,XGBOOST_H3_NO_SENT,0.13827355943367398,0.21599671244621277
2025-05-08,XLF,XGBOOST_H3_NO_SENT,0.1417755980492462,0.21992066502571106
2025-05-09,XLF,XGBOOST_H3_NO_SENT,0.14381226324721239,0.2237020879983902
2025-05-12,XLF,XGBOOST_H3_NO_SENT,0.1252831774248466,0.21353384852409363
2025-05-13,XLF,XGBOOST_H3_NO_SENT,0.12448573147173696,0.21245193481445312
2025-05-14,XLF,XGBOOST_H3_NO_SENT,0.12408666510303165,0.20791681110858917
2025-05-15,XLF,XGBOOST_H3_NO_SENT,0.14138757124271192,0.21063576638698578
2025-05-16,XLF,XGBOOST_H3_NO_SENT,0.1462216097427171,0.21545931696891785
2025-05-19,XLF,XGBOOST_H3_NO_SENT,0.1470188331367469,0.2337101697921753
2025-05-20,XLF,XGBOOST_H3_NO_SENT,0.14624841743452685,0.2240642011165619
2025-05-21,XLF,XGBOOST_H3_NO_SENT,0.12708023636951285,0.22224846482276917
2025-05-22,XLF,XGBOOST_H3_NO_SENT,0.13437864344672915,0.21519294381141663
2025-05-23,XLF,XGBOOST_H3_NO_SENT,0.14217827420324933,0.21404266357421875
2025-05-27,XLF,XGBOOST_H3_NO_SENT,0.13025739049847615,0.21846985816955566
2025-05-28,XLF,XGBOOST_H3_NO_SENT,0.129310987498234,0.214252769947052
2025-05-29,XLF,XGBOOST_H3_NO_SENT,0.12868582349437493,0.21201512217521667
2025-05-30,XLF,XGBOOST_H3_NO_SENT,0.13105866744542127,0.21765747666358948
2025-06-02,XLF,XGBOOST_H3_NO_SENT,0.13172843372463106,0.20159849524497986
2025-06-03,XLF,XGBOOST_H3_NO_SENT,0.13203595404684063,0.21773862838745117
2025-06-04,XLF,XGBOOST_H3_NO_SENT,0.13281508782924042,0.21363086998462677
2025-06-05,XLF,XGBOOST_H3_NO_SENT,0.13853075407967644,0.2166762799024582
2025-06-06,XLF,XGBOOST_H3_NO_SENT,0.13833255744855477,0.2146647870540619
2025-06-09,XLF,XGBOOST_H3_NO_SENT,0.1363813145707257,0.21861571073532104
2025-06-10,XLF,XGBOOST_H3_NO_SENT,0.13724847225512227,0.15986986458301544
2025-06-11,XLF,XGBOOST_H3_NO_SENT,0.14372088458097174,0.1661805957555771
2025-06-12,XLF,XGBOOST_H3_NO_SENT,0.14525449177629435,0.16691485047340393
2025-06-13,XLF,XGBOOST_H3_NO_SENT,0.1388247226663612,0.1585574746131897
2025-06-16,XLF,XGBOOST_H3_NO_SENT,0.13567033620589417,0.14686672389507294
2025-06-17,XLF,XGBOOST_H3_NO_SENT,0.1355330479463715,0.14713174104690552
2025-06-18,XLF,XGBOOST_H3_NO_SENT,0.13531294758954104,0.1570606678724289
2025-06-20,XLF,XGBOOST_H3_NO_SENT,0.1365932291866265,0.18662841618061066
2025-06-23,XLF,XGBOOST_H3_NO_SENT,0.1317220588734165,0.19003164768218994
2025-06-24,XLF,XGBOOST_H3_NO_SENT,0.12474820524123018,0.17926248908042908
2025-06-25,XLF,XGBOOST_H3_NO_SENT,0.12373938178100446,0.18479998409748077
2025-06-26,XLF,XGBOOST_H3_NO_SENT,0.12349003786560482,0.17805977165699005
2025-06-27,XLF,XGBOOST_H3_NO_SENT,0.12698096863255381,0.17918896675109863
2025-06-30,XLF,XGBOOST_H3_NO_SENT,0.12581933371271573,0.15968593955039978
2025-07-01,XLF,XGBOOST_H3_NO_SENT,0.12456988169149888,0.1568697988986969
2025-07-02,XLF,XGBOOST_H3_NO_SENT,0.126564924963752,0.16265594959259033
2025-07-03,XLF,XGBOOST_H3_NO_SENT,0.13547255588887153,0.16135260462760925
2025-07-07,XLF,XGBOOST_H3_NO_SENT,0.138014067311436,0.17341257631778717
2025-07-08,XLF,XGBOOST_H3_NO_SENT,0.13520529723777586,0.1776513308286667
2025-07-09,XLF,XGBOOST_H3_NO_SENT,0.13575222387664973,0.17589591443538666
2025-07-10,XLF,XGBOOST_H3_NO_SENT,0.13873960088381995,0.18386554718017578
2025-07-11,XLF,XGBOOST_H3_NO_SENT,0.13911456011494963,0.21644356846809387
2025-07-14,XLF,XGBOOST_H3_NO_SENT,0.13607425167522733,0.1998225599527359
2025-07-15,XLF,XGBOOST_H3_NO_SENT,0.12829599728942978,0.18976061046123505
2025-07-16,XLF,XGBOOST_H3_NO_SENT,0.12757707611990232,0.20440813899040222
2025-07-17,XLF,XGBOOST_H3_NO_SENT,0.12423598667537133,0.2040782868862152
2025-07-18,XLF,XGBOOST_H3_NO_SENT,0.13011918578080378,0.214535653591156
2025-07-21,XLF,XGBOOST_H3_NO_SENT,0.12972631409818802,0.21314114332199097
2025-07-22,XLF,XGBOOST_H3_NO_SENT,0.12835176609556195,0.21856440603733063
2025-07-23,XLF,XGBOOST_H3_NO_SENT,0.12639035985902786,0.2152283936738968
2025-07-24,XLF,XGBOOST_H3_NO_SENT,0.12683806739962153,0.21944452822208405
2025-07-25,XLF,XGBOOST_H3_NO_SENT,0.1379568519994038,0.21133653819561005
2025-07-28,XLF,XGBOOST_H3_NO_SENT,0.13723724135956086,0.2444775402545929
2025-07-29,XLF,XGBOOST_H3_NO_SENT,0.13820393926334723,0.21827664971351624
2025-07-30,XLF,XGBOOST_H3_NO_SENT,0.1378857457833388,0.21973061561584473
2025-07-31,XLF,XGBOOST_H3_NO_SENT,0.135164492922332,0.24502097070217133
2025-08-01,XLF,XGBOOST_H3_NO_SENT,0.11240722531605286,0.27911433577537537
2025-08-04,XLF,XGBOOST_H3_NO_SENT,0.11404342473039855,0.24576063454151154
2025-08-05,XLF,XGBOOST_H3_NO_SENT,0.11278941564422955,0.24820482730865479
2025-08-06,XLF,XGBOOST_H3_NO_SENT,0.11651823277738234,0.27422234416007996
2025-08-07,XLF,XGBOOST_H3_NO_SENT,0.12955187400248563,0.2920210063457489
2025-08-08,XLF,XGBOOST_H3_NO_SENT,0.12635095547415737,0.27752676606178284
2025-08-11,XLF,XGBOOST_H3_NO_SENT,0.12667150047058676,0.2920401096343994
2025-08-12,XLF,XGBOOST_H3_NO_SENT,0.12120883343091125,0.25919488072395325
2025-08-13,XLF,XGBOOST_H3_NO_SENT,0.13227504287294042,0.27613264322280884
2025-08-14,XLF,XGBOOST_H3_NO_SENT,0.13293512129844398,0.2609710991382599
2025-08-15,XLF,XGBOOST_H3_NO_SENT,0.1268454905673665,0.268210232257843
2025-08-18,XLF,XGBOOST_H3_NO_SENT,0.12741274411783252,0.26775088906288147
2025-08-19,XLF,XGBOOST_H3_NO_SENT,0.13106674984376826,0.26630547642707825
2025-08-20,XLF,XGBOOST_H3_NO_SENT,0.1303260410614426,0.2672986686229706
2025-08-21,XLF,XGBOOST_H3_NO_SENT,0.12931733028762812,0.2673952579498291
2025-08-22,XLF,XGBOOST_H3_NO_SENT,0.11689091543517567,0.24407915771007538
2025-08-25,XLF,XGBOOST_H3_NO_SENT,0.11601081084705706,0.2513360381126404
2025-08-26,XLF,XGBOOST_H3_NO_SENT,0.11351104562067252,0.2467496395111084
2025-08-27,XLF,XGBOOST_H3_NO_SENT,0.11366103108305227,0.24883240461349487
2025-08-28,XLF,XGBOOST_H3_NO_SENT,0.11658903293952183,0.26256006956100464
2025-08-29,XLF,XGBOOST_H3_NO_SENT,0.11755986044328769,0.2526824176311493
2025-09-02,XLF,XGBOOST_H3_NO_SENT,0.11562585227417495,0.2567121386528015
2025-09-03,XLF,XGBOOST_H3_NO_SENT,0.12017170879788734,0.266811728477478
2025-09-04,XLF,XGBOOST_H3_NO_SENT,0.11378115949462181,0.26258859038352966
2025-09-05,XLF,XGBOOST_H3_NO_SENT,0.09463488465642579,0.1846259981393814
2025-09-08,XLF,XGBOOST_H3_NO_SENT,0.09472231165101891,0.19373254477977753
2025-09-09,XLF,XGBOOST_H3_NO_SENT,0.09380032052279512,0.19573280215263367
2025-09-10,XLF,XGBOOST_H3_NO_SENT,0.09475836419807476,0.1973566859960556
2025-09-11,XLF,XGBOOST_H3_NO_SENT,0.07517103483924298,0.19401095807552338
2025-09-12,XLF,XGBOOST_H3_NO_SENT,0.10669524295641968,0.18951790034770966
2025-09-15,XLF,XGBOOST_H3_NO_SENT,0.11342432195075948,0.19560706615447998
2025-09-16,XLF,XGBOOST_H3_NO_SENT,0.12063500003710456,0.19804131984710693
2025-09-17,XLF,XGBOOST_H3_NO_SENT,0.11496989859088708,0.20065619051456451
2025-09-18,XLF,XGBOOST_H3_NO_SENT,0.1506938963614422,0.2004515677690506
2025-09-19,XLF,XGBOOST_H3_NO_SENT,0.15430449258500964,0.20403815805912018
2025-09-22,XLF,XGBOOST_H3_NO_SENT,0.16148882485663926,0.20955732464790344
2025-09-23,XLF,XGBOOST_H3_NO_SENT,0.16101254368824536,0.22134533524513245
2025-09-24,XLF,XGBOOST_H3_NO_SENT,0.161780525310027,0.21913276612758636
2025-09-25,XLF,XGBOOST_H3_NO_SENT,0.16206433766209757,0.21907439827919006
2025-09-26,XLF,XGBOOST_H3_NO_SENT,0.16487089479495884,0.2237541377544403
2025-09-29,XLF,XGBOOST_H3_NO_SENT,0.16450167875059554,0.2233954668045044
2025-09-30,XLF,XGBOOST_H3_NO_SENT,0.16511511901633238,0.2235564887523651
2025-10-01,XLF,XGBOOST_H3_NO_SENT,0.17282784582662508,0.22459664940834045
2025-10-02,XLF,XGBOOST_H3_NO_SENT,0.1733839663824419,0.22512614727020264
2025-10-03,XLF,XGBOOST_H3_NO_SENT,0.17144220295526988,0.2061941772699356
2025-10-06,XLF,XGBOOST_H3_NO_SENT,0.1717158446710879,0.19769832491874695
2025-10-07,XLF,XGBOOST_H3_NO_SENT,0.17308269666099868,0.2056955248117447
2025-10-08,XLF,XGBOOST_H3_NO_SENT,0.1733075775144935,0.19666114449501038
2025-10-09,XLF,XGBOOST_H3_NO_SENT,0.17332043593374782,0.2043711096048355
2025-10-10,XLF,XGBOOST_H3_NO_SENT,0.15615212513563964,0.2165888547897339
2025-10-14,XLF,XGBOOST_H3_NO_SENT,0.1487265960037986,0.22486348450183868
2025-10-15,XLF,XGBOOST_H3_NO_SENT,0.15185396836955337,0.2210206389427185
2025-10-16,XLF,XGBOOST_H3_NO_SENT,0.12008998555744092,0.24570176005363464
2025-10-17,XLF,XGBOOST_H3_NO_SENT,0.12344353616700983,0.22960981726646423
2025-10-20,XLF,XGBOOST_H3_NO_SENT,0.1339429599264031,0.22333866357803345
2025-10-21,XLF,XGBOOST_H3_NO_SENT,0.1339450611982646,0.22368015348911285
2025-10-22,XLF,XGBOOST_H3_NO_SENT,0.13400529201473385,0.2485133409500122
2025-10-23,XLF,XGBOOST_H3_NO_SENT,0.1363783209396578,0.23567910492420197
2025-10-24,XLF,XGBOOST_H3_NO_SENT,0.1365049507527938,0.24706318974494934
2025-10-27,XLF,XGBOOST_H3_NO_SENT,0.1365671132370591,0.24991072714328766
2025-10-28,XLF,XGBOOST_H3_NO_SENT,0.14356902875901506,0.43543949723243713
2025-10-29,XLF,XGBOOST_H3_NO_SENT,0.13187831563379632,0.21286851167678833
2025-10-30,XLF,XGBOOST_H3_NO_SENT,0.13365748754173573,0.4199182391166687
2025-10-31,XLF,XGBOOST_H3_NO_SENT,0.13748805505561235,0.2147401124238968
2025-11-03,XLF,XGBOOST_H3_NO_SENT,0.1364915924155799,0.19691014289855957
2025-11-04,XLF,XGBOOST_H3_NO_SENT,0.14301062553335742,0.1998535543680191
2025-11-05,XLF,XGBOOST_H3_NO_SENT,0.1427925284921528,0.2017553299665451
2025-11-06,XLF,XGBOOST_H3_NO_SENT,0.14178042920811057,0.225336953997612
2025-11-07,XLF,XGBOOST_H3_NO_SENT,0.14105016799370307,0.22271926701068878
2025-11-10,XLF,XGBOOST_H3_NO_SENT,0.14143057462708072,0.21670785546302795
2025-11-12,XLF,XGBOOST_H3_NO_SENT,0.15644058278421552,0.22433875501155853
2025-11-13,XLF,XGBOOST_H3_NO_SENT,0.14738186132616327,0.23447753489017487
2025-11-14,XLF,XGBOOST_H3_NO_SENT,0.14067178719948945,0.23495671153068542
2025-11-17,XLF,XGBOOST_H3_NO_SENT,0.12040706571380476,0.2184607982635498
2025-11-18,XLF,XGBOOST_H3_NO_SENT,0.11981393809364305,0.2244463711977005
2025-11-19,XLF,XGBOOST_H3_NO_SENT,0.12094453936484721,0.22479861974716187
2025-11-20,XLF,XGBOOST_H3_NO_SENT,0.11318452822084864,0.39683854579925537
2025-11-21,XLF,XGBOOST_H3_NO_SENT,0.11440214817643726,0.393855482339859
2025-11-24,XLF,XGBOOST_H3_NO_SENT,0.11451044683075672,0.4097527265548706
2025-11-25,XLF,XGBOOST_H3_NO_SENT,0.10982033568168154,0.3856518566608429
2025-11-26,XLF,XGBOOST_H3_NO_SENT,0.10979577042108009,0.2368420511484146
2025-11-28,XLF,XGBOOST_H3_NO_SENT,0.11197235776632561,0.35180801153182983
2025-12-01,XLF,XGBOOST_H3_NO_SENT,0.10669884213090197,0.22569739818572998
2025-12-02,XLF,XGBOOST_H3_NO_SENT,0.11170764963421337,0.3981539309024811
2025-12-03,XLF,XGBOOST_H3_NO_SENT,0.10344569216428391,0.3688206970691681
2025-12-04,XLF,XGBOOST_H3_NO_SENT,0.12583787737789165,0.39049017429351807
2025-12-05,XLF,XGBOOST_H3_NO_SENT,0.12586140612623836,0.4002114236354828
2025-12-08,XLF,XGBOOST_H3_NO_SENT,0.13766677151717943,0.40074312686920166
2025-12-09,XLF,XGBOOST_H3_NO_SENT,0.13625991763511008,0.4047371447086334
2025-12-10,XLF,XGBOOST_H3_NO_SENT,0.13348553226055856,0.38921740651130676
2025-12-11,XLF,XGBOOST_H3_NO_SENT,0.1231789407987533,0.38664567470550537
2025-12-12,XLF,XGBOOST_H3_NO_SENT,0.14189592696914066,0.4083779454231262
2025-12-15,XLF,XGBOOST_H3_NO_SENT,0.14186176299181477,0.4091065526008606
2025-12-16,XLF,XGBOOST_H3_NO_SENT,0.1410482537188389,0.4001798629760742
2025-12-17,XLF,XGBOOST_H3_NO_SENT,0.141129532213503,0.4697929620742798
2025-12-18,XLF,XGBOOST_H3_NO_SENT,0.1631540546080018,0.47670552134513855
2025-12-19,XLF,XGBOOST_H3_NO_SENT,0.16284300038722954,0.4123874008655548
2025-12-22,XLF,XGBOOST_H3_NO_SENT,0.15786180305563421,0.40695032477378845
2025-12-23,XLF,XGBOOST_H3_NO_SENT,0.16329059550247466,0.38093170523643494
2025-12-24,XLF,XGBOOST_H3_NO_SENT,0.1639351195187016,0.38055962324142456
2025-12-26,XLF,XGBOOST_H3_NO_SENT,0.1651230517441054,0.4104629456996918
2025-12-29,XLF,XGBOOST_H3_NO_SENT,0.16490638672997293,0.40816572308540344
2025-12-30,XLF,XGBOOST_H3_NO_SENT,0.17089891102607652,0.4768878221511841
2025-12-31,XLF,XGBOOST_H3_NO_SENT,0.16947057571637858,0.47039830684661865
2024-10-16,XLE,XGBOOST_H3_NO_SENT,0.17161558587950876,0.2711876630783081
2024-10-17,XLE,XGBOOST_H3_NO_SENT,0.1714700712090706,0.26946523785591125
2024-10-18,XLE,XGBOOST_H3_NO_SENT,0.17079716039566278,0.2698254883289337
2024-10-21,XLE,XGBOOST_H3_NO_SENT,0.17370760206087665,0.265481561422348
2024-10-22,XLE,XGBOOST_H3_NO_SENT,0.17699171554196386,0.26595425605773926
2024-10-23,XLE,XGBOOST_H3_NO_SENT,0.17615519597715712,0.26619866490364075
2024-10-24,XLE,XGBOOST_H3_NO_SENT,0.17631669682323703,0.26433026790618896
2024-10-25,XLE,XGBOOST_H3_NO_SENT,0.17584146739176465,0.2747512459754944
2024-10-28,XLE,XGBOOST_H3_NO_SENT,0.19228960810296544,0.2692234218120575
2024-10-29,XLE,XGBOOST_H3_NO_SENT,0.18028075037515248,0.27655652165412903
2024-10-30,XLE,XGBOOST_H3_NO_SENT,0.18109566015992654,0.28023427724838257
2024-10-31,XLE,XGBOOST_H3_NO_SENT,0.1808916429963878,0.26759299635887146
2024-11-01,XLE,XGBOOST_H3_NO_SENT,0.1846714034484424,0.2765558362007141
2024-11-04,XLE,XGBOOST_H3_NO_SENT,0.17764786551561243,0.2358769029378891
2024-11-05,XLE,XGBOOST_H3_NO_SENT,0.20112197864034348,0.2597635090351105
2024-11-06,XLE,XGBOOST_H3_NO_SENT,0.15117004608565726,0.2412707358598709
2024-11-07,XLE,XGBOOST_H3_NO_SENT,0.16178308920308795,0.23623773455619812
2024-11-08,XLE,XGBOOST_H3_NO_SENT,0.15914953176728402,0.2328941822052002
2024-11-12,XLE,XGBOOST_H3_NO_SENT,0.15793142303539995,0.23110626637935638
2024-11-13,XLE,XGBOOST_H3_NO_SENT,0.15516976721593959,0.23660162091255188
2024-11-14,XLE,XGBOOST_H3_NO_SENT,0.15347334835200063,0.222731813788414
2024-11-15,XLE,XGBOOST_H3_NO_SENT,0.1676172684616438,0.22796905040740967
2024-11-18,XLE,XGBOOST_H3_NO_SENT,0.15486612820090398,0.21778638660907745
2024-11-19,XLE,XGBOOST_H3_NO_SENT,0.17830107831898903,0.23170770704746246
2024-11-20,XLE,XGBOOST_H3_NO_SENT,0.16761490326962633,0.23052924871444702
2024-11-21,XLE,XGBOOST_H3_NO_SENT,0.16981009618160745,0.24001872539520264
2024-11-22,XLE,XGBOOST_H3_NO_SENT,0.17339791024549142,0.23249080777168274
2024-11-25,XLE,XGBOOST_H3_NO_SENT,0.17446283048586939,0.23188632726669312
2024-11-26,XLE,XGBOOST_H3_NO_SENT,0.17464365249042377,0.21707426011562347
2024-11-27,XLE,XGBOOST_H3_NO_SENT,0.17499064313434992,0.20852746069431305
2024-11-29,XLE,XGBOOST_H3_NO_SENT,0.17240299726168015,0.2016574591398239
2024-12-02,XLE,XGBOOST_H3_NO_SENT,0.18352175376349641,0.21526242792606354
2024-12-03,XLE,XGBOOST_H3_NO_SENT,0.19176792255327332,0.21501941978931427
2024-12-04,XLE,XGBOOST_H3_NO_SENT,0.1810083687161636,0.218608558177948
2024-12-05,XLE,XGBOOST_H3_NO_SENT,0.17969901899286847,0.2183624804019928
2024-12-06,XLE,XGBOOST_H3_NO_SENT,0.17647613990464836,0.2132178694009781
2024-12-09,XLE,XGBOOST_H3_NO_SENT,0.1766615063758455,0.2095358669757843
2024-12-10,XLE,XGBOOST_H3_NO_SENT,0.17626246273843724,0.21038152277469635
2024-12-11,XLE,XGBOOST_H3_NO_SENT,0.1919822735934796,0.2308342456817627
2024-12-12,XLE,XGBOOST_H3_NO_SENT,0.19261325325363896,0.23213370144367218
2024-12-13,XLE,XGBOOST_H3_NO_SENT,0.196727990245985,0.22348827123641968
2024-12-16,XLE,XGBOOST_H3_NO_SENT,0.17466734528201366,0.22113405168056488
2024-12-17,XLE,XGBOOST_H3_NO_SENT,0.1699934103018998,0.2252865433692932
2024-12-18,XLE,XGBOOST_H3_NO_SENT,0.11803296846871031,0.2355594038963318
2024-12-19,XLE,XGBOOST_H3_NO_SENT,0.13708906129499404,0.23595808446407318
2024-12-20,XLE,XGBOOST_H3_NO_SENT,0.1360445918604536,0.2335432916879654
2024-12-23,XLE,XGBOOST_H3_NO_SENT,0.1456038654788747,0.23292888700962067
2024-12-24,XLE,XGBOOST_H3_NO_SENT,0.15357170117679397,0.2192973643541336
2024-12-26,XLE,XGBOOST_H3_NO_SENT,0.15967228336817654,0.21896183490753174
2024-12-27,XLE,XGBOOST_H3_NO_SENT,0.159313656010719,0.2221018224954605
2024-12-30,XLE,XGBOOST_H3_NO_SENT,0.1590594912926782,0.23186081647872925
2024-12-31,XLE,XGBOOST_H3_NO_SENT,0.189981324050285,0.2363324612379074
2025-01-02,XLE,XGBOOST_H3_NO_SENT,0.18699868799984817,0.2357681393623352
2025-01-03,XLE,XGBOOST_H3_NO_SENT,0.1979492167141329,0.22483865916728973
2025-01-06,XLE,XGBOOST_H3_NO_SENT,0.19666599224819062,0.22801455855369568
2025-01-07,XLE,XGBOOST_H3_NO_SENT,0.20675734305415844,0.2279888391494751
2025-01-08,XLE,XGBOOST_H3_NO_SENT,0.2067481281032991,0.22215618193149567
2025-01-10,XLE,XGBOOST_H3_NO_SENT,0.22015197401731884,0.23106935620307922
2025-01-13,XLE,XGBOOST_H3_NO_SENT,0.20943848157671324,0.2230667769908905
2025-01-14,XLE,XGBOOST_H3_NO_SENT,0.2234746723736466,0.2315414845943451
2025-01-15,XLE,XGBOOST_H3_NO_SENT,0.2180794191652705,0.20767605304718018
2025-01-16,XLE,XGBOOST_H3_NO_SENT,0.21665936013609507,0.20468124747276306
2025-01-17,XLE,XGBOOST_H3_NO_SENT,0.221004624356478,0.19871282577514648
2025-01-21,XLE,XGBOOST_H3_NO_SENT,0.22292622837384618,0.19668105244636536
2025-01-22,XLE,XGBOOST_H3_NO_SENT,0.2154004425874425,0.19817325472831726
2025-01-23,XLE,XGBOOST_H3_NO_SENT,0.22789208846938225,0.1985948383808136
2025-01-24,XLE,XGBOOST_H3_NO_SENT,0.22539915730752996,0.19906312227249146
2025-01-27,XLE,XGBOOST_H3_NO_SENT,0.22828428972606735,0.21902738511562347
2025-01-28,XLE,XGBOOST_H3_NO_SENT,0.22663535972944765,0.2193717509508133
2025-01-29,XLE,XGBOOST_H3_NO_SENT,0.2273561494279216,0.2186681479215622
2025-01-30,XLE,XGBOOST_H3_NO_SENT,0.23330212501821362,0.21609975397586823
2025-01-31,XLE,XGBOOST_H3_NO_SENT,0.24618411050638137,0.21874991059303284
2025-02-03,XLE,XGBOOST_H3_NO_SENT,0.2474191605512915,0.21506699919700623
2025-02-04,XLE,XGBOOST_H3_NO_SENT,0.23849584212329272,0.2258138358592987
2025-02-05,XLE,XGBOOST_H3_NO_SENT,0.2387526944556161,0.20327366888523102
2025-02-06,XLE,XGBOOST_H3_NO_SENT,0.24018818781906212,0.20533640682697296
2025-02-07,XLE,XGBOOST_H3_NO_SENT,0.24188752032182181,0.20096370577812195
2025-02-10,XLE,XGBOOST_H3_NO_SENT,0.2286055660699793,0.18662160634994507
2025-02-11,XLE,XGBOOST_H3_NO_SENT,0.22696156571092702,0.1974472850561142
2025-02-12,XLE,XGBOOST_H3_NO_SENT,0.21196635191778165,0.19820734858512878
2025-02-13,XLE,XGBOOST_H3_NO_SENT,0.23613763208337635,0.1908998191356659
2025-02-14,XLE,XGBOOST_H3_NO_SENT,0.24240583594899698,0.195737823843956
2025-02-18,XLE,XGBOOST_H3_NO_SENT,0.23760786764432426,0.19560687243938446
2025-02-19,XLE,XGBOOST_H3_NO_SENT,0.24302467066758282,0.1987864375114441
2025-02-20,XLE,XGBOOST_H3_NO_SENT,0.2412190088556947,0.20018242299556732
2025-02-21,XLE,XGBOOST_H3_NO_SENT,0.22976951598963735,0.19222986698150635
2025-02-24,XLE,XGBOOST_H3_NO_SENT,0.23271989940336027,0.20260930061340332
2025-02-25,XLE,XGBOOST_H3_NO_SENT,0.2250718812569441,0.20133085548877716
2025-02-26,XLE,XGBOOST_H3_NO_SENT,0.22332156276124754,0.1964380443096161
2025-02-27,XLE,XGBOOST_H3_NO_SENT,0.2275415013871853,0.19391140341758728
2025-02-28,XLE,XGBOOST_H3_NO_SENT,0.22321496726146373,0.19771525263786316
2025-03-03,XLE,XGBOOST_H3_NO_SENT,0.17822021268849642,0.19692109525203705
2025-03-04,XLE,XGBOOST_H3_NO_SENT,0.17134013649413873,0.19601976871490479
2025-03-05,XLE,XGBOOST_H3_NO_SENT,0.15657602432192494,0.19942425191402435
2025-03-06,XLE,XGBOOST_H3_NO_SENT,0.3459992324386952,0.197636216878891
2025-03-07,XLE,XGBOOST_H3_NO_SENT,0.4831439526649574,0.19384147226810455
2025-03-10,XLE,XGBOOST_H3_NO_SENT,0.48098799364145695,0.2043588012456894
2025-03-11,XLE,XGBOOST_H3_NO_SENT,0.48512831278840984,0.20034992694854736
2025-03-12,XLE,XGBOOST_H3_NO_SENT,0.5633133152193861,0.2000286728143692
2025-03-13,XLE,XGBOOST_H3_NO_SENT,0.6085040450275856,0.20619505643844604
2025-03-14,XLE,XGBOOST_H3_NO_SENT,0.6051678393098892,0.21259252727031708
2025-03-17,XLE,XGBOOST_H3_NO_SENT,0.6008396913117536,0.2081707864999771
2025-03-18,XLE,XGBOOST_H3_NO_SENT,0.6003636211460545,0.2067519575357437
2025-03-19,XLE,XGBOOST_H3_NO_SENT,0.5969601473835106,0.21520192921161652
2025-03-20,XLE,XGBOOST_H3_NO_SENT,0.6051063399908219,0.22122196853160858
2025-03-21,XLE,XGBOOST_H3_NO_SENT,0.609341178237487,0.22359082102775574
2025-03-24,XLE,XGBOOST_H3_NO_SENT,0.6168543969061122,0.2173449993133545
2025-03-25,XLE,XGBOOST_H3_NO_SENT,0.6158522548355843,0.22409288585186005
2025-03-26,XLE,XGBOOST_H3_NO_SENT,0.6196097133346722,0.22185839712619781
2025-03-27,XLE,XGBOOST_H3_NO_SENT,0.6196776468696151,0.2211550623178482
2025-03-28,XLE,XGBOOST_H3_NO_SENT,0.6213939382954744,0.21186251938343048
2025-03-31,XLE,XGBOOST_H3_NO_SENT,0.6184901625073869,0.2144594043493271
2025-04-01,XLE,XGBOOST_H3_NO_SENT,0.6211937592756841,0.21212679147720337
2025-04-02,XLE,XGBOOST_H3_NO_SENT,0.621704922785696,0.21881504356861115
2025-04-03,XLE,XGBOOST_H3_NO_SENT,0.5603496200981778,0.23802779614925385
2025-04-04,XLE,XGBOOST_H3_NO_SENT,0.4434572856319862,0.4878505766391754
2025-04-07,XLE,XGBOOST_H3_NO_SENT,0.4425717669143689,0.468754380941391
2025-04-08,XLE,XGBOOST_H3_NO_SENT,0.4328174890970693,0.4619603753089905
2025-04-09,XLE,XGBOOST_H3_NO_SENT,0.34287326295214293,0.4008009135723114
2025-04-10,XLE,XGBOOST_H3_NO_SENT,0.2351867664409177,0.46400588750839233
2025-04-11,XLE,XGBOOST_H3_NO_SENT,0.23669725437195255,0.4134952127933502
2025-04-14,XLE,XGBOOST_H3_NO_SENT,0.2396094127125895,0.41844531893730164
2025-04-15,XLE,XGBOOST_H3_NO_SENT,0.24154405507570853,0.44515135884284973
2025-04-16,XLE,XGBOOST_H3_NO_SENT,0.24099221521430203,0.5186943411827087
2025-04-17,XLE,XGBOOST_H3_NO_SENT,0.23103704687327173,0.45339393615722656
2025-04-21,XLE,XGBOOST_H3_NO_SENT,0.213013367731904,0.6849942803382874
2025-04-22,XLE,XGBOOST_H3_NO_SENT,0.2003619929330633,0.44040533900260925
2025-04-23,XLE,XGBOOST_H3_NO_SENT,0.21234951984433742,0.4181678891181946
2025-04-24,XLE,XGBOOST_H3_NO_SENT,0.2048241964254514,0.36771851778030396
2025-04-25,XLE,XGBOOST_H3_NO_SENT,0.2051624937783231,0.38114646077156067
2025-04-28,XLE,XGBOOST_H3_NO_SENT,0.20599426979140012,0.38691526651382446
2025-04-29,XLE,XGBOOST_H3_NO_SENT,0.21066645326515088,0.38374653458595276
2025-04-30,XLE,XGBOOST_H3_NO_SENT,0.18712624170769046,0.3834519386291504
2025-05-01,XLE,XGBOOST_H3_NO_SENT,0.1901134925891012,0.38024595379829407
2025-05-02,XLE,XGBOOST_H3_NO_SENT,0.1887485148048078,0.34136736392974854
2025-05-05,XLE,XGBOOST_H3_NO_SENT,0.1793647244909045,0.34319615364074707
2025-05-06,XLE,XGBOOST_H3_NO_SENT,0.19505113443521435,0.3614872694015503
2025-05-07,XLE,XGBOOST_H3_NO_SENT,0.19515647783014495,0.3696378171443939
2025-05-08,XLE,XGBOOST_H3_NO_SENT,0.20071077582600974,0.36779648065567017
2025-05-09,XLE,XGBOOST_H3_NO_SENT,0.19798569946764535,0.3680252134799957
2025-05-12,XLE,XGBOOST_H3_NO_SENT,0.18614841299131704,0.3348467946052551
2025-05-13,XLE,XGBOOST_H3_NO_SENT,0.18652917192924492,0.3308800458908081
2025-05-14,XLE,XGBOOST_H3_NO_SENT,0.18527096506786084,0.3358660042285919
2025-05-15,XLE,XGBOOST_H3_NO_SENT,0.1940877843869204,0.33623889088630676
2025-05-16,XLE,XGBOOST_H3_NO_SENT,0.19444413011184253,0.34781312942504883
2025-05-19,XLE,XGBOOST_H3_NO_SENT,0.18854285739354734,0.3402831554412842
2025-05-20,XLE,XGBOOST_H3_NO_SENT,0.1865245812867733,0.3204803168773651
2025-05-21,XLE,XGBOOST_H3_NO_SENT,0.17038684586268452,0.3395002782344818
2025-05-22,XLE,XGBOOST_H3_NO_SENT,0.1988776169247247,0.33298972249031067
2025-05-23,XLE,XGBOOST_H3_NO_SENT,0.20688732256017403,0.3195708990097046
2025-05-27,XLE,XGBOOST_H3_NO_SENT,0.20663948306576743,0.3371966481208801
2025-05-28,XLE,XGBOOST_H3_NO_SENT,0.20408889765648505,0.3302072286605835
2025-05-29,XLE,XGBOOST_H3_NO_SENT,0.2052796380789612,0.32922422885894775
2025-05-30,XLE,XGBOOST_H3_NO_SENT,0.20330718667298672,0.32834306359291077
2025-06-02,XLE,XGBOOST_H3_NO_SENT,0.20043337818929843,0.32540833950042725
2025-06-03,XLE,XGBOOST_H3_NO_SENT,0.20463121713055324,0.33089908957481384
2025-06-04,XLE,XGBOOST_H3_NO_SENT,0.18747853479274568,0.328694611787796
2025-06-05,XLE,XGBOOST_H3_NO_SENT,0.19267115609386828,0.3288063406944275
2025-06-06,XLE,XGBOOST_H3_NO_SENT,0.2029923157716487,0.31620270013809204
2025-06-09,XLE,XGBOOST_H3_NO_SENT,0.2051744968614074,0.3262607157230377
2025-06-10,XLE,XGBOOST_H3_NO_SENT,0.19863984055886946,0.2540943920612335
2025-06-11,XLE,XGBOOST_H3_NO_SENT,0.1938713911801279,0.2645420432090759
2025-06-12,XLE,XGBOOST_H3_NO_SENT,0.1992175683640255,0.2697119414806366
2025-06-13,XLE,XGBOOST_H3_NO_SENT,0.19733480094030195,0.2502250671386719
2025-06-16,XLE,XGBOOST_H3_NO_SENT,0.19938965855237945,0.25570324063301086
2025-06-17,XLE,XGBOOST_H3_NO_SENT,0.19762400038135358,0.2540344297885895
2025-06-18,XLE,XGBOOST_H3_NO_SENT,0.19830418605763706,0.2628735303878784
2025-06-20,XLE,XGBOOST_H3_NO_SENT,0.19663674841080597,0.2941192090511322
2025-06-23,XLE,XGBOOST_H3_NO_SENT,0.17643139810559877,0.29992789030075073
2025-06-24,XLE,XGBOOST_H3_NO_SENT,0.17822380990297046,0.29622867703437805
2025-06-25,XLE,XGBOOST_H3_NO_SENT,0.1782076992144849,0.3068760633468628
2025-06-26,XLE,XGBOOST_H3_NO_SENT,0.17279028669652327,0.2932521402835846
2025-06-27,XLE,XGBOOST_H3_NO_SENT,0.17509533751338907,0.2998957633972168
2025-06-30,XLE,XGBOOST_H3_NO_SENT,0.17507314419055361,0.2569068968296051
2025-07-01,XLE,XGBOOST_H3_NO_SENT,0.18354978503368036,0.24381482601165771
2025-07-02,XLE,XGBOOST_H3_NO_SENT,0.17505754231372792,0.25331464409828186
2025-07-03,XLE,XGBOOST_H3_NO_SENT,0.18738449698730683,0.24726291000843048
2025-07-07,XLE,XGBOOST_H3_NO_SENT,0.18455144037226112,0.25105172395706177
2025-07-08,XLE,XGBOOST_H3_NO_SENT,0.15489261395913037,0.25626954436302185
2025-07-09,XLE,XGBOOST_H3_NO_SENT,0.15680160730122186,0.2610991895198822
2025-07-10,XLE,XGBOOST_H3_NO_SENT,0.15280857561997882,0.2345675528049469
2025-07-11,XLE,XGBOOST_H3_NO_SENT,0.15409243161739655,0.23818500339984894
2025-07-14,XLE,XGBOOST_H3_NO_SENT,0.15220868722716166,0.24691565334796906
2025-07-15,XLE,XGBOOST_H3_NO_SENT,0.14697082630147837,0.23841193318367004
2025-07-16,XLE,XGBOOST_H3_NO_SENT,0.15094044876676185,0.25014007091522217
2025-07-17,XLE,XGBOOST_H3_NO_SENT,0.14902622206992575,0.25574830174446106
2025-07-18,XLE,XGBOOST_H3_NO_SENT,0.1463904769476944,0.2694832682609558
2025-07-21,XLE,XGBOOST_H3_NO_SENT,0.14311526439795366,0.2671615183353424
2025-07-22,XLE,XGBOOST_H3_NO_SENT,0.1420490414996471,0.27201369404792786
2025-07-23,XLE,XGBOOST_H3_NO_SENT,0.13343718894354012,0.28003647923469543
2025-07-24,XLE,XGBOOST_H3_NO_SENT,0.13323886577565458,0.28785741329193115
2025-07-25,XLE,XGBOOST_H3_NO_SENT,0.15153308933277537,0.27683359384536743
2025-07-28,XLE,XGBOOST_H3_NO_SENT,0.14644085160609818,0.2764584720134735
2025-07-29,XLE,XGBOOST_H3_NO_SENT,0.14208882107751786,0.258644700050354
2025-07-30,XLE,XGBOOST_H3_NO_SENT,0.13762447335956063,0.25157034397125244
2025-07-31,XLE,XGBOOST_H3_NO_SENT,0.13751715911465817,0.27583950757980347
2025-08-01,XLE,XGBOOST_H3_NO_SENT,0.11522727037670315,0.3641214668750763
2025-08-04,XLE,XGBOOST_H3_NO_SENT,0.11386607107402512,0.3708088994026184
2025-08-05,XLE,XGBOOST_H3_NO_SENT,0.14572778942190792,0.36865076422691345
2025-08-06,XLE,XGBOOST_H3_NO_SENT,0.1406692627470433,0.36912989616394043
2025-08-07,XLE,XGBOOST_H3_NO_SENT,0.15970110622335984,0.3366413712501526
2025-08-08,XLE,XGBOOST_H3_NO_SENT,0.1593185887880098,0.33061036467552185
2025-08-11,XLE,XGBOOST_H3_NO_SENT,0.15582294185845524,0.3215111196041107
2025-08-12,XLE,XGBOOST_H3_NO_SENT,0.1649319227749615,0.30978432297706604
2025-08-13,XLE,XGBOOST_H3_NO_SENT,0.16164355321403726,0.3388228714466095
2025-08-14,XLE,XGBOOST_H3_NO_SENT,0.16382468702008368,0.31665104627609253
2025-08-15,XLE,XGBOOST_H3_NO_SENT,0.16474381265675334,0.31880271434783936
2025-08-18,XLE,XGBOOST_H3_NO_SENT,0.17043289068498724,0.32022127509117126
2025-08-19,XLE,XGBOOST_H3_NO_SENT,0.1702148863884665,0.3141956627368927
2025-08-20,XLE,XGBOOST_H3_NO_SENT,0.17014592876323575,0.3136776387691498
2025-08-21,XLE,XGBOOST_H3_NO_SENT,0.17781572738604712,0.3171042501926422
2025-08-22,XLE,XGBOOST_H3_NO_SENT,0.1631889133330177,0.3184175193309784
2025-08-25,XLE,XGBOOST_H3_NO_SENT,0.1738075689170013,0.32116636633872986
2025-08-26,XLE,XGBOOST_H3_NO_SENT,0.1786398545756141,0.32775723934173584
2025-08-27,XLE,XGBOOST_H3_NO_SENT,0.17722719449157331,0.31795820593833923
2025-08-28,XLE,XGBOOST_H3_NO_SENT,0.1780354377507282,0.3267880976200104
2025-08-29,XLE,XGBOOST_H3_NO_SENT,0.19100972347809592,0.314197838306427
2025-09-02,XLE,XGBOOST_H3_NO_SENT,0.1949246051783361,0.3108993470668793
2025-09-03,XLE,XGBOOST_H3_NO_SENT,0.17598421913883278,0.3183467984199524
2025-09-04,XLE,XGBOOST_H3_NO_SENT,0.17877224562149457,0.31434959173202515
2025-09-05,XLE,XGBOOST_H3_NO_SENT,0.163829359234348,0.24386867880821228
2025-09-08,XLE,XGBOOST_H3_NO_SENT,0.16373415052509138,0.26007840037345886
2025-09-09,XLE,XGBOOST_H3_NO_SENT,0.16331299817093417,0.25940120220184326
2025-09-10,XLE,XGBOOST_H3_NO_SENT,0.15398465327951127,0.2564612030982971
2025-09-11,XLE,XGBOOST_H3_NO_SENT,0.16185475973883848,0.2567274570465088
2025-09-12,XLE,XGBOOST_H3_NO_SENT,0.19127286922510403,0.25593313574790955
2025-09-15,XLE,XGBOOST_H3_NO_SENT,0.19836654733444417,0.26357918977737427
2025-09-16,XLE,XGBOOST_H3_NO_SENT,0.18761596504080857,0.2683292031288147
2025-09-17,XLE,XGBOOST_H3_NO_SENT,0.18710772658413616,0.26595503091812134
2025-09-18,XLE,XGBOOST_H3_NO_SENT,0.19073448343000737,0.26853522658348083
2025-09-19,XLE,XGBOOST_H3_NO_SENT,0.18920064234928669,0.27031436562538147
2025-09-22,XLE,XGBOOST_H3_NO_SENT,0.19359321363966547,0.2704094350337982
2025-09-23,XLE,XGBOOST_H3_NO_SENT,0.1822142928251423,0.2664257287979126
2025-09-24,XLE,XGBOOST_H3_NO_SENT,0.18200624003712623,0.26874634623527527
2025-09-25,XLE,XGBOOST_H3_NO_SENT,0.1858613565411855,0.26890209317207336
2025-09-26,XLE,XGBOOST_H3_NO_SENT,0.184202074084344,0.2662453055381775
2025-09-29,XLE,XGBOOST_H3_NO_SENT,0.17425179299280436,0.26367929577827454
2025-09-30,XLE,XGBOOST_H3_NO_SENT,0.17409905619059696,0.26947277784347534
2025-10-01,XLE,XGBOOST_H3_NO_SENT,0.17670095465375396,0.28366944193840027
2025-10-02,XLE,XGBOOST_H3_NO_SENT,0.1743593425277863,0.30088141560554504
2025-10-03,XLE,XGBOOST_H3_NO_SENT,0.17538246181795342,0.2706461250782013
2025-10-06,XLE,XGBOOST_H3_NO_SENT,0.17425315064868582,0.23766696453094482
2025-10-07,XLE,XGBOOST_H3_NO_SENT,0.1776595426972936,0.23866473138332367
2025-10-08,XLE,XGBOOST_H3_NO_SENT,0.1773394014557051,0.23736067116260529
2025-10-09,XLE,XGBOOST_H3_NO_SENT,0.1743177006195989,0.25078055262565613
2025-10-10,XLE,XGBOOST_H3_NO_SENT,0.14161008946162285,0.23027613759040833
2025-10-14,XLE,XGBOOST_H3_NO_SENT,0.1425704384798115,0.2584012746810913
2025-10-15,XLE,XGBOOST_H3_NO_SENT,0.15450179779828568,0.275450199842453
2025-10-16,XLE,XGBOOST_H3_NO_SENT,0.1449112595354181,0.33394524455070496
2025-10-17,XLE,XGBOOST_H3_NO_SENT,0.15217545758236287,0.28366994857788086
2025-10-20,XLE,XGBOOST_H3_NO_SENT,0.16805162110814933,0.27757611870765686
2025-10-21,XLE,XGBOOST_H3_NO_SENT,0.16854726671735581,0.2756630778312683
2025-10-22,XLE,XGBOOST_H3_NO_SENT,0.17250509757440238,0.2815874516963959
2025-10-23,XLE,XGBOOST_H3_NO_SENT,0.17182563907256598,0.27045875787734985
2025-10-24,XLE,XGBOOST_H3_NO_SENT,0.1688904265376183,0.287725567817688
2025-10-27,XLE,XGBOOST_H3_NO_SENT,0.16923193083630236,0.28372806310653687
2025-10-28,XLE,XGBOOST_H3_NO_SENT,0.166262157894242,0.36236637830734253
2025-10-29,XLE,XGBOOST_H3_NO_SENT,0.16632670982290879,0.26864245533943176
2025-10-30,XLE,XGBOOST_H3_NO_SENT,0.16985004682295998,0.3477408289909363
2025-10-31,XLE,XGBOOST_H3_NO_SENT,0.17104263871467626,0.2564449906349182
2025-11-03,XLE,XGBOOST_H3_NO_SENT,0.17889502071644936,0.22240836918354034
2025-11-04,XLE,XGBOOST_H3_NO_SENT,0.18322970552943843,0.2293643355369568
2025-11-05,XLE,XGBOOST_H3_NO_SENT,0.18332296456778177,0.2316201776266098
2025-11-06,XLE,XGBOOST_H3_NO_SENT,0.1828769653370477,0.2428627908229828
2025-11-07,XLE,XGBOOST_H3_NO_SENT,0.18229600374286015,0.24100536108016968
2025-11-10,XLE,XGBOOST_H3_NO_SENT,0.18084912245906073,0.2376372516155243
2025-11-12,XLE,XGBOOST_H3_NO_SENT,0.17163537319662603,0.2346498817205429
2025-11-13,XLE,XGBOOST_H3_NO_SENT,0.17565958208464869,0.23395444452762604
2025-11-14,XLE,XGBOOST_H3_NO_SENT,0.16597556405862623,0.2318008691072464
2025-11-17,XLE,XGBOOST_H3_NO_SENT,0.18814050090834486,0.21581192314624786
2025-11-18,XLE,XGBOOST_H3_NO_SENT,0.20336841200828423,0.23117969930171967
2025-11-19,XLE,XGBOOST_H3_NO_SENT,0.2046986033864516,0.22566282749176025
2025-11-20,XLE,XGBOOST_H3_NO_SENT,0.20090484098116013,0.3736937642097473
2025-11-21,XLE,XGBOOST_H3_NO_SENT,0.20315420122228217,0.35208845138549805
2025-11-24,XLE,XGBOOST_H3_NO_SENT,0.2042326485656587,0.3459605574607849
2025-11-25,XLE,XGBOOST_H3_NO_SENT,0.20312831027696482,0.34523361921310425
2025-11-26,XLE,XGBOOST_H3_NO_SENT,0.20191176442653305,0.25941896438598633
2025-11-28,XLE,XGBOOST_H3_NO_SENT,0.19922663359712844,0.3364928662776947
2025-12-01,XLE,XGBOOST_H3_NO_SENT,0.1980516566288458,0.2553059160709381
2025-12-02,XLE,XGBOOST_H3_NO_SENT,0.19345637875529897,0.3470778465270996
2025-12-03,XLE,XGBOOST_H3_NO_SENT,0.19643379047348092,0.3367927670478821
2025-12-04,XLE,XGBOOST_H3_NO_SENT,0.2178446852555177,0.27646341919898987
2025-12-05,XLE,XGBOOST_H3_NO_SENT,0.23944264452864414,0.26882901787757874
2025-12-08,XLE,XGBOOST_H3_NO_SENT,0.23962197887893366,0.3283803462982178
2025-12-09,XLE,XGBOOST_H3_NO_SENT,0.26300072102133,0.3320368528366089
2025-12-10,XLE,XGBOOST_H3_NO_SENT,0.2608626729779988,0.31202760338783264
2025-12-11,XLE,XGBOOST_H3_NO_SENT,0.26166728422988805,0.30947428941726685
2025-12-12,XLE,XGBOOST_H3_NO_SENT,0.26253580370414925,0.3020283877849579
2025-12-15,XLE,XGBOOST_H3_NO_SENT,0.2696391973773185,0.3013235926628113
2025-12-16,XLE,XGBOOST_H3_NO_SENT,0.24249649334688875,0.3231234848499298
2025-12-17,XLE,XGBOOST_H3_NO_SENT,0.23381276729960349,0.30789294838905334
2025-12-18,XLE,XGBOOST_H3_NO_SENT,0.2248688920479209,0.32196640968322754
2025-12-19,XLE,XGBOOST_H3_NO_SENT,0.23469408403509248,0.33455970883369446
2025-12-22,XLE,XGBOOST_H3_NO_SENT,0.23407378029557635,0.3296061158180237
2025-12-23,XLE,XGBOOST_H3_NO_SENT,0.2340224089078798,0.35678696632385254
2025-12-24,XLE,XGBOOST_H3_NO_SENT,0.23276545531374043,0.3228484094142914
2025-12-26,XLE,XGBOOST_H3_NO_SENT,0.2306328181927444,0.3691480755805969
2025-12-29,XLE,XGBOOST_H3_NO_SENT,0.23034213050035068,0.37755823135375977
2025-12-30,XLE,XGBOOST_H3_NO_SENT,0.23057423790504766,0.38777679204940796
2025-12-31,XLE,XGBOOST_H3_NO_SENT,0.22710170038096472,0.37108588218688965
2024-10-16,XLV,XGBOOST_H3_NO_SENT,0.10061333856679988,0.11835173517465591
2024-10-17,XLV,XGBOOST_H3_NO_SENT,0.11121830781805726,0.11701872944831848
2024-10-18,XLV,XGBOOST_H3_NO_SENT,0.12116170737376601,0.11113032698631287
2024-10-21,XLV,XGBOOST_H3_NO_SENT,0.11832573934384359,0.10247502475976944
2024-10-22,XLV,XGBOOST_H3_NO_SENT,0.11832994754084122,0.11065167933702469
2024-10-23,XLV,XGBOOST_H3_NO_SENT,0.1297735634692984,0.10908827930688858
2024-10-24,XLV,XGBOOST_H3_NO_SENT,0.13404444999295675,0.10811407119035721
2024-10-25,XLV,XGBOOST_H3_NO_SENT,0.13364634221225408,0.11412699520587921
2024-10-28,XLV,XGBOOST_H3_NO_SENT,0.1379806187722878,0.11656229943037033
2024-10-29,XLV,XGBOOST_H3_NO_SENT,0.13972789478048048,0.11629537492990494
2024-10-30,XLV,XGBOOST_H3_NO_SENT,0.14128890612005077,0.12002110481262207
2024-10-31,XLV,XGBOOST_H3_NO_SENT,0.1384640207512083,0.12193134427070618
2024-11-01,XLV,XGBOOST_H3_NO_SENT,0.13692798459111374,0.12614746391773224
2024-11-04,XLV,XGBOOST_H3_NO_SENT,0.1350968336577404,0.1157165914773941
2024-11-05,XLV,XGBOOST_H3_NO_SENT,0.13230495385418448,0.1214531809091568
2024-11-06,XLV,XGBOOST_H3_NO_SENT,0.1375823211632801,0.123820960521698
2024-11-07,XLV,XGBOOST_H3_NO_SENT,0.13496211933364388,0.12007643282413483
2024-11-08,XLV,XGBOOST_H3_NO_SENT,0.13210396620665016,0.11594873666763306
2024-11-12,XLV,XGBOOST_H3_NO_SENT,0.1311409301216031,0.11099937558174133
2024-11-13,XLV,XGBOOST_H3_NO_SENT,0.132975629218481,0.10349712520837784
2024-11-14,XLV,XGBOOST_H3_NO_SENT,0.12258417084445129,0.10170501470565796
2024-11-15,XLV,XGBOOST_H3_NO_SENT,0.1116971854814887,0.09902534633874893
2024-11-18,XLV,XGBOOST_H3_NO_SENT,0.1115401111096203,0.09879916161298752
2024-11-19,XLV,XGBOOST_H3_NO_SENT,0.11958045634237864,0.09806712716817856
2024-11-20,XLV,XGBOOST_H3_NO_SENT,0.1107562968864952,0.09966391324996948
2024-11-21,XLV,XGBOOST_H3_NO_SENT,0.11735154579471026,0.10613575577735901
2024-11-22,XLV,XGBOOST_H3_NO_SENT,0.12461422133965867,0.10277575254440308
2024-11-25,XLV,XGBOOST_H3_NO_SENT,0.12076756069417205,0.0983223021030426
2024-11-26,XLV,XGBOOST_H3_NO_SENT,0.1186678951962158,0.09465102851390839
2024-11-27,XLV,XGBOOST_H3_NO_SENT,0.11567064608614205,0.0954785868525505
2024-11-29,XLV,XGBOOST_H3_NO_SENT,0.11859953532109842,0.09058630466461182
2024-12-02,XLV,XGBOOST_H3_NO_SENT,0.12024818972695675,0.09436070919036865
2024-12-03,XLV,XGBOOST_H3_NO_SENT,0.1208339540952364,0.09297364950180054
2024-12-04,XLV,XGBOOST_H3_NO_SENT,0.1288972050014895,0.09637954086065292
2024-12-05,XLV,XGBOOST_H3_NO_SENT,0.12499839780657139,0.09177861362695694
2024-12-06,XLV,XGBOOST_H3_NO_SENT,0.1264443134046438,0.08581764996051788
2024-12-09,XLV,XGBOOST_H3_NO_SENT,0.12769176247681766,0.09083560854196548
2024-12-10,XLV,XGBOOST_H3_NO_SENT,0.12824464589433557,0.09318464249372482
2024-12-11,XLV,XGBOOST_H3_NO_SENT,0.12908802994599156,0.09528964012861252
2024-12-12,XLV,XGBOOST_H3_NO_SENT,0.1313074024269226,0.09687863290309906
2024-12-13,XLV,XGBOOST_H3_NO_SENT,0.13214959745142324,0.10843584686517715
2024-12-16,XLV,XGBOOST_H3_NO_SENT,0.12476321506608462,0.10616036504507065
2024-12-17,XLV,XGBOOST_H3_NO_SENT,0.12759309662252466,0.10785321891307831
2024-12-18,XLV,XGBOOST_H3_NO_SENT,0.12774169134637473,0.11429300159215927
2024-12-19,XLV,XGBOOST_H3_NO_SENT,0.12371058473477267,0.11811583489179611
2024-12-20,XLV,XGBOOST_H3_NO_SENT,0.1245361406025557,0.10026312619447708
2024-12-23,XLV,XGBOOST_H3_NO_SENT,0.12130177448512507,0.10381602495908737
2024-12-24,XLV,XGBOOST_H3_NO_SENT,0.14095767335768858,0.10318872332572937
2024-12-26,XLV,XGBOOST_H3_NO_SENT,0.14525377179478552,0.10504547506570816
2024-12-27,XLV,XGBOOST_H3_NO_SENT,0.1461049076763679,0.10221177339553833
2024-12-30,XLV,XGBOOST_H3_NO_SENT,0.13852077430185325,0.10505587607622147
2024-12-31,XLV,XGBOOST_H3_NO_SENT,0.14054623955487103,0.10666655004024506
2025-01-02,XLV,XGBOOST_H3_NO_SENT,0.14011337534630533,0.10937213152647018
2025-01-03,XLV,XGBOOST_H3_NO_SENT,0.1396577333957964,0.11074063926935196
2025-01-06,XLV,XGBOOST_H3_NO_SENT,0.14132127280610254,0.11329885572195053
2025-01-07,XLV,XGBOOST_H3_NO_SENT,0.1476687576679221,0.11567553877830505
2025-01-08,XLV,XGBOOST_H3_NO_SENT,0.14952951305113577,0.11609042435884476
2025-01-10,XLV,XGBOOST_H3_NO_SENT,0.1472030120667642,0.12012720853090286
2025-01-13,XLV,XGBOOST_H3_NO_SENT,0.14233463386827264,0.11724158376455307
2025-01-14,XLV,XGBOOST_H3_NO_SENT,0.1357546295735327,0.11600307375192642
2025-01-15,XLV,XGBOOST_H3_NO_SENT,0.1357237333166136,0.12220139056444168
2025-01-16,XLV,XGBOOST_H3_NO_SENT,0.14299469524361527,0.11952080577611923
2025-01-17,XLV,XGBOOST_H3_NO_SENT,0.1404016745378076,0.11800891160964966
2025-01-21,XLV,XGBOOST_H3_NO_SENT,0.13596868617109775,0.11421628296375275
2025-01-22,XLV,XGBOOST_H3_NO_SENT,0.13606250317696242,0.11119342595338821
2025-01-23,XLV,XGBOOST_H3_NO_SENT,0.13111367150474318,0.10845566540956497
2025-01-24,XLV,XGBOOST_H3_NO_SENT,0.1336354759716397,0.10805642604827881
2025-01-27,XLV,XGBOOST_H3_NO_SENT,0.11216048051680237,0.10288770496845245
2025-01-28,XLV,XGBOOST_H3_NO_SENT,0.11234552919203673,0.10445138067007065
2025-01-29,XLV,XGBOOST_H3_NO_SENT,0.11116563769475078,0.10447032004594803
2025-01-30,XLV,XGBOOST_H3_NO_SENT,0.11127127387587375,0.10459772497415543
2025-01-31,XLV,XGBOOST_H3_NO_SENT,0.11114028058902431,0.10596281290054321
2025-02-03,XLV,XGBOOST_H3_NO_SENT,0.1162489350430993,0.104899100959301
2025-02-04,XLV,XGBOOST_H3_NO_SENT,0.12062534955957205,0.10681331157684326
2025-02-05,XLV,XGBOOST_H3_NO_SENT,0.11675676150153247,0.10257180780172348
2025-02-06,XLV,XGBOOST_H3_NO_SENT,0.1115224336560191,0.10420101135969162
2025-02-07,XLV,XGBOOST_H3_NO_SENT,0.11746250848904166,0.10333074629306793
2025-02-10,XLV,XGBOOST_H3_NO_SENT,0.12420266600179818,0.10940667986869812
2025-02-11,XLV,XGBOOST_H3_NO_SENT,0.1290626246304593,0.11285843700170517
2025-02-12,XLV,XGBOOST_H3_NO_SENT,0.13017994019480617,0.11522869020700455
2025-02-13,XLV,XGBOOST_H3_NO_SENT,0.13256479632671503,0.11977345496416092
2025-02-14,XLV,XGBOOST_H3_NO_SENT,0.13434337323489642,0.11907719820737839
2025-02-18,XLV,XGBOOST_H3_NO_SENT,0.1339939523151195,0.12210060656070709
2025-02-19,XLV,XGBOOST_H3_NO_SENT,0.1261057589521233,0.1220325231552124
2025-02-20,XLV,XGBOOST_H3_NO_SENT,0.12450229879207679,0.12374331057071686
2025-02-21,XLV,XGBOOST_H3_NO_SENT,0.12337242225551798,0.12363099306821823
2025-02-24,XLV,XGBOOST_H3_NO_SENT,0.12296265478687633,0.11845660209655762
2025-02-25,XLV,XGBOOST_H3_NO_SENT,0.1267047952307247,0.11616374552249908
2025-02-26,XLV,XGBOOST_H3_NO_SENT,0.12502351775277315,0.1204296126961708
2025-02-27,XLV,XGBOOST_H3_NO_SENT,0.1247103721393958,0.12205608189105988
2025-02-28,XLV,XGBOOST_H3_NO_SENT,0.11638410753966265,0.11906126886606216
2025-03-03,XLV,XGBOOST_H3_NO_SENT,0.12194702326795828,0.12344479560852051
2025-03-04,XLV,XGBOOST_H3_NO_SENT,0.1339104154195319,0.12778240442276
2025-03-05,XLV,XGBOOST_H3_NO_SENT,0.1306072712952655,0.12271356582641602
2025-03-06,XLV,XGBOOST_H3_NO_SENT,0.1326038735731044,0.13848042488098145
2025-03-07,XLV,XGBOOST_H3_NO_SENT,0.23411803740847886,0.13186392188072205
2025-03-10,XLV,XGBOOST_H3_NO_SENT,0.23307007240138977,0.12651534378528595
2025-03-11,XLV,XGBOOST_H3_NO_SENT,0.2331371490116328,0.14757491648197174
2025-03-12,XLV,XGBOOST_H3_NO_SENT,0.28542006895469696,0.12958166003227234
2025-03-13,XLV,XGBOOST_H3_NO_SENT,0.300353217298018,0.12695983052253723
2025-03-14,XLV,XGBOOST_H3_NO_SENT,0.30460244963039385,0.13465812802314758
2025-03-17,XLV,XGBOOST_H3_NO_SENT,0.30428211049943665,0.13584117591381073
2025-03-18,XLV,XGBOOST_H3_NO_SENT,0.3042765299897722,0.139764204621315
2025-03-19,XLV,XGBOOST_H3_NO_SENT,0.30500045944066545,0.13650661706924438
2025-03-20,XLV,XGBOOST_H3_NO_SENT,0.3046930258541297,0.13590948283672333
2025-03-21,XLV,XGBOOST_H3_NO_SENT,0.311178943561966,0.13710461556911469
2025-03-24,XLV,XGBOOST_H3_NO_SENT,0.3193570814088679,0.13678011298179626
2025-03-25,XLV,XGBOOST_H3_NO_SENT,0.31927318138694033,0.13546714186668396
2025-03-26,XLV,XGBOOST_H3_NO_SENT,0.3240010966128088,0.141932874917984
2025-03-27,XLV,XGBOOST_H3_NO_SENT,0.32475001637038076,0.14336341619491577
2025-03-28,XLV,XGBOOST_H3_NO_SENT,0.3255309198102597,0.1417129635810852
2025-03-31,XLV,XGBOOST_H3_NO_SENT,0.32338231001128964,0.14588771760463715
2025-04-01,XLV,XGBOOST_H3_NO_SENT,0.3197247661466974,0.1387210488319397
2025-04-02,XLV,XGBOOST_H3_NO_SENT,0.33176349917817904,0.13917706906795502
2025-04-03,XLV,XGBOOST_H3_NO_SENT,0.3360895899826289,0.14078903198242188
2025-04-04,XLV,XGBOOST_H3_NO_SENT,0.26698239814176167,0.3273516893386841
2025-04-07,XLV,XGBOOST_H3_NO_SENT,0.28542152625485256,0.39621487259864807
2025-04-08,XLV,XGBOOST_H3_NO_SENT,0.28352192004387183,0.3030812442302704
2025-04-09,XLV,XGBOOST_H3_NO_SENT,0.2385594339234445,0.3426378667354584
2025-04-10,XLV,XGBOOST_H3_NO_SENT,0.22015142912516708,0.425449013710022
2025-04-11,XLV,XGBOOST_H3_NO_SENT,0.23175743383784905,0.4402749240398407
2025-04-14,XLV,XGBOOST_H3_NO_SENT,0.2500991970310721,0.4442409873008728
2025-04-15,XLV,XGBOOST_H3_NO_SENT,0.2611370355639501,0.44268015027046204
2025-04-16,XLV,XGBOOST_H3_NO_SENT,0.26602531916321903,0.46172523498535156
2025-04-17,XLV,XGBOOST_H3_NO_SENT,0.27685553415509206,0.4163931906223297
2025-04-21,XLV,XGBOOST_H3_NO_SENT,0.26769309057319235,0.20973989367485046
2025-04-22,XLV,XGBOOST_H3_NO_SENT,0.2593505064916144,0.18987694382667542
2025-04-23,XLV,XGBOOST_H3_NO_SENT,0.2712697691992035,0.19720755517482758
2025-04-24,XLV,XGBOOST_H3_NO_SENT,0.2671264904564319,0.1867167055606842
2025-04-25,XLV,XGBOOST_H3_NO_SENT,0.26575458269243535,0.18182164430618286
2025-04-28,XLV,XGBOOST_H3_NO_SENT,0.2713950388585286,0.17973612248897552
2025-04-29,XLV,XGBOOST_H3_NO_SENT,0.2701649655564282,0.17982186377048492
2025-04-30,XLV,XGBOOST_H3_NO_SENT,0.26921486808809403,0.18398547172546387
2025-05-01,XLV,XGBOOST_H3_NO_SENT,0.2532981773520601,0.1840287446975708
2025-05-02,XLV,XGBOOST_H3_NO_SENT,0.24704226177068372,0.17551060020923615
2025-05-05,XLV,XGBOOST_H3_NO_SENT,0.24753147075793605,0.18670976161956787
2025-05-06,XLV,XGBOOST_H3_NO_SENT,0.22770563233120275,0.2012006938457489
2025-05-07,XLV,XGBOOST_H3_NO_SENT,0.22572983135574887,0.19239197671413422
2025-05-08,XLV,XGBOOST_H3_NO_SENT,0.2263777599018148,0.19230985641479492
2025-05-09,XLV,XGBOOST_H3_NO_SENT,0.2227529600732018,0.19394715130329132
2025-05-12,XLV,XGBOOST_H3_NO_SENT,0.20854881542403975,0.188625767827034
2025-05-13,XLV,XGBOOST_H3_NO_SENT,0.17483546845286663,0.18103399872779846
2025-05-14,XLV,XGBOOST_H3_NO_SENT,0.14828819576623736,0.1855962872505188
2025-05-15,XLV,XGBOOST_H3_NO_SENT,0.1459317946519636,0.18700401484966278
2025-05-16,XLV,XGBOOST_H3_NO_SENT,0.13071906484142193,0.19245731830596924
2025-05-19,XLV,XGBOOST_H3_NO_SENT,0.14060047134043105,0.18813729286193848
2025-05-20,XLV,XGBOOST_H3_NO_SENT,0.14028303151403262,0.18893183767795563
2025-05-21,XLV,XGBOOST_H3_NO_SENT,0.11288013497267213,0.1918407380580902
2025-05-22,XLV,XGBOOST_H3_NO_SENT,0.1086173459559618,0.1852785050868988
2025-05-23,XLV,XGBOOST_H3_NO_SENT,0.1153018628800612,0.18200576305389404
2025-05-27,XLV,XGBOOST_H3_NO_SENT,0.10570371712336465,0.18400360643863678
2025-05-28,XLV,XGBOOST_H3_NO_SENT,0.10334215744070167,0.18773044645786285
2025-05-29,XLV,XGBOOST_H3_NO_SENT,0.10196663294092989,0.1869412660598755
2025-05-30,XLV,XGBOOST_H3_NO_SENT,0.10380283575680266,0.1940549910068512
2025-06-02,XLV,XGBOOST_H3_NO_SENT,0.11369969603512355,0.18729057908058167
2025-06-03,XLV,XGBOOST_H3_NO_SENT,0.12091734422108845,0.1859516203403473
2025-06-04,XLV,XGBOOST_H3_NO_SENT,0.12087604179641431,0.17783373594284058
2025-06-05,XLV,XGBOOST_H3_NO_SENT,0.12529890772190513,0.18472349643707275
2025-06-06,XLV,XGBOOST_H3_NO_SENT,0.12187120636891528,0.17824845016002655
2025-06-09,XLV,XGBOOST_H3_NO_SENT,0.12215517324763601,0.17765578627586365
2025-06-10,XLV,XGBOOST_H3_NO_SENT,0.11745088338183138,0.17400923371315002
2025-06-11,XLV,XGBOOST_H3_NO_SENT,0.12152925326756354,0.1799028515815735
2025-06-12,XLV,XGBOOST_H3_NO_SENT,0.11806676519612046,0.1766640543937683
2025-06-13,XLV,XGBOOST_H3_NO_SENT,0.13313004204579912,0.16732534766197205
2025-06-16,XLV,XGBOOST_H3_NO_SENT,0.14109529621852396,0.17674283683300018
2025-06-17,XLV,XGBOOST_H3_NO_SENT,0.13416467418201714,0.1719251573085785
2025-06-18,XLV,XGBOOST_H3_NO_SENT,0.13610984572415502,0.17438508570194244
2025-06-20,XLV,XGBOOST_H3_NO_SENT,0.13653819990568147,0.17761579155921936
2025-06-23,XLV,XGBOOST_H3_NO_SENT,0.15193851500008768,0.17297154664993286
2025-06-24,XLV,XGBOOST_H3_NO_SENT,0.1625843998992437,0.17174236476421356
2025-06-25,XLV,XGBOOST_H3_NO_SENT,0.16342838507773447,0.17117531597614288
2025-06-26,XLV,XGBOOST_H3_NO_SENT,0.16415134208439475,0.17302098870277405
2025-06-27,XLV,XGBOOST_H3_NO_SENT,0.16738581780145,0.17562398314476013
2025-06-30,XLV,XGBOOST_H3_NO_SENT,0.16756175584616229,0.1685911864042282
2025-07-01,XLV,XGBOOST_H3_NO_SENT,0.15887465067895248,0.17047958076000214
2025-07-02,XLV,XGBOOST_H3_NO_SENT,0.18429403431348665,0.17304964363574982
2025-07-03,XLV,XGBOOST_H3_NO_SENT,0.18582322826986036,0.17496518790721893
2025-07-07,XLV,XGBOOST_H3_NO_SENT,0.19213573915137067,0.17211216688156128
2025-07-08,XLV,XGBOOST_H3_NO_SENT,0.19152322334541635,0.1726686805486679
2025-07-09,XLV,XGBOOST_H3_NO_SENT,0.19702431527252795,0.1675536036491394
2025-07-10,XLV,XGBOOST_H3_NO_SENT,0.19751403594637476,0.13675853610038757
2025-07-11,XLV,XGBOOST_H3_NO_SENT,0.20049555949079234,0.14266397058963776
2025-07-14,XLV,XGBOOST_H3_NO_SENT,0.20074778886148262,0.1342509537935257
2025-07-15,XLV,XGBOOST_H3_NO_SENT,0.19319759033455045,0.13254381716251373
2025-07-16,XLV,XGBOOST_H3_NO_SENT,0.19668091968449194,0.1366639882326126
2025-07-17,XLV,XGBOOST_H3_NO_SENT,0.19300558108344054,0.13367943465709686
2025-07-18,XLV,XGBOOST_H3_NO_SENT,0.19923877091683598,0.13340483605861664
2025-07-21,XLV,XGBOOST_H3_NO_SENT,0.19795287138104423,0.12846818566322327
2025-07-22,XLV,XGBOOST_H3_NO_SENT,0.1889268193035041,0.13211822509765625
2025-07-23,XLV,XGBOOST_H3_NO_SENT,0.17587718361224045,0.12395955622196198
2025-07-24,XLV,XGBOOST_H3_NO_SENT,0.1757566065795367,0.12755990028381348
2025-07-25,XLV,XGBOOST_H3_NO_SENT,0.1771204889356501,0.1287655085325241
2025-07-28,XLV,XGBOOST_H3_NO_SENT,0.1820995327974458,0.14024464786052704
2025-07-29,XLV,XGBOOST_H3_NO_SENT,0.18143032243208881,0.14410975575447083
2025-07-30,XLV,XGBOOST_H3_NO_SENT,0.18123846741654423,0.13900059461593628
2025-07-31,XLV,XGBOOST_H3_NO_SENT,0.1458736727193793,0.13687032461166382
2025-08-01,XLV,XGBOOST_H3_NO_SENT,0.14658668935214844,0.1668488085269928
2025-08-04,XLV,XGBOOST_H3_NO_SENT,0.1397208281975565,0.1601288765668869
2025-08-05,XLV,XGBOOST_H3_NO_SENT,0.14022510935234486,0.15557853877544403
2025-08-06,XLV,XGBOOST_H3_NO_SENT,0.1255273941378414,0.1650775521993637
2025-08-07,XLV,XGBOOST_H3_NO_SENT,0.11386195977753938,0.16844217479228973
2025-08-08,XLV,XGBOOST_H3_NO_SENT,0.11261229549652746,0.16117486357688904
2025-08-11,XLV,XGBOOST_H3_NO_SENT,0.11271327602217526,0.16346974670886993
2025-08-12,XLV,XGBOOST_H3_NO_SENT,0.11968254097165965,0.1402706503868103
2025-08-13,XLV,XGBOOST_H3_NO_SENT,0.12183117516309326,0.14155539870262146
2025-08-14,XLV,XGBOOST_H3_NO_SENT,0.13094150260271714,0.14350289106369019
2025-08-15,XLV,XGBOOST_H3_NO_SENT,0.12264315352770809,0.13429135084152222
2025-08-18,XLV,XGBOOST_H3_NO_SENT,0.12226142900906369,0.13403289020061493
2025-08-19,XLV,XGBOOST_H3_NO_SENT,0.12037803688038608,0.13299305737018585
2025-08-20,XLV,XGBOOST_H3_NO_SENT,0.1190072302042908,0.1387542188167572
2025-08-21,XLV,XGBOOST_H3_NO_SENT,0.1184667832517412,0.14998939633369446
2025-08-22,XLV,XGBOOST_H3_NO_SENT,0.11451527202864413,0.15109319984912872
2025-08-25,XLV,XGBOOST_H3_NO_SENT,0.10202914887935635,0.15520568192005157
2025-08-26,XLV,XGBOOST_H3_NO_SENT,0.10088316687535226,0.1504199355840683
2025-08-27,XLV,XGBOOST_H3_NO_SENT,0.11703723172121183,0.1540020853281021
2025-08-28,XLV,XGBOOST_H3_NO_SENT,0.1226176749701834,0.14866362512111664
2025-08-29,XLV,XGBOOST_H3_NO_SENT,0.12007162907867477,0.1383170336484909
2025-09-02,XLV,XGBOOST_H3_NO_SENT,0.1475082951382825,0.14647254347801208
2025-09-03,XLV,XGBOOST_H3_NO_SENT,0.179351130587036,0.1415741741657257
2025-09-04,XLV,XGBOOST_H3_NO_SENT,0.17998972819753187,0.1395111382007599
2025-09-05,XLV,XGBOOST_H3_NO_SENT,0.18281488301334325,0.13038747012615204
2025-09-08,XLV,XGBOOST_H3_NO_SENT,0.18448804445686776,0.12264155596494675
2025-09-09,XLV,XGBOOST_H3_NO_SENT,0.18424996065152144,0.12302760779857635
2025-09-10,XLV,XGBOOST_H3_NO_SENT,0.17932506308320298,0.12402188032865524
2025-09-11,XLV,XGBOOST_H3_NO_SENT,0.17162992194482338,0.12079109251499176
2025-09-12,XLV,XGBOOST_H3_NO_SENT,0.17495838563837995,0.12308375537395477
2025-09-15,XLV,XGBOOST_H3_NO_SENT,0.17113293338938515,0.12676221132278442
2025-09-16,XLV,XGBOOST_H3_NO_SENT,0.17097866424127448,0.13367894291877747
2025-09-17,XLV,XGBOOST_H3_NO_SENT,0.17099179275182452,0.13598571717739105
2025-09-18,XLV,XGBOOST_H3_NO_SENT,0.17153250215832744,0.13789470493793488
2025-09-19,XLV,XGBOOST_H3_NO_SENT,0.17184653642696285,0.14241862297058105
2025-09-22,XLV,XGBOOST_H3_NO_SENT,0.17393498241070932,0.14673949778079987
2025-09-23,XLV,XGBOOST_H3_NO_SENT,0.17393138149774304,0.14039920270442963
2025-09-24,XLV,XGBOOST_H3_NO_SENT,0.17221063961125083,0.14328639209270477
2025-09-25,XLV,XGBOOST_H3_NO_SENT,0.1555890986897049,0.14172974228858948
2025-09-26,XLV,XGBOOST_H3_NO_SENT,0.15467151671184814,0.1418159008026123
2025-09-29,XLV,XGBOOST_H3_NO_SENT,0.154729638682113,0.14268237352371216
2025-09-30,XLV,XGBOOST_H3_NO_SENT,0.1390376075091438,0.1366947591304779
2025-10-01,XLV,XGBOOST_H3_NO_SENT,0.09849968824767491,0.12329494953155518
2025-10-02,XLV,XGBOOST_H3_NO_SENT,0.09841621868279776,0.12099185585975647
2025-10-03,XLV,XGBOOST_H3_NO_SENT,0.08953905547416495,0.11922957748174667
2025-10-06,XLV,XGBOOST_H3_NO_SENT,0.08796682502126228,0.12371034920215607
2025-10-07,XLV,XGBOOST_H3_NO_SENT,0.08931570970873465,0.1225152313709259
2025-10-08,XLV,XGBOOST_H3_NO_SENT,0.09003619706113841,0.12985873222351074
2025-10-09,XLV,XGBOOST_H3_NO_SENT,0.08964044484827892,0.1687869429588318
2025-10-10,XLV,XGBOOST_H3_NO_SENT,0.06955509224462378,0.1742788553237915
2025-10-14,XLV,XGBOOST_H3_NO_SENT,0.10391877422029261,0.16793906688690186
2025-10-15,XLV,XGBOOST_H3_NO_SENT,0.11114076848314483,0.18544664978981018
2025-10-16,XLV,XGBOOST_H3_NO_SENT,0.11050037843502367,0.18277299404144287
2025-10-17,XLV,XGBOOST_H3_NO_SENT,0.1147808418754687,0.1796843707561493
2025-10-20,XLV,XGBOOST_H3_NO_SENT,0.11179916267513072,0.18188759684562683
2025-10-21,XLV,XGBOOST_H3_NO_SENT,0.11249498594939338,0.2136295884847641
2025-10-22,XLV,XGBOOST_H3_NO_SENT,0.11277614345039642,0.23615574836730957
2025-10-23,XLV,XGBOOST_H3_NO_SENT,0.11633052419990259,0.24573944509029388
2025-10-24,XLV,XGBOOST_H3_NO_SENT,0.13417857149839565,0.24501490592956543
2025-10-27,XLV,XGBOOST_H3_NO_SENT,0.13424489968659395,0.2426820546388626
2025-10-28,XLV,XGBOOST_H3_NO_SENT,0.14607118980744574,0.3968929946422577
2025-10-29,XLV,XGBOOST_H3_NO_SENT,0.13808287647813577,0.19854387640953064
2025-10-30,XLV,XGBOOST_H3_NO_SENT,0.1420636532165867,0.380859375
2025-10-31,XLV,XGBOOST_H3_NO_SENT,0.1574269119330177,0.21130146086215973
2025-11-03,XLV,XGBOOST_H3_NO_SENT,0.16100663049173689,0.1947277933359146
2025-11-04,XLV,XGBOOST_H3_NO_SENT,0.1610234879346335,0.19511060416698456
2025-11-05,XLV,XGBOOST_H3_NO_SENT,0.16562517985477512,0.19552625715732574
2025-11-06,XLV,XGBOOST_H3_NO_SENT,0.1674300790261167,0.18723377585411072
2025-11-07,XLV,XGBOOST_H3_NO_SENT,0.1751333010227612,0.1923891007900238
2025-11-10,XLV,XGBOOST_H3_NO_SENT,0.17820134750848138,0.17799435555934906
2025-11-12,XLV,XGBOOST_H3_NO_SENT,0.16232221668279032,0.17029762268066406
2025-11-13,XLV,XGBOOST_H3_NO_SENT,0.16260760874243144,0.1806006282567978
2025-11-14,XLV,XGBOOST_H3_NO_SENT,0.16673854830138043,0.17985780537128448
2025-11-17,XLV,XGBOOST_H3_NO_SENT,0.17439988570042952,0.18156155943870544
2025-11-18,XLV,XGBOOST_H3_NO_SENT,0.17356275378632122,0.19119110703468323
2025-11-19,XLV,XGBOOST_H3_NO_SENT,0.1733886039433133,0.18530957400798798
2025-11-20,XLV,XGBOOST_H3_NO_SENT,0.17291005133361806,0.3383122384548187
2025-11-21,XLV,XGBOOST_H3_NO_SENT,0.15813119636103193,0.32988491654396057
2025-11-24,XLV,XGBOOST_H3_NO_SENT,0.15770555547060927,0.3171754777431488
2025-11-25,XLV,XGBOOST_H3_NO_SENT,0.1358859906034499,0.29905080795288086
2025-11-26,XLV,XGBOOST_H3_NO_SENT,0.13601038972580226,0.17968931794166565
2025-11-28,XLV,XGBOOST_H3_NO_SENT,0.13511426014454989,0.29710835218429565
2025-12-01,XLV,XGBOOST_H3_NO_SENT,0.12350987668986955,0.1836158186197281
2025-12-02,XLV,XGBOOST_H3_NO_SENT,0.12328507834222761,0.31855833530426025
2025-12-03,XLV,XGBOOST_H3_NO_SENT,0.12324950669675606,0.2870715856552124
2025-12-04,XLV,XGBOOST_H3_NO_SENT,0.1203376587618188,0.29359450936317444
2025-12-05,XLV,XGBOOST_H3_NO_SENT,0.13619424872747457,0.30753010511398315
2025-12-08,XLV,XGBOOST_H3_NO_SENT,0.12879406787874642,0.30784204602241516
2025-12-09,XLV,XGBOOST_H3_NO_SENT,0.12871322335696786,0.31138384342193604
2025-12-10,XLV,XGBOOST_H3_NO_SENT,0.12403946321033618,0.3101206123828888
2025-12-11,XLV,XGBOOST_H3_NO_SENT,0.12085670011072591,0.3157874643802643
2025-12-12,XLV,XGBOOST_H3_NO_SENT,0.12221658394510031,0.3199787735939026
2025-12-15,XLV,XGBOOST_H3_NO_SENT,0.11602601081428464,0.3178079128265381
2025-12-16,XLV,XGBOOST_H3_NO_SENT,0.10693852101474013,0.31585219502449036
2025-12-17,XLV,XGBOOST_H3_NO_SENT,0.11116201762832013,0.34828463196754456
2025-12-18,XLV,XGBOOST_H3_NO_SENT,0.11168133852310215,0.3473244309425354
2025-12-19,XLV,XGBOOST_H3_NO_SENT,0.12645959142262822,0.31003549695014954
2025-12-22,XLV,XGBOOST_H3_NO_SENT,0.12493342041933207,0.29604363441467285
2025-12-23,XLV,XGBOOST_H3_NO_SENT,0.12640099161364757,0.2676246762275696
2025-12-24,XLV,XGBOOST_H3_NO_SENT,0.1258874827447416,0.2663843631744385
2025-12-26,XLV,XGBOOST_H3_NO_SENT,0.14048442569510602,0.28221696615219116
2025-12-29,XLV,XGBOOST_H3_NO_SENT,0.14272632977761968,0.31240415573120117
2025-12-30,XLV,XGBOOST_H3_NO_SENT,0.14304536384551908,0.4075625538825989
2025-12-31,XLV,XGBOOST_H3_NO_SENT,0.1435379036077015,0.3442491590976715
2024-10-16,TLT,XGBOOST_H3_NO_SENT,0.17861390090558002,0.12016058713197708
2024-10-17,TLT,XGBOOST_H3_NO_SENT,0.17398026457428142,0.12163538485765457
2024-10-18,TLT,XGBOOST_H3_NO_SENT,0.17375950053562741,0.12190990149974823
2024-10-21,TLT,XGBOOST_H3_NO_SENT,0.1638232126093334,0.12373510003089905
2024-10-22,TLT,XGBOOST_H3_NO_SENT,0.16509898128868564,0.1281472146511078
2024-10-23,TLT,XGBOOST_H3_NO_SENT,0.16518688110384674,0.12185732275247574
2024-10-24,TLT,XGBOOST_H3_NO_SENT,0.16302958631183168,0.13122576475143433
2024-10-25,TLT,XGBOOST_H3_NO_SENT,0.16222683968353255,0.13290438055992126
2024-10-28,TLT,XGBOOST_H3_NO_SENT,0.1869386064624024,0.13129356503486633
2024-10-29,TLT,XGBOOST_H3_NO_SENT,0.18757944252249517,0.13455334305763245
2024-10-30,TLT,XGBOOST_H3_NO_SENT,0.18883024302284587,0.14226162433624268
2024-10-31,TLT,XGBOOST_H3_NO_SENT,0.1919486963157775,0.12756118178367615
2024-11-01,TLT,XGBOOST_H3_NO_SENT,0.18338754345755004,0.13736316561698914
2024-11-04,TLT,XGBOOST_H3_NO_SENT,0.17959522664144958,0.14290012419223785
2024-11-05,TLT,XGBOOST_H3_NO_SENT,0.18245798143368105,0.13364651799201965
2024-11-06,TLT,XGBOOST_H3_NO_SENT,0.14775871392900153,0.12184310704469681
2024-11-07,TLT,XGBOOST_H3_NO_SENT,0.14288279395761902,0.11661550402641296
2024-11-08,TLT,XGBOOST_H3_NO_SENT,0.1420544754257162,0.11970222741365433
2024-11-12,TLT,XGBOOST_H3_NO_SENT,0.13489098882748393,0.11696077138185501
2024-11-13,TLT,XGBOOST_H3_NO_SENT,0.1379836205355016,0.12073495984077454
2024-11-14,TLT,XGBOOST_H3_NO_SENT,0.14212176916201047,0.12586836516857147
2024-11-15,TLT,XGBOOST_H3_NO_SENT,0.1420925097522335,0.13012243807315826
2024-11-18,TLT,XGBOOST_H3_NO_SENT,0.14219802385860866,0.1330338418483734
2024-11-19,TLT,XGBOOST_H3_NO_SENT,0.1481729650335446,0.13540679216384888
2024-11-20,TLT,XGBOOST_H3_NO_SENT,0.1570156164155049,0.14748157560825348
2024-11-21,TLT,XGBOOST_H3_NO_SENT,0.1588483644601717,0.14898298680782318
2024-11-22,TLT,XGBOOST_H3_NO_SENT,0.16153119959478998,0.14992478489875793
2024-11-25,TLT,XGBOOST_H3_NO_SENT,0.12903832660590372,0.1458471715450287
2024-11-26,TLT,XGBOOST_H3_NO_SENT,0.12904242453627454,0.14868901669979095
2024-11-27,TLT,XGBOOST_H3_NO_SENT,0.12609449792000285,0.14971071481704712
2024-11-29,TLT,XGBOOST_H3_NO_SENT,0.12317749996774521,0.15582801401615143
2024-12-02,TLT,XGBOOST_H3_NO_SENT,0.12171448070980735,0.15862803161144257
2024-12-03,TLT,XGBOOST_H3_NO_SENT,0.12192628896120072,0.15423418581485748
2024-12-04,TLT,XGBOOST_H3_NO_SENT,0.11095061709449823,0.15621402859687805
2024-12-05,TLT,XGBOOST_H3_NO_SENT,0.10901313272978538,0.15223634243011475
2024-12-06,TLT,XGBOOST_H3_NO_SENT,0.11016518158940668,0.1505802869796753
2024-12-09,TLT,XGBOOST_H3_NO_SENT,0.11048593187494005,0.14523860812187195
2024-12-10,TLT,XGBOOST_H3_NO_SENT,0.11086868319705905,0.1409292072057724
2024-12-11,TLT,XGBOOST_H3_NO_SENT,0.10968320367063662,0.14465977251529694
2024-12-12,TLT,XGBOOST_H3_NO_SENT,0.10500743323652936,0.15068510174751282
2024-12-13,TLT,XGBOOST_H3_NO_SENT,0.12348461689434087,0.14408326148986816
2024-12-16,TLT,XGBOOST_H3_NO_SENT,0.12360447345243834,0.1423170566558838
2024-12-17,TLT,XGBOOST_H3_NO_SENT,0.12331490757311726,0.14437055587768555
2024-12-18,TLT,XGBOOST_H3_NO_SENT,0.1218514312190003,0.1238601803779602
2024-12-19,TLT,XGBOOST_H3_NO_SENT,0.11062016015241682,0.12333428859710693
2024-12-20,TLT,XGBOOST_H3_NO_SENT,0.11151092334815067,0.12443690747022629
2024-12-23,TLT,XGBOOST_H3_NO_SENT,0.10843218445913856,0.1271190494298935
2024-12-24,TLT,XGBOOST_H3_NO_SENT,0.11551559436049758,0.13044071197509766
2024-12-26,TLT,XGBOOST_H3_NO_SENT,0.11552627197677211,0.1286211609840393
2024-12-27,TLT,XGBOOST_H3_NO_SENT,0.11154780522590095,0.12888573110103607
2024-12-30,TLT,XGBOOST_H3_NO_SENT,0.10874555466345039,0.13500115275382996
2024-12-31,TLT,XGBOOST_H3_NO_SENT,0.10967203367710672,0.13687366247177124
2025-01-02,TLT,XGBOOST_H3_NO_SENT,0.11289894801664345,0.14151565730571747
2025-01-03,TLT,XGBOOST_H3_NO_SENT,0.1123514465588206,0.14574351906776428
2025-01-06,TLT,XGBOOST_H3_NO_SENT,0.12315721416579592,0.14759869873523712
2025-01-07,TLT,XGBOOST_H3_NO_SENT,0.11333699846081767,0.14664211869239807
2025-01-08,TLT,XGBOOST_H3_NO_SENT,0.11762953528277664,0.14658252894878387
2025-01-10,TLT,XGBOOST_H3_NO_SENT,0.11475654369393642,0.16059869527816772
2025-01-13,TLT,XGBOOST_H3_NO_SENT,0.11851653095041956,0.16118019819259644
2025-01-14,TLT,XGBOOST_H3_NO_SENT,0.13037524763540992,0.1592407524585724
2025-01-15,TLT,XGBOOST_H3_NO_SENT,0.1294218139257575,0.14552165567874908
2025-01-16,TLT,XGBOOST_H3_NO_SENT,0.13004002545930857,0.14211708307266235
2025-01-17,TLT,XGBOOST_H3_NO_SENT,0.13822441516427544,0.13291046023368835
2025-01-21,TLT,XGBOOST_H3_NO_SENT,0.134823402738461,0.13561536371707916
2025-01-22,TLT,XGBOOST_H3_NO_SENT,0.1336766582852163,0.13708871603012085
2025-01-23,TLT,XGBOOST_H3_NO_SENT,0.13533206948321247,0.13313448429107666
2025-01-24,TLT,XGBOOST_H3_NO_SENT,0.13502505113997743,0.12926752865314484
2025-01-27,TLT,XGBOOST_H3_NO_SENT,0.14150941749480106,0.12989848852157593
2025-01-28,TLT,XGBOOST_H3_NO_SENT,0.1418155781802046,0.12979263067245483
2025-01-29,TLT,XGBOOST_H3_NO_SENT,0.1449518134583731,0.1317620575428009
2025-01-30,TLT,XGBOOST_H3_NO_SENT,0.14932116309574892,0.1336272656917572
2025-01-31,TLT,XGBOOST_H3_NO_SENT,0.1455918054385977,0.12714645266532898
2025-02-03,TLT,XGBOOST_H3_NO_SENT,0.1539992474327411,0.12949444353580475
2025-02-04,TLT,XGBOOST_H3_NO_SENT,0.15793601282359623,0.13830964267253876
2025-02-05,TLT,XGBOOST_H3_NO_SENT,0.148390320539641,0.13327158987522125
2025-02-06,TLT,XGBOOST_H3_NO_SENT,0.14893356558291646,0.13796164095401764
2025-02-07,TLT,XGBOOST_H3_NO_SENT,0.15076497538740607,0.13953687250614166
2025-02-10,TLT,XGBOOST_H3_NO_SENT,0.15298189214245822,0.16215911507606506
2025-02-11,TLT,XGBOOST_H3_NO_SENT,0.1527125121203732,0.16714520752429962
2025-02-12,TLT,XGBOOST_H3_NO_SENT,0.14476809412637368,0.1749649941921234
2025-02-13,TLT,XGBOOST_H3_NO_SENT,0.13643441056716005,0.1768495738506317
2025-02-14,TLT,XGBOOST_H3_NO_SENT,0.13631024408841086,0.17053645849227905
2025-02-18,TLT,XGBOOST_H3_NO_SENT,0.12763360271366014,0.16655874252319336
2025-02-19,TLT,XGBOOST_H3_NO_SENT,0.1282403616509948,0.1676027774810791
2025-02-20,TLT,XGBOOST_H3_NO_SENT,0.12809394189896864,0.15817393362522125
2025-02-21,TLT,XGBOOST_H3_NO_SENT,0.12465062059372535,0.1668381243944168
2025-02-24,TLT,XGBOOST_H3_NO_SENT,0.13033226784953253,0.16932949423789978
2025-02-25,TLT,XGBOOST_H3_NO_SENT,0.11383418805986034,0.17801648378372192
2025-02-26,TLT,XGBOOST_H3_NO_SENT,0.11278417672669001,0.17900989949703217
2025-02-27,TLT,XGBOOST_H3_NO_SENT,0.11093954244874248,0.18631061911582947
2025-02-28,TLT,XGBOOST_H3_NO_SENT,0.11351947162903318,0.19006426632404327
2025-03-03,TLT,XGBOOST_H3_NO_SENT,0.11837318751129136,0.1955605000257492
2025-03-04,TLT,XGBOOST_H3_NO_SENT,0.11462011759238039,0.18504105508327484
2025-03-05,TLT,XGBOOST_H3_NO_SENT,0.11051629287898418,0.17926815152168274
2025-03-06,TLT,XGBOOST_H3_NO_SENT,0.11038102494679658,0.1912836879491806
2025-03-07,TLT,XGBOOST_H3_NO_SENT,0.11449166028604861,0.1922699213027954
2025-03-10,TLT,XGBOOST_H3_NO_SENT,0.1575586053231603,0.19749756157398224
2025-03-11,TLT,XGBOOST_H3_NO_SENT,0.1695587047938776,0.20372885465621948
2025-03-12,TLT,XGBOOST_H3_NO_SENT,0.17012328241587177,0.2022990584373474
2025-03-13,TLT,XGBOOST_H3_NO_SENT,0.19243878180696594,0.17444200813770294
2025-03-14,TLT,XGBOOST_H3_NO_SENT,0.19391173015353397,0.16885636746883392
2025-03-17,TLT,XGBOOST_H3_NO_SENT,0.19502619453413242,0.17039582133293152
2025-03-18,TLT,XGBOOST_H3_NO_SENT,0.1956768291727773,0.1675693690776825
2025-03-19,TLT,XGBOOST_H3_NO_SENT,0.19585921555524766,0.16901877522468567
2025-03-20,TLT,XGBOOST_H3_NO_SENT,0.19743324370338114,0.1686919927597046
2025-03-21,TLT,XGBOOST_H3_NO_SENT,0.2048361837845756,0.17017078399658203
2025-03-24,TLT,XGBOOST_H3_NO_SENT,0.20454200153776494,0.19802996516227722
2025-03-25,TLT,XGBOOST_H3_NO_SENT,0.20844871424570705,0.19581857323646545
2025-03-26,TLT,XGBOOST_H3_NO_SENT,0.21137752915427754,0.20488452911376953
2025-03-27,TLT,XGBOOST_H3_NO_SENT,0.21285165177148105,0.19862304627895355
2025-03-28,TLT,XGBOOST_H3_NO_SENT,0.20813839088637323,0.19262562692165375
2025-03-31,TLT,XGBOOST_H3_NO_SENT,0.20725938491908868,0.19593864679336548
2025-04-01,TLT,XGBOOST_H3_NO_SENT,0.20623985377565832,0.20111586153507233
2025-04-02,TLT,XGBOOST_H3_NO_SENT,0.2067070641130615,0.20236517488956451
2025-04-03,TLT,XGBOOST_H3_NO_SENT,0.20811707552429512,0.163485586643219
2025-04-04,TLT,XGBOOST_H3_NO_SENT,0.20266863210806269,0.24365848302841187
2025-04-07,TLT,XGBOOST_H3_NO_SENT,0.17510350029257055,0.26049280166625977
2025-04-08,TLT,XGBOOST_H3_NO_SENT,0.1627361792931484,0.24805626273155212
2025-04-09,TLT,XGBOOST_H3_NO_SENT,0.1657333777323118,0.2242158055305481
2025-04-10,TLT,XGBOOST_H3_NO_SENT,0.13145303348813758,0.24565929174423218
2025-04-11,TLT,XGBOOST_H3_NO_SENT,0.13460460532178178,0.23337748646736145
2025-04-14,TLT,XGBOOST_H3_NO_SENT,0.13239150440809228,0.22799542546272278
2025-04-15,TLT,XGBOOST_H3_NO_SENT,0.13295776569551215,0.2279716581106186
2025-04-16,TLT,XGBOOST_H3_NO_SENT,0.1355836409724821,0.22431059181690216
2025-04-17,TLT,XGBOOST_H3_NO_SENT,0.13297443931115133,0.2203979194164276
2025-04-21,TLT,XGBOOST_H3_NO_SENT,0.11717572821095817,0.1947868913412094
2025-04-22,TLT,XGBOOST_H3_NO_SENT,0.11822176824290577,0.19051627814769745
2025-04-23,TLT,XGBOOST_H3_NO_SENT,0.12606850524010493,0.1922300159931183
2025-04-24,TLT,XGBOOST_H3_NO_SENT,0.12055417500309766,0.19130125641822815
2025-04-25,TLT,XGBOOST_H3_NO_SENT,0.11630637070357946,0.19838003814220428
2025-04-28,TLT,XGBOOST_H3_NO_SENT,0.12641203799717018,0.21087680757045746
2025-04-29,TLT,XGBOOST_H3_NO_SENT,0.12060104387693434,0.2119733989238739
2025-04-30,TLT,XGBOOST_H3_NO_SENT,0.12561413038097158,0.21136611700057983
2025-05-01,TLT,XGBOOST_H3_NO_SENT,0.12544311834800173,0.20709973573684692
2025-05-02,TLT,XGBOOST_H3_NO_SENT,0.12401226499566041,0.20621690154075623
2025-05-05,TLT,XGBOOST_H3_NO_SENT,0.12299130937801594,0.20030854642391205
2025-05-06,TLT,XGBOOST_H3_NO_SENT,0.1367032257379677,0.21107880771160126
2025-05-07,TLT,XGBOOST_H3_NO_SENT,0.1356688259237306,0.21204231679439545
2025-05-08,TLT,XGBOOST_H3_NO_SENT,0.13742209002903005,0.2150001972913742
2025-05-09,TLT,XGBOOST_H3_NO_SENT,0.13733661132365302,0.2108910083770752
2025-05-12,TLT,XGBOOST_H3_NO_SENT,0.1349084456734377,0.19713036715984344
2025-05-13,TLT,XGBOOST_H3_NO_SENT,0.13443664202153208,0.19294966757297516
2025-05-14,TLT,XGBOOST_H3_NO_SENT,0.1377247032917779,0.1924290806055069
2025-05-15,TLT,XGBOOST_H3_NO_SENT,0.13994895239617142,0.19240933656692505
2025-05-16,TLT,XGBOOST_H3_NO_SENT,0.1444215826718701,0.18985578417778015
2025-05-19,TLT,XGBOOST_H3_NO_SENT,0.1505258383754104,0.19064179062843323
2025-05-20,TLT,XGBOOST_H3_NO_SENT,0.14780003409511897,0.18636994063854218
2025-05-21,TLT,XGBOOST_H3_NO_SENT,0.132010442700103,0.18683041632175446
2025-05-22,TLT,XGBOOST_H3_NO_SENT,0.13148551431778485,0.1843676120042801
2025-05-23,TLT,XGBOOST_H3_NO_SENT,0.13301911798054306,0.18556468188762665
2025-05-27,TLT,XGBOOST_H3_NO_SENT,0.1252126827500624,0.18147674202919006
2025-05-28,TLT,XGBOOST_H3_NO_SENT,0.12411785529243646,0.18883860111236572
2025-05-29,TLT,XGBOOST_H3_NO_SENT,0.12391402967886031,0.17929281294345856
2025-05-30,TLT,XGBOOST_H3_NO_SENT,0.1278790394903457,0.1916351318359375
2025-06-02,TLT,XGBOOST_H3_NO_SENT,0.12153053201492116,0.1726321578025818
2025-06-03,TLT,XGBOOST_H3_NO_SENT,0.12444379799526314,0.17021684348583221
2025-06-04,TLT,XGBOOST_H3_NO_SENT,0.11561807410891173,0.16753031313419342
2025-06-05,TLT,XGBOOST_H3_NO_SENT,0.1210482860247608,0.16727900505065918
2025-06-06,TLT,XGBOOST_H3_NO_SENT,0.11139658817840839,0.1673251986503601
2025-06-09,TLT,XGBOOST_H3_NO_SENT,0.11674049656429475,0.1676684021949768
2025-06-10,TLT,XGBOOST_H3_NO_SENT,0.11573913623218253,0.13853435218334198
2025-06-11,TLT,XGBOOST_H3_NO_SENT,0.12655206675243422,0.13995197415351868
2025-06-12,TLT,XGBOOST_H3_NO_SENT,0.1185912338675449,0.14683367311954498
2025-06-13,TLT,XGBOOST_H3_NO_SENT,0.11628461298473591,0.14465779066085815
2025-06-16,TLT,XGBOOST_H3_NO_SENT,0.11080768450580814,0.14456132054328918
2025-06-17,TLT,XGBOOST_H3_NO_SENT,0.10116968607645818,0.14619337022304535
2025-06-18,TLT,XGBOOST_H3_NO_SENT,0.10110855357875329,0.14758361876010895
2025-06-20,TLT,XGBOOST_H3_NO_SENT,0.10642758290155208,0.14642414450645447
2025-06-23,TLT,XGBOOST_H3_NO_SENT,0.10803856136231692,0.14563347399234772
2025-06-24,TLT,XGBOOST_H3_NO_SENT,0.10627458832423775,0.1440809816122055
2025-06-25,TLT,XGBOOST_H3_NO_SENT,0.10611354988426885,0.14077505469322205
2025-06-26,TLT,XGBOOST_H3_NO_SENT,0.10710398183835668,0.14610643684864044
2025-06-27,TLT,XGBOOST_H3_NO_SENT,0.10718441626695366,0.14832855761051178
2025-06-30,TLT,XGBOOST_H3_NO_SENT,0.11845248217459406,0.1497557908296585
2025-07-01,TLT,XGBOOST_H3_NO_SENT,0.11914427767108351,0.1330607384443283
2025-07-02,TLT,XGBOOST_H3_NO_SENT,0.11731445911996524,0.13463665544986725
2025-07-03,TLT,XGBOOST_H3_NO_SENT,0.12519645265358692,0.13883575797080994
2025-07-07,TLT,XGBOOST_H3_NO_SENT,0.11929560108769298,0.13806180655956268
2025-07-08,TLT,XGBOOST_H3_NO_SENT,0.11904948640607349,0.14480561017990112
2025-07-09,TLT,XGBOOST_H3_NO_SENT,0.11685777628717678,0.15317261219024658
2025-07-10,TLT,XGBOOST_H3_NO_SENT,0.11717052199292688,0.13677628338336945
2025-07-11,TLT,XGBOOST_H3_NO_SENT,0.10588987865991424,0.14129027724266052
2025-07-14,TLT,XGBOOST_H3_NO_SENT,0.10523088322408643,0.15950189530849457
2025-07-15,TLT,XGBOOST_H3_NO_SENT,0.10338553160667444,0.14779336750507355
2025-07-16,TLT,XGBOOST_H3_NO_SENT,0.10627326368726167,0.149920254945755
2025-07-17,TLT,XGBOOST_H3_NO_SENT,0.11095431363879141,0.1553003340959549
2025-07-18,TLT,XGBOOST_H3_NO_SENT,0.11492357310982675,0.15258724987506866
2025-07-21,TLT,XGBOOST_H3_NO_SENT,0.11159053543361978,0.14806483685970306
2025-07-22,TLT,XGBOOST_H3_NO_SENT,0.11142882934839521,0.16137009859085083
2025-07-23,TLT,XGBOOST_H3_NO_SENT,0.10943013686607429,0.16938503086566925
2025-07-24,TLT,XGBOOST_H3_NO_SENT,0.11095182672250863,0.16699887812137604
2025-07-25,TLT,XGBOOST_H3_NO_SENT,0.11178648598562851,0.17301835119724274
2025-07-28,TLT,XGBOOST_H3_NO_SENT,0.10947187374039989,0.1706344038248062
2025-07-29,TLT,XGBOOST_H3_NO_SENT,0.09168246119431753,0.1658068746328354
2025-07-30,TLT,XGBOOST_H3_NO_SENT,0.08985040684674922,0.16570132970809937
2025-07-31,TLT,XGBOOST_H3_NO_SENT,0.09276309430022898,0.16428832709789276
2025-08-01,TLT,XGBOOST_H3_NO_SENT,0.08088322877586131,0.15426060557365417
2025-08-04,TLT,XGBOOST_H3_NO_SENT,0.08321712759472359,0.15895873308181763
2025-08-05,TLT,XGBOOST_H3_NO_SENT,0.0926973305997521,0.1623161882162094
2025-08-06,TLT,XGBOOST_H3_NO_SENT,0.09531151583727873,0.16492421925067902
2025-08-07,TLT,XGBOOST_H3_NO_SENT,0.10936259486871194,0.15708298981189728
2025-08-08,TLT,XGBOOST_H3_NO_SENT,0.11620967127856237,0.159744530916214
2025-08-11,TLT,XGBOOST_H3_NO_SENT,0.11904942251698088,0.15813010931015015
2025-08-12,TLT,XGBOOST_H3_NO_SENT,0.11763474449892226,0.16534562408924103
2025-08-13,TLT,XGBOOST_H3_NO_SENT,0.11660831362400499,0.16585379838943481
2025-08-14,TLT,XGBOOST_H3_NO_SENT,0.11386450369346786,0.16517099738121033
2025-08-15,TLT,XGBOOST_H3_NO_SENT,0.10879033429582108,0.16481900215148926
2025-08-18,TLT,XGBOOST_H3_NO_SENT,0.10704361248331043,0.16685925424098969
2025-08-19,TLT,XGBOOST_H3_NO_SENT,0.10780748962310192,0.16759395599365234
2025-08-20,TLT,XGBOOST_H3_NO_SENT,0.11661425006455771,0.1652560532093048
2025-08-21,TLT,XGBOOST_H3_NO_SENT,0.1148501314127043,0.16432742774486542
2025-08-22,TLT,XGBOOST_H3_NO_SENT,0.11423219981207133,0.16361510753631592
2025-08-25,TLT,XGBOOST_H3_NO_SENT,0.1149954782243439,0.16520416736602783
2025-08-26,TLT,XGBOOST_H3_NO_SENT,0.11638168558590425,0.16675066947937012
2025-08-27,TLT,XGBOOST_H3_NO_SENT,0.11611002739012424,0.16782797873020172
2025-08-28,TLT,XGBOOST_H3_NO_SENT,0.11482672723779659,0.1693124622106552
2025-08-29,TLT,XGBOOST_H3_NO_SENT,0.11303635232368954,0.1593960076570511
2025-09-02,TLT,XGBOOST_H3_NO_SENT,0.10910634723167287,0.16422167420387268
2025-09-03,TLT,XGBOOST_H3_NO_SENT,0.10410664225532539,0.15982036292552948
2025-09-04,TLT,XGBOOST_H3_NO_SENT,0.10190492901106375,0.15958289802074432
2025-09-05,TLT,XGBOOST_H3_NO_SENT,0.08873925389000309,0.13702671229839325
2025-09-08,TLT,XGBOOST_H3_NO_SENT,0.08033174974646713,0.13812999427318573
2025-09-09,TLT,XGBOOST_H3_NO_SENT,0.08062970527883667,0.13661333918571472
2025-09-10,TLT,XGBOOST_H3_NO_SENT,0.07798387220810127,0.14052601158618927
2025-09-11,TLT,XGBOOST_H3_NO_SENT,0.07378448065185218,0.14048799872398376
2025-09-12,TLT,XGBOOST_H3_NO_SENT,0.09262526922167809,0.1393156200647354
2025-09-15,TLT,XGBOOST_H3_NO_SENT,0.09245280395891464,0.14253677427768707
2025-09-16,TLT,XGBOOST_H3_NO_SENT,0.09280034000402694,0.14408057928085327
2025-09-17,TLT,XGBOOST_H3_NO_SENT,0.09266015887652188,0.14565928280353546
2025-09-18,TLT,XGBOOST_H3_NO_SENT,0.08639696925403391,0.14101478457450867
2025-09-19,TLT,XGBOOST_H3_NO_SENT,0.08621911316188482,0.14217154681682587
2025-09-22,TLT,XGBOOST_H3_NO_SENT,0.08453990149055994,0.15280669927597046
2025-09-23,TLT,XGBOOST_H3_NO_SENT,0.08315972422001103,0.15454906225204468
2025-09-24,TLT,XGBOOST_H3_NO_SENT,0.08074257816109162,0.15503180027008057
2025-09-25,TLT,XGBOOST_H3_NO_SENT,0.08634274085069507,0.15435105562210083
2025-09-26,TLT,XGBOOST_H3_NO_SENT,0.08597297767804797,0.1583544909954071
2025-09-29,TLT,XGBOOST_H3_NO_SENT,0.08272976268344573,0.1604493111371994
2025-09-30,TLT,XGBOOST_H3_NO_SENT,0.0812631461177168,0.16057388484477997
2025-10-01,TLT,XGBOOST_H3_NO_SENT,0.09126196261185371,0.16365507245063782
2025-10-02,TLT,XGBOOST_H3_NO_SENT,0.09406913983918637,0.16168636083602905
2025-10-03,TLT,XGBOOST_H3_NO_SENT,0.09452361612399428,0.1461564004421234
2025-10-06,TLT,XGBOOST_H3_NO_SENT,0.08989401868924796,0.1481807827949524
2025-10-07,TLT,XGBOOST_H3_NO_SENT,0.08817511376700958,0.1543891429901123
2025-10-08,TLT,XGBOOST_H3_NO_SENT,0.09723989264227416,0.16040316224098206
2025-10-09,TLT,XGBOOST_H3_NO_SENT,0.10219125959340948,0.16367927193641663
2025-10-10,TLT,XGBOOST_H3_NO_SENT,0.0844043097007238,0.14181971549987793
2025-10-14,TLT,XGBOOST_H3_NO_SENT,0.08531202784102226,0.1490623503923416
2025-10-15,TLT,XGBOOST_H3_NO_SENT,0.0853149292777988,0.15363362431526184
2025-10-16,TLT,XGBOOST_H3_NO_SENT,0.08500900397523226,0.15645846724510193
2025-10-17,TLT,XGBOOST_H3_NO_SENT,0.08670365764151106,0.14965105056762695
2025-10-20,TLT,XGBOOST_H3_NO_SENT,0.08580589749711204,0.15217657387256622
2025-10-21,TLT,XGBOOST_H3_NO_SENT,0.08284213580253424,0.14988206326961517
2025-10-22,TLT,XGBOOST_H3_NO_SENT,0.08248815141695924,0.14554622769355774
2025-10-23,TLT,XGBOOST_H3_NO_SENT,0.08220845863060929,0.1504402905702591
2025-10-24,TLT,XGBOOST_H3_NO_SENT,0.08332728360928475,0.15024630725383759
2025-10-27,TLT,XGBOOST_H3_NO_SENT,0.08527447997965924,0.15017354488372803
2025-10-28,TLT,XGBOOST_H3_NO_SENT,0.08524317208721571,0.23632453382015228
2025-10-29,TLT,XGBOOST_H3_NO_SENT,0.07952583532619911,0.16243652999401093
2025-10-30,TLT,XGBOOST_H3_NO_SENT,0.07857358740506473,0.24645820260047913
2025-10-31,TLT,XGBOOST_H3_NO_SENT,0.08985038792884005,0.15518122911453247
2025-11-03,TLT,XGBOOST_H3_NO_SENT,0.08958380253122956,0.14182302355766296
2025-11-04,TLT,XGBOOST_H3_NO_SENT,0.0898299628528981,0.1346735656261444
2025-11-05,TLT,XGBOOST_H3_NO_SENT,0.08300882358330716,0.1376880258321762
2025-11-06,TLT,XGBOOST_H3_NO_SENT,0.077314126108801,0.1382279098033905
2025-11-07,TLT,XGBOOST_H3_NO_SENT,0.07770875370516808,0.13804547488689423
2025-11-10,TLT,XGBOOST_H3_NO_SENT,0.07795165867609392,0.13647449016571045
2025-11-12,TLT,XGBOOST_H3_NO_SENT,0.07679347078571336,0.13286244869232178
2025-11-13,TLT,XGBOOST_H3_NO_SENT,0.07876387046774773,0.13160192966461182
2025-11-14,TLT,XGBOOST_H3_NO_SENT,0.07690529003016697,0.13715390861034393
2025-11-17,TLT,XGBOOST_H3_NO_SENT,0.07923057127193017,0.13994553685188293
2025-11-18,TLT,XGBOOST_H3_NO_SENT,0.07924055287810201,0.15016864240169525
2025-11-19,TLT,XGBOOST_H3_NO_SENT,0.08119414283198001,0.14768527448177338
2025-11-20,TLT,XGBOOST_H3_NO_SENT,0.08058844236147202,0.20887461304664612
2025-11-21,TLT,XGBOOST_H3_NO_SENT,0.07961485249230736,0.20216615498065948
2025-11-24,TLT,XGBOOST_H3_NO_SENT,0.07643682422877776,0.20047809183597565
2025-11-25,TLT,XGBOOST_H3_NO_SENT,0.07954990485340828,0.1915474385023117
2025-11-26,TLT,XGBOOST_H3_NO_SENT,0.07743333751968588,0.14350779354572296
2025-11-28,TLT,XGBOOST_H3_NO_SENT,0.07821654061702327,0.18376120924949646
2025-12-01,TLT,XGBOOST_H3_NO_SENT,0.06531976523570449,0.14032912254333496
2025-12-02,TLT,XGBOOST_H3_NO_SENT,0.07066350701451925,0.18249547481536865
2025-12-03,TLT,XGBOOST_H3_NO_SENT,0.06943280888415293,0.1673242598772049
2025-12-04,TLT,XGBOOST_H3_NO_SENT,0.07033986729520791,0.19624345004558563
2025-12-05,TLT,XGBOOST_H3_NO_SENT,0.06887927641144088,0.21458762884140015
2025-12-08,TLT,XGBOOST_H3_NO_SENT,0.07121233389222868,0.21041731536388397
2025-12-09,TLT,XGBOOST_H3_NO_SENT,0.07342224114720587,0.20487049221992493
2025-12-10,TLT,XGBOOST_H3_NO_SENT,0.07603282183373411,0.21144965291023254
2025-12-11,TLT,XGBOOST_H3_NO_SENT,0.07661699602153281,0.21467992663383484
2025-12-12,TLT,XGBOOST_H3_NO_SENT,0.06789256576380386,0.22333888709545135
2025-12-15,TLT,XGBOOST_H3_NO_SENT,0.07047841128102127,0.227563738822937
2025-12-16,TLT,XGBOOST_H3_NO_SENT,0.06824885841962995,0.23026184737682343
2025-12-17,TLT,XGBOOST_H3_NO_SENT,0.0716433644158825,0.262713223695755
2025-12-18,TLT,XGBOOST_H3_NO_SENT,0.08375521680134919,0.25252875685691833
2025-12-19,TLT,XGBOOST_H3_NO_SENT,0.08786042054124468,0.22099870443344116
2025-12-22,TLT,XGBOOST_H3_NO_SENT,0.08889642636410333,0.22187818586826324
2025-12-23,TLT,XGBOOST_H3_NO_SENT,0.08922518622107398,0.1916148066520691
2025-12-24,TLT,XGBOOST_H3_NO_SENT,0.0882372929233335,0.17325805127620697
2025-12-26,TLT,XGBOOST_H3_NO_SENT,0.0903716380675739,0.17459635436534882
2025-12-29,TLT,XGBOOST_H3_NO_SENT,0.08961254621717131,0.20006641745567322
2025-12-30,TLT,XGBOOST_H3_NO_SENT,0.08927223672256449,0.24805797636508942
2025-12-31,TLT,XGBOOST_H3_NO_SENT,0.08684989631646652,0.2630728483200073
2024-10-16,LQD,XGBOOST_H3_NO_SENT,0.09102607243996143,0.0681157335639
2024-10-17,LQD,XGBOOST_H3_NO_SENT,0.08821409159129986,0.06557587534189224
2024-10-18,LQD,XGBOOST_H3_NO_SENT,0.08837258687924203,0.06582289934158325
2024-10-21,LQD,XGBOOST_H3_NO_SENT,0.08167607884681607,0.06705396622419357
2024-10-22,LQD,XGBOOST_H3_NO_SENT,0.08214592721077547,0.06205781549215317
2024-10-23,LQD,XGBOOST_H3_NO_SENT,0.08171986073861982,0.060572195798158646
2024-10-24,LQD,XGBOOST_H3_NO_SENT,0.0808884357986164,0.06313452869653702
2024-10-25,LQD,XGBOOST_H3_NO_SENT,0.08067023560042985,0.06015517935156822
2024-10-28,LQD,XGBOOST_H3_NO_SENT,0.09219167476121534,0.06531643867492676
2024-10-29,LQD,XGBOOST_H3_NO_SENT,0.09273297860858598,0.06595917791128159
2024-10-30,LQD,XGBOOST_H3_NO_SENT,0.0933148038767745,0.0686461329460144
2024-10-31,LQD,XGBOOST_H3_NO_SENT,0.0949229475624122,0.06763382256031036
2024-11-01,LQD,XGBOOST_H3_NO_SENT,0.09188796281462022,0.06660334020853043
2024-11-04,LQD,XGBOOST_H3_NO_SENT,0.09037556605947464,0.06657964736223221
2024-11-05,LQD,XGBOOST_H3_NO_SENT,0.09040031114760454,0.06726699322462082
2024-11-06,LQD,XGBOOST_H3_NO_SENT,0.08036260789364094,0.06229536980390549
2024-11-07,LQD,XGBOOST_H3_NO_SENT,0.07025365494365018,0.05916806682944298
2024-11-08,LQD,XGBOOST_H3_NO_SENT,0.07038476231618378,0.059626635164022446
2024-11-12,LQD,XGBOOST_H3_NO_SENT,0.06194534108698799,0.061068158596754074
2024-11-13,LQD,XGBOOST_H3_NO_SENT,0.06409049041717887,0.06845934689044952
2024-11-14,LQD,XGBOOST_H3_NO_SENT,0.06780977498933516,0.06917265802621841
2024-11-15,LQD,XGBOOST_H3_NO_SENT,0.06788154080742936,0.06685628741979599
2024-11-18,LQD,XGBOOST_H3_NO_SENT,0.06768837448095599,0.06824623048305511
2024-11-19,LQD,XGBOOST_H3_NO_SENT,0.0811503882910881,0.06943661719560623
2024-11-20,LQD,XGBOOST_H3_NO_SENT,0.08285204109909863,0.07527793943881989
2024-11-21,LQD,XGBOOST_H3_NO_SENT,0.08428420054637709,0.075599804520607
2024-11-22,LQD,XGBOOST_H3_NO_SENT,0.08466334681370562,0.07625450193881989
2024-11-25,LQD,XGBOOST_H3_NO_SENT,0.07136985132301563,0.07581380009651184
2024-11-26,LQD,XGBOOST_H3_NO_SENT,0.07138329872034666,0.0762471854686737
2024-11-27,LQD,XGBOOST_H3_NO_SENT,0.07041540106194324,0.07882139831781387
2024-11-29,LQD,XGBOOST_H3_NO_SENT,0.06812124426522169,0.07993386685848236
2024-12-02,LQD,XGBOOST_H3_NO_SENT,0.06743660661538406,0.07904874533414841
2024-12-03,LQD,XGBOOST_H3_NO_SENT,0.06716447164048972,0.07904639095067978
2024-12-04,LQD,XGBOOST_H3_NO_SENT,0.06328938005246577,0.07887750118970871
2024-12-05,LQD,XGBOOST_H3_NO_SENT,0.06316427998465143,0.07070533186197281
2024-12-06,LQD,XGBOOST_H3_NO_SENT,0.06212050711812997,0.06829015165567398
2024-12-09,LQD,XGBOOST_H3_NO_SENT,0.06343208086379311,0.06843378394842148
2024-12-10,LQD,XGBOOST_H3_NO_SENT,0.064909006687137,0.06754345446825027
2024-12-11,LQD,XGBOOST_H3_NO_SENT,0.06492727608567356,0.06994149833917618
2024-12-12,LQD,XGBOOST_H3_NO_SENT,0.06444226502047933,0.07547878473997116
2024-12-13,LQD,XGBOOST_H3_NO_SENT,0.07887353561162014,0.07505209743976593
2024-12-16,LQD,XGBOOST_H3_NO_SENT,0.07915749772361787,0.0752658024430275
2024-12-17,LQD,XGBOOST_H3_NO_SENT,0.0793182702264805,0.07383095473051071
2024-12-18,LQD,XGBOOST_H3_NO_SENT,0.06952872178237769,0.06534532457590103
2024-12-19,LQD,XGBOOST_H3_NO_SENT,0.06757309642245522,0.06713543832302094
2024-12-20,LQD,XGBOOST_H3_NO_SENT,0.06634163422964512,0.06703425943851471
2024-12-23,LQD,XGBOOST_H3_NO_SENT,0.06579609831559088,0.06741365045309067
2024-12-24,LQD,XGBOOST_H3_NO_SENT,0.06928527706370678,0.06737170368432999
2024-12-26,LQD,XGBOOST_H3_NO_SENT,0.06953897799275936,0.06920914351940155
2024-12-27,LQD,XGBOOST_H3_NO_SENT,0.06778961031720063,0.06982755661010742
2024-12-30,LQD,XGBOOST_H3_NO_SENT,0.06660629100919023,0.07039256393909454
2024-12-31,LQD,XGBOOST_H3_NO_SENT,0.0670678033246374,0.07360159605741501
2025-01-02,LQD,XGBOOST_H3_NO_SENT,0.06721698460504745,0.07439226657152176
2025-01-03,LQD,XGBOOST_H3_NO_SENT,0.06665133514281306,0.07680672407150269
2025-01-06,LQD,XGBOOST_H3_NO_SENT,0.06923439390115885,0.07589142769575119
2025-01-07,LQD,XGBOOST_H3_NO_SENT,0.06688343121821354,0.07551050931215286
2025-01-08,LQD,XGBOOST_H3_NO_SENT,0.06968830948753202,0.07641182839870453
2025-01-10,LQD,XGBOOST_H3_NO_SENT,0.06517817323339677,0.08004537969827652
2025-01-13,LQD,XGBOOST_H3_NO_SENT,0.06470544567538646,0.0786638855934143
2025-01-14,LQD,XGBOOST_H3_NO_SENT,0.06887597433963626,0.07923419773578644
2025-01-15,LQD,XGBOOST_H3_NO_SENT,0.06121988733911578,0.07801009714603424
2025-01-16,LQD,XGBOOST_H3_NO_SENT,0.06212929514973258,0.07672183960676193
2025-01-17,LQD,XGBOOST_H3_NO_SENT,0.06448579601876754,0.07307451963424683
2025-01-21,LQD,XGBOOST_H3_NO_SENT,0.06143989243236691,0.07253081351518631
2025-01-22,LQD,XGBOOST_H3_NO_SENT,0.06047107413781703,0.07160504162311554
2025-01-23,LQD,XGBOOST_H3_NO_SENT,0.060875352945662514,0.0674024149775505
2025-01-24,LQD,XGBOOST_H3_NO_SENT,0.06107161033757607,0.06716171652078629
2025-01-27,LQD,XGBOOST_H3_NO_SENT,0.06208335796845129,0.06852248311042786
2025-01-28,LQD,XGBOOST_H3_NO_SENT,0.06163060040672808,0.06951859593391418
2025-01-29,LQD,XGBOOST_H3_NO_SENT,0.06391888331977244,0.07118120789527893
2025-01-30,LQD,XGBOOST_H3_NO_SENT,0.06496534331289568,0.07076842337846756
2025-01-31,LQD,XGBOOST_H3_NO_SENT,0.06335226836029749,0.06818294525146484
2025-02-03,LQD,XGBOOST_H3_NO_SENT,0.06542353936811861,0.07001642137765884
2025-02-04,LQD,XGBOOST_H3_NO_SENT,0.06706250482045763,0.07074640691280365
2025-02-05,LQD,XGBOOST_H3_NO_SENT,0.06433944512110074,0.06886971741914749
2025-02-06,LQD,XGBOOST_H3_NO_SENT,0.06422077030517384,0.07011807709932327
2025-02-07,LQD,XGBOOST_H3_NO_SENT,0.06258283745277494,0.06971140205860138
2025-02-10,LQD,XGBOOST_H3_NO_SENT,0.06771952177974774,0.07883134484291077
2025-02-11,LQD,XGBOOST_H3_NO_SENT,0.06814468764388423,0.07842542231082916
2025-02-12,LQD,XGBOOST_H3_NO_SENT,0.065255275932906,0.07935706526041031
2025-02-13,LQD,XGBOOST_H3_NO_SENT,0.05991435524556728,0.08229127526283264
2025-02-14,LQD,XGBOOST_H3_NO_SENT,0.058813776975057006,0.07920291274785995
2025-02-18,LQD,XGBOOST_H3_NO_SENT,0.05691763147162484,0.07820847630500793
2025-02-19,LQD,XGBOOST_H3_NO_SENT,0.05993023166846037,0.0786827802658081
2025-02-20,LQD,XGBOOST_H3_NO_SENT,0.06018209472153505,0.07337754964828491
2025-02-21,LQD,XGBOOST_H3_NO_SENT,0.059616257361667924,0.07662326842546463
2025-02-24,LQD,XGBOOST_H3_NO_SENT,0.061323090452454335,0.07651744037866592
2025-02-25,LQD,XGBOOST_H3_NO_SENT,0.05467420301873114,0.07718414813280106
2025-02-26,LQD,XGBOOST_H3_NO_SENT,0.055532097983920156,0.07981862127780914
2025-02-27,LQD,XGBOOST_H3_NO_SENT,0.05391638489370987,0.08570678532123566
2025-02-28,LQD,XGBOOST_H3_NO_SENT,0.05609264352445808,0.08268722891807556
2025-03-03,LQD,XGBOOST_H3_NO_SENT,0.055248480409394445,0.09733303636312485
2025-03-04,LQD,XGBOOST_H3_NO_SENT,0.05583177213463378,0.08910274505615234
2025-03-05,LQD,XGBOOST_H3_NO_SENT,0.055110436318841174,0.08815593272447586
2025-03-06,LQD,XGBOOST_H3_NO_SENT,0.05369209268211725,0.09325942397117615
2025-03-07,LQD,XGBOOST_H3_NO_SENT,0.05349305700421547,0.09008146077394485
2025-03-10,LQD,XGBOOST_H3_NO_SENT,0.08796986213940652,0.08913687616586685
2025-03-11,LQD,XGBOOST_H3_NO_SENT,0.09577311850663565,0.0946364775300026
2025-03-12,LQD,XGBOOST_H3_NO_SENT,0.11399662291664937,0.08997734636068344
2025-03-13,LQD,XGBOOST_H3_NO_SENT,0.12823461606138015,0.09824739396572113
2025-03-14,LQD,XGBOOST_H3_NO_SENT,0.1282561993434568,0.09756489098072052
2025-03-17,LQD,XGBOOST_H3_NO_SENT,0.1304026404158557,0.09443812817335129
2025-03-18,LQD,XGBOOST_H3_NO_SENT,0.13181056931597268,0.09706505388021469
2025-03-19,LQD,XGBOOST_H3_NO_SENT,0.13083041888417785,0.09627870470285416
2025-03-20,LQD,XGBOOST_H3_NO_SENT,0.130826381157618,0.0954878106713295
2025-03-21,LQD,XGBOOST_H3_NO_SENT,0.13558805906196175,0.09638464450836182
2025-03-24,LQD,XGBOOST_H3_NO_SENT,0.13570531532737548,0.09287706762552261
2025-03-25,LQD,XGBOOST_H3_NO_SENT,0.1368948320940716,0.093901626765728
2025-03-26,LQD,XGBOOST_H3_NO_SENT,0.1416244544406475,0.0992889478802681
2025-03-27,LQD,XGBOOST_H3_NO_SENT,0.14279990593689185,0.09791603684425354
2025-03-28,LQD,XGBOOST_H3_NO_SENT,0.14142401562083057,0.09790690988302231
2025-03-31,LQD,XGBOOST_H3_NO_SENT,0.1414950057627069,0.09872495383024216
2025-04-01,LQD,XGBOOST_H3_NO_SENT,0.14185556202324456,0.10114727914333344
2025-04-02,LQD,XGBOOST_H3_NO_SENT,0.1419382382440904,0.10374774038791656
2025-04-03,LQD,XGBOOST_H3_NO_SENT,0.1420685790094551,0.08119435608386993
2025-04-04,LQD,XGBOOST_H3_NO_SENT,0.1420833317927855,0.17259535193443298
2025-04-07,LQD,XGBOOST_H3_NO_SENT,0.12334385732572781,0.24730631709098816
2025-04-08,LQD,XGBOOST_H3_NO_SENT,0.11330064470072493,0.20512360334396362
2025-04-09,LQD,XGBOOST_H3_NO_SENT,0.09921802019055635,0.16765600442886353
2025-04-10,LQD,XGBOOST_H3_NO_SENT,0.07589092226072167,0.2135467231273651
2025-04-11,LQD,XGBOOST_H3_NO_SENT,0.07589053716096678,0.2629225254058838
2025-04-14,LQD,XGBOOST_H3_NO_SENT,0.07325243819588326,0.26199254393577576
2025-04-15,LQD,XGBOOST_H3_NO_SENT,0.0735703796917719,0.26417943835258484
2025-04-16,LQD,XGBOOST_H3_NO_SENT,0.07643232379028987,0.26275989413261414
2025-04-17,LQD,XGBOOST_H3_NO_SENT,0.07640403725525846,0.27158159017562866
2025-04-21,LQD,XGBOOST_H3_NO_SENT,0.06400803969737463,0.1290711909532547
2025-04-22,LQD,XGBOOST_H3_NO_SENT,0.06478712065167475,0.13037677109241486
2025-04-23,LQD,XGBOOST_H3_NO_SENT,0.075596092205653,0.13025137782096863
2025-04-24,LQD,XGBOOST_H3_NO_SENT,0.06816851907199449,0.10406849533319473
2025-04-25,LQD,XGBOOST_H3_NO_SENT,0.0649975533217145,0.10654255002737045
2025-04-28,LQD,XGBOOST_H3_NO_SENT,0.07281841384182826,0.11628156900405884
2025-04-29,LQD,XGBOOST_H3_NO_SENT,0.07254031152414817,0.11816869676113129
2025-04-30,LQD,XGBOOST_H3_NO_SENT,0.07279685181917718,0.11744733154773712
2025-05-01,LQD,XGBOOST_H3_NO_SENT,0.072282869282483,0.1186123639345169
2025-05-02,LQD,XGBOOST_H3_NO_SENT,0.07249883574159832,0.11740168184041977
2025-05-05,LQD,XGBOOST_H3_NO_SENT,0.07223332838011158,0.11982466280460358
2025-05-06,LQD,XGBOOST_H3_NO_SENT,0.07613523995676388,0.12146034091711044
2025-05-07,LQD,XGBOOST_H3_NO_SENT,0.07701568443630691,0.12017287313938141
2025-05-08,LQD,XGBOOST_H3_NO_SENT,0.07803414871703876,0.12346958369016647
2025-05-09,LQD,XGBOOST_H3_NO_SENT,0.0785538465852148,0.1179811954498291
2025-05-12,LQD,XGBOOST_H3_NO_SENT,0.07880587473170479,0.12696723639965057
2025-05-13,LQD,XGBOOST_H3_NO_SENT,0.07932361324289869,0.12306099385023117
2025-05-14,LQD,XGBOOST_H3_NO_SENT,0.07797359970880885,0.11833266168832779
2025-05-15,LQD,XGBOOST_H3_NO_SENT,0.07878781586077285,0.11989422887563705
2025-05-16,LQD,XGBOOST_H3_NO_SENT,0.07906576544124835,0.12325593084096909
2025-05-19,LQD,XGBOOST_H3_NO_SENT,0.07976990327934112,0.12021338939666748
2025-05-20,LQD,XGBOOST_H3_NO_SENT,0.07897082461475367,0.11996717005968094
2025-05-21,LQD,XGBOOST_H3_NO_SENT,0.06518425834774841,0.12009226530790329
2025-05-22,LQD,XGBOOST_H3_NO_SENT,0.06383692167804791,0.1179061233997345
2025-05-23,LQD,XGBOOST_H3_NO_SENT,0.06498151639839314,0.11842619627714157
2025-05-27,LQD,XGBOOST_H3_NO_SENT,0.0590041327880759,0.11150843650102615
2025-05-28,LQD,XGBOOST_H3_NO_SENT,0.058408121170390216,0.11460831761360168
2025-05-29,LQD,XGBOOST_H3_NO_SENT,0.057904845982202,0.10956211388111115
2025-05-30,LQD,XGBOOST_H3_NO_SENT,0.05979731895112056,0.11702624708414078
2025-06-02,LQD,XGBOOST_H3_NO_SENT,0.058026598512233,0.10885805636644363
2025-06-03,LQD,XGBOOST_H3_NO_SENT,0.05818593106465121,0.10824409127235413
2025-06-04,LQD,XGBOOST_H3_NO_SENT,0.05484408507175975,0.1054690033197403
2025-06-05,LQD,XGBOOST_H3_NO_SENT,0.058371836763349255,0.10691018402576447
2025-06-06,LQD,XGBOOST_H3_NO_SENT,0.054529565415711904,0.11009884625673294
2025-06-09,LQD,XGBOOST_H3_NO_SENT,0.05684051362784983,0.10585105419158936
2025-06-10,LQD,XGBOOST_H3_NO_SENT,0.056584307455190136,0.08940625190734863
2025-06-11,LQD,XGBOOST_H3_NO_SENT,0.06074622985818905,0.08870168775320053
2025-06-12,LQD,XGBOOST_H3_NO_SENT,0.057496806325126305,0.08870935440063477
2025-06-13,LQD,XGBOOST_H3_NO_SENT,0.054734385786254974,0.09195416420698166
2025-06-16,LQD,XGBOOST_H3_NO_SENT,0.05449080946903274,0.08389035612344742
2025-06-17,LQD,XGBOOST_H3_NO_SENT,0.05382454486478515,0.08741240203380585
2025-06-18,LQD,XGBOOST_H3_NO_SENT,0.05410441257117231,0.08840801566839218
2025-06-20,LQD,XGBOOST_H3_NO_SENT,0.05556051001174026,0.08297803997993469
2025-06-23,LQD,XGBOOST_H3_NO_SENT,0.05551034799403179,0.08406876772642136
2025-06-24,LQD,XGBOOST_H3_NO_SENT,0.05356181547584173,0.08158404380083084
2025-06-25,LQD,XGBOOST_H3_NO_SENT,0.05366177418793569,0.07971739768981934
2025-06-26,LQD,XGBOOST_H3_NO_SENT,0.053286135976638595,0.0811670646071434
2025-06-27,LQD,XGBOOST_H3_NO_SENT,0.05346285741965554,0.08268100023269653
2025-06-30,LQD,XGBOOST_H3_NO_SENT,0.0550729185191057,0.08404649049043655
2025-07-01,LQD,XGBOOST_H3_NO_SENT,0.05657741770124314,0.08432397246360779
2025-07-02,LQD,XGBOOST_H3_NO_SENT,0.05659391758618263,0.08423424512147903
2025-07-03,LQD,XGBOOST_H3_NO_SENT,0.06408959480114212,0.08857666701078415
2025-07-07,LQD,XGBOOST_H3_NO_SENT,0.05948864937642771,0.08819641917943954
2025-07-08,LQD,XGBOOST_H3_NO_SENT,0.05785858629465152,0.09133731573820114
2025-07-09,LQD,XGBOOST_H3_NO_SENT,0.05526863705839026,0.09024935960769653
2025-07-10,LQD,XGBOOST_H3_NO_SENT,0.05558330413357765,0.07391024380922318
2025-07-11,LQD,XGBOOST_H3_NO_SENT,0.05173202939790867,0.06994210928678513
2025-07-14,LQD,XGBOOST_H3_NO_SENT,0.051626992980535046,0.07310411334037781
2025-07-15,LQD,XGBOOST_H3_NO_SENT,0.04878965542753239,0.06989557296037674
2025-07-16,LQD,XGBOOST_H3_NO_SENT,0.05095273721722647,0.0684860423207283
2025-07-17,LQD,XGBOOST_H3_NO_SENT,0.053474189445591985,0.06900468468666077
2025-07-18,LQD,XGBOOST_H3_NO_SENT,0.05398325922551812,0.06862929463386536
2025-07-21,LQD,XGBOOST_H3_NO_SENT,0.05356614533074451,0.06489858776330948
2025-07-22,LQD,XGBOOST_H3_NO_SENT,0.053273460041761825,0.06748297065496445
2025-07-23,LQD,XGBOOST_H3_NO_SENT,0.05269515767272874,0.07077813893556595
2025-07-24,LQD,XGBOOST_H3_NO_SENT,0.054585716473338056,0.07260973751544952
2025-07-25,LQD,XGBOOST_H3_NO_SENT,0.05981673153652942,0.0695355236530304
2025-07-28,LQD,XGBOOST_H3_NO_SENT,0.06023342872670327,0.07185421884059906
2025-07-29,LQD,XGBOOST_H3_NO_SENT,0.05610553508759301,0.07279714941978455
2025-07-30,LQD,XGBOOST_H3_NO_SENT,0.05389391554303748,0.07440164685249329
2025-07-31,LQD,XGBOOST_H3_NO_SENT,0.05396890594211635,0.07294319570064545
2025-08-01,LQD,XGBOOST_H3_NO_SENT,0.04671341165971466,0.060136616230010986
2025-08-04,LQD,XGBOOST_H3_NO_SENT,0.04779747799744354,0.06153521686792374
2025-08-05,LQD,XGBOOST_H3_NO_SENT,0.05246320391693759,0.06367157399654388
2025-08-06,LQD,XGBOOST_H3_NO_SENT,0.057602216528211,0.06652364879846573
2025-08-07,LQD,XGBOOST_H3_NO_SENT,0.06115691791344229,0.06804478168487549
2025-08-08,LQD,XGBOOST_H3_NO_SENT,0.059944229806240756,0.06924805045127869
2025-08-11,LQD,XGBOOST_H3_NO_SENT,0.060815673475208346,0.06857452541589737
2025-08-12,LQD,XGBOOST_H3_NO_SENT,0.061217670393320135,0.06455881893634796
2025-08-13,LQD,XGBOOST_H3_NO_SENT,0.06068458607863491,0.06499738246202469
2025-08-14,LQD,XGBOOST_H3_NO_SENT,0.059315691635979446,0.06438107043504715
2025-08-15,LQD,XGBOOST_H3_NO_SENT,0.05899785010642194,0.06619967520236969
2025-08-18,LQD,XGBOOST_H3_NO_SENT,0.058420896880740814,0.0673912912607193
2025-08-19,LQD,XGBOOST_H3_NO_SENT,0.05949673912551127,0.06812433898448944
2025-08-20,LQD,XGBOOST_H3_NO_SENT,0.06058993880661529,0.06793493032455444
2025-08-21,LQD,XGBOOST_H3_NO_SENT,0.05821998926622898,0.06679362803697586
2025-08-22,LQD,XGBOOST_H3_NO_SENT,0.05395930783001455,0.06535282731056213
2025-08-25,LQD,XGBOOST_H3_NO_SENT,0.05257822688466709,0.07213305681943893
2025-08-26,LQD,XGBOOST_H3_NO_SENT,0.05552717990284074,0.0679532065987587
2025-08-27,LQD,XGBOOST_H3_NO_SENT,0.056252400992212535,0.07163270562887192
2025-08-28,LQD,XGBOOST_H3_NO_SENT,0.05621529063923734,0.07056939601898193
2025-08-29,LQD,XGBOOST_H3_NO_SENT,0.05461207223794627,0.07072946429252625
2025-09-02,LQD,XGBOOST_H3_NO_SENT,0.052738568055533765,0.07205129414796829
2025-09-03,LQD,XGBOOST_H3_NO_SENT,0.050791827620295535,0.07279996573925018
2025-09-04,LQD,XGBOOST_H3_NO_SENT,0.04602934177846301,0.07019899040460587
2025-09-05,LQD,XGBOOST_H3_NO_SENT,0.041134471526819885,0.058179810643196106
2025-09-08,LQD,XGBOOST_H3_NO_SENT,0.041242942653666806,0.058626286685466766
2025-09-09,LQD,XGBOOST_H3_NO_SENT,0.041169453047922445,0.05806295573711395
2025-09-10,LQD,XGBOOST_H3_NO_SENT,0.040129775030904036,0.06099441275000572
2025-09-11,LQD,XGBOOST_H3_NO_SENT,0.03667805201246054,0.06149020045995712
2025-09-12,LQD,XGBOOST_H3_NO_SENT,0.037864495827471145,0.062110695987939835
2025-09-15,LQD,XGBOOST_H3_NO_SENT,0.038201761745917794,0.062405604869127274
2025-09-16,LQD,XGBOOST_H3_NO_SENT,0.039914072009936304,0.06099976226687431
2025-09-17,LQD,XGBOOST_H3_NO_SENT,0.03928857717917326,0.05776616930961609
2025-09-18,LQD,XGBOOST_H3_NO_SENT,0.039412749659293436,0.058032575994729996
2025-09-19,LQD,XGBOOST_H3_NO_SENT,0.04010501401132461,0.057712722569704056
2025-09-22,LQD,XGBOOST_H3_NO_SENT,0.03988408686870602,0.07232587039470673
2025-09-23,LQD,XGBOOST_H3_NO_SENT,0.03960384321241327,0.06805748492479324
2025-09-24,LQD,XGBOOST_H3_NO_SENT,0.03568889669869201,0.07136796414852142
2025-09-25,LQD,XGBOOST_H3_NO_SENT,0.035200617149769305,0.07268185913562775
2025-09-26,LQD,XGBOOST_H3_NO_SENT,0.03528564876273057,0.07252047955989838
2025-09-29,LQD,XGBOOST_H3_NO_SENT,0.034231647036416804,0.07098438590765
2025-09-30,LQD,XGBOOST_H3_NO_SENT,0.03370667581241462,0.07047037780284882
2025-10-01,LQD,XGBOOST_H3_NO_SENT,0.03876009995326232,0.07031384110450745
2025-10-02,LQD,XGBOOST_H3_NO_SENT,0.04335916436070618,0.06691165268421173
2025-10-03,LQD,XGBOOST_H3_NO_SENT,0.045496036853222795,0.06381375342607498
2025-10-06,LQD,XGBOOST_H3_NO_SENT,0.045047901270365946,0.0671764463186264
2025-10-07,LQD,XGBOOST_H3_NO_SENT,0.044773364437498714,0.0671958401799202
2025-10-08,LQD,XGBOOST_H3_NO_SENT,0.04575364953526004,0.06822135299444199
2025-10-09,LQD,XGBOOST_H3_NO_SENT,0.049145920901423994,0.07515833526849747
2025-10-10,LQD,XGBOOST_H3_NO_SENT,0.048642065461531526,0.08079566061496735
2025-10-14,LQD,XGBOOST_H3_NO_SENT,0.04764422994893581,0.07763715833425522
2025-10-15,LQD,XGBOOST_H3_NO_SENT,0.04771374673680612,0.07936803996562958
2025-10-16,LQD,XGBOOST_H3_NO_SENT,0.048986324778321544,0.07834216207265854
2025-10-17,LQD,XGBOOST_H3_NO_SENT,0.04932635383129445,0.07602478563785553
2025-10-20,LQD,XGBOOST_H3_NO_SENT,0.04763504475343292,0.07346068322658539
2025-10-21,LQD,XGBOOST_H3_NO_SENT,0.04772115453485998,0.07474526017904282
2025-10-22,LQD,XGBOOST_H3_NO_SENT,0.04738567820646153,0.07514889538288116
2025-10-23,LQD,XGBOOST_H3_NO_SENT,0.047991938429165645,0.0754150003194809
2025-10-24,LQD,XGBOOST_H3_NO_SENT,0.049624882951185764,0.08028499037027359
2025-10-27,LQD,XGBOOST_H3_NO_SENT,0.0516439818995617,0.07909654825925827
2025-10-28,LQD,XGBOOST_H3_NO_SENT,0.052925463567210514,0.11946409940719604
2025-10-29,LQD,XGBOOST_H3_NO_SENT,0.050610843903655826,0.08130103349685669
2025-10-30,LQD,XGBOOST_H3_NO_SENT,0.04692936588275747,0.12064671516418457
2025-10-31,LQD,XGBOOST_H3_NO_SENT,0.048753256054766554,0.07334744930267334
2025-11-03,LQD,XGBOOST_H3_NO_SENT,0.04755526801066754,0.07456915825605392
2025-11-04,LQD,XGBOOST_H3_NO_SENT,0.04790855045806305,0.07172819972038269
2025-11-05,LQD,XGBOOST_H3_NO_SENT,0.04697099029478033,0.06668766587972641
2025-11-06,LQD,XGBOOST_H3_NO_SENT,0.04365741997032658,0.07052289694547653
2025-11-07,LQD,XGBOOST_H3_NO_SENT,0.04371815838525014,0.07082853466272354
2025-11-10,LQD,XGBOOST_H3_NO_SENT,0.043972937431546615,0.06895481795072556
2025-11-12,LQD,XGBOOST_H3_NO_SENT,0.04495273867411192,0.0625433549284935
2025-11-13,LQD,XGBOOST_H3_NO_SENT,0.046720862331314304,0.06965872645378113
2025-11-14,LQD,XGBOOST_H3_NO_SENT,0.04573795244689514,0.07308010756969452
2025-11-17,LQD,XGBOOST_H3_NO_SENT,0.04630187347690394,0.07304921746253967
2025-11-18,LQD,XGBOOST_H3_NO_SENT,0.04655122530699922,0.07553545385599136
2025-11-19,LQD,XGBOOST_H3_NO_SENT,0.048250144023287214,0.07426097989082336
2025-11-20,LQD,XGBOOST_H3_NO_SENT,0.04922188489728259,0.1048964187502861
2025-11-21,LQD,XGBOOST_H3_NO_SENT,0.04763725990474194,0.091838538646698
2025-11-24,LQD,XGBOOST_H3_NO_SENT,0.04549787473722826,0.08770155161619186
2025-11-25,LQD,XGBOOST_H3_NO_SENT,0.046601887263305865,0.08788477629423141
2025-11-26,LQD,XGBOOST_H3_NO_SENT,0.04476171717927349,0.06803851574659348
2025-11-28,LQD,XGBOOST_H3_NO_SENT,0.04476512053671402,0.08230102062225342
2025-12-01,LQD,XGBOOST_H3_NO_SENT,0.04048270213557116,0.06366173923015594
2025-12-02,LQD,XGBOOST_H3_NO_SENT,0.0432714716620289,0.0840209424495697
2025-12-03,LQD,XGBOOST_H3_NO_SENT,0.04234434839617297,0.10261982679367065
2025-12-04,LQD,XGBOOST_H3_NO_SENT,0.04327114307025703,0.11153406649827957
2025-12-05,LQD,XGBOOST_H3_NO_SENT,0.04312133091261009,0.11707276105880737
2025-12-08,LQD,XGBOOST_H3_NO_SENT,0.04245514453082366,0.11806393414735794
2025-12-09,LQD,XGBOOST_H3_NO_SENT,0.04348293754402598,0.11939200013875961
2025-12-10,LQD,XGBOOST_H3_NO_SENT,0.042249426415848126,0.11861199885606766
2025-12-11,LQD,XGBOOST_H3_NO_SENT,0.04213615578163063,0.11434311419725418
2025-12-12,LQD,XGBOOST_H3_NO_SENT,0.035984549031494346,0.12770594656467438
2025-12-15,LQD,XGBOOST_H3_NO_SENT,0.03665238186781776,0.1260996311903
2025-12-16,LQD,XGBOOST_H3_NO_SENT,0.03657274057877749,0.12366240471601486
2025-12-17,LQD,XGBOOST_H3_NO_SENT,0.03804346738024268,0.14428892731666565
2025-12-18,LQD,XGBOOST_H3_NO_SENT,0.04182925712018325,0.14155107736587524
2025-12-19,LQD,XGBOOST_H3_NO_SENT,0.04627703268931525,0.1071527898311615
2025-12-22,LQD,XGBOOST_H3_NO_SENT,0.04663980078565987,0.10753742605447769
2025-12-23,LQD,XGBOOST_H3_NO_SENT,0.046584956345679183,0.06855747848749161
2025-12-24,LQD,XGBOOST_H3_NO_SENT,0.04465921906969126,0.06383363902568817
2025-12-26,LQD,XGBOOST_H3_NO_SENT,0.0448614354371224,0.06459635496139526
2025-12-29,LQD,XGBOOST_H3_NO_SENT,0.04490429598393288,0.10087885707616806
2025-12-30,LQD,XGBOOST_H3_NO_SENT,0.04472276228802037,0.11530393362045288
2025-12-31,LQD,XGBOOST_H3_NO_SENT,0.04201345834137648,0.1406937539577484
2024-10-16,HYG,XGBOOST_H3_NO_SENT,0.039714233314977324,0.04387615993618965
2024-10-17,HYG,XGBOOST_H3_NO_SENT,0.040107452069598065,0.04432431235909462
2024-10-18,HYG,XGBOOST_H3_NO_SENT,0.039120515350343506,0.044388607144355774
2024-10-21,HYG,XGBOOST_H3_NO_SENT,0.036844837578013,0.045007601380348206
2024-10-22,HYG,XGBOOST_H3_NO_SENT,0.03663923490783488,0.04470512643456459
2024-10-23,HYG,XGBOOST_H3_NO_SENT,0.03452629952623256,0.045038122683763504
2024-10-24,HYG,XGBOOST_H3_NO_SENT,0.03330982114550965,0.04520007222890854
2024-10-25,HYG,XGBOOST_H3_NO_SENT,0.03300897398287407,0.0440167598426342
2024-10-28,HYG,XGBOOST_H3_NO_SENT,0.03434955213865848,0.04494280368089676
2024-10-29,HYG,XGBOOST_H3_NO_SENT,0.035329353598467485,0.04464159160852432
2024-10-30,HYG,XGBOOST_H3_NO_SENT,0.03562504570538698,0.04507680982351303
2024-10-31,HYG,XGBOOST_H3_NO_SENT,0.03364289716884145,0.04397408291697502
2024-11-01,HYG,XGBOOST_H3_NO_SENT,0.03380350635394333,0.04679245501756668
2024-11-04,HYG,XGBOOST_H3_NO_SENT,0.03306160544749274,0.043601635843515396
2024-11-05,HYG,XGBOOST_H3_NO_SENT,0.03274963845097229,0.0436154343187809
2024-11-06,HYG,XGBOOST_H3_NO_SENT,0.03288233021130555,0.04475579038262367
2024-11-07,HYG,XGBOOST_H3_NO_SENT,0.03007456452475393,0.041354723274707794
2024-11-08,HYG,XGBOOST_H3_NO_SENT,0.03021290728106897,0.041191037744283676
2024-11-12,HYG,XGBOOST_H3_NO_SENT,0.025039261419655876,0.04235713556408882
2024-11-13,HYG,XGBOOST_H3_NO_SENT,0.027616659650462134,0.04352197423577309
2024-11-14,HYG,XGBOOST_H3_NO_SENT,0.028629557599596386,0.04752102121710777
2024-11-15,HYG,XGBOOST_H3_NO_SENT,0.029089085679777884,0.04757091403007507
2024-11-18,HYG,XGBOOST_H3_NO_SENT,0.02991693991334441,0.04742308706045151
2024-11-19,HYG,XGBOOST_H3_NO_SENT,0.04751544275357105,0.047413650900125504
2024-11-20,HYG,XGBOOST_H3_NO_SENT,0.04757132096738917,0.0486098937690258
2024-11-21,HYG,XGBOOST_H3_NO_SENT,0.053096348208624265,0.051305316388607025
2024-11-22,HYG,XGBOOST_H3_NO_SENT,0.05387737130339989,0.05106479674577713
2024-11-25,HYG,XGBOOST_H3_NO_SENT,0.053342560159913274,0.05105715990066528
2024-11-26,HYG,XGBOOST_H3_NO_SENT,0.05386035232015404,0.04969390109181404
2024-11-27,HYG,XGBOOST_H3_NO_SENT,0.05388719576507703,0.05019679665565491
2024-11-29,HYG,XGBOOST_H3_NO_SENT,0.053579713970654384,0.04909627139568329
2024-12-02,HYG,XGBOOST_H3_NO_SENT,0.05358756821539619,0.04118220508098602
2024-12-03,HYG,XGBOOST_H3_NO_SENT,0.054487220165024886,0.04100621119141579
2024-12-04,HYG,XGBOOST_H3_NO_SENT,0.054018357828941384,0.040338918566703796
2024-12-05,HYG,XGBOOST_H3_NO_SENT,0.05445674760258253,0.03852842375636101
2024-12-06,HYG,XGBOOST_H3_NO_SENT,0.05510668866626719,0.03935376554727554
2024-12-09,HYG,XGBOOST_H3_NO_SENT,0.05532112668916067,0.0384075865149498
2024-12-10,HYG,XGBOOST_H3_NO_SENT,0.05789836655407896,0.040561456233263016
2024-12-11,HYG,XGBOOST_H3_NO_SENT,0.05783127369381201,0.04095718264579773
2024-12-12,HYG,XGBOOST_H3_NO_SENT,0.05760011956913335,0.04475517198443413
2024-12-13,HYG,XGBOOST_H3_NO_SENT,0.06520129879843431,0.04957235977053642
2024-12-16,HYG,XGBOOST_H3_NO_SENT,0.06499587419036168,0.04913700744509697
2024-12-17,HYG,XGBOOST_H3_NO_SENT,0.06446638671925799,0.04992697760462761
2024-12-18,HYG,XGBOOST_H3_NO_SENT,0.05118668426035504,0.05021963641047478
2024-12-19,HYG,XGBOOST_H3_NO_SENT,0.05138499892737991,0.05022289603948593
2024-12-20,HYG,XGBOOST_H3_NO_SENT,0.04742863650516063,0.053196728229522705
2024-12-23,HYG,XGBOOST_H3_NO_SENT,0.04574842496029781,0.0555267371237278
2024-12-24,HYG,XGBOOST_H3_NO_SENT,0.04492519995945476,0.05366935580968857
2024-12-26,HYG,XGBOOST_H3_NO_SENT,0.04457602735991625,0.05462361499667168
2024-12-27,HYG,XGBOOST_H3_NO_SENT,0.04225892841541734,0.05453328788280487
2024-12-30,HYG,XGBOOST_H3_NO_SENT,0.04239160162968835,0.05548650398850441
2024-12-31,HYG,XGBOOST_H3_NO_SENT,0.04342982509542388,0.05398444086313248
2025-01-02,HYG,XGBOOST_H3_NO_SENT,0.04343875852084742,0.053931694477796555
2025-01-03,HYG,XGBOOST_H3_NO_SENT,0.04432579953845277,0.05524932220578194
2025-01-06,HYG,XGBOOST_H3_NO_SENT,0.04474095896552519,0.05696308612823486
2025-01-07,HYG,XGBOOST_H3_NO_SENT,0.043089853644743166,0.056012995541095734
2025-01-08,HYG,XGBOOST_H3_NO_SENT,0.045126358205829026,0.05746382474899292
2025-01-10,HYG,XGBOOST_H3_NO_SENT,0.04003726984215903,0.05782346799969673
2025-01-13,HYG,XGBOOST_H3_NO_SENT,0.040084433566322755,0.05841116979718208
2025-01-14,HYG,XGBOOST_H3_NO_SENT,0.04140584981813746,0.058950647711753845
2025-01-15,HYG,XGBOOST_H3_NO_SENT,0.03219593683379383,0.05445392429828644
2025-01-16,HYG,XGBOOST_H3_NO_SENT,0.03219444109306338,0.05418866500258446
2025-01-17,HYG,XGBOOST_H3_NO_SENT,0.03249267478778255,0.052502382546663284
2025-01-21,HYG,XGBOOST_H3_NO_SENT,0.031418090444868395,0.04633927717804909
2025-01-22,HYG,XGBOOST_H3_NO_SENT,0.030815251833816816,0.04735507071018219
2025-01-23,HYG,XGBOOST_H3_NO_SENT,0.03162967402464075,0.0472986213862896
2025-01-24,HYG,XGBOOST_H3_NO_SENT,0.03168066435345681,0.04195794090628624
2025-01-27,HYG,XGBOOST_H3_NO_SENT,0.032661973759726445,0.03906926140189171
2025-01-28,HYG,XGBOOST_H3_NO_SENT,0.03276256990274139,0.039070989936590195
2025-01-29,HYG,XGBOOST_H3_NO_SENT,0.03357200084299718,0.03827085345983505
2025-01-30,HYG,XGBOOST_H3_NO_SENT,0.03423657550804442,0.038288094103336334
2025-01-31,HYG,XGBOOST_H3_NO_SENT,0.034310068911138164,0.038636792451143265
2025-02-03,HYG,XGBOOST_H3_NO_SENT,0.033823874470804635,0.0401897095143795
2025-02-04,HYG,XGBOOST_H3_NO_SENT,0.03227665584770261,0.039333175867795944
2025-02-05,HYG,XGBOOST_H3_NO_SENT,0.03409983954483536,0.038805849850177765
2025-02-06,HYG,XGBOOST_H3_NO_SENT,0.03410542328823154,0.038154441863298416
2025-02-07,HYG,XGBOOST_H3_NO_SENT,0.03498396297373908,0.04080147296190262
2025-02-10,HYG,XGBOOST_H3_NO_SENT,0.036496391556114,0.040269505232572556
2025-02-11,HYG,XGBOOST_H3_NO_SENT,0.03677857734427489,0.04955029487609863
2025-02-12,HYG,XGBOOST_H3_NO_SENT,0.04110375605463594,0.04675379395484924
2025-02-13,HYG,XGBOOST_H3_NO_SENT,0.04117454825903845,0.04963511601090431
2025-02-14,HYG,XGBOOST_H3_NO_SENT,0.041988773174310094,0.04523566737771034
2025-02-18,HYG,XGBOOST_H3_NO_SENT,0.04229883681803275,0.045397453010082245
2025-02-19,HYG,XGBOOST_H3_NO_SENT,0.048672399204304106,0.040970977395772934
2025-02-20,HYG,XGBOOST_H3_NO_SENT,0.04887743119653692,0.03839525952935219
2025-02-21,HYG,XGBOOST_H3_NO_SENT,0.048712302733699614,0.04051236808300018
2025-02-24,HYG,XGBOOST_H3_NO_SENT,0.04963171546465942,0.040234267711639404
2025-02-25,HYG,XGBOOST_H3_NO_SENT,0.04879650506934301,0.04365075007081032
2025-02-26,HYG,XGBOOST_H3_NO_SENT,0.05037657556354419,0.04936761036515236
2025-02-27,HYG,XGBOOST_H3_NO_SENT,0.050385689353882435,0.05463260039687157
2025-02-28,HYG,XGBOOST_H3_NO_SENT,0.04920857090103455,0.05457435920834541
2025-03-03,HYG,XGBOOST_H3_NO_SENT,0.0492532105871748,0.06004466116428375
2025-03-04,HYG,XGBOOST_H3_NO_SENT,0.05021395622670697,0.05929478630423546
2025-03-05,HYG,XGBOOST_H3_NO_SENT,0.05083510831443042,0.058049771934747696
2025-03-06,HYG,XGBOOST_H3_NO_SENT,0.06605138998225629,0.06164412200450897
2025-03-07,HYG,XGBOOST_H3_NO_SENT,0.08125908809658403,0.06116469204425812
2025-03-10,HYG,XGBOOST_H3_NO_SENT,0.08483038262608567,0.06776515394449234
2025-03-11,HYG,XGBOOST_H3_NO_SENT,0.08521755055352777,0.07097404450178146
2025-03-12,HYG,XGBOOST_H3_NO_SENT,0.1314834086433746,0.06694964319467545
2025-03-13,HYG,XGBOOST_H3_NO_SENT,0.14227712964840336,0.06788173317909241
2025-03-14,HYG,XGBOOST_H3_NO_SENT,0.1415596401678197,0.06778653711080551
2025-03-17,HYG,XGBOOST_H3_NO_SENT,0.1426809530224986,0.06430727988481522
2025-03-18,HYG,XGBOOST_H3_NO_SENT,0.14325060248264768,0.06215222552418709
2025-03-19,HYG,XGBOOST_H3_NO_SENT,0.14064325914755446,0.0645899698138237
2025-03-20,HYG,XGBOOST_H3_NO_SENT,0.14275949649466965,0.0668206736445427
2025-03-21,HYG,XGBOOST_H3_NO_SENT,0.14392711841416542,0.06768710911273956
2025-03-24,HYG,XGBOOST_H3_NO_SENT,0.1443159312050923,0.06545640528202057
2025-03-25,HYG,XGBOOST_H3_NO_SENT,0.14585155799564106,0.06597840785980225
2025-03-26,HYG,XGBOOST_H3_NO_SENT,0.14909143319527982,0.07050201296806335
2025-03-27,HYG,XGBOOST_H3_NO_SENT,0.14895009648900348,0.07041269540786743
2025-03-28,HYG,XGBOOST_H3_NO_SENT,0.14878216825102852,0.06990597397089005
2025-03-31,HYG,XGBOOST_H3_NO_SENT,0.149000694707873,0.06742214411497116
2025-04-01,HYG,XGBOOST_H3_NO_SENT,0.15011309812380952,0.06631266325712204
2025-04-02,HYG,XGBOOST_H3_NO_SENT,0.1499994968795027,0.06801798194646835
2025-04-03,HYG,XGBOOST_H3_NO_SENT,0.14292591101377303,0.07030676305294037
2025-04-04,HYG,XGBOOST_H3_NO_SENT,0.131577846451317,0.17170453071594238
2025-04-07,HYG,XGBOOST_H3_NO_SENT,0.12649763139518666,0.17701706290245056
2025-04-08,HYG,XGBOOST_H3_NO_SENT,0.12430224692997596,0.1398802101612091
2025-04-09,HYG,XGBOOST_H3_NO_SENT,0.08459399067949776,0.1769261211156845
2025-04-10,HYG,XGBOOST_H3_NO_SENT,0.055208611690083696,0.3147023618221283
2025-04-11,HYG,XGBOOST_H3_NO_SENT,0.06249200936651421,0.2951320707798004
2025-04-14,HYG,XGBOOST_H3_NO_SENT,0.061461947715164014,0.30317938327789307
2025-04-15,HYG,XGBOOST_H3_NO_SENT,0.06424043868663047,0.3033444881439209
2025-04-16,HYG,XGBOOST_H3_NO_SENT,0.06398662508410427,0.3167513906955719
2025-04-17,HYG,XGBOOST_H3_NO_SENT,0.06197446453077087,0.3136422336101532
2025-04-21,HYG,XGBOOST_H3_NO_SENT,0.056301975300057615,0.15602165460586548
2025-04-22,HYG,XGBOOST_H3_NO_SENT,0.05607781244487959,0.1548377275466919
2025-04-23,HYG,XGBOOST_H3_NO_SENT,0.061141661179134804,0.15552566945552826
2025-04-24,HYG,XGBOOST_H3_NO_SENT,0.05332910696269927,0.12870389223098755
2025-04-25,HYG,XGBOOST_H3_NO_SENT,0.05335199987385981,0.12993498146533966
2025-04-28,HYG,XGBOOST_H3_NO_SENT,0.057055958075026815,0.12856997549533844
2025-04-29,HYG,XGBOOST_H3_NO_SENT,0.056710370547605415,0.1259010285139084
2025-04-30,HYG,XGBOOST_H3_NO_SENT,0.05244967367746258,0.12949049472808838
2025-05-01,HYG,XGBOOST_H3_NO_SENT,0.05242154674374884,0.130844846367836
2025-05-02,HYG,XGBOOST_H3_NO_SENT,0.051829859039359286,0.12386957556009293
2025-05-05,HYG,XGBOOST_H3_NO_SENT,0.051862270659289646,0.12483351677656174
2025-05-06,HYG,XGBOOST_H3_NO_SENT,0.051685228543490176,0.1345490664243698
2025-05-07,HYG,XGBOOST_H3_NO_SENT,0.052792583504707204,0.12489738315343857
2025-05-08,HYG,XGBOOST_H3_NO_SENT,0.052762514729536844,0.12936517596244812
2025-05-09,HYG,XGBOOST_H3_NO_SENT,0.05276817107290914,0.10186640918254852
2025-05-12,HYG,XGBOOST_H3_NO_SENT,0.04092330974958144,0.11560998857021332
2025-05-13,HYG,XGBOOST_H3_NO_SENT,0.040632706048855875,0.10723402351140976
2025-05-14,HYG,XGBOOST_H3_NO_SENT,0.03797739870712589,0.09929470717906952
2025-05-15,HYG,XGBOOST_H3_NO_SENT,0.03956056116420589,0.09998887777328491
2025-05-16,HYG,XGBOOST_H3_NO_SENT,0.03994134671933157,0.09717614948749542
2025-05-19,HYG,XGBOOST_H3_NO_SENT,0.04017084895261762,0.09898348152637482
2025-05-20,HYG,XGBOOST_H3_NO_SENT,0.04029314041678856,0.1007491797208786
2025-05-21,HYG,XGBOOST_H3_NO_SENT,0.0315878272868468,0.0987231433391571
2025-05-22,HYG,XGBOOST_H3_NO_SENT,0.031518548570595356,0.09701280295848846
2025-05-23,HYG,XGBOOST_H3_NO_SENT,0.03191864327715398,0.09576810151338577
2025-05-27,HYG,XGBOOST_H3_NO_SENT,0.025959701273092422,0.08950167149305344
2025-05-28,HYG,XGBOOST_H3_NO_SENT,0.026564174555111997,0.09478070586919785
2025-05-29,HYG,XGBOOST_H3_NO_SENT,0.026869348288959358,0.08863994479179382
2025-05-30,HYG,XGBOOST_H3_NO_SENT,0.029025478955035336,0.09294258058071136
2025-06-02,HYG,XGBOOST_H3_NO_SENT,0.02980725550733543,0.08853276818990707
2025-06-03,HYG,XGBOOST_H3_NO_SENT,0.02979668446325289,0.08666325360536575
2025-06-04,HYG,XGBOOST_H3_NO_SENT,0.029552184245553826,0.08509578555822372
2025-06-05,HYG,XGBOOST_H3_NO_SENT,0.03142373437949008,0.08917776495218277
2025-06-06,HYG,XGBOOST_H3_NO_SENT,0.03217859645852367,0.08857810497283936
2025-06-09,HYG,XGBOOST_H3_NO_SENT,0.033000497127365094,0.08906140178442001
2025-06-10,HYG,XGBOOST_H3_NO_SENT,0.03299909956889582,0.06534653902053833
2025-06-11,HYG,XGBOOST_H3_NO_SENT,0.03353037640072987,0.05939151719212532
2025-06-12,HYG,XGBOOST_H3_NO_SENT,0.033471654042436336,0.061606887727975845
2025-06-13,HYG,XGBOOST_H3_NO_SENT,0.033445469850475175,0.06586794555187225
2025-06-16,HYG,XGBOOST_H3_NO_SENT,0.03387057187013728,0.06108253821730614
2025-06-17,HYG,XGBOOST_H3_NO_SENT,0.033286204382508074,0.06255942583084106
2025-06-18,HYG,XGBOOST_H3_NO_SENT,0.03324409576479722,0.06548724323511124
2025-06-20,HYG,XGBOOST_H3_NO_SENT,0.03207783409545305,0.06316263973712921
2025-06-23,HYG,XGBOOST_H3_NO_SENT,0.03200822149357715,0.05518820881843567
2025-06-24,HYG,XGBOOST_H3_NO_SENT,0.030964756321092923,0.053624771535396576
2025-06-25,HYG,XGBOOST_H3_NO_SENT,0.03146543138651241,0.054961055517196655
2025-06-26,HYG,XGBOOST_H3_NO_SENT,0.03012842351249855,0.05263321101665497
2025-06-27,HYG,XGBOOST_H3_NO_SENT,0.03012815530577536,0.05533462390303612
2025-06-30,HYG,XGBOOST_H3_NO_SENT,0.027114877264311655,0.05462895333766937
2025-07-01,HYG,XGBOOST_H3_NO_SENT,0.027860590027484523,0.05368199944496155
2025-07-02,HYG,XGBOOST_H3_NO_SENT,0.027152753690888865,0.05328131839632988
2025-07-03,HYG,XGBOOST_H3_NO_SENT,0.027065052672875803,0.056541308760643005
2025-07-07,HYG,XGBOOST_H3_NO_SENT,0.026482558576025987,0.060105130076408386
2025-07-08,HYG,XGBOOST_H3_NO_SENT,0.025904537076895513,0.06567505747079849
2025-07-09,HYG,XGBOOST_H3_NO_SENT,0.02449927354706708,0.06544166803359985
2025-07-10,HYG,XGBOOST_H3_NO_SENT,0.024498697595960767,0.03979301452636719
2025-07-11,HYG,XGBOOST_H3_NO_SENT,0.02382160142169325,0.052013058215379715
2025-07-14,HYG,XGBOOST_H3_NO_SENT,0.023812076037018105,0.05597936362028122
2025-07-15,HYG,XGBOOST_H3_NO_SENT,0.02120512184819634,0.048380352556705475
2025-07-16,HYG,XGBOOST_H3_NO_SENT,0.02118235466971212,0.0472291074693203
2025-07-17,HYG,XGBOOST_H3_NO_SENT,0.023957173816511048,0.047794852405786514
2025-07-18,HYG,XGBOOST_H3_NO_SENT,0.02372737404264631,0.04825105145573616
2025-07-21,HYG,XGBOOST_H3_NO_SENT,0.023748501032125766,0.04692256078124046
2025-07-22,HYG,XGBOOST_H3_NO_SENT,0.023164873952467708,0.05051597207784653
2025-07-23,HYG,XGBOOST_H3_NO_SENT,0.02321154808435284,0.050594136118888855
2025-07-24,HYG,XGBOOST_H3_NO_SENT,0.02380292055505541,0.051761433482170105
2025-07-25,HYG,XGBOOST_H3_NO_SENT,0.036994388961719075,0.05096467584371567
2025-07-28,HYG,XGBOOST_H3_NO_SENT,0.03787602731901543,0.05024052411317825
2025-07-29,HYG,XGBOOST_H3_NO_SENT,0.03842565481650885,0.04988177865743637
2025-07-30,HYG,XGBOOST_H3_NO_SENT,0.03724647750620555,0.0452890582382679
2025-07-31,HYG,XGBOOST_H3_NO_SENT,0.03725047986195771,0.04444795846939087
2025-08-01,HYG,XGBOOST_H3_NO_SENT,0.03825102910545971,0.04723641276359558
2025-08-04,HYG,XGBOOST_H3_NO_SENT,0.0371413059917462,0.04778756573796272
2025-08-05,HYG,XGBOOST_H3_NO_SENT,0.037953913834498657,0.0464460626244545
2025-08-06,HYG,XGBOOST_H3_NO_SENT,0.03875009299905739,0.04828436300158501
2025-08-07,HYG,XGBOOST_H3_NO_SENT,0.03830796170777456,0.04012473672628403
2025-08-08,HYG,XGBOOST_H3_NO_SENT,0.03833308746763721,0.04113084077835083
2025-08-11,HYG,XGBOOST_H3_NO_SENT,0.03878124411209721,0.03971462696790695
2025-08-12,HYG,XGBOOST_H3_NO_SENT,0.038294230833446796,0.039815839380025864
2025-08-13,HYG,XGBOOST_H3_NO_SENT,0.03819726183088249,0.04017127305269241
2025-08-14,HYG,XGBOOST_H3_NO_SENT,0.03685563942731492,0.03959520161151886
2025-08-15,HYG,XGBOOST_H3_NO_SENT,0.03771471522582923,0.0439608171582222
2025-08-18,HYG,XGBOOST_H3_NO_SENT,0.03771136620366753,0.04433441162109375
2025-08-19,HYG,XGBOOST_H3_NO_SENT,0.03804420199630254,0.04394077882170677
2025-08-20,HYG,XGBOOST_H3_NO_SENT,0.03822929303759611,0.044021930545568466
2025-08-21,HYG,XGBOOST_H3_NO_SENT,0.03697612818282039,0.044592756778001785
2025-08-22,HYG,XGBOOST_H3_NO_SENT,0.025465441789530415,0.039972297847270966
2025-08-25,HYG,XGBOOST_H3_NO_SENT,0.024192252619319315,0.04145804047584534
2025-08-26,HYG,XGBOOST_H3_NO_SENT,0.024315435241390397,0.041455771774053574
2025-08-27,HYG,XGBOOST_H3_NO_SENT,0.026667671557291606,0.04333074763417244
2025-08-28,HYG,XGBOOST_H3_NO_SENT,0.027388197156502432,0.04251096025109291
2025-08-29,HYG,XGBOOST_H3_NO_SENT,0.026625350815438976,0.043131910264492035
2025-09-02,HYG,XGBOOST_H3_NO_SENT,0.02619497706626016,0.04350326955318451
2025-09-03,HYG,XGBOOST_H3_NO_SENT,0.025381066001980524,0.04177015647292137
2025-09-04,HYG,XGBOOST_H3_NO_SENT,0.024046723958818617,0.04101487994194031
2025-09-05,HYG,XGBOOST_H3_NO_SENT,0.02454314852515938,0.03918835148215294
2025-09-08,HYG,XGBOOST_H3_NO_SENT,0.024529893863663107,0.03895892575383186
2025-09-09,HYG,XGBOOST_H3_NO_SENT,0.024529973045864805,0.038791775703430176
2025-09-10,HYG,XGBOOST_H3_NO_SENT,0.025178684903059356,0.037638477981090546
2025-09-11,HYG,XGBOOST_H3_NO_SENT,0.025669894820398186,0.03725741431117058
2025-09-12,HYG,XGBOOST_H3_NO_SENT,0.03266064711904911,0.037240754812955856
2025-09-15,HYG,XGBOOST_H3_NO_SENT,0.03877102276327044,0.03678449988365173
2025-09-16,HYG,XGBOOST_H3_NO_SENT,0.03900263335479785,0.038324739784002304
2025-09-17,HYG,XGBOOST_H3_NO_SENT,0.04060549175154311,0.0374273844063282
2025-09-18,HYG,XGBOOST_H3_NO_SENT,0.04177353243055314,0.03895965591073036
2025-09-19,HYG,XGBOOST_H3_NO_SENT,0.042922658794268015,0.03931397572159767
2025-09-22,HYG,XGBOOST_H3_NO_SENT,0.043466586329983646,0.04575939103960991
2025-09-23,HYG,XGBOOST_H3_NO_SENT,0.043706611706319884,0.045442696660757065
2025-09-24,HYG,XGBOOST_H3_NO_SENT,0.043584228724430636,0.0459040142595768
2025-09-25,HYG,XGBOOST_H3_NO_SENT,0.04300003112426859,0.047027140855789185
2025-09-26,HYG,XGBOOST_H3_NO_SENT,0.04348454196692297,0.04723496362566948
2025-09-29,HYG,XGBOOST_H3_NO_SENT,0.043897204145235555,0.04565294086933136
2025-09-30,HYG,XGBOOST_H3_NO_SENT,0.04407054853797283,0.04617978259921074
2025-10-01,HYG,XGBOOST_H3_NO_SENT,0.04513918421602749,0.04658302664756775
2025-10-02,HYG,XGBOOST_H3_NO_SENT,0.04560310944536127,0.04752239212393761
2025-10-03,HYG,XGBOOST_H3_NO_SENT,0.04543981450845392,0.045901235193014145
2025-10-06,HYG,XGBOOST_H3_NO_SENT,0.04672187435787505,0.04521436616778374
2025-10-07,HYG,XGBOOST_H3_NO_SENT,0.046604795071617446,0.044858530163764954
2025-10-08,HYG,XGBOOST_H3_NO_SENT,0.04648041583057865,0.04568899795413017
2025-10-09,HYG,XGBOOST_H3_NO_SENT,0.045252275104348816,0.04964105039834976
2025-10-10,HYG,XGBOOST_H3_NO_SENT,0.03929919823332293,0.04837346449494362
2025-10-14,HYG,XGBOOST_H3_NO_SENT,0.03478839771264889,0.048372186720371246
2025-10-15,HYG,XGBOOST_H3_NO_SENT,0.033981160398807546,0.04893233999609947
2025-10-16,HYG,XGBOOST_H3_NO_SENT,0.03475496438083101,0.04830694571137428
2025-10-17,HYG,XGBOOST_H3_NO_SENT,0.0334498869108101,0.04631904885172844
2025-10-20,HYG,XGBOOST_H3_NO_SENT,0.032981761452115205,0.04598663002252579
2025-10-21,HYG,XGBOOST_H3_NO_SENT,0.0326844576065501,0.050539299845695496
2025-10-22,HYG,XGBOOST_H3_NO_SENT,0.032603554969298204,0.05100101977586746
2025-10-23,HYG,XGBOOST_H3_NO_SENT,0.03148335060503829,0.05192694067955017
2025-10-24,HYG,XGBOOST_H3_NO_SENT,0.03235644550255338,0.052583109587430954
2025-10-27,HYG,XGBOOST_H3_NO_SENT,0.032662378825078664,0.04918065667152405
2025-10-28,HYG,XGBOOST_H3_NO_SENT,0.03493808540338599,0.08086270093917847
2025-10-29,HYG,XGBOOST_H3_NO_SENT,0.033031055940907224,0.049965750426054
2025-10-30,HYG,XGBOOST_H3_NO_SENT,0.0320805074209843,0.08853209018707275
2025-10-31,HYG,XGBOOST_H3_NO_SENT,0.03298109569558911,0.0498538576066494
2025-11-03,HYG,XGBOOST_H3_NO_SENT,0.030845691410875075,0.05255274847149849
2025-11-04,HYG,XGBOOST_H3_NO_SENT,0.030828807732205192,0.05121225863695145
2025-11-05,HYG,XGBOOST_H3_NO_SENT,0.03079496842800666,0.049530692398548126
2025-11-06,HYG,XGBOOST_H3_NO_SENT,0.03085268419130399,0.05009230971336365
2025-11-07,HYG,XGBOOST_H3_NO_SENT,0.0326130029026019,0.049516864120960236
2025-11-10,HYG,XGBOOST_H3_NO_SENT,0.03100556155313397,0.04717683792114258
2025-11-12,HYG,XGBOOST_H3_NO_SENT,0.03185514048424278,0.048176925629377365
2025-11-13,HYG,XGBOOST_H3_NO_SENT,0.028509690087494977,0.047094445675611496
2025-11-14,HYG,XGBOOST_H3_NO_SENT,0.028498719795894117,0.04789445176720619
2025-11-17,HYG,XGBOOST_H3_NO_SENT,0.02740130289117856,0.04948439821600914
2025-11-18,HYG,XGBOOST_H3_NO_SENT,0.02814494481179783,0.05412454903125763
2025-11-19,HYG,XGBOOST_H3_NO_SENT,0.02922190879131977,0.048470377922058105
2025-11-20,HYG,XGBOOST_H3_NO_SENT,0.029147352143458607,0.08713961392641068
2025-11-21,HYG,XGBOOST_H3_NO_SENT,0.027331687011508378,0.07651423662900925
2025-11-24,HYG,XGBOOST_H3_NO_SENT,0.026063975213738256,0.06967077404260635
2025-11-25,HYG,XGBOOST_H3_NO_SENT,0.024111563358111526,0.06819995492696762
2025-11-26,HYG,XGBOOST_H3_NO_SENT,0.024146366627829922,0.0464591346681118
2025-11-28,HYG,XGBOOST_H3_NO_SENT,0.024134010905789822,0.06910041719675064
2025-12-01,HYG,XGBOOST_H3_NO_SENT,0.02300309954601387,0.046755917370319366
2025-12-02,HYG,XGBOOST_H3_NO_SENT,0.022802447784554623,0.06924623996019363
2025-12-03,HYG,XGBOOST_H3_NO_SENT,0.022705175853518184,0.08751917630434036
2025-12-04,HYG,XGBOOST_H3_NO_SENT,0.02417704959244345,0.08709882199764252
2025-12-05,HYG,XGBOOST_H3_NO_SENT,0.02414999100320802,0.09007979929447174
2025-12-08,HYG,XGBOOST_H3_NO_SENT,0.0219014309836935,0.08930033445358276
2025-12-09,HYG,XGBOOST_H3_NO_SENT,0.021127009763763478,0.0893792137503624
2025-12-10,HYG,XGBOOST_H3_NO_SENT,0.018363089778586885,0.09186267107725143
2025-12-11,HYG,XGBOOST_H3_NO_SENT,0.018258444581769187,0.09240157157182693
2025-12-12,HYG,XGBOOST_H3_NO_SENT,0.016240890438725383,0.09155212342739105
2025-12-15,HYG,XGBOOST_H3_NO_SENT,0.01634860934232036,0.09367572516202927
2025-12-16,HYG,XGBOOST_H3_NO_SENT,0.01643732884018915,0.09249499440193176
2025-12-17,HYG,XGBOOST_H3_NO_SENT,0.015142808158188319,0.08708307147026062
2025-12-18,HYG,XGBOOST_H3_NO_SENT,0.016754203665407415,0.08772671967744827
2025-12-19,HYG,XGBOOST_H3_NO_SENT,0.01894355978508707,0.0860767737030983
2025-12-22,HYG,XGBOOST_H3_NO_SENT,0.01891249019291395,0.0845797210931778
2025-12-23,HYG,XGBOOST_H3_NO_SENT,0.01917709919356682,0.09500554203987122
2025-12-24,HYG,XGBOOST_H3_NO_SENT,0.018394681832566737,0.07138042151927948
2025-12-26,HYG,XGBOOST_H3_NO_SENT,0.01821834104268087,0.09707385301589966
2025-12-29,HYG,XGBOOST_H3_NO_SENT,0.019494019971619217,0.11238543689250946
2025-12-30,HYG,XGBOOST_H3_NO_SENT,0.019335225594065326,0.11572685837745667
2025-12-31,HYG,XGBOOST_H3_NO_SENT,0.019057538822815877,0.11754146963357925
2024-10-16,GLD,XGBOOST_H3_NO_SENT,0.19289012897194988,0.15101030468940735
2024-10-17,GLD,XGBOOST_H3_NO_SENT,0.19059992568351491,0.14668896794319153
2024-10-18,GLD,XGBOOST_H3_NO_SENT,0.18440822199082588,0.15305769443511963
2024-10-21,GLD,XGBOOST_H3_NO_SENT,0.19998555554015476,0.15357686579227448
2024-10-22,GLD,XGBOOST_H3_NO_SENT,0.19854848972230793,0.15293584764003754
2024-10-23,GLD,XGBOOST_H3_NO_SENT,0.19670452239165134,0.15199682116508484
2024-10-24,GLD,XGBOOST_H3_NO_SENT,0.19710309859728528,0.15243342518806458
2024-10-25,GLD,XGBOOST_H3_NO_SENT,0.20308624247906754,0.14791563153266907
2024-10-28,GLD,XGBOOST_H3_NO_SENT,0.2279446450897847,0.1532248705625534
2024-10-29,GLD,XGBOOST_H3_NO_SENT,0.22334269369226287,0.1548749804496765
2024-10-30,GLD,XGBOOST_H3_NO_SENT,0.22206281480851184,0.15256333351135254
2024-10-31,GLD,XGBOOST_H3_NO_SENT,0.22014286081254925,0.15246620774269104
2024-11-01,GLD,XGBOOST_H3_NO_SENT,0.22147812455886018,0.14300838112831116
2024-11-04,GLD,XGBOOST_H3_NO_SENT,0.22160173482849116,0.14416494965553284
2024-11-05,GLD,XGBOOST_H3_NO_SENT,0.22180690496853933,0.14346455037593842
2024-11-06,GLD,XGBOOST_H3_NO_SENT,0.19500165009878717,0.12874625623226166
2024-11-07,GLD,XGBOOST_H3_NO_SENT,0.18507487403485073,0.12261171638965607
2024-11-08,GLD,XGBOOST_H3_NO_SENT,0.1880164025983524,0.12475115805864334
2024-11-12,GLD,XGBOOST_H3_NO_SENT,0.17058047537995186,0.12152644991874695
2024-11-13,GLD,XGBOOST_H3_NO_SENT,0.1757543043426006,0.12111131101846695
2024-11-14,GLD,XGBOOST_H3_NO_SENT,0.1822244340363367,0.12362253665924072
2024-11-15,GLD,XGBOOST_H3_NO_SENT,0.1818285373920636,0.1272778958082199
2024-11-18,GLD,XGBOOST_H3_NO_SENT,0.17100955593721173,0.121194027364254
2024-11-19,GLD,XGBOOST_H3_NO_SENT,0.18186907151199816,0.11901150643825531
2024-11-20,GLD,XGBOOST_H3_NO_SENT,0.18050217212832897,0.12298828363418579
2024-11-21,GLD,XGBOOST_H3_NO_SENT,0.1820700247655238,0.1238463744521141
2024-11-22,GLD,XGBOOST_H3_NO_SENT,0.17501705492337033,0.12361545860767365
2024-11-25,GLD,XGBOOST_H3_NO_SENT,0.14028972275142457,0.1146601140499115
2024-11-26,GLD,XGBOOST_H3_NO_SENT,0.14228148210005945,0.11215608566999435
2024-11-27,GLD,XGBOOST_H3_NO_SENT,0.1440830282003019,0.11338172107934952
2024-11-29,GLD,XGBOOST_H3_NO_SENT,0.14032250214874797,0.1126495748758316
2024-12-02,GLD,XGBOOST_H3_NO_SENT,0.13940549564198873,0.11915499716997147
2024-12-03,GLD,XGBOOST_H3_NO_SENT,0.14761721320535973,0.11769997328519821
2024-12-04,GLD,XGBOOST_H3_NO_SENT,0.15001657741866806,0.11802296340465546
2024-12-05,GLD,XGBOOST_H3_NO_SENT,0.14767586792414056,0.12046702206134796
2024-12-06,GLD,XGBOOST_H3_NO_SENT,0.14898720801763188,0.11606871336698532
2024-12-09,GLD,XGBOOST_H3_NO_SENT,0.14595846640945714,0.11644656211137772
2024-12-10,GLD,XGBOOST_H3_NO_SENT,0.14225586672395196,0.11745941638946533
2024-12-11,GLD,XGBOOST_H3_NO_SENT,0.14169598796770771,0.12656772136688232
2024-12-12,GLD,XGBOOST_H3_NO_SENT,0.13356402940492068,0.11872605979442596
2024-12-13,GLD,XGBOOST_H3_NO_SENT,0.12800664207946547,0.1354326605796814
2024-12-16,GLD,XGBOOST_H3_NO_SENT,0.1296683306533404,0.13671720027923584
2024-12-17,GLD,XGBOOST_H3_NO_SENT,0.13052588457086572,0.13914479315280914
2024-12-18,GLD,XGBOOST_H3_NO_SENT,0.11573968274743034,0.13411393761634827
2024-12-19,GLD,XGBOOST_H3_NO_SENT,0.1158927960102723,0.13318544626235962
2024-12-20,GLD,XGBOOST_H3_NO_SENT,0.1134724002957182,0.1329924762248993
2024-12-23,GLD,XGBOOST_H3_NO_SENT,0.1109607030730083,0.1299847960472107
2024-12-24,GLD,XGBOOST_H3_NO_SENT,0.12076863670835769,0.12863285839557648
2024-12-26,GLD,XGBOOST_H3_NO_SENT,0.1218621209299904,0.13504794239997864
2024-12-27,GLD,XGBOOST_H3_NO_SENT,0.11922140128251485,0.13903121650218964
2024-12-30,GLD,XGBOOST_H3_NO_SENT,0.12492400721708863,0.14034466445446014
2024-12-31,GLD,XGBOOST_H3_NO_SENT,0.12460592580976147,0.14392711222171783
2025-01-02,GLD,XGBOOST_H3_NO_SENT,0.11897050473370015,0.14923788607120514
2025-01-03,GLD,XGBOOST_H3_NO_SENT,0.11421217783107986,0.1499294638633728
2025-01-06,GLD,XGBOOST_H3_NO_SENT,0.11294171489604149,0.1536981463432312
2025-01-07,GLD,XGBOOST_H3_NO_SENT,0.11528857672914519,0.15127535164356232
2025-01-08,GLD,XGBOOST_H3_NO_SENT,0.11532350378256492,0.1592167764902115
2025-01-10,GLD,XGBOOST_H3_NO_SENT,0.12297088785269754,0.15190067887306213
2025-01-13,GLD,XGBOOST_H3_NO_SENT,0.11527837393164173,0.15138784050941467
2025-01-14,GLD,XGBOOST_H3_NO_SENT,0.11574773955624056,0.1504501849412918
2025-01-15,GLD,XGBOOST_H3_NO_SENT,0.11697276476252479,0.14868704974651337
2025-01-16,GLD,XGBOOST_H3_NO_SENT,0.1345730676151819,0.1477566808462143
2025-01-17,GLD,XGBOOST_H3_NO_SENT,0.13873500693400853,0.14355243742465973
2025-01-21,GLD,XGBOOST_H3_NO_SENT,0.13264402795124816,0.14656414091587067
2025-01-22,GLD,XGBOOST_H3_NO_SENT,0.13285034908160806,0.14792673289775848
2025-01-23,GLD,XGBOOST_H3_NO_SENT,0.1326368781934663,0.1518859565258026
2025-01-24,GLD,XGBOOST_H3_NO_SENT,0.13242886572298163,0.15150991082191467
2025-01-27,GLD,XGBOOST_H3_NO_SENT,0.1365772990060189,0.1565115749835968
2025-01-28,GLD,XGBOOST_H3_NO_SENT,0.1350168807810297,0.15181823074817657
2025-01-29,GLD,XGBOOST_H3_NO_SENT,0.14791966954140645,0.15180079638957977
2025-01-30,GLD,XGBOOST_H3_NO_SENT,0.14238987929623345,0.1507692039012909
2025-01-31,GLD,XGBOOST_H3_NO_SENT,0.14872765037970048,0.15426521003246307
2025-02-03,GLD,XGBOOST_H3_NO_SENT,0.15031151263035905,0.15367384254932404
2025-02-04,GLD,XGBOOST_H3_NO_SENT,0.14727738512376956,0.14894427359104156
2025-02-05,GLD,XGBOOST_H3_NO_SENT,0.14779264829050756,0.14870111644268036
2025-02-06,GLD,XGBOOST_H3_NO_SENT,0.14724467432536464,0.15996892750263214
2025-02-07,GLD,XGBOOST_H3_NO_SENT,0.15116929479031138,0.16358515620231628
2025-02-10,GLD,XGBOOST_H3_NO_SENT,0.1447442084141096,0.17401275038719177
2025-02-11,GLD,XGBOOST_H3_NO_SENT,0.14473884685240573,0.17802681028842926
2025-02-12,GLD,XGBOOST_H3_NO_SENT,0.15691257249041377,0.17820888757705688
2025-02-13,GLD,XGBOOST_H3_NO_SENT,0.15372240411003443,0.16888156533241272
2025-02-14,GLD,XGBOOST_H3_NO_SENT,0.14239184029329666,0.16816601157188416
2025-02-18,GLD,XGBOOST_H3_NO_SENT,0.13679798471246593,0.16771730780601501
2025-02-19,GLD,XGBOOST_H3_NO_SENT,0.1369890419452313,0.1647919863462448
2025-02-20,GLD,XGBOOST_H3_NO_SENT,0.1373708903771409,0.1709994375705719
2025-02-21,GLD,XGBOOST_H3_NO_SENT,0.14151993226509627,0.17006918787956238
2025-02-24,GLD,XGBOOST_H3_NO_SENT,0.14215541611754312,0.1710084229707718
2025-02-25,GLD,XGBOOST_H3_NO_SENT,0.13224716180472013,0.1658085137605667
2025-02-26,GLD,XGBOOST_H3_NO_SENT,0.13257513332804816,0.16747668385505676
2025-02-27,GLD,XGBOOST_H3_NO_SENT,0.122371179834991,0.15678821504116058
2025-02-28,GLD,XGBOOST_H3_NO_SENT,0.11798252708913577,0.16112786531448364
2025-03-03,GLD,XGBOOST_H3_NO_SENT,0.11926725852580199,0.16504992544651031
2025-03-04,GLD,XGBOOST_H3_NO_SENT,0.11956587123898336,0.16635628044605255
2025-03-05,GLD,XGBOOST_H3_NO_SENT,0.11957001163182857,0.1739322692155838
2025-03-06,GLD,XGBOOST_H3_NO_SENT,0.12051389317156534,0.16684523224830627
2025-03-07,GLD,XGBOOST_H3_NO_SENT,0.1538371412969972,0.16209676861763
2025-03-10,GLD,XGBOOST_H3_NO_SENT,0.17174136438255072,0.17645491659641266
2025-03-11,GLD,XGBOOST_H3_NO_SENT,0.16820272089743327,0.1807558685541153
2025-03-12,GLD,XGBOOST_H3_NO_SENT,0.2095758562362875,0.17955876886844635
2025-03-13,GLD,XGBOOST_H3_NO_SENT,0.2168838867782537,0.17545805871486664
2025-03-14,GLD,XGBOOST_H3_NO_SENT,0.2237416972886681,0.1694147139787674
2025-03-17,GLD,XGBOOST_H3_NO_SENT,0.22626195600906562,0.16800826787948608
2025-03-18,GLD,XGBOOST_H3_NO_SENT,0.22431971486820104,0.17203843593597412
2025-03-19,GLD,XGBOOST_H3_NO_SENT,0.2467684267843171,0.17983925342559814
2025-03-20,GLD,XGBOOST_H3_NO_SENT,0.2479798866539732,0.17724329233169556
2025-03-21,GLD,XGBOOST_H3_NO_SENT,0.25986535976376707,0.17437729239463806
2025-03-24,GLD,XGBOOST_H3_NO_SENT,0.26747759371258883,0.1705971360206604
2025-03-25,GLD,XGBOOST_H3_NO_SENT,0.28798786096744056,0.1717226207256317
2025-03-26,GLD,XGBOOST_H3_NO_SENT,0.28946327709864555,0.17416036128997803
2025-03-27,GLD,XGBOOST_H3_NO_SENT,0.2930790144022197,0.17111051082611084
2025-03-28,GLD,XGBOOST_H3_NO_SENT,0.29512456985799046,0.17762340605258942
2025-03-31,GLD,XGBOOST_H3_NO_SENT,0.29661300513530214,0.18024303019046783
2025-04-01,GLD,XGBOOST_H3_NO_SENT,0.2984922773321067,0.17705200612545013
2025-04-02,GLD,XGBOOST_H3_NO_SENT,0.31017532003366555,0.18321028351783752
2025-04-03,GLD,XGBOOST_H3_NO_SENT,0.30885846111792276,0.1936204880475998
2025-04-04,GLD,XGBOOST_H3_NO_SENT,0.30788605390156604,0.20724321901798248
2025-04-07,GLD,XGBOOST_H3_NO_SENT,0.3016393066407567,0.22507938742637634
2025-04-08,GLD,XGBOOST_H3_NO_SENT,0.31178644722596666,0.19855228066444397
2025-04-09,GLD,XGBOOST_H3_NO_SENT,0.30318539566839314,0.213723286986351
2025-04-10,GLD,XGBOOST_H3_NO_SENT,0.2935398141316163,0.20888467133045197
2025-04-11,GLD,XGBOOST_H3_NO_SENT,0.30630245972402353,0.23744778335094452
2025-04-14,GLD,XGBOOST_H3_NO_SENT,0.3058577599786174,0.24057649075984955
2025-04-15,GLD,XGBOOST_H3_NO_SENT,0.3148009877059678,0.24496357142925262
2025-04-16,GLD,XGBOOST_H3_NO_SENT,0.29718103215707237,0.2415439337491989
2025-04-17,GLD,XGBOOST_H3_NO_SENT,0.2994222365988251,0.2436770647764206
2025-04-21,GLD,XGBOOST_H3_NO_SENT,0.27996512328492923,0.17866037786006927
2025-04-22,GLD,XGBOOST_H3_NO_SENT,0.28628653894811873,0.1619149148464203
2025-04-23,GLD,XGBOOST_H3_NO_SENT,0.27427783250169396,0.16370172798633575
2025-04-24,GLD,XGBOOST_H3_NO_SENT,0.27086556516903315,0.16111022233963013
2025-04-25,GLD,XGBOOST_H3_NO_SENT,0.2793168164770922,0.15824788808822632
2025-04-28,GLD,XGBOOST_H3_NO_SENT,0.28155119914549764,0.15491467714309692
2025-04-29,GLD,XGBOOST_H3_NO_SENT,0.27960698531539996,0.15553206205368042
2025-04-30,GLD,XGBOOST_H3_NO_SENT,0.27911771091495546,0.15579678118228912
2025-05-01,GLD,XGBOOST_H3_NO_SENT,0.26904922445085505,0.1521187126636505
2025-05-02,GLD,XGBOOST_H3_NO_SENT,0.2835731946809088,0.14970016479492188
2025-05-05,GLD,XGBOOST_H3_NO_SENT,0.26699156877360675,0.14259983599185944
2025-05-06,GLD,XGBOOST_H3_NO_SENT,0.24816692558446637,0.15337319672107697
2025-05-07,GLD,XGBOOST_H3_NO_SENT,0.24295659164292766,0.1497858613729477
2025-05-08,GLD,XGBOOST_H3_NO_SENT,0.2370903894393577,0.14561592042446136
2025-05-09,GLD,XGBOOST_H3_NO_SENT,0.2362510680166406,0.14831316471099854
2025-05-12,GLD,XGBOOST_H3_NO_SENT,0.21081835287953776,0.15978696942329407
2025-05-13,GLD,XGBOOST_H3_NO_SENT,0.211062746448007,0.16813482344150543
2025-05-14,GLD,XGBOOST_H3_NO_SENT,0.19625622147162503,0.15830029547214508
2025-05-15,GLD,XGBOOST_H3_NO_SENT,0.19407907948194897,0.1610082983970642
2025-05-16,GLD,XGBOOST_H3_NO_SENT,0.19650241254167647,0.15653404593467712
2025-05-19,GLD,XGBOOST_H3_NO_SENT,0.19309989946636846,0.1598462462425232
2025-05-20,GLD,XGBOOST_H3_NO_SENT,0.18499960305141955,0.16339847445487976
2025-05-21,GLD,XGBOOST_H3_NO_SENT,0.18356100796697983,0.16219210624694824
2025-05-22,GLD,XGBOOST_H3_NO_SENT,0.18014179275104092,0.16175207495689392
2025-05-23,GLD,XGBOOST_H3_NO_SENT,0.17294693056640553,0.16538909077644348
2025-05-27,GLD,XGBOOST_H3_NO_SENT,0.1618542841141585,0.16783276200294495
2025-05-28,GLD,XGBOOST_H3_NO_SENT,0.16165004682249096,0.16399607062339783
2025-05-29,GLD,XGBOOST_H3_NO_SENT,0.17328785407565533,0.17036660015583038
2025-05-30,GLD,XGBOOST_H3_NO_SENT,0.17737406021897656,0.16865159571170807
2025-06-02,GLD,XGBOOST_H3_NO_SENT,0.15255714808987472,0.15772809088230133
2025-06-03,GLD,XGBOOST_H3_NO_SENT,0.15081094523826669,0.15195772051811218
2025-06-04,GLD,XGBOOST_H3_NO_SENT,0.15073601804152986,0.14463281631469727
2025-06-05,GLD,XGBOOST_H3_NO_SENT,0.14986734400098264,0.1405610293149948
2025-06-06,GLD,XGBOOST_H3_NO_SENT,0.14670277325864228,0.1359083652496338
2025-06-09,GLD,XGBOOST_H3_NO_SENT,0.1465968644708784,0.12909001111984253
2025-06-10,GLD,XGBOOST_H3_NO_SENT,0.1468393314529522,0.13765285909175873
2025-06-11,GLD,XGBOOST_H3_NO_SENT,0.1496134126344665,0.14081957936286926
2025-06-12,GLD,XGBOOST_H3_NO_SENT,0.14291334031577999,0.13405287265777588
2025-06-13,GLD,XGBOOST_H3_NO_SENT,0.13380509820822753,0.14725986123085022
2025-06-16,GLD,XGBOOST_H3_NO_SENT,0.12663215406777834,0.14358104765415192
2025-06-17,GLD,XGBOOST_H3_NO_SENT,0.12668747902850946,0.13951122760772705
2025-06-18,GLD,XGBOOST_H3_NO_SENT,0.12593241201210958,0.1365841180086136
2025-06-20,GLD,XGBOOST_H3_NO_SENT,0.13749627098140324,0.1413976550102234
2025-06-23,GLD,XGBOOST_H3_NO_SENT,0.14090648938791886,0.1362895667552948
2025-06-24,GLD,XGBOOST_H3_NO_SENT,0.13605662455097475,0.13760492205619812
2025-06-25,GLD,XGBOOST_H3_NO_SENT,0.1380899172331176,0.1349310725927353
2025-06-26,GLD,XGBOOST_H3_NO_SENT,0.1423527899678634,0.13223031163215637
2025-06-27,GLD,XGBOOST_H3_NO_SENT,0.12752678819472152,0.12390592694282532
2025-06-30,GLD,XGBOOST_H3_NO_SENT,0.12080136274825821,0.11723950505256653
2025-07-01,GLD,XGBOOST_H3_NO_SENT,0.1314394449306785,0.12717805802822113
2025-07-02,GLD,XGBOOST_H3_NO_SENT,0.13223562246625772,0.12541726231575012
2025-07-03,GLD,XGBOOST_H3_NO_SENT,0.1499134625411716,0.12751799821853638
2025-07-07,GLD,XGBOOST_H3_NO_SENT,0.15117509821254488,0.12971928715705872
2025-07-08,GLD,XGBOOST_H3_NO_SENT,0.14541085016848487,0.13227684795856476
2025-07-09,GLD,XGBOOST_H3_NO_SENT,0.14529312921470178,0.14013463258743286
2025-07-10,GLD,XGBOOST_H3_NO_SENT,0.14772651047601532,0.14476227760314941
2025-07-11,GLD,XGBOOST_H3_NO_SENT,0.14435765414826407,0.15090948343276978
2025-07-14,GLD,XGBOOST_H3_NO_SENT,0.1534421950267135,0.14828665554523468
2025-07-15,GLD,XGBOOST_H3_NO_SENT,0.1526788546267393,0.13770802319049835
2025-07-16,GLD,XGBOOST_H3_NO_SENT,0.1520387137402754,0.14401285350322723
2025-07-17,GLD,XGBOOST_H3_NO_SENT,0.15360580715398847,0.14375533163547516
2025-07-18,GLD,XGBOOST_H3_NO_SENT,0.15331068991017416,0.1502416580915451
2025-07-21,GLD,XGBOOST_H3_NO_SENT,0.14210449170525533,0.1554616242647171
2025-07-22,GLD,XGBOOST_H3_NO_SENT,0.13736355617970797,0.153872549533844
2025-07-23,GLD,XGBOOST_H3_NO_SENT,0.1373105017953379,0.14229606091976166
2025-07-24,GLD,XGBOOST_H3_NO_SENT,0.13621175066203464,0.15816912055015564
2025-07-25,GLD,XGBOOST_H3_NO_SENT,0.1374916631175363,0.15017403662204742
2025-07-28,GLD,XGBOOST_H3_NO_SENT,0.13548198067467618,0.1480032056570053
2025-07-29,GLD,XGBOOST_H3_NO_SENT,0.13729826185567617,0.13937632739543915
2025-07-30,GLD,XGBOOST_H3_NO_SENT,0.11891604569580963,0.1223294734954834
2025-07-31,GLD,XGBOOST_H3_NO_SENT,0.11934996233329968,0.13044901192188263
2025-08-01,GLD,XGBOOST_H3_NO_SENT,0.10286796574720104,0.12439358979463577
2025-08-04,GLD,XGBOOST_H3_NO_SENT,0.12847868696423942,0.12976525723934174
2025-08-05,GLD,XGBOOST_H3_NO_SENT,0.12978742997661746,0.13844241201877594
2025-08-06,GLD,XGBOOST_H3_NO_SENT,0.13116418955787734,0.13961295783519745
2025-08-07,GLD,XGBOOST_H3_NO_SENT,0.13511438780294716,0.13017679750919342
2025-08-08,GLD,XGBOOST_H3_NO_SENT,0.13789376775316164,0.12572446465492249
2025-08-11,GLD,XGBOOST_H3_NO_SENT,0.12294479239582715,0.1283246874809265
2025-08-12,GLD,XGBOOST_H3_NO_SENT,0.12160670384155955,0.11973036080598831
2025-08-13,GLD,XGBOOST_H3_NO_SENT,0.12323230669547841,0.12632955610752106
2025-08-14,GLD,XGBOOST_H3_NO_SENT,0.11738125130022435,0.13408809900283813
2025-08-15,GLD,XGBOOST_H3_NO_SENT,0.11830245248840646,0.13412198424339294
2025-08-18,GLD,XGBOOST_H3_NO_SENT,0.11639048418536713,0.1362496018409729
2025-08-19,GLD,XGBOOST_H3_NO_SENT,0.1193396147767504,0.1430012434720993
2025-08-20,GLD,XGBOOST_H3_NO_SENT,0.12175608932127423,0.1334678679704666
2025-08-21,GLD,XGBOOST_H3_NO_SENT,0.12014320037629866,0.13980506360530853
2025-08-22,GLD,XGBOOST_H3_NO_SENT,0.12631112916128928,0.14895005524158478
2025-08-25,GLD,XGBOOST_H3_NO_SENT,0.1231373206537283,0.15415629744529724
2025-08-26,GLD,XGBOOST_H3_NO_SENT,0.1334632119513387,0.1542111486196518
2025-08-27,GLD,XGBOOST_H3_NO_SENT,0.13309331323822998,0.1573818475008011
2025-08-28,GLD,XGBOOST_H3_NO_SENT,0.13280976285404592,0.16188035905361176
2025-08-29,GLD,XGBOOST_H3_NO_SENT,0.13811560987786806,0.15677180886268616
2025-09-02,GLD,XGBOOST_H3_NO_SENT,0.12112102996299702,0.15202534198760986
2025-09-03,GLD,XGBOOST_H3_NO_SENT,0.12081145852935031,0.14781469106674194
2025-09-04,GLD,XGBOOST_H3_NO_SENT,0.11997690752893196,0.13774801790714264
2025-09-05,GLD,XGBOOST_H3_NO_SENT,0.11605710785841644,0.13943889737129211
2025-09-08,GLD,XGBOOST_H3_NO_SENT,0.1249130819469668,0.13905292749404907
2025-09-09,GLD,XGBOOST_H3_NO_SENT,0.12254417522989657,0.13982486724853516
2025-09-10,GLD,XGBOOST_H3_NO_SENT,0.1293369526274724,0.13920889794826508
2025-09-11,GLD,XGBOOST_H3_NO_SENT,0.1532517222857177,0.14366799592971802
2025-09-12,GLD,XGBOOST_H3_NO_SENT,0.15424353276731867,0.14449873566627502
2025-09-15,GLD,XGBOOST_H3_NO_SENT,0.16780359323189173,0.1501123011112213
2025-09-16,GLD,XGBOOST_H3_NO_SENT,0.167383888370343,0.14215661585330963
2025-09-17,GLD,XGBOOST_H3_NO_SENT,0.16413401103969202,0.13894490897655487
2025-09-18,GLD,XGBOOST_H3_NO_SENT,0.16825158851356387,0.1415480524301529
2025-09-19,GLD,XGBOOST_H3_NO_SENT,0.19382207987328456,0.1389206349849701
2025-09-22,GLD,XGBOOST_H3_NO_SENT,0.2168158852957304,0.14795053005218506
2025-09-23,GLD,XGBOOST_H3_NO_SENT,0.34142176909869815,0.14631278812885284
2025-09-24,GLD,XGBOOST_H3_NO_SENT,0.3381916481020895,0.145295649766922
2025-09-25,GLD,XGBOOST_H3_NO_SENT,0.3381956975698276,0.15748965740203857
2025-09-26,GLD,XGBOOST_H3_NO_SENT,0.3393666458727919,0.16929151117801666
2025-09-29,GLD,XGBOOST_H3_NO_SENT,0.35482917355941135,0.16603125631809235
2025-09-30,GLD,XGBOOST_H3_NO_SENT,0.35540029365665565,0.1713111698627472
2025-10-01,GLD,XGBOOST_H3_NO_SENT,0.3558435461164358,0.1714361160993576
2025-10-02,GLD,XGBOOST_H3_NO_SENT,0.3613067095864003,0.16284863650798798
2025-10-03,GLD,XGBOOST_H3_NO_SENT,0.3615546597832176,0.19195397198200226
2025-10-06,GLD,XGBOOST_H3_NO_SENT,0.3558070741398997,0.1928795427083969
2025-10-07,GLD,XGBOOST_H3_NO_SENT,0.3611200236248878,0.19521760940551758
2025-10-08,GLD,XGBOOST_H3_NO_SENT,0.3585072222472645,0.19425268471240997
2025-10-09,GLD,XGBOOST_H3_NO_SENT,0.35228750022717353,0.19533030688762665
2025-10-10,GLD,XGBOOST_H3_NO_SENT,0.351084132215319,0.19716934859752655
2025-10-14,GLD,XGBOOST_H3_NO_SENT,0.35326571995286743,0.1975729614496231
2025-10-15,GLD,XGBOOST_H3_NO_SENT,0.3525100102820834,0.19905981421470642
2025-10-16,GLD,XGBOOST_H3_NO_SENT,0.34242023876752353,0.2086520493030548
2025-10-17,GLD,XGBOOST_H3_NO_SENT,0.34190748408920574,0.19552506506443024
2025-10-20,GLD,XGBOOST_H3_NO_SENT,0.31319088715910975,0.19427688419818878
2025-10-21,GLD,XGBOOST_H3_NO_SENT,0.21120864106573933,0.19300609827041626
2025-10-22,GLD,XGBOOST_H3_NO_SENT,0.2113246019207162,0.18856032192707062
2025-10-23,GLD,XGBOOST_H3_NO_SENT,0.2107138935278594,0.1791406273841858
2025-10-24,GLD,XGBOOST_H3_NO_SENT,0.21048866460724328,0.18571403622627258
2025-10-27,GLD,XGBOOST_H3_NO_SENT,0.1903490235719916,0.18147830665111542
2025-10-28,GLD,XGBOOST_H3_NO_SENT,0.18760252833968413,0.1958419233560562
2025-10-29,GLD,XGBOOST_H3_NO_SENT,0.18733858541383647,0.17351576685905457
2025-10-30,GLD,XGBOOST_H3_NO_SENT,0.18048406526977656,0.19801951944828033
2025-10-31,GLD,XGBOOST_H3_NO_SENT,0.17827274827827533,0.1765706092119217
2025-11-03,GLD,XGBOOST_H3_NO_SENT,0.18130642289684099,0.2358342856168747
2025-11-04,GLD,XGBOOST_H3_NO_SENT,0.16574286253976153,0.23984301090240479
2025-11-05,GLD,XGBOOST_H3_NO_SENT,0.16306039092854685,0.23543846607208252
2025-11-06,GLD,XGBOOST_H3_NO_SENT,0.16326003332310057,0.21262677013874054
2025-11-07,GLD,XGBOOST_H3_NO_SENT,0.16379918604325247,0.21527031064033508
2025-11-10,GLD,XGBOOST_H3_NO_SENT,0.13611575369825113,0.21548523008823395
2025-11-12,GLD,XGBOOST_H3_NO_SENT,0.12974873076114854,0.21588017046451569
2025-11-13,GLD,XGBOOST_H3_NO_SENT,0.1261409745497854,0.21580781042575836
2025-11-14,GLD,XGBOOST_H3_NO_SENT,0.1022803351510027,0.21764850616455078
2025-11-17,GLD,XGBOOST_H3_NO_SENT,0.08834615066102976,0.20979999005794525
2025-11-18,GLD,XGBOOST_H3_NO_SENT,0.08926831998779179,0.20902469754219055
2025-11-19,GLD,XGBOOST_H3_NO_SENT,0.09089955483446654,0.2146940678358078
2025-11-20,GLD,XGBOOST_H3_NO_SENT,0.09034372355266981,0.24981920421123505
2025-11-21,GLD,XGBOOST_H3_NO_SENT,0.11235339019442633,0.24441063404083252
2025-11-24,GLD,XGBOOST_H3_NO_SENT,0.10924515251474916,0.22940166294574738
2025-11-25,GLD,XGBOOST_H3_NO_SENT,0.11215595963472991,0.2188177853822708
2025-11-26,GLD,XGBOOST_H3_NO_SENT,0.11457365156336435,0.20284393429756165
2025-11-28,GLD,XGBOOST_H3_NO_SENT,0.2038950670671636,0.21895432472229004
2025-12-01,GLD,XGBOOST_H3_NO_SENT,0.203494415665193,0.20779012143611908
2025-12-02,GLD,XGBOOST_H3_NO_SENT,0.20350840619635732,0.24079670011997223
2025-12-03,GLD,XGBOOST_H3_NO_SENT,0.2037804847025641,0.24212102591991425
2025-12-04,GLD,XGBOOST_H3_NO_SENT,0.22151136432150112,0.24150243401527405
2025-12-05,GLD,XGBOOST_H3_NO_SENT,0.22260012133479837,0.2370138019323349
2025-12-08,GLD,XGBOOST_H3_NO_SENT,0.22642384257601017,0.2610367238521576
2025-12-09,GLD,XGBOOST_H3_NO_SENT,0.2264756736548183,0.28124845027923584
2025-12-10,GLD,XGBOOST_H3_NO_SENT,0.22693417924568973,0.2499183714389801
2025-12-11,GLD,XGBOOST_H3_NO_SENT,0.23203919961555997,0.27736425399780273
2025-12-12,GLD,XGBOOST_H3_NO_SENT,0.23256004579655384,0.24104425311088562
2025-12-15,GLD,XGBOOST_H3_NO_SENT,0.2336676276896519,0.2522771954536438
2025-12-16,GLD,XGBOOST_H3_NO_SENT,0.23599668089540413,0.2790772318840027
2025-12-17,GLD,XGBOOST_H3_NO_SENT,0.2368642757786476,0.2792071998119354
2025-12-18,GLD,XGBOOST_H3_NO_SENT,0.2656661249999886,0.25259095430374146
2025-12-19,GLD,XGBOOST_H3_NO_SENT,0.267546191171409,0.24838930368423462
2025-12-22,GLD,XGBOOST_H3_NO_SENT,0.2640748978854899,0.24451503157615662
2025-12-23,GLD,XGBOOST_H3_NO_SENT,0.2642782423821694,0.24475328624248505
2025-12-24,GLD,XGBOOST_H3_NO_SENT,0.2639312460046464,0.2296246588230133
2025-12-26,GLD,XGBOOST_H3_NO_SENT,0.27117943921170035,0.25638115406036377
2025-12-29,GLD,XGBOOST_H3_NO_SENT,0.21763388840649375,0.22966235876083374
2025-12-30,GLD,XGBOOST_H3_NO_SENT,0.2165316444624226,0.22670090198516846
2025-12-31,GLD,XGBOOST_H3_NO_SENT,0.4740791630944094,0.2076825201511383
2024-10-16,DBC,XGBOOST_H3_NO_SENT,0.1833858241249107,0.20233778655529022
2024-10-17,DBC,XGBOOST_H3_NO_SENT,0.18316964322454712,0.2045626938343048
2024-10-18,DBC,XGBOOST_H3_NO_SENT,0.1830730282135535,0.2003120332956314
2024-10-21,DBC,XGBOOST_H3_NO_SENT,0.20134370047672293,0.2033166140317917
2024-10-22,DBC,XGBOOST_H3_NO_SENT,0.1910976026126938,0.20531797409057617
2024-10-23,DBC,XGBOOST_H3_NO_SENT,0.19024276653728173,0.20529501140117645
2024-10-24,DBC,XGBOOST_H3_NO_SENT,0.19222288732023024,0.20435011386871338
2024-10-25,DBC,XGBOOST_H3_NO_SENT,0.19036298100384816,0.17950789630413055
2024-10-28,DBC,XGBOOST_H3_NO_SENT,0.171108027699658,0.17724642157554626
2024-10-29,DBC,XGBOOST_H3_NO_SENT,0.17096302324444976,0.1861393302679062
2024-10-30,DBC,XGBOOST_H3_NO_SENT,0.16552141112694402,0.18051135540008545
2024-10-31,DBC,XGBOOST_H3_NO_SENT,0.16336399560233095,0.1744304746389389
2024-11-01,DBC,XGBOOST_H3_NO_SENT,0.16110894927555885,0.1746009886264801
2024-11-04,DBC,XGBOOST_H3_NO_SENT,0.15407609607887268,0.17213372886180878
2024-11-05,DBC,XGBOOST_H3_NO_SENT,0.1523108691015626,0.17260923981666565
2024-11-06,DBC,XGBOOST_H3_NO_SENT,0.14829345966050508,0.18442712724208832
2024-11-07,DBC,XGBOOST_H3_NO_SENT,0.14367576759620493,0.17784608900547028
2024-11-08,DBC,XGBOOST_H3_NO_SENT,0.14024019560437995,0.17684444785118103
2024-11-12,DBC,XGBOOST_H3_NO_SENT,0.13388870734428487,0.1841399073600769
2024-11-13,DBC,XGBOOST_H3_NO_SENT,0.13426329611184185,0.17727655172348022
2024-11-14,DBC,XGBOOST_H3_NO_SENT,0.13418914466093856,0.19746345281600952
2024-11-15,DBC,XGBOOST_H3_NO_SENT,0.13440461339699145,0.19638876616954803
2024-11-18,DBC,XGBOOST_H3_NO_SENT,0.10962170562436312,0.18565569818019867
2024-11-19,DBC,XGBOOST_H3_NO_SENT,0.11274058269855075,0.17947480082511902
2024-11-20,DBC,XGBOOST_H3_NO_SENT,0.11278879232531658,0.16640514135360718
2024-11-21,DBC,XGBOOST_H3_NO_SENT,0.11209393608409003,0.17566034197807312
2024-11-22,DBC,XGBOOST_H3_NO_SENT,0.11206518105476958,0.16810870170593262
2024-11-25,DBC,XGBOOST_H3_NO_SENT,0.10316394168794042,0.17190079391002655
2024-11-26,DBC,XGBOOST_H3_NO_SENT,0.10359764647227994,0.17117519676685333
2024-11-27,DBC,XGBOOST_H3_NO_SENT,0.1032507861025456,0.16988790035247803
2024-11-29,DBC,XGBOOST_H3_NO_SENT,0.1078580096114319,0.17202778160572052
2024-12-02,DBC,XGBOOST_H3_NO_SENT,0.10483383666100343,0.17988547682762146
2024-12-03,DBC,XGBOOST_H3_NO_SENT,0.1029987946421418,0.1814573109149933
2024-12-04,DBC,XGBOOST_H3_NO_SENT,0.10274697036801463,0.18385423719882965
2024-12-05,DBC,XGBOOST_H3_NO_SENT,0.1023372791900159,0.17662371695041656
2024-12-06,DBC,XGBOOST_H3_NO_SENT,0.09712157319092479,0.16638348996639252
2024-12-09,DBC,XGBOOST_H3_NO_SENT,0.09364635520851515,0.16885173320770264
2024-12-10,DBC,XGBOOST_H3_NO_SENT,0.12947062260565947,0.17792567610740662
2024-12-11,DBC,XGBOOST_H3_NO_SENT,0.1253283152898557,0.17296358942985535
2024-12-12,DBC,XGBOOST_H3_NO_SENT,0.12356660463433057,0.17762646079063416
2024-12-13,DBC,XGBOOST_H3_NO_SENT,0.13190456235818,0.1784091293811798
2024-12-16,DBC,XGBOOST_H3_NO_SENT,0.13110475638593191,0.1787898987531662
2024-12-17,DBC,XGBOOST_H3_NO_SENT,0.1289603028464537,0.18205071985721588
2024-12-18,DBC,XGBOOST_H3_NO_SENT,0.1243135803432156,0.1768023818731308
2024-12-19,DBC,XGBOOST_H3_NO_SENT,0.12470544441315919,0.17850570380687714
2024-12-20,DBC,XGBOOST_H3_NO_SENT,0.12680366077227254,0.16998916864395142
2024-12-23,DBC,XGBOOST_H3_NO_SENT,0.12688716035735503,0.1645779013633728
2024-12-24,DBC,XGBOOST_H3_NO_SENT,0.1423406018576004,0.16058237850666046
2024-12-26,DBC,XGBOOST_H3_NO_SENT,0.14123476627764286,0.16313698887825012
2024-12-27,DBC,XGBOOST_H3_NO_SENT,0.14093092888499467,0.16634856164455414
2024-12-30,DBC,XGBOOST_H3_NO_SENT,0.13861279603221724,0.16285525262355804
2024-12-31,DBC,XGBOOST_H3_NO_SENT,0.13852327371932663,0.1659620851278305
2025-01-02,DBC,XGBOOST_H3_NO_SENT,0.13704505349110846,0.16683341562747955
2025-01-03,DBC,XGBOOST_H3_NO_SENT,0.1350230431300615,0.16365337371826172
2025-01-06,DBC,XGBOOST_H3_NO_SENT,0.13794813662103872,0.1690778136253357
2025-01-07,DBC,XGBOOST_H3_NO_SENT,0.137379883278165,0.16763310134410858
2025-01-08,DBC,XGBOOST_H3_NO_SENT,0.13698164297366258,0.16714681684970856
2025-01-10,DBC,XGBOOST_H3_NO_SENT,0.11158606527181944,0.16574956476688385
2025-01-13,DBC,XGBOOST_H3_NO_SENT,0.11188312846510867,0.16589640080928802
2025-01-14,DBC,XGBOOST_H3_NO_SENT,0.11934332049434501,0.16268379986286163
2025-01-15,DBC,XGBOOST_H3_NO_SENT,0.10530834891086,0.14949920773506165
2025-01-16,DBC,XGBOOST_H3_NO_SENT,0.10433721788275656,0.15047375857830048
2025-01-17,DBC,XGBOOST_H3_NO_SENT,0.1155720288322707,0.14391008019447327
2025-01-21,DBC,XGBOOST_H3_NO_SENT,0.116304161530399,0.1446959376335144
2025-01-22,DBC,XGBOOST_H3_NO_SENT,0.11601473570511904,0.14823897182941437
2025-01-23,DBC,XGBOOST_H3_NO_SENT,0.12734050350026666,0.14606830477714539
2025-01-24,DBC,XGBOOST_H3_NO_SENT,0.12830603625206724,0.14479702711105347
2025-01-27,DBC,XGBOOST_H3_NO_SENT,0.12197206689956497,0.15145285427570343
2025-01-28,DBC,XGBOOST_H3_NO_SENT,0.12649922779492068,0.1561175435781479
2025-01-29,DBC,XGBOOST_H3_NO_SENT,0.12644208585012903,0.15150010585784912
2025-01-30,DBC,XGBOOST_H3_NO_SENT,0.12963970937833355,0.1576606184244156
2025-01-31,DBC,XGBOOST_H3_NO_SENT,0.1314782586069701,0.16166609525680542
2025-02-03,DBC,XGBOOST_H3_NO_SENT,0.12880432870564779,0.16226716339588165
2025-02-04,DBC,XGBOOST_H3_NO_SENT,0.1284696395089398,0.1571889966726303
2025-02-05,DBC,XGBOOST_H3_NO_SENT,0.12780948175264914,0.15799622237682343
2025-02-06,DBC,XGBOOST_H3_NO_SENT,0.13205913743198328,0.16746017336845398
2025-02-07,DBC,XGBOOST_H3_NO_SENT,0.13378804877456094,0.16498394310474396
2025-02-10,DBC,XGBOOST_H3_NO_SENT,0.12391438623982792,0.17088481783866882
2025-02-11,DBC,XGBOOST_H3_NO_SENT,0.11977503027547882,0.17462928593158722
2025-02-12,DBC,XGBOOST_H3_NO_SENT,0.11456909668297999,0.16973690688610077
2025-02-13,DBC,XGBOOST_H3_NO_SENT,0.11497375190376079,0.17068688571453094
2025-02-14,DBC,XGBOOST_H3_NO_SENT,0.11823011134636689,0.17090435326099396
2025-02-18,DBC,XGBOOST_H3_NO_SENT,0.10348833811292482,0.1669745296239853
2025-02-19,DBC,XGBOOST_H3_NO_SENT,0.10174480788721203,0.16614539921283722
2025-02-20,DBC,XGBOOST_H3_NO_SENT,0.10194896770806702,0.16779828071594238
2025-02-21,DBC,XGBOOST_H3_NO_SENT,0.09244556654757495,0.16894719004631042
2025-02-24,DBC,XGBOOST_H3_NO_SENT,0.09353015576038612,0.16701370477676392
2025-02-25,DBC,XGBOOST_H3_NO_SENT,0.08547350713797044,0.1628236174583435
2025-02-26,DBC,XGBOOST_H3_NO_SENT,0.07981181488694741,0.17349383234977722
2025-02-27,DBC,XGBOOST_H3_NO_SENT,0.08022592291369142,0.1892104297876358
2025-02-28,DBC,XGBOOST_H3_NO_SENT,0.07578743376724793,0.17225965857505798
2025-03-03,DBC,XGBOOST_H3_NO_SENT,0.08516364758860007,0.19693686068058014
2025-03-04,DBC,XGBOOST_H3_NO_SENT,0.08497194175687373,0.19424942135810852
2025-03-05,DBC,XGBOOST_H3_NO_SENT,0.08525267714004506,0.20204295217990875
2025-03-06,DBC,XGBOOST_H3_NO_SENT,0.173339113644764,0.19976280629634857
2025-03-07,DBC,XGBOOST_H3_NO_SENT,0.21395064340101239,0.19579997658729553
2025-03-10,DBC,XGBOOST_H3_NO_SENT,0.21892813647088766,0.201684832572937
2025-03-11,DBC,XGBOOST_H3_NO_SENT,0.22731533386303238,0.22030967473983765
2025-03-12,DBC,XGBOOST_H3_NO_SENT,0.2675525566534206,0.20453013479709625
2025-03-13,DBC,XGBOOST_H3_NO_SENT,0.2699332020316978,0.2015869915485382
2025-03-14,DBC,XGBOOST_H3_NO_SENT,0.275427249128635,0.23122042417526245
2025-03-17,DBC,XGBOOST_H3_NO_SENT,0.27352446965634536,0.21323545277118683
2025-03-18,DBC,XGBOOST_H3_NO_SENT,0.2735218874228498,0.23906797170639038
2025-03-19,DBC,XGBOOST_H3_NO_SENT,0.27700095258644963,0.2361648976802826
2025-03-20,DBC,XGBOOST_H3_NO_SENT,0.2803799428147825,0.22801420092582703
2025-03-21,DBC,XGBOOST_H3_NO_SENT,0.28100339789646533,0.21964463591575623
2025-03-24,DBC,XGBOOST_H3_NO_SENT,0.2813286493020789,0.2126518338918686
2025-03-25,DBC,XGBOOST_H3_NO_SENT,0.28165616688674167,0.21494440734386444
2025-03-26,DBC,XGBOOST_H3_NO_SENT,0.2845907244550526,0.243948295712471
2025-03-27,DBC,XGBOOST_H3_NO_SENT,0.28434313959044744,0.2333848625421524
2025-03-28,DBC,XGBOOST_H3_NO_SENT,0.2846033089782938,0.23470371961593628
2025-03-31,DBC,XGBOOST_H3_NO_SENT,0.280326002021033,0.20257222652435303
2025-04-01,DBC,XGBOOST_H3_NO_SENT,0.28496629670189316,0.19741950929164886
2025-04-02,DBC,XGBOOST_H3_NO_SENT,0.28433296237139644,0.19848234951496124
2025-04-03,DBC,XGBOOST_H3_NO_SENT,0.2508627727576448,0.30607903003692627
2025-04-04,DBC,XGBOOST_H3_NO_SENT,0.21556724478793426,0.35728222131729126
2025-04-07,DBC,XGBOOST_H3_NO_SENT,0.21460107660658528,0.3356451690196991
2025-04-08,DBC,XGBOOST_H3_NO_SENT,0.2027109317100213,0.32812801003456116
2025-04-09,DBC,XGBOOST_H3_NO_SENT,0.16425420059093257,0.2900810241699219
2025-04-10,DBC,XGBOOST_H3_NO_SENT,0.15908493664629697,0.2890007495880127
2025-04-11,DBC,XGBOOST_H3_NO_SENT,0.15272720562979222,0.24524272978305817
2025-04-14,DBC,XGBOOST_H3_NO_SENT,0.16128177096633564,0.24142231047153473
2025-04-15,DBC,XGBOOST_H3_NO_SENT,0.16244180499642685,0.2564300000667572
2025-04-16,DBC,XGBOOST_H3_NO_SENT,0.16165232252892342,0.2430061250925064
2025-04-17,DBC,XGBOOST_H3_NO_SENT,0.15771265468590454,0.23478764295578003
2025-04-21,DBC,XGBOOST_H3_NO_SENT,0.15490974201503085,0.23776112496852875
2025-04-22,DBC,XGBOOST_H3_NO_SENT,0.16064889547868974,0.2416526973247528
2025-04-23,DBC,XGBOOST_H3_NO_SENT,0.15811674292042102,0.24074821174144745
2025-04-24,DBC,XGBOOST_H3_NO_SENT,0.15619193201835693,0.2344065010547638
2025-04-25,DBC,XGBOOST_H3_NO_SENT,0.15743184811231495,0.21735015511512756
2025-04-28,DBC,XGBOOST_H3_NO_SENT,0.15944399637685994,0.21127678453922272
2025-04-29,DBC,XGBOOST_H3_NO_SENT,0.15277593717917234,0.21195946633815765
2025-04-30,DBC,XGBOOST_H3_NO_SENT,0.13688608208713687,0.21433211863040924
2025-05-01,DBC,XGBOOST_H3_NO_SENT,0.13953301123727124,0.20991098880767822
2025-05-02,DBC,XGBOOST_H3_NO_SENT,0.15679590827209655,0.20310430228710175
2025-05-05,DBC,XGBOOST_H3_NO_SENT,0.15546916622273865,0.20851054787635803
2025-05-06,DBC,XGBOOST_H3_NO_SENT,0.14879810867952376,0.20954522490501404
2025-05-07,DBC,XGBOOST_H3_NO_SENT,0.14037025065520123,0.21168272197246552
2025-05-08,DBC,XGBOOST_H3_NO_SENT,0.1361395084579149,0.21430522203445435
2025-05-09,DBC,XGBOOST_H3_NO_SENT,0.13429697751145891,0.19581912457942963
2025-05-12,DBC,XGBOOST_H3_NO_SENT,0.13333715599701082,0.2075125128030777
2025-05-13,DBC,XGBOOST_H3_NO_SENT,0.1343045342795141,0.2062320113182068
2025-05-14,DBC,XGBOOST_H3_NO_SENT,0.13249960436851652,0.20445579290390015
2025-05-15,DBC,XGBOOST_H3_NO_SENT,0.1622228744017191,0.20523212850093842
2025-05-16,DBC,XGBOOST_H3_NO_SENT,0.16143465052877315,0.2098257839679718
2025-05-19,DBC,XGBOOST_H3_NO_SENT,0.17216930279314968,0.20967549085617065
2025-05-20,DBC,XGBOOST_H3_NO_SENT,0.16939172940248143,0.21008720993995667
2025-05-21,DBC,XGBOOST_H3_NO_SENT,0.16829859130540492,0.20975027978420258
2025-05-22,DBC,XGBOOST_H3_NO_SENT,0.22291411112283918,0.2090694159269333
2025-05-23,DBC,XGBOOST_H3_NO_SENT,0.24206543948119233,0.2047937512397766
2025-05-27,DBC,XGBOOST_H3_NO_SENT,0.2394181714515353,0.18888182938098907
2025-05-28,DBC,XGBOOST_H3_NO_SENT,0.23887209686053973,0.18702442944049835
2025-05-29,DBC,XGBOOST_H3_NO_SENT,0.23880271591464336,0.17623934149742126
2025-05-30,DBC,XGBOOST_H3_NO_SENT,0.23628868361140898,0.17378631234169006
2025-06-02,DBC,XGBOOST_H3_NO_SENT,0.226263722874097,0.17206215858459473
2025-06-03,DBC,XGBOOST_H3_NO_SENT,0.23176765570596805,0.17822328209877014
2025-06-04,DBC,XGBOOST_H3_NO_SENT,0.2310007838066715,0.17798230051994324
2025-06-05,DBC,XGBOOST_H3_NO_SENT,0.2310130491057793,0.18244078755378723
2025-06-06,DBC,XGBOOST_H3_NO_SENT,0.22996309294843642,0.18335755169391632
2025-06-09,DBC,XGBOOST_H3_NO_SENT,0.2302626204092733,0.18518882989883423
2025-06-10,DBC,XGBOOST_H3_NO_SENT,0.2304606801710721,0.17399442195892334
2025-06-11,DBC,XGBOOST_H3_NO_SENT,0.22809579450597509,0.17067518830299377
2025-06-12,DBC,XGBOOST_H3_NO_SENT,0.23066431071372503,0.16998249292373657
2025-06-13,DBC,XGBOOST_H3_NO_SENT,0.202264589352051,0.16202104091644287
2025-06-16,DBC,XGBOOST_H3_NO_SENT,0.20233509589116658,0.1649484932422638
2025-06-17,DBC,XGBOOST_H3_NO_SENT,0.18868925803942665,0.16491740942001343
2025-06-18,DBC,XGBOOST_H3_NO_SENT,0.188487486455573,0.1694367229938507
2025-06-20,DBC,XGBOOST_H3_NO_SENT,0.1869221593103702,0.16760390996932983
2025-06-23,DBC,XGBOOST_H3_NO_SENT,0.13010140117876393,0.16394686698913574
2025-06-24,DBC,XGBOOST_H3_NO_SENT,0.09359011642817762,0.15144497156143188
2025-06-25,DBC,XGBOOST_H3_NO_SENT,0.09311603035785969,0.15643292665481567
2025-06-26,DBC,XGBOOST_H3_NO_SENT,0.10126326643605046,0.16046860814094543
2025-06-27,DBC,XGBOOST_H3_NO_SENT,0.10456812120733451,0.15700620412826538
2025-06-30,DBC,XGBOOST_H3_NO_SENT,0.11214968395040643,0.15881949663162231
2025-07-01,DBC,XGBOOST_H3_NO_SENT,0.11228152775899064,0.16845299303531647
2025-07-02,DBC,XGBOOST_H3_NO_SENT,0.10330599803369925,0.17108523845672607
2025-07-03,DBC,XGBOOST_H3_NO_SENT,0.11883076969420014,0.1696956306695938
2025-07-07,DBC,XGBOOST_H3_NO_SENT,0.11936788761470843,0.1704273372888565
2025-07-08,DBC,XGBOOST_H3_NO_SENT,0.12184212375148969,0.1692483127117157
2025-07-09,DBC,XGBOOST_H3_NO_SENT,0.12188989370439987,0.17349672317504883
2025-07-10,DBC,XGBOOST_H3_NO_SENT,0.12261650305954981,0.22238068282604218
2025-07-11,DBC,XGBOOST_H3_NO_SENT,0.11133976390564625,0.14874084293842316
2025-07-14,DBC,XGBOOST_H3_NO_SENT,0.10862292934992689,0.15501999855041504
2025-07-15,DBC,XGBOOST_H3_NO_SENT,0.10915706050676686,0.15759317576885223
2025-07-16,DBC,XGBOOST_H3_NO_SENT,0.10876363926222196,0.1639140248298645
2025-07-17,DBC,XGBOOST_H3_NO_SENT,0.10515421860260513,0.16439025104045868
2025-07-18,DBC,XGBOOST_H3_NO_SENT,0.10460270715217787,0.16492606699466705
2025-07-21,DBC,XGBOOST_H3_NO_SENT,0.10499436338387774,0.16851939260959625
2025-07-22,DBC,XGBOOST_H3_NO_SENT,0.10733540785814077,0.16515272855758667
2025-07-23,DBC,XGBOOST_H3_NO_SENT,0.11659644579816295,0.16219696402549744
2025-07-24,DBC,XGBOOST_H3_NO_SENT,0.11912447780464265,0.16514629125595093
2025-07-25,DBC,XGBOOST_H3_NO_SENT,0.11495397479461665,0.17193524539470673
2025-07-28,DBC,XGBOOST_H3_NO_SENT,0.10991496416336596,0.1660207062959671
2025-07-29,DBC,XGBOOST_H3_NO_SENT,0.10066887324950134,0.16598019003868103
2025-07-30,DBC,XGBOOST_H3_NO_SENT,0.10098496711252929,0.1732955276966095
2025-07-31,DBC,XGBOOST_H3_NO_SENT,0.1008416988500864,0.18249854445457458
2025-08-01,DBC,XGBOOST_H3_NO_SENT,0.08249177758657578,0.16511887311935425
2025-08-04,DBC,XGBOOST_H3_NO_SENT,0.09828599723033325,0.15941807627677917
2025-08-05,DBC,XGBOOST_H3_NO_SENT,0.09859818399252,0.16282960772514343
2025-08-06,DBC,XGBOOST_H3_NO_SENT,0.10237505964395913,0.16627921164035797
2025-08-07,DBC,XGBOOST_H3_NO_SENT,0.10694847034994155,0.16575339436531067
2025-08-08,DBC,XGBOOST_H3_NO_SENT,0.10927124134363518,0.1664457619190216
2025-08-11,DBC,XGBOOST_H3_NO_SENT,0.10946967956126967,0.17104580998420715
2025-08-12,DBC,XGBOOST_H3_NO_SENT,0.10971794958073047,0.16805501282215118
2025-08-13,DBC,XGBOOST_H3_NO_SENT,0.11395682449315248,0.16745448112487793
2025-08-14,DBC,XGBOOST_H3_NO_SENT,0.1147218741078487,0.1677137166261673
2025-08-15,DBC,XGBOOST_H3_NO_SENT,0.11665601611962567,0.1756393313407898
2025-08-18,DBC,XGBOOST_H3_NO_SENT,0.12031577212142691,0.17022323608398438
2025-08-19,DBC,XGBOOST_H3_NO_SENT,0.123724037895126,0.18092308938503265
2025-08-20,DBC,XGBOOST_H3_NO_SENT,0.12103852556870444,0.1820088028907776
2025-08-21,DBC,XGBOOST_H3_NO_SENT,0.12409798274951665,0.18238073587417603
2025-08-22,DBC,XGBOOST_H3_NO_SENT,0.12342648958016815,0.166703000664711
2025-08-25,DBC,XGBOOST_H3_NO_SENT,0.12740530189237376,0.1743415743112564
2025-08-26,DBC,XGBOOST_H3_NO_SENT,0.12506813282245266,0.1635114550590515
2025-08-27,DBC,XGBOOST_H3_NO_SENT,0.12664119704050947,0.16519436240196228
2025-08-28,DBC,XGBOOST_H3_NO_SENT,0.12550192040677352,0.17149192094802856
2025-08-29,DBC,XGBOOST_H3_NO_SENT,0.1302028946330214,0.1687978059053421
2025-09-02,DBC,XGBOOST_H3_NO_SENT,0.11812879120176199,0.16582909226417542
2025-09-03,DBC,XGBOOST_H3_NO_SENT,0.11370418297690459,0.16523784399032593
2025-09-04,DBC,XGBOOST_H3_NO_SENT,0.11329416492155567,0.16257235407829285
2025-09-05,DBC,XGBOOST_H3_NO_SENT,0.10915933293047062,0.14618048071861267
2025-09-08,DBC,XGBOOST_H3_NO_SENT,0.11226055155453839,0.1395333707332611
2025-09-09,DBC,XGBOOST_H3_NO_SENT,0.11260048558181121,0.14258037507534027
2025-09-10,DBC,XGBOOST_H3_NO_SENT,0.11063214183600806,0.14003370702266693
2025-09-11,DBC,XGBOOST_H3_NO_SENT,0.11243967161585805,0.14651739597320557
2025-09-12,DBC,XGBOOST_H3_NO_SENT,0.13553587330611244,0.14438612759113312
2025-09-15,DBC,XGBOOST_H3_NO_SENT,0.13956414663744446,0.14838242530822754
2025-09-16,DBC,XGBOOST_H3_NO_SENT,0.1386870342211721,0.1525207906961441
2025-09-17,DBC,XGBOOST_H3_NO_SENT,0.13548639329911705,0.14723537862300873
2025-09-18,DBC,XGBOOST_H3_NO_SENT,0.13486783012749462,0.15076297521591187
2025-09-19,DBC,XGBOOST_H3_NO_SENT,0.13203641230595423,0.15152305364608765
2025-09-22,DBC,XGBOOST_H3_NO_SENT,0.13693243867424465,0.15910811722278595
2025-09-23,DBC,XGBOOST_H3_NO_SENT,0.13632850391269744,0.1519971638917923
2025-09-24,DBC,XGBOOST_H3_NO_SENT,0.146360391153905,0.1470199078321457
2025-09-25,DBC,XGBOOST_H3_NO_SENT,0.15664350872167668,0.15239892899990082
2025-09-26,DBC,XGBOOST_H3_NO_SENT,0.156643485927824,0.15202213823795319
2025-09-29,DBC,XGBOOST_H3_NO_SENT,0.15373107512919668,0.1545797884464264
2025-09-30,DBC,XGBOOST_H3_NO_SENT,0.15682795815108636,0.15287142992019653
2025-10-01,DBC,XGBOOST_H3_NO_SENT,0.15769355831556653,0.15862861275672913
2025-10-02,DBC,XGBOOST_H3_NO_SENT,0.15540290430986378,0.15948282182216644
2025-10-03,DBC,XGBOOST_H3_NO_SENT,0.15676857092933785,0.1522212028503418
2025-10-06,DBC,XGBOOST_H3_NO_SENT,0.15489480157661392,0.14334334433078766
2025-10-07,DBC,XGBOOST_H3_NO_SENT,0.15686987118133688,0.15214420855045319
2025-10-08,DBC,XGBOOST_H3_NO_SENT,0.15728169151422738,0.15339572727680206
2025-10-09,DBC,XGBOOST_H3_NO_SENT,0.15332824717822538,0.162679061293602
2025-10-10,DBC,XGBOOST_H3_NO_SENT,0.12901547474468034,0.15328790247440338
2025-10-14,DBC,XGBOOST_H3_NO_SENT,0.11842874499179826,0.16220490634441376
2025-10-15,DBC,XGBOOST_H3_NO_SENT,0.12812783977275627,0.1678704023361206
2025-10-16,DBC,XGBOOST_H3_NO_SENT,0.1299994177959977,0.16929352283477783
2025-10-17,DBC,XGBOOST_H3_NO_SENT,0.1296307429206159,0.16316717863082886
2025-10-20,DBC,XGBOOST_H3_NO_SENT,0.12651016558153044,0.16363130509853363
2025-10-21,DBC,XGBOOST_H3_NO_SENT,0.12084556604477271,0.16572459042072296
2025-10-22,DBC,XGBOOST_H3_NO_SENT,0.11728540553538251,0.16338424384593964
2025-10-23,DBC,XGBOOST_H3_NO_SENT,0.10712283310802548,0.16199363768100739
2025-10-24,DBC,XGBOOST_H3_NO_SENT,0.1093510245821192,0.16900217533111572
2025-10-27,DBC,XGBOOST_H3_NO_SENT,0.11093980664268165,0.16900528967380524
2025-10-28,DBC,XGBOOST_H3_NO_SENT,0.10757850086665188,0.19878153502941132
2025-10-29,DBC,XGBOOST_H3_NO_SENT,0.11266988184058586,0.16455580294132233
2025-10-30,DBC,XGBOOST_H3_NO_SENT,0.1217503078828037,0.1793258786201477
2025-10-31,DBC,XGBOOST_H3_NO_SENT,0.11972319457483309,0.15858668088912964
2025-11-03,DBC,XGBOOST_H3_NO_SENT,0.11801326736629818,0.16488566994667053
2025-11-04,DBC,XGBOOST_H3_NO_SENT,0.11624960950669791,0.17339585721492767
2025-11-05,DBC,XGBOOST_H3_NO_SENT,0.11566836960103138,0.17316855490207672
2025-11-06,DBC,XGBOOST_H3_NO_SENT,0.11713971849750036,0.1769396960735321
2025-11-07,DBC,XGBOOST_H3_NO_SENT,0.12647302124382365,0.17375901341438293
2025-11-10,DBC,XGBOOST_H3_NO_SENT,0.12036239339322913,0.15364593267440796
2025-11-12,DBC,XGBOOST_H3_NO_SENT,0.11308546129050347,0.14788788557052612
2025-11-13,DBC,XGBOOST_H3_NO_SENT,0.11548457049769512,0.14982664585113525
2025-11-14,DBC,XGBOOST_H3_NO_SENT,0.11639706209513913,0.147324338555336
2025-11-17,DBC,XGBOOST_H3_NO_SENT,0.12146742763158766,0.13663259148597717
2025-11-18,DBC,XGBOOST_H3_NO_SENT,0.1256721502145297,0.1446443349123001
2025-11-19,DBC,XGBOOST_H3_NO_SENT,0.12314971784202415,0.13911445438861847
2025-11-20,DBC,XGBOOST_H3_NO_SENT,0.12084735283991484,0.1671351194381714
2025-11-21,DBC,XGBOOST_H3_NO_SENT,0.12545740402666541,0.17312310636043549
2025-11-24,DBC,XGBOOST_H3_NO_SENT,0.12966230641505763,0.1862875372171402
2025-11-25,DBC,XGBOOST_H3_NO_SENT,0.12732099003625855,0.19180350005626678
2025-11-26,DBC,XGBOOST_H3_NO_SENT,0.12323806525304629,0.15756958723068237
2025-11-28,DBC,XGBOOST_H3_NO_SENT,0.12095934748867467,0.1885373890399933
2025-12-01,DBC,XGBOOST_H3_NO_SENT,0.12277401561022293,0.15304233133792877
2025-12-02,DBC,XGBOOST_H3_NO_SENT,0.13024995110234505,0.17878492176532745
2025-12-03,DBC,XGBOOST_H3_NO_SENT,0.12922052253778468,0.1857636719942093
2025-12-04,DBC,XGBOOST_H3_NO_SENT,0.14494062116963463,0.16790668666362762
2025-12-05,DBC,XGBOOST_H3_NO_SENT,0.1436808762075143,0.16696779429912567
2025-12-08,DBC,XGBOOST_H3_NO_SENT,0.14019260294322827,0.18619033694267273
2025-12-09,DBC,XGBOOST_H3_NO_SENT,0.14607107940289993,0.19228525459766388
2025-12-10,DBC,XGBOOST_H3_NO_SENT,0.14503529312950625,0.19481346011161804
2025-12-11,DBC,XGBOOST_H3_NO_SENT,0.15031152898353176,0.19546279311180115
2025-12-12,DBC,XGBOOST_H3_NO_SENT,0.1467578151682828,0.19335031509399414
2025-12-15,DBC,XGBOOST_H3_NO_SENT,0.1443066565774588,0.1929711401462555
2025-12-16,DBC,XGBOOST_H3_NO_SENT,0.14208861734999895,0.20460398495197296
2025-12-17,DBC,XGBOOST_H3_NO_SENT,0.13899101764103078,0.19087673723697662
2025-12-18,DBC,XGBOOST_H3_NO_SENT,0.13997777792193297,0.189387708902359
2025-12-19,DBC,XGBOOST_H3_NO_SENT,0.14235993120233992,0.1827639639377594
2025-12-22,DBC,XGBOOST_H3_NO_SENT,0.13873246235696945,0.18523210287094116
2025-12-23,DBC,XGBOOST_H3_NO_SENT,0.14658003916885395,0.18549025058746338
2025-12-24,DBC,XGBOOST_H3_NO_SENT,0.14596296299172354,0.1876775622367859
2025-12-26,DBC,XGBOOST_H3_NO_SENT,0.15015018069813083,0.18168847262859344
2025-12-29,DBC,XGBOOST_H3_NO_SENT,0.1445427172691811,0.17879465222358704
2025-12-30,DBC,XGBOOST_H3_NO_SENT,0.14811367891813051,0.1770339459180832
2025-12-31,DBC,XGBOOST_H3_NO_SENT,0.19775986343201724,0.1705775260925293
