date,ticker,model,y_true,y_pred
2023-12-28,SPY,XGBOOST,0.09591491993423809,0.1464260220527649
2023-12-29,SPY,XGBOOST,0.0949116348532563,0.13759320974349976
2024-01-02,SPY,XGBOOST,0.11209860922934974,0.12985868752002716
2024-01-03,SPY,XGBOOST,0.1140896421183197,0.13155736029148102
2024-01-04,SPY,XGBOOST,0.11590626765293525,0.15660369396209717
2024-01-05,SPY,XGBOOST,0.11808435514723602,0.15208233892917633
2024-01-08,SPY,XGBOOST,0.10987837849724964,0.14699368178844452
2024-01-09,SPY,XGBOOST,0.11123023830831735,0.13508999347686768
2024-01-10,SPY,XGBOOST,0.11080913426905808,0.1266588717699051
2024-01-11,SPY,XGBOOST,0.11101204380450988,0.1230505108833313
2024-01-12,SPY,XGBOOST,0.11133434040390817,0.12569692730903625
2024-01-16,SPY,XGBOOST,0.12397643491102253,0.13241712749004364
2024-01-17,SPY,XGBOOST,0.12302522281107733,0.1431010216474533
2024-01-18,SPY,XGBOOST,0.12191018603608504,0.14878274500370026
2024-01-19,SPY,XGBOOST,0.11899301768052407,0.14620564877986908
2024-01-22,SPY,XGBOOST,0.12172912304833021,0.1435670256614685
2024-01-23,SPY,XGBOOST,0.1215976293831696,0.15070371329784393
2024-01-24,SPY,XGBOOST,0.13942421402489,0.14623935520648956
2024-01-25,SPY,XGBOOST,0.13899659828707184,0.15436413884162903
2024-01-26,SPY,XGBOOST,0.13999999785744108,0.1543913632631302
2024-01-29,SPY,XGBOOST,0.13818684995909178,0.12987402081489563
2024-01-30,SPY,XGBOOST,0.13832392053303597,0.12421654909849167
2024-01-31,SPY,XGBOOST,0.1209489598340714,0.11957525461912155
2024-02-01,SPY,XGBOOST,0.11739766140886577,0.10652001202106476
2024-02-02,SPY,XGBOOST,0.1139185501983245,0.10813578963279724
2024-02-05,SPY,XGBOOST,0.12006052027320295,0.12285730987787247
2024-02-06,SPY,XGBOOST,0.12064465126690431,0.11591257154941559
2024-02-07,SPY,XGBOOST,0.1219305053510737,0.12681537866592407
2024-02-08,SPY,XGBOOST,0.12490107189173769,0.14276407659053802
2024-02-09,SPY,XGBOOST,0.1239904550013427,0.14552389085292816
2024-02-12,SPY,XGBOOST,0.1285032155882645,0.14552024006843567
2024-02-13,SPY,XGBOOST,0.1157054723517266,0.12611131370067596
2024-02-14,SPY,XGBOOST,0.11361130904683016,0.12783142924308777
2024-02-15,SPY,XGBOOST,0.11564891073521767,0.13094501197338104
2024-02-16,SPY,XGBOOST,0.1147257199841651,0.12564577162265778
2024-02-20,SPY,XGBOOST,0.11247859415227139,0.12275596708059311
2024-02-21,SPY,XGBOOST,0.11520746840077056,0.12307503074407578
2024-02-22,SPY,XGBOOST,0.09364439744747563,0.12204919010400772
2024-02-23,SPY,XGBOOST,0.09441881858013615,0.12805084884166718
2024-02-26,SPY,XGBOOST,0.09382183510566719,0.1269254833459854
2024-02-27,SPY,XGBOOST,0.09455334341602975,0.12790991365909576
2024-02-28,SPY,XGBOOST,0.09719099270438311,0.13383914530277252
2024-02-29,SPY,XGBOOST,0.09719342076120269,0.12911805510520935
2024-03-01,SPY,XGBOOST,0.09338234429869864,0.13543066382408142
2024-03-04,SPY,XGBOOST,0.09682127038349865,0.14462168514728546
2024-03-05,SPY,XGBOOST,0.08795779594651104,0.14213363826274872
2024-03-06,SPY,XGBOOST,0.09908623870754994,0.1307772994041443
2024-03-07,SPY,XGBOOST,0.09974905288057681,0.13896271586418152
2024-03-08,SPY,XGBOOST,0.09672842458412753,0.14169836044311523
2024-03-11,SPY,XGBOOST,0.09652445880055396,0.1353292465209961
2024-03-12,SPY,XGBOOST,0.09680384182564442,0.14102187752723694
2024-03-13,SPY,XGBOOST,0.10029031614924368,0.1507999151945114
2024-03-14,SPY,XGBOOST,0.1121847563102897,0.14130344986915588
2024-03-15,SPY,XGBOOST,0.11834293113924033,0.13503316044807434
2024-03-18,SPY,XGBOOST,0.11590791415070784,0.13852863013744354
2024-03-19,SPY,XGBOOST,0.11457649291658932,0.14319796860218048
2024-03-20,SPY,XGBOOST,0.10737671601458562,0.14236971735954285
2024-03-21,SPY,XGBOOST,0.10793685738206112,0.14472320675849915
2024-03-22,SPY,XGBOOST,0.11582841392863992,0.14066560566425323
2024-03-25,SPY,XGBOOST,0.12582973973450154,0.14543847739696503
2024-03-26,SPY,XGBOOST,0.12585596551343825,0.13867688179016113
2024-03-27,SPY,XGBOOST,0.12075669455672124,0.12423328310251236
2024-03-28,SPY,XGBOOST,0.12723538162301531,0.13292419910430908
2024-04-01,SPY,XGBOOST,0.12844031963318647,0.1456589549779892
2024-04-02,SPY,XGBOOST,0.13776770484937587,0.15622520446777344
2024-04-03,SPY,XGBOOST,0.13748125589450252,0.15929612517356873
2024-04-04,SPY,XGBOOST,0.1371557386431307,0.17445561289787292
2024-04-05,SPY,XGBOOST,0.139391094965719,0.15872611105442047
2024-04-08,SPY,XGBOOST,0.14471261742763641,0.16211412847042084
2024-04-09,SPY,XGBOOST,0.144706093385361,0.15445730090141296
2024-04-10,SPY,XGBOOST,0.13994625340981326,0.15157033503055573
2024-04-11,SPY,XGBOOST,0.13887003492225475,0.15277718007564545
2024-04-12,SPY,XGBOOST,0.12848119010038334,0.15557123720645905
2024-04-15,SPY,XGBOOST,0.11817204647314887,0.17558956146240234
2024-04-16,SPY,XGBOOST,0.1178918779601819,0.16015271842479706
2024-04-17,SPY,XGBOOST,0.11953026333310095,0.15182454884052277
2024-04-18,SPY,XGBOOST,0.11953009041412906,0.1689416766166687
2024-04-19,SPY,XGBOOST,0.11161730712907149,0.1498376876115799
2024-04-22,SPY,XGBOOST,0.10968455397356229,0.15548613667488098
2024-04-23,SPY,XGBOOST,0.10458153823212714,0.15078280866146088
2024-04-24,SPY,XGBOOST,0.10582604464003872,0.13782252371311188
2024-04-25,SPY,XGBOOST,0.1092346436717237,0.1362946331501007
2024-04-26,SPY,XGBOOST,0.10718467805579833,0.13740627467632294
2024-04-29,SPY,XGBOOST,0.10713323688353346,0.1471773386001587
2024-04-30,SPY,XGBOOST,0.09081433132653646,0.13866417109966278
2024-05-01,SPY,XGBOOST,0.09433237658726962,0.1321132332086563
2024-05-02,SPY,XGBOOST,0.09409208713680205,0.13753342628479004
2024-05-03,SPY,XGBOOST,0.08615078827024565,0.16333343088626862
2024-05-06,SPY,XGBOOST,0.0798057399313692,0.14833325147628784
2024-05-07,SPY,XGBOOST,0.08835609309242375,0.1561298817396164
2024-05-08,SPY,XGBOOST,0.08838428181346235,0.15882213413715363
2024-05-09,SPY,XGBOOST,0.08756845331567056,0.15243591368198395
2024-05-10,SPY,XGBOOST,0.08779363096261722,0.13056300580501556
2024-05-13,SPY,XGBOOST,0.08772851318175498,0.131625697016716
2024-05-14,SPY,XGBOOST,0.09028967049936211,0.1366661936044693
2024-05-15,SPY,XGBOOST,0.08117940644382345,0.14088183641433716
2024-05-16,SPY,XGBOOST,0.0803143419869139,0.13791495561599731
2024-05-17,SPY,XGBOOST,0.08367878947264137,0.15822039544582367
2024-05-20,SPY,XGBOOST,0.08371617044477503,0.15246056020259857
2024-05-21,SPY,XGBOOST,0.08510930091643935,0.15509705245494843
2024-05-22,SPY,XGBOOST,0.08423959338571409,0.14667202532291412
2024-05-23,SPY,XGBOOST,0.0796739803063823,0.13763666152954102
2024-05-24,SPY,XGBOOST,0.07802824661847711,0.13259126245975494
2024-05-28,SPY,XGBOOST,0.07796908667114512,0.13934743404388428
2024-05-29,SPY,XGBOOST,0.070979130523689,0.1271415501832962
2024-05-30,SPY,XGBOOST,0.06711364198080214,0.14437079429626465
2024-05-31,SPY,XGBOOST,0.06200077603618593,0.14167411625385284
2024-06-03,SPY,XGBOOST,0.0642019861154092,0.1421864777803421
2024-06-04,SPY,XGBOOST,0.06459396467984475,0.11153684556484222
2024-06-05,SPY,XGBOOST,0.05571951501781479,0.12144458293914795
2024-06-06,SPY,XGBOOST,0.055311681317217365,0.12136160582304001
2024-06-07,SPY,XGBOOST,0.054128744878037476,0.1126222014427185
2024-06-10,SPY,XGBOOST,0.06059232638571167,0.11534598469734192
2024-06-11,SPY,XGBOOST,0.0724025479980306,0.11892779171466827
2024-06-12,SPY,XGBOOST,0.07053007504400599,0.12162212282419205
2024-06-13,SPY,XGBOOST,0.07060020196825555,0.11916662752628326
2024-06-14,SPY,XGBOOST,0.07182363950250226,0.12437275052070618
2024-06-17,SPY,XGBOOST,0.08892385682035817,0.12156569212675095
2024-06-18,SPY,XGBOOST,0.09395680329005543,0.12948505580425262
2024-06-20,SPY,XGBOOST,0.09677129822473565,0.11119569838047028
2024-06-21,SPY,XGBOOST,0.10267226301314795,0.10547088831663132
2024-06-24,SPY,XGBOOST,0.10193382317536474,0.10029242187738419
2024-06-25,SPY,XGBOOST,0.13192363940994647,0.114768847823143
2024-06-26,SPY,XGBOOST,0.13289278299048848,0.11373694986104965
2024-06-27,SPY,XGBOOST,0.13920591387268355,0.11823475360870361
2024-06-28,SPY,XGBOOST,0.13850746253846216,0.12148892134428024
2024-07-01,SPY,XGBOOST,0.1394490836858969,0.13246886432170868
2024-07-02,SPY,XGBOOST,0.14938365199442177,0.12892192602157593
2024-07-03,SPY,XGBOOST,0.15684174244953134,0.11902666836977005
2024-07-05,SPY,XGBOOST,0.16716263933884595,0.12813250720500946
2024-07-08,SPY,XGBOOST,0.19302335091622597,0.13767515122890472
2024-07-09,SPY,XGBOOST,0.19770503999144556,0.1409779042005539
2024-07-10,SPY,XGBOOST,0.19194857204304855,0.14006489515304565
2024-07-11,SPY,XGBOOST,0.21312526524135697,0.13480886816978455
2024-07-12,SPY,XGBOOST,0.21221068928474598,0.1326264888048172
2024-07-15,SPY,XGBOOST,0.2116321442814742,0.12684574723243713
2024-07-16,SPY,XGBOOST,0.22021365847055166,0.1271878033876419
2024-07-17,SPY,XGBOOST,0.21616646126542463,0.1276581734418869
2024-07-18,SPY,XGBOOST,0.22394211813448822,0.1075284406542778
2024-07-19,SPY,XGBOOST,0.22263528295130097,0.13686971366405487
2024-07-22,SPY,XGBOOST,0.2222188702714397,0.11213915050029755
2024-07-23,SPY,XGBOOST,0.22222591868447295,0.11355437338352203
2024-07-24,SPY,XGBOOST,0.20445339604592436,0.1298074573278427
2024-07-25,SPY,XGBOOST,0.20586894215326912,0.12690599262714386
2024-07-26,SPY,XGBOOST,0.20553055102171774,0.1356063187122345
2024-07-29,SPY,XGBOOST,0.20599528908410292,0.14427727460861206
2024-07-30,SPY,XGBOOST,0.2045509925333256,0.11394360661506653
2024-07-31,SPY,XGBOOST,0.1988846499423147,0.11414109170436859
2024-08-01,SPY,XGBOOST,0.19095464494332526,0.14291425049304962
2024-08-02,SPY,XGBOOST,0.17719994269556547,0.16104541718959808
2024-08-05,SPY,XGBOOST,0.15762159020322433,0.4292490780353546
2024-08-06,SPY,XGBOOST,0.15705465563008297,0.24854879081249237
2024-08-07,SPY,XGBOOST,0.15437627512817192,0.2448592633008957
2024-08-08,SPY,XGBOOST,0.15078217538866023,0.18417567014694214
2024-08-09,SPY,XGBOOST,0.1546952797089759,0.19411155581474304
2024-08-12,SPY,XGBOOST,0.15505424659848,0.18966877460479736
2024-08-13,SPY,XGBOOST,0.14866758599344576,0.15068429708480835
2024-08-14,SPY,XGBOOST,0.15075996279909526,0.13698147237300873
2024-08-15,SPY,XGBOOST,0.14000129692564903,0.136541947722435
2024-08-16,SPY,XGBOOST,0.13992350015455196,0.13241149485111237
2024-08-19,SPY,XGBOOST,0.13604858536361433,0.14351433515548706
2024-08-20,SPY,XGBOOST,0.13638502784825918,0.13834337890148163
2024-08-21,SPY,XGBOOST,0.14844222267067045,0.1382557898759842
2024-08-22,SPY,XGBOOST,0.14517880981958647,0.14728687703609467
2024-08-23,SPY,XGBOOST,0.14105501671425308,0.13219740986824036
2024-08-26,SPY,XGBOOST,0.14070193353155433,0.13434737920761108
2024-08-27,SPY,XGBOOST,0.141176951446401,0.1309095174074173
2024-08-28,SPY,XGBOOST,0.13925313322576116,0.1393040120601654
2024-08-29,SPY,XGBOOST,0.13955131900190343,0.12768007814884186
2024-08-30,SPY,XGBOOST,0.13660622422336938,0.13451220095157623
2024-09-03,SPY,XGBOOST,0.11654716252299223,0.1829908937215805
2024-09-04,SPY,XGBOOST,0.11584080410066537,0.18836569786071777
2024-09-05,SPY,XGBOOST,0.11557015487573587,0.1848718523979187
2024-09-06,SPY,XGBOOST,0.09455833669428937,0.191648930311203
2024-09-09,SPY,XGBOOST,0.09886216268222495,0.1847575306892395
2024-09-10,SPY,XGBOOST,0.10199361230218601,0.17473194003105164
2024-09-11,SPY,XGBOOST,0.09924514106870501,0.15258270502090454
2024-09-12,SPY,XGBOOST,0.09731507526742211,0.13593345880508423
2024-09-13,SPY,XGBOOST,0.09772059689375878,0.133660227060318
2024-09-16,SPY,XGBOOST,0.10035638906335365,0.1383708119392395
2024-09-17,SPY,XGBOOST,0.10617209390487446,0.1479107141494751
2024-09-18,SPY,XGBOOST,0.1051497035613135,0.1597333401441574
2024-09-19,SPY,XGBOOST,0.0891957441183403,0.1398826390504837
2024-09-20,SPY,XGBOOST,0.08901034695268677,0.13834615051746368
2024-09-23,SPY,XGBOOST,0.0895562636886177,0.1337435394525528
2024-09-24,SPY,XGBOOST,0.08953760861647934,0.12961071729660034
2024-09-25,SPY,XGBOOST,0.09607386125699902,0.12254580110311508
2024-09-26,SPY,XGBOOST,0.09547410670037836,0.12682268023490906
2024-09-27,SPY,XGBOOST,0.09523893983139592,0.14384226500988007
2024-09-30,SPY,XGBOOST,0.09486864232713828,0.14915546774864197
2024-10-01,SPY,XGBOOST,0.0878267414942371,0.15852168202400208
2024-10-02,SPY,XGBOOST,0.08904893405626185,0.15937955677509308
2024-10-03,SPY,XGBOOST,0.11546539488952741,0.17292729020118713
2024-10-04,SPY,XGBOOST,0.11169537938426828,0.17794449627399445
2024-10-07,SPY,XGBOOST,0.10697188037646396,0.1750711053609848
2024-10-08,SPY,XGBOOST,0.11030459177015628,0.16900259256362915
2024-10-09,SPY,XGBOOST,0.13851279510071102,0.16478434205055237
2024-10-10,SPY,XGBOOST,0.1399081494692963,0.1637251079082489
2024-10-11,SPY,XGBOOST,0.13935632717080934,0.16089364886283875
2024-10-15,SPY,XGBOOST,0.13406952763173094,0.16178110241889954
2024-10-16,SPY,XGBOOST,0.13366785975628412,0.13298560678958893
2024-10-17,SPY,XGBOOST,0.13641657014560662,0.13620272278785706
2024-10-18,SPY,XGBOOST,0.1443875543931977,0.12682589888572693
2024-10-21,SPY,XGBOOST,0.14490284447804758,0.12989285588264465
2024-10-22,SPY,XGBOOST,0.14531107264448642,0.14722111821174622
2024-10-23,SPY,XGBOOST,0.14067343887695874,0.1355089694261551
2024-10-24,SPY,XGBOOST,0.141456158786216,0.13619770109653473
2024-10-25,SPY,XGBOOST,0.141474942559915,0.14459721744060516
2024-10-28,SPY,XGBOOST,0.14152626336886157,0.14648471772670746
2024-10-29,SPY,XGBOOST,0.14216600740290905,0.13639912009239197
2024-10-30,SPY,XGBOOST,0.14216802350078928,0.1456180363893509
2024-10-31,SPY,XGBOOST,0.11820837078276973,0.14263904094696045
2024-11-01,SPY,XGBOOST,0.11816339681000597,0.14526067674160004
2024-11-04,SPY,XGBOOST,0.11707410664678283,0.14693579077720642
2024-11-05,SPY,XGBOOST,0.11280681629713774,0.1290959119796753
2024-11-06,SPY,XGBOOST,0.0782454374168176,0.1241111308336258
2024-11-07,SPY,XGBOOST,0.07457634703192904,0.11065880954265594
2024-11-08,SPY,XGBOOST,0.07656886440157813,0.10873937606811523
2024-11-12,SPY,XGBOOST,0.08068937920095309,0.11447899043560028
2024-11-13,SPY,XGBOOST,0.0834975569813715,0.1063041090965271
2024-11-14,SPY,XGBOOST,0.07934715320642763,0.1017707958817482
2024-11-15,SPY,XGBOOST,0.06103190261797603,0.09433974325656891
2024-11-18,SPY,XGBOOST,0.06378888582029253,0.09093289077281952
2024-11-19,SPY,XGBOOST,0.1284116573433917,0.09185308963060379
2024-11-20,SPY,XGBOOST,0.1283867291770063,0.1058185026049614
2024-11-21,SPY,XGBOOST,0.13427659015233764,0.10669125616550446
2024-11-22,SPY,XGBOOST,0.1355503679874367,0.09260455518960953
2024-11-25,SPY,XGBOOST,0.1406528147277334,0.09049199521541595
2024-11-26,SPY,XGBOOST,0.1395414643331091,0.09413517266511917
2024-11-27,SPY,XGBOOST,0.14436863253241713,0.09826955944299698
2024-11-29,SPY,XGBOOST,0.14765648521756633,0.090502068400383
2024-12-02,SPY,XGBOOST,0.14753716257357835,0.10385966300964355
2024-12-03,SPY,XGBOOST,0.14743662329411603,0.10309712588787079
2024-12-04,SPY,XGBOOST,0.1532703308401107,0.11078676581382751
2024-12-05,SPY,XGBOOST,0.1551806515048676,0.12282267212867737
2024-12-06,SPY,XGBOOST,0.15924613913401003,0.12252147495746613
2024-12-09,SPY,XGBOOST,0.15892487761902233,0.12068470567464828
2024-12-10,SPY,XGBOOST,0.16675934520782557,0.12270531803369522
2024-12-11,SPY,XGBOOST,0.16355004016700087,0.1140393614768982
2024-12-12,SPY,XGBOOST,0.1635321667517067,0.11762838810682297
2024-12-13,SPY,XGBOOST,0.17791288090815777,0.10401103645563126
2024-12-16,SPY,XGBOOST,0.1769374303702228,0.14343827962875366
2024-12-17,SPY,XGBOOST,0.18078382888139197,0.1516479253768921
2024-12-18,SPY,XGBOOST,0.14498861016691197,0.15329726040363312
2024-12-19,SPY,XGBOOST,0.14548715968362913,0.14611521363258362
2024-12-20,SPY,XGBOOST,0.14129296323856422,0.12143383920192719
2024-12-23,SPY,XGBOOST,0.1411285054552132,0.1151924654841423
2024-12-24,SPY,XGBOOST,0.14596293261359006,0.099884033203125
2024-12-26,SPY,XGBOOST,0.149212506534159,0.10339448601007462
2024-12-27,SPY,XGBOOST,0.14484353651069853,0.11026011407375336
2024-12-30,SPY,XGBOOST,0.13845967319846583,0.1188710555434227
2024-12-31,SPY,XGBOOST,0.13940548937038497,0.11583235114812851
2025-01-02,SPY,XGBOOST,0.14176393886177058,0.11947675794363022
2025-01-03,SPY,XGBOOST,0.13707398792052247,0.09383228421211243
2025-01-06,SPY,XGBOOST,0.13639646561367016,0.09556971490383148
2025-01-07,SPY,XGBOOST,0.1288906400804066,0.11553829908370972
2025-01-08,SPY,XGBOOST,0.1343474406722921,0.12372489273548126
2025-01-10,SPY,XGBOOST,0.1209752682345623,0.12532079219818115
2025-01-13,SPY,XGBOOST,0.12105143811412197,0.11902395635843277
2025-01-14,SPY,XGBOOST,0.122468420669646,0.11858759075403214
2025-01-15,SPY,XGBOOST,0.11167026811702632,0.11342330276966095
2025-01-16,SPY,XGBOOST,0.11112446267738903,0.1237853467464447
2025-01-17,SPY,XGBOOST,0.10671198170031024,0.12275530397891998
2025-01-21,SPY,XGBOOST,0.10264329443904231,0.12109081447124481
2025-01-22,SPY,XGBOOST,0.10245344119317204,0.12126533687114716
2025-01-23,SPY,XGBOOST,0.11791792092653453,0.11504015326499939
2025-01-24,SPY,XGBOOST,0.11844904717906282,0.1117035523056984
2025-01-27,SPY,XGBOOST,0.10876773619439357,0.13018560409545898
2025-01-28,SPY,XGBOOST,0.10357690155574427,0.13568243384361267
2025-01-29,SPY,XGBOOST,0.11640049820378778,0.14343670010566711
2025-01-30,SPY,XGBOOST,0.1290769475678872,0.13833868503570557
2025-01-31,SPY,XGBOOST,0.14152531537914045,0.12262967973947525
2025-02-03,SPY,XGBOOST,0.14518749058340868,0.12287712842226028
2025-02-04,SPY,XGBOOST,0.14893220114358205,0.1270894557237625
2025-02-05,SPY,XGBOOST,0.15804527402108076,0.11257847398519516
2025-02-06,SPY,XGBOOST,0.1593128631050855,0.11233383417129517
2025-02-07,SPY,XGBOOST,0.1802802337986077,0.11605100333690643
2025-02-10,SPY,XGBOOST,0.17685554477867865,0.11263611167669296
2025-02-11,SPY,XGBOOST,0.179262801331437,0.10119311511516571
2025-02-12,SPY,XGBOOST,0.18231188763388523,0.10191113501787186
2025-02-13,SPY,XGBOOST,0.19606212526983302,0.10257397592067719
2025-02-14,SPY,XGBOOST,0.20001109273547565,0.11319443583488464
2025-02-18,SPY,XGBOOST,0.20001636205801832,0.12407342344522476
2025-02-19,SPY,XGBOOST,0.20593810143438135,0.12310399115085602
2025-02-20,SPY,XGBOOST,0.20596424502893257,0.1251326948404312
2025-02-21,SPY,XGBOOST,0.20012872372303614,0.1275515854358673
2025-02-24,SPY,XGBOOST,0.2129890891404105,0.12297604233026505
2025-02-25,SPY,XGBOOST,0.21314908853038533,0.134132519364357
2025-02-26,SPY,XGBOOST,0.21622957223826814,0.11383327096700668
2025-02-27,SPY,XGBOOST,0.2098499334629244,0.1354970782995224
2025-02-28,SPY,XGBOOST,0.2101304336805726,0.13522382080554962
2025-03-03,SPY,XGBOOST,0.2056213114557326,0.1376742273569107
2025-03-04,SPY,XGBOOST,0.2028198508458972,0.15274785459041595
2025-03-05,SPY,XGBOOST,0.19997577676990194,0.14518709480762482
2025-03-06,SPY,XGBOOST,0.26006657358324964,0.202200785279274
2025-03-07,SPY,XGBOOST,0.3274030372108872,0.14373686909675598
2025-03-10,SPY,XGBOOST,0.3184688047840861,0.1513034850358963
2025-03-11,SPY,XGBOOST,0.32055301908198264,0.2227889597415924
2025-03-12,SPY,XGBOOST,0.4924702515306555,0.1611286997795105
2025-03-13,SPY,XGBOOST,0.5152365541812697,0.1642046868801117
2025-03-14,SPY,XGBOOST,0.513708517978985,0.1670355498790741
2025-03-17,SPY,XGBOOST,0.5142736164186054,0.1528506875038147
2025-03-18,SPY,XGBOOST,0.5133050780115719,0.1558695286512375
2025-03-19,SPY,XGBOOST,0.5158889866295533,0.14952418208122253
2025-03-20,SPY,XGBOOST,0.5162003706901672,0.1435306817293167
2025-03-21,SPY,XGBOOST,0.521096038382067,0.1377953737974167
2025-03-24,SPY,XGBOOST,0.5263552363441533,0.13614511489868164
2025-03-25,SPY,XGBOOST,0.5305299483906587,0.13840389251708984
2025-03-26,SPY,XGBOOST,0.5364046683266049,0.1371457427740097
2025-03-27,SPY,XGBOOST,0.5373758046908687,0.13911595940589905
2025-03-28,SPY,XGBOOST,0.5327375884178915,0.1481449007987976
2025-03-31,SPY,XGBOOST,0.5326667064807427,0.155494824051857
2025-04-01,SPY,XGBOOST,0.5325384798142789,0.1543942540884018
2025-04-02,SPY,XGBOOST,0.5326744134900682,0.14895914494991302
2025-04-03,SPY,XGBOOST,0.5008552900173643,0.14726921916007996
2025-04-04,SPY,XGBOOST,0.4439663381206718,0.5037818551063538
2025-04-07,SPY,XGBOOST,0.44601084393855595,0.4590177834033966
2025-04-08,SPY,XGBOOST,0.43917343723964125,0.4994252920150757
2025-04-09,SPY,XGBOOST,0.26572373324257387,0.2502530515193939
2025-04-10,SPY,XGBOOST,0.20258277112842749,0.4165138006210327
2025-04-11,SPY,XGBOOST,0.2221018419000746,0.25760653614997864
2025-04-14,SPY,XGBOOST,0.22140338488248743,0.2569728195667267
2025-04-15,SPY,XGBOOST,0.22015109047321987,0.25661686062812805
2025-04-16,SPY,XGBOOST,0.19585370800698718,0.3400774896144867
2025-04-17,SPY,XGBOOST,0.19516903932892923,0.24716925621032715
2025-04-21,SPY,XGBOOST,0.1610673750021826,0.20881964266300201
2025-04-22,SPY,XGBOOST,0.14973819162190966,0.21604904532432556
2025-04-23,SPY,XGBOOST,0.16569843963385728,0.2242865413427353
2025-04-24,SPY,XGBOOST,0.1540361399805229,0.200343057513237
2025-04-25,SPY,XGBOOST,0.15726420587334095,0.2043454647064209
2025-04-28,SPY,XGBOOST,0.16948526069527087,0.20340149104595184
2025-04-29,SPY,XGBOOST,0.17228866746885824,0.19558291137218475
2025-04-30,SPY,XGBOOST,0.17205760111896237,0.21093329787254333
2025-05-01,SPY,XGBOOST,0.1720118084760766,0.2165699452161789
2025-05-02,SPY,XGBOOST,0.16650335272432126,0.19941772520542145
2025-05-05,SPY,XGBOOST,0.1641575010382074,0.2055324912071228
2025-05-06,SPY,XGBOOST,0.1592632360053639,0.22406624257564545
2025-05-07,SPY,XGBOOST,0.16173965224231068,0.19547739624977112
2025-05-08,SPY,XGBOOST,0.16327135223649766,0.19485019147396088
2025-05-09,SPY,XGBOOST,0.16271015844049308,0.19605520367622375
2025-05-12,SPY,XGBOOST,0.12067903496763864,0.16882559657096863
2025-05-13,SPY,XGBOOST,0.1202583277583022,0.1755719929933548
2025-05-14,SPY,XGBOOST,0.12065287661120125,0.1701052188873291
2025-05-15,SPY,XGBOOST,0.12777486643876895,0.17453686892986298
2025-05-16,SPY,XGBOOST,0.1301315734608339,0.18436697125434875
2025-05-19,SPY,XGBOOST,0.13421976738837407,0.17842480540275574
2025-05-20,SPY,XGBOOST,0.13356180981704444,0.17555662989616394
2025-05-21,SPY,XGBOOST,0.11742904002993193,0.18331517279148102
2025-05-22,SPY,XGBOOST,0.12136767220736683,0.18240702152252197
2025-05-23,SPY,XGBOOST,0.12143271502815368,0.1785401999950409
2025-05-27,SPY,XGBOOST,0.10092519947324488,0.16871683299541473
2025-05-28,SPY,XGBOOST,0.09944076028596958,0.17854394018650055
2025-05-29,SPY,XGBOOST,0.09974696512976244,0.16795824468135834
2025-05-30,SPY,XGBOOST,0.09932884813503765,0.17855538427829742
2025-06-02,SPY,XGBOOST,0.0990986999875451,0.1760493516921997
2025-06-03,SPY,XGBOOST,0.09864223149057173,0.17814765870571136
2025-06-04,SPY,XGBOOST,0.10019952746265834,0.16789510846138
2025-06-05,SPY,XGBOOST,0.10317353542258108,0.16456110775470734
2025-06-06,SPY,XGBOOST,0.09939711691150922,0.16751456260681152
2025-06-09,SPY,XGBOOST,0.10035909915771475,0.17154957354068756
2025-06-10,SPY,XGBOOST,0.09954358851738322,0.15162287652492523
2025-06-11,SPY,XGBOOST,0.10000092772866773,0.1721029430627823
2025-06-12,SPY,XGBOOST,0.09972105822944098,0.17384040355682373
2025-06-13,SPY,XGBOOST,0.09019466036947844,0.16172122955322266
2025-06-16,SPY,XGBOOST,0.0861862889275232,0.1466447114944458
2025-06-17,SPY,XGBOOST,0.07785006484398833,0.155088871717453
2025-06-18,SPY,XGBOOST,0.07815329505968416,0.14933086931705475
2025-06-20,SPY,XGBOOST,0.07600318094019531,0.1509367823600769
2025-06-23,SPY,XGBOOST,0.07181865590866776,0.13568668067455292
2025-06-24,SPY,XGBOOST,0.06826797477649471,0.13053669035434723
2025-06-25,SPY,XGBOOST,0.06834628453410416,0.12865161895751953
2025-06-26,SPY,XGBOOST,0.06558644775324937,0.13986003398895264
2025-06-27,SPY,XGBOOST,0.06509781970857667,0.12071657180786133
2025-06-30,SPY,XGBOOST,0.06586392577526451,0.13447719812393188
2025-07-01,SPY,XGBOOST,0.06626955736786093,0.13730812072753906
2025-07-02,SPY,XGBOOST,0.06750635129019071,0.13371312618255615
2025-07-03,SPY,XGBOOST,0.08699697225989123,0.1355655938386917
2025-07-07,SPY,XGBOOST,0.09839109524123761,0.14710800349712372
2025-07-08,SPY,XGBOOST,0.10053185714663875,0.15420924127101898
2025-07-09,SPY,XGBOOST,0.10186374401113382,0.14032705128192902
2025-07-10,SPY,XGBOOST,0.10167958107418647,0.1393423080444336
2025-07-11,SPY,XGBOOST,0.10361887649063652,0.1861780732870102
2025-07-14,SPY,XGBOOST,0.10412246020505113,0.19882597029209137
2025-07-15,SPY,XGBOOST,0.10766290276599562,0.18498332798480988
2025-07-16,SPY,XGBOOST,0.10768005877118081,0.18109813332557678
2025-07-17,SPY,XGBOOST,0.10647572251236379,0.17253339290618896
2025-07-18,SPY,XGBOOST,0.10704152193411604,0.17434172332286835
2025-07-21,SPY,XGBOOST,0.10713484433745231,0.18036162853240967
2025-07-22,SPY,XGBOOST,0.10962934282013924,0.1825254112482071
2025-07-23,SPY,XGBOOST,0.10645807156586193,0.1833619624376297
2025-07-24,SPY,XGBOOST,0.10755938688797291,0.19504709541797638
2025-07-25,SPY,XGBOOST,0.11961289267804441,0.20115521550178528
2025-07-28,SPY,XGBOOST,0.12092816239405736,0.20996320247650146
2025-07-29,SPY,XGBOOST,0.12105216677674333,0.20564480125904083
2025-07-30,SPY,XGBOOST,0.12091506243637622,0.19823627173900604
2025-07-31,SPY,XGBOOST,0.1199158247391699,0.22190403938293457
2025-08-01,SPY,XGBOOST,0.10387714885555177,0.23819442093372345
2025-08-04,SPY,XGBOOST,0.09628060687606392,0.22985143959522247
2025-08-05,SPY,XGBOOST,0.09509306496088253,0.22423575818538666
2025-08-06,SPY,XGBOOST,0.0957394844174268,0.20160692930221558
2025-08-07,SPY,XGBOOST,0.09661897155342052,0.19461604952812195
2025-08-08,SPY,XGBOOST,0.09360181654837323,0.19226807355880737
2025-08-11,SPY,XGBOOST,0.09308492116019004,0.1985660344362259
2025-08-12,SPY,XGBOOST,0.08647266222126768,0.1959906816482544
2025-08-13,SPY,XGBOOST,0.09011452201938708,0.18316961824893951
2025-08-14,SPY,XGBOOST,0.0901830008610953,0.16437116265296936
2025-08-15,SPY,XGBOOST,0.0905591184919509,0.16901807487010956
2025-08-18,SPY,XGBOOST,0.0909166009205396,0.16068999469280243
2025-08-19,SPY,XGBOOST,0.08797442436721647,0.15731197595596313
2025-08-20,SPY,XGBOOST,0.08722742288028895,0.16290989518165588
2025-08-21,SPY,XGBOOST,0.08499007975849075,0.17288967967033386
2025-08-22,SPY,XGBOOST,0.07076869206802168,0.16337285935878754
2025-08-25,SPY,XGBOOST,0.07206970079988691,0.16585402190685272
2025-08-26,SPY,XGBOOST,0.07347520812361638,0.166682630777359
2025-08-27,SPY,XGBOOST,0.0763585524513417,0.17354631423950195
2025-08-28,SPY,XGBOOST,0.07769182167521856,0.17007167637348175
2025-08-29,SPY,XGBOOST,0.07316433228332313,0.16009025275707245
2025-09-02,SPY,XGBOOST,0.06526585130165108,0.18134887516498566
2025-09-03,SPY,XGBOOST,0.06430974838704727,0.16687291860580444
2025-09-04,SPY,XGBOOST,0.05987593115746621,0.17020557820796967
2025-09-05,SPY,XGBOOST,0.057799017851066274,0.13365678489208221
2025-09-08,SPY,XGBOOST,0.05810345764012421,0.12729276716709137
2025-09-09,SPY,XGBOOST,0.06133528355350295,0.1279226839542389
2025-09-10,SPY,XGBOOST,0.06314528857033493,0.1309935599565506
2025-09-11,SPY,XGBOOST,0.0601361609272244,0.12373574823141098
2025-09-12,SPY,XGBOOST,0.11796955419765216,0.12844954431056976
2025-09-15,SPY,XGBOOST,0.12885962599709902,0.12712618708610535
2025-09-16,SPY,XGBOOST,0.1288339786120433,0.12737226486206055
2025-09-17,SPY,XGBOOST,0.12950057598191725,0.12666532397270203
2025-09-18,SPY,XGBOOST,0.13112600791695045,0.13545607030391693
2025-09-19,SPY,XGBOOST,0.13150881020034935,0.14309777319431305
2025-09-22,SPY,XGBOOST,0.13561058926175845,0.15230660140514374
2025-09-23,SPY,XGBOOST,0.1338928513759678,0.1626579314470291
2025-09-24,SPY,XGBOOST,0.13484351679427806,0.16128776967525482
2025-09-25,SPY,XGBOOST,0.13471554198783942,0.15262417495250702
2025-09-26,SPY,XGBOOST,0.13610227120473695,0.15256398916244507
2025-09-29,SPY,XGBOOST,0.14113232729504147,0.15437625348567963
2025-09-30,SPY,XGBOOST,0.14096205038567275,0.17312727868556976
2025-10-01,SPY,XGBOOST,0.14083253175794505,0.1636010706424713
2025-10-02,SPY,XGBOOST,0.14762097226908003,0.17950086295604706
2025-10-03,SPY,XGBOOST,0.14784581491818308,0.15108639001846313
2025-10-06,SPY,XGBOOST,0.14756734134932623,0.15307050943374634
2025-10-07,SPY,XGBOOST,0.1536973730475357,0.15262484550476074
2025-10-08,SPY,XGBOOST,0.15277014095898128,0.1353255659341812
2025-10-09,SPY,XGBOOST,0.15747526941249368,0.13777999579906464
2025-10-10,SPY,XGBOOST,0.11986428109514802,0.1392257809638977
2025-10-14,SPY,XGBOOST,0.11990225556380409,0.12902294099330902
2025-10-15,SPY,XGBOOST,0.11945335523927698,0.13246354460716248
2025-10-16,SPY,XGBOOST,0.13286501996482833,0.15531794726848602
2025-10-17,SPY,XGBOOST,0.13167458129138854,0.1349416971206665
2025-10-20,SPY,XGBOOST,0.13083478598079393,0.1277051866054535
2025-10-21,SPY,XGBOOST,0.13386529510714162,0.15092232823371887
2025-10-22,SPY,XGBOOST,0.13380862130649207,0.1382816731929779
2025-10-23,SPY,XGBOOST,0.1416007967532943,0.13383378088474274
2025-10-24,SPY,XGBOOST,0.1433226124683011,0.121766597032547
2025-10-27,SPY,XGBOOST,0.14712983085787606,0.1262667179107666
2025-10-28,SPY,XGBOOST,0.15133907721370138,0.15678846836090088
2025-10-29,SPY,XGBOOST,0.15378923838320843,0.1589857041835785
2025-10-30,SPY,XGBOOST,0.14996105020020128,0.1587243229150772
2025-10-31,SPY,XGBOOST,0.15045695285620636,0.17686820030212402
2025-11-03,SPY,XGBOOST,0.1504526549260908,0.19987401366233826
2025-11-04,SPY,XGBOOST,0.1442421438631058,0.2006872445344925
2025-11-05,SPY,XGBOOST,0.1438585269751836,0.21491435170173645
2025-11-06,SPY,XGBOOST,0.13756702556622796,0.2007378488779068
2025-11-07,SPY,XGBOOST,0.13835270258002347,0.2086775153875351
2025-11-10,SPY,XGBOOST,0.12727758476515083,0.17655417323112488
2025-11-12,SPY,XGBOOST,0.12935910032350406,0.1764288693666458
2025-11-13,SPY,XGBOOST,0.1203347583623272,0.1896805763244629
2025-11-14,SPY,XGBOOST,0.12056074561782466,0.1980856955051422
2025-11-17,SPY,XGBOOST,0.11545021554788557,0.21358326077461243
2025-11-18,SPY,XGBOOST,0.1186306515301543,0.21352049708366394
2025-11-19,SPY,XGBOOST,0.12056138964084155,0.2083093672990799
2025-11-20,SPY,XGBOOST,0.10687852432035534,0.22590875625610352
2025-11-21,SPY,XGBOOST,0.10413274079722719,0.21032142639160156
2025-11-24,SPY,XGBOOST,0.09365976408626599,0.21658147871494293
2025-11-25,SPY,XGBOOST,0.08940586766687655,0.21711918711662292
2025-11-26,SPY,XGBOOST,0.08700061392933467,0.19335457682609558
2025-11-28,SPY,XGBOOST,0.08667205882378452,0.17268820106983185
2025-12-01,SPY,XGBOOST,0.08487998221078318,0.1899562031030655
2025-12-02,SPY,XGBOOST,0.08940503770963246,0.19256353378295898
2025-12-03,SPY,XGBOOST,0.08879808773056376,0.16389252245426178
2025-12-04,SPY,XGBOOST,0.09178470290896676,0.15434592962265015
2025-12-05,SPY,XGBOOST,0.0937576163215622,0.14976225793361664
2025-12-08,SPY,XGBOOST,0.09387278065179513,0.16028311848640442
2025-12-09,SPY,XGBOOST,0.09375618179763544,0.15592096745967865
2025-12-10,SPY,XGBOOST,0.09374034938983009,0.14408834278583527
2025-12-11,SPY,XGBOOST,0.09359627230760294,0.13859137892723083
2025-12-12,SPY,XGBOOST,0.08412142224103006,0.14164812862873077
2025-12-15,SPY,XGBOOST,0.08632983671154014,0.13813281059265137
2025-12-16,SPY,XGBOOST,0.08549217434095335,0.1301502287387848
2025-12-17,SPY,XGBOOST,0.07294240004385917,0.150087371468544
2025-12-18,SPY,XGBOOST,0.10428074852992539,0.1440097838640213
2025-12-19,SPY,XGBOOST,0.10734179735509206,0.13934113085269928
2025-12-22,SPY,XGBOOST,0.10667395013496248,0.13036960363388062
2025-12-23,SPY,XGBOOST,0.1054856850527175,0.1310289353132248
2025-12-24,SPY,XGBOOST,0.10629479372204263,0.1318032294511795
2025-12-26,SPY,XGBOOST,0.10713892131697007,0.13807731866836548
2025-12-29,SPY,XGBOOST,0.10614830288104406,0.13364510238170624
2025-12-30,SPY,XGBOOST,0.10635179157042272,0.13318900763988495
2025-12-31,SPY,XGBOOST,0.10306477952433298,0.13001422584056854
2023-12-28,QQQ,XGBOOST,0.14793403015233217,0.17356590926647186
2023-12-29,QQQ,XGBOOST,0.14949143537266227,0.17570166289806366
2024-01-02,QQQ,XGBOOST,0.15428864193854774,0.17023374140262604
2024-01-03,QQQ,XGBOOST,0.15083283288811514,0.16294336318969727
2024-01-04,QQQ,XGBOOST,0.15535201542761334,0.20411963760852814
2024-01-05,QQQ,XGBOOST,0.15619339239963764,0.18167196214199066
2024-01-08,QQQ,XGBOOST,0.14441298718195664,0.1859302520751953
2024-01-09,QQQ,XGBOOST,0.14680594472909791,0.17928922176361084
2024-01-10,QQQ,XGBOOST,0.14623241418355182,0.16249769926071167
2024-01-11,QQQ,XGBOOST,0.14821762295541882,0.16415506601333618
2024-01-12,QQQ,XGBOOST,0.15013581513825197,0.16777724027633667
2024-01-16,QQQ,XGBOOST,0.16407676807811017,0.1865866333246231
2024-01-17,QQQ,XGBOOST,0.16395320276068015,0.19078829884529114
2024-01-18,QQQ,XGBOOST,0.1587274428182132,0.19479408860206604
2024-01-19,QQQ,XGBOOST,0.15023059134083236,0.19953998923301697
2024-01-22,QQQ,XGBOOST,0.15334753359528042,0.19597703218460083
2024-01-23,QQQ,XGBOOST,0.15362149411164716,0.20776186883449554
2024-01-24,QQQ,XGBOOST,0.18363216282235156,0.2161317616701126
2024-01-25,QQQ,XGBOOST,0.18428658286229177,0.20880095660686493
2024-01-26,QQQ,XGBOOST,0.18247554656768883,0.21050089597702026
2024-01-29,QQQ,XGBOOST,0.17961843390561688,0.1881704181432724
2024-01-30,QQQ,XGBOOST,0.178911135737215,0.18823115527629852
2024-01-31,QQQ,XGBOOST,0.16243040261672456,0.16646073758602142
2024-02-01,QQQ,XGBOOST,0.16522749189251115,0.15651585161685944
2024-02-02,QQQ,XGBOOST,0.15794280015678885,0.161529541015625
2024-02-05,QQQ,XGBOOST,0.1727825753909349,0.16177016496658325
2024-02-06,QQQ,XGBOOST,0.17344272046560008,0.16582107543945312
2024-02-07,QQQ,XGBOOST,0.17754174918371307,0.17518581449985504
2024-02-08,QQQ,XGBOOST,0.18646328212790889,0.1801835149526596
2024-02-09,QQQ,XGBOOST,0.18388757406768752,0.17725162208080292
2024-02-12,QQQ,XGBOOST,0.18989585059277658,0.1808300018310547
2024-02-13,QQQ,XGBOOST,0.18256236737195006,0.16388460993766785
2024-02-14,QQQ,XGBOOST,0.17948397988817183,0.15934452414512634
2024-02-15,QQQ,XGBOOST,0.18470179012634977,0.18728214502334595
2024-02-16,QQQ,XGBOOST,0.18442710068001897,0.1585884392261505
2024-02-20,QQQ,XGBOOST,0.18176008019155612,0.15485414862632751
2024-02-21,QQQ,XGBOOST,0.18419701121937904,0.1601933091878891
2024-02-22,QQQ,XGBOOST,0.15548115448686023,0.1658511906862259
2024-02-23,QQQ,XGBOOST,0.1547976454462676,0.17041750252246857
2024-02-26,QQQ,XGBOOST,0.15563623953030273,0.17214390635490417
2024-02-27,QQQ,XGBOOST,0.15624929408441807,0.16705508530139923
2024-02-28,QQQ,XGBOOST,0.15483110307211817,0.166299968957901
2024-02-29,QQQ,XGBOOST,0.15263660639950832,0.1706090122461319
2024-03-01,QQQ,XGBOOST,0.14318332767493364,0.16930162906646729
2024-03-04,QQQ,XGBOOST,0.1459800130547106,0.18037934601306915
2024-03-05,QQQ,XGBOOST,0.12997171714220299,0.17278394103050232
2024-03-06,QQQ,XGBOOST,0.14015679748463156,0.16686592996120453
2024-03-07,QQQ,XGBOOST,0.1357120434050927,0.1612241119146347
2024-03-08,QQQ,XGBOOST,0.1251564728807901,0.164274662733078
2024-03-11,QQQ,XGBOOST,0.1248069194203491,0.16486342251300812
2024-03-12,QQQ,XGBOOST,0.11804434046848357,0.17937131226062775
2024-03-13,QQQ,XGBOOST,0.1282146839733162,0.17839287221431732
2024-03-14,QQQ,XGBOOST,0.14103022102675916,0.1724366396665573
2024-03-15,QQQ,XGBOOST,0.14705142520133635,0.16563907265663147
2024-03-18,QQQ,XGBOOST,0.14249429595981336,0.19378891587257385
2024-03-19,QQQ,XGBOOST,0.14761138979868674,0.18543335795402527
2024-03-20,QQQ,XGBOOST,0.13961894330306027,0.20695582032203674
2024-03-21,QQQ,XGBOOST,0.15153508359226622,0.1930166482925415
2024-03-22,QQQ,XGBOOST,0.1583504832539659,0.19019730389118195
2024-03-25,QQQ,XGBOOST,0.17071419982311753,0.20032458007335663
2024-03-26,QQQ,XGBOOST,0.171826438463036,0.1918776035308838
2024-03-27,QQQ,XGBOOST,0.17092186360974557,0.19212432205677032
2024-03-28,QQQ,XGBOOST,0.18207584198965954,0.19818320870399475
2024-04-01,QQQ,XGBOOST,0.18271282588048118,0.22048775851726532
2024-04-02,QQQ,XGBOOST,0.19167727773751925,0.23208972811698914
2024-04-03,QQQ,XGBOOST,0.19191468198898134,0.23701222240924835
2024-04-04,QQQ,XGBOOST,0.19253105486330035,0.2558051347732544
2024-04-05,QQQ,XGBOOST,0.2016631157244084,0.2591378390789032
2024-04-08,QQQ,XGBOOST,0.20573409489956515,0.24973712861537933
2024-04-09,QQQ,XGBOOST,0.20526563520273697,0.24549883604049683
2024-04-10,QQQ,XGBOOST,0.2027851582351559,0.23744511604309082
2024-04-11,QQQ,XGBOOST,0.19442751902520705,0.240286186337471
2024-04-12,QQQ,XGBOOST,0.1856478118450061,0.22011539340019226
2024-04-15,QQQ,XGBOOST,0.17445245174932295,0.24778522551059723
2024-04-16,QQQ,XGBOOST,0.17527643227444004,0.2183203399181366
2024-04-17,QQQ,XGBOOST,0.17365140526414485,0.21871767938137054
2024-04-18,QQQ,XGBOOST,0.1716531477365092,0.231252983212471
2024-04-19,QQQ,XGBOOST,0.14705812318763511,0.23853518068790436
2024-04-22,QQQ,XGBOOST,0.14587619316030112,0.22409895062446594
2024-04-23,QQQ,XGBOOST,0.14042938616961925,0.2049637883901596
2024-04-24,QQQ,XGBOOST,0.14103936386929214,0.18361535668373108
2024-04-25,QQQ,XGBOOST,0.14078867801558723,0.19171980023384094
2024-04-26,QQQ,XGBOOST,0.13558697154663277,0.20221984386444092
2024-04-29,QQQ,XGBOOST,0.13556257813045997,0.21091383695602417
2024-04-30,QQQ,XGBOOST,0.11481185133322816,0.18801118433475494
2024-05-01,QQQ,XGBOOST,0.11979570414455713,0.1875593662261963
2024-05-02,QQQ,XGBOOST,0.11597811429912486,0.19487816095352173
2024-05-03,QQQ,XGBOOST,0.09739614395185332,0.22418862581253052
2024-05-06,QQQ,XGBOOST,0.09163478675355533,0.21808190643787384
2024-05-07,QQQ,XGBOOST,0.11221071466260607,0.2208707183599472
2024-05-08,QQQ,XGBOOST,0.11212242756651916,0.22815126180648804
2024-05-09,QQQ,XGBOOST,0.11279359940375647,0.221513032913208
2024-05-10,QQQ,XGBOOST,0.11293612284943949,0.19109776616096497
2024-05-13,QQQ,XGBOOST,0.11396843505884025,0.20477215945720673
2024-05-14,QQQ,XGBOOST,0.11908430076767663,0.19485831260681152
2024-05-15,QQQ,XGBOOST,0.11014959456650895,0.1946767270565033
2024-05-16,QQQ,XGBOOST,0.10912536021387668,0.18788674473762512
2024-05-17,QQQ,XGBOOST,0.11306307268615662,0.1945720762014389
2024-05-20,QQQ,XGBOOST,0.1128769690226113,0.19260460138320923
2024-05-21,QQQ,XGBOOST,0.11937872790702095,0.2009991556406021
2024-05-22,QQQ,XGBOOST,0.12051036173143698,0.19187483191490173
2024-05-23,QQQ,XGBOOST,0.1282247064060751,0.1855309158563614
2024-05-24,QQQ,XGBOOST,0.12985027809207242,0.16697470843791962
2024-05-28,QQQ,XGBOOST,0.12974674081000623,0.19227050244808197
2024-05-29,QQQ,XGBOOST,0.12495240363510175,0.17822548747062683
2024-05-30,QQQ,XGBOOST,0.11834286196552972,0.19173160195350647
2024-05-31,QQQ,XGBOOST,0.1172653085450666,0.18650329113006592
2024-06-03,QQQ,XGBOOST,0.11974091147925774,0.17044697701931
2024-06-04,QQQ,XGBOOST,0.12078315362857979,0.15768803656101227
2024-06-05,QQQ,XGBOOST,0.10806487982527596,0.1541978269815445
2024-06-06,QQQ,XGBOOST,0.10721547448480738,0.1588277369737625
2024-06-07,QQQ,XGBOOST,0.10641808540412032,0.16384026408195496
2024-06-10,QQQ,XGBOOST,0.10902520177284244,0.16649533808231354
2024-06-11,QQQ,XGBOOST,0.14256311984406794,0.16675709187984467
2024-06-12,QQQ,XGBOOST,0.13779490709999442,0.16762568056583405
2024-06-13,QQQ,XGBOOST,0.1372963418532563,0.16620585322380066
2024-06-14,QQQ,XGBOOST,0.13691765695951547,0.16486702859401703
2024-06-17,QQQ,XGBOOST,0.17155689666935792,0.16832637786865234
2024-06-18,QQQ,XGBOOST,0.17227030851706326,0.16937415301799774
2024-06-20,QQQ,XGBOOST,0.1729666926445,0.1679086685180664
2024-06-21,QQQ,XGBOOST,0.18106624895370127,0.15504148602485657
2024-06-24,QQQ,XGBOOST,0.17637042782757284,0.14268340170383453
2024-06-25,QQQ,XGBOOST,0.2155341089216165,0.15405990183353424
2024-06-26,QQQ,XGBOOST,0.21753746266887433,0.15361234545707703
2024-06-27,QQQ,XGBOOST,0.22147941265016957,0.15677297115325928
2024-06-28,QQQ,XGBOOST,0.2215633591456662,0.1663888692855835
2024-07-01,QQQ,XGBOOST,0.22377159993925724,0.17585115134716034
2024-07-02,QQQ,XGBOOST,0.24691074381833727,0.17760401964187622
2024-07-03,QQQ,XGBOOST,0.2566404169272072,0.1746014803647995
2024-07-05,QQQ,XGBOOST,0.26132985222198263,0.17059767246246338
2024-07-08,QQQ,XGBOOST,0.27443694132245006,0.1742343306541443
2024-07-09,QQQ,XGBOOST,0.2792517909045216,0.19158731400966644
2024-07-10,QQQ,XGBOOST,0.27261408646608876,0.18621623516082764
2024-07-11,QQQ,XGBOOST,0.29687127005865926,0.1743793487548828
2024-07-12,QQQ,XGBOOST,0.29657492395315016,0.18414905667304993
2024-07-15,QQQ,XGBOOST,0.29640485789755416,0.19681496918201447
2024-07-16,QQQ,XGBOOST,0.3137861589459784,0.19752590358257294
2024-07-17,QQQ,XGBOOST,0.29816388172814884,0.22336453199386597
2024-07-18,QQQ,XGBOOST,0.3128298345978685,0.19125747680664062
2024-07-19,QQQ,XGBOOST,0.31130034092515557,0.2096543163061142
2024-07-22,QQQ,XGBOOST,0.3102634310655813,0.21961507201194763
2024-07-23,QQQ,XGBOOST,0.31009570957134497,0.23724474012851715
2024-07-24,QQQ,XGBOOST,0.2786833611167015,0.26708170771598816
2024-07-25,QQQ,XGBOOST,0.2822546651188592,0.2485261857509613
2024-07-26,QQQ,XGBOOST,0.2824931484944674,0.2484138160943985
2024-07-29,QQQ,XGBOOST,0.2854524824047546,0.2593653202056885
2024-07-30,QQQ,XGBOOST,0.279884035641168,0.2402794510126114
2024-07-31,QQQ,XGBOOST,0.2643960030511884,0.19569720327854156
2024-08-01,QQQ,XGBOOST,0.2481713460382236,0.2390386164188385
2024-08-02,QQQ,XGBOOST,0.23199085076087533,0.2914712727069855
2024-08-05,QQQ,XGBOOST,0.23306439750742639,0.3903401792049408
2024-08-06,QQQ,XGBOOST,0.23250623721540775,0.35133475065231323
2024-08-07,QQQ,XGBOOST,0.22731236735122895,0.3499247431755066
2024-08-08,QQQ,XGBOOST,0.22735025070011258,0.2864944636821747
2024-08-09,QQQ,XGBOOST,0.23117488703648356,0.264858603477478
2024-08-12,QQQ,XGBOOST,0.23320866023946493,0.2681612968444824
2024-08-13,QQQ,XGBOOST,0.22934242680564224,0.2105908989906311
2024-08-14,QQQ,XGBOOST,0.23160409857605938,0.20865373313426971
2024-08-15,QQQ,XGBOOST,0.21443011954727925,0.2096497118473053
2024-08-16,QQQ,XGBOOST,0.21496843471974567,0.2021646946668625
2024-08-19,QQQ,XGBOOST,0.20925945453344733,0.21230950951576233
2024-08-20,QQQ,XGBOOST,0.20959240213798075,0.20679907500743866
2024-08-21,QQQ,XGBOOST,0.22833523528995187,0.20419941842556
2024-08-22,QQQ,XGBOOST,0.2205284141428248,0.21461442112922668
2024-08-23,QQQ,XGBOOST,0.2175078202968206,0.20267869532108307
2024-08-26,QQQ,XGBOOST,0.21462658271034818,0.20108294486999512
2024-08-27,QQQ,XGBOOST,0.21451321540402865,0.19914792478084564
2024-08-28,QQQ,XGBOOST,0.21044650204322604,0.21177153289318085
2024-08-29,QQQ,XGBOOST,0.21183270153816514,0.20091740787029266
2024-08-30,QQQ,XGBOOST,0.20851238621560536,0.18282049894332886
2024-09-03,QQQ,XGBOOST,0.18087795868458453,0.25607848167419434
2024-09-04,QQQ,XGBOOST,0.1800433409977717,0.2714678645133972
2024-09-05,QQQ,XGBOOST,0.1803154417704913,0.264966756105423
2024-09-06,QQQ,XGBOOST,0.14579414244263458,0.27943286299705505
2024-09-09,QQQ,XGBOOST,0.1512755051576264,0.2512010335922241
2024-09-10,QQQ,XGBOOST,0.15557820943904618,0.23865751922130585
2024-09-11,QQQ,XGBOOST,0.14131666133354942,0.21769189834594727
2024-09-12,QQQ,XGBOOST,0.13928865787297257,0.20352816581726074
2024-09-13,QQQ,XGBOOST,0.13900799705520608,0.18944846093654633
2024-09-16,QQQ,XGBOOST,0.13865887877230776,0.1957683116197586
2024-09-17,QQQ,XGBOOST,0.1498267961399569,0.200497567653656
2024-09-18,QQQ,XGBOOST,0.14820262681916094,0.21674497425556183
2024-09-19,QQQ,XGBOOST,0.12107173724505006,0.2026057243347168
2024-09-20,QQQ,XGBOOST,0.12219738250397541,0.20929141342639923
2024-09-23,QQQ,XGBOOST,0.12211839007974526,0.2007165402173996
2024-09-24,QQQ,XGBOOST,0.12139723491799377,0.203438863158226
2024-09-25,QQQ,XGBOOST,0.1348322253526639,0.1865292340517044
2024-09-26,QQQ,XGBOOST,0.13526791326321413,0.19056953489780426
2024-09-27,QQQ,XGBOOST,0.1348903274465979,0.21624721586704254
2024-09-30,QQQ,XGBOOST,0.13473353570020705,0.21866145730018616
2024-10-01,QQQ,XGBOOST,0.12617261746340727,0.2211599200963974
2024-10-02,QQQ,XGBOOST,0.13062225613808023,0.2352437973022461
2024-10-03,QQQ,XGBOOST,0.16213278997510078,0.25124767422676086
2024-10-04,QQQ,XGBOOST,0.1586404738173196,0.25158998370170593
2024-10-07,QQQ,XGBOOST,0.15394208275718954,0.2457016259431839
2024-10-08,QQQ,XGBOOST,0.15144193382742252,0.23178260028362274
2024-10-09,QQQ,XGBOOST,0.17680218073077456,0.22256912291049957
2024-10-10,QQQ,XGBOOST,0.18368184789379782,0.22533296048641205
2024-10-11,QQQ,XGBOOST,0.18370199000699772,0.22182981669902802
2024-10-15,QQQ,XGBOOST,0.17410793157881105,0.21055860817432404
2024-10-16,QQQ,XGBOOST,0.17440254530169183,0.1848762333393097
2024-10-17,QQQ,XGBOOST,0.17733767051020938,0.18614786863327026
2024-10-18,QQQ,XGBOOST,0.19846971293129065,0.17934560775756836
2024-10-21,QQQ,XGBOOST,0.1998309234723173,0.20665735006332397
2024-10-22,QQQ,XGBOOST,0.2011153388923603,0.21001528203487396
2024-10-23,QQQ,XGBOOST,0.19195403813424072,0.19156287610530853
2024-10-24,QQQ,XGBOOST,0.19056934915628415,0.18547867238521576
2024-10-25,QQQ,XGBOOST,0.18973292703324332,0.1898772269487381
2024-10-28,QQQ,XGBOOST,0.18971205738686045,0.20249015092849731
2024-10-29,QQQ,XGBOOST,0.18780595699613942,0.1862168163061142
2024-10-30,QQQ,XGBOOST,0.1880001612323039,0.19534826278686523
2024-10-31,QQQ,XGBOOST,0.1615487854813489,0.18127022683620453
2024-11-01,QQQ,XGBOOST,0.16335746265396292,0.19522473216056824
2024-11-04,QQQ,XGBOOST,0.1619648119833608,0.18835189938545227
2024-11-05,QQQ,XGBOOST,0.16166464988107915,0.17748229205608368
2024-11-06,QQQ,XGBOOST,0.13612667646542154,0.19705811142921448
2024-11-07,QQQ,XGBOOST,0.12883370178653442,0.1642434000968933
2024-11-08,QQQ,XGBOOST,0.13279202527122996,0.16557909548282623
2024-11-12,QQQ,XGBOOST,0.14621185332860917,0.16663433611392975
2024-11-13,QQQ,XGBOOST,0.14872299553042534,0.16426587104797363
2024-11-14,QQQ,XGBOOST,0.14687402352241793,0.14268332719802856
2024-11-15,QQQ,XGBOOST,0.1159769844871332,0.14593318104743958
2024-11-18,QQQ,XGBOOST,0.11915410386636074,0.14480897784233093
2024-11-19,QQQ,XGBOOST,0.18497817786839243,0.13444848358631134
2024-11-20,QQQ,XGBOOST,0.1860059418066995,0.1545770764350891
2024-11-21,QQQ,XGBOOST,0.1877928886486956,0.16204237937927246
2024-11-22,QQQ,XGBOOST,0.19012767938981598,0.13560403883457184
2024-11-25,QQQ,XGBOOST,0.194624268064774,0.14578719437122345
2024-11-26,QQQ,XGBOOST,0.19456133617784824,0.15257839858531952
2024-11-27,QQQ,XGBOOST,0.19918890178188467,0.15994355082511902
2024-11-29,QQQ,XGBOOST,0.2043215020823302,0.15914346277713776
2024-12-02,QQQ,XGBOOST,0.2030862120962171,0.17052629590034485
2024-12-03,QQQ,XGBOOST,0.2027606788898625,0.17333756387233734
2024-12-04,QQQ,XGBOOST,0.20652658107218477,0.17553283274173737
2024-12-05,QQQ,XGBOOST,0.21044747340071307,0.17853231728076935
2024-12-06,QQQ,XGBOOST,0.21748192804420283,0.17269429564476013
2024-12-09,QQQ,XGBOOST,0.21600624774902222,0.16699710488319397
2024-12-10,QQQ,XGBOOST,0.22252376277680797,0.16160988807678223
2024-12-11,QQQ,XGBOOST,0.2109647290744163,0.174702987074852
2024-12-12,QQQ,XGBOOST,0.21041592516488455,0.16976605355739594
2024-12-13,QQQ,XGBOOST,0.22586413140064032,0.16119815409183502
2024-12-16,QQQ,XGBOOST,0.21898742299325946,0.17040950059890747
2024-12-17,QQQ,XGBOOST,0.2289327236692695,0.17979811131954193
2024-12-18,QQQ,XGBOOST,0.18752378993041982,0.21497760713100433
2024-12-19,QQQ,XGBOOST,0.19090675127047965,0.2099364548921585
2024-12-20,QQQ,XGBOOST,0.18914820971711735,0.15829312801361084
2024-12-23,QQQ,XGBOOST,0.188081125525744,0.15825434029102325
2024-12-24,QQQ,XGBOOST,0.2098885566575865,0.1445058286190033
2024-12-26,QQQ,XGBOOST,0.21762380401367337,0.14515811204910278
2024-12-27,QQQ,XGBOOST,0.21253263621812904,0.14763548970222473
2024-12-30,QQQ,XGBOOST,0.20713180217900323,0.15740500390529633
2024-12-31,QQQ,XGBOOST,0.20444723940643716,0.16814982891082764
2025-01-02,QQQ,XGBOOST,0.20676615110727992,0.1715036779642105
2025-01-03,QQQ,XGBOOST,0.20323113250912447,0.1488543450832367
2025-01-06,QQQ,XGBOOST,0.19978647954625878,0.15162187814712524
2025-01-07,QQQ,XGBOOST,0.1883661703356258,0.16470208764076233
2025-01-08,QQQ,XGBOOST,0.19488402509942485,0.16687092185020447
2025-01-10,QQQ,XGBOOST,0.18849062672877526,0.17463359236717224
2025-01-13,QQQ,XGBOOST,0.18819935688460745,0.1830843836069107
2025-01-14,QQQ,XGBOOST,0.18794027246487993,0.1770107001066208
2025-01-15,QQQ,XGBOOST,0.17782739559685604,0.15733392536640167
2025-01-16,QQQ,XGBOOST,0.17485241185702177,0.175383061170578
2025-01-17,QQQ,XGBOOST,0.16644098367086238,0.1726083606481552
2025-01-21,QQQ,XGBOOST,0.1657557944071955,0.1712017059326172
2025-01-22,QQQ,XGBOOST,0.1612624440554878,0.17046001553535461
2025-01-23,QQQ,XGBOOST,0.17819619890742427,0.16892947256565094
2025-01-24,QQQ,XGBOOST,0.1818529990885975,0.16091406345367432
2025-01-27,QQQ,XGBOOST,0.1544387012622354,0.18033242225646973
2025-01-28,QQQ,XGBOOST,0.1447260937232546,0.18547002971172333
2025-01-29,QQQ,XGBOOST,0.1745664962779778,0.1903185099363327
2025-01-30,QQQ,XGBOOST,0.1844257311153803,0.16981853544712067
2025-01-31,QQQ,XGBOOST,0.19850183735535623,0.1800319105386734
2025-02-03,QQQ,XGBOOST,0.19743459935697175,0.19526579976081848
2025-02-04,QQQ,XGBOOST,0.19817913902724596,0.1911926418542862
2025-02-05,QQQ,XGBOOST,0.21620406570618747,0.1634846031665802
2025-02-06,QQQ,XGBOOST,0.21750403809599303,0.17291544377803802
2025-02-07,QQQ,XGBOOST,0.2505589994256479,0.18363812565803528
2025-02-10,QQQ,XGBOOST,0.24262516130602693,0.15895739197731018
2025-02-11,QQQ,XGBOOST,0.2498367443608055,0.17747202515602112
2025-02-12,QQQ,XGBOOST,0.25302870110854603,0.17403927445411682
2025-02-13,QQQ,XGBOOST,0.26524634341242764,0.17097507417201996
2025-02-14,QQQ,XGBOOST,0.26647252896444334,0.17318937182426453
2025-02-18,QQQ,XGBOOST,0.2679682583837877,0.17880398035049438
2025-02-19,QQQ,XGBOOST,0.27612964154620484,0.19033701717853546
2025-02-20,QQQ,XGBOOST,0.2762082267233154,0.19827544689178467
2025-02-21,QQQ,XGBOOST,0.27181769030751846,0.19705082476139069
2025-02-24,QQQ,XGBOOST,0.2855193783041056,0.19089969992637634
2025-02-25,QQQ,XGBOOST,0.2845476338882483,0.18752750754356384
2025-02-26,QQQ,XGBOOST,0.2900278262858372,0.16972699761390686
2025-02-27,QQQ,XGBOOST,0.274681154760026,0.21140696108341217
2025-02-28,QQQ,XGBOOST,0.27999207758827815,0.22490918636322021
2025-03-03,QQQ,XGBOOST,0.27182500764979156,0.24195830523967743
2025-03-04,QQQ,XGBOOST,0.27454271013297393,0.23313476145267487
2025-03-05,QQQ,XGBOOST,0.2710800499648258,0.2258550077676773
2025-03-06,QQQ,XGBOOST,0.31776846667341596,0.2527470588684082
2025-03-07,QQQ,XGBOOST,0.37943502100040344,0.229436993598938
2025-03-10,QQQ,XGBOOST,0.3612490079461675,0.23854303359985352
2025-03-11,QQQ,XGBOOST,0.3638390857443592,0.28068938851356506
2025-03-12,QQQ,XGBOOST,0.5576652720958364,0.24551013112068176
2025-03-13,QQQ,XGBOOST,0.574910192843233,0.2455664426088333
2025-03-14,QQQ,XGBOOST,0.5718433409153606,0.2520187795162201
2025-03-17,QQQ,XGBOOST,0.5719059966497647,0.23670771718025208
2025-03-18,QQQ,XGBOOST,0.5694030514466117,0.24074700474739075
2025-03-19,QQQ,XGBOOST,0.575369736037488,0.2321089208126068
2025-03-20,QQQ,XGBOOST,0.5755200148368026,0.21084628999233246
2025-03-21,QQQ,XGBOOST,0.5797118464286319,0.2028164118528366
2025-03-24,QQQ,XGBOOST,0.582482399000269,0.18138155341148376
2025-03-25,QQQ,XGBOOST,0.5895202716878153,0.1823592334985733
2025-03-26,QQQ,XGBOOST,0.5973219632683802,0.1930171251296997
2025-03-27,QQQ,XGBOOST,0.5988329507077202,0.17510245740413666
2025-03-28,QQQ,XGBOOST,0.5910701986638923,0.210923969745636
2025-03-31,QQQ,XGBOOST,0.5914767827853745,0.21537084877490997
2025-04-01,QQQ,XGBOOST,0.5908446057887247,0.20618396997451782
2025-04-02,QQQ,XGBOOST,0.5920840074996633,0.21121637523174286
2025-04-03,QQQ,XGBOOST,0.5558761310689808,0.19695334136486053
2025-04-04,QQQ,XGBOOST,0.496405816786787,0.4548291862010956
2025-04-07,QQQ,XGBOOST,0.4995828059036485,0.414850115776062
2025-04-08,QQQ,XGBOOST,0.49126457624669484,0.4404103755950928
2025-04-09,QQQ,XGBOOST,0.29282938908487655,0.33461305499076843
2025-04-10,QQQ,XGBOOST,0.23839460067641424,0.4121696650981903
2025-04-11,QQQ,XGBOOST,0.26584858175466936,0.3165748119354248
2025-04-14,QQQ,XGBOOST,0.26799923240035856,0.3092907667160034
2025-04-15,QQQ,XGBOOST,0.26738366498941096,0.3093301057815552
2025-04-16,QQQ,XGBOOST,0.23059731112557347,0.36060360074043274
2025-04-17,QQQ,XGBOOST,0.229073135627526,0.31540584564208984
2025-04-21,QQQ,XGBOOST,0.19535974449223267,0.2451811283826828
2025-04-22,QQQ,XGBOOST,0.18995503787128856,0.2472364604473114
2025-04-23,QQQ,XGBOOST,0.1968149481797719,0.264870285987854
2025-04-24,QQQ,XGBOOST,0.17966620230666316,0.26553046703338623
2025-04-25,QQQ,XGBOOST,0.1846491526037431,0.2753278315067291
2025-04-28,QQQ,XGBOOST,0.19636685466036644,0.26831603050231934
2025-04-29,QQQ,XGBOOST,0.19900764642935745,0.27291807532310486
2025-04-30,QQQ,XGBOOST,0.19851972516653668,0.2864314317703247
2025-05-01,QQQ,XGBOOST,0.19696433233099828,0.277584969997406
2025-05-02,QQQ,XGBOOST,0.19335613820627798,0.249454528093338
2025-05-05,QQQ,XGBOOST,0.19067695718653455,0.24826884269714355
2025-05-06,QQQ,XGBOOST,0.18409288218048006,0.278097003698349
2025-05-07,QQQ,XGBOOST,0.18916750898117962,0.23507973551750183
2025-05-08,QQQ,XGBOOST,0.18894251286739205,0.2420644462108612
2025-05-09,QQQ,XGBOOST,0.18838396262384544,0.2549229860305786
2025-05-12,QQQ,XGBOOST,0.13375514779592948,0.2019142359495163
2025-05-13,QQQ,XGBOOST,0.12657721311625444,0.19911916553974152
2025-05-14,QQQ,XGBOOST,0.12556677059228044,0.2018672376871109
2025-05-15,QQQ,XGBOOST,0.1351354617713354,0.2050161510705948
2025-05-16,QQQ,XGBOOST,0.14247018013825527,0.21000196039676666
2025-05-19,QQQ,XGBOOST,0.14774234449334456,0.2046860009431839
2025-05-20,QQQ,XGBOOST,0.1470276558726066,0.20265373587608337
2025-05-21,QQQ,XGBOOST,0.13768933845820788,0.22533756494522095
2025-05-22,QQQ,XGBOOST,0.14127827420936473,0.2296355813741684
2025-05-23,QQQ,XGBOOST,0.14260474180691415,0.24044470489025116
2025-05-27,QQQ,XGBOOST,0.12081758179459667,0.21697118878364563
2025-05-28,QQQ,XGBOOST,0.12105203950148395,0.23581121861934662
2025-05-29,QQQ,XGBOOST,0.12105743478704663,0.22207562625408173
2025-05-30,QQQ,XGBOOST,0.12065587585198424,0.21626293659210205
2025-06-02,QQQ,XGBOOST,0.12590229842777828,0.21393288671970367
2025-06-03,QQQ,XGBOOST,0.12544661202740467,0.21263863146305084
2025-06-04,QQQ,XGBOOST,0.12828691703881448,0.18733814358711243
2025-06-05,QQQ,XGBOOST,0.12829308957626553,0.18651455640792847
2025-06-06,QQQ,XGBOOST,0.12562376592765354,0.16164875030517578
2025-06-09,QQQ,XGBOOST,0.12679420946894698,0.19441218674182892
2025-06-10,QQQ,XGBOOST,0.12648292760082283,0.19751067459583282
2025-06-11,QQQ,XGBOOST,0.12591113099424484,0.21320310235023499
2025-06-12,QQQ,XGBOOST,0.1260305141469681,0.22253552079200745
2025-06-13,QQQ,XGBOOST,0.11354297141879789,0.19128923118114471
2025-06-16,QQQ,XGBOOST,0.10591253195708328,0.1722864955663681
2025-06-17,QQQ,XGBOOST,0.09782203570318487,0.21288004517555237
2025-06-18,QQQ,XGBOOST,0.09820783017434924,0.1917710304260254
2025-06-20,QQQ,XGBOOST,0.09475907363357892,0.19490689039230347
2025-06-23,QQQ,XGBOOST,0.09599021734663023,0.1818179041147232
2025-06-24,QQQ,XGBOOST,0.08439643759176886,0.15681202709674835
2025-06-25,QQQ,XGBOOST,0.0843848595336557,0.15047283470630646
2025-06-26,QQQ,XGBOOST,0.08007425094521814,0.16246898472309113
2025-06-27,QQQ,XGBOOST,0.08000197561701189,0.155514195561409
2025-06-30,QQQ,XGBOOST,0.07885663815937702,0.16789843142032623
2025-07-01,QQQ,XGBOOST,0.0697489773541582,0.16561582684516907
2025-07-02,QQQ,XGBOOST,0.07151176393565419,0.16925443708896637
2025-07-03,QQQ,XGBOOST,0.09752189716273069,0.17034566402435303
2025-07-07,QQQ,XGBOOST,0.1135225674792853,0.18825791776180267
2025-07-08,QQQ,XGBOOST,0.11693685721085112,0.1778457909822464
2025-07-09,QQQ,XGBOOST,0.12233328939083304,0.17586886882781982
2025-07-10,QQQ,XGBOOST,0.12226220357474216,0.16327612102031708
2025-07-11,QQQ,XGBOOST,0.1247420511039249,0.22643305361270905
2025-07-14,QQQ,XGBOOST,0.12565565422452388,0.24488763511180878
2025-07-15,QQQ,XGBOOST,0.13155250378610175,0.2358068972826004
2025-07-16,QQQ,XGBOOST,0.13161992976362186,0.2296735942363739
2025-07-17,QQQ,XGBOOST,0.12997421121027855,0.22964298725128174
2025-07-18,QQQ,XGBOOST,0.13143660859819972,0.23283088207244873
2025-07-21,QQQ,XGBOOST,0.1308093915030525,0.22703994810581207
2025-07-22,QQQ,XGBOOST,0.13941346087569703,0.23313623666763306
2025-07-23,QQQ,XGBOOST,0.14055785620701228,0.23377631604671478
2025-07-24,QQQ,XGBOOST,0.1413683320795696,0.25604113936424255
2025-07-25,QQQ,XGBOOST,0.15152242669876337,0.2604588270187378
2025-07-28,QQQ,XGBOOST,0.15164131273617107,0.2652231454849243
2025-07-29,QQQ,XGBOOST,0.15207727062329773,0.26011285185813904
2025-07-30,QQQ,XGBOOST,0.15209379346972973,0.2587173283100128
2025-07-31,QQQ,XGBOOST,0.15178673513933508,0.2558501064777374
2025-08-01,QQQ,XGBOOST,0.1389631276367094,0.27821028232574463
2025-08-04,QQQ,XGBOOST,0.12800185413141776,0.2584424614906311
2025-08-05,QQQ,XGBOOST,0.12801907102709734,0.2600567042827606
2025-08-06,QQQ,XGBOOST,0.12435468547045463,0.23565253615379333
2025-08-07,QQQ,XGBOOST,0.12398929985888504,0.2424725592136383
2025-08-08,QQQ,XGBOOST,0.12083389926527609,0.24096304178237915
2025-08-11,QQQ,XGBOOST,0.12046050265329154,0.24717305600643158
2025-08-12,QQQ,XGBOOST,0.11206751981592648,0.24001075327396393
2025-08-13,QQQ,XGBOOST,0.11391236617572703,0.2129736840724945
2025-08-14,QQQ,XGBOOST,0.11473319010296502,0.19276107847690582
2025-08-15,QQQ,XGBOOST,0.11644390870472388,0.1960505247116089
2025-08-18,QQQ,XGBOOST,0.11653740270620999,0.1917569637298584
2025-08-19,QQQ,XGBOOST,0.10342218008453935,0.18142089247703552
2025-08-20,QQQ,XGBOOST,0.10216982809220501,0.1912773698568344
2025-08-21,QQQ,XGBOOST,0.09952556276894849,0.20101040601730347
2025-08-22,QQQ,XGBOOST,0.08930001611183089,0.1948094218969345
2025-08-25,QQQ,XGBOOST,0.09331191755294597,0.19401708245277405
2025-08-26,QQQ,XGBOOST,0.09543833128619524,0.2005549669265747
2025-08-27,QQQ,XGBOOST,0.09809850209543729,0.20457343757152557
2025-08-28,QQQ,XGBOOST,0.09709626940879514,0.19556425511837006
2025-08-29,QQQ,XGBOOST,0.08377193031529485,0.20500949025154114
2025-09-02,QQQ,XGBOOST,0.0732199185258215,0.21823276579380035
2025-09-03,QQQ,XGBOOST,0.0713452413093247,0.1996707320213318
2025-09-04,QQQ,XGBOOST,0.06779634842558135,0.2070639580488205
2025-09-05,QQQ,XGBOOST,0.07197320123534275,0.19573111832141876
2025-09-08,QQQ,XGBOOST,0.07375915343540812,0.19604115188121796
2025-09-09,QQQ,XGBOOST,0.07871273170368993,0.19362229108810425
2025-09-10,QQQ,XGBOOST,0.0849962441555915,0.19596746563911438
2025-09-11,QQQ,XGBOOST,0.0851770397645822,0.17231038212776184
2025-09-12,QQQ,XGBOOST,0.15784985207599178,0.18593981862068176
2025-09-15,QQQ,XGBOOST,0.1720463872519703,0.18151281774044037
2025-09-16,QQQ,XGBOOST,0.17407835412343098,0.17593757808208466
2025-09-17,QQQ,XGBOOST,0.17521661309226666,0.17907534539699554
2025-09-18,QQQ,XGBOOST,0.17341388889459083,0.1961752325296402
2025-09-19,QQQ,XGBOOST,0.17331841141447876,0.20212097465991974
2025-09-22,QQQ,XGBOOST,0.1776253987090433,0.20686693489551544
2025-09-23,QQQ,XGBOOST,0.17551275991273035,0.21451406180858612
2025-09-24,QQQ,XGBOOST,0.17898779661159375,0.21598653495311737
2025-09-25,QQQ,XGBOOST,0.17985713262089148,0.21438957750797272
2025-09-26,QQQ,XGBOOST,0.18261608875477878,0.2210783213376999
2025-09-29,QQQ,XGBOOST,0.19100682562169377,0.21925920248031616
2025-09-30,QQQ,XGBOOST,0.19192156440426572,0.22589996457099915
2025-10-01,QQQ,XGBOOST,0.19188097652109015,0.19300606846809387
2025-10-02,QQQ,XGBOOST,0.20211253080179312,0.21674351394176483
2025-10-03,QQQ,XGBOOST,0.20117473965798408,0.1831345111131668
2025-10-06,QQQ,XGBOOST,0.20044226171912033,0.1976664811372757
2025-10-07,QQQ,XGBOOST,0.21453508302119217,0.19498129189014435
2025-10-08,QQQ,XGBOOST,0.21213458671732158,0.17229041457176208
2025-10-09,QQQ,XGBOOST,0.22341242845315795,0.18163059651851654
2025-10-10,QQQ,XGBOOST,0.18092890032740175,0.21749503910541534
2025-10-14,QQQ,XGBOOST,0.18029002491138207,0.19162748754024506
2025-10-15,QQQ,XGBOOST,0.17949181769364206,0.19626431167125702
2025-10-16,QQQ,XGBOOST,0.195397435656179,0.23714035749435425
2025-10-17,QQQ,XGBOOST,0.19417564439013713,0.19797401130199432
2025-10-20,QQQ,XGBOOST,0.19113491970351723,0.17733845114707947
2025-10-21,QQQ,XGBOOST,0.19550075997384897,0.21261440217494965
2025-10-22,QQQ,XGBOOST,0.1944297021389157,0.20979316532611847
2025-10-23,QQQ,XGBOOST,0.20830860292775244,0.2009344846010208
2025-10-24,QQQ,XGBOOST,0.2060565974554666,0.1754952073097229
2025-10-27,QQQ,XGBOOST,0.21724803267848336,0.18771469593048096
2025-10-28,QQQ,XGBOOST,0.21643218938681985,0.22939161956310272
2025-10-29,QQQ,XGBOOST,0.21865551008758943,0.21864131093025208
2025-10-30,QQQ,XGBOOST,0.21501744151772917,0.2435688078403473
2025-10-31,QQQ,XGBOOST,0.21427251708995262,0.25182998180389404
2025-11-03,QQQ,XGBOOST,0.21560848913090744,0.2688063383102417
2025-11-04,QQQ,XGBOOST,0.20280167417918843,0.27049052715301514
2025-11-05,QQQ,XGBOOST,0.2015267356052275,0.2739623188972473
2025-11-06,QQQ,XGBOOST,0.18924336602961322,0.27573835849761963
2025-11-07,QQQ,XGBOOST,0.18892261077780537,0.28413495421409607
2025-11-10,QQQ,XGBOOST,0.1724044252531196,0.2118709832429886
2025-11-12,QQQ,XGBOOST,0.17306803861334222,0.2143789529800415
2025-11-13,QQQ,XGBOOST,0.1709900472101622,0.23398329317569733
2025-11-14,QQQ,XGBOOST,0.17207333462418276,0.23015503585338593
2025-11-17,QQQ,XGBOOST,0.1690354352046874,0.29624509811401367
2025-11-18,QQQ,XGBOOST,0.17695306008727893,0.2964388430118561
2025-11-19,QQQ,XGBOOST,0.18293066845365677,0.293727844953537
2025-11-20,QQQ,XGBOOST,0.16255691588937352,0.300187885761261
2025-11-21,QQQ,XGBOOST,0.16176306726300316,0.2720721364021301
2025-11-24,QQQ,XGBOOST,0.1380927790146439,0.2694404721260071
2025-11-25,QQQ,XGBOOST,0.1371084420369779,0.25623083114624023
2025-11-26,QQQ,XGBOOST,0.13424683833463122,0.25812914967536926
2025-11-28,QQQ,XGBOOST,0.13284378167559813,0.2412216067314148
2025-12-01,QQQ,XGBOOST,0.13252443382497572,0.2581402063369751
2025-12-02,QQQ,XGBOOST,0.1326805238632955,0.23817774653434753
2025-12-03,QQQ,XGBOOST,0.13227798648961472,0.2159220576286316
2025-12-04,QQQ,XGBOOST,0.13581779764671037,0.2078550010919571
2025-12-05,QQQ,XGBOOST,0.13881244764726344,0.2170466184616089
2025-12-08,QQQ,XGBOOST,0.13868828661843446,0.2077496200799942
2025-12-09,QQQ,XGBOOST,0.14007889477384627,0.19621062278747559
2025-12-10,QQQ,XGBOOST,0.14397119364360839,0.19688107073307037
2025-12-11,QQQ,XGBOOST,0.14348504514599095,0.20119968056678772
2025-12-12,QQQ,XGBOOST,0.1239920192237121,0.20676542818546295
2025-12-15,QQQ,XGBOOST,0.12926870128914156,0.19490039348602295
2025-12-16,QQQ,XGBOOST,0.12959091569128073,0.18287746608257294
2025-12-17,QQQ,XGBOOST,0.10738576458324511,0.21235902607440948
2025-12-18,QQQ,XGBOOST,0.1254435702572579,0.18688756227493286
2025-12-19,QQQ,XGBOOST,0.12610718625064563,0.1862008273601532
2025-12-22,QQQ,XGBOOST,0.1276377334954606,0.16959403455257416
2025-12-23,QQQ,XGBOOST,0.12703208330521745,0.1649971604347229
2025-12-24,QQQ,XGBOOST,0.12757855899450443,0.17149996757507324
2025-12-26,QQQ,XGBOOST,0.13142334329009392,0.18103395402431488
2025-12-29,QQQ,XGBOOST,0.13013755191561022,0.18307048082351685
2025-12-30,QQQ,XGBOOST,0.13202059264603894,0.18609808385372162
2025-12-31,QQQ,XGBOOST,0.13609996601113977,0.19359703361988068
2023-12-28,IWM,XGBOOST,0.18963327227253757,0.2546037435531616
2023-12-29,IWM,XGBOOST,0.18314139981770383,0.23812875151634216
2024-01-02,IWM,XGBOOST,0.20143427176538578,0.22718030214309692
2024-01-03,IWM,XGBOOST,0.18419280556973425,0.21981672942638397
2024-01-04,IWM,XGBOOST,0.18511392455709422,0.2233140766620636
2024-01-05,IWM,XGBOOST,0.19051523529785205,0.2380906641483307
2024-01-08,IWM,XGBOOST,0.18167764760986538,0.22875097393989563
2024-01-09,IWM,XGBOOST,0.1792107620451064,0.23381339013576508
2024-01-10,IWM,XGBOOST,0.18748494038660482,0.22572928667068481
2024-01-11,IWM,XGBOOST,0.1929345000471686,0.22093088924884796
2024-01-12,IWM,XGBOOST,0.20114389861109205,0.22210989892482758
2024-01-16,IWM,XGBOOST,0.25131657160102455,0.21451230347156525
2024-01-17,IWM,XGBOOST,0.2609424948681829,0.23058833181858063
2024-01-18,IWM,XGBOOST,0.2742147878372816,0.2514666020870209
2024-01-19,IWM,XGBOOST,0.27977113529658876,0.23195965588092804
2024-01-22,IWM,XGBOOST,0.27616443143183345,0.24277079105377197
2024-01-23,IWM,XGBOOST,0.2765486779348819,0.247773215174675
2024-01-24,IWM,XGBOOST,0.27560368536163266,0.24891482293605804
2024-01-25,IWM,XGBOOST,0.27441486165416984,0.2450399249792099
2024-01-26,IWM,XGBOOST,0.27502304029806873,0.2414001226425171
2024-01-29,IWM,XGBOOST,0.2727205931830363,0.2058715522289276
2024-01-30,IWM,XGBOOST,0.27258457829733806,0.2136457860469818
2024-01-31,IWM,XGBOOST,0.2553328649185357,0.18683509528636932
2024-02-01,IWM,XGBOOST,0.2540693610935129,0.19894953072071075
2024-02-02,IWM,XGBOOST,0.25274165374415797,0.20502649247646332
2024-02-05,IWM,XGBOOST,0.250388897361488,0.20519407093524933
2024-02-06,IWM,XGBOOST,0.24995947532656138,0.1995455026626587
2024-02-07,IWM,XGBOOST,0.24985576475272425,0.20706059038639069
2024-02-08,IWM,XGBOOST,0.24636232289954407,0.20280323922634125
2024-02-09,IWM,XGBOOST,0.24370561495994553,0.20161029696464539
2024-02-12,IWM,XGBOOST,0.23582935614844563,0.20241497457027435
2024-02-13,IWM,XGBOOST,0.17443704446079297,0.19691766798496246
2024-02-14,IWM,XGBOOST,0.1722203692887855,0.196000337600708
2024-02-15,IWM,XGBOOST,0.14350495226782678,0.19433607161045074
2024-02-16,IWM,XGBOOST,0.13641432216876276,0.19271913170814514
2024-02-20,IWM,XGBOOST,0.1269661068592612,0.18559738993644714
2024-02-21,IWM,XGBOOST,0.14144277634628818,0.18910866975784302
2024-02-22,IWM,XGBOOST,0.1440955999973328,0.1927717924118042
2024-02-23,IWM,XGBOOST,0.15502730370164283,0.189232736825943
2024-02-26,IWM,XGBOOST,0.1540055062572004,0.18823690712451935
2024-02-27,IWM,XGBOOST,0.14654760328061392,0.20344017446041107
2024-02-28,IWM,XGBOOST,0.16066758567978248,0.20023588836193085
2024-02-29,IWM,XGBOOST,0.15964909716218656,0.20279282331466675
2024-03-01,IWM,XGBOOST,0.1607592135089697,0.21987685561180115
2024-03-04,IWM,XGBOOST,0.17471902339286036,0.23902080953121185
2024-03-05,IWM,XGBOOST,0.1725204609809942,0.22271963953971863
2024-03-06,IWM,XGBOOST,0.17454581742293956,0.22469200193881989
2024-03-07,IWM,XGBOOST,0.17220085003455898,0.21730764210224152
2024-03-08,IWM,XGBOOST,0.1734855106301751,0.2085803598165512
2024-03-11,IWM,XGBOOST,0.17153534471843562,0.20557071268558502
2024-03-12,IWM,XGBOOST,0.19685433181403394,0.20213282108306885
2024-03-13,IWM,XGBOOST,0.19802255603601598,0.20096802711486816
2024-03-14,IWM,XGBOOST,0.19791287600488425,0.20841293036937714
2024-03-15,IWM,XGBOOST,0.20375120298303986,0.20596365630626678
2024-03-18,IWM,XGBOOST,0.20331707020147874,0.20689645409584045
2024-03-19,IWM,XGBOOST,0.2046623738322959,0.20902369916439056
2024-03-20,IWM,XGBOOST,0.18800247068380538,0.2143101543188095
2024-03-21,IWM,XGBOOST,0.18095334651272013,0.21919307112693787
2024-03-22,IWM,XGBOOST,0.1840047082730581,0.20124219357967377
2024-03-25,IWM,XGBOOST,0.19554044813868815,0.20205390453338623
2024-03-26,IWM,XGBOOST,0.1957874990988449,0.200640469789505
2024-03-27,IWM,XGBOOST,0.17547998462730274,0.20373699069023132
2024-03-28,IWM,XGBOOST,0.17996256029633184,0.21821337938308716
2024-04-01,IWM,XGBOOST,0.182233225363206,0.21372486650943756
2024-04-02,IWM,XGBOOST,0.18469984437582115,0.2147720754146576
2024-04-03,IWM,XGBOOST,0.1825934306495377,0.21117553114891052
2024-04-04,IWM,XGBOOST,0.19403189343798677,0.22160430252552032
2024-04-05,IWM,XGBOOST,0.19729716990983834,0.21821622550487518
2024-04-08,IWM,XGBOOST,0.2020029824913088,0.2155756652355194
2024-04-09,IWM,XGBOOST,0.20162736027455086,0.20500612258911133
2024-04-10,IWM,XGBOOST,0.17749184413508093,0.21883481740951538
2024-04-11,IWM,XGBOOST,0.17943309695400747,0.22701193392276764
2024-04-12,IWM,XGBOOST,0.1684171088914789,0.22596804797649384
2024-04-15,IWM,XGBOOST,0.15723784667276333,0.23949465155601501
2024-04-16,IWM,XGBOOST,0.1580864413910191,0.2463144212961197
2024-04-17,IWM,XGBOOST,0.15293852879615097,0.22568900883197784
2024-04-18,IWM,XGBOOST,0.15729862781777945,0.23835143446922302
2024-04-19,IWM,XGBOOST,0.15748181396252736,0.232657328248024
2024-04-22,IWM,XGBOOST,0.1550897062777613,0.24285222589969635
2024-04-23,IWM,XGBOOST,0.1474163655437494,0.22733989357948303
2024-04-24,IWM,XGBOOST,0.1505398770656805,0.20863224565982819
2024-04-25,IWM,XGBOOST,0.1622959639826315,0.2009299397468567
2024-04-26,IWM,XGBOOST,0.16333374766264133,0.21250002086162567
2024-04-29,IWM,XGBOOST,0.16194168190578362,0.2048836499452591
2024-04-30,IWM,XGBOOST,0.15286486216146644,0.2044484168291092
2024-05-01,IWM,XGBOOST,0.15541387591220177,0.200825497508049
2024-05-02,IWM,XGBOOST,0.1453408168986182,0.19690430164337158
2024-05-03,IWM,XGBOOST,0.14385204225740056,0.19284705817699432
2024-05-06,IWM,XGBOOST,0.14407101147421364,0.19208075106143951
2024-05-07,IWM,XGBOOST,0.1544364778893414,0.1953144371509552
2024-05-08,IWM,XGBOOST,0.15519993740142274,0.19288064539432526
2024-05-09,IWM,XGBOOST,0.15563297130560727,0.20204460620880127
2024-05-10,IWM,XGBOOST,0.1545088871817414,0.1924125701189041
2024-05-13,IWM,XGBOOST,0.15447395737031455,0.19647419452667236
2024-05-14,IWM,XGBOOST,0.16009657910833416,0.2045070379972458
2024-05-15,IWM,XGBOOST,0.15481022716323145,0.2039760947227478
2024-05-16,IWM,XGBOOST,0.1619671854481092,0.20004336535930634
2024-05-17,IWM,XGBOOST,0.16597338773764136,0.1837388426065445
2024-05-20,IWM,XGBOOST,0.16583532116046526,0.20043568313121796
2024-05-21,IWM,XGBOOST,0.16603351461594384,0.20623314380645752
2024-05-22,IWM,XGBOOST,0.16477925292222623,0.21303164958953857
2024-05-23,IWM,XGBOOST,0.15572968000608417,0.20716744661331177
2024-05-24,IWM,XGBOOST,0.15006300057578312,0.19631719589233398
2024-05-28,IWM,XGBOOST,0.15016612854851882,0.2037051022052765
2024-05-29,IWM,XGBOOST,0.14594047006098226,0.19401894509792328
2024-05-30,IWM,XGBOOST,0.1425984852730626,0.20426049828529358
2024-05-31,IWM,XGBOOST,0.1417270798723201,0.1951364427804947
2024-06-03,IWM,XGBOOST,0.14142466451907054,0.2012895792722702
2024-06-04,IWM,XGBOOST,0.13355568602891094,0.18946921825408936
2024-06-05,IWM,XGBOOST,0.12195238388635521,0.17941421270370483
2024-06-06,IWM,XGBOOST,0.12262700979725875,0.1873418241739273
2024-06-07,IWM,XGBOOST,0.11592869050438381,0.18043944239616394
2024-06-10,IWM,XGBOOST,0.12034385204743454,0.1896008402109146
2024-06-11,IWM,XGBOOST,0.17132815311169106,0.19065862894058228
2024-06-12,IWM,XGBOOST,0.1681923712350669,0.20256881415843964
2024-06-13,IWM,XGBOOST,0.1726464678028507,0.20372264087200165
2024-06-14,IWM,XGBOOST,0.18685004671072308,0.21592161059379578
2024-06-17,IWM,XGBOOST,0.19565363079542358,0.21440954506397247
2024-06-18,IWM,XGBOOST,0.21429733617026742,0.21777395904064178
2024-06-20,IWM,XGBOOST,0.21476471381978623,0.17779356241226196
2024-06-21,IWM,XGBOOST,0.21858562237034154,0.19442014396190643
2024-06-24,IWM,XGBOOST,0.2195479801877367,0.17383475601673126
2024-06-25,IWM,XGBOOST,0.23780547816381808,0.1941903978586197
2024-06-26,IWM,XGBOOST,0.23811604527366634,0.18337364494800568
2024-06-27,IWM,XGBOOST,0.24098659762054475,0.18343299627304077
2024-06-28,IWM,XGBOOST,0.247907753209203,0.16392648220062256
2024-07-01,IWM,XGBOOST,0.24325693127907683,0.18199561536312103
2024-07-02,IWM,XGBOOST,0.24319180360681775,0.1574012041091919
2024-07-03,IWM,XGBOOST,0.27824830800793937,0.15132178366184235
2024-07-05,IWM,XGBOOST,0.31079441299116656,0.16301214694976807
2024-07-08,IWM,XGBOOST,0.33338418252383556,0.15783432126045227
2024-07-09,IWM,XGBOOST,0.3351136667675522,0.16368059813976288
2024-07-10,IWM,XGBOOST,0.33621376492871063,0.18329837918281555
2024-07-11,IWM,XGBOOST,0.32243475938218563,0.20480632781982422
2024-07-12,IWM,XGBOOST,0.31903022727394925,0.21349672973155975
2024-07-15,IWM,XGBOOST,0.310603773658474,0.17873349785804749
2024-07-16,IWM,XGBOOST,0.2890108054543658,0.18255099654197693
2024-07-17,IWM,XGBOOST,0.2880963029461888,0.16109246015548706
2024-07-18,IWM,XGBOOST,0.2993800641274737,0.16834579408168793
2024-07-19,IWM,XGBOOST,0.29936181600577183,0.17851558327674866
2024-07-22,IWM,XGBOOST,0.2969319333286491,0.16141743957996368
2024-07-23,IWM,XGBOOST,0.2957908193594868,0.17192544043064117
2024-07-24,IWM,XGBOOST,0.29114883010024367,0.17438459396362305
2024-07-25,IWM,XGBOOST,0.2883661790413474,0.17414990067481995
2024-07-26,IWM,XGBOOST,0.3052586132116309,0.17134027183055878
2024-07-29,IWM,XGBOOST,0.30282960658540725,0.1790638566017151
2024-07-30,IWM,XGBOOST,0.3035503073996943,0.18626068532466888
2024-07-31,IWM,XGBOOST,0.3031782552330488,0.1741926223039627
2024-08-01,IWM,XGBOOST,0.2803831585732765,0.19806627929210663
2024-08-02,IWM,XGBOOST,0.24522529296901402,0.2229500114917755
2024-08-05,IWM,XGBOOST,0.24214983414028543,0.31609389185905457
2024-08-06,IWM,XGBOOST,0.24064091797916845,0.280152291059494
2024-08-07,IWM,XGBOOST,0.23653142573510197,0.3151082396507263
2024-08-08,IWM,XGBOOST,0.23388493120099502,0.22997568547725677
2024-08-09,IWM,XGBOOST,0.2338814939559526,0.2182433009147644
2024-08-12,IWM,XGBOOST,0.23123978630071465,0.21319833397865295
2024-08-13,IWM,XGBOOST,0.22415567581209028,0.1963517963886261
2024-08-14,IWM,XGBOOST,0.22704265449526245,0.19398722052574158
2024-08-15,IWM,XGBOOST,0.22531704410919703,0.17610228061676025
2024-08-16,IWM,XGBOOST,0.22542772066048655,0.16704237461090088
2024-08-19,IWM,XGBOOST,0.22331347343482932,0.18458184599876404
2024-08-20,IWM,XGBOOST,0.21827379521396792,0.1921020895242691
2024-08-21,IWM,XGBOOST,0.2249217196815529,0.18944551050662994
2024-08-22,IWM,XGBOOST,0.22624017910897928,0.19721268117427826
2024-08-23,IWM,XGBOOST,0.19787118775220866,0.17170514166355133
2024-08-26,IWM,XGBOOST,0.19795086475256493,0.17712222039699554
2024-08-27,IWM,XGBOOST,0.20095475228619997,0.17724573612213135
2024-08-28,IWM,XGBOOST,0.20017867498053493,0.18679223954677582
2024-08-29,IWM,XGBOOST,0.20002204471957025,0.17505498230457306
2024-08-30,IWM,XGBOOST,0.19921739869153055,0.1777341514825821
2024-09-03,IWM,XGBOOST,0.1703267953573702,0.2177634984254837
2024-09-04,IWM,XGBOOST,0.17025983621580584,0.22522471845149994
2024-09-05,IWM,XGBOOST,0.1712153151409211,0.21296516060829163
2024-09-06,IWM,XGBOOST,0.15888356505023335,0.21475255489349365
2024-09-09,IWM,XGBOOST,0.16334850605840515,0.20470599830150604
2024-09-10,IWM,XGBOOST,0.16305820712392907,0.23121623694896698
2024-09-11,IWM,XGBOOST,0.16304445855163008,0.22081536054611206
2024-09-12,IWM,XGBOOST,0.1603912345383061,0.19055084884166718
2024-09-13,IWM,XGBOOST,0.1528712786129653,0.18343037366867065
2024-09-16,IWM,XGBOOST,0.15422819562655476,0.19446277618408203
2024-09-17,IWM,XGBOOST,0.15207947083793102,0.18871204555034637
2024-09-18,IWM,XGBOOST,0.16143092471928366,0.1965625286102295
2024-09-19,IWM,XGBOOST,0.1462827635386386,0.1773523986339569
2024-09-20,IWM,XGBOOST,0.14041764840634965,0.17332307994365692
2024-09-23,IWM,XGBOOST,0.15207192533286015,0.1662062704563141
2024-09-24,IWM,XGBOOST,0.15273462100943774,0.16373197734355927
2024-09-25,IWM,XGBOOST,0.1497436891501748,0.15941357612609863
2024-09-26,IWM,XGBOOST,0.14877817637362437,0.15614700317382812
2024-09-27,IWM,XGBOOST,0.14732406808521697,0.18838874995708466
2024-09-30,IWM,XGBOOST,0.1583841162622464,0.18579310178756714
2024-10-01,IWM,XGBOOST,0.15024848152637665,0.1885281205177307
2024-10-02,IWM,XGBOOST,0.15024375697188133,0.18694986402988434
2024-10-03,IWM,XGBOOST,0.16082074670955898,0.20453009009361267
2024-10-04,IWM,XGBOOST,0.15414432607341594,0.20220786333084106
2024-10-07,IWM,XGBOOST,0.1522446711169288,0.22112996876239777
2024-10-08,IWM,XGBOOST,0.16515222553215442,0.2151317000389099
2024-10-09,IWM,XGBOOST,0.25528760486335356,0.20077265799045563
2024-10-10,IWM,XGBOOST,0.2543619298687148,0.2026546448469162
2024-10-11,IWM,XGBOOST,0.24777569359144316,0.19637846946716309
2024-10-15,IWM,XGBOOST,0.26222553539877547,0.20961326360702515
2024-10-16,IWM,XGBOOST,0.26127094497529324,0.20477835834026337
2024-10-17,IWM,XGBOOST,0.2665525219308956,0.1993972510099411
2024-10-18,IWM,XGBOOST,0.2726064237508511,0.19830071926116943
2024-10-21,IWM,XGBOOST,0.2655657698630728,0.21627837419509888
2024-10-22,IWM,XGBOOST,0.2655716132708346,0.2105853408575058
2024-10-23,IWM,XGBOOST,0.2622714342225022,0.21175897121429443
2024-10-24,IWM,XGBOOST,0.2659738728178829,0.20033472776412964
2024-10-25,IWM,XGBOOST,0.26976155583734324,0.20822656154632568
2024-10-28,IWM,XGBOOST,0.2691547622172669,0.2064487487077713
2024-10-29,IWM,XGBOOST,0.2710795076583698,0.20689307153224945
2024-10-30,IWM,XGBOOST,0.27052635577969253,0.2083098441362381
2024-10-31,IWM,XGBOOST,0.2589754921525194,0.2059503197669983
2024-11-01,IWM,XGBOOST,0.25976962939093495,0.21785131096839905
2024-11-04,IWM,XGBOOST,0.2632849057045578,0.20284569263458252
2024-11-05,IWM,XGBOOST,0.2578067043163542,0.1958497315645218
2024-11-06,IWM,XGBOOST,0.17211760897469489,0.189172625541687
2024-11-07,IWM,XGBOOST,0.17192548841263797,0.17503704130649567
2024-11-08,IWM,XGBOOST,0.17104319971312862,0.1751505732536316
2024-11-12,IWM,XGBOOST,0.15056041042443963,0.1713971644639969
2024-11-13,IWM,XGBOOST,0.15370386403207686,0.16773101687431335
2024-11-14,IWM,XGBOOST,0.1476343878158553,0.16827957332134247
2024-11-15,IWM,XGBOOST,0.13722702327348701,0.1727505475282669
2024-11-18,IWM,XGBOOST,0.14449322978619603,0.17263177037239075
2024-11-19,IWM,XGBOOST,0.21532537320906864,0.18013623356819153
2024-11-20,IWM,XGBOOST,0.21511624927885017,0.1875842809677124
2024-11-21,IWM,XGBOOST,0.2098469227639618,0.1870972365140915
2024-11-22,IWM,XGBOOST,0.1948426987385279,0.17026670277118683
2024-11-25,IWM,XGBOOST,0.1880827638033516,0.16012337803840637
2024-11-26,IWM,XGBOOST,0.19407101138377356,0.16273744404315948
2024-11-27,IWM,XGBOOST,0.19755034527383844,0.15840211510658264
2024-11-29,IWM,XGBOOST,0.19584473367542274,0.15768399834632874
2024-12-02,IWM,XGBOOST,0.19641479552384547,0.18427136540412903
2024-12-03,IWM,XGBOOST,0.19694375700939176,0.18090423941612244
2024-12-04,IWM,XGBOOST,0.20639608522440245,0.18817965686321259
2024-12-05,IWM,XGBOOST,0.20437504199846154,0.18950314819812775
2024-12-06,IWM,XGBOOST,0.20374744839577455,0.18179678916931152
2024-12-09,IWM,XGBOOST,0.20370159989800868,0.18494144082069397
2024-12-10,IWM,XGBOOST,0.21450926942497078,0.17976050078868866
2024-12-11,IWM,XGBOOST,0.213308040455217,0.17764616012573242
2024-12-12,IWM,XGBOOST,0.21761186348400754,0.17980541288852692
2024-12-13,IWM,XGBOOST,0.2312848408339858,0.1819731593132019
2024-12-16,IWM,XGBOOST,0.2299864756891837,0.2196766883134842
2024-12-17,IWM,XGBOOST,0.2281751047880458,0.2225295454263687
2024-12-18,IWM,XGBOOST,0.17035713245249806,0.21958985924720764
2024-12-19,IWM,XGBOOST,0.17156884539480835,0.21437090635299683
2024-12-20,IWM,XGBOOST,0.16964595130021096,0.19872315227985382
2024-12-23,IWM,XGBOOST,0.16980720355820653,0.20154254138469696
2024-12-24,IWM,XGBOOST,0.17198412496691118,0.20372483134269714
2024-12-26,IWM,XGBOOST,0.16830632597499395,0.20585808157920837
2024-12-27,IWM,XGBOOST,0.15923899522766255,0.2041110396385193
2024-12-30,IWM,XGBOOST,0.1590849673075526,0.2213805615901947
2024-12-31,IWM,XGBOOST,0.16361557517711223,0.22553697228431702
2025-01-02,IWM,XGBOOST,0.17001595800511618,0.21929527819156647
2025-01-03,IWM,XGBOOST,0.16893125326566474,0.19211286306381226
2025-01-06,IWM,XGBOOST,0.17281425050258337,0.1975458711385727
2025-01-07,IWM,XGBOOST,0.17028321449865502,0.22471030056476593
2025-01-08,IWM,XGBOOST,0.17532568926736572,0.21843555569648743
2025-01-10,IWM,XGBOOST,0.15258769483134188,0.22556380927562714
2025-01-13,IWM,XGBOOST,0.15529782911878706,0.22213371098041534
2025-01-14,IWM,XGBOOST,0.15594715071373239,0.22076834738254547
2025-01-15,IWM,XGBOOST,0.14527393317846454,0.20342972874641418
2025-01-16,IWM,XGBOOST,0.14521605046328268,0.20076967775821686
2025-01-17,IWM,XGBOOST,0.14569605862611748,0.18394523859024048
2025-01-21,IWM,XGBOOST,0.12837581661971145,0.16972380876541138
2025-01-22,IWM,XGBOOST,0.13067105509480997,0.17828191816806793
2025-01-23,IWM,XGBOOST,0.16302661095636234,0.17463530600070953
2025-01-24,IWM,XGBOOST,0.1638640662423871,0.17301876842975616
2025-01-27,IWM,XGBOOST,0.16194151739263737,0.18726381659507751
2025-01-28,IWM,XGBOOST,0.16198663740076566,0.20058520138263702
2025-01-29,IWM,XGBOOST,0.16829211562669746,0.2009216994047165
2025-01-30,IWM,XGBOOST,0.16879040620920724,0.18336744606494904
2025-01-31,IWM,XGBOOST,0.18926864925416303,0.1949530988931656
2025-02-03,IWM,XGBOOST,0.18905706682921897,0.18808399140834808
2025-02-04,IWM,XGBOOST,0.18466907252420403,0.19292378425598145
2025-02-05,IWM,XGBOOST,0.17969899189423882,0.17662227153778076
2025-02-06,IWM,XGBOOST,0.1822763153365101,0.1759224832057953
2025-02-07,IWM,XGBOOST,0.1949003271280159,0.18270353972911835
2025-02-10,IWM,XGBOOST,0.19230349412394795,0.16298675537109375
2025-02-11,IWM,XGBOOST,0.19433759850814092,0.1696142852306366
2025-02-12,IWM,XGBOOST,0.19677635070895735,0.16425548493862152
2025-02-13,IWM,XGBOOST,0.21577406468272853,0.174209862947464
2025-02-14,IWM,XGBOOST,0.2245694976132118,0.16854938864707947
2025-02-18,IWM,XGBOOST,0.2216241442009149,0.18236885964870453
2025-02-19,IWM,XGBOOST,0.23370942457284438,0.18900148570537567
2025-02-20,IWM,XGBOOST,0.23305059388901128,0.1940895915031433
2025-02-21,IWM,XGBOOST,0.21402327038770952,0.20115992426872253
2025-02-24,IWM,XGBOOST,0.23486311690071157,0.203000009059906
2025-02-25,IWM,XGBOOST,0.23516461753118273,0.2023843377828598
2025-02-26,IWM,XGBOOST,0.2367639802502604,0.2073846310377121
2025-02-27,IWM,XGBOOST,0.23193395395378433,0.2058178037405014
2025-02-28,IWM,XGBOOST,0.23624781640130993,0.22258001565933228
2025-03-03,IWM,XGBOOST,0.21814243880807865,0.2232622504234314
2025-03-04,IWM,XGBOOST,0.21550694269835807,0.2182755321264267
2025-03-05,IWM,XGBOOST,0.2205099310232199,0.21686047315597534
2025-03-06,IWM,XGBOOST,0.31682927045068454,0.21480755507946014
2025-03-07,IWM,XGBOOST,0.3482592381393816,0.21241185069084167
2025-03-10,IWM,XGBOOST,0.3410729884087598,0.21485398709774017
2025-03-11,IWM,XGBOOST,0.34850087518289213,0.22673724591732025
2025-03-12,IWM,XGBOOST,0.46889956270408994,0.20789170265197754
2025-03-13,IWM,XGBOOST,0.4885836262679254,0.2091166377067566
2025-03-14,IWM,XGBOOST,0.48250826045703027,0.2189188450574875
2025-03-17,IWM,XGBOOST,0.48212117123058934,0.22270603477954865
2025-03-18,IWM,XGBOOST,0.4823196996724896,0.2168860286474228
2025-03-19,IWM,XGBOOST,0.4769507292053298,0.21988506615161896
2025-03-20,IWM,XGBOOST,0.47936066866728,0.21141721308231354
2025-03-21,IWM,XGBOOST,0.48251244219735423,0.20263469219207764
2025-03-24,IWM,XGBOOST,0.4833333851806606,0.18130484223365784
2025-03-25,IWM,XGBOOST,0.48857772321399295,0.18495897948741913
2025-03-26,IWM,XGBOOST,0.49541685857365847,0.1741512268781662
2025-03-27,IWM,XGBOOST,0.49548824520156576,0.19052164256572723
2025-03-28,IWM,XGBOOST,0.49139575842786415,0.1969197690486908
2025-03-31,IWM,XGBOOST,0.4918762152555888,0.20632624626159668
2025-04-01,IWM,XGBOOST,0.4922340541956149,0.21314485371112823
2025-04-02,IWM,XGBOOST,0.489072441606972,0.21524101495742798
2025-04-03,IWM,XGBOOST,0.43132965295147435,0.22059157490730286
2025-04-04,IWM,XGBOOST,0.39429303704923524,0.6259379982948303
2025-04-07,IWM,XGBOOST,0.395216418243693,0.5906708836555481
2025-04-08,IWM,XGBOOST,0.3776870169897067,0.6122190356254578
2025-04-09,IWM,XGBOOST,0.25806863043466327,0.37002938985824585
2025-04-10,IWM,XGBOOST,0.19462202996997835,0.5516316294670105
2025-04-11,IWM,XGBOOST,0.21909971222718783,0.36683690547943115
2025-04-14,IWM,XGBOOST,0.21818346469310385,0.39539068937301636
2025-04-15,IWM,XGBOOST,0.22377151118003358,0.3977162539958954
2025-04-16,IWM,XGBOOST,0.21691675337591973,0.37381061911582947
2025-04-17,IWM,XGBOOST,0.2169306558206327,0.3449729084968567
2025-04-21,IWM,XGBOOST,0.1978981672436177,0.24249319732189178
2025-04-22,IWM,XGBOOST,0.18585767290183608,0.25567278265953064
2025-04-23,IWM,XGBOOST,0.2178023881377218,0.25329869985580444
2025-04-24,IWM,XGBOOST,0.20904236908345947,0.23537825047969818
2025-04-25,IWM,XGBOOST,0.2098401795576843,0.22545573115348816
2025-04-28,IWM,XGBOOST,0.22507983197399817,0.22715173661708832
2025-04-29,IWM,XGBOOST,0.2299960918362365,0.21795053780078888
2025-04-30,IWM,XGBOOST,0.22772072896860052,0.22015993297100067
2025-05-01,IWM,XGBOOST,0.22902294362334905,0.22645460069179535
2025-05-02,IWM,XGBOOST,0.21659728089490776,0.22549593448638916
2025-05-05,IWM,XGBOOST,0.2198683243161824,0.23335033655166626
2025-05-06,IWM,XGBOOST,0.21511496741988073,0.23599593341350555
2025-05-07,IWM,XGBOOST,0.2152817831670603,0.20021873712539673
2025-05-08,IWM,XGBOOST,0.2126841400171391,0.19368386268615723
2025-05-09,IWM,XGBOOST,0.21252083558402543,0.19605636596679688
2025-05-12,IWM,XGBOOST,0.17746580596929365,0.21196947991847992
2025-05-13,IWM,XGBOOST,0.17839643188477652,0.20322127640247345
2025-05-14,IWM,XGBOOST,0.17553710389965146,0.20179378986358643
2025-05-15,IWM,XGBOOST,0.18788473035722003,0.21118253469467163
2025-05-16,IWM,XGBOOST,0.1902615314812082,0.20678740739822388
2025-05-19,IWM,XGBOOST,0.19361227679286322,0.21357883512973785
2025-05-20,IWM,XGBOOST,0.19449811876277998,0.2187190055847168
2025-05-21,IWM,XGBOOST,0.16272455198072483,0.22985291481018066
2025-05-22,IWM,XGBOOST,0.16681199802281052,0.22904174029827118
2025-05-23,IWM,XGBOOST,0.1695053979012766,0.23153892159461975
2025-05-27,IWM,XGBOOST,0.155730251498633,0.21475878357887268
2025-05-28,IWM,XGBOOST,0.15782212514514643,0.22268208861351013
2025-05-29,IWM,XGBOOST,0.15799504836375397,0.22154958546161652
2025-05-30,IWM,XGBOOST,0.15558300750030402,0.2146441638469696
2025-06-02,IWM,XGBOOST,0.15787945355935787,0.21035736799240112
2025-06-03,IWM,XGBOOST,0.1556112771777858,0.2121673822402954
2025-06-04,IWM,XGBOOST,0.15558263634854633,0.20892657339572906
2025-06-05,IWM,XGBOOST,0.16893044710689425,0.20896311104297638
2025-06-06,IWM,XGBOOST,0.16239213990362536,0.20100753009319305
2025-06-09,IWM,XGBOOST,0.1644400273970047,0.20262102782726288
2025-06-10,IWM,XGBOOST,0.1643849905269462,0.2071700096130371
2025-06-11,IWM,XGBOOST,0.17301913138483474,0.22480203211307526
2025-06-12,IWM,XGBOOST,0.17227759235243736,0.2210695594549179
2025-06-13,IWM,XGBOOST,0.1744642981597161,0.2029527872800827
2025-06-16,IWM,XGBOOST,0.17335830472911506,0.20197603106498718
2025-06-17,IWM,XGBOOST,0.17018167661844855,0.19659484922885895
2025-06-18,IWM,XGBOOST,0.17416878073723474,0.20223385095596313
2025-06-20,IWM,XGBOOST,0.17505488296075913,0.19895200431346893
2025-06-23,IWM,XGBOOST,0.17283872491005225,0.1941165328025818
2025-06-24,IWM,XGBOOST,0.17496575314403356,0.1794007569551468
2025-06-25,IWM,XGBOOST,0.17751239972985403,0.18054091930389404
2025-06-26,IWM,XGBOOST,0.17037588430794434,0.18551911413669586
2025-06-27,IWM,XGBOOST,0.17065528171459174,0.1789177656173706
2025-06-30,IWM,XGBOOST,0.1732258846357353,0.17543792724609375
2025-07-01,IWM,XGBOOST,0.17159540028048498,0.18411831557750702
2025-07-02,IWM,XGBOOST,0.16839167601976812,0.19145362079143524
2025-07-03,IWM,XGBOOST,0.1787776299582661,0.19688478112220764
2025-07-07,IWM,XGBOOST,0.1906394575928908,0.1945948600769043
2025-07-08,IWM,XGBOOST,0.1898782550553194,0.20614312589168549
2025-07-09,IWM,XGBOOST,0.18549019737675992,0.19732969999313354
2025-07-10,IWM,XGBOOST,0.1843848666644478,0.19229723513126373
2025-07-11,IWM,XGBOOST,0.17834715376779472,0.23245199024677277
2025-07-14,IWM,XGBOOST,0.17642034349462246,0.24220611155033112
2025-07-15,IWM,XGBOOST,0.19119175796384696,0.23428700864315033
2025-07-16,IWM,XGBOOST,0.19911919139114823,0.2395760416984558
2025-07-17,IWM,XGBOOST,0.20182705121244005,0.23874618113040924
2025-07-18,IWM,XGBOOST,0.2007871218076793,0.23695828020572662
2025-07-21,IWM,XGBOOST,0.20004024397107004,0.23864568769931793
2025-07-22,IWM,XGBOOST,0.20085365573881922,0.25588560104370117
2025-07-23,IWM,XGBOOST,0.19378854263698322,0.25634056329727173
2025-07-24,IWM,XGBOOST,0.1871244902269368,0.2691055238246918
2025-07-25,IWM,XGBOOST,0.2305517811490476,0.27470600605010986
2025-07-28,IWM,XGBOOST,0.23479531961245148,0.3109301030635834
2025-07-29,IWM,XGBOOST,0.2337542055504575,0.3109129071235657
2025-07-30,IWM,XGBOOST,0.23247287774949923,0.29291149973869324
2025-07-31,IWM,XGBOOST,0.22754549265064386,0.3223682641983032
2025-08-01,IWM,XGBOOST,0.21134372356106,0.3380294740200043
2025-08-04,IWM,XGBOOST,0.20333264777551746,0.30356502532958984
2025-08-05,IWM,XGBOOST,0.20369757630167973,0.2946275770664215
2025-08-06,IWM,XGBOOST,0.20582156453416353,0.3081165552139282
2025-08-07,IWM,XGBOOST,0.20429569054220428,0.2951664328575134
2025-08-08,IWM,XGBOOST,0.20431508125666187,0.28285926580429077
2025-08-11,IWM,XGBOOST,0.20681235124026176,0.2781444191932678
2025-08-12,IWM,XGBOOST,0.18386810055553837,0.2758921682834625
2025-08-13,IWM,XGBOOST,0.182727154969834,0.26908060908317566
2025-08-14,IWM,XGBOOST,0.1800153605618317,0.26139143109321594
2025-08-15,IWM,XGBOOST,0.17818436469099647,0.27512338757514954
2025-08-18,IWM,XGBOOST,0.17876994180885947,0.27287808060646057
2025-08-19,IWM,XGBOOST,0.17477584456283513,0.2669419050216675
2025-08-20,IWM,XGBOOST,0.18905197413800975,0.2656703293323517
2025-08-21,IWM,XGBOOST,0.1936721260452017,0.2820081114768982
2025-08-22,IWM,XGBOOST,0.1445506215870666,0.25884222984313965
2025-08-25,IWM,XGBOOST,0.13770161905272452,0.26904723048210144
2025-08-26,IWM,XGBOOST,0.14203269351960549,0.27970966696739197
2025-08-27,IWM,XGBOOST,0.14592748202041012,0.2824835479259491
2025-08-28,IWM,XGBOOST,0.14846088185756465,0.2767602205276489
2025-08-29,IWM,XGBOOST,0.14694746157734806,0.2802715301513672
2025-09-02,IWM,XGBOOST,0.14467072570817255,0.2745558023452759
2025-09-03,IWM,XGBOOST,0.14428847845665438,0.2739673852920532
2025-09-04,IWM,XGBOOST,0.13999152974040383,0.2728338837623596
2025-09-05,IWM,XGBOOST,0.14100248675580576,0.25333982706069946
2025-09-08,IWM,XGBOOST,0.14121272389288406,0.25909993052482605
2025-09-09,IWM,XGBOOST,0.1458009908333022,0.26165711879730225
2025-09-10,IWM,XGBOOST,0.1483993903324376,0.25874093174934387
2025-09-11,IWM,XGBOOST,0.13861474559544718,0.25313809514045715
2025-09-12,IWM,XGBOOST,0.17423024459868164,0.25614070892333984
2025-09-15,IWM,XGBOOST,0.1993630026231878,0.25217437744140625
2025-09-16,IWM,XGBOOST,0.20423292479236185,0.2575598657131195
2025-09-17,IWM,XGBOOST,0.20609273007249965,0.26705190539360046
2025-09-18,IWM,XGBOOST,0.20469895856842807,0.27097779512405396
2025-09-19,IWM,XGBOOST,0.20428943936610666,0.2792283892631531
2025-09-22,IWM,XGBOOST,0.21468746663945615,0.26701095700263977
2025-09-23,IWM,XGBOOST,0.21532705018824727,0.2689182758331299
2025-09-24,IWM,XGBOOST,0.2196614396674725,0.2680684030056
2025-09-25,IWM,XGBOOST,0.22042602752295753,0.2674068510532379
2025-09-26,IWM,XGBOOST,0.22232464074558778,0.2601430416107178
2025-09-29,IWM,XGBOOST,0.22240970170374957,0.2593745291233063
2025-09-30,IWM,XGBOOST,0.223849706026086,0.26411840319633484
2025-10-01,IWM,XGBOOST,0.22659427665455428,0.2507588863372803
2025-10-02,IWM,XGBOOST,0.22779657912611875,0.2620287835597992
2025-10-03,IWM,XGBOOST,0.22713823818610174,0.2095530480146408
2025-10-06,IWM,XGBOOST,0.22693613836438634,0.21356475353240967
2025-10-07,IWM,XGBOOST,0.23217210468158306,0.21605949103832245
2025-10-08,IWM,XGBOOST,0.23502224490649185,0.20235063135623932
2025-10-09,IWM,XGBOOST,0.24227642897396634,0.2079477161169052
2025-10-10,IWM,XGBOOST,0.2165439700262673,0.2263968288898468
2025-10-14,IWM,XGBOOST,0.18860930043570598,0.2156577706336975
2025-10-15,IWM,XGBOOST,0.18453124483312214,0.22090007364749908
2025-10-16,IWM,XGBOOST,0.19631383367069385,0.21683935821056366
2025-10-17,IWM,XGBOOST,0.1960209575361108,0.20811355113983154
2025-10-20,IWM,XGBOOST,0.191042545855226,0.21343998610973358
2025-10-21,IWM,XGBOOST,0.19220924632476374,0.22083747386932373
2025-10-22,IWM,XGBOOST,0.1869760805359692,0.21130317449569702
2025-10-23,IWM,XGBOOST,0.1873986854162289,0.2152426540851593
2025-10-24,IWM,XGBOOST,0.2118306003046772,0.2148388773202896
2025-10-27,IWM,XGBOOST,0.22363730360059283,0.20003221929073334
2025-10-28,IWM,XGBOOST,0.2384016538048313,0.23222854733467102
2025-10-29,IWM,XGBOOST,0.23885704386869158,0.22958295047283173
2025-10-30,IWM,XGBOOST,0.23764188250051468,0.22667339444160461
2025-10-31,IWM,XGBOOST,0.24154280047215126,0.23654520511627197
2025-11-03,IWM,XGBOOST,0.24135831948993497,0.23871923983097076
2025-11-04,IWM,XGBOOST,0.2403228343634597,0.22050176560878754
2025-11-05,IWM,XGBOOST,0.23723281128558374,0.23548385500907898
2025-11-06,IWM,XGBOOST,0.22723751013699725,0.23810595273971558
2025-11-07,IWM,XGBOOST,0.22700837151894587,0.24217776954174042
2025-11-10,IWM,XGBOOST,0.22499953091872618,0.21865543723106384
2025-11-12,IWM,XGBOOST,0.23071761618278291,0.2143724411725998
2025-11-13,IWM,XGBOOST,0.21098039260472665,0.21404984593391418
2025-11-14,IWM,XGBOOST,0.214617976590592,0.2269963026046753
2025-11-17,IWM,XGBOOST,0.1991396904193532,0.23227648437023163
2025-11-18,IWM,XGBOOST,0.20562989803495102,0.24964842200279236
2025-11-19,IWM,XGBOOST,0.20550914983877577,0.236731618642807
2025-11-20,IWM,XGBOOST,0.18881456945049102,0.2496548593044281
2025-11-21,IWM,XGBOOST,0.16980794092812249,0.23954927921295166
2025-11-24,IWM,XGBOOST,0.16440747887257176,0.23747031390666962
2025-11-25,IWM,XGBOOST,0.14845762375819058,0.2293282449245453
2025-11-26,IWM,XGBOOST,0.14782642939103133,0.23086363077163696
2025-11-28,IWM,XGBOOST,0.14873021420638144,0.2177267223596573
2025-12-01,IWM,XGBOOST,0.14371352326933243,0.2283603996038437
2025-12-02,IWM,XGBOOST,0.14644631553952658,0.2227778434753418
2025-12-03,IWM,XGBOOST,0.13659660999142328,0.21567167341709137
2025-12-04,IWM,XGBOOST,0.14458861087445962,0.209890678524971
2025-12-05,IWM,XGBOOST,0.15038144724256694,0.21398362517356873
2025-12-08,IWM,XGBOOST,0.1508937118712736,0.23000088334083557
2025-12-09,IWM,XGBOOST,0.15483575666048183,0.23214119672775269
2025-12-10,IWM,XGBOOST,0.15008854743684943,0.208112895488739
2025-12-11,IWM,XGBOOST,0.1456887830668795,0.21296949684619904
2025-12-12,IWM,XGBOOST,0.1325669361223282,0.2227993905544281
2025-12-15,IWM,XGBOOST,0.12919654723766502,0.23695231974124908
2025-12-16,IWM,XGBOOST,0.12825669343562704,0.23508618772029877
2025-12-17,IWM,XGBOOST,0.11797098336148278,0.2314082682132721
2025-12-18,IWM,XGBOOST,0.12992396544139845,0.2249923050403595
2025-12-19,IWM,XGBOOST,0.1420579286492992,0.20729930698871613
2025-12-22,IWM,XGBOOST,0.13999212023794488,0.21294265985488892
2025-12-23,IWM,XGBOOST,0.15707203394713784,0.20496176183223724
2025-12-24,IWM,XGBOOST,0.15832515175439457,0.21110899746418
2025-12-26,IWM,XGBOOST,0.15596130514047193,0.21577554941177368
2025-12-29,IWM,XGBOOST,0.15544209096342002,0.20910583436489105
2025-12-30,IWM,XGBOOST,0.1511867587856729,0.21416617929935455
2025-12-31,IWM,XGBOOST,0.15900382672768915,0.21268637478351593
2023-12-28,EFA,XGBOOST,0.11730972469650228,0.17434147000312805
2023-12-29,EFA,XGBOOST,0.1173685310511925,0.16919974982738495
2024-01-02,EFA,XGBOOST,0.11143488640374143,0.15901389718055725
2024-01-03,EFA,XGBOOST,0.11219262526414736,0.17829687893390656
2024-01-04,EFA,XGBOOST,0.11667584672950737,0.17709966003894806
2024-01-05,EFA,XGBOOST,0.11862149357942109,0.1689896136522293
2024-01-08,EFA,XGBOOST,0.11451780539763802,0.1659756600856781
2024-01-09,EFA,XGBOOST,0.10938177573295378,0.15823476016521454
2024-01-10,EFA,XGBOOST,0.1074120272113331,0.15707767009735107
2024-01-11,EFA,XGBOOST,0.10802805711206893,0.15644556283950806
2024-01-12,EFA,XGBOOST,0.10724537289538671,0.15775814652442932
2024-01-16,EFA,XGBOOST,0.10429098442124615,0.17180144786834717
2024-01-17,EFA,XGBOOST,0.1042004083724165,0.1780083328485489
2024-01-18,EFA,XGBOOST,0.10681391388325466,0.1785065233707428
2024-01-19,EFA,XGBOOST,0.10676938910157834,0.16794957220554352
2024-01-22,EFA,XGBOOST,0.10702396562381877,0.16815625131130219
2024-01-23,EFA,XGBOOST,0.10585509573962588,0.16971135139465332
2024-01-24,EFA,XGBOOST,0.10927800125291032,0.16841110587120056
2024-01-25,EFA,XGBOOST,0.10923117012866712,0.18347662687301636
2024-01-26,EFA,XGBOOST,0.10931878191264854,0.195286363363266
2024-01-29,EFA,XGBOOST,0.10821597931913128,0.17085546255111694
2024-01-30,EFA,XGBOOST,0.11081753277105681,0.1582416146993637
2024-01-31,EFA,XGBOOST,0.10849590367758144,0.15766261518001556
2024-02-01,EFA,XGBOOST,0.10833894705795835,0.14631766080856323
2024-02-02,EFA,XGBOOST,0.10371939596262808,0.15597432851791382
2024-02-05,EFA,XGBOOST,0.10125291610393178,0.17342014610767365
2024-02-06,EFA,XGBOOST,0.10623363578608766,0.1504816859960556
2024-02-07,EFA,XGBOOST,0.11091714237487474,0.15046639740467072
2024-02-08,EFA,XGBOOST,0.11188642265314949,0.16120682656764984
2024-02-09,EFA,XGBOOST,0.11574567988398897,0.16405905783176422
2024-02-12,EFA,XGBOOST,0.11746017368167261,0.18218791484832764
2024-02-13,EFA,XGBOOST,0.09684462017953001,0.16533507406711578
2024-02-14,EFA,XGBOOST,0.09936503779646598,0.16677552461624146
2024-02-15,EFA,XGBOOST,0.09392292039815905,0.17852336168289185
2024-02-16,EFA,XGBOOST,0.09423046558976228,0.1671488732099533
2024-02-20,EFA,XGBOOST,0.09385194824741497,0.16813263297080994
2024-02-21,EFA,XGBOOST,0.09889484322123264,0.16895975172519684
2024-02-22,EFA,XGBOOST,0.09332424762164426,0.14766623079776764
2024-02-23,EFA,XGBOOST,0.09425995479811637,0.14424778521060944
2024-02-26,EFA,XGBOOST,0.09458014423326962,0.15017065405845642
2024-02-27,EFA,XGBOOST,0.09445333488391906,0.14269745349884033
2024-02-28,EFA,XGBOOST,0.09190579723987087,0.14204160869121552
2024-02-29,EFA,XGBOOST,0.09302575671841064,0.14309749007225037
2024-03-01,EFA,XGBOOST,0.09023457156891927,0.14729160070419312
2024-03-04,EFA,XGBOOST,0.0939096297828613,0.15387952327728271
2024-03-05,EFA,XGBOOST,0.09489585199119385,0.14080454409122467
2024-03-06,EFA,XGBOOST,0.09203471030386615,0.1428980827331543
2024-03-07,EFA,XGBOOST,0.082091573287065,0.13248012959957123
2024-03-08,EFA,XGBOOST,0.08335545741968901,0.13037517666816711
2024-03-11,EFA,XGBOOST,0.08054490370610747,0.1306658834218979
2024-03-12,EFA,XGBOOST,0.08885864945610891,0.1283944994211197
2024-03-13,EFA,XGBOOST,0.089638010937678,0.12772472202777863
2024-03-14,EFA,XGBOOST,0.1032310356539713,0.13178615272045135
2024-03-15,EFA,XGBOOST,0.10330833716508898,0.1327212154865265
2024-03-18,EFA,XGBOOST,0.10772783910401998,0.1280188262462616
2024-03-19,EFA,XGBOOST,0.10732356056875038,0.12912026047706604
2024-03-20,EFA,XGBOOST,0.09695772385729262,0.13335035741329193
2024-03-21,EFA,XGBOOST,0.09724335023003441,0.15126340091228485
2024-03-22,EFA,XGBOOST,0.10920783089235285,0.1438387930393219
2024-03-25,EFA,XGBOOST,0.117869950489965,0.14340391755104065
2024-03-26,EFA,XGBOOST,0.11762590031995836,0.12715858221054077
2024-03-27,EFA,XGBOOST,0.11503147336260909,0.1239362433552742
2024-03-28,EFA,XGBOOST,0.12002915990414247,0.12737120687961578
2024-04-01,EFA,XGBOOST,0.12073334377526367,0.1325312852859497
2024-04-02,EFA,XGBOOST,0.12618449720237657,0.13795998692512512
2024-04-03,EFA,XGBOOST,0.12375262839051404,0.1378161460161209
2024-04-04,EFA,XGBOOST,0.13134464514237773,0.15648113191127777
2024-04-05,EFA,XGBOOST,0.1358769140007336,0.14598168432712555
2024-04-08,EFA,XGBOOST,0.1369547698808696,0.14756786823272705
2024-04-09,EFA,XGBOOST,0.13725560441320725,0.14108583331108093
2024-04-10,EFA,XGBOOST,0.12782404188634472,0.14809559285640717
2024-04-11,EFA,XGBOOST,0.12997799859683873,0.14863727986812592
2024-04-12,EFA,XGBOOST,0.11262063041204874,0.15897013247013092
2024-04-15,EFA,XGBOOST,0.11137292639148516,0.16039441525936127
2024-04-16,EFA,XGBOOST,0.10324319124416964,0.15988585352897644
2024-04-17,EFA,XGBOOST,0.10623096815107115,0.15438103675842285
2024-04-18,EFA,XGBOOST,0.10866896086288164,0.1603085845708847
2024-04-19,EFA,XGBOOST,0.1081071715334174,0.15595436096191406
2024-04-22,EFA,XGBOOST,0.10408958561337918,0.1608605533838272
2024-04-23,EFA,XGBOOST,0.10089666690076479,0.15315043926239014
2024-04-24,EFA,XGBOOST,0.10841515026673075,0.1384473741054535
2024-04-25,EFA,XGBOOST,0.10878377529505129,0.1360413283109665
2024-04-26,EFA,XGBOOST,0.10892741727769852,0.13790172338485718
2024-04-29,EFA,XGBOOST,0.10898018928964452,0.1372796893119812
2024-04-30,EFA,XGBOOST,0.11502451421949438,0.1382799744606018
2024-05-01,EFA,XGBOOST,0.11653183565562511,0.13951310515403748
2024-05-02,EFA,XGBOOST,0.11228967209666516,0.13254335522651672
2024-05-03,EFA,XGBOOST,0.10831794259210463,0.13399584591388702
2024-05-06,EFA,XGBOOST,0.10688642885972761,0.12497267872095108
2024-05-07,EFA,XGBOOST,0.10878587061415597,0.12747853994369507
2024-05-08,EFA,XGBOOST,0.1085974298763521,0.12863574922084808
2024-05-09,EFA,XGBOOST,0.11467284574668293,0.12587621808052063
2024-05-10,EFA,XGBOOST,0.11468449042534043,0.12782710790634155
2024-05-13,EFA,XGBOOST,0.12231713343045927,0.13679571449756622
2024-05-14,EFA,XGBOOST,0.1266472820706213,0.14445675909519196
2024-05-15,EFA,XGBOOST,0.1304147711722894,0.15573346614837646
2024-05-16,EFA,XGBOOST,0.13445256061385846,0.16940070688724518
2024-05-17,EFA,XGBOOST,0.13472078823298492,0.16868193447589874
2024-05-20,EFA,XGBOOST,0.1358563493236594,0.1608038693666458
2024-05-21,EFA,XGBOOST,0.13599367353912492,0.17106863856315613
2024-05-22,EFA,XGBOOST,0.13424372818939523,0.1412806361913681
2024-05-23,EFA,XGBOOST,0.13681895230777286,0.13583555817604065
2024-05-24,EFA,XGBOOST,0.13358620609059632,0.13636460900306702
2024-05-28,EFA,XGBOOST,0.13575561873269124,0.14235959947109222
2024-05-29,EFA,XGBOOST,0.12367694741259698,0.13546673953533173
2024-05-30,EFA,XGBOOST,0.11972568988327849,0.148899108171463
2024-05-31,EFA,XGBOOST,0.11419534796665273,0.1404830664396286
2024-06-03,EFA,XGBOOST,0.11402987540471811,0.1368284523487091
2024-06-04,EFA,XGBOOST,0.1219804505158939,0.1300974041223526
2024-06-05,EFA,XGBOOST,0.12171508960732697,0.12498413771390915
2024-06-06,EFA,XGBOOST,0.12203205343526051,0.12973056733608246
2024-06-07,EFA,XGBOOST,0.11671456206027772,0.1252390593290329
2024-06-10,EFA,XGBOOST,0.12727646369383308,0.1287597119808197
2024-06-11,EFA,XGBOOST,0.11950174598297297,0.12918026745319366
2024-06-12,EFA,XGBOOST,0.1182471984262218,0.12506559491157532
2024-06-13,EFA,XGBOOST,0.11001645286776723,0.12851282954216003
2024-06-14,EFA,XGBOOST,0.10015734256643403,0.1303013116121292
2024-06-17,EFA,XGBOOST,0.10328419268634226,0.13128140568733215
2024-06-18,EFA,XGBOOST,0.11075204632256405,0.13356006145477295
2024-06-20,EFA,XGBOOST,0.11361653677980903,0.12734073400497437
2024-06-21,EFA,XGBOOST,0.11493485921965352,0.1250944435596466
2024-06-24,EFA,XGBOOST,0.11499182979120454,0.12488660961389542
2024-06-25,EFA,XGBOOST,0.12442315964390753,0.1256476640701294
2024-06-26,EFA,XGBOOST,0.12364906530593824,0.12904268503189087
2024-06-27,EFA,XGBOOST,0.1314190117849117,0.12871913611888885
2024-06-28,EFA,XGBOOST,0.13266973047900837,0.12687528133392334
2024-07-01,EFA,XGBOOST,0.1327455695755942,0.1309211254119873
2024-07-02,EFA,XGBOOST,0.14112622712741948,0.1289922595024109
2024-07-03,EFA,XGBOOST,0.16699088960420766,0.12455084174871445
2024-07-05,EFA,XGBOOST,0.1726099635385174,0.1326507180929184
2024-07-08,EFA,XGBOOST,0.18663646459690586,0.1284160166978836
2024-07-09,EFA,XGBOOST,0.18725900854044333,0.1369902342557907
2024-07-10,EFA,XGBOOST,0.1791197368724907,0.131330206990242
2024-07-11,EFA,XGBOOST,0.19132300880674472,0.13208389282226562
2024-07-12,EFA,XGBOOST,0.18674640937812187,0.1351896971464157
2024-07-15,EFA,XGBOOST,0.1853612386013544,0.12923350930213928
2024-07-16,EFA,XGBOOST,0.19631715487221552,0.12373065203428268
2024-07-17,EFA,XGBOOST,0.1966781762776973,0.1232801079750061
2024-07-18,EFA,XGBOOST,0.199192733047833,0.12379960715770721
2024-07-19,EFA,XGBOOST,0.19877823917734716,0.1293952614068985
2024-07-22,EFA,XGBOOST,0.19993882741384275,0.12583056092262268
2024-07-23,EFA,XGBOOST,0.19909744970294188,0.12504778802394867
2024-07-24,EFA,XGBOOST,0.19465025386849907,0.12212403863668442
2024-07-25,EFA,XGBOOST,0.1943948974071352,0.1183590218424797
2024-07-26,EFA,XGBOOST,0.19936146659763151,0.11845865845680237
2024-07-29,EFA,XGBOOST,0.19938772937653962,0.12045764923095703
2024-07-30,EFA,XGBOOST,0.19958533184197896,0.11897176504135132
2024-07-31,EFA,XGBOOST,0.19547778773268945,0.12925277650356293
2024-08-01,EFA,XGBOOST,0.1646770912693338,0.1260828673839569
2024-08-02,EFA,XGBOOST,0.14931014753026997,0.14915375411510468
2024-08-05,EFA,XGBOOST,0.13624629737496763,0.2516571283340454
2024-08-06,EFA,XGBOOST,0.1393441956243842,0.18562595546245575
2024-08-07,EFA,XGBOOST,0.1398263867562556,0.20965026319026947
2024-08-08,EFA,XGBOOST,0.15215949158250527,0.16448786854743958
2024-08-09,EFA,XGBOOST,0.15481389414567373,0.1616668850183487
2024-08-12,EFA,XGBOOST,0.15650518013251494,0.15680275857448578
2024-08-13,EFA,XGBOOST,0.14685189418906994,0.1538715362548828
2024-08-14,EFA,XGBOOST,0.14866468586116108,0.1581728458404541
2024-08-15,EFA,XGBOOST,0.14339120980087378,0.14003285765647888
2024-08-16,EFA,XGBOOST,0.14473926506785878,0.13923242688179016
2024-08-19,EFA,XGBOOST,0.14052389278430083,0.17338570952415466
2024-08-20,EFA,XGBOOST,0.14055802051408464,0.16993795335292816
2024-08-21,EFA,XGBOOST,0.1535258745039288,0.16830863058567047
2024-08-22,EFA,XGBOOST,0.15648472275335418,0.1669948250055313
2024-08-23,EFA,XGBOOST,0.1427702186067405,0.15882357954978943
2024-08-26,EFA,XGBOOST,0.14335896735259337,0.16368316113948822
2024-08-27,EFA,XGBOOST,0.1438545447833809,0.161422461271286
2024-08-28,EFA,XGBOOST,0.16277093371254403,0.15301604568958282
2024-08-29,EFA,XGBOOST,0.16439461561067112,0.1390026956796646
2024-08-30,EFA,XGBOOST,0.1649870811334327,0.1458469033241272
2024-09-03,EFA,XGBOOST,0.15640121223942094,0.16849540174007416
2024-09-04,EFA,XGBOOST,0.15557448059879767,0.16352103650569916
2024-09-05,EFA,XGBOOST,0.15979769004974242,0.16639788448810577
2024-09-06,EFA,XGBOOST,0.1431640165843106,0.1802191436290741
2024-09-09,EFA,XGBOOST,0.14187717471787095,0.16838513314723969
2024-09-10,EFA,XGBOOST,0.14051390462270794,0.18035747110843658
2024-09-11,EFA,XGBOOST,0.13934033016841535,0.17483775317668915
2024-09-12,EFA,XGBOOST,0.13673166337291778,0.1515190601348877
2024-09-13,EFA,XGBOOST,0.13762628160306378,0.14467169344425201
2024-09-16,EFA,XGBOOST,0.1350477461329797,0.1462169736623764
2024-09-17,EFA,XGBOOST,0.1466841936583413,0.13751812279224396
2024-09-18,EFA,XGBOOST,0.14663112948734816,0.14121682941913605
2024-09-19,EFA,XGBOOST,0.12705291784378722,0.13108961284160614
2024-09-20,EFA,XGBOOST,0.12533621105557732,0.13791823387145996
2024-09-23,EFA,XGBOOST,0.13099086706206406,0.13733124732971191
2024-09-24,EFA,XGBOOST,0.12935967064065346,0.13098236918449402
2024-09-25,EFA,XGBOOST,0.13225197691086438,0.13626225292682648
2024-09-26,EFA,XGBOOST,0.10329808838449442,0.13231727480888367
2024-09-27,EFA,XGBOOST,0.10254303284866469,0.136418879032135
2024-09-30,EFA,XGBOOST,0.10891582780114153,0.13371042907238007
2024-10-01,EFA,XGBOOST,0.10716264475772555,0.14193855226039886
2024-10-02,EFA,XGBOOST,0.10851073736331704,0.13122114539146423
2024-10-03,EFA,XGBOOST,0.10619613492297428,0.1589701622724533
2024-10-04,EFA,XGBOOST,0.10340269547304216,0.14967764914035797
2024-10-07,EFA,XGBOOST,0.10289945066303062,0.15561698377132416
2024-10-08,EFA,XGBOOST,0.1107518536092124,0.15128809213638306
2024-10-09,EFA,XGBOOST,0.120474127355923,0.15140026807785034
2024-10-10,EFA,XGBOOST,0.13456606082828973,0.1519399881362915
2024-10-11,EFA,XGBOOST,0.1399661838602174,0.14178939163684845
2024-10-15,EFA,XGBOOST,0.14200792056629907,0.14221398532390594
2024-10-16,EFA,XGBOOST,0.14143813264661023,0.13517886400222778
2024-10-17,EFA,XGBOOST,0.142102996246045,0.13778766989707947
2024-10-18,EFA,XGBOOST,0.13786162274198122,0.13332168757915497
2024-10-21,EFA,XGBOOST,0.13677683722514553,0.14392654597759247
2024-10-22,EFA,XGBOOST,0.13615739146634384,0.14649690687656403
2024-10-23,EFA,XGBOOST,0.13275669072043214,0.1460656076669693
2024-10-24,EFA,XGBOOST,0.1302393600633806,0.1456684172153473
2024-10-25,EFA,XGBOOST,0.1316386740598117,0.15063044428825378
2024-10-28,EFA,XGBOOST,0.12930152985631507,0.14551176130771637
2024-10-29,EFA,XGBOOST,0.1299772054934557,0.1530650407075882
2024-10-30,EFA,XGBOOST,0.13103914963482988,0.14375519752502441
2024-10-31,EFA,XGBOOST,0.1390307909071109,0.14295490086078644
2024-11-01,EFA,XGBOOST,0.1392158352100954,0.1435333490371704
2024-11-04,EFA,XGBOOST,0.14070870793522372,0.1440904140472412
2024-11-05,EFA,XGBOOST,0.13595138075613744,0.13726241886615753
2024-11-06,EFA,XGBOOST,0.12611802058422003,0.13422229886054993
2024-11-07,EFA,XGBOOST,0.114026832686175,0.11974833905696869
2024-11-08,EFA,XGBOOST,0.10178461399810187,0.1216975748538971
2024-11-12,EFA,XGBOOST,0.08316405717508424,0.1250026524066925
2024-11-13,EFA,XGBOOST,0.08702996749167519,0.13672196865081787
2024-11-14,EFA,XGBOOST,0.08807857457659315,0.1170002818107605
2024-11-15,EFA,XGBOOST,0.08786372033083813,0.11568892747163773
2024-11-18,EFA,XGBOOST,0.08665384518167145,0.11251340061426163
2024-11-19,EFA,XGBOOST,0.12523481922947496,0.11879608035087585
2024-11-20,EFA,XGBOOST,0.1253519813519105,0.12423441559076309
2024-11-21,EFA,XGBOOST,0.12554615766327049,0.12837059795856476
2024-11-22,EFA,XGBOOST,0.1271639546781235,0.12387572228908539
2024-11-25,EFA,XGBOOST,0.1263374723237488,0.11915089935064316
2024-11-26,EFA,XGBOOST,0.12622507723695547,0.12619155645370483
2024-11-27,EFA,XGBOOST,0.12454916443444183,0.12655407190322876
2024-11-29,EFA,XGBOOST,0.11502460005535496,0.12837013602256775
2024-12-02,EFA,XGBOOST,0.11407178984236817,0.1356164664030075
2024-12-03,EFA,XGBOOST,0.1108754469694229,0.1340838223695755
2024-12-04,EFA,XGBOOST,0.11283244914683996,0.13716557621955872
2024-12-05,EFA,XGBOOST,0.1175706487622631,0.12643921375274658
2024-12-06,EFA,XGBOOST,0.11747795401300136,0.14199009537696838
2024-12-09,EFA,XGBOOST,0.11740943240870712,0.13679614663124084
2024-12-10,EFA,XGBOOST,0.12450070729664726,0.13520896434783936
2024-12-11,EFA,XGBOOST,0.12052098072931657,0.1375420093536377
2024-12-12,EFA,XGBOOST,0.11999644651270712,0.13399508595466614
2024-12-13,EFA,XGBOOST,0.1306174071478707,0.12766318023204803
2024-12-16,EFA,XGBOOST,0.13217373259785983,0.12911902368068695
2024-12-17,EFA,XGBOOST,0.13318978746273766,0.13640710711479187
2024-12-18,EFA,XGBOOST,0.11848818672121995,0.14277327060699463
2024-12-19,EFA,XGBOOST,0.11803651358670429,0.13769526779651642
2024-12-20,EFA,XGBOOST,0.11872005219697074,0.12696722149848938
2024-12-23,EFA,XGBOOST,0.11833721012397144,0.12606053054332733
2024-12-24,EFA,XGBOOST,0.11852873096850401,0.11436600238084793
2024-12-26,EFA,XGBOOST,0.1187216168588538,0.12245473265647888
2024-12-27,EFA,XGBOOST,0.11832470884262643,0.12043020129203796
2024-12-30,EFA,XGBOOST,0.11792088888656259,0.124759741127491
2024-12-31,EFA,XGBOOST,0.12540768917587244,0.12655459344387054
2025-01-02,EFA,XGBOOST,0.13376107578866775,0.12508812546730042
2025-01-03,EFA,XGBOOST,0.13786898047534965,0.12171714007854462
2025-01-06,EFA,XGBOOST,0.13801172354678015,0.13201364874839783
2025-01-07,EFA,XGBOOST,0.1377687247606574,0.12861183285713196
2025-01-08,EFA,XGBOOST,0.1436801212672262,0.13320431113243103
2025-01-10,EFA,XGBOOST,0.1285752156927523,0.12875577807426453
2025-01-13,EFA,XGBOOST,0.12661424240215974,0.1257178783416748
2025-01-14,EFA,XGBOOST,0.12661423534593405,0.13119426369667053
2025-01-15,EFA,XGBOOST,0.12602095975354305,0.13693399727344513
2025-01-16,EFA,XGBOOST,0.1261169156947586,0.13388778269290924
2025-01-17,EFA,XGBOOST,0.12680096314827954,0.12920096516609192
2025-01-21,EFA,XGBOOST,0.1203868711662292,0.12337963283061981
2025-01-22,EFA,XGBOOST,0.11954980418378373,0.12224365025758743
2025-01-23,EFA,XGBOOST,0.1213165670420091,0.12575115263462067
2025-01-24,EFA,XGBOOST,0.12069520221405407,0.12309759110212326
2025-01-27,EFA,XGBOOST,0.12353055383894038,0.12132125347852707
2025-01-28,EFA,XGBOOST,0.12300289921432488,0.12592020630836487
2025-01-29,EFA,XGBOOST,0.1317174139901832,0.12529639899730682
2025-01-30,EFA,XGBOOST,0.12690150599279756,0.12620815634727478
2025-01-31,EFA,XGBOOST,0.12536138549813983,0.12164070457220078
2025-02-03,EFA,XGBOOST,0.11473594170774075,0.11744575947523117
2025-02-04,EFA,XGBOOST,0.13365944006848873,0.11703316122293472
2025-02-05,EFA,XGBOOST,0.13954568525855568,0.10667890310287476
2025-02-06,EFA,XGBOOST,0.1423086245568117,0.103954017162323
2025-02-07,EFA,XGBOOST,0.16553416009458566,0.11039049923419952
2025-02-10,EFA,XGBOOST,0.16538225086962852,0.11467652022838593
2025-02-11,EFA,XGBOOST,0.16628307614369453,0.11214737594127655
2025-02-12,EFA,XGBOOST,0.16840310571189132,0.11440012603998184
2025-02-13,EFA,XGBOOST,0.17511682214989277,0.11430947482585907
2025-02-14,EFA,XGBOOST,0.17869931575959677,0.1140795424580574
2025-02-18,EFA,XGBOOST,0.17757089405932688,0.11914072185754776
2025-02-19,EFA,XGBOOST,0.17222079533022522,0.1190822646021843
2025-02-20,EFA,XGBOOST,0.17568685786738453,0.1195690780878067
2025-02-21,EFA,XGBOOST,0.17566485727947279,0.12703321874141693
2025-02-24,EFA,XGBOOST,0.17560288008008865,0.12810808420181274
2025-02-25,EFA,XGBOOST,0.1739723501738614,0.13253819942474365
2025-02-26,EFA,XGBOOST,0.18108932192095858,0.1285438984632492
2025-02-27,EFA,XGBOOST,0.17571421382361754,0.13950763642787933
2025-02-28,EFA,XGBOOST,0.17920306637730374,0.14100511372089386
2025-03-03,EFA,XGBOOST,0.1777269154703947,0.14299990236759186
2025-03-04,EFA,XGBOOST,0.17785780548097244,0.15009425580501556
2025-03-05,EFA,XGBOOST,0.15427693638940038,0.13417403399944305
2025-03-06,EFA,XGBOOST,0.1668606625663449,0.13886186480522156
2025-03-07,EFA,XGBOOST,0.2828472658844938,0.12997448444366455
2025-03-10,EFA,XGBOOST,0.2833341548324812,0.1444157361984253
2025-03-11,EFA,XGBOOST,0.2833319751771322,0.15103574097156525
2025-03-12,EFA,XGBOOST,0.4005877530896807,0.15079762041568756
2025-03-13,EFA,XGBOOST,0.40511784785307314,0.15314580500125885
2025-03-14,EFA,XGBOOST,0.410341175060358,0.14717623591423035
2025-03-17,EFA,XGBOOST,0.41013471409225954,0.14193624258041382
2025-03-18,EFA,XGBOOST,0.4122303290372175,0.1415451467037201
2025-03-19,EFA,XGBOOST,0.4117484792062911,0.14623382687568665
2025-03-20,EFA,XGBOOST,0.41392821142958147,0.14506089687347412
2025-03-21,EFA,XGBOOST,0.41383192911394334,0.14689978957176208
2025-03-24,EFA,XGBOOST,0.4213587688125607,0.14879882335662842
2025-03-25,EFA,XGBOOST,0.42109832980556816,0.1454320102930069
2025-03-26,EFA,XGBOOST,0.4213470665671749,0.14399218559265137
2025-03-27,EFA,XGBOOST,0.42152950071946627,0.14869233965873718
2025-03-28,EFA,XGBOOST,0.4205051315110149,0.14740636944770813
2025-03-31,EFA,XGBOOST,0.4187677879194909,0.14983870089054108
2025-04-01,EFA,XGBOOST,0.41890715943943035,0.1469164937734604
2025-04-02,EFA,XGBOOST,0.4192627288900266,0.13978268206119537
2025-04-03,EFA,XGBOOST,0.41470400135860624,0.16459108889102936
2025-04-04,EFA,XGBOOST,0.3170354169202381,0.3945065140724182
2025-04-07,EFA,XGBOOST,0.2966215370126509,0.36873480677604675
2025-04-08,EFA,XGBOOST,0.29659664202959424,0.28396356105804443
2025-04-09,EFA,XGBOOST,0.16620835262740946,0.2265687733888626
2025-04-10,EFA,XGBOOST,0.13956761638892057,0.2761036157608032
2025-04-11,EFA,XGBOOST,0.11960553225746813,0.26970115303993225
2025-04-14,EFA,XGBOOST,0.11778910858645698,0.3091586232185364
2025-04-15,EFA,XGBOOST,0.12029905295928243,0.3171028196811676
2025-04-16,EFA,XGBOOST,0.11996645968978185,0.265335351228714
2025-04-17,EFA,XGBOOST,0.11742477182718554,0.25774499773979187
2025-04-21,EFA,XGBOOST,0.1139943953842975,0.22618193924427032
2025-04-22,EFA,XGBOOST,0.09692796508411984,0.23508867621421814
2025-04-23,EFA,XGBOOST,0.10259350276026741,0.23418806493282318
2025-04-24,EFA,XGBOOST,0.09604339463122223,0.20537826418876648
2025-04-25,EFA,XGBOOST,0.09585098142063715,0.2090732753276825
2025-04-28,EFA,XGBOOST,0.10418904101654834,0.21085131168365479
2025-04-29,EFA,XGBOOST,0.11587091673552596,0.1791847050189972
2025-04-30,EFA,XGBOOST,0.1155426153247175,0.2102610468864441
2025-05-01,EFA,XGBOOST,0.11379473492473936,0.20943720638751984
2025-05-02,EFA,XGBOOST,0.1008619196811602,0.17157526314258575
2025-05-05,EFA,XGBOOST,0.10657400447236172,0.17825454473495483
2025-05-06,EFA,XGBOOST,0.10646212877476705,0.19762839376926422
2025-05-07,EFA,XGBOOST,0.10511022533938,0.1711743026971817
2025-05-08,EFA,XGBOOST,0.1031480515389347,0.15591077506542206
2025-05-09,EFA,XGBOOST,0.10306594386863986,0.15946009755134583
2025-05-12,EFA,XGBOOST,0.10249468935584195,0.16052979230880737
2025-05-13,EFA,XGBOOST,0.10328289755105237,0.15687315165996552
2025-05-14,EFA,XGBOOST,0.10211856859076666,0.15762996673583984
2025-05-15,EFA,XGBOOST,0.11061446573248253,0.1587664932012558
2025-05-16,EFA,XGBOOST,0.11091646556322284,0.16171251237392426
2025-05-19,EFA,XGBOOST,0.11652972263663713,0.15952883660793304
2025-05-20,EFA,XGBOOST,0.11545697313405326,0.16242505609989166
2025-05-21,EFA,XGBOOST,0.11807716990324028,0.16481031477451324
2025-05-22,EFA,XGBOOST,0.1210729637768703,0.16636480391025543
2025-05-23,EFA,XGBOOST,0.12810877461798742,0.16465045511722565
2025-05-27,EFA,XGBOOST,0.11931264948651371,0.15496274828910828
2025-05-28,EFA,XGBOOST,0.11761829780847698,0.15052790939807892
2025-05-29,EFA,XGBOOST,0.12047355119667079,0.1541372537612915
2025-05-30,EFA,XGBOOST,0.12049292920573948,0.15455839037895203
2025-06-02,EFA,XGBOOST,0.1155016769981493,0.15586601197719574
2025-06-03,EFA,XGBOOST,0.11159828054767634,0.15829622745513916
2025-06-04,EFA,XGBOOST,0.11090575824017576,0.1551518440246582
2025-06-05,EFA,XGBOOST,0.11848186187515893,0.15730255842208862
2025-06-06,EFA,XGBOOST,0.12054948695319755,0.15538597106933594
2025-06-09,EFA,XGBOOST,0.12298100076174531,0.1579967737197876
2025-06-10,EFA,XGBOOST,0.12310028440852044,0.14235751330852509
2025-06-11,EFA,XGBOOST,0.12837066660124824,0.1544640064239502
2025-06-12,EFA,XGBOOST,0.12550078401355297,0.15219761431217194
2025-06-13,EFA,XGBOOST,0.1224560816302131,0.12977686524391174
2025-06-16,EFA,XGBOOST,0.12259238313822064,0.14188452064990997
2025-06-17,EFA,XGBOOST,0.11346103309828082,0.1337621957063675
2025-06-18,EFA,XGBOOST,0.11419088090650699,0.141189843416214
2025-06-20,EFA,XGBOOST,0.10924278876989678,0.13682736456394196
2025-06-23,EFA,XGBOOST,0.10799142119479575,0.1470954269170761
2025-06-24,EFA,XGBOOST,0.1310333322306058,0.14236843585968018
2025-06-25,EFA,XGBOOST,0.1327060572358394,0.14046546816825867
2025-06-26,EFA,XGBOOST,0.1284206833534043,0.14264294505119324
2025-06-27,EFA,XGBOOST,0.13896254648246345,0.14792482554912567
2025-06-30,EFA,XGBOOST,0.13911910865425625,0.1431974321603775
2025-07-01,EFA,XGBOOST,0.14128885883165576,0.14712241291999817
2025-07-02,EFA,XGBOOST,0.14530702344892843,0.15197904407978058
2025-07-03,EFA,XGBOOST,0.14531067280963805,0.1525961309671402
2025-07-07,EFA,XGBOOST,0.14924334038246942,0.1454424411058426
2025-07-08,EFA,XGBOOST,0.14668538079337656,0.14426289498806
2025-07-09,EFA,XGBOOST,0.14604538142364687,0.13552938401699066
2025-07-10,EFA,XGBOOST,0.14981601372424203,0.12770481407642365
2025-07-11,EFA,XGBOOST,0.14678166700519024,0.1600007861852646
2025-07-14,EFA,XGBOOST,0.1478415138437426,0.15709251165390015
2025-07-15,EFA,XGBOOST,0.14717296972044544,0.14108045399188995
2025-07-16,EFA,XGBOOST,0.14774619508560494,0.14522619545459747
2025-07-17,EFA,XGBOOST,0.14783440515932086,0.14476338028907776
2025-07-18,EFA,XGBOOST,0.14753796688092,0.15117213129997253
2025-07-21,EFA,XGBOOST,0.1474529451701935,0.1488638073205948
2025-07-22,EFA,XGBOOST,0.1469001736078656,0.1639609932899475
2025-07-23,EFA,XGBOOST,0.11964981620686792,0.16254688799381256
2025-07-24,EFA,XGBOOST,0.11869490789965793,0.17279155552387238
2025-07-25,EFA,XGBOOST,0.128897123688754,0.18170030415058136
2025-07-28,EFA,XGBOOST,0.12391203709621156,0.18186406791210175
2025-07-29,EFA,XGBOOST,0.12360581426113856,0.187248095870018
2025-07-30,EFA,XGBOOST,0.12022233696135848,0.17374829947948456
2025-07-31,EFA,XGBOOST,0.11074516010820686,0.1728929877281189
2025-08-01,EFA,XGBOOST,0.11332022182922995,0.19888997077941895
2025-08-04,EFA,XGBOOST,0.11361636036656783,0.18553897738456726
2025-08-05,EFA,XGBOOST,0.11351656468055475,0.1886265128850937
2025-08-06,EFA,XGBOOST,0.11398176618034195,0.1918046474456787
2025-08-07,EFA,XGBOOST,0.11107612110170513,0.1781112104654312
2025-08-08,EFA,XGBOOST,0.1141995710479488,0.17356473207473755
2025-08-11,EFA,XGBOOST,0.11368820704408668,0.18029971420764923
2025-08-12,EFA,XGBOOST,0.10630103938479488,0.1668447107076645
2025-08-13,EFA,XGBOOST,0.11044472228638949,0.17611534893512726
2025-08-14,EFA,XGBOOST,0.1117882877473559,0.17444010078907013
2025-08-15,EFA,XGBOOST,0.11229134615397121,0.17422865331172943
2025-08-18,EFA,XGBOOST,0.11282197184112161,0.1680247187614441
2025-08-19,EFA,XGBOOST,0.1139102638798013,0.16609789431095123
2025-08-20,EFA,XGBOOST,0.11401800424873483,0.16054175794124603
2025-08-21,EFA,XGBOOST,0.11241145736838065,0.16954511404037476
2025-08-22,EFA,XGBOOST,0.09963225924567158,0.15805982053279877
2025-08-25,EFA,XGBOOST,0.08683252862686724,0.15954522788524628
2025-08-26,EFA,XGBOOST,0.08963188176361554,0.16736336052417755
2025-08-27,EFA,XGBOOST,0.09310258746193907,0.16101457178592682
2025-08-28,EFA,XGBOOST,0.09616224360919139,0.1590638905763626
2025-08-29,EFA,XGBOOST,0.09401330896249198,0.15759748220443726
2025-09-02,EFA,XGBOOST,0.08561560992136408,0.16431020200252533
2025-09-03,EFA,XGBOOST,0.08885505939062294,0.15420258045196533
2025-09-04,EFA,XGBOOST,0.08653519424164528,0.1594710797071457
2025-09-05,EFA,XGBOOST,0.0893036770436439,0.13267654180526733
2025-09-08,EFA,XGBOOST,0.08393904076605507,0.129496768116951
2025-09-09,EFA,XGBOOST,0.08994337438604916,0.13224200904369354
2025-09-10,EFA,XGBOOST,0.09002967041113134,0.1329069882631302
2025-09-11,EFA,XGBOOST,0.08906229211405899,0.12836794555187225
2025-09-12,EFA,XGBOOST,0.11084731698069583,0.1254337877035141
2025-09-15,EFA,XGBOOST,0.11207828736194653,0.12656979262828827
2025-09-16,EFA,XGBOOST,0.11295305689800192,0.13720020651817322
2025-09-17,EFA,XGBOOST,0.11323842820412679,0.14461494982242584
2025-09-18,EFA,XGBOOST,0.1138736383925576,0.14938536286354065
2025-09-19,EFA,XGBOOST,0.11274972165652646,0.15014494955539703
2025-09-22,EFA,XGBOOST,0.11553166766810348,0.1604858785867691
2025-09-23,EFA,XGBOOST,0.11896142590578977,0.15691591799259186
2025-09-24,EFA,XGBOOST,0.11674671757788231,0.15802223980426788
2025-09-25,EFA,XGBOOST,0.11327838319698341,0.15336434543132782
2025-09-26,EFA,XGBOOST,0.11096374365074695,0.15052704513072968
2025-09-29,EFA,XGBOOST,0.1124226709371046,0.15517103672027588
2025-09-30,EFA,XGBOOST,0.1121538672308169,0.16031314432621002
2025-10-01,EFA,XGBOOST,0.11147697440183661,0.16269046068191528
2025-10-02,EFA,XGBOOST,0.11274694017328653,0.16489239037036896
2025-10-03,EFA,XGBOOST,0.10881509071541805,0.14549411833286285
2025-10-06,EFA,XGBOOST,0.108417255450517,0.14738380908966064
2025-10-07,EFA,XGBOOST,0.11014502924219187,0.14789830148220062
2025-10-08,EFA,XGBOOST,0.11222304907725007,0.1478048413991928
2025-10-09,EFA,XGBOOST,0.10853434338640366,0.1379290521144867
2025-10-10,EFA,XGBOOST,0.08402415681695713,0.12632489204406738
2025-10-14,EFA,XGBOOST,0.08904086522626568,0.12801511585712433
2025-10-15,EFA,XGBOOST,0.08969698868074034,0.1303790956735611
2025-10-16,EFA,XGBOOST,0.09820635072306316,0.14366017282009125
2025-10-17,EFA,XGBOOST,0.09884586464907669,0.12293384224176407
2025-10-20,EFA,XGBOOST,0.10523080249281849,0.11436863988637924
2025-10-21,EFA,XGBOOST,0.11176903722828244,0.1248016357421875
2025-10-22,EFA,XGBOOST,0.11199876030205623,0.12357448041439056
2025-10-23,EFA,XGBOOST,0.1187170417922708,0.12055031210184097
2025-10-24,EFA,XGBOOST,0.13330437475409015,0.12884964048862457
2025-10-27,EFA,XGBOOST,0.13006067433852905,0.12886904180049896
2025-10-28,EFA,XGBOOST,0.13858497481798854,0.14027146995067596
2025-10-29,EFA,XGBOOST,0.1435318669895242,0.13417084515094757
2025-10-30,EFA,XGBOOST,0.14310480953177993,0.1470835655927658
2025-10-31,EFA,XGBOOST,0.14405664266559975,0.14064636826515198
2025-11-03,EFA,XGBOOST,0.14451825501983684,0.1427527517080307
2025-11-04,EFA,XGBOOST,0.1399280619427438,0.13341668248176575
2025-11-05,EFA,XGBOOST,0.1386702316868454,0.14394299685955048
2025-11-06,EFA,XGBOOST,0.13823371813402982,0.14497233927249908
2025-11-07,EFA,XGBOOST,0.13857371062130802,0.15075506269931793
2025-11-10,EFA,XGBOOST,0.1337456119027928,0.1532432734966278
2025-11-12,EFA,XGBOOST,0.13703810626127505,0.15767693519592285
2025-11-13,EFA,XGBOOST,0.1325488408274313,0.14756838977336884
2025-11-14,EFA,XGBOOST,0.13335396753104253,0.14597122371196747
2025-11-17,EFA,XGBOOST,0.12462629172779605,0.14597484469413757
2025-11-18,EFA,XGBOOST,0.11812670499719016,0.15907442569732666
2025-11-19,EFA,XGBOOST,0.11831020426636177,0.14706744253635406
2025-11-20,EFA,XGBOOST,0.10283694849562927,0.1830867975950241
2025-11-21,EFA,XGBOOST,0.09222404877492861,0.1662808656692505
2025-11-24,EFA,XGBOOST,0.09287154389680197,0.16568173468112946
2025-11-25,EFA,XGBOOST,0.08647877088098568,0.1558721661567688
2025-11-26,EFA,XGBOOST,0.08018699489470645,0.1498405933380127
2025-11-28,EFA,XGBOOST,0.08169813180600458,0.15439672768115997
2025-12-01,EFA,XGBOOST,0.07810224376025876,0.15089641511440277
2025-12-02,EFA,XGBOOST,0.0807167792641905,0.15539734065532684
2025-12-03,EFA,XGBOOST,0.08589462603275996,0.13951580226421356
2025-12-04,EFA,XGBOOST,0.09253191461580698,0.14661182463169098
2025-12-05,EFA,XGBOOST,0.09222956371228697,0.15502282977104187
2025-12-08,EFA,XGBOOST,0.09274126055169354,0.14979860186576843
2025-12-09,EFA,XGBOOST,0.09214977081524403,0.15141136944293976
2025-12-10,EFA,XGBOOST,0.08964226636507336,0.1341230422258377
2025-12-11,EFA,XGBOOST,0.08973409776449781,0.13230295479297638
2025-12-12,EFA,XGBOOST,0.09027226008216666,0.1442507952451706
2025-12-15,EFA,XGBOOST,0.0895633943668052,0.14325690269470215
2025-12-16,EFA,XGBOOST,0.08659017076906533,0.13423727452754974
2025-12-17,EFA,XGBOOST,0.07741774669503709,0.15187044441699982
2025-12-18,EFA,XGBOOST,0.09870964024370969,0.15095511078834534
2025-12-19,EFA,XGBOOST,0.10185206327408677,0.14854031801223755
2025-12-22,EFA,XGBOOST,0.10210119941588497,0.1540936827659607
2025-12-23,EFA,XGBOOST,0.10177853983055335,0.14714020490646362
2025-12-24,EFA,XGBOOST,0.10233723200392426,0.15353228151798248
2025-12-26,EFA,XGBOOST,0.11361871722250676,0.15350529551506042
2025-12-29,EFA,XGBOOST,0.12170939069809643,0.15278834104537964
2025-12-30,EFA,XGBOOST,0.12261976541267888,0.14785273373126984
2025-12-31,EFA,XGBOOST,0.12769596890604257,0.15347974002361298
2023-12-28,EEM,XGBOOST,0.14823444047177234,0.17815375328063965
2023-12-29,EEM,XGBOOST,0.14983178781372933,0.1829729676246643
2024-01-02,EEM,XGBOOST,0.14603433068249452,0.18117769062519073
2024-01-03,EEM,XGBOOST,0.1505975416370915,0.18012984097003937
2024-01-04,EEM,XGBOOST,0.1505134172511873,0.17954714596271515
2024-01-05,EEM,XGBOOST,0.1505181835874227,0.18800155818462372
2024-01-08,EEM,XGBOOST,0.17174264191925925,0.19114769995212555
2024-01-09,EEM,XGBOOST,0.16322999296157295,0.19861029088497162
2024-01-10,EEM,XGBOOST,0.16446123312190375,0.1880062073469162
2024-01-11,EEM,XGBOOST,0.1645183927806673,0.18356944620609283
2024-01-12,EEM,XGBOOST,0.16618626835101605,0.18078939616680145
2024-01-16,EEM,XGBOOST,0.1557703877271301,0.1863173544406891
2024-01-17,EEM,XGBOOST,0.14997899726695085,0.17671002447605133
2024-01-18,EEM,XGBOOST,0.1487772760750451,0.18731123208999634
2024-01-19,EEM,XGBOOST,0.14604043407344322,0.17941352725028992
2024-01-22,EEM,XGBOOST,0.14015162210971951,0.1736413836479187
2024-01-23,EEM,XGBOOST,0.13838727124466374,0.18906740844249725
2024-01-24,EEM,XGBOOST,0.13758842342550556,0.2005762755870819
2024-01-25,EEM,XGBOOST,0.13790328794005452,0.20387868583202362
2024-01-26,EEM,XGBOOST,0.13984352074218023,0.20612478256225586
2024-01-29,EEM,XGBOOST,0.13974354028525562,0.17961527407169342
2024-01-30,EEM,XGBOOST,0.14573312513163197,0.1770835816860199
2024-01-31,EEM,XGBOOST,0.14334488455043495,0.1785767674446106
2024-02-01,EEM,XGBOOST,0.1454307739846157,0.17350482940673828
2024-02-02,EEM,XGBOOST,0.1451652041062537,0.17797604203224182
2024-02-05,EEM,XGBOOST,0.15047496600497928,0.17510364949703217
2024-02-06,EEM,XGBOOST,0.13784626055744403,0.1681072860956192
2024-02-07,EEM,XGBOOST,0.13891792606377545,0.17214398086071014
2024-02-08,EEM,XGBOOST,0.13674786146024231,0.17462047934532166
2024-02-09,EEM,XGBOOST,0.13643182927389896,0.17878641188144684
2024-02-12,EEM,XGBOOST,0.13874281575893893,0.18021555244922638
2024-02-13,EEM,XGBOOST,0.1169467391313584,0.17094764113426208
2024-02-14,EEM,XGBOOST,0.11149340678224418,0.1707122027873993
2024-02-15,EEM,XGBOOST,0.11409571506003974,0.1690121591091156
2024-02-16,EEM,XGBOOST,0.1133099742291282,0.1704418957233429
2024-02-20,EEM,XGBOOST,0.11515852428086015,0.16685155034065247
2024-02-21,EEM,XGBOOST,0.12118253850718246,0.17639531195163727
2024-02-22,EEM,XGBOOST,0.1163881115546957,0.17006294429302216
2024-02-23,EEM,XGBOOST,0.11954400539345539,0.17184461653232574
2024-02-26,EEM,XGBOOST,0.11821355948698956,0.1705995500087738
2024-02-27,EEM,XGBOOST,0.11817964981473103,0.1629088670015335
2024-02-28,EEM,XGBOOST,0.10668735061902733,0.16332973539829254
2024-02-29,EEM,XGBOOST,0.10700626828392552,0.15976431965827942
2024-03-01,EEM,XGBOOST,0.09910864301175473,0.16722771525382996
2024-03-04,EEM,XGBOOST,0.09875444439255708,0.16742485761642456
2024-03-05,EEM,XGBOOST,0.09140205563911603,0.1612754464149475
2024-03-06,EEM,XGBOOST,0.07951253581702951,0.15313422679901123
2024-03-07,EEM,XGBOOST,0.07711085210442428,0.15472514927387238
2024-03-08,EEM,XGBOOST,0.07978735639834751,0.15323437750339508
2024-03-11,EEM,XGBOOST,0.08237333454818457,0.15405473113059998
2024-03-12,EEM,XGBOOST,0.08943721103615693,0.15457995235919952
2024-03-13,EEM,XGBOOST,0.09129414645429175,0.1492769867181778
2024-03-14,EEM,XGBOOST,0.12262519982780823,0.15634165704250336
2024-03-15,EEM,XGBOOST,0.12282256660187715,0.1475447565317154
2024-03-18,EEM,XGBOOST,0.13031100281377775,0.15488500893115997
2024-03-19,EEM,XGBOOST,0.1296451488706214,0.16151291131973267
2024-03-20,EEM,XGBOOST,0.12282229450847745,0.15498539805412292
2024-03-21,EEM,XGBOOST,0.12268226951653026,0.15935926139354706
2024-03-22,EEM,XGBOOST,0.12867762386494921,0.1637723743915558
2024-03-25,EEM,XGBOOST,0.13258519021344892,0.15737797319889069
2024-03-26,EEM,XGBOOST,0.13332501730002586,0.15681356191635132
2024-03-27,EEM,XGBOOST,0.13343774248342774,0.1536608338356018
2024-03-28,EEM,XGBOOST,0.1392641511552322,0.16936920583248138
2024-04-01,EEM,XGBOOST,0.1432857958541264,0.1666814386844635
2024-04-02,EEM,XGBOOST,0.1518311171086753,0.17513911426067352
2024-04-03,EEM,XGBOOST,0.1518571326400876,0.16858060657978058
2024-04-04,EEM,XGBOOST,0.17667375103025762,0.169969379901886
2024-04-05,EEM,XGBOOST,0.17885595951022953,0.17720045149326324
2024-04-08,EEM,XGBOOST,0.17785334735280384,0.1789894998073578
2024-04-09,EEM,XGBOOST,0.17816608924473584,0.1767132729291916
2024-04-10,EEM,XGBOOST,0.1700208129049044,0.15196934342384338
2024-04-11,EEM,XGBOOST,0.16923574816854864,0.16154544055461884
2024-04-12,EEM,XGBOOST,0.1428735683089514,0.14707449078559875
2024-04-15,EEM,XGBOOST,0.14001328548408037,0.15918131172657013
2024-04-16,EEM,XGBOOST,0.12614136040279997,0.15192076563835144
2024-04-17,EEM,XGBOOST,0.12691920243248073,0.14527423679828644
2024-04-18,EEM,XGBOOST,0.12722051838910034,0.14804057776927948
2024-04-19,EEM,XGBOOST,0.12321592107056206,0.14660227298736572
2024-04-22,EEM,XGBOOST,0.1247203533148262,0.15373286604881287
2024-04-23,EEM,XGBOOST,0.12896321672263525,0.15108175575733185
2024-04-24,EEM,XGBOOST,0.1311265795571715,0.1476931869983673
2024-04-25,EEM,XGBOOST,0.13637009922861046,0.15639787912368774
2024-04-26,EEM,XGBOOST,0.1323192989366037,0.15666256844997406
2024-04-29,EEM,XGBOOST,0.1298388857124971,0.1601312905550003
2024-04-30,EEM,XGBOOST,0.1314116922300523,0.14136186242103577
2024-05-01,EEM,XGBOOST,0.1323452432689868,0.14891652762889862
2024-05-02,EEM,XGBOOST,0.10315480675099464,0.13725842535495758
2024-05-03,EEM,XGBOOST,0.10505744163145109,0.1559888869524002
2024-05-06,EEM,XGBOOST,0.11570891518990796,0.14363543689250946
2024-05-07,EEM,XGBOOST,0.12894071362278964,0.138615220785141
2024-05-08,EEM,XGBOOST,0.13011316557883038,0.14397267997264862
2024-05-09,EEM,XGBOOST,0.13595681075160637,0.1397150754928589
2024-05-10,EEM,XGBOOST,0.1375702124638504,0.1360013484954834
2024-05-13,EEM,XGBOOST,0.134825702737778,0.14334401488304138
2024-05-14,EEM,XGBOOST,0.13857135287575878,0.15150366723537445
2024-05-15,EEM,XGBOOST,0.1321877642634991,0.15495362877845764
2024-05-16,EEM,XGBOOST,0.13193488267341374,0.16344861686229706
2024-05-17,EEM,XGBOOST,0.13326401003189658,0.16202762722969055
2024-05-20,EEM,XGBOOST,0.1377330379010347,0.16926299035549164
2024-05-21,EEM,XGBOOST,0.13617208885124185,0.18161800503730774
2024-05-22,EEM,XGBOOST,0.1362547062880799,0.16172698140144348
2024-05-23,EEM,XGBOOST,0.1336213207619244,0.15979406237602234
2024-05-24,EEM,XGBOOST,0.13348008395017125,0.1589631587266922
2024-05-28,EEM,XGBOOST,0.13359149470323345,0.16920441389083862
2024-05-29,EEM,XGBOOST,0.12162326500736372,0.17626923322677612
2024-05-30,EEM,XGBOOST,0.12102182630005394,0.18351739645004272
2024-05-31,EEM,XGBOOST,0.11445317549696915,0.1796872317790985
2024-06-03,EEM,XGBOOST,0.10958311981449842,0.17559689283370972
2024-06-04,EEM,XGBOOST,0.10429583042090165,0.14561372995376587
2024-06-05,EEM,XGBOOST,0.09169319355441852,0.1503601223230362
2024-06-06,EEM,XGBOOST,0.09112585194256458,0.1535773128271103
2024-06-07,EEM,XGBOOST,0.07736820031479019,0.15384338796138763
2024-06-10,EEM,XGBOOST,0.0772281652516524,0.15879793465137482
2024-06-11,EEM,XGBOOST,0.07503647707698892,0.15986759960651398
2024-06-12,EEM,XGBOOST,0.07038467030453562,0.16153080761432648
2024-06-13,EEM,XGBOOST,0.08301460662436767,0.15472999215126038
2024-06-14,EEM,XGBOOST,0.08383525869346138,0.1571802943944931
2024-06-17,EEM,XGBOOST,0.10557912182327646,0.1572858691215515
2024-06-18,EEM,XGBOOST,0.1077485290850969,0.1610933095216751
2024-06-20,EEM,XGBOOST,0.11343045029862621,0.15925733745098114
2024-06-21,EEM,XGBOOST,0.11649859769662808,0.16380950808525085
2024-06-24,EEM,XGBOOST,0.121152267958486,0.15669770538806915
2024-06-25,EEM,XGBOOST,0.1317527100479504,0.16457179188728333
2024-06-26,EEM,XGBOOST,0.13223314622683993,0.16549988090991974
2024-06-27,EEM,XGBOOST,0.13770995322301216,0.16815178096294403
2024-06-28,EEM,XGBOOST,0.13791410780579103,0.1555861532688141
2024-07-01,EEM,XGBOOST,0.1382268872240618,0.15156184136867523
2024-07-02,EEM,XGBOOST,0.15924010066081876,0.15038926899433136
2024-07-03,EEM,XGBOOST,0.16150903842491088,0.15053513646125793
2024-07-05,EEM,XGBOOST,0.16624672792393266,0.1607738882303238
2024-07-08,EEM,XGBOOST,0.19033851577982652,0.16539989411830902
2024-07-09,EEM,XGBOOST,0.19127950417375583,0.1726493388414383
2024-07-10,EEM,XGBOOST,0.1915753263130992,0.1702442318201065
2024-07-11,EEM,XGBOOST,0.21073160675940733,0.17440266907215118
2024-07-12,EEM,XGBOOST,0.21141820507395537,0.1742495745420456
2024-07-15,EEM,XGBOOST,0.21039797495074408,0.1638774871826172
2024-07-16,EEM,XGBOOST,0.21390747536268243,0.1556251496076584
2024-07-17,EEM,XGBOOST,0.20746988361958213,0.15835891664028168
2024-07-18,EEM,XGBOOST,0.20952927692171752,0.13966898620128632
2024-07-19,EEM,XGBOOST,0.21041900400010252,0.15315230190753937
2024-07-22,EEM,XGBOOST,0.21105934139902965,0.1251285821199417
2024-07-23,EEM,XGBOOST,0.21044153035758492,0.12592332065105438
2024-07-24,EEM,XGBOOST,0.20245114395109817,0.1400691717863083
2024-07-25,EEM,XGBOOST,0.20780330607429884,0.13639310002326965
2024-07-26,EEM,XGBOOST,0.2125460515654163,0.14052946865558624
2024-07-29,EEM,XGBOOST,0.21494365810112406,0.1363958865404129
2024-07-30,EEM,XGBOOST,0.2137878993116865,0.13357171416282654
2024-07-31,EEM,XGBOOST,0.2019441679791329,0.13973426818847656
2024-08-01,EEM,XGBOOST,0.19047055833665638,0.13954082131385803
2024-08-02,EEM,XGBOOST,0.18135207318593713,0.1652032434940338
2024-08-05,EEM,XGBOOST,0.163378916560194,0.2583802044391632
2024-08-06,EEM,XGBOOST,0.16321260832631868,0.21366377174854279
2024-08-07,EEM,XGBOOST,0.1625731458857318,0.2168414145708084
2024-08-08,EEM,XGBOOST,0.159097260507214,0.18499895930290222
2024-08-09,EEM,XGBOOST,0.16073377973451614,0.17570757865905762
2024-08-12,EEM,XGBOOST,0.16081963147474576,0.18057817220687866
2024-08-13,EEM,XGBOOST,0.15785465388529624,0.1740608811378479
2024-08-14,EEM,XGBOOST,0.15960813901405405,0.1762959212064743
2024-08-15,EEM,XGBOOST,0.15545870619454422,0.1703443080186844
2024-08-16,EEM,XGBOOST,0.14987366682742223,0.17904914915561676
2024-08-19,EEM,XGBOOST,0.14521874961368456,0.17480966448783875
2024-08-20,EEM,XGBOOST,0.14331779354430696,0.17088621854782104
2024-08-21,EEM,XGBOOST,0.16223930846372286,0.17176631093025208
2024-08-22,EEM,XGBOOST,0.15560870235541585,0.17095819115638733
2024-08-23,EEM,XGBOOST,0.14654691092458383,0.16412140429019928
2024-08-26,EEM,XGBOOST,0.18438778321263646,0.166167750954628
2024-08-27,EEM,XGBOOST,0.19001011668724602,0.15846507251262665
2024-08-28,EEM,XGBOOST,0.2228240966461382,0.16143068671226501
2024-08-29,EEM,XGBOOST,0.223463634588916,0.1496037393808365
2024-08-30,EEM,XGBOOST,0.23440540611974203,0.15448832511901855
2024-09-03,EEM,XGBOOST,0.21863866996502548,0.17137263715267181
2024-09-04,EEM,XGBOOST,0.22453886063731063,0.16912595927715302
2024-09-05,EEM,XGBOOST,0.2323634687957508,0.16037653386592865
2024-09-06,EEM,XGBOOST,0.21629699683964124,0.17097707092761993
2024-09-09,EEM,XGBOOST,0.2162859020903969,0.1659165471792221
2024-09-10,EEM,XGBOOST,0.2405829193151139,0.1662040501832962
2024-09-11,EEM,XGBOOST,0.2430409058343867,0.15920570492744446
2024-09-12,EEM,XGBOOST,0.24266090632184784,0.15842454135417938
2024-09-13,EEM,XGBOOST,0.24293186876998585,0.1557634472846985
2024-09-16,EEM,XGBOOST,0.24461501485523993,0.15184959769248962
2024-09-17,EEM,XGBOOST,0.26026704887446783,0.15020373463630676
2024-09-18,EEM,XGBOOST,0.25990721390205757,0.1529770791530609
2024-09-19,EEM,XGBOOST,0.2513978518303482,0.14244705438613892
2024-09-20,EEM,XGBOOST,0.25246567717251306,0.14794641733169556
2024-09-23,EEM,XGBOOST,0.25381070101741315,0.14991959929466248
2024-09-24,EEM,XGBOOST,0.22452781791634316,0.15103305876255035
2024-09-25,EEM,XGBOOST,0.2222217248392403,0.14764884114265442
2024-09-26,EEM,XGBOOST,0.17753205736420347,0.1559588760137558
2024-09-27,EEM,XGBOOST,0.1775509834847181,0.1622370034456253
2024-09-30,EEM,XGBOOST,0.17000175491540676,0.16745318472385406
2024-10-01,EEM,XGBOOST,0.16767402806427228,0.16754494607448578
2024-10-02,EEM,XGBOOST,0.15135493155381785,0.16885744035243988
2024-10-03,EEM,XGBOOST,0.1480679009780012,0.17949113249778748
2024-10-04,EEM,XGBOOST,0.1423435031003596,0.18439310789108276
2024-10-07,EEM,XGBOOST,0.13991005424637404,0.19853392243385315
2024-10-08,EEM,XGBOOST,0.1250296920468235,0.1897198110818863
2024-10-09,EEM,XGBOOST,0.13071572512283255,0.18729616701602936
2024-10-10,EEM,XGBOOST,0.15421300918958375,0.18243561685085297
2024-10-11,EEM,XGBOOST,0.1745638541163775,0.18256516754627228
2024-10-15,EEM,XGBOOST,0.1723817319881483,0.19116534292697906
2024-10-16,EEM,XGBOOST,0.16916513391328442,0.19745010137557983
2024-10-17,EEM,XGBOOST,0.16941965246356158,0.19834686815738678
2024-10-18,EEM,XGBOOST,0.16311866021053062,0.18951775133609772
2024-10-21,EEM,XGBOOST,0.1704965048828913,0.19454438984394073
2024-10-22,EEM,XGBOOST,0.17060715043919167,0.19332917034626007
2024-10-23,EEM,XGBOOST,0.17011357647300845,0.19912731647491455
2024-10-24,EEM,XGBOOST,0.17010074676735124,0.1913687139749527
2024-10-25,EEM,XGBOOST,0.17025592262681355,0.19546283781528473
2024-10-28,EEM,XGBOOST,0.16887511919541706,0.19229333102703094
2024-10-29,EEM,XGBOOST,0.1689872876866768,0.1905404031276703
2024-10-30,EEM,XGBOOST,0.16708544369189252,0.18052805960178375
2024-10-31,EEM,XGBOOST,0.1665158946415474,0.2081138640642166
2024-11-01,EEM,XGBOOST,0.16740244050937358,0.2135348618030548
2024-11-04,EEM,XGBOOST,0.16595985704286545,0.20056363940238953
2024-11-05,EEM,XGBOOST,0.15719528863299898,0.20462048053741455
2024-11-06,EEM,XGBOOST,0.15485813788034575,0.16147039830684662
2024-11-07,EEM,XGBOOST,0.12922962658140594,0.15233097970485687
2024-11-08,EEM,XGBOOST,0.12295174035420393,0.13951124250888824
2024-11-12,EEM,XGBOOST,0.11405396049935743,0.15124092996120453
2024-11-13,EEM,XGBOOST,0.11291630801972638,0.15144139528274536
2024-11-14,EEM,XGBOOST,0.11028873517546985,0.15062128007411957
2024-11-15,EEM,XGBOOST,0.11278315528204251,0.16278411448001862
2024-11-18,EEM,XGBOOST,0.10638185080286952,0.15813791751861572
2024-11-19,EEM,XGBOOST,0.135986525746181,0.14724145829677582
2024-11-20,EEM,XGBOOST,0.13678820742285516,0.1587061583995819
2024-11-21,EEM,XGBOOST,0.13765058794527457,0.16092140972614288
2024-11-22,EEM,XGBOOST,0.13928528447174557,0.1592734307050705
2024-11-25,EEM,XGBOOST,0.13970604207813925,0.1426285207271576
2024-11-26,EEM,XGBOOST,0.13946752772962584,0.1422240287065506
2024-11-27,EEM,XGBOOST,0.14029629051819903,0.13708122074604034
2024-11-29,EEM,XGBOOST,0.14281946291078412,0.13721810281276703
2024-12-02,EEM,XGBOOST,0.14203466485459063,0.1462397575378418
2024-12-03,EEM,XGBOOST,0.14155702096546566,0.14850080013275146
2024-12-04,EEM,XGBOOST,0.14591083341203778,0.14325791597366333
2024-12-05,EEM,XGBOOST,0.14421021834895228,0.1412700116634369
2024-12-06,EEM,XGBOOST,0.1458144752006727,0.14716868102550507
2024-12-09,EEM,XGBOOST,0.12163339048929704,0.14300626516342163
2024-12-10,EEM,XGBOOST,0.1230246569794683,0.13486433029174805
2024-12-11,EEM,XGBOOST,0.12123152864085436,0.1379348188638687
2024-12-12,EEM,XGBOOST,0.13122033625307505,0.14153505861759186
2024-12-13,EEM,XGBOOST,0.14180033772827852,0.12662063539028168
2024-12-16,EEM,XGBOOST,0.14112464692708113,0.13798640668392181
2024-12-17,EEM,XGBOOST,0.14494933791645884,0.1366344690322876
2024-12-18,EEM,XGBOOST,0.123715274898377,0.1617998331785202
2024-12-19,EEM,XGBOOST,0.12332130368904709,0.1356620043516159
2024-12-20,EEM,XGBOOST,0.12283594300795492,0.13513678312301636
2024-12-23,EEM,XGBOOST,0.12336709897419806,0.13412554562091827
2024-12-24,EEM,XGBOOST,0.13978468102781008,0.130340114235878
2024-12-26,EEM,XGBOOST,0.14201409627577244,0.13207444548606873
2024-12-27,EEM,XGBOOST,0.14102855990150479,0.1272440403699875
2024-12-30,EEM,XGBOOST,0.14903636508438292,0.13408079743385315
2024-12-31,EEM,XGBOOST,0.1551116100047702,0.13488829135894775
2025-01-02,EEM,XGBOOST,0.15772833289838203,0.1396060585975647
2025-01-03,EEM,XGBOOST,0.16641924095246413,0.14070290327072144
2025-01-06,EEM,XGBOOST,0.16668290143841144,0.14029471576213837
2025-01-07,EEM,XGBOOST,0.16428923998617465,0.14429904520511627
2025-01-08,EEM,XGBOOST,0.1629166082481096,0.14463451504707336
2025-01-10,EEM,XGBOOST,0.1507157431679551,0.14467266201972961
2025-01-13,EEM,XGBOOST,0.14848807377588236,0.14335767924785614
2025-01-14,EEM,XGBOOST,0.14578666861289377,0.1442733108997345
2025-01-15,EEM,XGBOOST,0.14157307597877938,0.14481587707996368
2025-01-16,EEM,XGBOOST,0.14189735582677615,0.1442859023809433
2025-01-17,EEM,XGBOOST,0.14129687579216496,0.1381809413433075
2025-01-21,EEM,XGBOOST,0.13917152712878747,0.1299743503332138
2025-01-22,EEM,XGBOOST,0.14103192860382024,0.12626582384109497
2025-01-23,EEM,XGBOOST,0.1424776826073674,0.1243819147348404
2025-01-24,EEM,XGBOOST,0.15517753073037263,0.12467670440673828
2025-01-27,EEM,XGBOOST,0.13661119660992033,0.14625655114650726
2025-01-28,EEM,XGBOOST,0.13813849250518137,0.14923778176307678
2025-01-29,EEM,XGBOOST,0.15899660427251466,0.14888867735862732
2025-01-30,EEM,XGBOOST,0.1570927276765402,0.14281490445137024
2025-01-31,EEM,XGBOOST,0.15486587186586367,0.15360648930072784
2025-02-03,EEM,XGBOOST,0.15489753304459325,0.1462269276380539
2025-02-04,EEM,XGBOOST,0.17585437630867617,0.14094944298267365
2025-02-05,EEM,XGBOOST,0.17750248728769782,0.1314462423324585
2025-02-06,EEM,XGBOOST,0.17769456829625843,0.13478714227676392
2025-02-07,EEM,XGBOOST,0.19943072623108893,0.1421753615140915
2025-02-10,EEM,XGBOOST,0.1969507355449951,0.15124236047267914
2025-02-11,EEM,XGBOOST,0.1973005953533102,0.16175492107868195
2025-02-12,EEM,XGBOOST,0.19699849517384804,0.1619938164949417
2025-02-13,EEM,XGBOOST,0.2062303228745926,0.1459360271692276
2025-02-14,EEM,XGBOOST,0.21293314013495704,0.13848309218883514
2025-02-18,EEM,XGBOOST,0.2130409752494451,0.14674925804138184
2025-02-19,EEM,XGBOOST,0.21300761586530734,0.15196898579597473
2025-02-20,EEM,XGBOOST,0.21335040989632542,0.15357553958892822
2025-02-21,EEM,XGBOOST,0.21380466316118088,0.15596553683280945
2025-02-24,EEM,XGBOOST,0.20669351705499764,0.15739673376083374
2025-02-25,EEM,XGBOOST,0.20707630748885372,0.1634310483932495
2025-02-26,EEM,XGBOOST,0.20517276149992195,0.1574617475271225
2025-02-27,EEM,XGBOOST,0.19263977405569463,0.15388400852680206
2025-02-28,EEM,XGBOOST,0.19841870035250833,0.15308363735675812
2025-03-03,EEM,XGBOOST,0.19547618822332444,0.16229835152626038
2025-03-04,EEM,XGBOOST,0.1937463263541719,0.1555749624967575
2025-03-05,EEM,XGBOOST,0.16158001132249591,0.15403304994106293
2025-03-06,EEM,XGBOOST,0.1767655701648007,0.15472254157066345
2025-03-07,EEM,XGBOOST,0.2635563999201502,0.1686718761920929
2025-03-10,EEM,XGBOOST,0.281105332043069,0.1810988485813141
2025-03-11,EEM,XGBOOST,0.278107279493887,0.18757306039333344
2025-03-12,EEM,XGBOOST,0.37992184486981473,0.18412058055400848
2025-03-13,EEM,XGBOOST,0.3832274716742154,0.18081000447273254
2025-03-14,EEM,XGBOOST,0.3954634360021168,0.1943349689245224
2025-03-17,EEM,XGBOOST,0.39111000766344123,0.19479693472385406
2025-03-18,EEM,XGBOOST,0.3911871766383973,0.20541763305664062
2025-03-19,EEM,XGBOOST,0.39157973566314835,0.19315308332443237
2025-03-20,EEM,XGBOOST,0.39325281636042275,0.18820306658744812
2025-03-21,EEM,XGBOOST,0.3933514620340189,0.18722082674503326
2025-03-24,EEM,XGBOOST,0.3977379090806426,0.1815330684185028
2025-03-25,EEM,XGBOOST,0.40082867089569174,0.1858467310667038
2025-03-26,EEM,XGBOOST,0.40324139209328713,0.19190745055675507
2025-03-27,EEM,XGBOOST,0.4026408476872247,0.19044309854507446
2025-03-28,EEM,XGBOOST,0.397387349151037,0.19227217137813568
2025-03-31,EEM,XGBOOST,0.39749518590216226,0.21175967156887054
2025-04-01,EEM,XGBOOST,0.3974284924412415,0.18879486620426178
2025-04-02,EEM,XGBOOST,0.39739115928636687,0.18908612430095673
2025-04-03,EEM,XGBOOST,0.40119735543440466,0.21077977120876312
2025-04-04,EEM,XGBOOST,0.33396086942024517,0.3953389823436737
2025-04-07,EEM,XGBOOST,0.29480600016567204,0.37766706943511963
2025-04-08,EEM,XGBOOST,0.2924388841272147,0.35620972514152527
2025-04-09,EEM,XGBOOST,0.19014723236054373,0.32003894448280334
2025-04-10,EEM,XGBOOST,0.17265202023578363,0.36938560009002686
2025-04-11,EEM,XGBOOST,0.15639613763516177,0.3270571827888489
2025-04-14,EEM,XGBOOST,0.15585660026228557,0.31990286707878113
2025-04-15,EEM,XGBOOST,0.15494905569012607,0.3233628273010254
2025-04-16,EEM,XGBOOST,0.1438033722428316,0.31379345059394836
2025-04-17,EEM,XGBOOST,0.14504466539334226,0.30501946806907654
2025-04-21,EEM,XGBOOST,0.14415935000143207,0.2762051820755005
2025-04-22,EEM,XGBOOST,0.1407706773291228,0.26207786798477173
2025-04-23,EEM,XGBOOST,0.14006136304675246,0.26145729422569275
2025-04-24,EEM,XGBOOST,0.13868499244448623,0.22416387498378754
2025-04-25,EEM,XGBOOST,0.13764834552259078,0.2194046825170517
2025-04-28,EEM,XGBOOST,0.1389708994980122,0.21942785382270813
2025-04-29,EEM,XGBOOST,0.14147086121075983,0.22151191532611847
2025-04-30,EEM,XGBOOST,0.14153199027505148,0.21602937579154968
2025-05-01,EEM,XGBOOST,0.15079838006512186,0.1929330974817276
2025-05-02,EEM,XGBOOST,0.1171213136605295,0.18533046543598175
2025-05-05,EEM,XGBOOST,0.11468210168563181,0.18288035690784454
2025-05-06,EEM,XGBOOST,0.1203626650256289,0.19249558448791504
2025-05-07,EEM,XGBOOST,0.11050221373841042,0.17938955128192902
2025-05-08,EEM,XGBOOST,0.10996027668247013,0.1883603036403656
2025-05-09,EEM,XGBOOST,0.11103819516799183,0.17947964370250702
2025-05-12,EEM,XGBOOST,0.08733002780277596,0.18891777098178864
2025-05-13,EEM,XGBOOST,0.08773013577696823,0.16326969861984253
2025-05-14,EEM,XGBOOST,0.08516676271965119,0.16288769245147705
2025-05-15,EEM,XGBOOST,0.10569420204384038,0.16424129903316498
2025-05-16,EEM,XGBOOST,0.11281300454218424,0.16850677132606506
2025-05-19,EEM,XGBOOST,0.12427322743960388,0.17775188386440277
2025-05-20,EEM,XGBOOST,0.12414220400716186,0.18152885138988495
2025-05-21,EEM,XGBOOST,0.1258201831032526,0.192247673869133
2025-05-22,EEM,XGBOOST,0.12765957432340153,0.17252232134342194
2025-05-23,EEM,XGBOOST,0.15413032733477666,0.17141033709049225
2025-05-27,EEM,XGBOOST,0.15326103856674517,0.16784347593784332
2025-05-28,EEM,XGBOOST,0.1516265911350065,0.17088191211223602
2025-05-29,EEM,XGBOOST,0.15357288260164675,0.16603459417819977
2025-05-30,EEM,XGBOOST,0.1432108629778041,0.17283722758293152
2025-06-02,EEM,XGBOOST,0.1425672690247718,0.17455041408538818
2025-06-03,EEM,XGBOOST,0.14260362995566842,0.16899284720420837
2025-06-04,EEM,XGBOOST,0.1386242591683007,0.16105826199054718
2025-06-05,EEM,XGBOOST,0.15087238836422068,0.1610054224729538
2025-06-06,EEM,XGBOOST,0.15160943059801482,0.16683675348758698
2025-06-09,EEM,XGBOOST,0.15012309098071167,0.16301162540912628
2025-06-10,EEM,XGBOOST,0.14938748955437142,0.15050441026687622
2025-06-11,EEM,XGBOOST,0.14986438876791952,0.1678510308265686
2025-06-12,EEM,XGBOOST,0.1498526419613216,0.1674368679523468
2025-06-13,EEM,XGBOOST,0.13711496848553814,0.17607468366622925
2025-06-16,EEM,XGBOOST,0.13232305658010884,0.16366128623485565
2025-06-17,EEM,XGBOOST,0.12046154003858801,0.15296247601509094
2025-06-18,EEM,XGBOOST,0.12132086712962924,0.16538333892822266
2025-06-20,EEM,XGBOOST,0.11783064506266752,0.16672825813293457
2025-06-23,EEM,XGBOOST,0.11665983918818965,0.15119867026805878
2025-06-24,EEM,XGBOOST,0.0853395533539787,0.13685362040996552
2025-06-25,EEM,XGBOOST,0.08932276869290869,0.14135511219501495
2025-06-26,EEM,XGBOOST,0.08887238422448145,0.15326610207557678
2025-06-27,EEM,XGBOOST,0.09149768295171182,0.15302883088588715
2025-06-30,EEM,XGBOOST,0.09121953944438223,0.1457574963569641
2025-07-01,EEM,XGBOOST,0.09578461892632135,0.15570217370986938
2025-07-02,EEM,XGBOOST,0.09714298770784704,0.1616533100605011
2025-07-03,EEM,XGBOOST,0.0990532845051017,0.16423070430755615
2025-07-07,EEM,XGBOOST,0.0922287742374643,0.17686216533184052
2025-07-08,EEM,XGBOOST,0.09029107814347367,0.18444839119911194
2025-07-09,EEM,XGBOOST,0.09110790340876988,0.17822010815143585
2025-07-10,EEM,XGBOOST,0.09477504282839266,0.18610654771327972
2025-07-11,EEM,XGBOOST,0.09364665959203945,0.19573739171028137
2025-07-14,EEM,XGBOOST,0.09472908816132398,0.19887375831604004
2025-07-15,EEM,XGBOOST,0.10039657496400269,0.20273707807064056
2025-07-16,EEM,XGBOOST,0.10680419533720421,0.19938507676124573
2025-07-17,EEM,XGBOOST,0.11639996567752306,0.20694796741008759
2025-07-18,EEM,XGBOOST,0.11588886380180283,0.2037048488855362
2025-07-21,EEM,XGBOOST,0.1154588079158218,0.20626425743103027
2025-07-22,EEM,XGBOOST,0.11983295494119016,0.2200782597064972
2025-07-23,EEM,XGBOOST,0.11434588655659322,0.22784748673439026
2025-07-24,EEM,XGBOOST,0.11295381611188036,0.2500564455986023
2025-07-25,EEM,XGBOOST,0.1322025018063229,0.25223100185394287
2025-07-28,EEM,XGBOOST,0.13150434761642593,0.2569761276245117
2025-07-29,EEM,XGBOOST,0.13216077126723977,0.2533635199069977
2025-07-30,EEM,XGBOOST,0.1311100128059437,0.25044894218444824
2025-07-31,EEM,XGBOOST,0.12887180393561282,0.24059006571769714
2025-08-01,EEM,XGBOOST,0.12674965734620508,0.2562440037727356
2025-08-04,EEM,XGBOOST,0.12279632520554187,0.24732936918735504
2025-08-05,EEM,XGBOOST,0.1230163024461532,0.25487929582595825
2025-08-06,EEM,XGBOOST,0.12321995081939659,0.25131770968437195
2025-08-07,EEM,XGBOOST,0.12680077835189035,0.21515443921089172
2025-08-08,EEM,XGBOOST,0.12978097860400234,0.2136421799659729
2025-08-11,EEM,XGBOOST,0.129484337952384,0.21244195103645325
2025-08-12,EEM,XGBOOST,0.12524465980881117,0.2036968618631363
2025-08-13,EEM,XGBOOST,0.12825196174042328,0.20815233886241913
2025-08-14,EEM,XGBOOST,0.11744259604401533,0.19089174270629883
2025-08-15,EEM,XGBOOST,0.11862540715530542,0.18603098392486572
2025-08-18,EEM,XGBOOST,0.11931963631572694,0.17898622155189514
2025-08-19,EEM,XGBOOST,0.11220337975042358,0.17296719551086426
2025-08-20,EEM,XGBOOST,0.11284401205351352,0.17366528511047363
2025-08-21,EEM,XGBOOST,0.11287497188526392,0.19418537616729736
2025-08-22,EEM,XGBOOST,0.09504717594280199,0.16946913301944733
2025-08-25,EEM,XGBOOST,0.090271479996909,0.18541759252548218
2025-08-26,EEM,XGBOOST,0.09095060549307764,0.18128344416618347
2025-08-27,EEM,XGBOOST,0.09077202482667392,0.18057478964328766
2025-08-28,EEM,XGBOOST,0.09219995152871989,0.18102732300758362
2025-08-29,EEM,XGBOOST,0.0906829824223917,0.18289536237716675
2025-09-02,EEM,XGBOOST,0.0894380995397242,0.18977712094783783
2025-09-03,EEM,XGBOOST,0.09077212857606917,0.18201853334903717
2025-09-04,EEM,XGBOOST,0.08708696211320417,0.17172694206237793
2025-09-05,EEM,XGBOOST,0.08196697030643327,0.16086161136627197
2025-09-08,EEM,XGBOOST,0.07951242022701803,0.15548355877399445
2025-09-09,EEM,XGBOOST,0.08826292312754723,0.1582927107810974
2025-09-10,EEM,XGBOOST,0.0890281040920086,0.14728689193725586
2025-09-11,EEM,XGBOOST,0.08941563098829236,0.15263962745666504
2025-09-12,EEM,XGBOOST,0.1653689100763887,0.14391517639160156
2025-09-15,EEM,XGBOOST,0.19342553288162698,0.14908483624458313
2025-09-16,EEM,XGBOOST,0.1947404900096637,0.15295487642288208
2025-09-17,EEM,XGBOOST,0.202776886517197,0.15544065833091736
2025-09-18,EEM,XGBOOST,0.2035070661052091,0.15756011009216309
2025-09-19,EEM,XGBOOST,0.20320061924036056,0.16613170504570007
2025-09-22,EEM,XGBOOST,0.207636201537855,0.17155666649341583
2025-09-23,EEM,XGBOOST,0.21247717746230554,0.17548581957817078
2025-09-24,EEM,XGBOOST,0.21199226130445045,0.16746973991394043
2025-09-25,EEM,XGBOOST,0.2120372361845612,0.16956987977027893
2025-09-26,EEM,XGBOOST,0.21220833294101096,0.17747697234153748
2025-09-29,EEM,XGBOOST,0.21315087458209794,0.17229138314723969
2025-09-30,EEM,XGBOOST,0.21326222600165257,0.18822483718395233
2025-10-01,EEM,XGBOOST,0.21264149376041921,0.20534050464630127
2025-10-02,EEM,XGBOOST,0.21682799450905177,0.20644129812717438
2025-10-03,EEM,XGBOOST,0.2170893304487253,0.1690724790096283
2025-10-06,EEM,XGBOOST,0.21755208612695062,0.16082227230072021
2025-10-07,EEM,XGBOOST,0.2264945505838788,0.16953220963478088
2025-10-08,EEM,XGBOOST,0.226958414596971,0.16626746952533722
2025-10-09,EEM,XGBOOST,0.22535518314622618,0.16008935868740082
2025-10-10,EEM,XGBOOST,0.17519333209434684,0.1698535680770874
2025-10-14,EEM,XGBOOST,0.151143908263146,0.17373663187026978
2025-10-15,EEM,XGBOOST,0.14204480879948905,0.1813851296901703
2025-10-16,EEM,XGBOOST,0.14833809866264622,0.17292603850364685
2025-10-17,EEM,XGBOOST,0.14830441180542542,0.14942298829555511
2025-10-20,EEM,XGBOOST,0.14657238940805103,0.1488661915063858
2025-10-21,EEM,XGBOOST,0.14221318777728442,0.15474563837051392
2025-10-22,EEM,XGBOOST,0.1426751310594188,0.148233100771904
2025-10-23,EEM,XGBOOST,0.14594160511558316,0.15245305001735687
2025-10-24,EEM,XGBOOST,0.142930094728084,0.14554083347320557
2025-10-27,EEM,XGBOOST,0.14232138273837114,0.15325360000133514
2025-10-28,EEM,XGBOOST,0.14353716738158367,0.15573810040950775
2025-10-29,EEM,XGBOOST,0.14464777711902177,0.21310554444789886
2025-10-30,EEM,XGBOOST,0.1411635450264078,0.21143239736557007
2025-10-31,EEM,XGBOOST,0.14107703486991627,0.21680711209774017
2025-11-03,EEM,XGBOOST,0.13858741618817963,0.24106112122535706
2025-11-04,EEM,XGBOOST,0.12270300224383467,0.23316282033920288
2025-11-05,EEM,XGBOOST,0.11781141417440433,0.24143415689468384
2025-11-06,EEM,XGBOOST,0.1184392499256659,0.24552680552005768
2025-11-07,EEM,XGBOOST,0.11822468999988361,0.2412760853767395
2025-11-10,EEM,XGBOOST,0.09882959083654988,0.15841642022132874
2025-11-12,EEM,XGBOOST,0.10859506525400633,0.1697663515806198
2025-11-13,EEM,XGBOOST,0.10854961442849798,0.17139653861522675
2025-11-14,EEM,XGBOOST,0.10875666492609536,0.1753484308719635
2025-11-17,EEM,XGBOOST,0.10287089342450052,0.18600532412528992
2025-11-18,EEM,XGBOOST,0.10443124758547728,0.19130641222000122
2025-11-19,EEM,XGBOOST,0.11204214469443108,0.19651350378990173
2025-11-20,EEM,XGBOOST,0.10409662565650442,0.20913264155387878
2025-11-21,EEM,XGBOOST,0.10492888365277835,0.20838867127895355
2025-11-24,EEM,XGBOOST,0.1007270324268152,0.20315277576446533
2025-11-25,EEM,XGBOOST,0.10042726912184399,0.18745344877243042
2025-11-26,EEM,XGBOOST,0.10022762166462042,0.1838596761226654
2025-11-28,EEM,XGBOOST,0.10111222649638613,0.16846026480197906
2025-12-01,EEM,XGBOOST,0.10142276606037798,0.17676740884780884
2025-12-02,EEM,XGBOOST,0.1025693588956767,0.17029953002929688
2025-12-03,EEM,XGBOOST,0.1391100787713649,0.1655348241329193
2025-12-04,EEM,XGBOOST,0.14193246010959054,0.15958116948604584
2025-12-05,EEM,XGBOOST,0.14186634990108005,0.1509522646665573
2025-12-08,EEM,XGBOOST,0.14566499471796895,0.1538316309452057
2025-12-09,EEM,XGBOOST,0.14504242962508324,0.15810967981815338
2025-12-10,EEM,XGBOOST,0.14192538045538264,0.15573091804981232
2025-12-11,EEM,XGBOOST,0.14473696313516138,0.15086129307746887
2025-12-12,EEM,XGBOOST,0.13949493976875108,0.15733537077903748
2025-12-15,EEM,XGBOOST,0.13730484259254186,0.156225323677063
2025-12-16,EEM,XGBOOST,0.1318484393300344,0.15554124116897583
2025-12-17,EEM,XGBOOST,0.12831337824782765,0.17967694997787476
2025-12-18,EEM,XGBOOST,0.13559382049942878,0.1713343858718872
2025-12-19,EEM,XGBOOST,0.1415033898916608,0.1615445464849472
2025-12-22,EEM,XGBOOST,0.14197280378283592,0.17505080997943878
2025-12-23,EEM,XGBOOST,0.14209297596856163,0.16341687738895416
2025-12-24,EEM,XGBOOST,0.1421652876704254,0.16840873658657074
2025-12-26,EEM,XGBOOST,0.15214229074466035,0.16908417642116547
2025-12-29,EEM,XGBOOST,0.14973067815891344,0.16713041067123413
2025-12-30,EEM,XGBOOST,0.15419680365489102,0.16541855037212372
2025-12-31,EEM,XGBOOST,0.1803911646011222,0.17040711641311646
2023-12-28,XLK,XGBOOST,0.19017730423622242,0.15859536826610565
2023-12-29,XLK,XGBOOST,0.1931415947035692,0.15963834524154663
2024-01-02,XLK,XGBOOST,0.18325769622700852,0.15028567612171173
2024-01-03,XLK,XGBOOST,0.1797804980214724,0.14597263932228088
2024-01-04,XLK,XGBOOST,0.17613335030688926,0.16700351238250732
2024-01-05,XLK,XGBOOST,0.1754149405486229,0.18528373539447784
2024-01-08,XLK,XGBOOST,0.1614892849832616,0.17995302379131317
2024-01-09,XLK,XGBOOST,0.1650014850959527,0.1713932901620865
2024-01-10,XLK,XGBOOST,0.1641290993607331,0.13757385313510895
2024-01-11,XLK,XGBOOST,0.16768701821406717,0.133294478058815
2024-01-12,XLK,XGBOOST,0.17275761920031063,0.13504216074943542
2024-01-16,XLK,XGBOOST,0.18767854700968062,0.19204117357730865
2024-01-17,XLK,XGBOOST,0.18746932975739442,0.18733148276805878
2024-01-18,XLK,XGBOOST,0.17740872859495263,0.18715213239192963
2024-01-19,XLK,XGBOOST,0.16402550165589572,0.19463925063610077
2024-01-22,XLK,XGBOOST,0.1677027308409288,0.1911514550447464
2024-01-23,XLK,XGBOOST,0.16831325188488958,0.20072311162948608
2024-01-24,XLK,XGBOOST,0.20363494974751314,0.22084151208400726
2024-01-25,XLK,XGBOOST,0.20343751248425943,0.22062942385673523
2024-01-26,XLK,XGBOOST,0.19854283784311996,0.21379706263542175
2024-01-29,XLK,XGBOOST,0.19616368977966436,0.23327171802520752
2024-01-30,XLK,XGBOOST,0.19444765849488635,0.22644196450710297
2024-01-31,XLK,XGBOOST,0.17940535164564436,0.20768357813358307
2024-02-01,XLK,XGBOOST,0.18463841114435417,0.19190263748168945
2024-02-02,XLK,XGBOOST,0.18253978028604564,0.2034248262643814
2024-02-05,XLK,XGBOOST,0.20606514498218856,0.1996135264635086
2024-02-06,XLK,XGBOOST,0.20657262577670155,0.19967657327651978
2024-02-07,XLK,XGBOOST,0.2086600190862464,0.21697475016117096
2024-02-08,XLK,XGBOOST,0.2164912357014046,0.23170067369937897
2024-02-09,XLK,XGBOOST,0.21133304006097423,0.2255091667175293
2024-02-12,XLK,XGBOOST,0.22141757502989406,0.23464645445346832
2024-02-13,XLK,XGBOOST,0.21561804173662,0.21640613675117493
2024-02-14,XLK,XGBOOST,0.21302849416509592,0.21491606533527374
2024-02-15,XLK,XGBOOST,0.22045815134547747,0.20505088567733765
2024-02-16,XLK,XGBOOST,0.21805560327159254,0.1953502744436264
2024-02-20,XLK,XGBOOST,0.21436913336143812,0.19485296308994293
2024-02-21,XLK,XGBOOST,0.2145961005353567,0.20503050088882446
2024-02-22,XLK,XGBOOST,0.18398794171925295,0.19506078958511353
2024-02-23,XLK,XGBOOST,0.18357776831802428,0.2004348486661911
2024-02-26,XLK,XGBOOST,0.18567907744772832,0.19615617394447327
2024-02-27,XLK,XGBOOST,0.18650642458796213,0.18571653962135315
2024-02-28,XLK,XGBOOST,0.1860678175661057,0.1905050426721573
2024-02-29,XLK,XGBOOST,0.18251005566714606,0.18763022124767303
2024-03-01,XLK,XGBOOST,0.17050664121868922,0.19645218551158905
2024-03-04,XLK,XGBOOST,0.17365288104170518,0.20306318998336792
2024-03-05,XLK,XGBOOST,0.14885586340590243,0.20020517706871033
2024-03-06,XLK,XGBOOST,0.15701598965517669,0.19434328377246857
2024-03-07,XLK,XGBOOST,0.15178247800404596,0.2002742886543274
2024-03-08,XLK,XGBOOST,0.14239423744996493,0.19138111174106598
2024-03-11,XLK,XGBOOST,0.14321649954057863,0.18937194347381592
2024-03-12,XLK,XGBOOST,0.12855772962504408,0.19507595896720886
2024-03-13,XLK,XGBOOST,0.14386237419589035,0.1908733993768692
2024-03-14,XLK,XGBOOST,0.15521001813185148,0.18499736487865448
2024-03-15,XLK,XGBOOST,0.16065729907653115,0.1990491896867752
2024-03-18,XLK,XGBOOST,0.15940595120176423,0.22066213190555573
2024-03-19,XLK,XGBOOST,0.16436496171308676,0.21960137784481049
2024-03-20,XLK,XGBOOST,0.15976734048318128,0.21929071843624115
2024-03-21,XLK,XGBOOST,0.1706323525113834,0.21780039370059967
2024-03-22,XLK,XGBOOST,0.17632911131490717,0.2174897938966751
2024-03-25,XLK,XGBOOST,0.1878121669437521,0.2321212738752365
2024-03-26,XLK,XGBOOST,0.18952385549231696,0.22447796165943146
2024-03-27,XLK,XGBOOST,0.18747154047508016,0.1972954124212265
2024-03-28,XLK,XGBOOST,0.19392540258959334,0.2159329205751419
2024-04-01,XLK,XGBOOST,0.19450087660528462,0.25769588351249695
2024-04-02,XLK,XGBOOST,0.20590491393487648,0.2674119472503662
2024-04-03,XLK,XGBOOST,0.2066316466578206,0.2665553390979767
2024-04-04,XLK,XGBOOST,0.20990353993708577,0.30391553044319153
2024-04-05,XLK,XGBOOST,0.2300628334262428,0.3025215268135071
2024-04-08,XLK,XGBOOST,0.23438496559604852,0.2908760607242584
2024-04-09,XLK,XGBOOST,0.23372750833702527,0.2933756709098816
2024-04-10,XLK,XGBOOST,0.22990898013597755,0.2906937003135681
2024-04-11,XLK,XGBOOST,0.21775769915308155,0.3049720227718353
2024-04-12,XLK,XGBOOST,0.21051889015613817,0.21614590287208557
2024-04-15,XLK,XGBOOST,0.19834965446697952,0.2553359568119049
2024-04-16,XLK,XGBOOST,0.2001746894078825,0.22462409734725952
2024-04-17,XLK,XGBOOST,0.2034207630551422,0.24995890259742737
2024-04-18,XLK,XGBOOST,0.19753182747858902,0.26637592911720276
2024-04-19,XLK,XGBOOST,0.1766631249339172,0.25365328788757324
2024-04-22,XLK,XGBOOST,0.17780134548496315,0.24161027371883392
2024-04-23,XLK,XGBOOST,0.17426389900663317,0.24306675791740417
2024-04-24,XLK,XGBOOST,0.17440646120376985,0.18789997696876526
2024-04-25,XLK,XGBOOST,0.17853477343326316,0.1862562596797943
2024-04-26,XLK,XGBOOST,0.1772642979349741,0.1875627487897873
2024-04-29,XLK,XGBOOST,0.17726120071264076,0.19452427327632904
2024-04-30,XLK,XGBOOST,0.1537891304179741,0.19014038145542145
2024-05-01,XLK,XGBOOST,0.17529790252183608,0.18551290035247803
2024-05-02,XLK,XGBOOST,0.17099977160189617,0.19027338922023773
2024-05-03,XLK,XGBOOST,0.14501005343084988,0.20114383101463318
2024-05-06,XLK,XGBOOST,0.14041424456501422,0.1854790896177292
2024-05-07,XLK,XGBOOST,0.15670208030152116,0.19208241999149323
2024-05-08,XLK,XGBOOST,0.15818575873971633,0.2040749490261078
2024-05-09,XLK,XGBOOST,0.15785775394273127,0.19925516843795776
2024-05-10,XLK,XGBOOST,0.1578013207648465,0.1911119520664215
2024-05-13,XLK,XGBOOST,0.16754233532791604,0.19739016890525818
2024-05-14,XLK,XGBOOST,0.17934421165260725,0.20521067082881927
2024-05-15,XLK,XGBOOST,0.1665784522334347,0.18796305358409882
2024-05-16,XLK,XGBOOST,0.16473647782259937,0.1879374086856842
2024-05-17,XLK,XGBOOST,0.1681508704201251,0.2001447230577469
2024-05-20,XLK,XGBOOST,0.16618821601186357,0.19705840945243835
2024-05-21,XLK,XGBOOST,0.17459145993118105,0.19850780069828033
2024-05-22,XLK,XGBOOST,0.17545182918503624,0.19948118925094604
2024-05-23,XLK,XGBOOST,0.19801161321366456,0.19457760453224182
2024-05-24,XLK,XGBOOST,0.20501592800256385,0.17866773903369904
2024-05-28,XLK,XGBOOST,0.20535561941612335,0.20131844282150269
2024-05-29,XLK,XGBOOST,0.20291429473603223,0.18435876071453094
2024-05-30,XLK,XGBOOST,0.17928862103591042,0.208598792552948
2024-05-31,XLK,XGBOOST,0.17953156489656893,0.20595592260360718
2024-06-03,XLK,XGBOOST,0.1794482946379969,0.2064177244901657
2024-06-04,XLK,XGBOOST,0.1820940702665558,0.1852325052022934
2024-06-05,XLK,XGBOOST,0.17049861153093868,0.18317900598049164
2024-06-06,XLK,XGBOOST,0.16858264131706616,0.18411894142627716
2024-06-07,XLK,XGBOOST,0.16945891132820345,0.19721083343029022
2024-06-10,XLK,XGBOOST,0.1730769792394909,0.20078817009925842
2024-06-11,XLK,XGBOOST,0.19575693376740108,0.1857527196407318
2024-06-12,XLK,XGBOOST,0.1839049276045375,0.18443667888641357
2024-06-13,XLK,XGBOOST,0.18258749733399274,0.18736818432807922
2024-06-14,XLK,XGBOOST,0.18326148493362937,0.18869872391223907
2024-06-17,XLK,XGBOOST,0.22675670593115377,0.19112065434455872
2024-06-18,XLK,XGBOOST,0.22661376414290132,0.1905568540096283
2024-06-20,XLK,XGBOOST,0.2297215446326276,0.186555877327919
2024-06-21,XLK,XGBOOST,0.24636527849351772,0.16908441483974457
2024-06-24,XLK,XGBOOST,0.2295203496454736,0.15700390934944153
2024-06-25,XLK,XGBOOST,0.2656387838960252,0.17133641242980957
2024-06-26,XLK,XGBOOST,0.2672231004152624,0.16946306824684143
2024-06-27,XLK,XGBOOST,0.27265908892908575,0.17309333384037018
2024-06-28,XLK,XGBOOST,0.27268120573136223,0.1744212955236435
2024-07-01,XLK,XGBOOST,0.28161704669785753,0.19136841595172882
2024-07-02,XLK,XGBOOST,0.3238867748468868,0.1940547078847885
2024-07-03,XLK,XGBOOST,0.34175771177087483,0.19948755204677582
2024-07-05,XLK,XGBOOST,0.3503125717345018,0.20577740669250488
2024-07-08,XLK,XGBOOST,0.3595522452166159,0.21596555411815643
2024-07-09,XLK,XGBOOST,0.36710977144104306,0.2210269719362259
2024-07-10,XLK,XGBOOST,0.3586055803537452,0.22209200263023376
2024-07-11,XLK,XGBOOST,0.3881405520389249,0.19989906251430511
2024-07-12,XLK,XGBOOST,0.3861773220596223,0.20742014050483704
2024-07-15,XLK,XGBOOST,0.3886148883813529,0.20642495155334473
2024-07-16,XLK,XGBOOST,0.40952699820285837,0.21595001220703125
2024-07-17,XLK,XGBOOST,0.3888133195816389,0.19038832187652588
2024-07-18,XLK,XGBOOST,0.4036530820905716,0.18051321804523468
2024-07-19,XLK,XGBOOST,0.3997774864953019,0.19290684163570404
2024-07-22,XLK,XGBOOST,0.3950866447055646,0.20191620290279388
2024-07-23,XLK,XGBOOST,0.3950306918868071,0.2010858803987503
2024-07-24,XLK,XGBOOST,0.36268832660410005,0.22327286005020142
2024-07-25,XLK,XGBOOST,0.3712402698997657,0.221469447016716
2024-07-26,XLK,XGBOOST,0.3728042509201538,0.22159968316555023
2024-07-29,XLK,XGBOOST,0.37572474898468,0.2264438420534134
2024-07-30,XLK,XGBOOST,0.3623419923978395,0.2196618914604187
2024-07-31,XLK,XGBOOST,0.3365620320030112,0.21535508334636688
2024-08-01,XLK,XGBOOST,0.3074738707099212,0.23922975361347198
2024-08-02,XLK,XGBOOST,0.28837880278687994,0.2743496298789978
2024-08-05,XLK,XGBOOST,0.3137283447905797,0.4565022885799408
2024-08-06,XLK,XGBOOST,0.3117863824670119,0.35683026909828186
2024-08-07,XLK,XGBOOST,0.30444667271146636,0.3540073335170746
2024-08-08,XLK,XGBOOST,0.29380466666094734,0.28279823064804077
2024-08-09,XLK,XGBOOST,0.2992051307213315,0.2596876919269562
2024-08-12,XLK,XGBOOST,0.302438247534611,0.2550865411758423
2024-08-13,XLK,XGBOOST,0.3069033391427574,0.21794460713863373
2024-08-14,XLK,XGBOOST,0.3076096006388352,0.21357658505439758
2024-08-15,XLK,XGBOOST,0.2908064199004398,0.21544720232486725
2024-08-16,XLK,XGBOOST,0.2910071199697552,0.19787655770778656
2024-08-19,XLK,XGBOOST,0.2841992535346821,0.2426634430885315
2024-08-20,XLK,XGBOOST,0.28548242635969934,0.2618682384490967
2024-08-21,XLK,XGBOOST,0.30502216596663234,0.26160919666290283
2024-08-22,XLK,XGBOOST,0.29352693411100345,0.2663367688655853
2024-08-23,XLK,XGBOOST,0.2876926585923451,0.2576791048049927
2024-08-26,XLK,XGBOOST,0.28493659471527927,0.2582741975784302
2024-08-27,XLK,XGBOOST,0.28436021895033103,0.25151729583740234
2024-08-28,XLK,XGBOOST,0.28242489311917623,0.25086158514022827
2024-08-29,XLK,XGBOOST,0.28258523388281603,0.2518270015716553
2024-08-30,XLK,XGBOOST,0.27943191390719835,0.2278767079114914
2024-09-03,XLK,XGBOOST,0.23605353037126636,0.2673337757587433
2024-09-04,XLK,XGBOOST,0.23590091942070351,0.28141486644744873
2024-09-05,XLK,XGBOOST,0.235340156678809,0.2738407254219055
2024-09-06,XLK,XGBOOST,0.2091639704657299,0.2989746630191803
2024-09-09,XLK,XGBOOST,0.20890365980111805,0.2672554552555084
2024-09-10,XLK,XGBOOST,0.21183047715476644,0.27302905917167664
2024-09-11,XLK,XGBOOST,0.18351920973019378,0.2563599944114685
2024-09-12,XLK,XGBOOST,0.1827645148844364,0.24965298175811768
2024-09-13,XLK,XGBOOST,0.182551278611858,0.24704277515411377
2024-09-16,XLK,XGBOOST,0.18468616562230064,0.24973344802856445
2024-09-17,XLK,XGBOOST,0.20511846561489822,0.23657459020614624
2024-09-18,XLK,XGBOOST,0.20066477462144727,0.25154799222946167
2024-09-19,XLK,XGBOOST,0.1747527996073698,0.23997610807418823
2024-09-20,XLK,XGBOOST,0.1732135392511658,0.25468626618385315
2024-09-23,XLK,XGBOOST,0.17328095155074055,0.21393319964408875
2024-09-24,XLK,XGBOOST,0.17273371991330677,0.21659807860851288
2024-09-25,XLK,XGBOOST,0.18196628669711426,0.22142721712589264
2024-09-26,XLK,XGBOOST,0.17638213459188148,0.22803516685962677
2024-09-27,XLK,XGBOOST,0.17320985748418735,0.23894913494586945
2024-09-30,XLK,XGBOOST,0.17314725815788498,0.24186764657497406
2024-10-01,XLK,XGBOOST,0.14945958198550746,0.24312077462673187
2024-10-02,XLK,XGBOOST,0.16263265864040544,0.23740892112255096
2024-10-03,XLK,XGBOOST,0.2027565161808863,0.26776155829429626
2024-10-04,XLK,XGBOOST,0.20051882827423917,0.2741031348705292
2024-10-07,XLK,XGBOOST,0.1990184771588586,0.2722800076007843
2024-10-08,XLK,XGBOOST,0.1940178660533972,0.2611542344093323
2024-10-09,XLK,XGBOOST,0.21532749515052044,0.24385158717632294
2024-10-10,XLK,XGBOOST,0.2232422835076777,0.24397917091846466
2024-10-11,XLK,XGBOOST,0.22342856396641944,0.24144963920116425
2024-10-15,XLK,XGBOOST,0.2034017728210674,0.22875937819480896
2024-10-16,XLK,XGBOOST,0.20410058844335474,0.2399793118238449
2024-10-17,XLK,XGBOOST,0.20464332872228,0.23214033246040344
2024-10-18,XLK,XGBOOST,0.22420413170342265,0.22333046793937683
2024-10-21,XLK,XGBOOST,0.22382471563304185,0.2491699606180191
2024-10-22,XLK,XGBOOST,0.22593060670599383,0.238926962018013
2024-10-23,XLK,XGBOOST,0.2195533716860233,0.22375909984111786
2024-10-24,XLK,XGBOOST,0.22203803646243403,0.2180776298046112
2024-10-25,XLK,XGBOOST,0.2214750098557283,0.21363893151283264
2024-10-28,XLK,XGBOOST,0.2214610353936619,0.20833568274974823
2024-10-29,XLK,XGBOOST,0.21706724359002522,0.19679151475429535
2024-10-30,XLK,XGBOOST,0.2148355868241238,0.19699925184249878
2024-10-31,XLK,XGBOOST,0.17757739068604025,0.223111093044281
2024-11-01,XLK,XGBOOST,0.17844213942938958,0.22872982919216156
2024-11-04,XLK,XGBOOST,0.17801772802919266,0.21863184869289398
2024-11-05,XLK,XGBOOST,0.18201629796921884,0.18830986320972443
2024-11-06,XLK,XGBOOST,0.15800351346057856,0.19343744218349457
2024-11-07,XLK,XGBOOST,0.14687495644896864,0.18064482510089874
2024-11-08,XLK,XGBOOST,0.1490210352669321,0.17339955270290375
2024-11-12,XLK,XGBOOST,0.16445487312648624,0.1756630539894104
2024-11-13,XLK,XGBOOST,0.1653428148019244,0.17500145733356476
2024-11-14,XLK,XGBOOST,0.1651411853747068,0.1712564378976822
2024-11-15,XLK,XGBOOST,0.13603391325882178,0.17645637691020966
2024-11-18,XLK,XGBOOST,0.139518044340481,0.16840720176696777
2024-11-19,XLK,XGBOOST,0.1848307143618201,0.1618684083223343
2024-11-20,XLK,XGBOOST,0.1848113160848748,0.16513583064079285
2024-11-21,XLK,XGBOOST,0.18883286395718987,0.17030790448188782
2024-11-22,XLK,XGBOOST,0.1921471249932224,0.16757480800151825
2024-11-25,XLK,XGBOOST,0.19485774037430204,0.15779143571853638
2024-11-26,XLK,XGBOOST,0.19444657468650145,0.15673600137233734
2024-11-27,XLK,XGBOOST,0.1941892340145744,0.155247300863266
2024-11-29,XLK,XGBOOST,0.19801885458900775,0.15484921634197235
2024-12-02,XLK,XGBOOST,0.1971150192658412,0.18233658373355865
2024-12-03,XLK,XGBOOST,0.19654700765783165,0.1826549470424652
2024-12-04,XLK,XGBOOST,0.19413768883628532,0.18573389947414398
2024-12-05,XLK,XGBOOST,0.19938034893949882,0.1829635351896286
2024-12-06,XLK,XGBOOST,0.21098023381519906,0.18374940752983093
2024-12-09,XLK,XGBOOST,0.21011000734151392,0.1815563589334488
2024-12-10,XLK,XGBOOST,0.21848130487336462,0.18136663734912872
2024-12-11,XLK,XGBOOST,0.2109919214466846,0.18618297576904297
2024-12-12,XLK,XGBOOST,0.2114280436964645,0.17803692817687988
2024-12-13,XLK,XGBOOST,0.2243083592501652,0.17490306496620178
2024-12-16,XLK,XGBOOST,0.2212543213230051,0.2134981006383896
2024-12-17,XLK,XGBOOST,0.2294359556342988,0.21970151364803314
2024-12-18,XLK,XGBOOST,0.19859284295292187,0.22076623141765594
2024-12-19,XLK,XGBOOST,0.2126744090815702,0.21156175434589386
2024-12-20,XLK,XGBOOST,0.2071869847902291,0.1773127168416977
2024-12-23,XLK,XGBOOST,0.2081949958429284,0.17522068321704865
2024-12-24,XLK,XGBOOST,0.2709803546645421,0.1510230302810669
2024-12-26,XLK,XGBOOST,0.2899363751909057,0.15899132192134857
2024-12-27,XLK,XGBOOST,0.2876788715228637,0.16918954253196716
2024-12-30,XLK,XGBOOST,0.2845458296772738,0.17654435336589813
2024-12-31,XLK,XGBOOST,0.2837734716652637,0.18288591504096985
2025-01-02,XLK,XGBOOST,0.2875778744614524,0.18214555084705353
2025-01-03,XLK,XGBOOST,0.28618264069888544,0.16990473866462708
2025-01-06,XLK,XGBOOST,0.2869437198164755,0.16908670961856842
2025-01-07,XLK,XGBOOST,0.27789429331036347,0.1788860410451889
2025-01-08,XLK,XGBOOST,0.27964123996690765,0.17593801021575928
2025-01-10,XLK,XGBOOST,0.27179854430537864,0.18708623945713043
2025-01-13,XLK,XGBOOST,0.2699039863319875,0.19594885408878326
2025-01-14,XLK,XGBOOST,0.2702856716397319,0.17867057025432587
2025-01-15,XLK,XGBOOST,0.26603046516911383,0.18074408173561096
2025-01-16,XLK,XGBOOST,0.2638531132468542,0.19548754394054413
2025-01-17,XLK,XGBOOST,0.2604365058185233,0.19290921092033386
2025-01-21,XLK,XGBOOST,0.2593032878382711,0.1949765682220459
2025-01-22,XLK,XGBOOST,0.24737619259645152,0.17907671630382538
2025-01-23,XLK,XGBOOST,0.2656943742798531,0.18363234400749207
2025-01-24,XLK,XGBOOST,0.2678232607696681,0.1725882589817047
2025-01-27,XLK,XGBOOST,0.2029707711241893,0.23363912105560303
2025-01-28,XLK,XGBOOST,0.18300348404747047,0.24183882772922516
2025-01-29,XLK,XGBOOST,0.22328772986767395,0.2491932213306427
2025-01-30,XLK,XGBOOST,0.2293759146840158,0.2292718142271042
2025-01-31,XLK,XGBOOST,0.25185906872144465,0.23983362317085266
2025-02-03,XLK,XGBOOST,0.2486124905668286,0.23810020089149475
2025-02-04,XLK,XGBOOST,0.24831033549077958,0.23016364872455597
2025-02-05,XLK,XGBOOST,0.2572150787919628,0.1921793520450592
2025-02-06,XLK,XGBOOST,0.2645828769704918,0.19037817418575287
2025-02-07,XLK,XGBOOST,0.2998729662082451,0.19988258183002472
2025-02-10,XLK,XGBOOST,0.29068624544249033,0.1869749128818512
2025-02-11,XLK,XGBOOST,0.3001597866383355,0.1981024593114853
2025-02-12,XLK,XGBOOST,0.30369774519022713,0.1866621971130371
2025-02-13,XLK,XGBOOST,0.3222902349952679,0.17057304084300995
2025-02-14,XLK,XGBOOST,0.3238454990143377,0.19081026315689087
2025-02-18,XLK,XGBOOST,0.32095570461585593,0.19648873805999756
2025-02-19,XLK,XGBOOST,0.32767786556316103,0.2058836966753006
2025-02-20,XLK,XGBOOST,0.3275323722211003,0.20988495647907257
2025-02-21,XLK,XGBOOST,0.31891528324368,0.198341965675354
2025-02-24,XLK,XGBOOST,0.327099901840352,0.19727617502212524
2025-02-25,XLK,XGBOOST,0.32558846628276306,0.21158303320407867
2025-02-26,XLK,XGBOOST,0.32942655248864966,0.1908503621816635
2025-02-27,XLK,XGBOOST,0.3061892506167978,0.23170730471611023
2025-02-28,XLK,XGBOOST,0.30993385433536025,0.23964662849903107
2025-03-03,XLK,XGBOOST,0.2938938530901598,0.25703075528144836
2025-03-04,XLK,XGBOOST,0.29600907714353614,0.27438676357269287
2025-03-05,XLK,XGBOOST,0.29209214855113164,0.24283209443092346
2025-03-06,XLK,XGBOOST,0.3699046390877445,0.31322595477104187
2025-03-07,XLK,XGBOOST,0.4249417315243077,0.2552309036254883
2025-03-10,XLK,XGBOOST,0.4076031282990205,0.27939823269844055
2025-03-11,XLK,XGBOOST,0.4104896805012934,0.3337397277355194
2025-03-12,XLK,XGBOOST,0.623769951932061,0.2842083275318146
2025-03-13,XLK,XGBOOST,0.64222869426309,0.27290329337120056
2025-03-14,XLK,XGBOOST,0.6366006723590252,0.2819558382034302
2025-03-17,XLK,XGBOOST,0.6371208875363282,0.27225860953330994
2025-03-18,XLK,XGBOOST,0.6360382350151029,0.27571234107017517
2025-03-19,XLK,XGBOOST,0.6434191524122194,0.26846247911453247
2025-03-20,XLK,XGBOOST,0.6433740147788916,0.2523510456085205
2025-03-21,XLK,XGBOOST,0.6469556863236505,0.25044819712638855
2025-03-24,XLK,XGBOOST,0.6499718151684777,0.22864943742752075
2025-03-25,XLK,XGBOOST,0.6609459988300797,0.22089065611362457
2025-03-26,XLK,XGBOOST,0.673234694536318,0.22563837468624115
2025-03-27,XLK,XGBOOST,0.6751354456601647,0.20532718300819397
2025-03-28,XLK,XGBOOST,0.6692825804610718,0.23982246220111847
2025-03-31,XLK,XGBOOST,0.6694510145952446,0.2276115119457245
2025-04-01,XLK,XGBOOST,0.6691300545328007,0.2187584489583969
2025-04-02,XLK,XGBOOST,0.6705977206994674,0.2198725789785385
2025-04-03,XLK,XGBOOST,0.6165157180717699,0.2614918351173401
2025-04-04,XLK,XGBOOST,0.5546252684113007,0.5299843549728394
2025-04-07,XLK,XGBOOST,0.5577530002162439,0.49302518367767334
2025-04-08,XLK,XGBOOST,0.5477449433222153,0.5227483510971069
2025-04-09,XLK,XGBOOST,0.3316548465870125,0.4054781496524811
2025-04-10,XLK,XGBOOST,0.27267786958251927,0.43823662400245667
2025-04-11,XLK,XGBOOST,0.3033637209148643,0.38409367203712463
2025-04-14,XLK,XGBOOST,0.30764587790028747,0.35816341638565063
2025-04-15,XLK,XGBOOST,0.307337087241877,0.34122759103775024
2025-04-16,XLK,XGBOOST,0.2637056605721554,0.40538838505744934
2025-04-17,XLK,XGBOOST,0.25946416999829575,0.3320707082748413
2025-04-21,XLK,XGBOOST,0.22672686379648235,0.27335894107818604
2025-04-22,XLK,XGBOOST,0.22710806513924534,0.2847203314304352
2025-04-23,XLK,XGBOOST,0.23717297678614052,0.28514522314071655
2025-04-24,XLK,XGBOOST,0.21127926173225844,0.2786480188369751
2025-04-25,XLK,XGBOOST,0.21617847343330235,0.27977171540260315
2025-04-28,XLK,XGBOOST,0.22535845005607352,0.2878821790218353
2025-04-29,XLK,XGBOOST,0.22793041881348838,0.2855803668498993
2025-04-30,XLK,XGBOOST,0.22822476716156312,0.28895261883735657
2025-05-01,XLK,XGBOOST,0.2269293486351736,0.295101523399353
2025-05-02,XLK,XGBOOST,0.22286964428326386,0.266202449798584
2025-05-05,XLK,XGBOOST,0.22365431848475623,0.2779867947101593
2025-05-06,XLK,XGBOOST,0.21875153946001694,0.2943998873233795
2025-05-07,XLK,XGBOOST,0.2197218330170656,0.2721990644931793
2025-05-08,XLK,XGBOOST,0.2196917621082157,0.2746873199939728
2025-05-09,XLK,XGBOOST,0.2186447954836854,0.28359436988830566
2025-05-12,XLK,XGBOOST,0.1579050852638747,0.25484028458595276
2025-05-13,XLK,XGBOOST,0.1425730086534463,0.266107439994812
2025-05-14,XLK,XGBOOST,0.14414686075949368,0.2595946490764618
2025-05-15,XLK,XGBOOST,0.15480484795397403,0.2637198567390442
2025-05-16,XLK,XGBOOST,0.16378974901562707,0.2672266364097595
2025-05-19,XLK,XGBOOST,0.1664416066468868,0.26653194427490234
2025-05-20,XLK,XGBOOST,0.16532098409965865,0.2633158266544342
2025-05-21,XLK,XGBOOST,0.14845095234951322,0.26812872290611267
2025-05-22,XLK,XGBOOST,0.1515120574038486,0.2721593677997589
2025-05-23,XLK,XGBOOST,0.15069172161056066,0.2756766974925995
2025-05-27,XLK,XGBOOST,0.133970748011099,0.2917434275150299
2025-05-28,XLK,XGBOOST,0.13115388877219894,0.3010268807411194
2025-05-29,XLK,XGBOOST,0.13227933506696415,0.291109561920166
2025-05-30,XLK,XGBOOST,0.13091667682612645,0.27082470059394836
2025-06-02,XLK,XGBOOST,0.13850027607639956,0.2767643928527832
2025-06-03,XLK,XGBOOST,0.13464204579932304,0.27059370279312134
2025-06-04,XLK,XGBOOST,0.1384777342003917,0.2405402958393097
2025-06-05,XLK,XGBOOST,0.1430479737671873,0.24282334744930267
2025-06-06,XLK,XGBOOST,0.14170466251653965,0.24643878638744354
2025-06-09,XLK,XGBOOST,0.14187939377712733,0.2437783181667328
2025-06-10,XLK,XGBOOST,0.14386096950666602,0.2288552224636078
2025-06-11,XLK,XGBOOST,0.14518984120073478,0.23582381010055542
2025-06-12,XLK,XGBOOST,0.14403771321108533,0.23776847124099731
2025-06-13,XLK,XGBOOST,0.13093100733251936,0.21583901345729828
2025-06-16,XLK,XGBOOST,0.12274445716918132,0.2252882570028305
2025-06-17,XLK,XGBOOST,0.11804861933997568,0.2281966656446457
2025-06-18,XLK,XGBOOST,0.11881465955881484,0.2203570306301117
2025-06-20,XLK,XGBOOST,0.11514815274869146,0.2171092927455902
2025-06-23,XLK,XGBOOST,0.12134792574318003,0.20817029476165771
2025-06-24,XLK,XGBOOST,0.10899442491830377,0.19981050491333008
2025-06-25,XLK,XGBOOST,0.10694734605730775,0.20574413239955902
2025-06-26,XLK,XGBOOST,0.10560929327193173,0.21131913363933563
2025-06-27,XLK,XGBOOST,0.10677141439620072,0.2028249353170395
2025-06-30,XLK,XGBOOST,0.10363646919074955,0.19825410842895508
2025-07-01,XLK,XGBOOST,0.09504707995404785,0.21326111257076263
2025-07-02,XLK,XGBOOST,0.09662752210287232,0.2059028595685959
2025-07-03,XLK,XGBOOST,0.11919249694682812,0.21538175642490387
2025-07-07,XLK,XGBOOST,0.13485313797809648,0.21763722598552704
2025-07-08,XLK,XGBOOST,0.1382480188577929,0.2170301377773285
2025-07-09,XLK,XGBOOST,0.1420565195353961,0.20929676294326782
2025-07-10,XLK,XGBOOST,0.14114766297707537,0.18521884083747864
2025-07-11,XLK,XGBOOST,0.1427491218434356,0.24447137117385864
2025-07-14,XLK,XGBOOST,0.14581596541586753,0.25336331129074097
2025-07-15,XLK,XGBOOST,0.1518121868719499,0.2554234564304352
2025-07-16,XLK,XGBOOST,0.1518490744163312,0.25347304344177246
2025-07-17,XLK,XGBOOST,0.149980126184231,0.24872852861881256
2025-07-18,XLK,XGBOOST,0.15315843269943774,0.24779151380062103
2025-07-21,XLK,XGBOOST,0.15321579280694309,0.2457863986492157
2025-07-22,XLK,XGBOOST,0.16311864465172055,0.2766990661621094
2025-07-23,XLK,XGBOOST,0.1638995949970942,0.2755947411060333
2025-07-24,XLK,XGBOOST,0.16353295222886607,0.3278430104255676
2025-07-25,XLK,XGBOOST,0.17069504102394434,0.30507132411003113
2025-07-28,XLK,XGBOOST,0.16828504138232478,0.30636295676231384
2025-07-29,XLK,XGBOOST,0.16921880976224962,0.3084815740585327
2025-07-30,XLK,XGBOOST,0.17018711248345839,0.30166128277778625
2025-07-31,XLK,XGBOOST,0.17009271741745263,0.30601105093955994
2025-08-01,XLK,XGBOOST,0.16013322781404538,0.3285093605518341
2025-08-04,XLK,XGBOOST,0.14789547143539006,0.33208033442497253
2025-08-05,XLK,XGBOOST,0.14653516918332163,0.3408094048500061
2025-08-06,XLK,XGBOOST,0.14192668477321574,0.3032270073890686
2025-08-07,XLK,XGBOOST,0.1419200098586677,0.29728955030441284
2025-08-08,XLK,XGBOOST,0.13986054603589476,0.3010430932044983
2025-08-11,XLK,XGBOOST,0.13782352961704245,0.3023751378059387
2025-08-12,XLK,XGBOOST,0.14185816298926862,0.2987379729747772
2025-08-13,XLK,XGBOOST,0.1422581386921318,0.2719568610191345
2025-08-14,XLK,XGBOOST,0.141983618723539,0.2626643776893616
2025-08-15,XLK,XGBOOST,0.1414853606590154,0.2554841637611389
2025-08-18,XLK,XGBOOST,0.1425059943042486,0.24717624485492706
2025-08-19,XLK,XGBOOST,0.1256638752257409,0.2447028011083603
2025-08-20,XLK,XGBOOST,0.13238350410033314,0.24290773272514343
2025-08-21,XLK,XGBOOST,0.1321818939746904,0.2555385231971741
2025-08-22,XLK,XGBOOST,0.13335119599971296,0.24595695734024048
2025-08-25,XLK,XGBOOST,0.13902645158776866,0.2582050561904907
2025-08-26,XLK,XGBOOST,0.1430748734865029,0.2499174028635025
2025-08-27,XLK,XGBOOST,0.1436893560025796,0.25948673486709595
2025-08-28,XLK,XGBOOST,0.14233705201983823,0.2489991933107376
2025-08-29,XLK,XGBOOST,0.12608973430011255,0.3010157644748688
2025-09-02,XLK,XGBOOST,0.11564993744970489,0.27053090929985046
2025-09-03,XLK,XGBOOST,0.11721203783183787,0.25520387291908264
2025-09-04,XLK,XGBOOST,0.11725583017801827,0.27373063564300537
2025-09-05,XLK,XGBOOST,0.12138115517330013,0.2147282361984253
2025-09-08,XLK,XGBOOST,0.12269181384410642,0.2087671309709549
2025-09-09,XLK,XGBOOST,0.12848312430122252,0.2083810418844223
2025-09-10,XLK,XGBOOST,0.12764593928796011,0.2071375846862793
2025-09-11,XLK,XGBOOST,0.12908815094265308,0.19173423945903778
2025-09-12,XLK,XGBOOST,0.20545907619992398,0.2085750550031662
2025-09-15,XLK,XGBOOST,0.21932164340255073,0.19268253445625305
2025-09-16,XLK,XGBOOST,0.22503884016700773,0.19389332830905914
2025-09-17,XLK,XGBOOST,0.22594355857112308,0.1885344684123993
2025-09-18,XLK,XGBOOST,0.2191396533884093,0.20804888010025024
2025-09-19,XLK,XGBOOST,0.2168222497216113,0.2382209599018097
2025-09-22,XLK,XGBOOST,0.2142763605572644,0.24380353093147278
2025-09-23,XLK,XGBOOST,0.21125548384138512,0.23276446759700775
2025-09-24,XLK,XGBOOST,0.21345102244619657,0.23261390626430511
2025-09-25,XLK,XGBOOST,0.2167875833452379,0.2319018542766571
2025-09-26,XLK,XGBOOST,0.22199466174447396,0.2362888902425766
2025-09-29,XLK,XGBOOST,0.22879307318984488,0.2330760508775711
2025-09-30,XLK,XGBOOST,0.22989251907186473,0.24712540209293365
2025-10-01,XLK,XGBOOST,0.22913505793373817,0.22370615601539612
2025-10-02,XLK,XGBOOST,0.23558543417113922,0.2363409847021103
2025-10-03,XLK,XGBOOST,0.2340181664980568,0.24975566565990448
2025-10-06,XLK,XGBOOST,0.2324888981883689,0.262145072221756
2025-10-07,XLK,XGBOOST,0.2529304704788027,0.2613356411457062
2025-10-08,XLK,XGBOOST,0.24608225144778623,0.2536618113517761
2025-10-09,XLK,XGBOOST,0.25714895474619887,0.2569104731082916
2025-10-10,XLK,XGBOOST,0.20642119252241972,0.23575031757354736
2025-10-14,XLK,XGBOOST,0.20463339362188365,0.2199820876121521
2025-10-15,XLK,XGBOOST,0.2025861380862069,0.22981911897659302
2025-10-16,XLK,XGBOOST,0.22403714803519156,0.2437630146741867
2025-10-17,XLK,XGBOOST,0.2247180136928731,0.22530794143676758
2025-10-20,XLK,XGBOOST,0.2282052193779597,0.21856717765331268
2025-10-21,XLK,XGBOOST,0.2347105178129929,0.25470688939094543
2025-10-22,XLK,XGBOOST,0.2344407699529342,0.24771946668624878
2025-10-23,XLK,XGBOOST,0.25322461320553197,0.22965143620967865
2025-10-24,XLK,XGBOOST,0.24526381539994094,0.23878709971904755
2025-10-27,XLK,XGBOOST,0.25209973353373266,0.23568755388259888
2025-10-28,XLK,XGBOOST,0.24838216976130986,0.2611088156700134
2025-10-29,XLK,XGBOOST,0.2515705481211885,0.25492608547210693
2025-10-30,XLK,XGBOOST,0.2527085518838855,0.2571580111980438
2025-10-31,XLK,XGBOOST,0.2526244118203502,0.25637781620025635
2025-11-03,XLK,XGBOOST,0.25566681420262427,0.2711029350757599
2025-11-04,XLK,XGBOOST,0.23881711882807918,0.27746620774269104
2025-11-05,XLK,XGBOOST,0.23877037348211513,0.2821882367134094
2025-11-06,XLK,XGBOOST,0.228577651503874,0.27477267384529114
2025-11-07,XLK,XGBOOST,0.2290709071989868,0.2846824824810028
2025-11-10,XLK,XGBOOST,0.21094451407457246,0.24454790353775024
2025-11-12,XLK,XGBOOST,0.20980958228019403,0.24311266839504242
2025-11-13,XLK,XGBOOST,0.2168244010715254,0.2662185728549957
2025-11-14,XLK,XGBOOST,0.21858256229999706,0.2676483392715454
2025-11-17,XLK,XGBOOST,0.21120091446229655,0.3291175663471222
2025-11-18,XLK,XGBOOST,0.21856040001952817,0.32707679271698
2025-11-19,XLK,XGBOOST,0.22405986318577759,0.3194820284843445
2025-11-20,XLK,XGBOOST,0.20091533272111736,0.33677923679351807
2025-11-21,XLK,XGBOOST,0.20107075414196768,0.3079192042350769
2025-11-24,XLK,XGBOOST,0.18639846039374008,0.29399290680885315
2025-11-25,XLK,XGBOOST,0.18639172753653388,0.2868856191635132
2025-11-26,XLK,XGBOOST,0.1829274472898089,0.26887741684913635
2025-11-28,XLK,XGBOOST,0.18229517918525132,0.26245632767677307
2025-12-01,XLK,XGBOOST,0.18289679442921336,0.2679475247859955
2025-12-02,XLK,XGBOOST,0.18318480622028546,0.2530319094657898
2025-12-03,XLK,XGBOOST,0.1831680341716431,0.2639256715774536
2025-12-04,XLK,XGBOOST,0.1828230703462377,0.2388557493686676
2025-12-05,XLK,XGBOOST,0.18790734064163475,0.23632529377937317
2025-12-08,XLK,XGBOOST,0.1861359981602008,0.24376657605171204
2025-12-09,XLK,XGBOOST,0.19358543364581307,0.2423088103532791
2025-12-10,XLK,XGBOOST,0.19922522661635889,0.22783033549785614
2025-12-11,XLK,XGBOOST,0.19934216027292834,0.21952177584171295
2025-12-12,XLK,XGBOOST,0.16766894045714378,0.22667571902275085
2025-12-15,XLK,XGBOOST,0.17002055810121733,0.22303037345409393
2025-12-16,XLK,XGBOOST,0.1706940871354458,0.21708424389362335
2025-12-17,XLK,XGBOOST,0.14628521027551092,0.24937781691551208
2025-12-18,XLK,XGBOOST,0.16974981749053386,0.24594800174236298
2025-12-19,XLK,XGBOOST,0.15896218949661703,0.24435915052890778
2025-12-22,XLK,XGBOOST,0.16006786026224865,0.22970151901245117
2025-12-23,XLK,XGBOOST,0.15886520984744212,0.21983325481414795
2025-12-24,XLK,XGBOOST,0.16061459512897935,0.2206702083349228
2025-12-26,XLK,XGBOOST,0.1675565008893194,0.22847110033035278
2025-12-29,XLK,XGBOOST,0.16842642125256294,0.21494576334953308
2025-12-30,XLK,XGBOOST,0.17855870991954967,0.21797126531600952
2025-12-31,XLK,XGBOOST,0.19038483834560352,0.22707583010196686
2023-12-28,XLF,XGBOOST,0.08857378661605272,0.18476933240890503
2023-12-29,XLF,XGBOOST,0.09527604863804177,0.2001853734254837
2024-01-02,XLF,XGBOOST,0.10771831314921104,0.17888092994689941
2024-01-03,XLF,XGBOOST,0.10128419695479328,0.17662161588668823
2024-01-04,XLF,XGBOOST,0.10131787245055474,0.17670689523220062
2024-01-05,XLF,XGBOOST,0.10445862344742325,0.1812106966972351
2024-01-08,XLF,XGBOOST,0.10281755456521229,0.18214726448059082
2024-01-09,XLF,XGBOOST,0.10122998703488713,0.18306484818458557
2024-01-10,XLF,XGBOOST,0.10318422028456495,0.16731934249401093
2024-01-11,XLF,XGBOOST,0.10138989638038541,0.17771519720554352
2024-01-12,XLF,XGBOOST,0.10085561926680861,0.17493480443954468
2024-01-16,XLF,XGBOOST,0.11106396743328398,0.17228195071220398
2024-01-17,XLF,XGBOOST,0.11335630703783328,0.1524113565683365
2024-01-18,XLF,XGBOOST,0.12453637008061227,0.15596240758895874
2024-01-19,XLF,XGBOOST,0.11698679831235619,0.17222250998020172
2024-01-22,XLF,XGBOOST,0.1178583533328391,0.15630458295345306
2024-01-23,XLF,XGBOOST,0.11793212089534327,0.19494518637657166
2024-01-24,XLF,XGBOOST,0.12267561876417268,0.19021524488925934
2024-01-25,XLF,XGBOOST,0.12268413588365483,0.2039022147655487
2024-01-26,XLF,XGBOOST,0.12519761312199665,0.19271093606948853
2024-01-29,XLF,XGBOOST,0.12521105837731464,0.15420760214328766
2024-01-30,XLF,XGBOOST,0.11895077466199148,0.15335369110107422
2024-01-31,XLF,XGBOOST,0.10774912247917934,0.14792992174625397
2024-02-01,XLF,XGBOOST,0.10835630108021836,0.1384330540895462
2024-02-02,XLF,XGBOOST,0.10806007796602497,0.13914266228675842
2024-02-05,XLF,XGBOOST,0.10439102286679071,0.14030742645263672
2024-02-06,XLF,XGBOOST,0.1049687651282576,0.13786321878433228
2024-02-07,XLF,XGBOOST,0.10387776802558608,0.14021414518356323
2024-02-08,XLF,XGBOOST,0.10172850743904809,0.15448357164859772
2024-02-09,XLF,XGBOOST,0.10169643342355338,0.16433385014533997
2024-02-12,XLF,XGBOOST,0.10156440553419863,0.16420571506023407
2024-02-13,XLF,XGBOOST,0.0847199035596693,0.15188902616500854
2024-02-14,XLF,XGBOOST,0.08972498291905752,0.15255478024482727
2024-02-15,XLF,XGBOOST,0.07107951407055126,0.1513863354921341
2024-02-16,XLF,XGBOOST,0.07038301552867028,0.14928776025772095
2024-02-20,XLF,XGBOOST,0.06911726493982558,0.14906072616577148
2024-02-21,XLF,XGBOOST,0.0772969565964526,0.15119700133800507
2024-02-22,XLF,XGBOOST,0.07288155317375748,0.15102766454219818
2024-02-23,XLF,XGBOOST,0.08721636300530454,0.14824098348617554
2024-02-26,XLF,XGBOOST,0.086200851857307,0.14766009151935577
2024-02-27,XLF,XGBOOST,0.08634362356121224,0.12941592931747437
2024-02-28,XLF,XGBOOST,0.09334597813040499,0.12214215844869614
2024-02-29,XLF,XGBOOST,0.09359380349962175,0.11863664537668228
2024-03-01,XLF,XGBOOST,0.09689595493892184,0.13220897316932678
2024-03-04,XLF,XGBOOST,0.10036893645756095,0.14501525461673737
2024-03-05,XLF,XGBOOST,0.10054627739221561,0.14222486317157745
2024-03-06,XLF,XGBOOST,0.10968396101431425,0.14588293433189392
2024-03-07,XLF,XGBOOST,0.11333674919972607,0.15246613323688507
2024-03-08,XLF,XGBOOST,0.11379995865605583,0.1536133736371994
2024-03-11,XLF,XGBOOST,0.11672433640236855,0.15239617228507996
2024-03-12,XLF,XGBOOST,0.12944906788704508,0.15986399352550507
2024-03-13,XLF,XGBOOST,0.12910090286762482,0.1588563323020935
2024-03-14,XLF,XGBOOST,0.13452191919840167,0.1509864330291748
2024-03-15,XLF,XGBOOST,0.1353636655229375,0.1267850399017334
2024-03-18,XLF,XGBOOST,0.13445528077146013,0.15016816556453705
2024-03-19,XLF,XGBOOST,0.13320408217237165,0.15742573142051697
2024-03-20,XLF,XGBOOST,0.12497173695474927,0.16517643630504608
2024-03-21,XLF,XGBOOST,0.13238305575832246,0.14957472681999207
2024-03-22,XLF,XGBOOST,0.13594508970011984,0.15173281729221344
2024-03-25,XLF,XGBOOST,0.1375778237303145,0.15034128725528717
2024-03-26,XLF,XGBOOST,0.13693910290199232,0.13895365595817566
2024-03-27,XLF,XGBOOST,0.13040736647572956,0.12378624826669693
2024-03-28,XLF,XGBOOST,0.12798538747693564,0.1340118944644928
2024-04-01,XLF,XGBOOST,0.12715021577191687,0.1252540796995163
2024-04-02,XLF,XGBOOST,0.13003342575121896,0.13680467009544373
2024-04-03,XLF,XGBOOST,0.13009927210462413,0.13772694766521454
2024-04-04,XLF,XGBOOST,0.12549484478439699,0.16490791738033295
2024-04-05,XLF,XGBOOST,0.1201376427543818,0.1373533457517624
2024-04-08,XLF,XGBOOST,0.12872177581614272,0.14158247411251068
2024-04-09,XLF,XGBOOST,0.12816393659173891,0.13208432495594025
2024-04-10,XLF,XGBOOST,0.1163861515813262,0.13205884397029877
2024-04-11,XLF,XGBOOST,0.11511398214167116,0.13036514818668365
2024-04-12,XLF,XGBOOST,0.10137697599889729,0.14682237803936005
2024-04-15,XLF,XGBOOST,0.10055337429286217,0.1610921174287796
2024-04-16,XLF,XGBOOST,0.09512159021548156,0.15721318125724792
2024-04-17,XLF,XGBOOST,0.09648488144758033,0.15634995698928833
2024-04-18,XLF,XGBOOST,0.09706095960573739,0.16127894818782806
2024-04-19,XLF,XGBOOST,0.0899800594360119,0.17365340888500214
2024-04-22,XLF,XGBOOST,0.09987005218379337,0.15914182364940643
2024-04-23,XLF,XGBOOST,0.0999246191534992,0.1290062814950943
2024-04-24,XLF,XGBOOST,0.10285352153422501,0.12373349070549011
2024-04-25,XLF,XGBOOST,0.1134226362378559,0.12642593681812286
2024-04-26,XLF,XGBOOST,0.11473643542895808,0.14319026470184326
2024-04-29,XLF,XGBOOST,0.12230403448834812,0.1533508449792862
2024-04-30,XLF,XGBOOST,0.12042899493138794,0.13208149373531342
2024-05-01,XLF,XGBOOST,0.12159928640817497,0.15086139738559723
2024-05-02,XLF,XGBOOST,0.13090524740538695,0.12270426750183105
2024-05-03,XLF,XGBOOST,0.13366684058225428,0.15895681083202362
2024-05-06,XLF,XGBOOST,0.1275183788585236,0.16639816761016846
2024-05-07,XLF,XGBOOST,0.1273630101690705,0.17111319303512573
2024-05-08,XLF,XGBOOST,0.12669393113181046,0.1723785400390625
2024-05-09,XLF,XGBOOST,0.12481736786507099,0.17074251174926758
2024-05-10,XLF,XGBOOST,0.12448581850224541,0.1652090698480606
2024-05-13,XLF,XGBOOST,0.1298330266815499,0.17875781655311584
2024-05-14,XLF,XGBOOST,0.12788139489089473,0.1949670910835266
2024-05-15,XLF,XGBOOST,0.12377222974318235,0.17215676605701447
2024-05-16,XLF,XGBOOST,0.12371368515171115,0.20091845095157623
2024-05-17,XLF,XGBOOST,0.12528645202265076,0.18542364239692688
2024-05-20,XLF,XGBOOST,0.11998944778124947,0.19235031306743622
2024-05-21,XLF,XGBOOST,0.11917236180621722,0.19677326083183289
2024-05-22,XLF,XGBOOST,0.11834809591857852,0.19516471028327942
2024-05-23,XLF,XGBOOST,0.11359046481569819,0.16721485555171967
2024-05-24,XLF,XGBOOST,0.11494649317796102,0.15808957815170288
2024-05-28,XLF,XGBOOST,0.11006111466836373,0.16523973643779755
2024-05-29,XLF,XGBOOST,0.10599621295071539,0.15748107433319092
2024-05-30,XLF,XGBOOST,0.10499343370762605,0.1640152484178543
2024-05-31,XLF,XGBOOST,0.09102096926541534,0.15048722922801971
2024-06-03,XLF,XGBOOST,0.0974202164917763,0.14209261536598206
2024-06-04,XLF,XGBOOST,0.09651871863904538,0.10966935008764267
2024-06-05,XLF,XGBOOST,0.09618038593839746,0.1200275793671608
2024-06-06,XLF,XGBOOST,0.09677305374467743,0.12452513724565506
2024-06-07,XLF,XGBOOST,0.09916710137541367,0.12365425378084183
2024-06-10,XLF,XGBOOST,0.0984092311800996,0.13733263313770294
2024-06-11,XLF,XGBOOST,0.08974572955144092,0.1488214135169983
2024-06-12,XLF,XGBOOST,0.08922883428187096,0.1526242196559906
2024-06-13,XLF,XGBOOST,0.09876171797066811,0.14797727763652802
2024-06-14,XLF,XGBOOST,0.10042120689114814,0.15313218533992767
2024-06-17,XLF,XGBOOST,0.09964660017171331,0.14790084958076477
2024-06-18,XLF,XGBOOST,0.11339759253915398,0.1528390496969223
2024-06-20,XLF,XGBOOST,0.12154921906731105,0.1377994269132614
2024-06-21,XLF,XGBOOST,0.12032038582640334,0.1319819688796997
2024-06-24,XLF,XGBOOST,0.116605254043512,0.12889613211154938
2024-06-25,XLF,XGBOOST,0.12510135563948072,0.13204681873321533
2024-06-26,XLF,XGBOOST,0.1217624876986897,0.1323573887348175
2024-06-27,XLF,XGBOOST,0.13005720907229015,0.1477053016424179
2024-06-28,XLF,XGBOOST,0.13091419902072404,0.13858385384082794
2024-07-01,XLF,XGBOOST,0.13457033290341797,0.1458054929971695
2024-07-02,XLF,XGBOOST,0.1320867047924222,0.1270049810409546
2024-07-03,XLF,XGBOOST,0.14370689258908037,0.12442748993635178
2024-07-05,XLF,XGBOOST,0.17227006561330965,0.1345623880624771
2024-07-08,XLF,XGBOOST,0.20258740132482356,0.1382974088191986
2024-07-09,XLF,XGBOOST,0.2092311553399295,0.14892363548278809
2024-07-10,XLF,XGBOOST,0.20875209043870374,0.14419497549533844
2024-07-11,XLF,XGBOOST,0.21495259232630584,0.14528027176856995
2024-07-12,XLF,XGBOOST,0.21517310865422593,0.14301441609859467
2024-07-15,XLF,XGBOOST,0.2088422349601372,0.12207560986280441
2024-07-16,XLF,XGBOOST,0.2067202303665912,0.11628172546625137
2024-07-17,XLF,XGBOOST,0.20989548903750288,0.12454884499311447
2024-07-18,XLF,XGBOOST,0.2083891207468516,0.11327843368053436
2024-07-19,XLF,XGBOOST,0.20607207961883017,0.14809265732765198
2024-07-22,XLF,XGBOOST,0.20603838767032776,0.1224328875541687
2024-07-23,XLF,XGBOOST,0.2065555823320788,0.12997329235076904
2024-07-24,XLF,XGBOOST,0.19957407226211832,0.15823249518871307
2024-07-25,XLF,XGBOOST,0.19999420109462104,0.16570208966732025
2024-07-26,XLF,XGBOOST,0.19497188815604824,0.1662495881319046
2024-07-29,XLF,XGBOOST,0.19485074603332941,0.16979950666427612
2024-07-30,XLF,XGBOOST,0.19178134473131864,0.1735754907131195
2024-07-31,XLF,XGBOOST,0.1913601963662989,0.16147778928279877
2024-08-01,XLF,XGBOOST,0.1838287503347371,0.16935835778713226
2024-08-02,XLF,XGBOOST,0.15401946919274792,0.18820823729038239
2024-08-05,XLF,XGBOOST,0.10101397799160558,0.28061893582344055
2024-08-06,XLF,XGBOOST,0.09359213753507087,0.279339998960495
2024-08-07,XLF,XGBOOST,0.1083633672371108,0.3752816319465637
2024-08-08,XLF,XGBOOST,0.11761752359036914,0.2570127248764038
2024-08-09,XLF,XGBOOST,0.12551164962316355,0.234673410654068
2024-08-12,XLF,XGBOOST,0.13105068259549071,0.22085042297840118
2024-08-13,XLF,XGBOOST,0.1318048527221099,0.1897568553686142
2024-08-14,XLF,XGBOOST,0.1262758775383984,0.16038300096988678
2024-08-15,XLF,XGBOOST,0.12309861999476242,0.16111724078655243
2024-08-16,XLF,XGBOOST,0.12830442056192023,0.15456095337867737
2024-08-19,XLF,XGBOOST,0.12824003099688755,0.1797606498003006
2024-08-20,XLF,XGBOOST,0.128195750767191,0.1714266985654831
2024-08-21,XLF,XGBOOST,0.131929994316128,0.17670348286628723
2024-08-22,XLF,XGBOOST,0.1315696213460652,0.1937648057937622
2024-08-23,XLF,XGBOOST,0.1294383323759796,0.15788717567920685
2024-08-26,XLF,XGBOOST,0.13367710120198997,0.17113621532917023
2024-08-27,XLF,XGBOOST,0.13464798263486888,0.15463370084762573
2024-08-28,XLF,XGBOOST,0.13557844257434248,0.18656812608242035
2024-08-29,XLF,XGBOOST,0.13218654977881497,0.15969818830490112
2024-08-30,XLF,XGBOOST,0.12828283338781263,0.14757822453975677
2024-09-03,XLF,XGBOOST,0.12690544868026632,0.20768345892429352
2024-09-04,XLF,XGBOOST,0.1269065079711784,0.2225380539894104
2024-09-05,XLF,XGBOOST,0.12191714935455722,0.2180767059326172
2024-09-06,XLF,XGBOOST,0.12224197885709875,0.23123516142368317
2024-09-09,XLF,XGBOOST,0.12162385585006476,0.21084308624267578
2024-09-10,XLF,XGBOOST,0.116248871901522,0.21623481810092926
2024-09-11,XLF,XGBOOST,0.1174469281104521,0.20462431013584137
2024-09-12,XLF,XGBOOST,0.11870565079623503,0.2054029405117035
2024-09-13,XLF,XGBOOST,0.13405185755366958,0.19064250588417053
2024-09-16,XLF,XGBOOST,0.1290500925559284,0.19736334681510925
2024-09-17,XLF,XGBOOST,0.12847502384033715,0.18463261425495148
2024-09-18,XLF,XGBOOST,0.13212485832602666,0.18440160155296326
2024-09-19,XLF,XGBOOST,0.1284006745601729,0.17733554542064667
2024-09-20,XLF,XGBOOST,0.12817808247693716,0.18986597657203674
2024-09-23,XLF,XGBOOST,0.132825924869496,0.18191200494766235
2024-09-24,XLF,XGBOOST,0.1280360324878013,0.1907847374677658
2024-09-25,XLF,XGBOOST,0.12488262005324689,0.20108941197395325
2024-09-26,XLF,XGBOOST,0.12462496312176909,0.19413016736507416
2024-09-27,XLF,XGBOOST,0.13334005811663444,0.1978520154953003
2024-09-30,XLF,XGBOOST,0.13857081963475829,0.18731209635734558
2024-10-01,XLF,XGBOOST,0.13920204775184,0.20044808089733124
2024-10-02,XLF,XGBOOST,0.1394267553277791,0.19979867339134216
2024-10-03,XLF,XGBOOST,0.14854058639613477,0.22023989260196686
2024-10-04,XLF,XGBOOST,0.13777074281836618,0.21639683842658997
2024-10-07,XLF,XGBOOST,0.1327087730297344,0.22453856468200684
2024-10-08,XLF,XGBOOST,0.1348279073897653,0.2145017832517624
2024-10-09,XLF,XGBOOST,0.24425646338406765,0.2104114294052124
2024-10-10,XLF,XGBOOST,0.2536250672604005,0.21311435103416443
2024-10-11,XLF,XGBOOST,0.2477428478606849,0.2060968577861786
2024-10-15,XLF,XGBOOST,0.2517165460924721,0.2059919536113739
2024-10-16,XLF,XGBOOST,0.24936563104608336,0.16637638211250305
2024-10-17,XLF,XGBOOST,0.24998004814511957,0.17129197716712952
2024-10-18,XLF,XGBOOST,0.25003112376549796,0.18243812024593353
2024-10-21,XLF,XGBOOST,0.2470402775912891,0.18145941197872162
2024-10-22,XLF,XGBOOST,0.24880605849437043,0.18591979146003723
2024-10-23,XLF,XGBOOST,0.24932774020907256,0.18037284910678864
2024-10-24,XLF,XGBOOST,0.251782144925013,0.17386634647846222
2024-10-25,XLF,XGBOOST,0.2474743040388495,0.1888471096754074
2024-10-28,XLF,XGBOOST,0.245781297995527,0.18572895228862762
2024-10-29,XLF,XGBOOST,0.24303875405924508,0.19568508863449097
2024-10-30,XLF,XGBOOST,0.24318321085909375,0.19897866249084473
2024-10-31,XLF,XGBOOST,0.23395084433341468,0.18157123029232025
2024-11-01,XLF,XGBOOST,0.2398935964375428,0.1837671399116516
2024-11-04,XLF,XGBOOST,0.23973223448480757,0.17970171570777893
2024-11-05,XLF,XGBOOST,0.24063148263549577,0.1703646183013916
2024-11-06,XLF,XGBOOST,0.1231932114696973,0.14045274257659912
2024-11-07,XLF,XGBOOST,0.10547359337550759,0.13810275495052338
2024-11-08,XLF,XGBOOST,0.11504662754470443,0.14460167288780212
2024-11-12,XLF,XGBOOST,0.10292629721420006,0.13573448359966278
2024-11-13,XLF,XGBOOST,0.10411656400128735,0.13679790496826172
2024-11-14,XLF,XGBOOST,0.10375537768101922,0.13993798196315765
2024-11-15,XLF,XGBOOST,0.10237624337726485,0.1359260231256485
2024-11-18,XLF,XGBOOST,0.10416000273474961,0.1306486427783966
2024-11-19,XLF,XGBOOST,0.1468401355956347,0.1456834375858307
2024-11-20,XLF,XGBOOST,0.14815615893025694,0.15812896192073822
2024-11-21,XLF,XGBOOST,0.15103833794884253,0.17570576071739197
2024-11-22,XLF,XGBOOST,0.14427787747375848,0.13992106914520264
2024-11-25,XLF,XGBOOST,0.14949989627225063,0.13063719868659973
2024-11-26,XLF,XGBOOST,0.1496756738963992,0.12657102942466736
2024-11-27,XLF,XGBOOST,0.15020087864215417,0.12218638509511948
2024-11-29,XLF,XGBOOST,0.15166898932999695,0.1259903758764267
2024-12-02,XLF,XGBOOST,0.14983706398007055,0.13821038603782654
2024-12-03,XLF,XGBOOST,0.14858300925994794,0.13484713435173035
2024-12-04,XLF,XGBOOST,0.15248168692430042,0.13272373378276825
2024-12-05,XLF,XGBOOST,0.15164881254892787,0.13677656650543213
2024-12-06,XLF,XGBOOST,0.15154053799166994,0.1431359350681305
2024-12-09,XLF,XGBOOST,0.14577207468436526,0.12846577167510986
2024-12-10,XLF,XGBOOST,0.16766193965469925,0.1315360963344574
2024-12-11,XLF,XGBOOST,0.17036799296728725,0.13404281437397003
2024-12-12,XLF,XGBOOST,0.17739099635455213,0.13116852939128876
2024-12-13,XLF,XGBOOST,0.2005143523225646,0.13205069303512573
2024-12-16,XLF,XGBOOST,0.20165936496038547,0.15846313536167145
2024-12-17,XLF,XGBOOST,0.20133682836064976,0.15772700309753418
2024-12-18,XLF,XGBOOST,0.16376943496183416,0.18330122530460358
2024-12-19,XLF,XGBOOST,0.16622319074063427,0.1793169528245926
2024-12-20,XLF,XGBOOST,0.16067190048394592,0.1672806441783905
2024-12-23,XLF,XGBOOST,0.1606829934261339,0.16204053163528442
2024-12-24,XLF,XGBOOST,0.16013060185034436,0.1573568433523178
2024-12-26,XLF,XGBOOST,0.16081029202227293,0.15266799926757812
2024-12-27,XLF,XGBOOST,0.1572809598833139,0.16391517221927643
2024-12-30,XLF,XGBOOST,0.15218193775743646,0.1621454805135727
2024-12-31,XLF,XGBOOST,0.1555500216181593,0.17561674118041992
2025-01-02,XLF,XGBOOST,0.15642128710406833,0.16473950445652008
2025-01-03,XLF,XGBOOST,0.15647190091860289,0.13280439376831055
2025-01-06,XLF,XGBOOST,0.1574011057885012,0.1397174447774887
2025-01-07,XLF,XGBOOST,0.15696010892445708,0.16396433115005493
2025-01-08,XLF,XGBOOST,0.16043630141243456,0.16641464829444885
2025-01-10,XLF,XGBOOST,0.13050840903792763,0.16334524750709534
2025-01-13,XLF,XGBOOST,0.1301248102171854,0.16522596776485443
2025-01-14,XLF,XGBOOST,0.12869282802830578,0.16288506984710693
2025-01-15,XLF,XGBOOST,0.10022446508812967,0.13486747443675995
2025-01-16,XLF,XGBOOST,0.09883387171437873,0.15654565393924713
2025-01-17,XLF,XGBOOST,0.09782790480637567,0.1355111449956894
2025-01-21,XLF,XGBOOST,0.09492118781567643,0.1272542029619217
2025-01-22,XLF,XGBOOST,0.11056580366233601,0.13058710098266602
2025-01-23,XLF,XGBOOST,0.1188130818206376,0.13257470726966858
2025-01-24,XLF,XGBOOST,0.11935636926594637,0.13562975823879242
2025-01-27,XLF,XGBOOST,0.11228470540815985,0.1563921421766281
2025-01-28,XLF,XGBOOST,0.11235743705516112,0.16787759959697723
2025-01-29,XLF,XGBOOST,0.11430891815043154,0.16716346144676208
2025-01-30,XLF,XGBOOST,0.13157520290892016,0.14859962463378906
2025-01-31,XLF,XGBOOST,0.13355989312635858,0.16771475970745087
2025-02-03,XLF,XGBOOST,0.18487034830630947,0.1653480976819992
2025-02-04,XLF,XGBOOST,0.18652386121306552,0.17927515506744385
2025-02-05,XLF,XGBOOST,0.18937212045685933,0.13979242742061615
2025-02-06,XLF,XGBOOST,0.1854176387599793,0.1493821144104004
2025-02-07,XLF,XGBOOST,0.1980890789837156,0.16160467267036438
2025-02-10,XLF,XGBOOST,0.1982764256146254,0.1540582776069641
2025-02-11,XLF,XGBOOST,0.19786160321931923,0.13930155336856842
2025-02-12,XLF,XGBOOST,0.19793310474990486,0.13301484286785126
2025-02-13,XLF,XGBOOST,0.21708768840710518,0.12170052528381348
2025-02-14,XLF,XGBOOST,0.22281016113582391,0.1384778916835785
2025-02-18,XLF,XGBOOST,0.21989039233353103,0.13858862221240997
2025-02-19,XLF,XGBOOST,0.22524934241841793,0.13586440682411194
2025-02-20,XLF,XGBOOST,0.22036777559332923,0.15470516681671143
2025-02-21,XLF,XGBOOST,0.2168188749483176,0.1647164672613144
2025-02-24,XLF,XGBOOST,0.22616199556669744,0.16063472628593445
2025-02-25,XLF,XGBOOST,0.22723145251465696,0.15435342490673065
2025-02-26,XLF,XGBOOST,0.2273368475163614,0.17101137340068817
2025-02-27,XLF,XGBOOST,0.2263219917477396,0.1653738021850586
2025-02-28,XLF,XGBOOST,0.22122834169027183,0.17430926859378815
2025-03-03,XLF,XGBOOST,0.22618337750804673,0.16197818517684937
2025-03-04,XLF,XGBOOST,0.18696200193202836,0.16952446103096008
2025-03-05,XLF,XGBOOST,0.1881453122071895,0.1719474494457245
2025-03-06,XLF,XGBOOST,0.25473892909682244,0.17618413269519806
2025-03-07,XLF,XGBOOST,0.3672620856450555,0.17351245880126953
2025-03-10,XLF,XGBOOST,0.3614076592423837,0.17201530933380127
2025-03-11,XLF,XGBOOST,0.36101861984587813,0.18605206906795502
2025-03-12,XLF,XGBOOST,0.451930863338711,0.17795239388942719
2025-03-13,XLF,XGBOOST,0.46257671435179265,0.18159712851047516
2025-03-14,XLF,XGBOOST,0.45858630694045766,0.1888285130262375
2025-03-17,XLF,XGBOOST,0.45805227151540645,0.1883675754070282
2025-03-18,XLF,XGBOOST,0.458313844413089,0.18546277284622192
2025-03-19,XLF,XGBOOST,0.45838949301021786,0.1948135942220688
2025-03-20,XLF,XGBOOST,0.45855616659773396,0.19517658650875092
2025-03-21,XLF,XGBOOST,0.46336956750232555,0.19449667632579803
2025-03-24,XLF,XGBOOST,0.4754819093656134,0.17699258029460907
2025-03-25,XLF,XGBOOST,0.47749637733291384,0.18107330799102783
2025-03-26,XLF,XGBOOST,0.4800001539065559,0.18974174559116364
2025-03-27,XLF,XGBOOST,0.4800967519934883,0.1869291514158249
2025-03-28,XLF,XGBOOST,0.4759722998890621,0.18606819212436676
2025-03-31,XLF,XGBOOST,0.47535576618731973,0.19328340888023376
2025-04-01,XLF,XGBOOST,0.47547520127191273,0.19208526611328125
2025-04-02,XLF,XGBOOST,0.4742494963350658,0.20168179273605347
2025-04-03,XLF,XGBOOST,0.44273292955337196,0.22077372670173645
2025-04-04,XLF,XGBOOST,0.33591083311502007,0.7086706161499023
2025-04-07,XLF,XGBOOST,0.3371179332830873,0.6612968444824219
2025-04-08,XLF,XGBOOST,0.33532009563203813,0.5970988273620605
2025-04-09,XLF,XGBOOST,0.22516987427614674,0.3249455690383911
2025-04-10,XLF,XGBOOST,0.19358253356955793,0.5043350458145142
2025-04-11,XLF,XGBOOST,0.19704367039642148,0.36873117089271545
2025-04-14,XLF,XGBOOST,0.19579703169498644,0.4095671474933624
2025-04-15,XLF,XGBOOST,0.19721433024916196,0.40963125228881836
2025-04-16,XLF,XGBOOST,0.18335796388773867,0.3787718713283539
2025-04-17,XLF,XGBOOST,0.18319685370924496,0.3505391776561737
2025-04-21,XLF,XGBOOST,0.15504531055055815,0.300246000289917
2025-04-22,XLF,XGBOOST,0.12498162830033563,0.29341718554496765
2025-04-23,XLF,XGBOOST,0.14964487303680818,0.2681567668914795
2025-04-24,XLF,XGBOOST,0.14678757049907357,0.23827297985553741
2025-04-25,XLF,XGBOOST,0.14611763551809415,0.22844842076301575
2025-04-28,XLF,XGBOOST,0.15597716577676485,0.2389260083436966
2025-04-29,XLF,XGBOOST,0.15676561881634535,0.20413430035114288
2025-04-30,XLF,XGBOOST,0.15717292750841158,0.2280724197626114
2025-05-01,XLF,XGBOOST,0.15693721935650568,0.22363679111003876
2025-05-02,XLF,XGBOOST,0.1413102199223403,0.2013145536184311
2025-05-05,XLF,XGBOOST,0.13838465959850862,0.19567333161830902
2025-05-06,XLF,XGBOOST,0.13839444520680422,0.2259366363286972
2025-05-07,XLF,XGBOOST,0.13827355943367398,0.18356381356716156
2025-05-08,XLF,XGBOOST,0.1417755980492462,0.18561291694641113
2025-05-09,XLF,XGBOOST,0.14381226324721239,0.18444177508354187
2025-05-12,XLF,XGBOOST,0.1252831774248466,0.1785813719034195
2025-05-13,XLF,XGBOOST,0.12448573147173696,0.1807084083557129
2025-05-14,XLF,XGBOOST,0.12408666510303165,0.18365749716758728
2025-05-15,XLF,XGBOOST,0.14138757124271192,0.18033427000045776
2025-05-16,XLF,XGBOOST,0.1462216097427171,0.181428924202919
2025-05-19,XLF,XGBOOST,0.1470188331367469,0.1817382276058197
2025-05-20,XLF,XGBOOST,0.14624841743452685,0.17469832301139832
2025-05-21,XLF,XGBOOST,0.12708023636951285,0.1901085376739502
2025-05-22,XLF,XGBOOST,0.13437864344672915,0.18978731334209442
2025-05-23,XLF,XGBOOST,0.14217827420324933,0.18939600884914398
2025-05-27,XLF,XGBOOST,0.13025739049847615,0.18944844603538513
2025-05-28,XLF,XGBOOST,0.129310987498234,0.1983974128961563
2025-05-29,XLF,XGBOOST,0.12868582349437493,0.19298362731933594
2025-05-30,XLF,XGBOOST,0.13105866744542127,0.18986685574054718
2025-06-02,XLF,XGBOOST,0.13172843372463106,0.18543604016304016
2025-06-03,XLF,XGBOOST,0.13203595404684063,0.18290084600448608
2025-06-04,XLF,XGBOOST,0.13281508782924042,0.17469584941864014
2025-06-05,XLF,XGBOOST,0.13853075407967644,0.18362201750278473
2025-06-06,XLF,XGBOOST,0.13833255744855477,0.17679421603679657
2025-06-09,XLF,XGBOOST,0.1363813145707257,0.17736601829528809
2025-06-10,XLF,XGBOOST,0.13724847225512227,0.16580620408058167
2025-06-11,XLF,XGBOOST,0.14372088458097174,0.16890856623649597
2025-06-12,XLF,XGBOOST,0.14525449177629435,0.16858358681201935
2025-06-13,XLF,XGBOOST,0.1388247226663612,0.1554049849510193
2025-06-16,XLF,XGBOOST,0.13567033620589417,0.1580108255147934
2025-06-17,XLF,XGBOOST,0.1355330479463715,0.1677156686782837
2025-06-18,XLF,XGBOOST,0.13531294758954104,0.16342979669570923
2025-06-20,XLF,XGBOOST,0.1365932291866265,0.1590939611196518
2025-06-23,XLF,XGBOOST,0.1317220588734165,0.15125317871570587
2025-06-24,XLF,XGBOOST,0.12474820524123018,0.14730393886566162
2025-06-25,XLF,XGBOOST,0.12373938178100446,0.14499682188034058
2025-06-26,XLF,XGBOOST,0.12349003786560482,0.1548917293548584
2025-06-27,XLF,XGBOOST,0.12698096863255381,0.13475927710533142
2025-06-30,XLF,XGBOOST,0.12581933371271573,0.1447811871767044
2025-07-01,XLF,XGBOOST,0.12456988169149888,0.15894639492034912
2025-07-02,XLF,XGBOOST,0.126564924963752,0.1623651385307312
2025-07-03,XLF,XGBOOST,0.13547255588887153,0.1622963547706604
2025-07-07,XLF,XGBOOST,0.138014067311436,0.15963248908519745
2025-07-08,XLF,XGBOOST,0.13520529723777586,0.16344456374645233
2025-07-09,XLF,XGBOOST,0.13575222387664973,0.1651098132133484
2025-07-10,XLF,XGBOOST,0.13873960088381995,0.1769690066576004
2025-07-11,XLF,XGBOOST,0.13911456011494963,0.1784108430147171
2025-07-14,XLF,XGBOOST,0.13607425167522733,0.21694310009479523
2025-07-15,XLF,XGBOOST,0.12829599728942978,0.20736940205097198
2025-07-16,XLF,XGBOOST,0.12757707611990232,0.2186431884765625
2025-07-17,XLF,XGBOOST,0.12423598667537133,0.20140843093395233
2025-07-18,XLF,XGBOOST,0.13011918578080378,0.2000051736831665
2025-07-21,XLF,XGBOOST,0.12972631409818802,0.21865032613277435
2025-07-22,XLF,XGBOOST,0.12835176609556195,0.22053390741348267
2025-07-23,XLF,XGBOOST,0.12639035985902786,0.21779930591583252
2025-07-24,XLF,XGBOOST,0.12683806739962153,0.22211481630802155
2025-07-25,XLF,XGBOOST,0.1379568519994038,0.21011440455913544
2025-07-28,XLF,XGBOOST,0.13723724135956086,0.2466115951538086
2025-07-29,XLF,XGBOOST,0.13820393926334723,0.2434854507446289
2025-07-30,XLF,XGBOOST,0.1378857457833388,0.22832843661308289
2025-07-31,XLF,XGBOOST,0.135164492922332,0.29139021039009094
2025-08-01,XLF,XGBOOST,0.11240722531605286,0.32930096983909607
2025-08-04,XLF,XGBOOST,0.11404342473039855,0.2984924912452698
2025-08-05,XLF,XGBOOST,0.11278941564422955,0.2778328061103821
2025-08-06,XLF,XGBOOST,0.11651823277738234,0.28495529294013977
2025-08-07,XLF,XGBOOST,0.12955187400248563,0.3110058009624481
2025-08-08,XLF,XGBOOST,0.12635095547415737,0.266689270734787
2025-08-11,XLF,XGBOOST,0.12667150047058676,0.262651264667511
2025-08-12,XLF,XGBOOST,0.12120883343091125,0.21945461630821228
2025-08-13,XLF,XGBOOST,0.13227504287294042,0.22916628420352936
2025-08-14,XLF,XGBOOST,0.13293512129844398,0.20784607529640198
2025-08-15,XLF,XGBOOST,0.1268454905673665,0.20954397320747375
2025-08-18,XLF,XGBOOST,0.12741274411783252,0.20014764368534088
2025-08-19,XLF,XGBOOST,0.13106674984376826,0.2242601215839386
2025-08-20,XLF,XGBOOST,0.1303260410614426,0.2328965812921524
2025-08-21,XLF,XGBOOST,0.12931733028762812,0.2633129060268402
2025-08-22,XLF,XGBOOST,0.11689091543517567,0.19931896030902863
2025-08-25,XLF,XGBOOST,0.11601081084705706,0.19711746275424957
2025-08-26,XLF,XGBOOST,0.11351104562067252,0.2001749575138092
2025-08-27,XLF,XGBOOST,0.11366103108305227,0.19663140177726746
2025-08-28,XLF,XGBOOST,0.11658903293952183,0.20079730451107025
2025-08-29,XLF,XGBOOST,0.11755986044328769,0.18139715492725372
2025-09-02,XLF,XGBOOST,0.11562585227417495,0.2240593582391739
2025-09-03,XLF,XGBOOST,0.12017170879788734,0.19751174747943878
2025-09-04,XLF,XGBOOST,0.11378115949462181,0.20796434581279755
2025-09-05,XLF,XGBOOST,0.09463488465642579,0.1480197012424469
2025-09-08,XLF,XGBOOST,0.09472231165101891,0.14135122299194336
2025-09-09,XLF,XGBOOST,0.09380032052279512,0.13732664287090302
2025-09-10,XLF,XGBOOST,0.09475836419807476,0.14421464502811432
2025-09-11,XLF,XGBOOST,0.07517103483924298,0.14422453939914703
2025-09-12,XLF,XGBOOST,0.10669524295641968,0.13868778944015503
2025-09-15,XLF,XGBOOST,0.11342432195075948,0.14641600847244263
2025-09-16,XLF,XGBOOST,0.12063500003710456,0.1484341025352478
2025-09-17,XLF,XGBOOST,0.11496989859088708,0.1542692631483078
2025-09-18,XLF,XGBOOST,0.1506938963614422,0.16105906665325165
2025-09-19,XLF,XGBOOST,0.15430449258500964,0.1650124043226242
2025-09-22,XLF,XGBOOST,0.16148882485663926,0.1727060228586197
2025-09-23,XLF,XGBOOST,0.16101254368824536,0.19331255555152893
2025-09-24,XLF,XGBOOST,0.161780525310027,0.18195530772209167
2025-09-25,XLF,XGBOOST,0.16206433766209757,0.19071123003959656
2025-09-26,XLF,XGBOOST,0.16487089479495884,0.17244568467140198
2025-09-29,XLF,XGBOOST,0.16450167875059554,0.1717616319656372
2025-09-30,XLF,XGBOOST,0.16511511901633238,0.18768997490406036
2025-10-01,XLF,XGBOOST,0.17282784582662508,0.19158200919628143
2025-10-02,XLF,XGBOOST,0.1733839663824419,0.21344304084777832
2025-10-03,XLF,XGBOOST,0.17144220295526988,0.19404323399066925
2025-10-06,XLF,XGBOOST,0.1717158446710879,0.18124862015247345
2025-10-07,XLF,XGBOOST,0.17308269666099868,0.1980479508638382
2025-10-08,XLF,XGBOOST,0.1733075775144935,0.17262481153011322
2025-10-09,XLF,XGBOOST,0.17332043593374782,0.17002953588962555
2025-10-10,XLF,XGBOOST,0.15615212513563964,0.19379983842372894
2025-10-14,XLF,XGBOOST,0.1487265960037986,0.19867491722106934
2025-10-15,XLF,XGBOOST,0.15185396836955337,0.2002725601196289
2025-10-16,XLF,XGBOOST,0.12008998555744092,0.2459571659564972
2025-10-17,XLF,XGBOOST,0.12344353616700983,0.1801348179578781
2025-10-20,XLF,XGBOOST,0.1339429599264031,0.17714320123195648
2025-10-21,XLF,XGBOOST,0.1339450611982646,0.17136961221694946
2025-10-22,XLF,XGBOOST,0.13400529201473385,0.16882304847240448
2025-10-23,XLF,XGBOOST,0.1363783209396578,0.169948011636734
2025-10-24,XLF,XGBOOST,0.1365049507527938,0.14756910502910614
2025-10-27,XLF,XGBOOST,0.1365671132370591,0.15788185596466064
2025-10-28,XLF,XGBOOST,0.14356902875901506,0.17677193880081177
2025-10-29,XLF,XGBOOST,0.13187831563379632,0.1939515322446823
2025-10-30,XLF,XGBOOST,0.13365748754173573,0.20498473942279816
2025-10-31,XLF,XGBOOST,0.13748805505561235,0.19675983488559723
2025-11-03,XLF,XGBOOST,0.1364915924155799,0.2113502025604248
2025-11-04,XLF,XGBOOST,0.14301062553335742,0.23087885975837708
2025-11-05,XLF,XGBOOST,0.1427925284921528,0.23339149355888367
2025-11-06,XLF,XGBOOST,0.14178042920811057,0.24909132719039917
2025-11-07,XLF,XGBOOST,0.14105016799370307,0.25284698605537415
2025-11-10,XLF,XGBOOST,0.14143057462708072,0.23298366367816925
2025-11-12,XLF,XGBOOST,0.15644058278421552,0.22720849514007568
2025-11-13,XLF,XGBOOST,0.14738186132616327,0.24860523641109467
2025-11-14,XLF,XGBOOST,0.14067178719948945,0.2575088143348694
2025-11-17,XLF,XGBOOST,0.12040706571380476,0.22252020239830017
2025-11-18,XLF,XGBOOST,0.11981393809364305,0.24227505922317505
2025-11-19,XLF,XGBOOST,0.12094453936484721,0.21699568629264832
2025-11-20,XLF,XGBOOST,0.11318452822084864,0.23701423406600952
2025-11-21,XLF,XGBOOST,0.11440214817643726,0.23100645840168
2025-11-24,XLF,XGBOOST,0.11451044683075672,0.24137461185455322
2025-11-25,XLF,XGBOOST,0.10982033568168154,0.23456411063671112
2025-11-26,XLF,XGBOOST,0.10979577042108009,0.22218137979507446
2025-11-28,XLF,XGBOOST,0.11197235776632561,0.18999838829040527
2025-12-01,XLF,XGBOOST,0.10669884213090197,0.2000272572040558
2025-12-02,XLF,XGBOOST,0.11170764963421337,0.2028675377368927
2025-12-03,XLF,XGBOOST,0.10344569216428391,0.14097827672958374
2025-12-04,XLF,XGBOOST,0.12583787737789165,0.14522869884967804
2025-12-05,XLF,XGBOOST,0.12586140612623836,0.14973455667495728
2025-12-08,XLF,XGBOOST,0.13766677151717943,0.16491572558879852
2025-12-09,XLF,XGBOOST,0.13625991763511008,0.18126928806304932
2025-12-10,XLF,XGBOOST,0.13348553226055856,0.14520905911922455
2025-12-11,XLF,XGBOOST,0.1231789407987533,0.1468825340270996
2025-12-12,XLF,XGBOOST,0.14189592696914066,0.14672593772411346
2025-12-15,XLF,XGBOOST,0.14186176299181477,0.15062403678894043
2025-12-16,XLF,XGBOOST,0.1410482537188389,0.133346825838089
2025-12-17,XLF,XGBOOST,0.141129532213503,0.16102521121501923
2025-12-18,XLF,XGBOOST,0.1631540546080018,0.16729657351970673
2025-12-19,XLF,XGBOOST,0.16284300038722954,0.1496237963438034
2025-12-22,XLF,XGBOOST,0.15786180305563421,0.1617266982793808
2025-12-23,XLF,XGBOOST,0.16329059550247466,0.17039677500724792
2025-12-24,XLF,XGBOOST,0.1639351195187016,0.16747966408729553
2025-12-26,XLF,XGBOOST,0.1651230517441054,0.18272389471530914
2025-12-29,XLF,XGBOOST,0.16490638672997293,0.17616261541843414
2025-12-30,XLF,XGBOOST,0.17089891102607652,0.18092438578605652
2025-12-31,XLF,XGBOOST,0.16947057571637858,0.17179974913597107
2023-12-28,XLE,XGBOOST,0.1911116761214805,0.2401597499847412
2023-12-29,XLE,XGBOOST,0.19425559803104142,0.24332104623317719
2024-01-02,XLE,XGBOOST,0.20226611855061843,0.23272480070590973
2024-01-03,XLE,XGBOOST,0.1921811854791576,0.2371523231267929
2024-01-04,XLE,XGBOOST,0.18270842374987808,0.2365262806415558
2024-01-05,XLE,XGBOOST,0.18273592930482685,0.24213014543056488
2024-01-08,XLE,XGBOOST,0.1786313552164935,0.23573410511016846
2024-01-09,XLE,XGBOOST,0.1682999125119065,0.22935566306114197
2024-01-10,XLE,XGBOOST,0.16643177169848314,0.22603248059749603
2024-01-11,XLE,XGBOOST,0.17736298773770257,0.23208005726337433
2024-01-12,XLE,XGBOOST,0.1772057303077325,0.23181158304214478
2024-01-16,XLE,XGBOOST,0.15677850114917746,0.21668435633182526
2024-01-17,XLE,XGBOOST,0.15269443491934667,0.2131050080060959
2024-01-18,XLE,XGBOOST,0.17659896290083954,0.21707120537757874
2024-01-19,XLE,XGBOOST,0.1771802828966701,0.22436504065990448
2024-01-22,XLE,XGBOOST,0.18254972657338248,0.21922695636749268
2024-01-23,XLE,XGBOOST,0.19110533157266868,0.22470346093177795
2024-01-24,XLE,XGBOOST,0.1869024200682996,0.2265748828649521
2024-01-25,XLE,XGBOOST,0.17478926084808186,0.23089908063411713
2024-01-26,XLE,XGBOOST,0.17355348848505148,0.2219967544078827
2024-01-29,XLE,XGBOOST,0.1744228348257717,0.19739019870758057
2024-01-30,XLE,XGBOOST,0.17119776453409247,0.20872808992862701
2024-01-31,XLE,XGBOOST,0.15574233274350932,0.21071693301200867
2024-02-01,XLE,XGBOOST,0.15948065324894664,0.20677274465560913
2024-02-02,XLE,XGBOOST,0.1659619948418399,0.2104872763156891
2024-02-05,XLE,XGBOOST,0.1664418305943645,0.21299810707569122
2024-02-06,XLE,XGBOOST,0.16643034956443883,0.2088351547718048
2024-02-07,XLE,XGBOOST,0.16796487617039182,0.2146064043045044
2024-02-08,XLE,XGBOOST,0.1654934057223121,0.22467707097530365
2024-02-09,XLE,XGBOOST,0.1541399066250103,0.22344674170017242
2024-02-12,XLE,XGBOOST,0.1523245117825223,0.22744402289390564
2024-02-13,XLE,XGBOOST,0.1511397123700742,0.2137492150068283
2024-02-14,XLE,XGBOOST,0.1514737305541188,0.21628475189208984
2024-02-15,XLE,XGBOOST,0.12502414360889805,0.20884540677070618
2024-02-16,XLE,XGBOOST,0.12415591393686184,0.20517492294311523
2024-02-20,XLE,XGBOOST,0.11746245671072587,0.200341135263443
2024-02-21,XLE,XGBOOST,0.10681691171557284,0.20423609018325806
2024-02-22,XLE,XGBOOST,0.10690039994288116,0.2068544626235962
2024-02-23,XLE,XGBOOST,0.10222500028545121,0.20842435956001282
2024-02-26,XLE,XGBOOST,0.10387289499052049,0.2143513262271881
2024-02-27,XLE,XGBOOST,0.10829275321328129,0.2013438493013382
2024-02-28,XLE,XGBOOST,0.10721813068111945,0.19878333806991577
2024-02-29,XLE,XGBOOST,0.1093613774787356,0.20064519345760345
2024-03-01,XLE,XGBOOST,0.10702732752556357,0.22695913910865784
2024-03-04,XLE,XGBOOST,0.0946763106162224,0.22755689918994904
2024-03-05,XLE,XGBOOST,0.09458639712157108,0.21958012878894806
2024-03-06,XLE,XGBOOST,0.09698001179721102,0.21618375182151794
2024-03-07,XLE,XGBOOST,0.09809082902883126,0.21996796131134033
2024-03-08,XLE,XGBOOST,0.10710250505706292,0.2142903059720993
2024-03-11,XLE,XGBOOST,0.10694731443205407,0.21777747571468353
2024-03-12,XLE,XGBOOST,0.10445277974576324,0.21410386264324188
2024-03-13,XLE,XGBOOST,0.09832320029379533,0.20757892727851868
2024-03-14,XLE,XGBOOST,0.12011250367801449,0.20775668323040009
2024-03-15,XLE,XGBOOST,0.12791530781430796,0.20703010261058807
2024-03-18,XLE,XGBOOST,0.1337476837645345,0.21472251415252686
2024-03-19,XLE,XGBOOST,0.12968509091317817,0.21888606250286102
2024-03-20,XLE,XGBOOST,0.13024100769472696,0.21163393557071686
2024-03-21,XLE,XGBOOST,0.13496245284103017,0.21817874908447266
2024-03-22,XLE,XGBOOST,0.1355507659968129,0.20845063030719757
2024-03-25,XLE,XGBOOST,0.13341675030000807,0.2115858644247055
2024-03-26,XLE,XGBOOST,0.1289304156257035,0.1938309371471405
2024-03-27,XLE,XGBOOST,0.1264525808726566,0.18561729788780212
2024-03-28,XLE,XGBOOST,0.12739006544667925,0.18208420276641846
2024-04-01,XLE,XGBOOST,0.12697622052778285,0.18468913435935974
2024-04-02,XLE,XGBOOST,0.1586666332238906,0.18624578416347504
2024-04-03,XLE,XGBOOST,0.1633985836171782,0.1989707499742508
2024-04-04,XLE,XGBOOST,0.16600279925141273,0.22253714501857758
2024-04-05,XLE,XGBOOST,0.1591054755671611,0.20864379405975342
2024-04-08,XLE,XGBOOST,0.16295560238891696,0.2082749754190445
2024-04-09,XLE,XGBOOST,0.16276028811836793,0.19182787835597992
2024-04-10,XLE,XGBOOST,0.1616134863204909,0.19756975769996643
2024-04-11,XLE,XGBOOST,0.17104524197166196,0.19971300661563873
2024-04-12,XLE,XGBOOST,0.16284993350652455,0.213765949010849
2024-04-15,XLE,XGBOOST,0.160085373876224,0.22064879536628723
2024-04-16,XLE,XGBOOST,0.15747563730941982,0.22094856202602386
2024-04-17,XLE,XGBOOST,0.15744630180722735,0.20722874999046326
2024-04-18,XLE,XGBOOST,0.1573718890117982,0.209158256649971
2024-04-19,XLE,XGBOOST,0.15946037784448394,0.21343708038330078
2024-04-22,XLE,XGBOOST,0.15912342072157587,0.20744605362415314
2024-04-23,XLE,XGBOOST,0.15804370431827372,0.1980610489845276
2024-04-24,XLE,XGBOOST,0.17042873725855553,0.1859423667192459
2024-04-25,XLE,XGBOOST,0.1701868390674083,0.18119105696678162
2024-04-26,XLE,XGBOOST,0.16909190128286672,0.18328002095222473
2024-04-29,XLE,XGBOOST,0.17199201382373738,0.19458846747875214
2024-04-30,XLE,XGBOOST,0.14927289040453187,0.17796602845191956
2024-05-01,XLE,XGBOOST,0.13966563144096777,0.1746610701084137
2024-05-02,XLE,XGBOOST,0.16469395067731749,0.17165157198905945
2024-05-03,XLE,XGBOOST,0.1903451566038073,0.19418653845787048
2024-05-06,XLE,XGBOOST,0.1896909244936481,0.17931535840034485
2024-05-07,XLE,XGBOOST,0.1897686314904758,0.17809060215950012
2024-05-08,XLE,XGBOOST,0.19140511966793125,0.18320471048355103
2024-05-09,XLE,XGBOOST,0.18330241029913896,0.1832064688205719
2024-05-10,XLE,XGBOOST,0.18615172060547963,0.1785212904214859
2024-05-13,XLE,XGBOOST,0.186121075542451,0.18000996112823486
2024-05-14,XLE,XGBOOST,0.18848427266144865,0.19173146784305573
2024-05-15,XLE,XGBOOST,0.1892185633690559,0.2049677073955536
2024-05-16,XLE,XGBOOST,0.18992470846194867,0.19348755478858948
2024-05-17,XLE,XGBOOST,0.18053659616904022,0.18759261071681976
2024-05-20,XLE,XGBOOST,0.1822637220312592,0.2154010534286499
2024-05-21,XLE,XGBOOST,0.19713745869753915,0.2151515781879425
2024-05-22,XLE,XGBOOST,0.18686599101069082,0.19841031730175018
2024-05-23,XLE,XGBOOST,0.2059566280815472,0.21372690796852112
2024-05-24,XLE,XGBOOST,0.2060363895934258,0.21009191870689392
2024-05-28,XLE,XGBOOST,0.2057614023180444,0.20809443295001984
2024-05-29,XLE,XGBOOST,0.1954970057603364,0.2082975208759308
2024-05-30,XLE,XGBOOST,0.19568811773908498,0.21580156683921814
2024-05-31,XLE,XGBOOST,0.17392983839903206,0.2098642885684967
2024-06-03,XLE,XGBOOST,0.14475075575663965,0.20922952890396118
2024-06-04,XLE,XGBOOST,0.1400795778239686,0.1903419941663742
2024-06-05,XLE,XGBOOST,0.1526088663773113,0.19771520793437958
2024-06-06,XLE,XGBOOST,0.15328968362216042,0.19792625308036804
2024-06-07,XLE,XGBOOST,0.15590462456620308,0.19780512154102325
2024-06-10,XLE,XGBOOST,0.1554032998463799,0.20242805778980255
2024-06-11,XLE,XGBOOST,0.15976817451412814,0.20296581089496613
2024-06-12,XLE,XGBOOST,0.154438644960212,0.20088781416416168
2024-06-13,XLE,XGBOOST,0.15721938711238254,0.21206262707710266
2024-06-14,XLE,XGBOOST,0.15317209504539014,0.2161337286233902
2024-06-17,XLE,XGBOOST,0.15525801495302385,0.21031218767166138
2024-06-18,XLE,XGBOOST,0.1552714228715363,0.2178964465856552
2024-06-20,XLE,XGBOOST,0.15189152816320736,0.19996219873428345
2024-06-21,XLE,XGBOOST,0.15223636052340028,0.19057126343250275
2024-06-24,XLE,XGBOOST,0.13749202787144432,0.17840927839279175
2024-06-25,XLE,XGBOOST,0.13711549694049371,0.18490539491176605
2024-06-26,XLE,XGBOOST,0.1461558840880897,0.1881154179573059
2024-06-27,XLE,XGBOOST,0.14630692640436585,0.17982783913612366
2024-06-28,XLE,XGBOOST,0.1494651736176794,0.18928085267543793
2024-07-01,XLE,XGBOOST,0.15902043225098417,0.20151537656784058
2024-07-02,XLE,XGBOOST,0.15931318616014728,0.19137433171272278
2024-07-03,XLE,XGBOOST,0.18703139267475008,0.1908198893070221
2024-07-05,XLE,XGBOOST,0.2013813582375587,0.204306960105896
2024-07-08,XLE,XGBOOST,0.21464799364776893,0.1940353512763977
2024-07-09,XLE,XGBOOST,0.21465970463882345,0.20438741147518158
2024-07-10,XLE,XGBOOST,0.21357117237217385,0.2268623560667038
2024-07-11,XLE,XGBOOST,0.22463719543755192,0.21275833249092102
2024-07-12,XLE,XGBOOST,0.22458323622592863,0.20928636193275452
2024-07-15,XLE,XGBOOST,0.21801643708862042,0.18686160445213318
2024-07-16,XLE,XGBOOST,0.21901662481864365,0.182233527302742
2024-07-17,XLE,XGBOOST,0.21657334702117192,0.1638813614845276
2024-07-18,XLE,XGBOOST,0.22183259195191452,0.18560707569122314
2024-07-19,XLE,XGBOOST,0.2190052116894684,0.2024560570716858
2024-07-22,XLE,XGBOOST,0.21973263038803803,0.17244717478752136
2024-07-23,XLE,XGBOOST,0.23269145787293374,0.16823582351207733
2024-07-24,XLE,XGBOOST,0.23285187964583434,0.19533002376556396
2024-07-25,XLE,XGBOOST,0.2235083232334732,0.19142068922519684
2024-07-26,XLE,XGBOOST,0.23050877315220436,0.19519934058189392
2024-07-29,XLE,XGBOOST,0.23121886774838984,0.20578636229038239
2024-07-30,XLE,XGBOOST,0.2258176836021603,0.1994989961385727
2024-07-31,XLE,XGBOOST,0.22551093408641418,0.19114315509796143
2024-08-01,XLE,XGBOOST,0.21082485921280206,0.22472240030765533
2024-08-02,XLE,XGBOOST,0.18681616361815953,0.25238436460494995
2024-08-05,XLE,XGBOOST,0.1919097640512074,0.37338560819625854
2024-08-06,XLE,XGBOOST,0.1985224466551529,0.3336113393306732
2024-08-07,XLE,XGBOOST,0.2001259714025967,0.31884264945983887
2024-08-08,XLE,XGBOOST,0.18776740186971985,0.2862004041671753
2024-08-09,XLE,XGBOOST,0.18999360005348306,0.25021860003471375
2024-08-12,XLE,XGBOOST,0.1962371533483747,0.2508879601955414
2024-08-13,XLE,XGBOOST,0.1960484943672288,0.24615998566150665
2024-08-14,XLE,XGBOOST,0.19816163573298293,0.22854244709014893
2024-08-15,XLE,XGBOOST,0.19331466902702427,0.23122359812259674
2024-08-16,XLE,XGBOOST,0.19976697014382697,0.21890082955360413
2024-08-19,XLE,XGBOOST,0.20508594920757947,0.2271113395690918
2024-08-20,XLE,XGBOOST,0.18310440902192462,0.238385409116745
2024-08-21,XLE,XGBOOST,0.18817059234655115,0.23867429792881012
2024-08-22,XLE,XGBOOST,0.18809716445302682,0.24164751172065735
2024-08-23,XLE,XGBOOST,0.18560159757726302,0.21038299798965454
2024-08-26,XLE,XGBOOST,0.1824768967424978,0.20884260535240173
2024-08-27,XLE,XGBOOST,0.19237034979757434,0.2059316188097
2024-08-28,XLE,XGBOOST,0.2026155882130675,0.22492605447769165
2024-08-29,XLE,XGBOOST,0.21113306788264383,0.19861701130867004
2024-08-30,XLE,XGBOOST,0.21254593956313056,0.20471122860908508
2024-09-03,XLE,XGBOOST,0.20957768209284292,0.24659740924835205
2024-09-04,XLE,XGBOOST,0.20445479680866943,0.2463485598564148
2024-09-05,XLE,XGBOOST,0.20796910089908716,0.24742044508457184
2024-09-06,XLE,XGBOOST,0.20011145137485303,0.2545284330844879
2024-09-09,XLE,XGBOOST,0.19986102050298646,0.243398517370224
2024-09-10,XLE,XGBOOST,0.21491871657343573,0.24082450568675995
2024-09-11,XLE,XGBOOST,0.2093431729728914,0.24264360964298248
2024-09-12,XLE,XGBOOST,0.2088677689557282,0.24438603222370148
2024-09-13,XLE,XGBOOST,0.2089170166118055,0.24114550650119781
2024-09-16,XLE,XGBOOST,0.20793072726880876,0.24068887531757355
2024-09-17,XLE,XGBOOST,0.24167408108748686,0.23001447319984436
2024-09-18,XLE,XGBOOST,0.2419430823688641,0.2260601967573166
2024-09-19,XLE,XGBOOST,0.23927897268124151,0.21561001241207123
2024-09-20,XLE,XGBOOST,0.23952094346741934,0.21337153017520905
2024-09-23,XLE,XGBOOST,0.23634894627707623,0.20726187527179718
2024-09-24,XLE,XGBOOST,0.23615449143764422,0.2187827080488205
2024-09-25,XLE,XGBOOST,0.22474555234726906,0.21425987780094147
2024-09-26,XLE,XGBOOST,0.21038886237416188,0.21134938299655914
2024-09-27,XLE,XGBOOST,0.1998661050803946,0.23690351843833923
2024-09-30,XLE,XGBOOST,0.20059386462556558,0.23006725311279297
2024-10-01,XLE,XGBOOST,0.19100586221212912,0.2333497405052185
2024-10-02,XLE,XGBOOST,0.18681676349042559,0.24440687894821167
2024-10-03,XLE,XGBOOST,0.1755827917218321,0.24423636496067047
2024-10-04,XLE,XGBOOST,0.17089952887517434,0.2335219830274582
2024-10-07,XLE,XGBOOST,0.18424129664528135,0.2439633160829544
2024-10-08,XLE,XGBOOST,0.16256580200915405,0.23761646449565887
2024-10-09,XLE,XGBOOST,0.20925186812293467,0.23619234561920166
2024-10-10,XLE,XGBOOST,0.20903238667896765,0.23792335391044617
2024-10-11,XLE,XGBOOST,0.2092101961655816,0.23161746561527252
2024-10-15,XLE,XGBOOST,0.1706902638605926,0.24938645958900452
2024-10-16,XLE,XGBOOST,0.17161558587950876,0.24247105419635773
2024-10-17,XLE,XGBOOST,0.1714700712090706,0.2519500255584717
2024-10-18,XLE,XGBOOST,0.17079716039566278,0.24858926236629486
2024-10-21,XLE,XGBOOST,0.17370760206087665,0.24741239845752716
2024-10-22,XLE,XGBOOST,0.17699171554196386,0.25231292843818665
2024-10-23,XLE,XGBOOST,0.17615519597715712,0.2448238581418991
2024-10-24,XLE,XGBOOST,0.17631669682323703,0.23636305332183838
2024-10-25,XLE,XGBOOST,0.17584146739176465,0.22448742389678955
2024-10-28,XLE,XGBOOST,0.19228960810296544,0.22817274928092957
2024-10-29,XLE,XGBOOST,0.18028075037515248,0.223667174577713
2024-10-30,XLE,XGBOOST,0.18109566015992654,0.2376604974269867
2024-10-31,XLE,XGBOOST,0.1808916429963878,0.2444993555545807
2024-11-01,XLE,XGBOOST,0.1846714034484424,0.23091788589954376
2024-11-04,XLE,XGBOOST,0.17764786551561243,0.23007889091968536
2024-11-05,XLE,XGBOOST,0.20112197864034348,0.224129781126976
2024-11-06,XLE,XGBOOST,0.15117004608565726,0.1983783096075058
2024-11-07,XLE,XGBOOST,0.16178308920308795,0.19099633395671844
2024-11-08,XLE,XGBOOST,0.15914953176728402,0.19903968274593353
2024-11-12,XLE,XGBOOST,0.15793142303539995,0.1814081370830536
2024-11-13,XLE,XGBOOST,0.15516976721593959,0.1963222622871399
2024-11-14,XLE,XGBOOST,0.15347334835200063,0.18613813817501068
2024-11-15,XLE,XGBOOST,0.1676172684616438,0.18941311538219452
2024-11-18,XLE,XGBOOST,0.15486612820090398,0.18119299411773682
2024-11-19,XLE,XGBOOST,0.17830107831898903,0.19342811405658722
2024-11-20,XLE,XGBOOST,0.16761490326962633,0.2088041603565216
2024-11-21,XLE,XGBOOST,0.16981009618160745,0.20521265268325806
2024-11-22,XLE,XGBOOST,0.17339791024549142,0.191099613904953
2024-11-25,XLE,XGBOOST,0.17446283048586939,0.18944795429706573
2024-11-26,XLE,XGBOOST,0.17464365249042377,0.19622310996055603
2024-11-27,XLE,XGBOOST,0.17499064313434992,0.19114767014980316
2024-11-29,XLE,XGBOOST,0.17240299726168015,0.18920497596263885
2024-12-02,XLE,XGBOOST,0.18352175376349641,0.19567610323429108
2024-12-03,XLE,XGBOOST,0.19176792255327332,0.19275203347206116
2024-12-04,XLE,XGBOOST,0.1810083687161636,0.18544377386569977
2024-12-05,XLE,XGBOOST,0.17969901899286847,0.1937154084444046
2024-12-06,XLE,XGBOOST,0.17647613990464836,0.1858491599559784
2024-12-09,XLE,XGBOOST,0.1766615063758455,0.17757844924926758
2024-12-10,XLE,XGBOOST,0.17626246273843724,0.17937375605106354
2024-12-11,XLE,XGBOOST,0.1919822735934796,0.17838315665721893
2024-12-12,XLE,XGBOOST,0.19261325325363896,0.17865660786628723
2024-12-13,XLE,XGBOOST,0.196727990245985,0.17563822865486145
2024-12-16,XLE,XGBOOST,0.17466734528201366,0.2405645251274109
2024-12-17,XLE,XGBOOST,0.1699934103018998,0.2300989031791687
2024-12-18,XLE,XGBOOST,0.11803296846871031,0.2544715106487274
2024-12-19,XLE,XGBOOST,0.13708906129499404,0.24982251226902008
2024-12-20,XLE,XGBOOST,0.1360445918604536,0.2146027684211731
2024-12-23,XLE,XGBOOST,0.1456038654788747,0.21832174062728882
2024-12-24,XLE,XGBOOST,0.15357170117679397,0.2470751702785492
2024-12-26,XLE,XGBOOST,0.15967228336817654,0.26420751214027405
2024-12-27,XLE,XGBOOST,0.159313656010719,0.2723923325538635
2024-12-30,XLE,XGBOOST,0.1590594912926782,0.25290539860725403
2024-12-31,XLE,XGBOOST,0.189981324050285,0.25818678736686707
2025-01-02,XLE,XGBOOST,0.18699868799984817,0.20558439195156097
2025-01-03,XLE,XGBOOST,0.1979492167141329,0.1781013458967209
2025-01-06,XLE,XGBOOST,0.19666599224819062,0.18041720986366272
2025-01-07,XLE,XGBOOST,0.20675734305415844,0.19475238025188446
2025-01-08,XLE,XGBOOST,0.2067481281032991,0.19670581817626953
2025-01-10,XLE,XGBOOST,0.22015197401731884,0.19426046311855316
2025-01-13,XLE,XGBOOST,0.20943848157671324,0.1953391581773758
2025-01-14,XLE,XGBOOST,0.2234746723736466,0.18675044178962708
2025-01-15,XLE,XGBOOST,0.2180794191652705,0.16435690224170685
2025-01-16,XLE,XGBOOST,0.21665936013609507,0.18152184784412384
2025-01-17,XLE,XGBOOST,0.221004624356478,0.1607183963060379
2025-01-21,XLE,XGBOOST,0.22292622837384618,0.16370578110218048
2025-01-22,XLE,XGBOOST,0.2154004425874425,0.16734638810157776
2025-01-23,XLE,XGBOOST,0.22789208846938225,0.17252527177333832
2025-01-24,XLE,XGBOOST,0.22539915730752996,0.16643142700195312
2025-01-27,XLE,XGBOOST,0.22828428972606735,0.19974620640277863
2025-01-28,XLE,XGBOOST,0.22663535972944765,0.2020333707332611
2025-01-29,XLE,XGBOOST,0.2273561494279216,0.20225240290164948
2025-01-30,XLE,XGBOOST,0.23330212501821362,0.18544884026050568
2025-01-31,XLE,XGBOOST,0.24618411050638137,0.19495630264282227
2025-02-03,XLE,XGBOOST,0.2474191605512915,0.20100370049476624
2025-02-04,XLE,XGBOOST,0.23849584212329272,0.20582664012908936
2025-02-05,XLE,XGBOOST,0.2387526944556161,0.1803772896528244
2025-02-06,XLE,XGBOOST,0.24018818781906212,0.18018481135368347
2025-02-07,XLE,XGBOOST,0.24188752032182181,0.1945544332265854
2025-02-10,XLE,XGBOOST,0.2286055660699793,0.17179390788078308
2025-02-11,XLE,XGBOOST,0.22696156571092702,0.17711682617664337
2025-02-12,XLE,XGBOOST,0.21196635191778165,0.17312994599342346
2025-02-13,XLE,XGBOOST,0.23613763208337635,0.17785827815532684
2025-02-14,XLE,XGBOOST,0.24240583594899698,0.17994455993175507
2025-02-18,XLE,XGBOOST,0.23760786764432426,0.183108851313591
2025-02-19,XLE,XGBOOST,0.24302467066758282,0.1842757761478424
2025-02-20,XLE,XGBOOST,0.2412190088556947,0.18634237349033356
2025-02-21,XLE,XGBOOST,0.22976951598963735,0.1930689811706543
2025-02-24,XLE,XGBOOST,0.23271989940336027,0.19024497270584106
2025-02-25,XLE,XGBOOST,0.2250718812569441,0.19074834883213043
2025-02-26,XLE,XGBOOST,0.22332156276124754,0.19407032430171967
2025-02-27,XLE,XGBOOST,0.2275415013871853,0.19464242458343506
2025-02-28,XLE,XGBOOST,0.22321496726146373,0.19220483303070068
2025-03-03,XLE,XGBOOST,0.17822021268849642,0.21119874715805054
2025-03-04,XLE,XGBOOST,0.17134013649413873,0.2146337777376175
2025-03-05,XLE,XGBOOST,0.15657602432192494,0.20752012729644775
2025-03-06,XLE,XGBOOST,0.3459992324386952,0.2282981127500534
2025-03-07,XLE,XGBOOST,0.4831439526649574,0.21905522048473358
2025-03-10,XLE,XGBOOST,0.48098799364145695,0.23152250051498413
2025-03-11,XLE,XGBOOST,0.48512831278840984,0.23956583440303802
2025-03-12,XLE,XGBOOST,0.5633133152193861,0.22124594449996948
2025-03-13,XLE,XGBOOST,0.6085040450275856,0.22656890749931335
2025-03-14,XLE,XGBOOST,0.6051678393098892,0.21078813076019287
2025-03-17,XLE,XGBOOST,0.6008396913117536,0.2073226124048233
2025-03-18,XLE,XGBOOST,0.6003636211460545,0.20699334144592285
2025-03-19,XLE,XGBOOST,0.5969601473835106,0.20783786475658417
2025-03-20,XLE,XGBOOST,0.6051063399908219,0.21696361899375916
2025-03-21,XLE,XGBOOST,0.609341178237487,0.21482813358306885
2025-03-24,XLE,XGBOOST,0.6168543969061122,0.20691153407096863
2025-03-25,XLE,XGBOOST,0.6158522548355843,0.2075049877166748
2025-03-26,XLE,XGBOOST,0.6196097133346722,0.20410101115703583
2025-03-27,XLE,XGBOOST,0.6196776468696151,0.20522932708263397
2025-03-28,XLE,XGBOOST,0.6213939382954744,0.2068859338760376
2025-03-31,XLE,XGBOOST,0.6184901625073869,0.20903688669204712
2025-04-01,XLE,XGBOOST,0.6211937592756841,0.21724554896354675
2025-04-02,XLE,XGBOOST,0.621704922785696,0.21620211005210876
2025-04-03,XLE,XGBOOST,0.5603496200981778,0.25564444065093994
2025-04-04,XLE,XGBOOST,0.4434572856319862,0.7426784634590149
2025-04-07,XLE,XGBOOST,0.4425717669143689,0.6624983549118042
2025-04-08,XLE,XGBOOST,0.4328174890970693,0.7368180751800537
2025-04-09,XLE,XGBOOST,0.34287326295214293,0.4792291224002838
2025-04-10,XLE,XGBOOST,0.2351867664409177,0.639927327632904
2025-04-11,XLE,XGBOOST,0.23669725437195255,0.5254244208335876
2025-04-14,XLE,XGBOOST,0.2396094127125895,0.5415497422218323
2025-04-15,XLE,XGBOOST,0.24154405507570853,0.5543119311332703
2025-04-16,XLE,XGBOOST,0.24099221521430203,0.5540016889572144
2025-04-17,XLE,XGBOOST,0.23103704687327173,0.5253903865814209
2025-04-21,XLE,XGBOOST,0.213013367731904,0.46159809827804565
2025-04-22,XLE,XGBOOST,0.2003619929330633,0.49615445733070374
2025-04-23,XLE,XGBOOST,0.21234951984433742,0.5183494687080383
2025-04-24,XLE,XGBOOST,0.2048241964254514,0.5118707418441772
2025-04-25,XLE,XGBOOST,0.2051624937783231,0.5028597116470337
2025-04-28,XLE,XGBOOST,0.20599426979140012,0.491111695766449
2025-04-29,XLE,XGBOOST,0.21066645326515088,0.39447855949401855
2025-04-30,XLE,XGBOOST,0.18712624170769046,0.45590558648109436
2025-05-01,XLE,XGBOOST,0.1901134925891012,0.42436617612838745
2025-05-02,XLE,XGBOOST,0.1887485148048078,0.3527924418449402
2025-05-05,XLE,XGBOOST,0.1793647244909045,0.36235830187797546
2025-05-06,XLE,XGBOOST,0.19505113443521435,0.4146735966205597
2025-05-07,XLE,XGBOOST,0.19515647783014495,0.3441780209541321
2025-05-08,XLE,XGBOOST,0.20071077582600974,0.30459490418434143
2025-05-09,XLE,XGBOOST,0.19798569946764535,0.29539379477500916
2025-05-12,XLE,XGBOOST,0.18614841299131704,0.2606898844242096
2025-05-13,XLE,XGBOOST,0.18652917192924492,0.2607637345790863
2025-05-14,XLE,XGBOOST,0.18527096506786084,0.2625225782394409
2025-05-15,XLE,XGBOOST,0.1940877843869204,0.27255791425704956
2025-05-16,XLE,XGBOOST,0.19444413011184253,0.2738911211490631
2025-05-19,XLE,XGBOOST,0.18854285739354734,0.27938973903656006
2025-05-20,XLE,XGBOOST,0.1865245812867733,0.24548067152500153
2025-05-21,XLE,XGBOOST,0.17038684586268452,0.24265331029891968
2025-05-22,XLE,XGBOOST,0.1988776169247247,0.24881787598133087
2025-05-23,XLE,XGBOOST,0.20688732256017403,0.2788042426109314
2025-05-27,XLE,XGBOOST,0.20663948306576743,0.2530324161052704
2025-05-28,XLE,XGBOOST,0.20408889765648505,0.24957413971424103
2025-05-29,XLE,XGBOOST,0.2052796380789612,0.2515689730644226
2025-05-30,XLE,XGBOOST,0.20330718667298672,0.24969366192817688
2025-06-02,XLE,XGBOOST,0.20043337818929843,0.24039657413959503
2025-06-03,XLE,XGBOOST,0.20463121713055324,0.23835383355617523
2025-06-04,XLE,XGBOOST,0.18747853479274568,0.24063540995121002
2025-06-05,XLE,XGBOOST,0.19267115609386828,0.24112465977668762
2025-06-06,XLE,XGBOOST,0.2029923157716487,0.24212411046028137
2025-06-09,XLE,XGBOOST,0.2051744968614074,0.24393144249916077
2025-06-10,XLE,XGBOOST,0.19863984055886946,0.20629364252090454
2025-06-11,XLE,XGBOOST,0.1938713911801279,0.23086000978946686
2025-06-12,XLE,XGBOOST,0.1992175683640255,0.2322770059108734
2025-06-13,XLE,XGBOOST,0.19733480094030195,0.2046155333518982
2025-06-16,XLE,XGBOOST,0.19938965855237945,0.21317382156848907
2025-06-17,XLE,XGBOOST,0.19762400038135358,0.2204742133617401
2025-06-18,XLE,XGBOOST,0.19830418605763706,0.22605420649051666
2025-06-20,XLE,XGBOOST,0.19663674841080597,0.22613908350467682
2025-06-23,XLE,XGBOOST,0.17643139810559877,0.20844827592372894
2025-06-24,XLE,XGBOOST,0.17822380990297046,0.1977311372756958
2025-06-25,XLE,XGBOOST,0.1782076992144849,0.20136235654354095
2025-06-26,XLE,XGBOOST,0.17279028669652327,0.21029940247535706
2025-06-27,XLE,XGBOOST,0.17509533751338907,0.1812284290790558
2025-06-30,XLE,XGBOOST,0.17507314419055361,0.19583763182163239
2025-07-01,XLE,XGBOOST,0.18354978503368036,0.20620378851890564
2025-07-02,XLE,XGBOOST,0.17505754231372792,0.2101443111896515
2025-07-03,XLE,XGBOOST,0.18738449698730683,0.20164895057678223
2025-07-07,XLE,XGBOOST,0.18455144037226112,0.19576439261436462
2025-07-08,XLE,XGBOOST,0.15489261395913037,0.20153038203716278
2025-07-09,XLE,XGBOOST,0.15680160730122186,0.19205081462860107
2025-07-10,XLE,XGBOOST,0.15280857561997882,0.19746963679790497
2025-07-11,XLE,XGBOOST,0.15409243161739655,0.22352707386016846
2025-07-14,XLE,XGBOOST,0.15220868722716166,0.2497052103281021
2025-07-15,XLE,XGBOOST,0.14697082630147837,0.23978057503700256
2025-07-16,XLE,XGBOOST,0.15094044876676185,0.2500484585762024
2025-07-17,XLE,XGBOOST,0.14902622206992575,0.24751754105091095
2025-07-18,XLE,XGBOOST,0.1463904769476944,0.24702751636505127
2025-07-21,XLE,XGBOOST,0.14311526439795366,0.24460837244987488
2025-07-22,XLE,XGBOOST,0.1420490414996471,0.25468769669532776
2025-07-23,XLE,XGBOOST,0.13343718894354012,0.2322448492050171
2025-07-24,XLE,XGBOOST,0.13323886577565458,0.25285446643829346
2025-07-25,XLE,XGBOOST,0.15153308933277537,0.24521200358867645
2025-07-28,XLE,XGBOOST,0.14644085160609818,0.24984288215637207
2025-07-29,XLE,XGBOOST,0.14208882107751786,0.23859833180904388
2025-07-30,XLE,XGBOOST,0.13762447335956063,0.23213239014148712
2025-07-31,XLE,XGBOOST,0.13751715911465817,0.285991370677948
2025-08-01,XLE,XGBOOST,0.11522727037670315,0.2955930233001709
2025-08-04,XLE,XGBOOST,0.11386607107402512,0.2880595326423645
2025-08-05,XLE,XGBOOST,0.14572778942190792,0.2825523912906647
2025-08-06,XLE,XGBOOST,0.1406692627470433,0.28641730546951294
2025-08-07,XLE,XGBOOST,0.15970110622335984,0.24374929070472717
2025-08-08,XLE,XGBOOST,0.1593185887880098,0.20848044753074646
2025-08-11,XLE,XGBOOST,0.15582294185845524,0.22816349565982819
2025-08-12,XLE,XGBOOST,0.1649319227749615,0.2177084982395172
2025-08-13,XLE,XGBOOST,0.16164355321403726,0.2217217981815338
2025-08-14,XLE,XGBOOST,0.16382468702008368,0.21223728358745575
2025-08-15,XLE,XGBOOST,0.16474381265675334,0.20483100414276123
2025-08-18,XLE,XGBOOST,0.17043289068498724,0.20688952505588531
2025-08-19,XLE,XGBOOST,0.1702148863884665,0.2019316852092743
2025-08-20,XLE,XGBOOST,0.17014592876323575,0.19696451723575592
2025-08-21,XLE,XGBOOST,0.17781572738604712,0.22044028341770172
2025-08-22,XLE,XGBOOST,0.1631889133330177,0.20467588305473328
2025-08-25,XLE,XGBOOST,0.1738075689170013,0.20693551003932953
2025-08-26,XLE,XGBOOST,0.1786398545756141,0.2099713385105133
2025-08-27,XLE,XGBOOST,0.17722719449157331,0.2156846672296524
2025-08-28,XLE,XGBOOST,0.1780354377507282,0.21953263878822327
2025-08-29,XLE,XGBOOST,0.19100972347809592,0.20006656646728516
2025-09-02,XLE,XGBOOST,0.1949246051783361,0.21938687562942505
2025-09-03,XLE,XGBOOST,0.17598421913883278,0.2106764167547226
2025-09-04,XLE,XGBOOST,0.17877224562149457,0.19460523128509521
2025-09-05,XLE,XGBOOST,0.163829359234348,0.16069959104061127
2025-09-08,XLE,XGBOOST,0.16373415052509138,0.1636616289615631
2025-09-09,XLE,XGBOOST,0.16331299817093417,0.1638685017824173
2025-09-10,XLE,XGBOOST,0.15398465327951127,0.1706232875585556
2025-09-11,XLE,XGBOOST,0.16185475973883848,0.17044514417648315
2025-09-12,XLE,XGBOOST,0.19127286922510403,0.16904252767562866
2025-09-15,XLE,XGBOOST,0.19836654733444417,0.16781000792980194
2025-09-16,XLE,XGBOOST,0.18761596504080857,0.16924192011356354
2025-09-17,XLE,XGBOOST,0.18710772658413616,0.17199742794036865
2025-09-18,XLE,XGBOOST,0.19073448343000737,0.17127983272075653
2025-09-19,XLE,XGBOOST,0.18920064234928669,0.18692341446876526
2025-09-22,XLE,XGBOOST,0.19359321363966547,0.1978919953107834
2025-09-23,XLE,XGBOOST,0.1822142928251423,0.19364750385284424
2025-09-24,XLE,XGBOOST,0.18200624003712623,0.18149404227733612
2025-09-25,XLE,XGBOOST,0.1858613565411855,0.17831049859523773
2025-09-26,XLE,XGBOOST,0.184202074084344,0.17219115793704987
2025-09-29,XLE,XGBOOST,0.17425179299280436,0.16844084858894348
2025-09-30,XLE,XGBOOST,0.17409905619059696,0.18808934092521667
2025-10-01,XLE,XGBOOST,0.17670095465375396,0.21219033002853394
2025-10-02,XLE,XGBOOST,0.1743593425277863,0.23846571147441864
2025-10-03,XLE,XGBOOST,0.17538246181795342,0.22502824664115906
2025-10-06,XLE,XGBOOST,0.17425315064868582,0.2119576781988144
2025-10-07,XLE,XGBOOST,0.1776595426972936,0.21695826947689056
2025-10-08,XLE,XGBOOST,0.1773394014557051,0.2104301154613495
2025-10-09,XLE,XGBOOST,0.1743177006195989,0.21008934080600739
2025-10-10,XLE,XGBOOST,0.14161008946162285,0.21144764125347137
2025-10-14,XLE,XGBOOST,0.1425704384798115,0.21025444567203522
2025-10-15,XLE,XGBOOST,0.15450179779828568,0.22020882368087769
2025-10-16,XLE,XGBOOST,0.1449112595354181,0.26443517208099365
2025-10-17,XLE,XGBOOST,0.15217545758236287,0.20874090492725372
2025-10-20,XLE,XGBOOST,0.16805162110814933,0.20445455610752106
2025-10-21,XLE,XGBOOST,0.16854726671735581,0.2078418731689453
2025-10-22,XLE,XGBOOST,0.17250509757440238,0.20554408431053162
2025-10-23,XLE,XGBOOST,0.17182563907256598,0.2062091827392578
2025-10-24,XLE,XGBOOST,0.1688904265376183,0.203036367893219
2025-10-27,XLE,XGBOOST,0.16923193083630236,0.19386181235313416
2025-10-28,XLE,XGBOOST,0.166262157894242,0.21032428741455078
2025-10-29,XLE,XGBOOST,0.16632670982290879,0.21459825336933136
2025-10-30,XLE,XGBOOST,0.16985004682295998,0.19736416637897491
2025-10-31,XLE,XGBOOST,0.17104263871467626,0.19913114607334137
2025-11-03,XLE,XGBOOST,0.17889502071644936,0.1945408433675766
2025-11-04,XLE,XGBOOST,0.18322970552943843,0.19273033738136292
2025-11-05,XLE,XGBOOST,0.18332296456778177,0.20363283157348633
2025-11-06,XLE,XGBOOST,0.1828769653370477,0.20256267488002777
2025-11-07,XLE,XGBOOST,0.18229600374286015,0.20054316520690918
2025-11-10,XLE,XGBOOST,0.18084912245906073,0.22385552525520325
2025-11-12,XLE,XGBOOST,0.17163537319662603,0.25163713097572327
2025-11-13,XLE,XGBOOST,0.17565958208464869,0.2518652677536011
2025-11-14,XLE,XGBOOST,0.16597556405862623,0.23258395493030548
2025-11-17,XLE,XGBOOST,0.18814050090834486,0.2234073132276535
2025-11-18,XLE,XGBOOST,0.20336841200828423,0.24478350579738617
2025-11-19,XLE,XGBOOST,0.2046986033864516,0.23058350384235382
2025-11-20,XLE,XGBOOST,0.20090484098116013,0.2577596604824066
2025-11-21,XLE,XGBOOST,0.20315420122228217,0.24484588205814362
2025-11-24,XLE,XGBOOST,0.2042326485656587,0.22402800619602203
2025-11-25,XLE,XGBOOST,0.20312831027696482,0.22764764726161957
2025-11-26,XLE,XGBOOST,0.20191176442653305,0.22774532437324524
2025-11-28,XLE,XGBOOST,0.19922663359712844,0.21395467221736908
2025-12-01,XLE,XGBOOST,0.1980516566288458,0.25662681460380554
2025-12-02,XLE,XGBOOST,0.19345637875529897,0.2199946790933609
2025-12-03,XLE,XGBOOST,0.19643379047348092,0.18265458941459656
2025-12-04,XLE,XGBOOST,0.2178446852555177,0.1876077502965927
2025-12-05,XLE,XGBOOST,0.23944264452864414,0.18814875185489655
2025-12-08,XLE,XGBOOST,0.23962197887893366,0.1872120201587677
2025-12-09,XLE,XGBOOST,0.26300072102133,0.18528436124324799
2025-12-10,XLE,XGBOOST,0.2608626729779988,0.17185355722904205
2025-12-11,XLE,XGBOOST,0.26166728422988805,0.1709204763174057
2025-12-12,XLE,XGBOOST,0.26253580370414925,0.16827178001403809
2025-12-15,XLE,XGBOOST,0.2696391973773185,0.1725105196237564
2025-12-16,XLE,XGBOOST,0.24249649334688875,0.16544729471206665
2025-12-17,XLE,XGBOOST,0.23381276729960349,0.17647400498390198
2025-12-18,XLE,XGBOOST,0.2248688920479209,0.17085504531860352
2025-12-19,XLE,XGBOOST,0.23469408403509248,0.17182011902332306
2025-12-22,XLE,XGBOOST,0.23407378029557635,0.17927320301532745
2025-12-23,XLE,XGBOOST,0.2340224089078798,0.18912558257579803
2025-12-24,XLE,XGBOOST,0.23276545531374043,0.18613868951797485
2025-12-26,XLE,XGBOOST,0.2306328181927444,0.18629617989063263
2025-12-29,XLE,XGBOOST,0.23034213050035068,0.18685686588287354
2025-12-30,XLE,XGBOOST,0.23057423790504766,0.18344368040561676
2025-12-31,XLE,XGBOOST,0.22710170038096472,0.17722322046756744
2023-12-28,XLV,XGBOOST,0.09100928175032912,0.14744065701961517
2023-12-29,XLV,XGBOOST,0.0910405274593397,0.14457270503044128
2024-01-02,XLV,XGBOOST,0.06925679058201889,0.12486012279987335
2024-01-03,XLV,XGBOOST,0.08123746542945957,0.1356755495071411
2024-01-04,XLV,XGBOOST,0.08059736567869427,0.12826129794120789
2024-01-05,XLV,XGBOOST,0.0806228054277794,0.13479651510715485
2024-01-08,XLV,XGBOOST,0.08342903512848746,0.13700252771377563
2024-01-09,XLV,XGBOOST,0.08339883027304135,0.12600526213645935
2024-01-10,XLV,XGBOOST,0.0832521429278066,0.1236419603228569
2024-01-11,XLV,XGBOOST,0.08326791840781021,0.12489323318004608
2024-01-12,XLV,XGBOOST,0.08218039069697661,0.12216337025165558
2024-01-16,XLV,XGBOOST,0.08683328889506689,0.12482911348342896
2024-01-17,XLV,XGBOOST,0.0899114550084894,0.12554611265659332
2024-01-18,XLV,XGBOOST,0.09176581983965111,0.12721142172813416
2024-01-19,XLV,XGBOOST,0.09169223395443082,0.132943794131279
2024-01-22,XLV,XGBOOST,0.0933233434678744,0.13276688754558563
2024-01-23,XLV,XGBOOST,0.09286495863816069,0.16158339381217957
2024-01-24,XLV,XGBOOST,0.08924197216830164,0.1656838357448578
2024-01-25,XLV,XGBOOST,0.08782999775412743,0.16813313961029053
2024-01-26,XLV,XGBOOST,0.0922041893565593,0.16671805083751678
2024-01-29,XLV,XGBOOST,0.09249964737658478,0.1605384796857834
2024-01-30,XLV,XGBOOST,0.09601087635663351,0.16427300870418549
2024-01-31,XLV,XGBOOST,0.10195663565609532,0.1588640660047531
2024-02-01,XLV,XGBOOST,0.09867677594827648,0.15996931493282318
2024-02-02,XLV,XGBOOST,0.09868719094541725,0.1567973643541336
2024-02-05,XLV,XGBOOST,0.10336314723885107,0.15682893991470337
2024-02-06,XLV,XGBOOST,0.09914508613170647,0.1501825898885727
2024-02-07,XLV,XGBOOST,0.09990124598072224,0.1581975817680359
2024-02-08,XLV,XGBOOST,0.09993870097918132,0.1617865115404129
2024-02-09,XLV,XGBOOST,0.09989674162959856,0.15916772186756134
2024-02-12,XLV,XGBOOST,0.10081219112714426,0.1654219627380371
2024-02-13,XLV,XGBOOST,0.0951151535386718,0.1547086536884308
2024-02-14,XLV,XGBOOST,0.09234759509364662,0.1566566526889801
2024-02-15,XLV,XGBOOST,0.09024769905187285,0.15569163858890533
2024-02-16,XLV,XGBOOST,0.0894718383150889,0.14916305243968964
2024-02-20,XLV,XGBOOST,0.09161154371218289,0.15014035999774933
2024-02-21,XLV,XGBOOST,0.09182080927969558,0.14758338034152985
2024-02-22,XLV,XGBOOST,0.08136270597666335,0.14622367918491364
2024-02-23,XLV,XGBOOST,0.07916061887495805,0.14628095924854279
2024-02-26,XLV,XGBOOST,0.0774238968967141,0.14250069856643677
2024-02-27,XLV,XGBOOST,0.07835741009074552,0.11142052710056305
2024-02-28,XLV,XGBOOST,0.08933935502174602,0.11603951454162598
2024-02-29,XLV,XGBOOST,0.08294645110471109,0.11017797142267227
2024-03-01,XLV,XGBOOST,0.08222011714672187,0.11877899616956711
2024-03-04,XLV,XGBOOST,0.09972853649628347,0.12154918164014816
2024-03-05,XLV,XGBOOST,0.09629918457171345,0.13549000024795532
2024-03-06,XLV,XGBOOST,0.10521460241948906,0.13895080983638763
2024-03-07,XLV,XGBOOST,0.10937738549612093,0.15269356966018677
2024-03-08,XLV,XGBOOST,0.10962303009849075,0.14706145226955414
2024-03-11,XLV,XGBOOST,0.11085795593002365,0.14114516973495483
2024-03-12,XLV,XGBOOST,0.11526389983625072,0.15389414131641388
2024-03-13,XLV,XGBOOST,0.1153218593575719,0.15207131206989288
2024-03-14,XLV,XGBOOST,0.1245371928425243,0.1450583040714264
2024-03-15,XLV,XGBOOST,0.12437790748867752,0.13875366747379303
2024-03-18,XLV,XGBOOST,0.12449496073990224,0.13101713359355927
2024-03-19,XLV,XGBOOST,0.12014395388968052,0.14871874451637268
2024-03-20,XLV,XGBOOST,0.12047263253925518,0.16010645031929016
2024-03-21,XLV,XGBOOST,0.12179462393567118,0.16081026196479797
2024-03-22,XLV,XGBOOST,0.12371918081264228,0.14348356425762177
2024-03-25,XLV,XGBOOST,0.13479579468750613,0.13189668953418732
2024-03-26,XLV,XGBOOST,0.13358891541931003,0.1185716837644577
2024-03-27,XLV,XGBOOST,0.12228742770496724,0.11636441946029663
2024-03-28,XLV,XGBOOST,0.12233494370733228,0.12904736399650574
2024-04-01,XLV,XGBOOST,0.12207229181497688,0.13457755744457245
2024-04-02,XLV,XGBOOST,0.11104755739273084,0.13165831565856934
2024-04-03,XLV,XGBOOST,0.11160516931779707,0.1331256777048111
2024-04-04,XLV,XGBOOST,0.09986887500622627,0.1457061767578125
2024-04-05,XLV,XGBOOST,0.09427491166857402,0.1388549953699112
2024-04-08,XLV,XGBOOST,0.09536206698633065,0.13287346065044403
2024-04-09,XLV,XGBOOST,0.09935143357198228,0.13094399869441986
2024-04-10,XLV,XGBOOST,0.09050201032565143,0.13973969221115112
2024-04-11,XLV,XGBOOST,0.09366214536807962,0.13550767302513123
2024-04-12,XLV,XGBOOST,0.07269530055389986,0.14787517488002777
2024-04-15,XLV,XGBOOST,0.07208830115123328,0.14824743568897247
2024-04-16,XLV,XGBOOST,0.07244166681225946,0.15053366124629974
2024-04-17,XLV,XGBOOST,0.08414306823288396,0.14565710723400116
2024-04-18,XLV,XGBOOST,0.08471178586181956,0.15202449262142181
2024-04-19,XLV,XGBOOST,0.08465259648168573,0.14946986734867096
2024-04-22,XLV,XGBOOST,0.08611627126261173,0.15448591113090515
2024-04-23,XLV,XGBOOST,0.07631249364233035,0.1375201940536499
2024-04-24,XLV,XGBOOST,0.0741415466427792,0.12515108287334442
2024-04-25,XLV,XGBOOST,0.08193295296438345,0.12356654554605484
2024-04-26,XLV,XGBOOST,0.08382037297577162,0.12767472863197327
2024-04-29,XLV,XGBOOST,0.09661564682982494,0.13438847661018372
2024-04-30,XLV,XGBOOST,0.1012549072590077,0.11668291687965393
2024-05-01,XLV,XGBOOST,0.10113139769520386,0.12204260379076004
2024-05-02,XLV,XGBOOST,0.11273510597997256,0.1372554898262024
2024-05-03,XLV,XGBOOST,0.11457956191538592,0.14438821375370026
2024-05-06,XLV,XGBOOST,0.11429678558785832,0.14114099740982056
2024-05-07,XLV,XGBOOST,0.11204908324409389,0.14318503439426422
2024-05-08,XLV,XGBOOST,0.11095808907971712,0.14344224333763123
2024-05-09,XLV,XGBOOST,0.10774272664775364,0.1503657102584839
2024-05-10,XLV,XGBOOST,0.10809548967813115,0.1458558887243271
2024-05-13,XLV,XGBOOST,0.10951239933747654,0.14742188155651093
2024-05-14,XLV,XGBOOST,0.10934551026796639,0.1586369127035141
2024-05-15,XLV,XGBOOST,0.095937769123711,0.1655360609292984
2024-05-16,XLV,XGBOOST,0.09586042440797683,0.17800845205783844
2024-05-17,XLV,XGBOOST,0.09562861373175709,0.17890389263629913
2024-05-20,XLV,XGBOOST,0.0954879186873124,0.17993798851966858
2024-05-21,XLV,XGBOOST,0.09602949037146927,0.17909342050552368
2024-05-22,XLV,XGBOOST,0.0963403833148055,0.16922655701637268
2024-05-23,XLV,XGBOOST,0.0888717788212815,0.15352262556552887
2024-05-24,XLV,XGBOOST,0.08871148633555148,0.14824159443378448
2024-05-28,XLV,XGBOOST,0.07614133322943373,0.13448260724544525
2024-05-29,XLV,XGBOOST,0.06908090131749682,0.13437268137931824
2024-05-30,XLV,XGBOOST,0.06954137001683752,0.1580328494310379
2024-05-31,XLV,XGBOOST,0.05538568012502553,0.15182934701442719
2024-06-03,XLV,XGBOOST,0.05191714217185561,0.14061042666435242
2024-06-04,XLV,XGBOOST,0.05753680219921355,0.1016106829047203
2024-06-05,XLV,XGBOOST,0.06210769529904819,0.11086923629045486
2024-06-06,XLV,XGBOOST,0.060703307796726766,0.11172822117805481
2024-06-07,XLV,XGBOOST,0.06340530427963802,0.11593776196241379
2024-06-10,XLV,XGBOOST,0.07099220705520867,0.12827816605567932
2024-06-11,XLV,XGBOOST,0.07340322124444236,0.14209705591201782
2024-06-12,XLV,XGBOOST,0.07535357510134959,0.14831137657165527
2024-06-13,XLV,XGBOOST,0.07678476282227076,0.13716457784175873
2024-06-14,XLV,XGBOOST,0.09003983712551632,0.12798647582530975
2024-06-17,XLV,XGBOOST,0.0900961908687205,0.12485507875680923
2024-06-18,XLV,XGBOOST,0.12601448180471755,0.12025435268878937
2024-06-20,XLV,XGBOOST,0.1266826400767167,0.10885223001241684
2024-06-21,XLV,XGBOOST,0.12775242406414758,0.10847099125385284
2024-06-24,XLV,XGBOOST,0.12646317845842686,0.10600986331701279
2024-06-25,XLV,XGBOOST,0.12858259750931947,0.10802040249109268
2024-06-26,XLV,XGBOOST,0.12938680278123363,0.10544051975011826
2024-06-27,XLV,XGBOOST,0.12997018068171906,0.10786347836256027
2024-06-28,XLV,XGBOOST,0.1297478545733074,0.10337527096271515
2024-07-01,XLV,XGBOOST,0.12705595879667236,0.11165337264537811
2024-07-02,XLV,XGBOOST,0.12705885507092185,0.11849316209554672
2024-07-03,XLV,XGBOOST,0.12525807481726128,0.12311570346355438
2024-07-05,XLV,XGBOOST,0.1248079807271733,0.13672703504562378
2024-07-08,XLV,XGBOOST,0.16230379797372174,0.12567156553268433
2024-07-09,XLV,XGBOOST,0.1622344829052191,0.1378442347049713
2024-07-10,XLV,XGBOOST,0.1634998376203889,0.1424466222524643
2024-07-11,XLV,XGBOOST,0.17979091261681068,0.12457142770290375
2024-07-12,XLV,XGBOOST,0.17932073826139452,0.11595836281776428
2024-07-15,XLV,XGBOOST,0.17941274047188785,0.13191811740398407
2024-07-16,XLV,XGBOOST,0.17740896003549303,0.12097876518964767
2024-07-17,XLV,XGBOOST,0.17714836737047532,0.11797330528497696
2024-07-18,XLV,XGBOOST,0.15496756123781147,0.10596825927495956
2024-07-19,XLV,XGBOOST,0.15451684155130235,0.10177983343601227
2024-07-22,XLV,XGBOOST,0.1546377534587886,0.10503412783145905
2024-07-23,XLV,XGBOOST,0.15460353036107585,0.10654276609420776
2024-07-24,XLV,XGBOOST,0.15274493659102342,0.10543008893728256
2024-07-25,XLV,XGBOOST,0.1508117511404953,0.11309463530778885
2024-07-26,XLV,XGBOOST,0.1504530749505885,0.10866232216358185
2024-07-29,XLV,XGBOOST,0.15062270418640986,0.10548417270183563
2024-07-30,XLV,XGBOOST,0.15058961230184936,0.0989944189786911
2024-07-31,XLV,XGBOOST,0.14924384378463185,0.10742542147636414
2024-08-01,XLV,XGBOOST,0.14611137175941835,0.11504674702882767
2024-08-02,XLV,XGBOOST,0.1466082130735415,0.13171952962875366
2024-08-05,XLV,XGBOOST,0.10012114499080822,0.24398799240589142
2024-08-06,XLV,XGBOOST,0.10154698966425546,0.20243269205093384
2024-08-07,XLV,XGBOOST,0.10834166787180137,0.18355587124824524
2024-08-08,XLV,XGBOOST,0.0837439751130724,0.16410459578037262
2024-08-09,XLV,XGBOOST,0.0851453953059982,0.16557782888412476
2024-08-12,XLV,XGBOOST,0.08318585198877779,0.15195712447166443
2024-08-13,XLV,XGBOOST,0.07608611723493265,0.1319279819726944
2024-08-14,XLV,XGBOOST,0.07609998463978429,0.12872575223445892
2024-08-15,XLV,XGBOOST,0.07393412700336535,0.1232411339879036
2024-08-16,XLV,XGBOOST,0.07671969002151069,0.1150907576084137
2024-08-19,XLV,XGBOOST,0.08517972928767896,0.14429543912410736
2024-08-20,XLV,XGBOOST,0.08453016964885829,0.14706292748451233
2024-08-21,XLV,XGBOOST,0.08521546227444686,0.1448526829481125
2024-08-22,XLV,XGBOOST,0.0866942984205347,0.13658450543880463
2024-08-23,XLV,XGBOOST,0.0855579038109057,0.13830725848674774
2024-08-26,XLV,XGBOOST,0.08580603265199739,0.1402589976787567
2024-08-27,XLV,XGBOOST,0.09190681250880398,0.13546247780323029
2024-08-28,XLV,XGBOOST,0.09284174042238624,0.13255450129508972
2024-08-29,XLV,XGBOOST,0.09225659183726216,0.12783414125442505
2024-08-30,XLV,XGBOOST,0.09184426521169307,0.13239720463752747
2024-09-03,XLV,XGBOOST,0.09313272543385145,0.16654759645462036
2024-09-04,XLV,XGBOOST,0.09316995185121411,0.16512757539749146
2024-09-05,XLV,XGBOOST,0.08573566689605004,0.15929478406906128
2024-09-06,XLV,XGBOOST,0.08531139553897724,0.16008876264095306
2024-09-09,XLV,XGBOOST,0.08143013840219317,0.15973542630672455
2024-09-10,XLV,XGBOOST,0.08226977112939705,0.16089624166488647
2024-09-11,XLV,XGBOOST,0.09104594480250054,0.15081462264060974
2024-09-12,XLV,XGBOOST,0.09044277317104213,0.1512526124715805
2024-09-13,XLV,XGBOOST,0.09447819324633797,0.14758563041687012
2024-09-16,XLV,XGBOOST,0.0931513370240173,0.14688700437545776
2024-09-17,XLV,XGBOOST,0.09603999814771211,0.13714493811130524
2024-09-18,XLV,XGBOOST,0.09676035929225568,0.13728299736976624
2024-09-19,XLV,XGBOOST,0.09726168878413109,0.14299753308296204
2024-09-20,XLV,XGBOOST,0.09859667481822629,0.14991602301597595
2024-09-23,XLV,XGBOOST,0.10642594873330001,0.1396550089120865
2024-09-24,XLV,XGBOOST,0.10637462019615139,0.14407376945018768
2024-09-25,XLV,XGBOOST,0.10224909077304861,0.15227220952510834
2024-09-26,XLV,XGBOOST,0.10309950819051383,0.1512783169746399
2024-09-27,XLV,XGBOOST,0.1041633308224815,0.15308795869350433
2024-09-30,XLV,XGBOOST,0.10051518909867888,0.14575789868831635
2024-10-01,XLV,XGBOOST,0.09972986037937395,0.15089751780033112
2024-10-02,XLV,XGBOOST,0.0997232000017186,0.1473245620727539
2024-10-03,XLV,XGBOOST,0.09915537057700971,0.1691875457763672
2024-10-04,XLV,XGBOOST,0.10237298727045802,0.16463221609592438
2024-10-07,XLV,XGBOOST,0.10352758108037681,0.16722840070724487
2024-10-08,XLV,XGBOOST,0.10540829855350396,0.15714946389198303
2024-10-09,XLV,XGBOOST,0.09696359646330312,0.16020287573337555
2024-10-10,XLV,XGBOOST,0.10166842821893984,0.15650492906570435
2024-10-11,XLV,XGBOOST,0.10149844569719262,0.15466193854808807
2024-10-15,XLV,XGBOOST,0.10210795645372622,0.15471360087394714
2024-10-16,XLV,XGBOOST,0.10061333856679988,0.13739579916000366
2024-10-17,XLV,XGBOOST,0.11121830781805726,0.12746335566043854
2024-10-18,XLV,XGBOOST,0.12116170737376601,0.12916241586208344
2024-10-21,XLV,XGBOOST,0.11832573934384359,0.12936995923519135
2024-10-22,XLV,XGBOOST,0.11832994754084122,0.12665310502052307
2024-10-23,XLV,XGBOOST,0.1297735634692984,0.13227348029613495
2024-10-24,XLV,XGBOOST,0.13404444999295675,0.13249258697032928
2024-10-25,XLV,XGBOOST,0.13364634221225408,0.13938689231872559
2024-10-28,XLV,XGBOOST,0.1379806187722878,0.14204370975494385
2024-10-29,XLV,XGBOOST,0.13972789478048048,0.1444747895002365
2024-10-30,XLV,XGBOOST,0.14128890612005077,0.14351508021354675
2024-10-31,XLV,XGBOOST,0.1384640207512083,0.14424291253089905
2024-11-01,XLV,XGBOOST,0.13692798459111374,0.16537167131900787
2024-11-04,XLV,XGBOOST,0.1350968336577404,0.1386115550994873
2024-11-05,XLV,XGBOOST,0.13230495385418448,0.16103212535381317
2024-11-06,XLV,XGBOOST,0.1375823211632801,0.13207219541072845
2024-11-07,XLV,XGBOOST,0.13496211933364388,0.13632358610630035
2024-11-08,XLV,XGBOOST,0.13210396620665016,0.13759832084178925
2024-11-12,XLV,XGBOOST,0.1311409301216031,0.13133403658866882
2024-11-13,XLV,XGBOOST,0.132975629218481,0.12410097569227219
2024-11-14,XLV,XGBOOST,0.12258417084445129,0.11694344133138657
2024-11-15,XLV,XGBOOST,0.1116971854814887,0.1025509461760521
2024-11-18,XLV,XGBOOST,0.1115401111096203,0.10390152037143707
2024-11-19,XLV,XGBOOST,0.11958045634237864,0.10233502089977264
2024-11-20,XLV,XGBOOST,0.1107562968864952,0.11006107926368713
2024-11-21,XLV,XGBOOST,0.11735154579471026,0.11230392009019852
2024-11-22,XLV,XGBOOST,0.12461422133965867,0.10355986654758453
2024-11-25,XLV,XGBOOST,0.12076756069417205,0.10127724707126617
2024-11-26,XLV,XGBOOST,0.1186678951962158,0.10716365277767181
2024-11-27,XLV,XGBOOST,0.11567064608614205,0.10399733483791351
2024-11-29,XLV,XGBOOST,0.11859953532109842,0.09602262824773788
2024-12-02,XLV,XGBOOST,0.12024818972695675,0.11674225330352783
2024-12-03,XLV,XGBOOST,0.1208339540952364,0.1132664754986763
2024-12-04,XLV,XGBOOST,0.1288972050014895,0.11774074286222458
2024-12-05,XLV,XGBOOST,0.12499839780657139,0.11808832734823227
2024-12-06,XLV,XGBOOST,0.1264443134046438,0.11733269691467285
2024-12-09,XLV,XGBOOST,0.12769176247681766,0.11372129619121552
2024-12-10,XLV,XGBOOST,0.12824464589433557,0.1106870248913765
2024-12-11,XLV,XGBOOST,0.12908802994599156,0.11763595044612885
2024-12-12,XLV,XGBOOST,0.1313074024269226,0.11707200855016708
2024-12-13,XLV,XGBOOST,0.13214959745142324,0.1258040815591812
2024-12-16,XLV,XGBOOST,0.12476321506608462,0.13233765959739685
2024-12-17,XLV,XGBOOST,0.12759309662252466,0.1292273998260498
2024-12-18,XLV,XGBOOST,0.12774169134637473,0.12876565754413605
2024-12-19,XLV,XGBOOST,0.12371058473477267,0.12824024260044098
2024-12-20,XLV,XGBOOST,0.1245361406025557,0.118500255048275
2024-12-23,XLV,XGBOOST,0.12130177448512507,0.121762715280056
2024-12-24,XLV,XGBOOST,0.14095767335768858,0.10845857113599777
2024-12-26,XLV,XGBOOST,0.14525377179478552,0.10213662683963776
2024-12-27,XLV,XGBOOST,0.1461049076763679,0.10095228999853134
2024-12-30,XLV,XGBOOST,0.13852077430185325,0.1129608154296875
2024-12-31,XLV,XGBOOST,0.14054623955487103,0.1095275953412056
2025-01-02,XLV,XGBOOST,0.14011337534630533,0.1092495247721672
2025-01-03,XLV,XGBOOST,0.1396577333957964,0.09813736379146576
2025-01-06,XLV,XGBOOST,0.14132127280610254,0.0995413213968277
2025-01-07,XLV,XGBOOST,0.1476687576679221,0.1103062778711319
2025-01-08,XLV,XGBOOST,0.14952951305113577,0.113038070499897
2025-01-10,XLV,XGBOOST,0.1472030120667642,0.11772680282592773
2025-01-13,XLV,XGBOOST,0.14233463386827264,0.1181553304195404
2025-01-14,XLV,XGBOOST,0.1357546295735327,0.11512993276119232
2025-01-15,XLV,XGBOOST,0.1357237333166136,0.11323481053113937
2025-01-16,XLV,XGBOOST,0.14299469524361527,0.11599940806627274
2025-01-17,XLV,XGBOOST,0.1404016745378076,0.11008498072624207
2025-01-21,XLV,XGBOOST,0.13596868617109775,0.10697417706251144
2025-01-22,XLV,XGBOOST,0.13606250317696242,0.09975536912679672
2025-01-23,XLV,XGBOOST,0.13111367150474318,0.09535446017980576
2025-01-24,XLV,XGBOOST,0.1336354759716397,0.09648697823286057
2025-01-27,XLV,XGBOOST,0.11216048051680237,0.10122701525688171
2025-01-28,XLV,XGBOOST,0.11234552919203673,0.10191856324672699
2025-01-29,XLV,XGBOOST,0.11116563769475078,0.10135425627231598
2025-01-30,XLV,XGBOOST,0.11127127387587375,0.09380816668272018
2025-01-31,XLV,XGBOOST,0.11114028058902431,0.10006657987833023
2025-02-03,XLV,XGBOOST,0.1162489350430993,0.10266896337270737
2025-02-04,XLV,XGBOOST,0.12062534955957205,0.09715884923934937
2025-02-05,XLV,XGBOOST,0.11675676150153247,0.09334567934274673
2025-02-06,XLV,XGBOOST,0.1115224336560191,0.0965971127152443
2025-02-07,XLV,XGBOOST,0.11746250848904166,0.09712864458560944
2025-02-10,XLV,XGBOOST,0.12420266600179818,0.0987066850066185
2025-02-11,XLV,XGBOOST,0.1290626246304593,0.09429554641246796
2025-02-12,XLV,XGBOOST,0.13017994019480617,0.1029701679944992
2025-02-13,XLV,XGBOOST,0.13256479632671503,0.09895916283130646
2025-02-14,XLV,XGBOOST,0.13434337323489642,0.10761796683073044
2025-02-18,XLV,XGBOOST,0.1339939523151195,0.1048486977815628
2025-02-19,XLV,XGBOOST,0.1261057589521233,0.10193230956792831
2025-02-20,XLV,XGBOOST,0.12450229879207679,0.10563293844461441
2025-02-21,XLV,XGBOOST,0.12337242225551798,0.11058489978313446
2025-02-24,XLV,XGBOOST,0.12296265478687633,0.11269044876098633
2025-02-25,XLV,XGBOOST,0.1267047952307247,0.10937248170375824
2025-02-26,XLV,XGBOOST,0.12502351775277315,0.1101856604218483
2025-02-27,XLV,XGBOOST,0.1247103721393958,0.12327065318822861
2025-02-28,XLV,XGBOOST,0.11638410753966265,0.12435309588909149
2025-03-03,XLV,XGBOOST,0.12194702326795828,0.12846331298351288
2025-03-04,XLV,XGBOOST,0.1339104154195319,0.1285001039505005
2025-03-05,XLV,XGBOOST,0.1306072712952655,0.1337578445672989
2025-03-06,XLV,XGBOOST,0.1326038735731044,0.14892202615737915
2025-03-07,XLV,XGBOOST,0.23411803740847886,0.12833788990974426
2025-03-10,XLV,XGBOOST,0.23307007240138977,0.12889093160629272
2025-03-11,XLV,XGBOOST,0.2331371490116328,0.14890269935131073
2025-03-12,XLV,XGBOOST,0.28542006895469696,0.13456039130687714
2025-03-13,XLV,XGBOOST,0.300353217298018,0.13393402099609375
2025-03-14,XLV,XGBOOST,0.30460244963039385,0.13375110924243927
2025-03-17,XLV,XGBOOST,0.30428211049943665,0.13326966762542725
2025-03-18,XLV,XGBOOST,0.3042765299897722,0.13389140367507935
2025-03-19,XLV,XGBOOST,0.30500045944066545,0.1276576817035675
2025-03-20,XLV,XGBOOST,0.3046930258541297,0.13011008501052856
2025-03-21,XLV,XGBOOST,0.311178943561966,0.12822012603282928
2025-03-24,XLV,XGBOOST,0.3193570814088679,0.1309233158826828
2025-03-25,XLV,XGBOOST,0.31927318138694033,0.13055330514907837
2025-03-26,XLV,XGBOOST,0.3240010966128088,0.13504889607429504
2025-03-27,XLV,XGBOOST,0.32475001637038076,0.13464312255382538
2025-03-28,XLV,XGBOOST,0.3255309198102597,0.14017219841480255
2025-03-31,XLV,XGBOOST,0.32338231001128964,0.138217031955719
2025-04-01,XLV,XGBOOST,0.3197247661466974,0.1332312524318695
2025-04-02,XLV,XGBOOST,0.33176349917817904,0.13447502255439758
2025-04-03,XLV,XGBOOST,0.3360895899826289,0.141783207654953
2025-04-04,XLV,XGBOOST,0.26698239814176167,0.45240113139152527
2025-04-07,XLV,XGBOOST,0.28542152625485256,0.34080401062965393
2025-04-08,XLV,XGBOOST,0.28352192004387183,0.37352433800697327
2025-04-09,XLV,XGBOOST,0.2385594339234445,0.2576758861541748
2025-04-10,XLV,XGBOOST,0.22015142912516708,0.31864646077156067
2025-04-11,XLV,XGBOOST,0.23175743383784905,0.2600920498371124
2025-04-14,XLV,XGBOOST,0.2500991970310721,0.2820429503917694
2025-04-15,XLV,XGBOOST,0.2611370355639501,0.2768765091896057
2025-04-16,XLV,XGBOOST,0.26602531916321903,0.3018491268157959
2025-04-17,XLV,XGBOOST,0.27685553415509206,0.23926401138305664
2025-04-21,XLV,XGBOOST,0.26769309057319235,0.16397255659103394
2025-04-22,XLV,XGBOOST,0.2593505064916144,0.17009295523166656
2025-04-23,XLV,XGBOOST,0.2712697691992035,0.17639398574829102
2025-04-24,XLV,XGBOOST,0.2671264904564319,0.1585959792137146
2025-04-25,XLV,XGBOOST,0.26575458269243535,0.16565027832984924
2025-04-28,XLV,XGBOOST,0.2713950388585286,0.16226939857006073
2025-04-29,XLV,XGBOOST,0.2701649655564282,0.1755448430776596
2025-04-30,XLV,XGBOOST,0.26921486808809403,0.1766912192106247
2025-05-01,XLV,XGBOOST,0.2532981773520601,0.17806850373744965
2025-05-02,XLV,XGBOOST,0.24704226177068372,0.17122668027877808
2025-05-05,XLV,XGBOOST,0.24753147075793605,0.1889021396636963
2025-05-06,XLV,XGBOOST,0.22770563233120275,0.1817156970500946
2025-05-07,XLV,XGBOOST,0.22572983135574887,0.18877571821212769
2025-05-08,XLV,XGBOOST,0.2263777599018148,0.17976140975952148
2025-05-09,XLV,XGBOOST,0.2227529600732018,0.19213297963142395
2025-05-12,XLV,XGBOOST,0.20854881542403975,0.1845340132713318
2025-05-13,XLV,XGBOOST,0.17483546845286663,0.1901721954345703
2025-05-14,XLV,XGBOOST,0.14828819576623736,0.1910421997308731
2025-05-15,XLV,XGBOOST,0.1459317946519636,0.19644735753536224
2025-05-16,XLV,XGBOOST,0.13071906484142193,0.2015981823205948
2025-05-19,XLV,XGBOOST,0.14060047134043105,0.18936727941036224
2025-05-20,XLV,XGBOOST,0.14028303151403262,0.18579618632793427
2025-05-21,XLV,XGBOOST,0.11288013497267213,0.19887785613536835
2025-05-22,XLV,XGBOOST,0.1086173459559618,0.20043781399726868
2025-05-23,XLV,XGBOOST,0.1153018628800612,0.19969260692596436
2025-05-27,XLV,XGBOOST,0.10570371712336465,0.19378362596035004
2025-05-28,XLV,XGBOOST,0.10334215744070167,0.20575116574764252
2025-05-29,XLV,XGBOOST,0.10196663294092989,0.1883801966905594
2025-05-30,XLV,XGBOOST,0.10380283575680266,0.2061374932527542
2025-06-02,XLV,XGBOOST,0.11369969603512355,0.18524892628192902
2025-06-03,XLV,XGBOOST,0.12091734422108845,0.1793227642774582
2025-06-04,XLV,XGBOOST,0.12087604179641431,0.16342875361442566
2025-06-05,XLV,XGBOOST,0.12529890772190513,0.1669444441795349
2025-06-06,XLV,XGBOOST,0.12187120636891528,0.18992316722869873
2025-06-09,XLV,XGBOOST,0.12215517324763601,0.17549626529216766
2025-06-10,XLV,XGBOOST,0.11745088338183138,0.18125221133232117
2025-06-11,XLV,XGBOOST,0.12152925326756354,0.18759332597255707
2025-06-12,XLV,XGBOOST,0.11806676519612046,0.18870283663272858
2025-06-13,XLV,XGBOOST,0.13313004204579912,0.1731281876564026
2025-06-16,XLV,XGBOOST,0.14109529621852396,0.1727067232131958
2025-06-17,XLV,XGBOOST,0.13416467418201714,0.16481952369213104
2025-06-18,XLV,XGBOOST,0.13610984572415502,0.15997299551963806
2025-06-20,XLV,XGBOOST,0.13653819990568147,0.16489771008491516
2025-06-23,XLV,XGBOOST,0.15193851500008768,0.16107627749443054
2025-06-24,XLV,XGBOOST,0.1625843998992437,0.15596209466457367
2025-06-25,XLV,XGBOOST,0.16342838507773447,0.15475207567214966
2025-06-26,XLV,XGBOOST,0.16415134208439475,0.16016268730163574
2025-06-27,XLV,XGBOOST,0.16738581780145,0.15820185840129852
2025-06-30,XLV,XGBOOST,0.16756175584616229,0.16330012679100037
2025-07-01,XLV,XGBOOST,0.15887465067895248,0.15881171822547913
2025-07-02,XLV,XGBOOST,0.18429403431348665,0.1629914492368698
2025-07-03,XLV,XGBOOST,0.18582322826986036,0.1622381955385208
2025-07-07,XLV,XGBOOST,0.19213573915137067,0.1698921024799347
2025-07-08,XLV,XGBOOST,0.19152322334541635,0.17594042420387268
2025-07-09,XLV,XGBOOST,0.19702431527252795,0.16851496696472168
2025-07-10,XLV,XGBOOST,0.19751403594637476,0.14143440127372742
2025-07-11,XLV,XGBOOST,0.20049555949079234,0.17199575901031494
2025-07-14,XLV,XGBOOST,0.20074778886148262,0.17059795558452606
2025-07-15,XLV,XGBOOST,0.19319759033455045,0.17097385227680206
2025-07-16,XLV,XGBOOST,0.19668091968449194,0.17422035336494446
2025-07-17,XLV,XGBOOST,0.19300558108344054,0.16606062650680542
2025-07-18,XLV,XGBOOST,0.19923877091683598,0.1678982377052307
2025-07-21,XLV,XGBOOST,0.19795287138104423,0.1673901230096817
2025-07-22,XLV,XGBOOST,0.1889268193035041,0.17623239755630493
2025-07-23,XLV,XGBOOST,0.17587718361224045,0.16862870752811432
2025-07-24,XLV,XGBOOST,0.1757566065795367,0.17567190527915955
2025-07-25,XLV,XGBOOST,0.1771204889356501,0.16596131026744843
2025-07-28,XLV,XGBOOST,0.1820995327974458,0.17546482384204865
2025-07-29,XLV,XGBOOST,0.18143032243208881,0.17602784931659698
2025-07-30,XLV,XGBOOST,0.18123846741654423,0.1682993620634079
2025-07-31,XLV,XGBOOST,0.1458736727193793,0.17792761325836182
2025-08-01,XLV,XGBOOST,0.14658668935214844,0.1803891509771347
2025-08-04,XLV,XGBOOST,0.1397208281975565,0.19131501019001007
2025-08-05,XLV,XGBOOST,0.14022510935234486,0.18413901329040527
2025-08-06,XLV,XGBOOST,0.1255273941378414,0.16533736884593964
2025-08-07,XLV,XGBOOST,0.11386195977753938,0.1829247921705246
2025-08-08,XLV,XGBOOST,0.11261229549652746,0.17834115028381348
2025-08-11,XLV,XGBOOST,0.11271327602217526,0.17531201243400574
2025-08-12,XLV,XGBOOST,0.11968254097165965,0.1702979952096939
2025-08-13,XLV,XGBOOST,0.12183117516309326,0.16493308544158936
2025-08-14,XLV,XGBOOST,0.13094150260271714,0.13540863990783691
2025-08-15,XLV,XGBOOST,0.12264315352770809,0.134553462266922
2025-08-18,XLV,XGBOOST,0.12226142900906369,0.12628109753131866
2025-08-19,XLV,XGBOOST,0.12037803688038608,0.12318295985460281
2025-08-20,XLV,XGBOOST,0.1190072302042908,0.12617765367031097
2025-08-21,XLV,XGBOOST,0.1184667832517412,0.14185620844364166
2025-08-22,XLV,XGBOOST,0.11451527202864413,0.13626216351985931
2025-08-25,XLV,XGBOOST,0.10202914887935635,0.1357092559337616
2025-08-26,XLV,XGBOOST,0.10088316687535226,0.14057768881320953
2025-08-27,XLV,XGBOOST,0.11703723172121183,0.1433291733264923
2025-08-28,XLV,XGBOOST,0.1226176749701834,0.14264898002147675
2025-08-29,XLV,XGBOOST,0.12007162907867477,0.13654519617557526
2025-09-02,XLV,XGBOOST,0.1475082951382825,0.14567604660987854
2025-09-03,XLV,XGBOOST,0.179351130587036,0.1407792717218399
2025-09-04,XLV,XGBOOST,0.17998972819753187,0.1430235505104065
2025-09-05,XLV,XGBOOST,0.18281488301334325,0.13514244556427002
2025-09-08,XLV,XGBOOST,0.18448804445686776,0.12742003798484802
2025-09-09,XLV,XGBOOST,0.18424996065152144,0.12844786047935486
2025-09-10,XLV,XGBOOST,0.17932506308320298,0.12700439989566803
2025-09-11,XLV,XGBOOST,0.17162992194482338,0.12777724862098694
2025-09-12,XLV,XGBOOST,0.17495838563837995,0.1293468177318573
2025-09-15,XLV,XGBOOST,0.17113293338938515,0.1318853199481964
2025-09-16,XLV,XGBOOST,0.17097866424127448,0.12966834008693695
2025-09-17,XLV,XGBOOST,0.17099179275182452,0.13312719762325287
2025-09-18,XLV,XGBOOST,0.17153250215832744,0.13647736608982086
2025-09-19,XLV,XGBOOST,0.17184653642696285,0.13790743052959442
2025-09-22,XLV,XGBOOST,0.17393498241070932,0.13747139275074005
2025-09-23,XLV,XGBOOST,0.17393138149774304,0.14329199492931366
2025-09-24,XLV,XGBOOST,0.17221063961125083,0.140211284160614
2025-09-25,XLV,XGBOOST,0.1555890986897049,0.1425599604845047
2025-09-26,XLV,XGBOOST,0.15467151671184814,0.13384148478507996
2025-09-29,XLV,XGBOOST,0.154729638682113,0.13554154336452484
2025-09-30,XLV,XGBOOST,0.1390376075091438,0.14601749181747437
2025-10-01,XLV,XGBOOST,0.09849968824767491,0.1262582689523697
2025-10-02,XLV,XGBOOST,0.09841621868279776,0.14518038928508759
2025-10-03,XLV,XGBOOST,0.08953905547416495,0.14205877482891083
2025-10-06,XLV,XGBOOST,0.08796682502126228,0.1414112150669098
2025-10-07,XLV,XGBOOST,0.08931570970873465,0.14349409937858582
2025-10-08,XLV,XGBOOST,0.09003619706113841,0.13824579119682312
2025-10-09,XLV,XGBOOST,0.08964044484827892,0.14593175053596497
2025-10-10,XLV,XGBOOST,0.06955509224462378,0.13035868108272552
2025-10-14,XLV,XGBOOST,0.10391877422029261,0.15886138379573822
2025-10-15,XLV,XGBOOST,0.11114076848314483,0.16601456701755524
2025-10-16,XLV,XGBOOST,0.11050037843502367,0.14237059652805328
2025-10-17,XLV,XGBOOST,0.1147808418754687,0.13249170780181885
2025-10-20,XLV,XGBOOST,0.11179916267513072,0.12949314713478088
2025-10-21,XLV,XGBOOST,0.11249498594939338,0.1480628401041031
2025-10-22,XLV,XGBOOST,0.11277614345039642,0.14263954758644104
2025-10-23,XLV,XGBOOST,0.11633052419990259,0.14634978771209717
2025-10-24,XLV,XGBOOST,0.13417857149839565,0.14714814722537994
2025-10-27,XLV,XGBOOST,0.13424489968659395,0.1401718109846115
2025-10-28,XLV,XGBOOST,0.14607118980744574,0.14881013333797455
2025-10-29,XLV,XGBOOST,0.13808287647813577,0.15058520436286926
2025-10-30,XLV,XGBOOST,0.1420636532165867,0.16030800342559814
2025-10-31,XLV,XGBOOST,0.1574269119330177,0.15570713579654694
2025-11-03,XLV,XGBOOST,0.16100663049173689,0.16204515099525452
2025-11-04,XLV,XGBOOST,0.1610234879346335,0.14646302163600922
2025-11-05,XLV,XGBOOST,0.16562517985477512,0.15527521073818207
2025-11-06,XLV,XGBOOST,0.1674300790261167,0.15387870371341705
2025-11-07,XLV,XGBOOST,0.1751333010227612,0.15242384374141693
2025-11-10,XLV,XGBOOST,0.17820134750848138,0.1583700031042099
2025-11-12,XLV,XGBOOST,0.16232221668279032,0.1485154777765274
2025-11-13,XLV,XGBOOST,0.16260760874243144,0.14891691505908966
2025-11-14,XLV,XGBOOST,0.16673854830138043,0.1480800062417984
2025-11-17,XLV,XGBOOST,0.17439988570042952,0.15326273441314697
2025-11-18,XLV,XGBOOST,0.17356275378632122,0.16043487191200256
2025-11-19,XLV,XGBOOST,0.1733886039433133,0.16088120639324188
2025-11-20,XLV,XGBOOST,0.17291005133361806,0.16497163474559784
2025-11-21,XLV,XGBOOST,0.15813119636103193,0.15860824286937714
2025-11-24,XLV,XGBOOST,0.15770555547060927,0.15289777517318726
2025-11-25,XLV,XGBOOST,0.1358859906034499,0.14542962610721588
2025-11-26,XLV,XGBOOST,0.13601038972580226,0.1443348377943039
2025-11-28,XLV,XGBOOST,0.13511426014454989,0.13614074885845184
2025-12-01,XLV,XGBOOST,0.12350987668986955,0.14839838445186615
2025-12-02,XLV,XGBOOST,0.12328507834222761,0.149233877658844
2025-12-03,XLV,XGBOOST,0.12324950669675606,0.13355526328086853
2025-12-04,XLV,XGBOOST,0.1203376587618188,0.14267319440841675
2025-12-05,XLV,XGBOOST,0.13619424872747457,0.1399562656879425
2025-12-08,XLV,XGBOOST,0.12879406787874642,0.1423826813697815
2025-12-09,XLV,XGBOOST,0.12871322335696786,0.13990870118141174
2025-12-10,XLV,XGBOOST,0.12403946321033618,0.13311269879341125
2025-12-11,XLV,XGBOOST,0.12085670011072591,0.14028698205947876
2025-12-12,XLV,XGBOOST,0.12221658394510031,0.15345963835716248
2025-12-15,XLV,XGBOOST,0.11602601081428464,0.13344044983386993
2025-12-16,XLV,XGBOOST,0.10693852101474013,0.12519600987434387
2025-12-17,XLV,XGBOOST,0.11116201762832013,0.144435852766037
2025-12-18,XLV,XGBOOST,0.11168133852310215,0.13864268362522125
2025-12-19,XLV,XGBOOST,0.12645959142262822,0.13774371147155762
2025-12-22,XLV,XGBOOST,0.12493342041933207,0.13567979633808136
2025-12-23,XLV,XGBOOST,0.12640099161364757,0.14235621690750122
2025-12-24,XLV,XGBOOST,0.1258874827447416,0.14509642124176025
2025-12-26,XLV,XGBOOST,0.14048442569510602,0.14300677180290222
2025-12-29,XLV,XGBOOST,0.14272632977761968,0.13830333948135376
2025-12-30,XLV,XGBOOST,0.14304536384551908,0.1436687558889389
2025-12-31,XLV,XGBOOST,0.1435379036077015,0.14419402182102203
2023-12-28,TLT,XGBOOST,0.12886500951146054,0.19174878299236298
2023-12-29,TLT,XGBOOST,0.13264094757387263,0.2092159539461136
2024-01-02,TLT,XGBOOST,0.13757384744913045,0.1902829259634018
2024-01-03,TLT,XGBOOST,0.15456411566225983,0.20555473864078522
2024-01-04,TLT,XGBOOST,0.1653774780159504,0.19470453262329102
2024-01-05,TLT,XGBOOST,0.1773203674793194,0.1889774054288864
2024-01-08,TLT,XGBOOST,0.17724678128478497,0.18638989329338074
2024-01-09,TLT,XGBOOST,0.1767043623223023,0.18471401929855347
2024-01-10,TLT,XGBOOST,0.17708104799535643,0.18909981846809387
2024-01-11,TLT,XGBOOST,0.17539568907058894,0.186105415225029
2024-01-12,TLT,XGBOOST,0.17560069405599454,0.18769149482250214
2024-01-16,TLT,XGBOOST,0.1749993009161958,0.18116527795791626
2024-01-17,TLT,XGBOOST,0.17637650823510717,0.17740066349506378
2024-01-18,TLT,XGBOOST,0.17459416854800885,0.17819209396839142
2024-01-19,TLT,XGBOOST,0.17526237706108416,0.17701362073421478
2024-01-22,TLT,XGBOOST,0.17369072005943798,0.1745905727148056
2024-01-23,TLT,XGBOOST,0.1732663103288868,0.1979486644268036
2024-01-24,TLT,XGBOOST,0.1732603609106203,0.20302346348762512
2024-01-25,TLT,XGBOOST,0.17835931498528473,0.18843308091163635
2024-01-26,TLT,XGBOOST,0.17856107812232622,0.1859235018491745
2024-01-29,TLT,XGBOOST,0.17495936907834522,0.15030649304389954
2024-01-30,TLT,XGBOOST,0.17319031327431664,0.17832836508750916
2024-01-31,TLT,XGBOOST,0.1711909203728179,0.168876513838768
2024-02-01,TLT,XGBOOST,0.15587819205349465,0.1819823533296585
2024-02-02,TLT,XGBOOST,0.13619103952889955,0.16202795505523682
2024-02-05,TLT,XGBOOST,0.1252988393519196,0.1654590368270874
2024-02-06,TLT,XGBOOST,0.12237563058392598,0.1661563217639923
2024-02-07,TLT,XGBOOST,0.12082126012404108,0.16031859815120697
2024-02-08,TLT,XGBOOST,0.11868740768391371,0.1616196483373642
2024-02-09,TLT,XGBOOST,0.11829155772776205,0.16473470628261566
2024-02-12,TLT,XGBOOST,0.12301985955838646,0.16660349071025848
2024-02-13,TLT,XGBOOST,0.10569073111949431,0.16057409346103668
2024-02-14,TLT,XGBOOST,0.12006248191414164,0.16588875651359558
2024-02-15,TLT,XGBOOST,0.11865129611353707,0.17126646637916565
2024-02-16,TLT,XGBOOST,0.11725834374221364,0.17146822810173035
2024-02-20,TLT,XGBOOST,0.11762656581225044,0.1768031269311905
2024-02-21,TLT,XGBOOST,0.11443523418916673,0.17995406687259674
2024-02-22,TLT,XGBOOST,0.11347385695258386,0.17757846415042877
2024-02-23,TLT,XGBOOST,0.10845713699780593,0.17406465113162994
2024-02-26,TLT,XGBOOST,0.1094845865654498,0.17290353775024414
2024-02-27,TLT,XGBOOST,0.10644546160497947,0.17522260546684265
2024-02-28,TLT,XGBOOST,0.10966257373760702,0.17167873680591583
2024-02-29,TLT,XGBOOST,0.10724769974773807,0.1687391996383667
2024-03-01,TLT,XGBOOST,0.12461902162034406,0.1688244789838791
2024-03-04,TLT,XGBOOST,0.1252347612229127,0.17587479948997498
2024-03-05,TLT,XGBOOST,0.11197615777287681,0.16339771449565887
2024-03-06,TLT,XGBOOST,0.11321618993255804,0.16601164638996124
2024-03-07,TLT,XGBOOST,0.12143800561910217,0.15990225970745087
2024-03-08,TLT,XGBOOST,0.12166689223948608,0.16562865674495697
2024-03-11,TLT,XGBOOST,0.12819217207024108,0.16695210337638855
2024-03-12,TLT,XGBOOST,0.1456356204333275,0.16711921989917755
2024-03-13,TLT,XGBOOST,0.14556994989996885,0.1733742654323578
2024-03-14,TLT,XGBOOST,0.13926225239340695,0.1552073210477829
2024-03-15,TLT,XGBOOST,0.14815408202300218,0.15657877922058105
2024-03-18,TLT,XGBOOST,0.1490267090501572,0.14927344024181366
2024-03-19,TLT,XGBOOST,0.15545370868524205,0.15273889899253845
2024-03-20,TLT,XGBOOST,0.1557506969767492,0.15372145175933838
2024-03-21,TLT,XGBOOST,0.1563533132506645,0.14971467852592468
2024-03-22,TLT,XGBOOST,0.15035499399386035,0.14695504307746887
2024-03-25,TLT,XGBOOST,0.15039502181092684,0.14903990924358368
2024-03-26,TLT,XGBOOST,0.15006869402139578,0.1372023969888687
2024-03-27,TLT,XGBOOST,0.1429962640026267,0.13388893008232117
2024-03-28,TLT,XGBOOST,0.14615348633258005,0.14778314530849457
2024-04-01,TLT,XGBOOST,0.13963027174088485,0.15636810660362244
2024-04-02,TLT,XGBOOST,0.14107487584490078,0.1587236523628235
2024-04-03,TLT,XGBOOST,0.1449273446708929,0.15941061079502106
2024-04-04,TLT,XGBOOST,0.14294003291474694,0.15954776108264923
2024-04-05,TLT,XGBOOST,0.14138575052439212,0.14957816898822784
2024-04-08,TLT,XGBOOST,0.14230911850316494,0.15096977353096008
2024-04-09,TLT,XGBOOST,0.13984948184127854,0.15879040956497192
2024-04-10,TLT,XGBOOST,0.11709193989844356,0.15679292380809784
2024-04-11,TLT,XGBOOST,0.11683770967632004,0.16102629899978638
2024-04-12,TLT,XGBOOST,0.11747301156298291,0.16751326620578766
2024-04-15,TLT,XGBOOST,0.10192656975615624,0.17100322246551514
2024-04-16,TLT,XGBOOST,0.09898729661135136,0.1695074588060379
2024-04-17,TLT,XGBOOST,0.10251088464576605,0.16354957222938538
2024-04-18,TLT,XGBOOST,0.09992282697856297,0.17586641013622284
2024-04-19,TLT,XGBOOST,0.10430461222220751,0.1939755529165268
2024-04-22,TLT,XGBOOST,0.10490352094956389,0.1836516112089157
2024-04-23,TLT,XGBOOST,0.10567186071386662,0.17037704586982727
2024-04-24,TLT,XGBOOST,0.10060050498300074,0.17787176370620728
2024-04-25,TLT,XGBOOST,0.09992355624220438,0.18979471921920776
2024-04-26,TLT,XGBOOST,0.09928544908566007,0.17469492554664612
2024-04-29,TLT,XGBOOST,0.11187533781577061,0.17073285579681396
2024-04-30,TLT,XGBOOST,0.11650131897820681,0.1864902377128601
2024-05-01,TLT,XGBOOST,0.11850945458241137,0.18047338724136353
2024-05-02,TLT,XGBOOST,0.11982184081994206,0.1652533859014511
2024-05-03,TLT,XGBOOST,0.12755476793355996,0.1611756831407547
2024-05-06,TLT,XGBOOST,0.13260920710945268,0.15987125039100647
2024-05-07,TLT,XGBOOST,0.13324051500277637,0.1540830135345459
2024-05-08,TLT,XGBOOST,0.1307129692398652,0.15608471632003784
2024-05-09,TLT,XGBOOST,0.14860521594380507,0.1512356549501419
2024-05-10,TLT,XGBOOST,0.14923753726023103,0.14450986683368683
2024-05-13,TLT,XGBOOST,0.15306125601915319,0.14733058214187622
2024-05-14,TLT,XGBOOST,0.15394800272425604,0.1515415757894516
2024-05-15,TLT,XGBOOST,0.15510298740503806,0.15295183658599854
2024-05-16,TLT,XGBOOST,0.1569638246235042,0.15220989286899567
2024-05-17,TLT,XGBOOST,0.1596289103766981,0.14976364374160767
2024-05-20,TLT,XGBOOST,0.16097994882285813,0.14693042635917664
2024-05-21,TLT,XGBOOST,0.163409929810681,0.150071918964386
2024-05-22,TLT,XGBOOST,0.1634895767845788,0.1430438905954361
2024-05-23,TLT,XGBOOST,0.16103751177907918,0.14220720529556274
2024-05-24,TLT,XGBOOST,0.1609910542760538,0.14619265496730804
2024-05-28,TLT,XGBOOST,0.16092352465931262,0.13095305860042572
2024-05-29,TLT,XGBOOST,0.15222717843160458,0.12426828593015671
2024-05-30,TLT,XGBOOST,0.16760730258604503,0.13495205342769623
2024-05-31,TLT,XGBOOST,0.17863824514654816,0.1363525390625
2024-06-03,TLT,XGBOOST,0.1710430940490236,0.1277773678302765
2024-06-04,TLT,XGBOOST,0.17244750723263763,0.13363215327262878
2024-06-05,TLT,XGBOOST,0.17302595581097838,0.1332322508096695
2024-06-06,TLT,XGBOOST,0.1731671127462331,0.13243219256401062
2024-06-07,TLT,XGBOOST,0.15999857234039574,0.13509491086006165
2024-06-10,TLT,XGBOOST,0.1578309147759472,0.1298365294933319
2024-06-11,TLT,XGBOOST,0.15736663886856458,0.14027199149131775
2024-06-12,TLT,XGBOOST,0.15603851271633293,0.17280612885951996
2024-06-13,TLT,XGBOOST,0.15323850224886604,0.1722283959388733
2024-06-14,TLT,XGBOOST,0.15871474232707045,0.17017045617103577
2024-06-17,TLT,XGBOOST,0.15436971417975626,0.13892115652561188
2024-06-18,TLT,XGBOOST,0.1532879015649395,0.1447523534297943
2024-06-20,TLT,XGBOOST,0.15289040026103837,0.14264793694019318
2024-06-21,TLT,XGBOOST,0.1531387251739212,0.13428574800491333
2024-06-24,TLT,XGBOOST,0.15219573969256525,0.13147887587547302
2024-06-25,TLT,XGBOOST,0.15593419860269253,0.17564882338047028
2024-06-26,TLT,XGBOOST,0.15158833792752407,0.13544510304927826
2024-06-27,TLT,XGBOOST,0.1536042364303072,0.14882929623126984
2024-06-28,TLT,XGBOOST,0.13780882504314185,0.14022763073444366
2024-07-01,TLT,XGBOOST,0.11940616643214957,0.13728828728199005
2024-07-02,TLT,XGBOOST,0.12121143719893278,0.13711857795715332
2024-07-03,TLT,XGBOOST,0.1169069682045395,0.14261086285114288
2024-07-05,TLT,XGBOOST,0.15396335588425114,0.13303901255130768
2024-07-08,TLT,XGBOOST,0.15409098512513844,0.13644380867481232
2024-07-09,TLT,XGBOOST,0.17791734075123525,0.14040127396583557
2024-07-10,TLT,XGBOOST,0.18102350095216632,0.13213491439819336
2024-07-11,TLT,XGBOOST,0.18074029902668284,0.13618621230125427
2024-07-12,TLT,XGBOOST,0.18308277937971337,0.13463732600212097
2024-07-15,TLT,XGBOOST,0.1766602993107137,0.13050667941570282
2024-07-16,TLT,XGBOOST,0.17207581359712468,0.151396706700325
2024-07-17,TLT,XGBOOST,0.1726751541997609,0.1772431880235672
2024-07-18,TLT,XGBOOST,0.17300382766043593,0.13340525329113007
2024-07-19,TLT,XGBOOST,0.17045685451472845,0.1303958296775818
2024-07-22,TLT,XGBOOST,0.16935335560334744,0.14936257898807526
2024-07-23,TLT,XGBOOST,0.16943775067909997,0.1523657590150833
2024-07-24,TLT,XGBOOST,0.1613389586756968,0.14851880073547363
2024-07-25,TLT,XGBOOST,0.16778801089450898,0.16101208329200745
2024-07-26,TLT,XGBOOST,0.16738044814223427,0.15126293897628784
2024-07-29,TLT,XGBOOST,0.16824408517535597,0.1510457992553711
2024-07-30,TLT,XGBOOST,0.16885822806853254,0.1573147028684616
2024-07-31,TLT,XGBOOST,0.16665281951052413,0.15872114896774292
2024-08-01,TLT,XGBOOST,0.16550809251546253,0.1629238724708557
2024-08-02,TLT,XGBOOST,0.1286697145951312,0.2130897045135498
2024-08-05,TLT,XGBOOST,0.14094168356451278,0.2380281686782837
2024-08-06,TLT,XGBOOST,0.12152877099515454,0.21092259883880615
2024-08-07,TLT,XGBOOST,0.11811178540660681,0.22335699200630188
2024-08-08,TLT,XGBOOST,0.114426310630038,0.1928667575120926
2024-08-09,TLT,XGBOOST,0.11128236036588417,0.1927657276391983
2024-08-12,TLT,XGBOOST,0.11253416104169661,0.19429273903369904
2024-08-13,TLT,XGBOOST,0.11160389579228844,0.19176334142684937
2024-08-14,TLT,XGBOOST,0.11262257302148067,0.19194073975086212
2024-08-15,TLT,XGBOOST,0.1070511185779465,0.18961027264595032
2024-08-16,TLT,XGBOOST,0.11002672603333004,0.187383770942688
2024-08-19,TLT,XGBOOST,0.11228679324199067,0.18486016988754272
2024-08-20,TLT,XGBOOST,0.12021597776250614,0.1903734803199768
2024-08-21,TLT,XGBOOST,0.12102940865322348,0.19166091084480286
2024-08-22,TLT,XGBOOST,0.11588037513343438,0.1891179233789444
2024-08-23,TLT,XGBOOST,0.11420542230557064,0.17705987393856049
2024-08-26,TLT,XGBOOST,0.11373225067553969,0.18811452388763428
2024-08-27,TLT,XGBOOST,0.11774593931820126,0.18105749785900116
2024-08-28,TLT,XGBOOST,0.11789916653355437,0.1797706037759781
2024-08-29,TLT,XGBOOST,0.1183502801843114,0.17624381184577942
2024-08-30,TLT,XGBOOST,0.11248479900249592,0.17715485394001007
2024-09-03,TLT,XGBOOST,0.10015812186177772,0.17450805008411407
2024-09-04,TLT,XGBOOST,0.09385988021587886,0.1736762970685959
2024-09-05,TLT,XGBOOST,0.0959912812469619,0.1747695654630661
2024-09-06,TLT,XGBOOST,0.10358125389018051,0.1713934689760208
2024-09-09,TLT,XGBOOST,0.10272023878946879,0.16696788370609283
2024-09-10,TLT,XGBOOST,0.09785676000468736,0.1669950932264328
2024-09-11,TLT,XGBOOST,0.09810438529918576,0.16160914301872253
2024-09-12,TLT,XGBOOST,0.0979686701384448,0.1619972139596939
2024-09-13,TLT,XGBOOST,0.09570609171470558,0.16233548521995544
2024-09-16,TLT,XGBOOST,0.08535179699942604,0.16477064788341522
2024-09-17,TLT,XGBOOST,0.10192484178264777,0.14033356308937073
2024-09-18,TLT,XGBOOST,0.09820679571206244,0.14334869384765625
2024-09-19,TLT,XGBOOST,0.10996372100212416,0.1411232054233551
2024-09-20,TLT,XGBOOST,0.11051942987267797,0.13659530878067017
2024-09-23,TLT,XGBOOST,0.12293474393141236,0.13538788259029388
2024-09-24,TLT,XGBOOST,0.12338773218343393,0.12775585055351257
2024-09-25,TLT,XGBOOST,0.12185451968150118,0.12769562005996704
2024-09-26,TLT,XGBOOST,0.12495437284254568,0.121164470911026
2024-09-27,TLT,XGBOOST,0.12179062485931982,0.1369749754667282
2024-09-30,TLT,XGBOOST,0.12165843198624494,0.13321059942245483
2024-10-01,TLT,XGBOOST,0.1168592435622824,0.14329437911510468
2024-10-02,TLT,XGBOOST,0.11729885220500438,0.12448287755250931
2024-10-03,TLT,XGBOOST,0.11556093092131292,0.1179637685418129
2024-10-04,TLT,XGBOOST,0.11783278691036657,0.12690837681293488
2024-10-07,TLT,XGBOOST,0.13175602711248388,0.12929967045783997
2024-10-08,TLT,XGBOOST,0.13342235008440367,0.12609034776687622
2024-10-09,TLT,XGBOOST,0.1633186289572263,0.1307113766670227
2024-10-10,TLT,XGBOOST,0.17109464535607632,0.12994776666164398
2024-10-11,TLT,XGBOOST,0.17766816768605898,0.1312556266784668
2024-10-15,TLT,XGBOOST,0.1784126250639585,0.11994440108537674
2024-10-16,TLT,XGBOOST,0.17861390090558002,0.11633283644914627
2024-10-17,TLT,XGBOOST,0.17398026457428142,0.11409657448530197
2024-10-18,TLT,XGBOOST,0.17375950053562741,0.11553798615932465
2024-10-21,TLT,XGBOOST,0.1638232126093334,0.11950691789388657
2024-10-22,TLT,XGBOOST,0.16509898128868564,0.12037494778633118
2024-10-23,TLT,XGBOOST,0.16518688110384674,0.12398745864629745
2024-10-24,TLT,XGBOOST,0.16302958631183168,0.12695926427841187
2024-10-25,TLT,XGBOOST,0.16222683968353255,0.12694525718688965
2024-10-28,TLT,XGBOOST,0.1869386064624024,0.11617796123027802
2024-10-29,TLT,XGBOOST,0.18757944252249517,0.1228521391749382
2024-10-30,TLT,XGBOOST,0.18883024302284587,0.13132530450820923
2024-10-31,TLT,XGBOOST,0.1919486963157775,0.12196369469165802
2024-11-01,TLT,XGBOOST,0.18338754345755004,0.11709309369325638
2024-11-04,TLT,XGBOOST,0.17959522664144958,0.13106627762317657
2024-11-05,TLT,XGBOOST,0.18245798143368105,0.12814609706401825
2024-11-06,TLT,XGBOOST,0.14775871392900153,0.1308690458536148
2024-11-07,TLT,XGBOOST,0.14288279395761902,0.12699595093727112
2024-11-08,TLT,XGBOOST,0.1420544754257162,0.1286754608154297
2024-11-12,TLT,XGBOOST,0.13489098882748393,0.12381400913000107
2024-11-13,TLT,XGBOOST,0.1379836205355016,0.12306568771600723
2024-11-14,TLT,XGBOOST,0.14212176916201047,0.1267310082912445
2024-11-15,TLT,XGBOOST,0.1420925097522335,0.12994402647018433
2024-11-18,TLT,XGBOOST,0.14219802385860866,0.13186925649642944
2024-11-19,TLT,XGBOOST,0.1481729650335446,0.1367122232913971
2024-11-20,TLT,XGBOOST,0.1570156164155049,0.14055947959423065
2024-11-21,TLT,XGBOOST,0.1588483644601717,0.13879483938217163
2024-11-22,TLT,XGBOOST,0.16153119959478998,0.1415533721446991
2024-11-25,TLT,XGBOOST,0.12903832660590372,0.13447469472885132
2024-11-26,TLT,XGBOOST,0.12904242453627454,0.13472886383533478
2024-11-27,TLT,XGBOOST,0.12609449792000285,0.1346297711133957
2024-11-29,TLT,XGBOOST,0.12317749996774521,0.14144793152809143
2024-12-02,TLT,XGBOOST,0.12171448070980735,0.1404268890619278
2024-12-03,TLT,XGBOOST,0.12192628896120072,0.14172154664993286
2024-12-04,TLT,XGBOOST,0.11095061709449823,0.1450505256652832
2024-12-05,TLT,XGBOOST,0.10901313272978538,0.14511148631572723
2024-12-06,TLT,XGBOOST,0.11016518158940668,0.1494707614183426
2024-12-09,TLT,XGBOOST,0.11048593187494005,0.15003032982349396
2024-12-10,TLT,XGBOOST,0.11086868319705905,0.14138995110988617
2024-12-11,TLT,XGBOOST,0.10968320367063662,0.14239737391471863
2024-12-12,TLT,XGBOOST,0.10500743323652936,0.14173047244548798
2024-12-13,TLT,XGBOOST,0.12348461689434087,0.1396528035402298
2024-12-16,TLT,XGBOOST,0.12360447345243834,0.1448526680469513
2024-12-17,TLT,XGBOOST,0.12331490757311726,0.1329008787870407
2024-12-18,TLT,XGBOOST,0.1218514312190003,0.11922159790992737
2024-12-19,TLT,XGBOOST,0.11062016015241682,0.11980869621038437
2024-12-20,TLT,XGBOOST,0.11151092334815067,0.12814146280288696
2024-12-23,TLT,XGBOOST,0.10843218445913856,0.13148808479309082
2024-12-24,TLT,XGBOOST,0.11551559436049758,0.13237659633159637
2024-12-26,TLT,XGBOOST,0.11552627197677211,0.1308256834745407
2024-12-27,TLT,XGBOOST,0.11154780522590095,0.12794257700443268
2024-12-30,TLT,XGBOOST,0.10874555466345039,0.1307457983493805
2024-12-31,TLT,XGBOOST,0.10967203367710672,0.13360832631587982
2025-01-02,TLT,XGBOOST,0.11289894801664345,0.1393023282289505
2025-01-03,TLT,XGBOOST,0.1123514465588206,0.13600388169288635
2025-01-06,TLT,XGBOOST,0.12315721416579592,0.14085350930690765
2025-01-07,TLT,XGBOOST,0.11333699846081767,0.1400405466556549
2025-01-08,TLT,XGBOOST,0.11762953528277664,0.1406276375055313
2025-01-10,TLT,XGBOOST,0.11475654369393642,0.14090125262737274
2025-01-13,TLT,XGBOOST,0.11851653095041956,0.14413297176361084
2025-01-14,TLT,XGBOOST,0.13037524763540992,0.141596719622612
2025-01-15,TLT,XGBOOST,0.1294218139257575,0.1387135535478592
2025-01-16,TLT,XGBOOST,0.13004002545930857,0.13753578066825867
2025-01-17,TLT,XGBOOST,0.13822441516427544,0.13710850477218628
2025-01-21,TLT,XGBOOST,0.134823402738461,0.1375737339258194
2025-01-22,TLT,XGBOOST,0.1336766582852163,0.1366971880197525
2025-01-23,TLT,XGBOOST,0.13533206948321247,0.13757361471652985
2025-01-24,TLT,XGBOOST,0.13502505113997743,0.13574528694152832
2025-01-27,TLT,XGBOOST,0.14150941749480106,0.13071982562541962
2025-01-28,TLT,XGBOOST,0.1418155781802046,0.1395401656627655
2025-01-29,TLT,XGBOOST,0.1449518134583731,0.14227789640426636
2025-01-30,TLT,XGBOOST,0.14932116309574892,0.14122089743614197
2025-01-31,TLT,XGBOOST,0.1455918054385977,0.13880504667758942
2025-02-03,TLT,XGBOOST,0.1539992474327411,0.13992170989513397
2025-02-04,TLT,XGBOOST,0.15793601282359623,0.14053073525428772
2025-02-05,TLT,XGBOOST,0.148390320539641,0.13106216490268707
2025-02-06,TLT,XGBOOST,0.14893356558291646,0.13512013852596283
2025-02-07,TLT,XGBOOST,0.15076497538740607,0.12921054661273956
2025-02-10,TLT,XGBOOST,0.15298189214245822,0.1416105031967163
2025-02-11,TLT,XGBOOST,0.1527125121203732,0.1495504528284073
2025-02-12,TLT,XGBOOST,0.14476809412637368,0.14721417427062988
2025-02-13,TLT,XGBOOST,0.13643441056716005,0.1468198597431183
2025-02-14,TLT,XGBOOST,0.13631024408841086,0.1444958746433258
2025-02-18,TLT,XGBOOST,0.12763360271366014,0.14835211634635925
2025-02-19,TLT,XGBOOST,0.1282403616509948,0.15328389406204224
2025-02-20,TLT,XGBOOST,0.12809394189896864,0.14560329914093018
2025-02-21,TLT,XGBOOST,0.12465062059372535,0.13974016904830933
2025-02-24,TLT,XGBOOST,0.13033226784953253,0.14079132676124573
2025-02-25,TLT,XGBOOST,0.11383418805986034,0.14347270131111145
2025-02-26,TLT,XGBOOST,0.11278417672669001,0.14767631888389587
2025-02-27,TLT,XGBOOST,0.11093954244874248,0.144696906208992
2025-02-28,TLT,XGBOOST,0.11351947162903318,0.14255575835704803
2025-03-03,TLT,XGBOOST,0.11837318751129136,0.14868676662445068
2025-03-04,TLT,XGBOOST,0.11462011759238039,0.13834109902381897
2025-03-05,TLT,XGBOOST,0.11051629287898418,0.13590921461582184
2025-03-06,TLT,XGBOOST,0.11038102494679658,0.13551202416419983
2025-03-07,TLT,XGBOOST,0.11449166028604861,0.13213765621185303
2025-03-10,TLT,XGBOOST,0.1575586053231603,0.1373571753501892
2025-03-11,TLT,XGBOOST,0.1695587047938776,0.14346125721931458
2025-03-12,TLT,XGBOOST,0.17012328241587177,0.14842182397842407
2025-03-13,TLT,XGBOOST,0.19243878180696594,0.14465740323066711
2025-03-14,TLT,XGBOOST,0.19391173015353397,0.1468065083026886
2025-03-17,TLT,XGBOOST,0.19502619453413242,0.14921866357326508
2025-03-18,TLT,XGBOOST,0.1956768291727773,0.14741845428943634
2025-03-19,TLT,XGBOOST,0.19585921555524766,0.14822271466255188
2025-03-20,TLT,XGBOOST,0.19743324370338114,0.14543059468269348
2025-03-21,TLT,XGBOOST,0.2048361837845756,0.14728453755378723
2025-03-24,TLT,XGBOOST,0.20454200153776494,0.14640647172927856
2025-03-25,TLT,XGBOOST,0.20844871424570705,0.1482667475938797
2025-03-26,TLT,XGBOOST,0.21137752915427754,0.13275068998336792
2025-03-27,TLT,XGBOOST,0.21285165177148105,0.1326829493045807
2025-03-28,TLT,XGBOOST,0.20813839088637323,0.1341811865568161
2025-03-31,TLT,XGBOOST,0.20725938491908868,0.1323997974395752
2025-04-01,TLT,XGBOOST,0.20623985377565832,0.13510441780090332
2025-04-02,TLT,XGBOOST,0.2067070641130615,0.1365482658147812
2025-04-03,TLT,XGBOOST,0.20811707552429512,0.11960813403129578
2025-04-04,TLT,XGBOOST,0.20266863210806269,0.3182631731033325
2025-04-07,TLT,XGBOOST,0.17510350029257055,0.2624412477016449
2025-04-08,TLT,XGBOOST,0.1627361792931484,0.2815162241458893
2025-04-09,TLT,XGBOOST,0.1657333777323118,0.2522582709789276
2025-04-10,TLT,XGBOOST,0.13145303348813758,0.22659072279930115
2025-04-11,TLT,XGBOOST,0.13460460532178178,0.20490415394306183
2025-04-14,TLT,XGBOOST,0.13239150440809228,0.1936596781015396
2025-04-15,TLT,XGBOOST,0.13295776569551215,0.19660097360610962
2025-04-16,TLT,XGBOOST,0.1355836409724821,0.19594290852546692
2025-04-17,TLT,XGBOOST,0.13297443931115133,0.18791180849075317
2025-04-21,TLT,XGBOOST,0.11717572821095817,0.16994573175907135
2025-04-22,TLT,XGBOOST,0.11822176824290577,0.17021958529949188
2025-04-23,TLT,XGBOOST,0.12606850524010493,0.17110700905323029
2025-04-24,TLT,XGBOOST,0.12055417500309766,0.17225970327854156
2025-04-25,TLT,XGBOOST,0.11630637070357946,0.17319132387638092
2025-04-28,TLT,XGBOOST,0.12641203799717018,0.17592234909534454
2025-04-29,TLT,XGBOOST,0.12060104387693434,0.17358513176441193
2025-04-30,TLT,XGBOOST,0.12561413038097158,0.17581847310066223
2025-05-01,TLT,XGBOOST,0.12544311834800173,0.17827282845973969
2025-05-02,TLT,XGBOOST,0.12401226499566041,0.17672975361347198
2025-05-05,TLT,XGBOOST,0.12299130937801594,0.18066158890724182
2025-05-06,TLT,XGBOOST,0.1367032257379677,0.18343926966190338
2025-05-07,TLT,XGBOOST,0.1356688259237306,0.1697830706834793
2025-05-08,TLT,XGBOOST,0.13742209002903005,0.1696295440196991
2025-05-09,TLT,XGBOOST,0.13733661132365302,0.16481396555900574
2025-05-12,TLT,XGBOOST,0.1349084456734377,0.16501310467720032
2025-05-13,TLT,XGBOOST,0.13443664202153208,0.16710199415683746
2025-05-14,TLT,XGBOOST,0.1377247032917779,0.1649489402770996
2025-05-15,TLT,XGBOOST,0.13994895239617142,0.16281989216804504
2025-05-16,TLT,XGBOOST,0.1444215826718701,0.16523827612400055
2025-05-19,TLT,XGBOOST,0.1505258383754104,0.16284075379371643
2025-05-20,TLT,XGBOOST,0.14780003409511897,0.14725683629512787
2025-05-21,TLT,XGBOOST,0.132010442700103,0.17493896186351776
2025-05-22,TLT,XGBOOST,0.13148551431778485,0.16893750429153442
2025-05-23,TLT,XGBOOST,0.13301911798054306,0.15351298451423645
2025-05-27,TLT,XGBOOST,0.1252126827500624,0.16333279013633728
2025-05-28,TLT,XGBOOST,0.12411785529243646,0.16340862214565277
2025-05-29,TLT,XGBOOST,0.12391402967886031,0.15641433000564575
2025-05-30,TLT,XGBOOST,0.1278790394903457,0.16077150404453278
2025-06-02,TLT,XGBOOST,0.12153053201492116,0.15285107493400574
2025-06-03,TLT,XGBOOST,0.12444379799526314,0.1456238329410553
2025-06-04,TLT,XGBOOST,0.11561807410891173,0.15177221596240997
2025-06-05,TLT,XGBOOST,0.1210482860247608,0.1505548357963562
2025-06-06,TLT,XGBOOST,0.11139658817840839,0.1543048769235611
2025-06-09,TLT,XGBOOST,0.11674049656429475,0.15343280136585236
2025-06-10,TLT,XGBOOST,0.11573913623218253,0.1427011787891388
2025-06-11,TLT,XGBOOST,0.12655206675243422,0.14086636900901794
2025-06-12,TLT,XGBOOST,0.1185912338675449,0.13967178761959076
2025-06-13,TLT,XGBOOST,0.11628461298473591,0.14479897916316986
2025-06-16,TLT,XGBOOST,0.11080768450580814,0.14615270495414734
2025-06-17,TLT,XGBOOST,0.10116968607645818,0.14830325543880463
2025-06-18,TLT,XGBOOST,0.10110855357875329,0.14855177700519562
2025-06-20,TLT,XGBOOST,0.10642758290155208,0.1422547847032547
2025-06-23,TLT,XGBOOST,0.10803856136231692,0.1330302655696869
2025-06-24,TLT,XGBOOST,0.10627458832423775,0.1281696856021881
2025-06-25,TLT,XGBOOST,0.10611354988426885,0.1285775601863861
2025-06-26,TLT,XGBOOST,0.10710398183835668,0.1287316083908081
2025-06-27,TLT,XGBOOST,0.10718441626695366,0.12980681657791138
2025-06-30,TLT,XGBOOST,0.11845248217459406,0.13086171448230743
2025-07-01,TLT,XGBOOST,0.11914427767108351,0.1293603926897049
2025-07-02,TLT,XGBOOST,0.11731445911996524,0.12467801570892334
2025-07-03,TLT,XGBOOST,0.12519645265358692,0.13772094249725342
2025-07-07,TLT,XGBOOST,0.11929560108769298,0.12080693989992142
2025-07-08,TLT,XGBOOST,0.11904948640607349,0.11903410404920578
2025-07-09,TLT,XGBOOST,0.11685777628717678,0.11938226222991943
2025-07-10,TLT,XGBOOST,0.11717052199292688,0.12134198844432831
2025-07-11,TLT,XGBOOST,0.10588987865991424,0.1399068534374237
2025-07-14,TLT,XGBOOST,0.10523088322408643,0.1391783207654953
2025-07-15,TLT,XGBOOST,0.10338553160667444,0.1397293508052826
2025-07-16,TLT,XGBOOST,0.10627326368726167,0.1392815262079239
2025-07-17,TLT,XGBOOST,0.11095431363879141,0.14014162123203278
2025-07-18,TLT,XGBOOST,0.11492357310982675,0.14144177734851837
2025-07-21,TLT,XGBOOST,0.11159053543361978,0.13655786216259003
2025-07-22,TLT,XGBOOST,0.11142882934839521,0.14433050155639648
2025-07-23,TLT,XGBOOST,0.10943013686607429,0.13966815173625946
2025-07-24,TLT,XGBOOST,0.11095182672250863,0.1416608840227127
2025-07-25,TLT,XGBOOST,0.11178648598562851,0.14337781071662903
2025-07-28,TLT,XGBOOST,0.10947187374039989,0.15831004083156586
2025-07-29,TLT,XGBOOST,0.09168246119431753,0.1570003628730774
2025-07-30,TLT,XGBOOST,0.08985040684674922,0.15457770228385925
2025-07-31,TLT,XGBOOST,0.09276309430022898,0.15317249298095703
2025-08-01,TLT,XGBOOST,0.08088322877586131,0.14905978739261627
2025-08-04,TLT,XGBOOST,0.08321712759472359,0.14759962260723114
2025-08-05,TLT,XGBOOST,0.0926973305997521,0.15135306119918823
2025-08-06,TLT,XGBOOST,0.09531151583727873,0.15523666143417358
2025-08-07,TLT,XGBOOST,0.10936259486871194,0.1451800912618637
2025-08-08,TLT,XGBOOST,0.11620967127856237,0.14665363729000092
2025-08-11,TLT,XGBOOST,0.11904942251698088,0.14579062163829803
2025-08-12,TLT,XGBOOST,0.11763474449892226,0.1394214779138565
2025-08-13,TLT,XGBOOST,0.11660831362400499,0.1426786184310913
2025-08-14,TLT,XGBOOST,0.11386450369346786,0.14119233191013336
2025-08-15,TLT,XGBOOST,0.10879033429582108,0.1415800005197525
2025-08-18,TLT,XGBOOST,0.10704361248331043,0.13855843245983124
2025-08-19,TLT,XGBOOST,0.10780748962310192,0.14094772934913635
2025-08-20,TLT,XGBOOST,0.11661425006455771,0.14152640104293823
2025-08-21,TLT,XGBOOST,0.1148501314127043,0.13815340399742126
2025-08-22,TLT,XGBOOST,0.11423219981207133,0.14206084609031677
2025-08-25,TLT,XGBOOST,0.1149954782243439,0.14117217063903809
2025-08-26,TLT,XGBOOST,0.11638168558590425,0.14285796880722046
2025-08-27,TLT,XGBOOST,0.11611002739012424,0.14530734717845917
2025-08-28,TLT,XGBOOST,0.11482672723779659,0.14318683743476868
2025-08-29,TLT,XGBOOST,0.11303635232368954,0.1432318389415741
2025-09-02,TLT,XGBOOST,0.10910634723167287,0.14994259178638458
2025-09-03,TLT,XGBOOST,0.10410664225532539,0.1442299634218216
2025-09-04,TLT,XGBOOST,0.10190492901106375,0.14498519897460938
2025-09-05,TLT,XGBOOST,0.08873925389000309,0.13285237550735474
2025-09-08,TLT,XGBOOST,0.08033174974646713,0.13055559992790222
2025-09-09,TLT,XGBOOST,0.08062970527883667,0.129486083984375
2025-09-10,TLT,XGBOOST,0.07798387220810127,0.13255546987056732
2025-09-11,TLT,XGBOOST,0.07378448065185218,0.12964533269405365
2025-09-12,TLT,XGBOOST,0.09262526922167809,0.12920215725898743
2025-09-15,TLT,XGBOOST,0.09245280395891464,0.125510111451149
2025-09-16,TLT,XGBOOST,0.09280034000402694,0.13170523941516876
2025-09-17,TLT,XGBOOST,0.09266015887652188,0.12829290330410004
2025-09-18,TLT,XGBOOST,0.08639696925403391,0.1254228949546814
2025-09-19,TLT,XGBOOST,0.08621911316188482,0.13154631853103638
2025-09-22,TLT,XGBOOST,0.08453990149055994,0.1338566392660141
2025-09-23,TLT,XGBOOST,0.08315972422001103,0.13531708717346191
2025-09-24,TLT,XGBOOST,0.08074257816109162,0.1349761188030243
2025-09-25,TLT,XGBOOST,0.08634274085069507,0.13416637480258942
2025-09-26,TLT,XGBOOST,0.08597297767804797,0.13438260555267334
2025-09-29,TLT,XGBOOST,0.08272976268344573,0.14031773805618286
2025-09-30,TLT,XGBOOST,0.0812631461177168,0.1485065221786499
2025-10-01,TLT,XGBOOST,0.09126196261185371,0.14975659549236298
2025-10-02,TLT,XGBOOST,0.09406913983918637,0.14764294028282166
2025-10-03,TLT,XGBOOST,0.09452361612399428,0.14318536221981049
2025-10-06,TLT,XGBOOST,0.08989401868924796,0.14406459033489227
2025-10-07,TLT,XGBOOST,0.08817511376700958,0.14433640241622925
2025-10-08,TLT,XGBOOST,0.09723989264227416,0.14206534624099731
2025-10-09,TLT,XGBOOST,0.10219125959340948,0.15146733820438385
2025-10-10,TLT,XGBOOST,0.0844043097007238,0.12688541412353516
2025-10-14,TLT,XGBOOST,0.08531202784102226,0.13836424052715302
2025-10-15,TLT,XGBOOST,0.0853149292777988,0.14345434308052063
2025-10-16,TLT,XGBOOST,0.08500900397523226,0.13355769217014313
2025-10-17,TLT,XGBOOST,0.08670365764151106,0.12731607258319855
2025-10-20,TLT,XGBOOST,0.08580589749711204,0.13147152960300446
2025-10-21,TLT,XGBOOST,0.08284213580253424,0.13207823038101196
2025-10-22,TLT,XGBOOST,0.08248815141695924,0.13242869079113007
2025-10-23,TLT,XGBOOST,0.08220845863060929,0.13310256600379944
2025-10-24,TLT,XGBOOST,0.08332728360928475,0.13410696387290955
2025-10-27,TLT,XGBOOST,0.08527447997965924,0.1351640522480011
2025-10-28,TLT,XGBOOST,0.08524317208721571,0.13739578425884247
2025-10-29,TLT,XGBOOST,0.07952583532619911,0.13775093853473663
2025-10-30,TLT,XGBOOST,0.07857358740506473,0.13454489409923553
2025-10-31,TLT,XGBOOST,0.08985038792884005,0.13505037128925323
2025-11-03,TLT,XGBOOST,0.08958380253122956,0.13148070871829987
2025-11-04,TLT,XGBOOST,0.0898299628528981,0.13511376082897186
2025-11-05,TLT,XGBOOST,0.08300882358330716,0.1359412968158722
2025-11-06,TLT,XGBOOST,0.077314126108801,0.13149315118789673
2025-11-07,TLT,XGBOOST,0.07770875370516808,0.12964840233325958
2025-11-10,TLT,XGBOOST,0.07795165867609392,0.12819038331508636
2025-11-12,TLT,XGBOOST,0.07679347078571336,0.12413720786571503
2025-11-13,TLT,XGBOOST,0.07876387046774773,0.12821802496910095
2025-11-14,TLT,XGBOOST,0.07690529003016697,0.12712523341178894
2025-11-17,TLT,XGBOOST,0.07923057127193017,0.12334693223237991
2025-11-18,TLT,XGBOOST,0.07924055287810201,0.12578490376472473
2025-11-19,TLT,XGBOOST,0.08119414283198001,0.126637801527977
2025-11-20,TLT,XGBOOST,0.08058844236147202,0.12834422290325165
2025-11-21,TLT,XGBOOST,0.07961485249230736,0.13587626814842224
2025-11-24,TLT,XGBOOST,0.07643682422877776,0.13961245119571686
2025-11-25,TLT,XGBOOST,0.07954990485340828,0.1364138275384903
2025-11-26,TLT,XGBOOST,0.07743333751968588,0.133712500333786
2025-11-28,TLT,XGBOOST,0.07821654061702327,0.13054439425468445
2025-12-01,TLT,XGBOOST,0.06531976523570449,0.12674252688884735
2025-12-02,TLT,XGBOOST,0.07066350701451925,0.12453144788742065
2025-12-03,TLT,XGBOOST,0.06943280888415293,0.09875523298978806
2025-12-04,TLT,XGBOOST,0.07033986729520791,0.10064761340618134
2025-12-05,TLT,XGBOOST,0.06887927641144088,0.09899032860994339
2025-12-08,TLT,XGBOOST,0.07121233389222868,0.10083853453397751
2025-12-09,TLT,XGBOOST,0.07342224114720587,0.10496373474597931
2025-12-10,TLT,XGBOOST,0.07603282183373411,0.1053084060549736
2025-12-11,TLT,XGBOOST,0.07661699602153281,0.10596174001693726
2025-12-12,TLT,XGBOOST,0.06789256576380386,0.1043870821595192
2025-12-15,TLT,XGBOOST,0.07047841128102127,0.10448084771633148
2025-12-16,TLT,XGBOOST,0.06824885841962995,0.10261773318052292
2025-12-17,TLT,XGBOOST,0.0716433644158825,0.1057099923491478
2025-12-18,TLT,XGBOOST,0.08375521680134919,0.10465551912784576
2025-12-19,TLT,XGBOOST,0.08786042054124468,0.10392345488071442
2025-12-22,TLT,XGBOOST,0.08889642636410333,0.10214772820472717
2025-12-23,TLT,XGBOOST,0.08922518622107398,0.10113964229822159
2025-12-24,TLT,XGBOOST,0.0882372929233335,0.10419507324695587
2025-12-26,TLT,XGBOOST,0.0903716380675739,0.1009148582816124
2025-12-29,TLT,XGBOOST,0.08961254621717131,0.1039072573184967
2025-12-30,TLT,XGBOOST,0.08927223672256449,0.11056584119796753
2025-12-31,TLT,XGBOOST,0.08684989631646652,0.11680278182029724
2023-12-28,LQD,XGBOOST,0.07366931661848569,0.10867948830127716
2023-12-29,LQD,XGBOOST,0.07399992364769244,0.10816704481840134
2024-01-02,LQD,XGBOOST,0.07054867317155873,0.10749022662639618
2024-01-03,LQD,XGBOOST,0.07482079190721717,0.11051186919212341
2024-01-04,LQD,XGBOOST,0.07969535206369664,0.10612688958644867
2024-01-05,LQD,XGBOOST,0.08634617344885491,0.10675153881311417
2024-01-08,LQD,XGBOOST,0.0843125485720398,0.10664259642362595
2024-01-09,LQD,XGBOOST,0.08469300918855156,0.1074126660823822
2024-01-10,LQD,XGBOOST,0.0864503238775251,0.10541261732578278
2024-01-11,LQD,XGBOOST,0.0831020062504516,0.1059732437133789
2024-01-12,LQD,XGBOOST,0.08245328287119284,0.10630183666944504
2024-01-16,LQD,XGBOOST,0.08380424996239558,0.10290932655334473
2024-01-17,LQD,XGBOOST,0.0859348972524208,0.10305499285459518
2024-01-18,LQD,XGBOOST,0.08702022193014589,0.10374360531568527
2024-01-19,LQD,XGBOOST,0.08765407501928245,0.10240563005208969
2024-01-22,LQD,XGBOOST,0.08797318593071991,0.10266079753637314
2024-01-23,LQD,XGBOOST,0.08751299170705308,0.10410453379154205
2024-01-24,LQD,XGBOOST,0.08760313726094535,0.10080277174711227
2024-01-25,LQD,XGBOOST,0.08472951620851424,0.10733038187026978
2024-01-26,LQD,XGBOOST,0.08485450786692336,0.10288234800100327
2024-01-29,LQD,XGBOOST,0.0831542652148546,0.08213099092245102
2024-01-30,LQD,XGBOOST,0.08190864736616046,0.08390960097312927
2024-01-31,LQD,XGBOOST,0.08120658995522609,0.08224773406982422
2024-02-01,LQD,XGBOOST,0.07906829283976512,0.08020807802677155
2024-02-02,LQD,XGBOOST,0.07315377480770778,0.08235608786344528
2024-02-05,LQD,XGBOOST,0.06814903342561253,0.08211923390626907
2024-02-06,LQD,XGBOOST,0.06574165489156586,0.08717953413724899
2024-02-07,LQD,XGBOOST,0.065436872162976,0.08809460699558258
2024-02-08,LQD,XGBOOST,0.062398194911071306,0.08879290521144867
2024-02-09,LQD,XGBOOST,0.06204987606566898,0.09067846089601517
2024-02-12,LQD,XGBOOST,0.06349407571604954,0.08850078284740448
2024-02-13,LQD,XGBOOST,0.047354460819553156,0.0870242565870285
2024-02-14,LQD,XGBOOST,0.05365565728060998,0.08543077856302261
2024-02-15,LQD,XGBOOST,0.05222201480947999,0.09089025855064392
2024-02-16,LQD,XGBOOST,0.05079018909152358,0.0928398072719574
2024-02-20,LQD,XGBOOST,0.05043845349594632,0.09176832437515259
2024-02-21,LQD,XGBOOST,0.04966946844474113,0.0915105789899826
2024-02-22,LQD,XGBOOST,0.04964035953258958,0.09065315872430801
2024-02-23,LQD,XGBOOST,0.049964438463196446,0.0908418595790863
2024-02-26,LQD,XGBOOST,0.05022122352319013,0.09008583426475525
2024-02-27,LQD,XGBOOST,0.049832132855765675,0.08644065260887146
2024-02-28,LQD,XGBOOST,0.05466827898788347,0.08733770251274109
2024-02-29,LQD,XGBOOST,0.055027891224815266,0.08757231384515762
2024-03-01,LQD,XGBOOST,0.06262806850833057,0.08793967962265015
2024-03-04,LQD,XGBOOST,0.062499514285145996,0.08838122338056564
2024-03-05,LQD,XGBOOST,0.059165555397217004,0.09037908166646957
2024-03-06,LQD,XGBOOST,0.05840087747194018,0.09177252650260925
2024-03-07,LQD,XGBOOST,0.05911010919740317,0.08507896214723587
2024-03-08,LQD,XGBOOST,0.05866582185125651,0.08166900277137756
2024-03-11,LQD,XGBOOST,0.06221032062612784,0.08300869166851044
2024-03-12,LQD,XGBOOST,0.07892158345329557,0.08378979563713074
2024-03-13,LQD,XGBOOST,0.079006174396767,0.08604930341243744
2024-03-14,LQD,XGBOOST,0.07618577367353602,0.08364032953977585
2024-03-15,LQD,XGBOOST,0.08464029236787135,0.07089326530694962
2024-03-18,LQD,XGBOOST,0.08497509374272597,0.06504201143980026
2024-03-19,LQD,XGBOOST,0.08709196499461108,0.06711257994174957
2024-03-20,LQD,XGBOOST,0.08640813654730344,0.06720852851867676
2024-03-21,LQD,XGBOOST,0.08623569685406385,0.0667949691414833
2024-03-22,LQD,XGBOOST,0.08561056975621698,0.0658818706870079
2024-03-25,LQD,XGBOOST,0.08594406713764334,0.06572457402944565
2024-03-26,LQD,XGBOOST,0.0864183870112678,0.06346944719552994
2024-03-27,LQD,XGBOOST,0.08087559597119505,0.0634281262755394
2024-03-28,LQD,XGBOOST,0.08328095539256912,0.0625707358121872
2024-04-01,LQD,XGBOOST,0.07994985611540431,0.07095123082399368
2024-04-02,LQD,XGBOOST,0.08160444067596807,0.06835642457008362
2024-04-03,LQD,XGBOOST,0.08351978312068102,0.06447529792785645
2024-04-04,LQD,XGBOOST,0.08700668238328677,0.062172118574380875
2024-04-05,LQD,XGBOOST,0.08986886079604461,0.0680341050028801
2024-04-08,LQD,XGBOOST,0.09046172378138921,0.0668337270617485
2024-04-09,LQD,XGBOOST,0.08848343592431557,0.06504306942224503
2024-04-10,LQD,XGBOOST,0.07182046122999633,0.0754091665148735
2024-04-11,LQD,XGBOOST,0.07131842191380743,0.07776010036468506
2024-04-12,LQD,XGBOOST,0.07224235879194492,0.07173813134431839
2024-04-15,LQD,XGBOOST,0.05835621624453128,0.07590927928686142
2024-04-16,LQD,XGBOOST,0.056535340016439437,0.07508257031440735
2024-04-17,LQD,XGBOOST,0.06107229265512013,0.0728364959359169
2024-04-18,LQD,XGBOOST,0.06078305733102725,0.08214046061038971
2024-04-19,LQD,XGBOOST,0.06220390955284877,0.0830208957195282
2024-04-22,LQD,XGBOOST,0.06229710046446226,0.07688354700803757
2024-04-23,LQD,XGBOOST,0.062293180463093636,0.07573451846837997
2024-04-24,LQD,XGBOOST,0.06030056460244263,0.09037897735834122
2024-04-25,LQD,XGBOOST,0.06181344328386583,0.08812969923019409
2024-04-26,LQD,XGBOOST,0.0613012927477785,0.08869241178035736
2024-04-29,LQD,XGBOOST,0.06499459095907476,0.08589733392000198
2024-04-30,LQD,XGBOOST,0.06482934493890523,0.08781097084283829
2024-05-01,LQD,XGBOOST,0.06663149777604306,0.08633571863174438
2024-05-02,LQD,XGBOOST,0.06497231849684146,0.07985586673021317
2024-05-03,LQD,XGBOOST,0.0648420757006588,0.0812312439084053
2024-05-06,LQD,XGBOOST,0.06545699958569015,0.07905556261539459
2024-05-07,LQD,XGBOOST,0.06615340049888405,0.07725478708744049
2024-05-08,LQD,XGBOOST,0.06523674329371393,0.07886184006929398
2024-05-09,LQD,XGBOOST,0.07397511199196397,0.0785181000828743
2024-05-10,LQD,XGBOOST,0.0733645910096813,0.07878176867961884
2024-05-13,LQD,XGBOOST,0.07466442230921991,0.07710280269384384
2024-05-14,LQD,XGBOOST,0.07684298865634497,0.07681546360254288
2024-05-15,LQD,XGBOOST,0.07230579968093825,0.07677467912435532
2024-05-16,LQD,XGBOOST,0.07187213606065163,0.07937484234571457
2024-05-17,LQD,XGBOOST,0.07366413909602272,0.07972882688045502
2024-05-20,LQD,XGBOOST,0.0749417914590069,0.07573384791612625
2024-05-21,LQD,XGBOOST,0.07625458385493045,0.07543520629405975
2024-05-22,LQD,XGBOOST,0.07588473128646213,0.07455442100763321
2024-05-23,LQD,XGBOOST,0.07352053319886666,0.07567093521356583
2024-05-24,LQD,XGBOOST,0.07332941268503869,0.07738883793354034
2024-05-28,LQD,XGBOOST,0.07270084680017597,0.07699469476938248
2024-05-29,LQD,XGBOOST,0.0690350399349236,0.0730954110622406
2024-05-30,LQD,XGBOOST,0.07135434327861821,0.07922329008579254
2024-05-31,LQD,XGBOOST,0.0733188120028266,0.0817834809422493
2024-06-03,LQD,XGBOOST,0.07272637573717604,0.08112351596355438
2024-06-04,LQD,XGBOOST,0.07616628987271752,0.07868481427431107
2024-06-05,LQD,XGBOOST,0.07746857051859918,0.0806182250380516
2024-06-06,LQD,XGBOOST,0.07740907007456488,0.08194411545991898
2024-06-07,LQD,XGBOOST,0.06979496173930853,0.0822494775056839
2024-06-10,LQD,XGBOOST,0.06931372025845803,0.07387300580739975
2024-06-11,LQD,XGBOOST,0.07009930172244254,0.07366522401571274
2024-06-12,LQD,XGBOOST,0.06817632765818603,0.074983611702919
2024-06-13,LQD,XGBOOST,0.06998451653718009,0.0743105560541153
2024-06-14,LQD,XGBOOST,0.07267166830109865,0.07559117674827576
2024-06-17,LQD,XGBOOST,0.07000579265487915,0.07306043803691864
2024-06-18,LQD,XGBOOST,0.07067309531331631,0.07623209059238434
2024-06-20,LQD,XGBOOST,0.07093026503443095,0.0766197219491005
2024-06-21,LQD,XGBOOST,0.07099657988601157,0.0754583328962326
2024-06-24,LQD,XGBOOST,0.07102460925171804,0.0749838799238205
2024-06-25,LQD,XGBOOST,0.07446078964091993,0.07476993650197983
2024-06-26,LQD,XGBOOST,0.07298201526984638,0.07228703796863556
2024-06-27,LQD,XGBOOST,0.07509724969042972,0.07772835344076157
2024-06-28,LQD,XGBOOST,0.0705715578835858,0.07514046132564545
2024-07-01,LQD,XGBOOST,0.065675316964938,0.0739881843328476
2024-07-02,LQD,XGBOOST,0.06507277910936154,0.07272474467754364
2024-07-03,LQD,XGBOOST,0.06153264102811722,0.07190793007612228
2024-07-05,LQD,XGBOOST,0.06737330196188432,0.07158493250608444
2024-07-08,LQD,XGBOOST,0.0685912460258006,0.07178738713264465
2024-07-09,LQD,XGBOOST,0.07321620400038299,0.07241257280111313
2024-07-10,LQD,XGBOOST,0.0755256190636394,0.07389140874147415
2024-07-11,LQD,XGBOOST,0.07341311417597188,0.07331973314285278
2024-07-12,LQD,XGBOOST,0.07445224424088435,0.08476158231496811
2024-07-15,LQD,XGBOOST,0.07123330408935771,0.07283762842416763
2024-07-16,LQD,XGBOOST,0.0724555977223566,0.07135111838579178
2024-07-17,LQD,XGBOOST,0.07351446057024569,0.08077205717563629
2024-07-18,LQD,XGBOOST,0.07242892234842166,0.07912027090787888
2024-07-19,LQD,XGBOOST,0.07039099596300419,0.0794319212436676
2024-07-22,LQD,XGBOOST,0.07004157150613327,0.07939033210277557
2024-07-23,LQD,XGBOOST,0.0695613835756417,0.08043346554040909
2024-07-24,LQD,XGBOOST,0.06301177548515972,0.0791446641087532
2024-07-25,LQD,XGBOOST,0.06641509054096423,0.0852217748761177
2024-07-26,LQD,XGBOOST,0.06655486636644704,0.08019572496414185
2024-07-29,LQD,XGBOOST,0.06740391838895692,0.08146435022354126
2024-07-30,LQD,XGBOOST,0.06790619252770812,0.08400542289018631
2024-07-31,LQD,XGBOOST,0.06712461607756856,0.08383001387119293
2024-08-01,LQD,XGBOOST,0.06734360656791144,0.07996863126754761
2024-08-02,LQD,XGBOOST,0.05982806612175272,0.09929873049259186
2024-08-05,LQD,XGBOOST,0.059616117072979063,0.11546863615512848
2024-08-06,LQD,XGBOOST,0.05656121115762497,0.09855715185403824
2024-08-07,LQD,XGBOOST,0.05368833043941968,0.12917488813400269
2024-08-08,LQD,XGBOOST,0.054051689350149895,0.09385181218385696
2024-08-09,LQD,XGBOOST,0.052521281739186576,0.08877639472484589
2024-08-12,LQD,XGBOOST,0.05267545182664227,0.08828111737966537
2024-08-13,LQD,XGBOOST,0.04862170071964152,0.0888976976275444
2024-08-14,LQD,XGBOOST,0.04748692649521174,0.08622262626886368
2024-08-15,LQD,XGBOOST,0.04562676181376084,0.08511694520711899
2024-08-16,LQD,XGBOOST,0.04662588213790209,0.08912822604179382
2024-08-19,LQD,XGBOOST,0.04664834134385088,0.09779328852891922
2024-08-20,LQD,XGBOOST,0.049967108169691375,0.09955291450023651
2024-08-21,LQD,XGBOOST,0.0497011630915339,0.09999696165323257
2024-08-22,LQD,XGBOOST,0.04620685106351631,0.09728176146745682
2024-08-23,LQD,XGBOOST,0.04346830174467288,0.0958504006266594
2024-08-26,LQD,XGBOOST,0.04298474268698064,0.09773286432027817
2024-08-27,LQD,XGBOOST,0.04897850984931962,0.08519809693098068
2024-08-28,LQD,XGBOOST,0.04805107613436134,0.08533702790737152
2024-08-29,LQD,XGBOOST,0.048558169666083666,0.07998599112033844
2024-08-30,LQD,XGBOOST,0.04825438798726916,0.07850202918052673
2024-09-03,LQD,XGBOOST,0.049645009317426325,0.07949337363243103
2024-09-04,LQD,XGBOOST,0.04702198746590354,0.08238665014505386
2024-09-05,LQD,XGBOOST,0.05057545651412528,0.08331459015607834
2024-09-06,LQD,XGBOOST,0.05424644031258908,0.0822557806968689
2024-09-09,LQD,XGBOOST,0.05616601896996337,0.07722029089927673
2024-09-10,LQD,XGBOOST,0.055631011569474594,0.07581502944231033
2024-09-11,LQD,XGBOOST,0.055702117835092956,0.07704769819974899
2024-09-12,LQD,XGBOOST,0.05571806602293345,0.07392552495002747
2024-09-13,LQD,XGBOOST,0.053922259751447536,0.0681443139910698
2024-09-16,LQD,XGBOOST,0.050358477026910715,0.07052832096815109
2024-09-17,LQD,XGBOOST,0.05453500127085131,0.06141844391822815
2024-09-18,LQD,XGBOOST,0.05485743908724178,0.0616929717361927
2024-09-19,LQD,XGBOOST,0.05982818333358981,0.061206329613924026
2024-09-20,LQD,XGBOOST,0.05945110614456268,0.05736757814884186
2024-09-23,LQD,XGBOOST,0.06790681553880046,0.05731142312288284
2024-09-24,LQD,XGBOOST,0.06710810969424236,0.05327523872256279
2024-09-25,LQD,XGBOOST,0.06550117652502428,0.05221181362867355
2024-09-26,LQD,XGBOOST,0.06722435288877436,0.05261436849832535
2024-09-27,LQD,XGBOOST,0.064358435206717,0.05512459948658943
2024-09-30,LQD,XGBOOST,0.06432509569492387,0.054832540452480316
2024-10-01,LQD,XGBOOST,0.0608161003901498,0.058221712708473206
2024-10-02,LQD,XGBOOST,0.060799852119429135,0.053192734718322754
2024-10-03,LQD,XGBOOST,0.0580845033609087,0.054333414882421494
2024-10-04,LQD,XGBOOST,0.05812029099914056,0.05783319100737572
2024-10-07,LQD,XGBOOST,0.06418655042560145,0.05904126539826393
2024-10-08,LQD,XGBOOST,0.06650642064975942,0.057942431420087814
2024-10-09,LQD,XGBOOST,0.07504709468946562,0.05723264068365097
2024-10-10,LQD,XGBOOST,0.08781076292651761,0.059158600866794586
2024-10-11,LQD,XGBOOST,0.08890073320451174,0.06025950238108635
2024-10-15,LQD,XGBOOST,0.0919353623548526,0.05729548633098602
2024-10-16,LQD,XGBOOST,0.09102607243996143,0.05568677932024002
2024-10-17,LQD,XGBOOST,0.08821409159129986,0.05465198680758476
2024-10-18,LQD,XGBOOST,0.08837258687924203,0.05602799355983734
2024-10-21,LQD,XGBOOST,0.08167607884681607,0.05276229977607727
2024-10-22,LQD,XGBOOST,0.08214592721077547,0.054098378866910934
2024-10-23,LQD,XGBOOST,0.08171986073861982,0.054117340594530106
2024-10-24,LQD,XGBOOST,0.0808884357986164,0.0579034648835659
2024-10-25,LQD,XGBOOST,0.08067023560042985,0.056241512298583984
2024-10-28,LQD,XGBOOST,0.09219167476121534,0.05515311285853386
2024-10-29,LQD,XGBOOST,0.09273297860858598,0.05917785316705704
2024-10-30,LQD,XGBOOST,0.0933148038767745,0.06420887261629105
2024-10-31,LQD,XGBOOST,0.0949229475624122,0.06194701045751572
2024-11-01,LQD,XGBOOST,0.09188796281462022,0.059982169419527054
2024-11-04,LQD,XGBOOST,0.09037556605947464,0.0638863816857338
2024-11-05,LQD,XGBOOST,0.09040031114760454,0.06246026232838631
2024-11-06,LQD,XGBOOST,0.08036260789364094,0.057111162692308426
2024-11-07,LQD,XGBOOST,0.07025365494365018,0.059909552335739136
2024-11-08,LQD,XGBOOST,0.07038476231618378,0.061210229992866516
2024-11-12,LQD,XGBOOST,0.06194534108698799,0.06346956640481949
2024-11-13,LQD,XGBOOST,0.06409049041717887,0.06116468831896782
2024-11-14,LQD,XGBOOST,0.06780977498933516,0.06435846537351608
2024-11-15,LQD,XGBOOST,0.06788154080742936,0.059446435421705246
2024-11-18,LQD,XGBOOST,0.06768837448095599,0.06156390905380249
2024-11-19,LQD,XGBOOST,0.0811503882910881,0.0632939338684082
2024-11-20,LQD,XGBOOST,0.08285204109909863,0.06436224281787872
2024-11-21,LQD,XGBOOST,0.08428420054637709,0.060738805681467056
2024-11-22,LQD,XGBOOST,0.08466334681370562,0.061934467405080795
2024-11-25,LQD,XGBOOST,0.07136985132301563,0.06627172976732254
2024-11-26,LQD,XGBOOST,0.07138329872034666,0.06783684343099594
2024-11-27,LQD,XGBOOST,0.07041540106194324,0.06720167398452759
2024-11-29,LQD,XGBOOST,0.06812124426522169,0.06925513595342636
2024-12-02,LQD,XGBOOST,0.06743660661538406,0.0704522579908371
2024-12-03,LQD,XGBOOST,0.06716447164048972,0.07056945562362671
2024-12-04,LQD,XGBOOST,0.06328938005246577,0.07110750675201416
2024-12-05,LQD,XGBOOST,0.06316427998465143,0.06710844486951828
2024-12-06,LQD,XGBOOST,0.06212050711812997,0.0633990690112114
2024-12-09,LQD,XGBOOST,0.06343208086379311,0.06317056715488434
2024-12-10,LQD,XGBOOST,0.064909006687137,0.06467591226100922
2024-12-11,LQD,XGBOOST,0.06492727608567356,0.06679617613554001
2024-12-12,LQD,XGBOOST,0.06444226502047933,0.06526577472686768
2024-12-13,LQD,XGBOOST,0.07887353561162014,0.06370859593153
2024-12-16,LQD,XGBOOST,0.07915749772361787,0.06992325186729431
2024-12-17,LQD,XGBOOST,0.0793182702264805,0.06281458586454391
2024-12-18,LQD,XGBOOST,0.06952872178237769,0.06058491766452789
2024-12-19,LQD,XGBOOST,0.06757309642245522,0.06173957511782646
2024-12-20,LQD,XGBOOST,0.06634163422964512,0.06145855039358139
2024-12-23,LQD,XGBOOST,0.06579609831559088,0.06104590743780136
2024-12-24,LQD,XGBOOST,0.06928527706370678,0.061427224427461624
2024-12-26,LQD,XGBOOST,0.06953897799275936,0.06545507907867432
2024-12-27,LQD,XGBOOST,0.06778961031720063,0.06279084831476212
2024-12-30,LQD,XGBOOST,0.06660629100919023,0.06615407019853592
2024-12-31,LQD,XGBOOST,0.0670678033246374,0.0644676610827446
2025-01-02,LQD,XGBOOST,0.06721698460504745,0.064140684902668
2025-01-03,LQD,XGBOOST,0.06665133514281306,0.06615274399518967
2025-01-06,LQD,XGBOOST,0.06923439390115885,0.06500092893838882
2025-01-07,LQD,XGBOOST,0.06688343121821354,0.06313040107488632
2025-01-08,LQD,XGBOOST,0.06968830948753202,0.06332627683877945
2025-01-10,LQD,XGBOOST,0.06517817323339677,0.06368017941713333
2025-01-13,LQD,XGBOOST,0.06470544567538646,0.06321264803409576
2025-01-14,LQD,XGBOOST,0.06887597433963626,0.06487330794334412
2025-01-15,LQD,XGBOOST,0.06121988733911578,0.07398229837417603
2025-01-16,LQD,XGBOOST,0.06212929514973258,0.07404465228319168
2025-01-17,LQD,XGBOOST,0.06448579601876754,0.07392376661300659
2025-01-21,LQD,XGBOOST,0.06143989243236691,0.06139827147126198
2025-01-22,LQD,XGBOOST,0.06047107413781703,0.06321597844362259
2025-01-23,LQD,XGBOOST,0.060875352945662514,0.062049444764852524
2025-01-24,LQD,XGBOOST,0.06107161033757607,0.06174934655427933
2025-01-27,LQD,XGBOOST,0.06208335796845129,0.061378560960292816
2025-01-28,LQD,XGBOOST,0.06163060040672808,0.06670262664556503
2025-01-29,LQD,XGBOOST,0.06391888331977244,0.06650092452764511
2025-01-30,LQD,XGBOOST,0.06496534331289568,0.06512676179409027
2025-01-31,LQD,XGBOOST,0.06335226836029749,0.06419885903596878
2025-02-03,LQD,XGBOOST,0.06542353936811861,0.06514310836791992
2025-02-04,LQD,XGBOOST,0.06706250482045763,0.06263817101716995
2025-02-05,LQD,XGBOOST,0.06433944512110074,0.05925990268588066
2025-02-06,LQD,XGBOOST,0.06422077030517384,0.05910879746079445
2025-02-07,LQD,XGBOOST,0.06258283745277494,0.05961500108242035
2025-02-10,LQD,XGBOOST,0.06771952177974774,0.06766276806592941
2025-02-11,LQD,XGBOOST,0.06814468764388423,0.06913148611783981
2025-02-12,LQD,XGBOOST,0.065255275932906,0.0669870674610138
2025-02-13,LQD,XGBOOST,0.05991435524556728,0.07687889784574509
2025-02-14,LQD,XGBOOST,0.058813776975057006,0.07418292760848999
2025-02-18,LQD,XGBOOST,0.05691763147162484,0.07625993341207504
2025-02-19,LQD,XGBOOST,0.05993023166846037,0.07562889158725739
2025-02-20,LQD,XGBOOST,0.06018209472153505,0.06999226659536362
2025-02-21,LQD,XGBOOST,0.059616257361667924,0.06604637950658798
2025-02-24,LQD,XGBOOST,0.061323090452454335,0.06683822721242905
2025-02-25,LQD,XGBOOST,0.05467420301873114,0.07087693363428116
2025-02-26,LQD,XGBOOST,0.055532097983920156,0.06781616061925888
2025-02-27,LQD,XGBOOST,0.05391638489370987,0.06494607031345367
2025-02-28,LQD,XGBOOST,0.05609264352445808,0.06911347806453705
2025-03-03,LQD,XGBOOST,0.055248480409394445,0.06480197608470917
2025-03-04,LQD,XGBOOST,0.05583177213463378,0.06290251016616821
2025-03-05,LQD,XGBOOST,0.055110436318841174,0.060432206839323044
2025-03-06,LQD,XGBOOST,0.05369209268211725,0.05926388502120972
2025-03-07,LQD,XGBOOST,0.05349305700421547,0.060323525220155716
2025-03-10,LQD,XGBOOST,0.08796986213940652,0.06214607506990433
2025-03-11,LQD,XGBOOST,0.09577311850663565,0.06942200660705566
2025-03-12,LQD,XGBOOST,0.11399662291664937,0.06653831154108047
2025-03-13,LQD,XGBOOST,0.12823461606138015,0.06445164978504181
2025-03-14,LQD,XGBOOST,0.1282561993434568,0.06306769698858261
2025-03-17,LQD,XGBOOST,0.1304026404158557,0.06081830710172653
2025-03-18,LQD,XGBOOST,0.13181056931597268,0.06027533859014511
2025-03-19,LQD,XGBOOST,0.13083041888417785,0.05786335468292236
2025-03-20,LQD,XGBOOST,0.130826381157618,0.05943595618009567
2025-03-21,LQD,XGBOOST,0.13558805906196175,0.060927487909793854
2025-03-24,LQD,XGBOOST,0.13570531532737548,0.05921586602926254
2025-03-25,LQD,XGBOOST,0.1368948320940716,0.05990647152066231
2025-03-26,LQD,XGBOOST,0.1416244544406475,0.05967680737376213
2025-03-27,LQD,XGBOOST,0.14279990593689185,0.06086786091327667
2025-03-28,LQD,XGBOOST,0.14142401562083057,0.05996735394001007
2025-03-31,LQD,XGBOOST,0.1414950057627069,0.062319837510585785
2025-04-01,LQD,XGBOOST,0.14185556202324456,0.06334706395864487
2025-04-02,LQD,XGBOOST,0.1419382382440904,0.06591812521219254
2025-04-03,LQD,XGBOOST,0.1420685790094551,0.06301943957805634
2025-04-04,LQD,XGBOOST,0.1420833317927855,0.3456469476222992
2025-04-07,LQD,XGBOOST,0.12334385732572781,0.28384289145469666
2025-04-08,LQD,XGBOOST,0.11330064470072493,0.29254984855651855
2025-04-09,LQD,XGBOOST,0.09921802019055635,0.22519800066947937
2025-04-10,LQD,XGBOOST,0.07589092226072167,0.23922714591026306
2025-04-11,LQD,XGBOOST,0.07589053716096678,0.22673654556274414
2025-04-14,LQD,XGBOOST,0.07325243819588326,0.2514645457267761
2025-04-15,LQD,XGBOOST,0.0735703796917719,0.25471094250679016
2025-04-16,LQD,XGBOOST,0.07643232379028987,0.22418072819709778
2025-04-17,LQD,XGBOOST,0.07640403725525846,0.20542241632938385
2025-04-21,LQD,XGBOOST,0.06400803969737463,0.13810300827026367
2025-04-22,LQD,XGBOOST,0.06478712065167475,0.13949939608573914
2025-04-23,LQD,XGBOOST,0.075596092205653,0.1449025571346283
2025-04-24,LQD,XGBOOST,0.06816851907199449,0.1062096357345581
2025-04-25,LQD,XGBOOST,0.0649975533217145,0.1087069883942604
2025-04-28,LQD,XGBOOST,0.07281841384182826,0.10814666748046875
2025-04-29,LQD,XGBOOST,0.07254031152414817,0.10459761321544647
2025-04-30,LQD,XGBOOST,0.07279685181917718,0.10547587275505066
2025-05-01,LQD,XGBOOST,0.072282869282483,0.10974999517202377
2025-05-02,LQD,XGBOOST,0.07249883574159832,0.11103548854589462
2025-05-05,LQD,XGBOOST,0.07223332838011158,0.11289103329181671
2025-05-06,LQD,XGBOOST,0.07613523995676388,0.10930900275707245
2025-05-07,LQD,XGBOOST,0.07701568443630691,0.10751812160015106
2025-05-08,LQD,XGBOOST,0.07803414871703876,0.11185123771429062
2025-05-09,LQD,XGBOOST,0.0785538465852148,0.10129915922880173
2025-05-12,LQD,XGBOOST,0.07880587473170479,0.090416818857193
2025-05-13,LQD,XGBOOST,0.07932361324289869,0.09211737662553787
2025-05-14,LQD,XGBOOST,0.07797359970880885,0.09185890853404999
2025-05-15,LQD,XGBOOST,0.07878781586077285,0.09067381918430328
2025-05-16,LQD,XGBOOST,0.07906576544124835,0.09347601234912872
2025-05-19,LQD,XGBOOST,0.07976990327934112,0.0912780687212944
2025-05-20,LQD,XGBOOST,0.07897082461475367,0.09125696867704391
2025-05-21,LQD,XGBOOST,0.06518425834774841,0.0940416231751442
2025-05-22,LQD,XGBOOST,0.06383692167804791,0.0918571949005127
2025-05-23,LQD,XGBOOST,0.06498151639839314,0.0876828208565712
2025-05-27,LQD,XGBOOST,0.0590041327880759,0.09049531817436218
2025-05-28,LQD,XGBOOST,0.058408121170390216,0.09081698954105377
2025-05-29,LQD,XGBOOST,0.057904845982202,0.08404295146465302
2025-05-30,LQD,XGBOOST,0.05979731895112056,0.08763492107391357
2025-06-02,LQD,XGBOOST,0.058026598512233,0.08631805330514908
2025-06-03,LQD,XGBOOST,0.05818593106465121,0.0846174955368042
2025-06-04,LQD,XGBOOST,0.05484408507175975,0.08092179894447327
2025-06-05,LQD,XGBOOST,0.058371836763349255,0.08264361321926117
2025-06-06,LQD,XGBOOST,0.054529565415711904,0.08369999378919601
2025-06-09,LQD,XGBOOST,0.05684051362784983,0.08531414717435837
2025-06-10,LQD,XGBOOST,0.056584307455190136,0.08224401623010635
2025-06-11,LQD,XGBOOST,0.06074622985818905,0.07765953242778778
2025-06-12,LQD,XGBOOST,0.057496806325126305,0.0775209590792656
2025-06-13,LQD,XGBOOST,0.054734385786254974,0.07712644338607788
2025-06-16,LQD,XGBOOST,0.05449080946903274,0.07625240832567215
2025-06-17,LQD,XGBOOST,0.05382454486478515,0.07533255964517593
2025-06-18,LQD,XGBOOST,0.05410441257117231,0.07689866423606873
2025-06-20,LQD,XGBOOST,0.05556051001174026,0.07513437420129776
2025-06-23,LQD,XGBOOST,0.05551034799403179,0.0749104917049408
2025-06-24,LQD,XGBOOST,0.05356181547584173,0.07113256305456161
2025-06-25,LQD,XGBOOST,0.05366177418793569,0.06980561465024948
2025-06-26,LQD,XGBOOST,0.053286135976638595,0.07052458822727203
2025-06-27,LQD,XGBOOST,0.05346285741965554,0.07162642478942871
2025-06-30,LQD,XGBOOST,0.0550729185191057,0.07045866549015045
2025-07-01,LQD,XGBOOST,0.05657741770124314,0.07415105402469635
2025-07-02,LQD,XGBOOST,0.05659391758618263,0.07534488290548325
2025-07-03,LQD,XGBOOST,0.06408959480114212,0.07676604390144348
2025-07-07,LQD,XGBOOST,0.05948864937642771,0.07268749177455902
2025-07-08,LQD,XGBOOST,0.05785858629465152,0.07496720552444458
2025-07-09,LQD,XGBOOST,0.05526863705839026,0.07276887446641922
2025-07-10,LQD,XGBOOST,0.05558330413357765,0.06693700700998306
2025-07-11,LQD,XGBOOST,0.05173202939790867,0.0671013742685318
2025-07-14,LQD,XGBOOST,0.051626992980535046,0.06616473197937012
2025-07-15,LQD,XGBOOST,0.04878965542753239,0.06770335137844086
2025-07-16,LQD,XGBOOST,0.05095273721722647,0.06716389209032059
2025-07-17,LQD,XGBOOST,0.053474189445591985,0.06779760122299194
2025-07-18,LQD,XGBOOST,0.05398325922551812,0.06926384568214417
2025-07-21,LQD,XGBOOST,0.05356614533074451,0.06802251935005188
2025-07-22,LQD,XGBOOST,0.053273460041761825,0.06917760521173477
2025-07-23,LQD,XGBOOST,0.05269515767272874,0.06855112314224243
2025-07-24,LQD,XGBOOST,0.054585716473338056,0.07035200297832489
2025-07-25,LQD,XGBOOST,0.05981673153652942,0.0651550218462944
2025-07-28,LQD,XGBOOST,0.06023342872670327,0.07838950306177139
2025-07-29,LQD,XGBOOST,0.05610553508759301,0.08049579709768295
2025-07-30,LQD,XGBOOST,0.05389391554303748,0.07851329445838928
2025-07-31,LQD,XGBOOST,0.05396890594211635,0.0772375762462616
2025-08-01,LQD,XGBOOST,0.04671341165971466,0.07507908344268799
2025-08-04,LQD,XGBOOST,0.04779747799744354,0.07474666088819504
2025-08-05,LQD,XGBOOST,0.05246320391693759,0.07572071254253387
2025-08-06,LQD,XGBOOST,0.057602216528211,0.07989881187677383
2025-08-07,LQD,XGBOOST,0.06115691791344229,0.08359577506780624
2025-08-08,LQD,XGBOOST,0.059944229806240756,0.08379378914833069
2025-08-11,LQD,XGBOOST,0.060815673475208346,0.08197744935750961
2025-08-12,LQD,XGBOOST,0.061217670393320135,0.06303274631500244
2025-08-13,LQD,XGBOOST,0.06068458607863491,0.0643564909696579
2025-08-14,LQD,XGBOOST,0.059315691635979446,0.06346898525953293
2025-08-15,LQD,XGBOOST,0.05899785010642194,0.06526181846857071
2025-08-18,LQD,XGBOOST,0.058420896880740814,0.06497622281312943
2025-08-19,LQD,XGBOOST,0.05949673912551127,0.06346583366394043
2025-08-20,LQD,XGBOOST,0.06058993880661529,0.06315643340349197
2025-08-21,LQD,XGBOOST,0.05821998926622898,0.0611807219684124
2025-08-22,LQD,XGBOOST,0.05395930783001455,0.06538818031549454
2025-08-25,LQD,XGBOOST,0.05257822688466709,0.06460199505090714
2025-08-26,LQD,XGBOOST,0.05552717990284074,0.06374457478523254
2025-08-27,LQD,XGBOOST,0.056252400992212535,0.06589271128177643
2025-08-28,LQD,XGBOOST,0.05621529063923734,0.0641583576798439
2025-08-29,LQD,XGBOOST,0.05461207223794627,0.0660565122961998
2025-09-02,LQD,XGBOOST,0.052738568055533765,0.06532295793294907
2025-09-03,LQD,XGBOOST,0.050791827620295535,0.06410662084817886
2025-09-04,LQD,XGBOOST,0.04602934177846301,0.06081107258796692
2025-09-05,LQD,XGBOOST,0.041134471526819885,0.05099283903837204
2025-09-08,LQD,XGBOOST,0.041242942653666806,0.054009467363357544
2025-09-09,LQD,XGBOOST,0.041169453047922445,0.053962334990501404
2025-09-10,LQD,XGBOOST,0.040129775030904036,0.05479580909013748
2025-09-11,LQD,XGBOOST,0.03667805201246054,0.05539301782846451
2025-09-12,LQD,XGBOOST,0.037864495827471145,0.05581524223089218
2025-09-15,LQD,XGBOOST,0.038201761745917794,0.0554824024438858
2025-09-16,LQD,XGBOOST,0.039914072009936304,0.05357876420021057
2025-09-17,LQD,XGBOOST,0.03928857717917326,0.050983794033527374
2025-09-18,LQD,XGBOOST,0.039412749659293436,0.049947477877140045
2025-09-19,LQD,XGBOOST,0.04010501401132461,0.052872370928525925
2025-09-22,LQD,XGBOOST,0.03988408686870602,0.052567966282367706
2025-09-23,LQD,XGBOOST,0.03960384321241327,0.046916935592889786
2025-09-24,LQD,XGBOOST,0.03568889669869201,0.05098332092165947
2025-09-25,LQD,XGBOOST,0.035200617149769305,0.04936933144927025
2025-09-26,LQD,XGBOOST,0.03528564876273057,0.05008178576827049
2025-09-29,LQD,XGBOOST,0.034231647036416804,0.05083109438419342
2025-09-30,LQD,XGBOOST,0.03370667581241462,0.05086972564458847
2025-10-01,LQD,XGBOOST,0.03876009995326232,0.05239728093147278
2025-10-02,LQD,XGBOOST,0.04335916436070618,0.05154683440923691
2025-10-03,LQD,XGBOOST,0.045496036853222795,0.052544835954904556
2025-10-06,LQD,XGBOOST,0.045047901270365946,0.05347571149468422
2025-10-07,LQD,XGBOOST,0.044773364437498714,0.05369886755943298
2025-10-08,LQD,XGBOOST,0.04575364953526004,0.051980774849653244
2025-10-09,LQD,XGBOOST,0.049145920901423994,0.0495840348303318
2025-10-10,LQD,XGBOOST,0.048642065461531526,0.04740605503320694
2025-10-14,LQD,XGBOOST,0.04764422994893581,0.04574688896536827
2025-10-15,LQD,XGBOOST,0.04771374673680612,0.04694559797644615
2025-10-16,LQD,XGBOOST,0.048986324778321544,0.050320107489824295
2025-10-17,LQD,XGBOOST,0.04932635383129445,0.04409076273441315
2025-10-20,LQD,XGBOOST,0.04763504475343292,0.04148809611797333
2025-10-21,LQD,XGBOOST,0.04772115453485998,0.04231204837560654
2025-10-22,LQD,XGBOOST,0.04738567820646153,0.04144619032740593
2025-10-23,LQD,XGBOOST,0.047991938429165645,0.0431668795645237
2025-10-24,LQD,XGBOOST,0.049624882951185764,0.04634394869208336
2025-10-27,LQD,XGBOOST,0.0516439818995617,0.049619294703006744
2025-10-28,LQD,XGBOOST,0.052925463567210514,0.05012824013829231
2025-10-29,LQD,XGBOOST,0.050610843903655826,0.04865226522088051
2025-10-30,LQD,XGBOOST,0.04692936588275747,0.04745658114552498
2025-10-31,LQD,XGBOOST,0.048753256054766554,0.047199796885252
2025-11-03,LQD,XGBOOST,0.04755526801066754,0.04791223257780075
2025-11-04,LQD,XGBOOST,0.04790855045806305,0.04812208563089371
2025-11-05,LQD,XGBOOST,0.04697099029478033,0.04722294956445694
2025-11-06,LQD,XGBOOST,0.04365741997032658,0.04825509712100029
2025-11-07,LQD,XGBOOST,0.04371815838525014,0.047557540237903595
2025-11-10,LQD,XGBOOST,0.043972937431546615,0.04275727644562721
2025-11-12,LQD,XGBOOST,0.04495273867411192,0.043409060686826706
2025-11-13,LQD,XGBOOST,0.046720862331314304,0.045481789857149124
2025-11-14,LQD,XGBOOST,0.04573795244689514,0.046667102724313736
2025-11-17,LQD,XGBOOST,0.04630187347690394,0.04448821023106575
2025-11-18,LQD,XGBOOST,0.04655122530699922,0.04649066552519798
2025-11-19,LQD,XGBOOST,0.048250144023287214,0.0446481816470623
2025-11-20,LQD,XGBOOST,0.04922188489728259,0.04583914577960968
2025-11-21,LQD,XGBOOST,0.04763725990474194,0.04334967955946922
2025-11-24,LQD,XGBOOST,0.04549787473722826,0.04415401071310043
2025-11-25,LQD,XGBOOST,0.046601887263305865,0.04479467496275902
2025-11-26,LQD,XGBOOST,0.04476171717927349,0.04153376817703247
2025-11-28,LQD,XGBOOST,0.04476512053671402,0.04112321883440018
2025-12-01,LQD,XGBOOST,0.04048270213557116,0.04122939705848694
2025-12-02,LQD,XGBOOST,0.0432714716620289,0.04482857510447502
2025-12-03,LQD,XGBOOST,0.04234434839617297,0.04977137967944145
2025-12-04,LQD,XGBOOST,0.04327114307025703,0.04928882420063019
2025-12-05,LQD,XGBOOST,0.04312133091261009,0.055902399122714996
2025-12-08,LQD,XGBOOST,0.04245514453082366,0.05225090682506561
2025-12-09,LQD,XGBOOST,0.04348293754402598,0.051023587584495544
2025-12-10,LQD,XGBOOST,0.042249426415848126,0.05148192122578621
2025-12-11,LQD,XGBOOST,0.04213615578163063,0.048062022775411606
2025-12-12,LQD,XGBOOST,0.035984549031494346,0.04980386793613434
2025-12-15,LQD,XGBOOST,0.03665238186781776,0.044482458382844925
2025-12-16,LQD,XGBOOST,0.03657274057877749,0.04424600675702095
2025-12-17,LQD,XGBOOST,0.03804346738024268,0.047029245644807816
2025-12-18,LQD,XGBOOST,0.04182925712018325,0.04293765127658844
2025-12-19,LQD,XGBOOST,0.04627703268931525,0.04137001186609268
2025-12-22,LQD,XGBOOST,0.04663980078565987,0.043400634080171585
2025-12-23,LQD,XGBOOST,0.046584956345679183,0.04326409846544266
2025-12-24,LQD,XGBOOST,0.04465921906969126,0.04135715216398239
2025-12-26,LQD,XGBOOST,0.0448614354371224,0.04133987054228783
2025-12-29,LQD,XGBOOST,0.04490429598393288,0.04148462042212486
2025-12-30,LQD,XGBOOST,0.04472276228802037,0.04533868283033371
2025-12-31,LQD,XGBOOST,0.04201345834137648,0.04477856308221817
2023-12-28,HYG,XGBOOST,0.05513583017192733,0.08801981806755066
2023-12-29,HYG,XGBOOST,0.0534237385505941,0.08734996616840363
2024-01-02,HYG,XGBOOST,0.05298585502531354,0.08894410729408264
2024-01-03,HYG,XGBOOST,0.05520774196318089,0.0805528461933136
2024-01-04,HYG,XGBOOST,0.055921564393460646,0.08195049315690994
2024-01-05,HYG,XGBOOST,0.05898110512609226,0.08385821431875229
2024-01-08,HYG,XGBOOST,0.057051821986733045,0.08531665802001953
2024-01-09,HYG,XGBOOST,0.05709298225907495,0.07393650710582733
2024-01-10,HYG,XGBOOST,0.056848874709442596,0.0732533410191536
2024-01-11,HYG,XGBOOST,0.056160343635394544,0.071549192070961
2024-01-12,HYG,XGBOOST,0.056604689843097085,0.06996290385723114
2024-01-16,HYG,XGBOOST,0.059415185975343295,0.07243076711893082
2024-01-17,HYG,XGBOOST,0.05900491874777098,0.07450243830680847
2024-01-18,HYG,XGBOOST,0.05980626839429142,0.07312518358230591
2024-01-19,HYG,XGBOOST,0.06067701028501882,0.07415377348661423
2024-01-22,HYG,XGBOOST,0.06104987771143069,0.07254619896411896
2024-01-23,HYG,XGBOOST,0.06127908988840912,0.07413626462221146
2024-01-24,HYG,XGBOOST,0.06342174853438208,0.06992407143115997
2024-01-25,HYG,XGBOOST,0.057399884440061874,0.07538595050573349
2024-01-26,HYG,XGBOOST,0.05851244465396992,0.07339358329772949
2024-01-29,HYG,XGBOOST,0.05813577628483606,0.06836594641208649
2024-01-30,HYG,XGBOOST,0.057977627016631235,0.06691578775644302
2024-01-31,HYG,XGBOOST,0.05739335856557417,0.06643987447023392
2024-02-01,HYG,XGBOOST,0.05520317941381991,0.05900193750858307
2024-02-02,HYG,XGBOOST,0.05252554607648468,0.06187878176569939
2024-02-05,HYG,XGBOOST,0.04939361645995093,0.06925727427005768
2024-02-06,HYG,XGBOOST,0.04855924972765673,0.06065625697374344
2024-02-07,HYG,XGBOOST,0.04841159681398711,0.0629759356379509
2024-02-08,HYG,XGBOOST,0.0483000633815104,0.06516554206609726
2024-02-09,HYG,XGBOOST,0.047928911173166056,0.06579691171646118
2024-02-12,HYG,XGBOOST,0.04703699496058773,0.06750331819057465
2024-02-13,HYG,XGBOOST,0.034666021550990675,0.06339029222726822
2024-02-14,HYG,XGBOOST,0.03815563093488762,0.06126442179083824
2024-02-15,HYG,XGBOOST,0.03655289122099453,0.06373649090528488
2024-02-16,HYG,XGBOOST,0.03517953116246371,0.062280554324388504
2024-02-20,HYG,XGBOOST,0.036943173104339935,0.06127413734793663
2024-02-21,HYG,XGBOOST,0.03700695723797595,0.06323228776454926
2024-02-22,HYG,XGBOOST,0.034205937238860486,0.0639166310429573
2024-02-23,HYG,XGBOOST,0.03468535029060768,0.0620989054441452
2024-02-26,HYG,XGBOOST,0.03272581219295628,0.06268057972192764
2024-02-27,HYG,XGBOOST,0.03318595901401393,0.061897944658994675
2024-02-28,HYG,XGBOOST,0.03719447621854868,0.06267731636762619
2024-02-29,HYG,XGBOOST,0.03835650949342187,0.06037578359246254
2024-03-01,HYG,XGBOOST,0.03973227572570928,0.06465411931276321
2024-03-04,HYG,XGBOOST,0.040249045269113874,0.06608420610427856
2024-03-05,HYG,XGBOOST,0.040188779579677536,0.06328859180212021
2024-03-06,HYG,XGBOOST,0.0393627762038939,0.05378739908337593
2024-03-07,HYG,XGBOOST,0.039234593575831145,0.05461505800485611
2024-03-08,HYG,XGBOOST,0.04017733845444994,0.053770069032907486
2024-03-11,HYG,XGBOOST,0.04084338014176685,0.05346820130944252
2024-03-12,HYG,XGBOOST,0.0515839837677054,0.05314129590988159
2024-03-13,HYG,XGBOOST,0.051533729761340026,0.053891003131866455
2024-03-14,HYG,XGBOOST,0.04892904060560676,0.05795643478631973
2024-03-15,HYG,XGBOOST,0.05274553626016174,0.053759995847940445
2024-03-18,HYG,XGBOOST,0.0525345314587429,0.05294625461101532
2024-03-19,HYG,XGBOOST,0.05010522755916072,0.05229317769408226
2024-03-20,HYG,XGBOOST,0.04800549205260753,0.05147402733564377
2024-03-21,HYG,XGBOOST,0.04906257633424435,0.05131273344159126
2024-03-22,HYG,XGBOOST,0.054098344870405754,0.04846682399511337
2024-03-25,HYG,XGBOOST,0.05638340076505095,0.04982365295290947
2024-03-26,HYG,XGBOOST,0.05671934282683776,0.044766414910554886
2024-03-27,HYG,XGBOOST,0.05290579705076131,0.042659908533096313
2024-03-28,HYG,XGBOOST,0.05431955024531114,0.04118667542934418
2024-04-01,HYG,XGBOOST,0.05387780889555837,0.04437357559800148
2024-04-02,HYG,XGBOOST,0.059472749475561804,0.055588867515325546
2024-04-03,HYG,XGBOOST,0.06267915199789399,0.048791106790304184
2024-04-04,HYG,XGBOOST,0.06648338664127718,0.0617343969643116
2024-04-05,HYG,XGBOOST,0.06780523091504406,0.06703530997037888
2024-04-08,HYG,XGBOOST,0.0674944200022241,0.059307463467121124
2024-04-09,HYG,XGBOOST,0.0671960982016837,0.05144499987363815
2024-04-10,HYG,XGBOOST,0.058927821560826134,0.06157991290092468
2024-04-11,HYG,XGBOOST,0.05867355015934918,0.06450988352298737
2024-04-12,HYG,XGBOOST,0.05906464548345985,0.06601157039403915
2024-04-15,HYG,XGBOOST,0.05419721506030372,0.07189632952213287
2024-04-16,HYG,XGBOOST,0.051920877257232635,0.07063686102628708
2024-04-17,HYG,XGBOOST,0.054541376852879624,0.06689640879631042
2024-04-18,HYG,XGBOOST,0.05606875348628334,0.06949830055236816
2024-04-19,HYG,XGBOOST,0.05613639477967153,0.067523293197155
2024-04-22,HYG,XGBOOST,0.053689201951636,0.06440421938896179
2024-04-23,HYG,XGBOOST,0.05261038905550096,0.06858121603727341
2024-04-24,HYG,XGBOOST,0.052599140584856936,0.06272020190954208
2024-04-25,HYG,XGBOOST,0.05379434306420055,0.06292170286178589
2024-04-26,HYG,XGBOOST,0.05404658989244497,0.06241529807448387
2024-04-29,HYG,XGBOOST,0.055591457848764556,0.06013442575931549
2024-04-30,HYG,XGBOOST,0.04962933636349189,0.05566059798002243
2024-05-01,HYG,XGBOOST,0.04823029267741072,0.055156730115413666
2024-05-02,HYG,XGBOOST,0.04483598283275744,0.056660450994968414
2024-05-03,HYG,XGBOOST,0.04374771467812036,0.05867908522486687
2024-05-06,HYG,XGBOOST,0.04365633931817797,0.05810077115893364
2024-05-07,HYG,XGBOOST,0.04505796304194841,0.060572829097509384
2024-05-08,HYG,XGBOOST,0.04461883052643157,0.0596008375287056
2024-05-09,HYG,XGBOOST,0.04578302455651369,0.05616440251469612
2024-05-10,HYG,XGBOOST,0.045399088565016864,0.057524923235177994
2024-05-13,HYG,XGBOOST,0.04549396266517879,0.06338554620742798
2024-05-14,HYG,XGBOOST,0.04716443263070097,0.06054141744971275
2024-05-15,HYG,XGBOOST,0.042725284825084364,0.05743183568120003
2024-05-16,HYG,XGBOOST,0.04426616285202461,0.06003886088728905
2024-05-17,HYG,XGBOOST,0.044309626998914525,0.05797146260738373
2024-05-20,HYG,XGBOOST,0.045552262228971,0.061957892030477524
2024-05-21,HYG,XGBOOST,0.04551560005367409,0.060601916164159775
2024-05-22,HYG,XGBOOST,0.04466157663289065,0.05405757576227188
2024-05-23,HYG,XGBOOST,0.04258542892900186,0.055759139358997345
2024-05-24,HYG,XGBOOST,0.04124958162691174,0.05507466942071915
2024-05-28,HYG,XGBOOST,0.03907347597457923,0.05981384590268135
2024-05-29,HYG,XGBOOST,0.03681248697706795,0.059391435235738754
2024-05-30,HYG,XGBOOST,0.03630818736315033,0.05051146075129509
2024-05-31,HYG,XGBOOST,0.03445755223104624,0.047870833426713943
2024-06-03,HYG,XGBOOST,0.03407991763821481,0.04795881733298302
2024-06-04,HYG,XGBOOST,0.03588042649731402,0.04651147127151489
2024-06-05,HYG,XGBOOST,0.035611380334182596,0.045757781714200974
2024-06-06,HYG,XGBOOST,0.03485603119602578,0.04414842277765274
2024-06-07,HYG,XGBOOST,0.03352808889996933,0.04941564425826073
2024-06-10,HYG,XGBOOST,0.03410559472354738,0.04848617687821388
2024-06-11,HYG,XGBOOST,0.035668725455037395,0.047359269112348557
2024-06-12,HYG,XGBOOST,0.03424170220053019,0.04629489406943321
2024-06-13,HYG,XGBOOST,0.03417550182257488,0.048234835267066956
2024-06-14,HYG,XGBOOST,0.0314104518082624,0.04946371540427208
2024-06-17,HYG,XGBOOST,0.03235398985312182,0.04854380711913109
2024-06-18,HYG,XGBOOST,0.032995211424166185,0.04913146048784256
2024-06-20,HYG,XGBOOST,0.03306486275697859,0.05119406804442406
2024-06-21,HYG,XGBOOST,0.03473259663371435,0.050698935985565186
2024-06-24,HYG,XGBOOST,0.03414599591610689,0.0494963675737381
2024-06-25,HYG,XGBOOST,0.03703748579844913,0.04816963151097298
2024-06-26,HYG,XGBOOST,0.0355449617266133,0.048915568739175797
2024-06-27,HYG,XGBOOST,0.03655670636266548,0.051024824380874634
2024-06-28,HYG,XGBOOST,0.035051092760705935,0.04843335971236229
2024-07-01,HYG,XGBOOST,0.034831574380032634,0.0505797378718853
2024-07-02,HYG,XGBOOST,0.03550701098538445,0.051194917410612106
2024-07-03,HYG,XGBOOST,0.03600710065477732,0.04651558771729469
2024-07-05,HYG,XGBOOST,0.037769017977192176,0.05342598259449005
2024-07-08,HYG,XGBOOST,0.0444980443160513,0.0500233918428421
2024-07-09,HYG,XGBOOST,0.04598327710679824,0.05370606109499931
2024-07-10,HYG,XGBOOST,0.04578451559174044,0.052832331508398056
2024-07-11,HYG,XGBOOST,0.046292246592773575,0.051082827150821686
2024-07-12,HYG,XGBOOST,0.045593223579375126,0.05104481056332588
2024-07-15,HYG,XGBOOST,0.045610692173933425,0.045782510191202164
2024-07-16,HYG,XGBOOST,0.046474121179849975,0.04439318925142288
2024-07-17,HYG,XGBOOST,0.04641152771253348,0.04042568430304527
2024-07-18,HYG,XGBOOST,0.04546346537527452,0.04398243501782417
2024-07-19,HYG,XGBOOST,0.046027120873772275,0.048618752509355545
2024-07-22,HYG,XGBOOST,0.04486958367150581,0.04035256803035736
2024-07-23,HYG,XGBOOST,0.045186535929659835,0.04763002693653107
2024-07-24,HYG,XGBOOST,0.04312563845125481,0.04543183371424675
2024-07-25,HYG,XGBOOST,0.04374811465766228,0.04460398480296135
2024-07-26,HYG,XGBOOST,0.045829312256220896,0.043760716915130615
2024-07-29,HYG,XGBOOST,0.046600191735968674,0.047271959483623505
2024-07-30,HYG,XGBOOST,0.04658858898377227,0.046212803572416306
2024-07-31,HYG,XGBOOST,0.04574499441794503,0.036972448229789734
2024-08-01,HYG,XGBOOST,0.044444379027532926,0.045229651033878326
2024-08-02,HYG,XGBOOST,0.041706517648430946,0.06391807645559311
2024-08-05,HYG,XGBOOST,0.03632599390048233,0.09431142359972
2024-08-06,HYG,XGBOOST,0.03626190553835723,0.08476626873016357
2024-08-07,HYG,XGBOOST,0.03704500437059446,0.15537582337856293
2024-08-08,HYG,XGBOOST,0.03643934162793516,0.06659172475337982
2024-08-09,HYG,XGBOOST,0.03652491349544585,0.06406819075345993
2024-08-12,HYG,XGBOOST,0.03802791728376532,0.06243111193180084
2024-08-13,HYG,XGBOOST,0.035626832794057796,0.06060528755187988
2024-08-14,HYG,XGBOOST,0.03551222288337886,0.05896076560020447
2024-08-15,HYG,XGBOOST,0.036190805109342555,0.049518365412950516
2024-08-16,HYG,XGBOOST,0.035707567018964465,0.045945409685373306
2024-08-19,HYG,XGBOOST,0.03564519301117089,0.04274662211537361
2024-08-20,HYG,XGBOOST,0.035087473682453,0.053542256355285645
2024-08-21,HYG,XGBOOST,0.03555724350033074,0.05298333242535591
2024-08-22,HYG,XGBOOST,0.03461698681888094,0.040938977152109146
2024-08-23,HYG,XGBOOST,0.03219069401554142,0.04167141020298004
2024-08-26,HYG,XGBOOST,0.03066786308262202,0.04483025148510933
2024-08-27,HYG,XGBOOST,0.03141383995872354,0.037660423666238785
2024-08-28,HYG,XGBOOST,0.03123513147903739,0.03988031670451164
2024-08-29,HYG,XGBOOST,0.031798384363314953,0.04264863580465317
2024-08-30,HYG,XGBOOST,0.032222864821297756,0.04350542277097702
2024-09-03,HYG,XGBOOST,0.02828407039559114,0.04719412326812744
2024-09-04,HYG,XGBOOST,0.02657078665437059,0.046210940927267075
2024-09-05,HYG,XGBOOST,0.027017319659575916,0.04261796176433563
2024-09-06,HYG,XGBOOST,0.02690505388738766,0.047435369342565536
2024-09-09,HYG,XGBOOST,0.030910861766434955,0.05074092373251915
2024-09-10,HYG,XGBOOST,0.030808016676158893,0.05383851379156113
2024-09-11,HYG,XGBOOST,0.030731730569237694,0.04691912606358528
2024-09-12,HYG,XGBOOST,0.030582854950545066,0.0453510507941246
2024-09-13,HYG,XGBOOST,0.030449071211637344,0.04432637244462967
2024-09-16,HYG,XGBOOST,0.029245698665956995,0.039997220039367676
2024-09-17,HYG,XGBOOST,0.029266919906599177,0.039626866579055786
2024-09-18,HYG,XGBOOST,0.029748125026043067,0.045133087784051895
2024-09-19,HYG,XGBOOST,0.028235057505773493,0.04032062739133835
2024-09-20,HYG,XGBOOST,0.029225847965551256,0.04207602143287659
2024-09-23,HYG,XGBOOST,0.03187919883201622,0.042302943766117096
2024-09-24,HYG,XGBOOST,0.03215508653315104,0.04562486335635185
2024-09-25,HYG,XGBOOST,0.03354063050418832,0.042913250625133514
2024-09-26,HYG,XGBOOST,0.034807960296848996,0.04286424443125725
2024-09-27,HYG,XGBOOST,0.03332611902280498,0.04431423172354698
2024-09-30,HYG,XGBOOST,0.034898292272919615,0.04311298206448555
2024-10-01,HYG,XGBOOST,0.03493441052930655,0.04139505699276924
2024-10-02,HYG,XGBOOST,0.035318938447693224,0.044920649379491806
2024-10-03,HYG,XGBOOST,0.03564956780999055,0.04785230755805969
2024-10-04,HYG,XGBOOST,0.03555309211247608,0.04876568168401718
2024-10-07,HYG,XGBOOST,0.03383578550616129,0.055086951702833176
2024-10-08,HYG,XGBOOST,0.034215621012778696,0.04894949495792389
2024-10-09,HYG,XGBOOST,0.034605595955232014,0.05239227041602135
2024-10-10,HYG,XGBOOST,0.037356195891113546,0.054129526019096375
2024-10-11,HYG,XGBOOST,0.03673381807785098,0.05060163512825966
2024-10-15,HYG,XGBOOST,0.040173227400907105,0.05254902318120003
2024-10-16,HYG,XGBOOST,0.039714233314977324,0.042130567133426666
2024-10-17,HYG,XGBOOST,0.040107452069598065,0.04293577000498772
2024-10-18,HYG,XGBOOST,0.039120515350343506,0.042624011635780334
2024-10-21,HYG,XGBOOST,0.036844837578013,0.043121788650751114
2024-10-22,HYG,XGBOOST,0.03663923490783488,0.04692702740430832
2024-10-23,HYG,XGBOOST,0.03452629952623256,0.051003701984882355
2024-10-24,HYG,XGBOOST,0.03330982114550965,0.04701678827404976
2024-10-25,HYG,XGBOOST,0.03300897398287407,0.04968602955341339
2024-10-28,HYG,XGBOOST,0.03434955213865848,0.04984872043132782
2024-10-29,HYG,XGBOOST,0.035329353598467485,0.053213976323604584
2024-10-30,HYG,XGBOOST,0.03562504570538698,0.05150256305932999
2024-10-31,HYG,XGBOOST,0.03364289716884145,0.05201331153512001
2024-11-01,HYG,XGBOOST,0.03380350635394333,0.053061943501234055
2024-11-04,HYG,XGBOOST,0.03306160544749274,0.05276881158351898
2024-11-05,HYG,XGBOOST,0.03274963845097229,0.04565557464957237
2024-11-06,HYG,XGBOOST,0.03288233021130555,0.0444989949464798
2024-11-07,HYG,XGBOOST,0.03007456452475393,0.0422590933740139
2024-11-08,HYG,XGBOOST,0.03021290728106897,0.036100585013628006
2024-11-12,HYG,XGBOOST,0.025039261419655876,0.041686177253723145
2024-11-13,HYG,XGBOOST,0.027616659650462134,0.03934892266988754
2024-11-14,HYG,XGBOOST,0.028629557599596386,0.03678424283862114
2024-11-15,HYG,XGBOOST,0.029089085679777884,0.040082428604364395
2024-11-18,HYG,XGBOOST,0.02991693991334441,0.03669503703713417
2024-11-19,HYG,XGBOOST,0.04751544275357105,0.03248598054051399
2024-11-20,HYG,XGBOOST,0.04757132096738917,0.033165715634822845
2024-11-21,HYG,XGBOOST,0.053096348208624265,0.034657176584005356
2024-11-22,HYG,XGBOOST,0.05387737130339989,0.03483536094427109
2024-11-25,HYG,XGBOOST,0.053342560159913274,0.03154865279793739
2024-11-26,HYG,XGBOOST,0.05386035232015404,0.032163042575120926
2024-11-27,HYG,XGBOOST,0.05388719576507703,0.03032577782869339
2024-11-29,HYG,XGBOOST,0.053579713970654384,0.028823792934417725
2024-12-02,HYG,XGBOOST,0.05358756821539619,0.03583729267120361
2024-12-03,HYG,XGBOOST,0.054487220165024886,0.03522125259041786
2024-12-04,HYG,XGBOOST,0.054018357828941384,0.03679285943508148
2024-12-05,HYG,XGBOOST,0.05445674760258253,0.03506964072585106
2024-12-06,HYG,XGBOOST,0.05510668866626719,0.03825623542070389
2024-12-09,HYG,XGBOOST,0.05532112668916067,0.03623368963599205
2024-12-10,HYG,XGBOOST,0.05789836655407896,0.037070177495479584
2024-12-11,HYG,XGBOOST,0.05783127369381201,0.03837312385439873
2024-12-12,HYG,XGBOOST,0.05760011956913335,0.035599954426288605
2024-12-13,HYG,XGBOOST,0.06520129879843431,0.03728476166725159
2024-12-16,HYG,XGBOOST,0.06499587419036168,0.03614849969744682
2024-12-17,HYG,XGBOOST,0.06446638671925799,0.035251010209321976
2024-12-18,HYG,XGBOOST,0.05118668426035504,0.04385940730571747
2024-12-19,HYG,XGBOOST,0.05138499892737991,0.0444415882229805
2024-12-20,HYG,XGBOOST,0.04742863650516063,0.045019231736660004
2024-12-23,HYG,XGBOOST,0.04574842496029781,0.05139923095703125
2024-12-24,HYG,XGBOOST,0.04492519995945476,0.04617300257086754
2024-12-26,HYG,XGBOOST,0.04457602735991625,0.04587855190038681
2024-12-27,HYG,XGBOOST,0.04225892841541734,0.045346688479185104
2024-12-30,HYG,XGBOOST,0.04239160162968835,0.04581904038786888
2024-12-31,HYG,XGBOOST,0.04342982509542388,0.04504137113690376
2025-01-02,HYG,XGBOOST,0.04343875852084742,0.04398213326931
2025-01-03,HYG,XGBOOST,0.04432579953845277,0.0452730767428875
2025-01-06,HYG,XGBOOST,0.04474095896552519,0.04341456666588783
2025-01-07,HYG,XGBOOST,0.043089853644743166,0.04341740906238556
2025-01-08,HYG,XGBOOST,0.045126358205829026,0.04559977725148201
2025-01-10,HYG,XGBOOST,0.04003726984215903,0.04462679848074913
2025-01-13,HYG,XGBOOST,0.040084433566322755,0.04505600407719612
2025-01-14,HYG,XGBOOST,0.04140584981813746,0.04602460190653801
2025-01-15,HYG,XGBOOST,0.03219593683379383,0.05459289997816086
2025-01-16,HYG,XGBOOST,0.03219444109306338,0.05392470583319664
2025-01-17,HYG,XGBOOST,0.03249267478778255,0.05019663646817207
2025-01-21,HYG,XGBOOST,0.031418090444868395,0.04760857671499252
2025-01-22,HYG,XGBOOST,0.030815251833816816,0.04962245374917984
2025-01-23,HYG,XGBOOST,0.03162967402464075,0.040527619421482086
2025-01-24,HYG,XGBOOST,0.03168066435345681,0.03939005360007286
2025-01-27,HYG,XGBOOST,0.032661973759726445,0.03636673092842102
2025-01-28,HYG,XGBOOST,0.03276256990274139,0.03734159097075462
2025-01-29,HYG,XGBOOST,0.03357200084299718,0.03811008855700493
2025-01-30,HYG,XGBOOST,0.03423657550804442,0.03735332190990448
2025-01-31,HYG,XGBOOST,0.034310068911138164,0.036946285516023636
2025-02-03,HYG,XGBOOST,0.033823874470804635,0.03697723522782326
2025-02-04,HYG,XGBOOST,0.03227665584770261,0.03697780892252922
2025-02-05,HYG,XGBOOST,0.03409983954483536,0.03201320022344589
2025-02-06,HYG,XGBOOST,0.03410542328823154,0.032535988837480545
2025-02-07,HYG,XGBOOST,0.03498396297373908,0.03611178696155548
2025-02-10,HYG,XGBOOST,0.036496391556114,0.03372019901871681
2025-02-11,HYG,XGBOOST,0.03677857734427489,0.03846361115574837
2025-02-12,HYG,XGBOOST,0.04110375605463594,0.04209480807185173
2025-02-13,HYG,XGBOOST,0.04117454825903845,0.039689090102910995
2025-02-14,HYG,XGBOOST,0.041988773174310094,0.03983516991138458
2025-02-18,HYG,XGBOOST,0.04229883681803275,0.0389605388045311
2025-02-19,HYG,XGBOOST,0.048672399204304106,0.037923604249954224
2025-02-20,HYG,XGBOOST,0.04887743119653692,0.037082165479660034
2025-02-21,HYG,XGBOOST,0.048712302733699614,0.035793278366327286
2025-02-24,HYG,XGBOOST,0.04963171546465942,0.03678838908672333
2025-02-25,HYG,XGBOOST,0.04879650506934301,0.035287950187921524
2025-02-26,HYG,XGBOOST,0.05037657556354419,0.038527168333530426
2025-02-27,HYG,XGBOOST,0.050385689353882435,0.04009257256984711
2025-02-28,HYG,XGBOOST,0.04920857090103455,0.04096357151865959
2025-03-03,HYG,XGBOOST,0.0492532105871748,0.04355178773403168
2025-03-04,HYG,XGBOOST,0.05021395622670697,0.04081074148416519
2025-03-05,HYG,XGBOOST,0.05083510831443042,0.04018430784344673
2025-03-06,HYG,XGBOOST,0.06605138998225629,0.047433655709028244
2025-03-07,HYG,XGBOOST,0.08125908809658403,0.040959566831588745
2025-03-10,HYG,XGBOOST,0.08483038262608567,0.05329297110438347
2025-03-11,HYG,XGBOOST,0.08521755055352777,0.06043519824743271
2025-03-12,HYG,XGBOOST,0.1314834086433746,0.05552900582551956
2025-03-13,HYG,XGBOOST,0.14227712964840336,0.05636628717184067
2025-03-14,HYG,XGBOOST,0.1415596401678197,0.052990783005952835
2025-03-17,HYG,XGBOOST,0.1426809530224986,0.051883894950151443
2025-03-18,HYG,XGBOOST,0.14325060248264768,0.049058668315410614
2025-03-19,HYG,XGBOOST,0.14064325914755446,0.04995077848434448
2025-03-20,HYG,XGBOOST,0.14275949649466965,0.05141766741871834
2025-03-21,HYG,XGBOOST,0.14392711841416542,0.052426211535930634
2025-03-24,HYG,XGBOOST,0.1443159312050923,0.03889242559671402
2025-03-25,HYG,XGBOOST,0.14585155799564106,0.041636403650045395
2025-03-26,HYG,XGBOOST,0.14909143319527982,0.04926936328411102
2025-03-27,HYG,XGBOOST,0.14895009648900348,0.049160830676555634
2025-03-28,HYG,XGBOOST,0.14878216825102852,0.05281556770205498
2025-03-31,HYG,XGBOOST,0.149000694707873,0.054817572236061096
2025-04-01,HYG,XGBOOST,0.15011309812380952,0.05360880866646767
2025-04-02,HYG,XGBOOST,0.1499994968795027,0.051829855889081955
2025-04-03,HYG,XGBOOST,0.14292591101377303,0.06627462804317474
2025-04-04,HYG,XGBOOST,0.131577846451317,0.2176244705915451
2025-04-07,HYG,XGBOOST,0.12649763139518666,0.16322392225265503
2025-04-08,HYG,XGBOOST,0.12430224692997596,0.17296920716762543
2025-04-09,HYG,XGBOOST,0.08459399067949776,0.1846799999475479
2025-04-10,HYG,XGBOOST,0.055208611690083696,0.3111218214035034
2025-04-11,HYG,XGBOOST,0.06249200936651421,0.216829314827919
2025-04-14,HYG,XGBOOST,0.061461947715164014,0.21771268546581268
2025-04-15,HYG,XGBOOST,0.06424043868663047,0.2335025668144226
2025-04-16,HYG,XGBOOST,0.06398662508410427,0.2216942310333252
2025-04-17,HYG,XGBOOST,0.06197446453077087,0.21474763751029968
2025-04-21,HYG,XGBOOST,0.056301975300057615,0.16494834423065186
2025-04-22,HYG,XGBOOST,0.05607781244487959,0.16271144151687622
2025-04-23,HYG,XGBOOST,0.061141661179134804,0.15193848311901093
2025-04-24,HYG,XGBOOST,0.05332910696269927,0.09276054054498672
2025-04-25,HYG,XGBOOST,0.05335199987385981,0.09063709527254105
2025-04-28,HYG,XGBOOST,0.057055958075026815,0.0999055728316307
2025-04-29,HYG,XGBOOST,0.056710370547605415,0.09148252755403519
2025-04-30,HYG,XGBOOST,0.05244967367746258,0.09765393286943436
2025-05-01,HYG,XGBOOST,0.05242154674374884,0.09698843955993652
2025-05-02,HYG,XGBOOST,0.051829859039359286,0.08234094083309174
2025-05-05,HYG,XGBOOST,0.051862270659289646,0.08713532239198685
2025-05-06,HYG,XGBOOST,0.051685228543490176,0.09220883995294571
2025-05-07,HYG,XGBOOST,0.052792583504707204,0.08318553864955902
2025-05-08,HYG,XGBOOST,0.052762514729536844,0.08417955785989761
2025-05-09,HYG,XGBOOST,0.05276817107290914,0.07288573682308197
2025-05-12,HYG,XGBOOST,0.04092330974958144,0.090651735663414
2025-05-13,HYG,XGBOOST,0.040632706048855875,0.07627738267183304
2025-05-14,HYG,XGBOOST,0.03797739870712589,0.07676519453525543
2025-05-15,HYG,XGBOOST,0.03956056116420589,0.0751090794801712
2025-05-16,HYG,XGBOOST,0.03994134671933157,0.07844995707273483
2025-05-19,HYG,XGBOOST,0.04017084895261762,0.07664812356233597
2025-05-20,HYG,XGBOOST,0.04029314041678856,0.07592041045427322
2025-05-21,HYG,XGBOOST,0.0315878272868468,0.07820899784564972
2025-05-22,HYG,XGBOOST,0.031518548570595356,0.07290839403867722
2025-05-23,HYG,XGBOOST,0.03191864327715398,0.07443847507238388
2025-05-27,HYG,XGBOOST,0.025959701273092422,0.06275205314159393
2025-05-28,HYG,XGBOOST,0.026564174555111997,0.06752343475818634
2025-05-29,HYG,XGBOOST,0.026869348288959358,0.0629689022898674
2025-05-30,HYG,XGBOOST,0.029025478955035336,0.06758147478103638
2025-06-02,HYG,XGBOOST,0.02980725550733543,0.06376136094331741
2025-06-03,HYG,XGBOOST,0.02979668446325289,0.06552103161811829
2025-06-04,HYG,XGBOOST,0.029552184245553826,0.060143329203128815
2025-06-05,HYG,XGBOOST,0.03142373437949008,0.0628148689866066
2025-06-06,HYG,XGBOOST,0.03217859645852367,0.0647401511669159
2025-06-09,HYG,XGBOOST,0.033000497127365094,0.06332078576087952
2025-06-10,HYG,XGBOOST,0.03299909956889582,0.052027586847543716
2025-06-11,HYG,XGBOOST,0.03353037640072987,0.04450978338718414
2025-06-12,HYG,XGBOOST,0.033471654042436336,0.04463867470622063
2025-06-13,HYG,XGBOOST,0.033445469850475175,0.04806508496403694
2025-06-16,HYG,XGBOOST,0.03387057187013728,0.043756138533353806
2025-06-17,HYG,XGBOOST,0.033286204382508074,0.04597635194659233
2025-06-18,HYG,XGBOOST,0.03324409576479722,0.04623936116695404
2025-06-20,HYG,XGBOOST,0.03207783409545305,0.04609038680791855
2025-06-23,HYG,XGBOOST,0.03200822149357715,0.04003378748893738
2025-06-24,HYG,XGBOOST,0.030964756321092923,0.033176686614751816
2025-06-25,HYG,XGBOOST,0.03146543138651241,0.03500194475054741
2025-06-26,HYG,XGBOOST,0.03012842351249855,0.036370307207107544
2025-06-27,HYG,XGBOOST,0.03012815530577536,0.037220850586891174
2025-06-30,HYG,XGBOOST,0.027114877264311655,0.03538636490702629
2025-07-01,HYG,XGBOOST,0.027860590027484523,0.037451356649398804
2025-07-02,HYG,XGBOOST,0.027152753690888865,0.039009369909763336
2025-07-03,HYG,XGBOOST,0.027065052672875803,0.039467182010412216
2025-07-07,HYG,XGBOOST,0.026482558576025987,0.03919634968042374
2025-07-08,HYG,XGBOOST,0.025904537076895513,0.040007464587688446
2025-07-09,HYG,XGBOOST,0.02449927354706708,0.04173482954502106
2025-07-10,HYG,XGBOOST,0.024498697595960767,0.03350767120718956
2025-07-11,HYG,XGBOOST,0.02382160142169325,0.04685112461447716
2025-07-14,HYG,XGBOOST,0.023812076037018105,0.047543421387672424
2025-07-15,HYG,XGBOOST,0.02120512184819634,0.047047097235918045
2025-07-16,HYG,XGBOOST,0.02118235466971212,0.04799198731780052
2025-07-17,HYG,XGBOOST,0.023957173816511048,0.047215063124895096
2025-07-18,HYG,XGBOOST,0.02372737404264631,0.046406351029872894
2025-07-21,HYG,XGBOOST,0.023748501032125766,0.047264426946640015
2025-07-22,HYG,XGBOOST,0.023164873952467708,0.047310855239629745
2025-07-23,HYG,XGBOOST,0.02321154808435284,0.04674212262034416
2025-07-24,HYG,XGBOOST,0.02380292055505541,0.053762681782245636
2025-07-25,HYG,XGBOOST,0.036994388961719075,0.051759738475084305
2025-07-28,HYG,XGBOOST,0.03787602731901543,0.04984161630272865
2025-07-29,HYG,XGBOOST,0.03842565481650885,0.05051283538341522
2025-07-30,HYG,XGBOOST,0.03724647750620555,0.05301015451550484
2025-07-31,HYG,XGBOOST,0.03725047986195771,0.05285841226577759
2025-08-01,HYG,XGBOOST,0.03825102910545971,0.050709594041109085
2025-08-04,HYG,XGBOOST,0.0371413059917462,0.047311730682849884
2025-08-05,HYG,XGBOOST,0.037953913834498657,0.0493619441986084
2025-08-06,HYG,XGBOOST,0.03875009299905739,0.050525862723588943
2025-08-07,HYG,XGBOOST,0.03830796170777456,0.045781511813402176
2025-08-08,HYG,XGBOOST,0.03833308746763721,0.045820824801921844
2025-08-11,HYG,XGBOOST,0.03878124411209721,0.04747094213962555
2025-08-12,HYG,XGBOOST,0.038294230833446796,0.04941342771053314
2025-08-13,HYG,XGBOOST,0.03819726183088249,0.04582180082798004
2025-08-14,HYG,XGBOOST,0.03685563942731492,0.04949264973402023
2025-08-15,HYG,XGBOOST,0.03771471522582923,0.051603056490421295
2025-08-18,HYG,XGBOOST,0.03771136620366753,0.049315571784973145
2025-08-19,HYG,XGBOOST,0.03804420199630254,0.04690685495734215
2025-08-20,HYG,XGBOOST,0.03822929303759611,0.044532958418130875
2025-08-21,HYG,XGBOOST,0.03697612818282039,0.04657410830259323
2025-08-22,HYG,XGBOOST,0.025465441789530415,0.04407278448343277
2025-08-25,HYG,XGBOOST,0.024192252619319315,0.047693684697151184
2025-08-26,HYG,XGBOOST,0.024315435241390397,0.046011630445718765
2025-08-27,HYG,XGBOOST,0.026667671557291606,0.05018008500337601
2025-08-28,HYG,XGBOOST,0.027388197156502432,0.048240285366773605
2025-08-29,HYG,XGBOOST,0.026625350815438976,0.048557013273239136
2025-09-02,HYG,XGBOOST,0.02619497706626016,0.04670096933841705
2025-09-03,HYG,XGBOOST,0.025381066001980524,0.04601611942052841
2025-09-04,HYG,XGBOOST,0.024046723958818617,0.044342052191495895
2025-09-05,HYG,XGBOOST,0.02454314852515938,0.04405323788523674
2025-09-08,HYG,XGBOOST,0.024529893863663107,0.04546736553311348
2025-09-09,HYG,XGBOOST,0.024529973045864805,0.04540233686566353
2025-09-10,HYG,XGBOOST,0.025178684903059356,0.04410115256905556
2025-09-11,HYG,XGBOOST,0.025669894820398186,0.048266712576150894
2025-09-12,HYG,XGBOOST,0.03266064711904911,0.0418454185128212
2025-09-15,HYG,XGBOOST,0.03877102276327044,0.040718965232372284
2025-09-16,HYG,XGBOOST,0.03900263335479785,0.04968978464603424
2025-09-17,HYG,XGBOOST,0.04060549175154311,0.04332964867353439
2025-09-18,HYG,XGBOOST,0.04177353243055314,0.04503173753619194
2025-09-19,HYG,XGBOOST,0.042922658794268015,0.04640640318393707
2025-09-22,HYG,XGBOOST,0.043466586329983646,0.044576987624168396
2025-09-23,HYG,XGBOOST,0.043706611706319884,0.046959683299064636
2025-09-24,HYG,XGBOOST,0.043584228724430636,0.05005582049489021
2025-09-25,HYG,XGBOOST,0.04300003112426859,0.0505325086414814
2025-09-26,HYG,XGBOOST,0.04348454196692297,0.05196153745055199
2025-09-29,HYG,XGBOOST,0.043897204145235555,0.04983662813901901
2025-09-30,HYG,XGBOOST,0.04407054853797283,0.05368519946932793
2025-10-01,HYG,XGBOOST,0.04513918421602749,0.04951458424329758
2025-10-02,HYG,XGBOOST,0.04560310944536127,0.05205200985074043
2025-10-03,HYG,XGBOOST,0.04543981450845392,0.03838608041405678
2025-10-06,HYG,XGBOOST,0.04672187435787505,0.04294110834598541
2025-10-07,HYG,XGBOOST,0.046604795071617446,0.043634478002786636
2025-10-08,HYG,XGBOOST,0.04648041583057865,0.04129130393266678
2025-10-09,HYG,XGBOOST,0.045252275104348816,0.04477163776755333
2025-10-10,HYG,XGBOOST,0.03929919823332293,0.044835370033979416
2025-10-14,HYG,XGBOOST,0.03478839771264889,0.040740616619586945
2025-10-15,HYG,XGBOOST,0.033981160398807546,0.043651942163705826
2025-10-16,HYG,XGBOOST,0.03475496438083101,0.04762096330523491
2025-10-17,HYG,XGBOOST,0.0334498869108101,0.04310325160622597
2025-10-20,HYG,XGBOOST,0.032981761452115205,0.039332304149866104
2025-10-21,HYG,XGBOOST,0.0326844576065501,0.04135894030332565
2025-10-22,HYG,XGBOOST,0.032603554969298204,0.04187026992440224
2025-10-23,HYG,XGBOOST,0.03148335060503829,0.03889427334070206
2025-10-24,HYG,XGBOOST,0.03235644550255338,0.03621002659201622
2025-10-27,HYG,XGBOOST,0.032662378825078664,0.03633313998579979
2025-10-28,HYG,XGBOOST,0.03493808540338599,0.03643728792667389
2025-10-29,HYG,XGBOOST,0.033031055940907224,0.039677634835243225
2025-10-30,HYG,XGBOOST,0.0320805074209843,0.039082616567611694
2025-10-31,HYG,XGBOOST,0.03298109569558911,0.04201227426528931
2025-11-03,HYG,XGBOOST,0.030845691410875075,0.0473642572760582
2025-11-04,HYG,XGBOOST,0.030828807732205192,0.04301927611231804
2025-11-05,HYG,XGBOOST,0.03079496842800666,0.0425981841981411
2025-11-06,HYG,XGBOOST,0.03085268419130399,0.04247909039258957
2025-11-07,HYG,XGBOOST,0.0326130029026019,0.04397401958703995
2025-11-10,HYG,XGBOOST,0.03100556155313397,0.044969383627176285
2025-11-12,HYG,XGBOOST,0.03185514048424278,0.046862829476594925
2025-11-13,HYG,XGBOOST,0.028509690087494977,0.044453512877225876
2025-11-14,HYG,XGBOOST,0.028498719795894117,0.04345128685235977
2025-11-17,HYG,XGBOOST,0.02740130289117856,0.042765937745571136
2025-11-18,HYG,XGBOOST,0.02814494481179783,0.04863259941339493
2025-11-19,HYG,XGBOOST,0.02922190879131977,0.04221827909350395
2025-11-20,HYG,XGBOOST,0.029147352143458607,0.05415841564536095
2025-11-21,HYG,XGBOOST,0.027331687011508378,0.04639259725809097
2025-11-24,HYG,XGBOOST,0.026063975213738256,0.04604412242770195
2025-11-25,HYG,XGBOOST,0.024111563358111526,0.046775270253419876
2025-11-26,HYG,XGBOOST,0.024146366627829922,0.044056009501218796
2025-11-28,HYG,XGBOOST,0.024134010905789822,0.044062137603759766
2025-12-01,HYG,XGBOOST,0.02300309954601387,0.04392537102103233
2025-12-02,HYG,XGBOOST,0.022802447784554623,0.045191291719675064
2025-12-03,HYG,XGBOOST,0.022705175853518184,0.032742954790592194
2025-12-04,HYG,XGBOOST,0.02417704959244345,0.03323990851640701
2025-12-05,HYG,XGBOOST,0.02414999100320802,0.03809121251106262
2025-12-08,HYG,XGBOOST,0.0219014309836935,0.03806246817111969
2025-12-09,HYG,XGBOOST,0.021127009763763478,0.03883985057473183
2025-12-10,HYG,XGBOOST,0.018363089778586885,0.03774186968803406
2025-12-11,HYG,XGBOOST,0.018258444581769187,0.03890163451433182
2025-12-12,HYG,XGBOOST,0.016240890438725383,0.03938281163573265
2025-12-15,HYG,XGBOOST,0.01634860934232036,0.03966693580150604
2025-12-16,HYG,XGBOOST,0.01643732884018915,0.03602708503603935
2025-12-17,HYG,XGBOOST,0.015142808158188319,0.035478826612234116
2025-12-18,HYG,XGBOOST,0.016754203665407415,0.038323357701301575
2025-12-19,HYG,XGBOOST,0.01894355978508707,0.03435152396559715
2025-12-22,HYG,XGBOOST,0.01891249019291395,0.03550449013710022
2025-12-23,HYG,XGBOOST,0.01917709919356682,0.036259979009628296
2025-12-24,HYG,XGBOOST,0.018394681832566737,0.03673413395881653
2025-12-26,HYG,XGBOOST,0.01821834104268087,0.03933310508728027
2025-12-29,HYG,XGBOOST,0.019494019971619217,0.03493977710604668
2025-12-30,HYG,XGBOOST,0.019335225594065326,0.03748807683587074
2025-12-31,HYG,XGBOOST,0.019057538822815877,0.03978525474667549
2023-12-28,GLD,XGBOOST,0.09529490958322409,0.14420798420906067
2023-12-29,GLD,XGBOOST,0.0955648149286664,0.1398603469133377
2024-01-02,GLD,XGBOOST,0.09536060845615033,0.1483749896287918
2024-01-03,GLD,XGBOOST,0.09822898486955683,0.14076031744480133
2024-01-04,GLD,XGBOOST,0.10417741010062406,0.14237737655639648
2024-01-05,GLD,XGBOOST,0.10586921794876747,0.1382582038640976
2024-01-08,GLD,XGBOOST,0.10393402458661453,0.1337478905916214
2024-01-09,GLD,XGBOOST,0.10394439273057121,0.13434959948062897
2024-01-10,GLD,XGBOOST,0.10362810718928485,0.13851791620254517
2024-01-11,GLD,XGBOOST,0.10439757947076465,0.13985417783260345
2024-01-12,GLD,XGBOOST,0.09800385777571405,0.13766853511333466
2024-01-16,GLD,XGBOOST,0.10423062152195943,0.132374569773674
2024-01-17,GLD,XGBOOST,0.09706079104905314,0.13554422557353973
2024-01-18,GLD,XGBOOST,0.09543611027163518,0.13621491193771362
2024-01-19,GLD,XGBOOST,0.09578656994875474,0.13324035704135895
2024-01-22,GLD,XGBOOST,0.09755277987174817,0.13550394773483276
2024-01-23,GLD,XGBOOST,0.09650257280435338,0.13194085657596588
2024-01-24,GLD,XGBOOST,0.0915655775059799,0.13470019400119781
2024-01-25,GLD,XGBOOST,0.0926372217991274,0.13543091714382172
2024-01-26,GLD,XGBOOST,0.09303561470972455,0.14024537801742554
2024-01-29,GLD,XGBOOST,0.08966100979980905,0.11414626985788345
2024-01-30,GLD,XGBOOST,0.0897665161714341,0.1186990737915039
2024-01-31,GLD,XGBOOST,0.0915867722199968,0.11253338307142258
2024-02-01,GLD,XGBOOST,0.10735858203559664,0.11263541132211685
2024-02-02,GLD,XGBOOST,0.11345892440190367,0.11089996993541718
2024-02-05,GLD,XGBOOST,0.11076316428999458,0.10532942414283752
2024-02-06,GLD,XGBOOST,0.11221968865171796,0.11228158324956894
2024-02-07,GLD,XGBOOST,0.11215208337711885,0.110524021089077
2024-02-08,GLD,XGBOOST,0.11278777880471938,0.11161625385284424
2024-02-09,GLD,XGBOOST,0.10966546708319252,0.10983587801456451
2024-02-12,GLD,XGBOOST,0.11965280449741207,0.10968464612960815
2024-02-13,GLD,XGBOOST,0.1015039583149541,0.11398760229349136
2024-02-14,GLD,XGBOOST,0.1045622609567505,0.11658888310194016
2024-02-15,GLD,XGBOOST,0.10722114645713371,0.1017504334449768
2024-02-16,GLD,XGBOOST,0.10746682908804306,0.10557157546281815
2024-02-20,GLD,XGBOOST,0.10827828373854333,0.10460354387760162
2024-02-21,GLD,XGBOOST,0.11178485829303587,0.10855928063392639
2024-02-22,GLD,XGBOOST,0.11248596697009544,0.10979988425970078
2024-02-23,GLD,XGBOOST,0.11963144141244611,0.10979895293712616
2024-02-26,GLD,XGBOOST,0.11801539536960674,0.10601510107517242
2024-02-27,GLD,XGBOOST,0.11689484547682012,0.10771811753511429
2024-02-28,GLD,XGBOOST,0.11742953096929899,0.11258138716220856
2024-02-29,GLD,XGBOOST,0.12170034978325653,0.10768734663724899
2024-03-01,GLD,XGBOOST,0.11144990544426803,0.10709916055202484
2024-03-04,GLD,XGBOOST,0.10951617625292734,0.09967076778411865
2024-03-05,GLD,XGBOOST,0.11071439366599052,0.10914468765258789
2024-03-06,GLD,XGBOOST,0.11437843850993565,0.1127268522977829
2024-03-07,GLD,XGBOOST,0.1243464082089002,0.11392851918935776
2024-03-08,GLD,XGBOOST,0.12347087918673381,0.10876559466123581
2024-03-11,GLD,XGBOOST,0.12347607775568034,0.11083006113767624
2024-03-12,GLD,XGBOOST,0.12120709869295537,0.11032209545373917
2024-03-13,GLD,XGBOOST,0.13273422029691137,0.1118054986000061
2024-03-14,GLD,XGBOOST,0.14408188266805633,0.10623432695865631
2024-03-15,GLD,XGBOOST,0.15028092167321772,0.1099754124879837
2024-03-18,GLD,XGBOOST,0.15040262291169468,0.1187559962272644
2024-03-19,GLD,XGBOOST,0.15536072576057575,0.11597082763910294
2024-03-20,GLD,XGBOOST,0.1531027148497752,0.11991328001022339
2024-03-21,GLD,XGBOOST,0.15188491925119563,0.1157599538564682
2024-03-22,GLD,XGBOOST,0.17984564533479236,0.11095710843801498
2024-03-25,GLD,XGBOOST,0.18115608592028204,0.11753349751234055
2024-03-26,GLD,XGBOOST,0.18211056141336285,0.11501231789588928
2024-03-27,GLD,XGBOOST,0.18178795870096237,0.11675872653722763
2024-03-28,GLD,XGBOOST,0.17811161245390067,0.11726769804954529
2024-04-01,GLD,XGBOOST,0.17648407597695073,0.12148115783929825
2024-04-02,GLD,XGBOOST,0.18625449018124407,0.11937491595745087
2024-04-03,GLD,XGBOOST,0.18643109150563292,0.11764531582593918
2024-04-04,GLD,XGBOOST,0.18553325593165204,0.10942588746547699
2024-04-05,GLD,XGBOOST,0.17487456047770705,0.10991928726434708
2024-04-08,GLD,XGBOOST,0.1776719614329625,0.11284109950065613
2024-04-09,GLD,XGBOOST,0.17692874775951742,0.11943130195140839
2024-04-10,GLD,XGBOOST,0.17415657751804559,0.11187425255775452
2024-04-11,GLD,XGBOOST,0.16915786763081828,0.11058877408504486
2024-04-12,GLD,XGBOOST,0.1648968541957832,0.10681989043951035
2024-04-15,GLD,XGBOOST,0.15509106403746506,0.11825224757194519
2024-04-16,GLD,XGBOOST,0.15857430445563805,0.12006412446498871
2024-04-17,GLD,XGBOOST,0.16337203605475056,0.10452447086572647
2024-04-18,GLD,XGBOOST,0.16358438446086393,0.11433012038469315
2024-04-19,GLD,XGBOOST,0.17346461057845136,0.11610976606607437
2024-04-22,GLD,XGBOOST,0.1448852268683582,0.12310382723808289
2024-04-23,GLD,XGBOOST,0.14451880038447498,0.12061157077550888
2024-04-24,GLD,XGBOOST,0.1616863393908962,0.13247348368167877
2024-04-25,GLD,XGBOOST,0.17741498064479785,0.13317471742630005
2024-04-26,GLD,XGBOOST,0.17703711678760253,0.13659906387329102
2024-04-29,GLD,XGBOOST,0.18079857127602175,0.12498246133327484
2024-04-30,GLD,XGBOOST,0.16810201055529514,0.11426109820604324
2024-05-01,GLD,XGBOOST,0.16547594853811687,0.11088594794273376
2024-05-02,GLD,XGBOOST,0.1666041086324078,0.11553221195936203
2024-05-03,GLD,XGBOOST,0.16912076656514913,0.12667204439640045
2024-05-06,GLD,XGBOOST,0.16878489031864574,0.1299103945493698
2024-05-07,GLD,XGBOOST,0.17280179821155955,0.12571023404598236
2024-05-08,GLD,XGBOOST,0.17368267203580764,0.12765070796012878
2024-05-09,GLD,XGBOOST,0.2109423781468751,0.12266766279935837
2024-05-10,GLD,XGBOOST,0.21158797248571082,0.12692546844482422
2024-05-13,GLD,XGBOOST,0.20859042532174416,0.1304677575826645
2024-05-14,GLD,XGBOOST,0.20631252105601203,0.11977452784776688
2024-05-15,GLD,XGBOOST,0.20142319590731764,0.1232580691576004
2024-05-16,GLD,XGBOOST,0.2078324387680854,0.12609301507472992
2024-05-17,GLD,XGBOOST,0.19781137419565514,0.13450510799884796
2024-05-20,GLD,XGBOOST,0.19780461482835654,0.1294115036725998
2024-05-21,GLD,XGBOOST,0.20438320889200412,0.12572892010211945
2024-05-22,GLD,XGBOOST,0.2013599578986911,0.14006879925727844
2024-05-23,GLD,XGBOOST,0.1891243959700729,0.14251446723937988
2024-05-24,GLD,XGBOOST,0.1898907696163,0.14329630136489868
2024-05-28,GLD,XGBOOST,0.18794774322718574,0.13854016363620758
2024-05-29,GLD,XGBOOST,0.1904769133082322,0.13643643260002136
2024-05-30,GLD,XGBOOST,0.19031242167738904,0.13906536996364594
2024-05-31,GLD,XGBOOST,0.18942910887413264,0.13831119239330292
2024-06-03,GLD,XGBOOST,0.1865475380033046,0.13997137546539307
2024-06-04,GLD,XGBOOST,0.1879431347370636,0.13311795890331268
2024-06-05,GLD,XGBOOST,0.18930129657571743,0.1355106383562088
2024-06-06,GLD,XGBOOST,0.19311475434428083,0.14379481971263885
2024-06-07,GLD,XGBOOST,0.13837332340909486,0.12077179551124573
2024-06-10,GLD,XGBOOST,0.13577396483852094,0.12190961837768555
2024-06-11,GLD,XGBOOST,0.14749847744385877,0.12170244753360748
2024-06-12,GLD,XGBOOST,0.14778865955178094,0.12430338561534882
2024-06-13,GLD,XGBOOST,0.14291548543789523,0.11835423856973648
2024-06-14,GLD,XGBOOST,0.15134562166070237,0.12818807363510132
2024-06-17,GLD,XGBOOST,0.15096972308205495,0.11993587762117386
2024-06-18,GLD,XGBOOST,0.15440130958006668,0.12419319897890091
2024-06-20,GLD,XGBOOST,0.16558246743676722,0.11633703112602234
2024-06-21,GLD,XGBOOST,0.15386326611038312,0.1268618404865265
2024-06-24,GLD,XGBOOST,0.15378248096084124,0.13667696714401245
2024-06-25,GLD,XGBOOST,0.15304007021118282,0.1431383341550827
2024-06-26,GLD,XGBOOST,0.16073907492319175,0.1310041844844818
2024-06-27,GLD,XGBOOST,0.1601116314522779,0.13446901738643646
2024-06-28,GLD,XGBOOST,0.16034910428647262,0.1225038468837738
2024-07-01,GLD,XGBOOST,0.16327418374300223,0.12246084958314896
2024-07-02,GLD,XGBOOST,0.17308709075735312,0.1218336969614029
2024-07-03,GLD,XGBOOST,0.17109796095198976,0.11449065804481506
2024-07-05,GLD,XGBOOST,0.16582770614814593,0.11569342017173767
2024-07-08,GLD,XGBOOST,0.16614687179218768,0.11093458533287048
2024-07-09,GLD,XGBOOST,0.16914786179917224,0.11119157820940018
2024-07-10,GLD,XGBOOST,0.16877092953045952,0.11540424078702927
2024-07-11,GLD,XGBOOST,0.1661656074487226,0.13013124465942383
2024-07-12,GLD,XGBOOST,0.16632912759978788,0.13366647064685822
2024-07-15,GLD,XGBOOST,0.17639786178298467,0.12773537635803223
2024-07-16,GLD,XGBOOST,0.16203666652429377,0.13163386285305023
2024-07-17,GLD,XGBOOST,0.16384460300977258,0.12104708701372147
2024-07-18,GLD,XGBOOST,0.16256980352936082,0.12155254930257797
2024-07-19,GLD,XGBOOST,0.1650603661824982,0.10853292793035507
2024-07-22,GLD,XGBOOST,0.16551134395746414,0.12677648663520813
2024-07-23,GLD,XGBOOST,0.16552871549051032,0.1302359700202942
2024-07-24,GLD,XGBOOST,0.16471623837146698,0.12521398067474365
2024-07-25,GLD,XGBOOST,0.15976344847603624,0.12435492873191833
2024-07-26,GLD,XGBOOST,0.1604723111569598,0.12531492114067078
2024-07-29,GLD,XGBOOST,0.15980986312472098,0.12629961967468262
2024-07-30,GLD,XGBOOST,0.15754030407709885,0.13272525370121002
2024-07-31,GLD,XGBOOST,0.1495748710665663,0.13478516042232513
2024-08-01,GLD,XGBOOST,0.14919850705830612,0.13800020515918732
2024-08-02,GLD,XGBOOST,0.15195351421227093,0.15118230879306793
2024-08-05,GLD,XGBOOST,0.14434665140247915,0.16963866353034973
2024-08-06,GLD,XGBOOST,0.13978592375113919,0.16174648702144623
2024-08-07,GLD,XGBOOST,0.14099654842894668,0.1546613574028015
2024-08-08,GLD,XGBOOST,0.13651917925157275,0.16034932434558868
2024-08-09,GLD,XGBOOST,0.13682816009606874,0.15083259344100952
2024-08-12,GLD,XGBOOST,0.12472374385390259,0.1491250991821289
2024-08-13,GLD,XGBOOST,0.1247390802602291,0.15428674221038818
2024-08-14,GLD,XGBOOST,0.13281475185707153,0.14199283719062805
2024-08-15,GLD,XGBOOST,0.13559074763461468,0.14666177332401276
2024-08-16,GLD,XGBOOST,0.11422010077715149,0.15043185651302338
2024-08-19,GLD,XGBOOST,0.11642737487408222,0.15944714844226837
2024-08-20,GLD,XGBOOST,0.12023050964577932,0.16674287617206573
2024-08-21,GLD,XGBOOST,0.1308054133833865,0.16683366894721985
2024-08-22,GLD,XGBOOST,0.12618252002685218,0.16145938634872437
2024-08-23,GLD,XGBOOST,0.1218650019591966,0.15617235004901886
2024-08-26,GLD,XGBOOST,0.12867194544485414,0.1568567305803299
2024-08-27,GLD,XGBOOST,0.1295190825308736,0.15760883688926697
2024-08-28,GLD,XGBOOST,0.12462351658616841,0.15306323766708374
2024-08-29,GLD,XGBOOST,0.13043550979109356,0.15307177603244781
2024-08-30,GLD,XGBOOST,0.13133577116010584,0.15086573362350464
2024-09-03,GLD,XGBOOST,0.13163490626741095,0.14269022643566132
2024-09-04,GLD,XGBOOST,0.13174906675882372,0.1424310803413391
2024-09-05,GLD,XGBOOST,0.13099806224031293,0.14827567338943481
2024-09-06,GLD,XGBOOST,0.12674898611220553,0.1590770184993744
2024-09-09,GLD,XGBOOST,0.12866512500811905,0.15650826692581177
2024-09-10,GLD,XGBOOST,0.1332637319101569,0.1572594940662384
2024-09-11,GLD,XGBOOST,0.13535858806241735,0.14700739085674286
2024-09-12,GLD,XGBOOST,0.12425771063659104,0.163285493850708
2024-09-13,GLD,XGBOOST,0.125175848675199,0.1604878008365631
2024-09-16,GLD,XGBOOST,0.1255394201835672,0.16568806767463684
2024-09-17,GLD,XGBOOST,0.12304738889299219,0.15777844190597534
2024-09-18,GLD,XGBOOST,0.1181911057470584,0.15458810329437256
2024-09-19,GLD,XGBOOST,0.10878059453888717,0.154372900724411
2024-09-20,GLD,XGBOOST,0.10630405734891869,0.1590486466884613
2024-09-23,GLD,XGBOOST,0.10654725858206725,0.1567731499671936
2024-09-24,GLD,XGBOOST,0.10229576330743971,0.1635701060295105
2024-09-25,GLD,XGBOOST,0.1129600687046684,0.16376997530460358
2024-09-26,GLD,XGBOOST,0.11455110487986653,0.16310296952724457
2024-09-27,GLD,XGBOOST,0.10936079154367015,0.16570602357387543
2024-09-30,GLD,XGBOOST,0.10346228043525933,0.16499024629592896
2024-10-01,GLD,XGBOOST,0.10389941394016813,0.16539759933948517
2024-10-02,GLD,XGBOOST,0.10432093034440931,0.15438668429851532
2024-10-03,GLD,XGBOOST,0.12204538124689555,0.1555253118276596
2024-10-04,GLD,XGBOOST,0.12309907146476554,0.15461060404777527
2024-10-07,GLD,XGBOOST,0.12173838729279832,0.1575363576412201
2024-10-08,GLD,XGBOOST,0.11684799709181985,0.15598346292972565
2024-10-09,GLD,XGBOOST,0.16419079874029285,0.1478886902332306
2024-10-10,GLD,XGBOOST,0.17133048100360299,0.15520665049552917
2024-10-11,GLD,XGBOOST,0.16984165328908696,0.15397492051124573
2024-10-15,GLD,XGBOOST,0.19186257274031793,0.14931190013885498
2024-10-16,GLD,XGBOOST,0.19289012897194988,0.14398804306983948
2024-10-17,GLD,XGBOOST,0.19059992568351491,0.14571206271648407
2024-10-18,GLD,XGBOOST,0.18440822199082588,0.14395451545715332
2024-10-21,GLD,XGBOOST,0.19998555554015476,0.1441655457019806
2024-10-22,GLD,XGBOOST,0.19854848972230793,0.15272082388401031
2024-10-23,GLD,XGBOOST,0.19670452239165134,0.14745454490184784
2024-10-24,GLD,XGBOOST,0.19710309859728528,0.1457049399614334
2024-10-25,GLD,XGBOOST,0.20308624247906754,0.1444825679063797
2024-10-28,GLD,XGBOOST,0.2279446450897847,0.14507175981998444
2024-10-29,GLD,XGBOOST,0.22334269369226287,0.1520538330078125
2024-10-30,GLD,XGBOOST,0.22206281480851184,0.15158046782016754
2024-10-31,GLD,XGBOOST,0.22014286081254925,0.1474129855632782
2024-11-01,GLD,XGBOOST,0.22147812455886018,0.14714880287647247
2024-11-04,GLD,XGBOOST,0.22160173482849116,0.1430664211511612
2024-11-05,GLD,XGBOOST,0.22180690496853933,0.14253079891204834
2024-11-06,GLD,XGBOOST,0.19500165009878717,0.12834767997264862
2024-11-07,GLD,XGBOOST,0.18507487403485073,0.13736961781978607
2024-11-08,GLD,XGBOOST,0.1880164025983524,0.1365067958831787
2024-11-12,GLD,XGBOOST,0.17058047537995186,0.10992056876420975
2024-11-13,GLD,XGBOOST,0.1757543043426006,0.1182977631688118
2024-11-14,GLD,XGBOOST,0.1822244340363367,0.11960476636886597
2024-11-15,GLD,XGBOOST,0.1818285373920636,0.11986173689365387
2024-11-18,GLD,XGBOOST,0.17100955593721173,0.12921714782714844
2024-11-19,GLD,XGBOOST,0.18186907151199816,0.12726914882659912
2024-11-20,GLD,XGBOOST,0.18050217212832897,0.13066020607948303
2024-11-21,GLD,XGBOOST,0.1820700247655238,0.13151945173740387
2024-11-22,GLD,XGBOOST,0.17501705492337033,0.1331491321325302
2024-11-25,GLD,XGBOOST,0.14028972275142457,0.12316428869962692
2024-11-26,GLD,XGBOOST,0.14228148210005945,0.1245548352599144
2024-11-27,GLD,XGBOOST,0.1440830282003019,0.1246284618973732
2024-11-29,GLD,XGBOOST,0.14032250214874797,0.1253855675458908
2024-12-02,GLD,XGBOOST,0.13940549564198873,0.1137767806649208
2024-12-03,GLD,XGBOOST,0.14761721320535973,0.11463009566068649
2024-12-04,GLD,XGBOOST,0.15001657741866806,0.1116986945271492
2024-12-05,GLD,XGBOOST,0.14767586792414056,0.11670036613941193
2024-12-06,GLD,XGBOOST,0.14898720801763188,0.11274024844169617
2024-12-09,GLD,XGBOOST,0.14595846640945714,0.11268976330757141
2024-12-10,GLD,XGBOOST,0.14225586672395196,0.11685068905353546
2024-12-11,GLD,XGBOOST,0.14169598796770771,0.12601345777511597
2024-12-12,GLD,XGBOOST,0.13356402940492068,0.12030437588691711
2024-12-13,GLD,XGBOOST,0.12800664207946547,0.12222759425640106
2024-12-16,GLD,XGBOOST,0.1296683306533404,0.12416515499353409
2024-12-17,GLD,XGBOOST,0.13052588457086572,0.12561453878879547
2024-12-18,GLD,XGBOOST,0.11573968274743034,0.12889382243156433
2024-12-19,GLD,XGBOOST,0.1158927960102723,0.12943987548351288
2024-12-20,GLD,XGBOOST,0.1134724002957182,0.11847441643476486
2024-12-23,GLD,XGBOOST,0.1109607030730083,0.11518954485654831
2024-12-24,GLD,XGBOOST,0.12076863670835769,0.11511410027742386
2024-12-26,GLD,XGBOOST,0.1218621209299904,0.12140120565891266
2024-12-27,GLD,XGBOOST,0.11922140128251485,0.11900254338979721
2024-12-30,GLD,XGBOOST,0.12492400721708863,0.12070154398679733
2024-12-31,GLD,XGBOOST,0.12460592580976147,0.11991178244352341
2025-01-02,GLD,XGBOOST,0.11897050473370015,0.12426477670669556
2025-01-03,GLD,XGBOOST,0.11421217783107986,0.12312556058168411
2025-01-06,GLD,XGBOOST,0.11294171489604149,0.12333753705024719
2025-01-07,GLD,XGBOOST,0.11528857672914519,0.12216668576002121
2025-01-08,GLD,XGBOOST,0.11532350378256492,0.12821994721889496
2025-01-10,GLD,XGBOOST,0.12297088785269754,0.12518399953842163
2025-01-13,GLD,XGBOOST,0.11527837393164173,0.12076893448829651
2025-01-14,GLD,XGBOOST,0.11574773955624056,0.1236032024025917
2025-01-15,GLD,XGBOOST,0.11697276476252479,0.13702848553657532
2025-01-16,GLD,XGBOOST,0.1345730676151819,0.13530471920967102
2025-01-17,GLD,XGBOOST,0.13873500693400853,0.13382181525230408
2025-01-21,GLD,XGBOOST,0.13264402795124816,0.13398192822933197
2025-01-22,GLD,XGBOOST,0.13285034908160806,0.13851195573806763
2025-01-23,GLD,XGBOOST,0.1326368781934663,0.14081516861915588
2025-01-24,GLD,XGBOOST,0.13242886572298163,0.14440032839775085
2025-01-27,GLD,XGBOOST,0.1365772990060189,0.14091910421848297
2025-01-28,GLD,XGBOOST,0.1350168807810297,0.14327919483184814
2025-01-29,GLD,XGBOOST,0.14791966954140645,0.13546587526798248
2025-01-30,GLD,XGBOOST,0.14238987929623345,0.14124485850334167
2025-01-31,GLD,XGBOOST,0.14872765037970048,0.13424381613731384
2025-02-03,GLD,XGBOOST,0.15031151263035905,0.1329127550125122
2025-02-04,GLD,XGBOOST,0.14727738512376956,0.13100668787956238
2025-02-05,GLD,XGBOOST,0.14779264829050756,0.12762413918972015
2025-02-06,GLD,XGBOOST,0.14724467432536464,0.13527393341064453
2025-02-07,GLD,XGBOOST,0.15116929479031138,0.1405767798423767
2025-02-10,GLD,XGBOOST,0.1447442084141096,0.16276714205741882
2025-02-11,GLD,XGBOOST,0.14473884685240573,0.15893404185771942
2025-02-12,GLD,XGBOOST,0.15691257249041377,0.15393909811973572
2025-02-13,GLD,XGBOOST,0.15372240411003443,0.16879913210868835
2025-02-14,GLD,XGBOOST,0.14239184029329666,0.164460226893425
2025-02-18,GLD,XGBOOST,0.13679798471246593,0.16432788968086243
2025-02-19,GLD,XGBOOST,0.1369890419452313,0.16390183568000793
2025-02-20,GLD,XGBOOST,0.1373708903771409,0.1668037623167038
2025-02-21,GLD,XGBOOST,0.14151993226509627,0.16170932352542877
2025-02-24,GLD,XGBOOST,0.14215541611754312,0.15981945395469666
2025-02-25,GLD,XGBOOST,0.13224716180472013,0.1545170396566391
2025-02-26,GLD,XGBOOST,0.13257513332804816,0.15641121566295624
2025-02-27,GLD,XGBOOST,0.122371179834991,0.14406158030033112
2025-02-28,GLD,XGBOOST,0.11798252708913577,0.15064769983291626
2025-03-03,GLD,XGBOOST,0.11926725852580199,0.15932133793830872
2025-03-04,GLD,XGBOOST,0.11956587123898336,0.14866885542869568
2025-03-05,GLD,XGBOOST,0.11957001163182857,0.15508590638637543
2025-03-06,GLD,XGBOOST,0.12051389317156534,0.15022969245910645
2025-03-07,GLD,XGBOOST,0.1538371412969972,0.14373600482940674
2025-03-10,GLD,XGBOOST,0.17174136438255072,0.1410200595855713
2025-03-11,GLD,XGBOOST,0.16820272089743327,0.154005765914917
2025-03-12,GLD,XGBOOST,0.2095758562362875,0.1522144228219986
2025-03-13,GLD,XGBOOST,0.2168838867782537,0.1586255133152008
2025-03-14,GLD,XGBOOST,0.2237416972886681,0.15212373435497284
2025-03-17,GLD,XGBOOST,0.22626195600906562,0.14963041245937347
2025-03-18,GLD,XGBOOST,0.22431971486820104,0.1621178239583969
2025-03-19,GLD,XGBOOST,0.2467684267843171,0.1571822613477707
2025-03-20,GLD,XGBOOST,0.2479798866539732,0.1547425240278244
2025-03-21,GLD,XGBOOST,0.25986535976376707,0.15457576513290405
2025-03-24,GLD,XGBOOST,0.26747759371258883,0.1461990773677826
2025-03-25,GLD,XGBOOST,0.28798786096744056,0.14574921131134033
2025-03-26,GLD,XGBOOST,0.28946327709864555,0.146442711353302
2025-03-27,GLD,XGBOOST,0.2930790144022197,0.1543647199869156
2025-03-28,GLD,XGBOOST,0.29512456985799046,0.15143556892871857
2025-03-31,GLD,XGBOOST,0.29661300513530214,0.1624726951122284
2025-04-01,GLD,XGBOOST,0.2984922773321067,0.15310639142990112
2025-04-02,GLD,XGBOOST,0.31017532003366555,0.1577141284942627
2025-04-03,GLD,XGBOOST,0.30885846111792276,0.17236608266830444
2025-04-04,GLD,XGBOOST,0.30788605390156604,0.1887054592370987
2025-04-07,GLD,XGBOOST,0.3016393066407567,0.1643124520778656
2025-04-08,GLD,XGBOOST,0.31178644722596666,0.22056742012500763
2025-04-09,GLD,XGBOOST,0.30318539566839314,0.2005963772535324
2025-04-10,GLD,XGBOOST,0.2935398141316163,0.21139100193977356
2025-04-11,GLD,XGBOOST,0.30630245972402353,0.1817980706691742
2025-04-14,GLD,XGBOOST,0.3058577599786174,0.18618358671665192
2025-04-15,GLD,XGBOOST,0.3148009877059678,0.1829940378665924
2025-04-16,GLD,XGBOOST,0.29718103215707237,0.18453086912631989
2025-04-17,GLD,XGBOOST,0.2994222365988251,0.17801229655742645
2025-04-21,GLD,XGBOOST,0.27996512328492923,0.1655537486076355
2025-04-22,GLD,XGBOOST,0.28628653894811873,0.1609128713607788
2025-04-23,GLD,XGBOOST,0.27427783250169396,0.15796661376953125
2025-04-24,GLD,XGBOOST,0.27086556516903315,0.14386001229286194
2025-04-25,GLD,XGBOOST,0.2793168164770922,0.14317427575588226
2025-04-28,GLD,XGBOOST,0.28155119914549764,0.14602047204971313
2025-04-29,GLD,XGBOOST,0.27960698531539996,0.14332711696624756
2025-04-30,GLD,XGBOOST,0.27911771091495546,0.13356637954711914
2025-05-01,GLD,XGBOOST,0.26904922445085505,0.1291016936302185
2025-05-02,GLD,XGBOOST,0.2835731946809088,0.1314445286989212
2025-05-05,GLD,XGBOOST,0.26699156877360675,0.13696570694446564
2025-05-06,GLD,XGBOOST,0.24816692558446637,0.1311768740415573
2025-05-07,GLD,XGBOOST,0.24295659164292766,0.124923937022686
2025-05-08,GLD,XGBOOST,0.2370903894393577,0.12578003108501434
2025-05-09,GLD,XGBOOST,0.2362510680166406,0.12414971739053726
2025-05-12,GLD,XGBOOST,0.21081835287953776,0.1359122395515442
2025-05-13,GLD,XGBOOST,0.211062746448007,0.136444553732872
2025-05-14,GLD,XGBOOST,0.19625622147162503,0.1380905956029892
2025-05-15,GLD,XGBOOST,0.19407907948194897,0.14033281803131104
2025-05-16,GLD,XGBOOST,0.19650241254167647,0.13834983110427856
2025-05-19,GLD,XGBOOST,0.19309989946636846,0.13938118517398834
2025-05-20,GLD,XGBOOST,0.18499960305141955,0.13665325939655304
2025-05-21,GLD,XGBOOST,0.18356100796697983,0.13412164151668549
2025-05-22,GLD,XGBOOST,0.18014179275104092,0.14378274977207184
2025-05-23,GLD,XGBOOST,0.17294693056640553,0.13506187498569489
2025-05-27,GLD,XGBOOST,0.1618542841141585,0.14265553653240204
2025-05-28,GLD,XGBOOST,0.16165004682249096,0.14404040575027466
2025-05-29,GLD,XGBOOST,0.17328785407565533,0.14702999591827393
2025-05-30,GLD,XGBOOST,0.17737406021897656,0.14666911959648132
2025-06-02,GLD,XGBOOST,0.15255714808987472,0.14329172670841217
2025-06-03,GLD,XGBOOST,0.15081094523826669,0.13609252870082855
2025-06-04,GLD,XGBOOST,0.15073601804152986,0.13448089361190796
2025-06-05,GLD,XGBOOST,0.14986734400098264,0.1355988085269928
2025-06-06,GLD,XGBOOST,0.14670277325864228,0.13741394877433777
2025-06-09,GLD,XGBOOST,0.1465968644708784,0.13739819824695587
2025-06-10,GLD,XGBOOST,0.1468393314529522,0.1523812860250473
2025-06-11,GLD,XGBOOST,0.1496134126344665,0.15688568353652954
2025-06-12,GLD,XGBOOST,0.14291334031577999,0.14964501559734344
2025-06-13,GLD,XGBOOST,0.13380509820822753,0.1550559252500534
2025-06-16,GLD,XGBOOST,0.12663215406777834,0.14756426215171814
2025-06-17,GLD,XGBOOST,0.12668747902850946,0.14651420712471008
2025-06-18,GLD,XGBOOST,0.12593241201210958,0.1445290893316269
2025-06-20,GLD,XGBOOST,0.13749627098140324,0.14626598358154297
2025-06-23,GLD,XGBOOST,0.14090648938791886,0.14828099310398102
2025-06-24,GLD,XGBOOST,0.13605662455097475,0.14548933506011963
2025-06-25,GLD,XGBOOST,0.1380899172331176,0.14215804636478424
2025-06-26,GLD,XGBOOST,0.1423527899678634,0.14328517019748688
2025-06-27,GLD,XGBOOST,0.12752678819472152,0.13708283007144928
2025-06-30,GLD,XGBOOST,0.12080136274825821,0.1302788257598877
2025-07-01,GLD,XGBOOST,0.1314394449306785,0.13998860120773315
2025-07-02,GLD,XGBOOST,0.13223562246625772,0.1375846117734909
2025-07-03,GLD,XGBOOST,0.1499134625411716,0.13851848244667053
2025-07-07,GLD,XGBOOST,0.15117509821254488,0.14121629297733307
2025-07-08,GLD,XGBOOST,0.14541085016848487,0.1388523429632187
2025-07-09,GLD,XGBOOST,0.14529312921470178,0.15044601261615753
2025-07-10,GLD,XGBOOST,0.14772651047601532,0.14964322745800018
2025-07-11,GLD,XGBOOST,0.14435765414826407,0.16050082445144653
2025-07-14,GLD,XGBOOST,0.1534421950267135,0.1574137657880783
2025-07-15,GLD,XGBOOST,0.1526788546267393,0.15169019997119904
2025-07-16,GLD,XGBOOST,0.1520387137402754,0.1511116623878479
2025-07-17,GLD,XGBOOST,0.15360580715398847,0.15311363339424133
2025-07-18,GLD,XGBOOST,0.15331068991017416,0.15644580125808716
2025-07-21,GLD,XGBOOST,0.14210449170525533,0.15603956580162048
2025-07-22,GLD,XGBOOST,0.13736355617970797,0.1520831435918808
2025-07-23,GLD,XGBOOST,0.1373105017953379,0.14574256539344788
2025-07-24,GLD,XGBOOST,0.13621175066203464,0.15592874586582184
2025-07-25,GLD,XGBOOST,0.1374916631175363,0.14951574802398682
2025-07-28,GLD,XGBOOST,0.13548198067467618,0.15173636376857758
2025-07-29,GLD,XGBOOST,0.13729826185567617,0.14919830858707428
2025-07-30,GLD,XGBOOST,0.11891604569580963,0.1465315818786621
2025-07-31,GLD,XGBOOST,0.11934996233329968,0.14460903406143188
2025-08-01,GLD,XGBOOST,0.10286796574720104,0.14214399456977844
2025-08-04,GLD,XGBOOST,0.12847868696423942,0.14421717822551727
2025-08-05,GLD,XGBOOST,0.12978742997661746,0.14568161964416504
2025-08-06,GLD,XGBOOST,0.13116418955787734,0.15201939642429352
2025-08-07,GLD,XGBOOST,0.13511438780294716,0.1452161818742752
2025-08-08,GLD,XGBOOST,0.13789376775316164,0.143039271235466
2025-08-11,GLD,XGBOOST,0.12294479239582715,0.14456383883953094
2025-08-12,GLD,XGBOOST,0.12160670384155955,0.1421784609556198
2025-08-13,GLD,XGBOOST,0.12323230669547841,0.1417485773563385
2025-08-14,GLD,XGBOOST,0.11738125130022435,0.13937045633792877
2025-08-15,GLD,XGBOOST,0.11830245248840646,0.14269804954528809
2025-08-18,GLD,XGBOOST,0.11639048418536713,0.14502710103988647
2025-08-19,GLD,XGBOOST,0.1193396147767504,0.14519745111465454
2025-08-20,GLD,XGBOOST,0.12175608932127423,0.139509379863739
2025-08-21,GLD,XGBOOST,0.12014320037629866,0.14364977180957794
2025-08-22,GLD,XGBOOST,0.12631112916128928,0.1529054045677185
2025-08-25,GLD,XGBOOST,0.1231373206537283,0.15289244055747986
2025-08-26,GLD,XGBOOST,0.1334632119513387,0.14618054032325745
2025-08-27,GLD,XGBOOST,0.13309331323822998,0.14413590729236603
2025-08-28,GLD,XGBOOST,0.13280976285404592,0.1477830559015274
2025-08-29,GLD,XGBOOST,0.13811560987786806,0.15170826017856598
2025-09-02,GLD,XGBOOST,0.12112102996299702,0.160747230052948
2025-09-03,GLD,XGBOOST,0.12081145852935031,0.15313147008419037
2025-09-04,GLD,XGBOOST,0.11997690752893196,0.15049786865711212
2025-09-05,GLD,XGBOOST,0.11605710785841644,0.14867231249809265
2025-09-08,GLD,XGBOOST,0.1249130819469668,0.15478910505771637
2025-09-09,GLD,XGBOOST,0.12254417522989657,0.1546909064054489
2025-09-10,GLD,XGBOOST,0.1293369526274724,0.1398681104183197
2025-09-11,GLD,XGBOOST,0.1532517222857177,0.13569390773773193
2025-09-12,GLD,XGBOOST,0.15424353276731867,0.13381150364875793
2025-09-15,GLD,XGBOOST,0.16780359323189173,0.13418415188789368
2025-09-16,GLD,XGBOOST,0.167383888370343,0.14744271337985992
2025-09-17,GLD,XGBOOST,0.16413401103969202,0.13893729448318481
2025-09-18,GLD,XGBOOST,0.16825158851356387,0.1382211148738861
2025-09-19,GLD,XGBOOST,0.19382207987328456,0.1429845690727234
2025-09-22,GLD,XGBOOST,0.2168158852957304,0.14166277647018433
2025-09-23,GLD,XGBOOST,0.34142176909869815,0.14904436469078064
2025-09-24,GLD,XGBOOST,0.3381916481020895,0.14637957513332367
2025-09-25,GLD,XGBOOST,0.3381956975698276,0.14685341715812683
2025-09-26,GLD,XGBOOST,0.3393666458727919,0.16114826500415802
2025-09-29,GLD,XGBOOST,0.35482917355941135,0.1642414778470993
2025-09-30,GLD,XGBOOST,0.35540029365665565,0.16796797513961792
2025-10-01,GLD,XGBOOST,0.3558435461164358,0.16630057990550995
2025-10-02,GLD,XGBOOST,0.3613067095864003,0.16663460433483124
2025-10-03,GLD,XGBOOST,0.3615546597832176,0.16935843229293823
2025-10-06,GLD,XGBOOST,0.3558070741398997,0.16698122024536133
2025-10-07,GLD,XGBOOST,0.3611200236248878,0.16770747303962708
2025-10-08,GLD,XGBOOST,0.3585072222472645,0.155404731631279
2025-10-09,GLD,XGBOOST,0.35228750022717353,0.149258553981781
2025-10-10,GLD,XGBOOST,0.351084132215319,0.16776877641677856
2025-10-14,GLD,XGBOOST,0.35326571995286743,0.16680310666561127
2025-10-15,GLD,XGBOOST,0.3525100102820834,0.17290127277374268
2025-10-16,GLD,XGBOOST,0.34242023876752353,0.1758192926645279
2025-10-17,GLD,XGBOOST,0.34190748408920574,0.1493043601512909
2025-10-20,GLD,XGBOOST,0.31319088715910975,0.143047496676445
2025-10-21,GLD,XGBOOST,0.21120864106573933,0.13966873288154602
2025-10-22,GLD,XGBOOST,0.2113246019207162,0.13560593128204346
2025-10-23,GLD,XGBOOST,0.2107138935278594,0.1411227136850357
2025-10-24,GLD,XGBOOST,0.21048866460724328,0.14571017026901245
2025-10-27,GLD,XGBOOST,0.1903490235719916,0.14513438940048218
2025-10-28,GLD,XGBOOST,0.18760252833968413,0.140714630484581
2025-10-29,GLD,XGBOOST,0.18733858541383647,0.13414964079856873
2025-10-30,GLD,XGBOOST,0.18048406526977656,0.137881800532341
2025-10-31,GLD,XGBOOST,0.17827274827827533,0.13942775130271912
2025-11-03,GLD,XGBOOST,0.18130642289684099,0.15437112748622894
2025-11-04,GLD,XGBOOST,0.16574286253976153,0.15798474848270416
2025-11-05,GLD,XGBOOST,0.16306039092854685,0.15570387244224548
2025-11-06,GLD,XGBOOST,0.16326003332310057,0.15656936168670654
2025-11-07,GLD,XGBOOST,0.16379918604325247,0.16151684522628784
2025-11-10,GLD,XGBOOST,0.13611575369825113,0.1669844388961792
2025-11-12,GLD,XGBOOST,0.12974873076114854,0.16469477117061615
2025-11-13,GLD,XGBOOST,0.1261409745497854,0.1701166331768036
2025-11-14,GLD,XGBOOST,0.1022803351510027,0.16723041236400604
2025-11-17,GLD,XGBOOST,0.08834615066102976,0.15867865085601807
2025-11-18,GLD,XGBOOST,0.08926831998779179,0.15847259759902954
2025-11-19,GLD,XGBOOST,0.09089955483446654,0.15904933214187622
2025-11-20,GLD,XGBOOST,0.09034372355266981,0.15295931696891785
2025-11-21,GLD,XGBOOST,0.11235339019442633,0.16248582303524017
2025-11-24,GLD,XGBOOST,0.10924515251474916,0.16114018857479095
2025-11-25,GLD,XGBOOST,0.11215595963472991,0.16335654258728027
2025-11-26,GLD,XGBOOST,0.11457365156336435,0.16314129531383514
2025-11-28,GLD,XGBOOST,0.2038950670671636,0.1599421501159668
2025-12-01,GLD,XGBOOST,0.203494415665193,0.1641511172056198
2025-12-02,GLD,XGBOOST,0.20350840619635732,0.16484293341636658
2025-12-03,GLD,XGBOOST,0.2037804847025641,0.17962613701820374
2025-12-04,GLD,XGBOOST,0.22151136432150112,0.18653669953346252
2025-12-05,GLD,XGBOOST,0.22260012133479837,0.18437950313091278
2025-12-08,GLD,XGBOOST,0.22642384257601017,0.1888226717710495
2025-12-09,GLD,XGBOOST,0.2264756736548183,0.1959095150232315
2025-12-10,GLD,XGBOOST,0.22693417924568973,0.18655367195606232
2025-12-11,GLD,XGBOOST,0.23203919961555997,0.19602303206920624
2025-12-12,GLD,XGBOOST,0.23256004579655384,0.1957375556230545
2025-12-15,GLD,XGBOOST,0.2336676276896519,0.20690393447875977
2025-12-16,GLD,XGBOOST,0.23599668089540413,0.20391277968883514
2025-12-17,GLD,XGBOOST,0.2368642757786476,0.21443626284599304
2025-12-18,GLD,XGBOOST,0.2656661249999886,0.1898581087589264
2025-12-19,GLD,XGBOOST,0.267546191171409,0.18773707747459412
2025-12-22,GLD,XGBOOST,0.2640748978854899,0.21283504366874695
2025-12-23,GLD,XGBOOST,0.2642782423821694,0.22314882278442383
2025-12-24,GLD,XGBOOST,0.2639312460046464,0.20727035403251648
2025-12-26,GLD,XGBOOST,0.27117943921170035,0.22921299934387207
2025-12-29,GLD,XGBOOST,0.21763388840649375,0.1800709217786789
2025-12-30,GLD,XGBOOST,0.2165316444624226,0.1689785271883011
2025-12-31,GLD,XGBOOST,0.4740791630944094,0.1745941936969757
2023-12-28,DBC,XGBOOST,0.11933869054682526,0.1711360514163971
2023-12-29,DBC,XGBOOST,0.1189798862396259,0.1776428371667862
2024-01-02,DBC,XGBOOST,0.1218789425046417,0.16515302658081055
2024-01-03,DBC,XGBOOST,0.12231206153676225,0.1610448956489563
2024-01-04,DBC,XGBOOST,0.1274331622888782,0.161534383893013
2024-01-05,DBC,XGBOOST,0.12697762420220976,0.1599978655576706
2024-01-08,DBC,XGBOOST,0.11626793576547614,0.14786206185817719
2024-01-09,DBC,XGBOOST,0.11448306681930043,0.14331741631031036
2024-01-10,DBC,XGBOOST,0.11266046158727779,0.14313973486423492
2024-01-11,DBC,XGBOOST,0.11032888675518512,0.1423368752002716
2024-01-12,DBC,XGBOOST,0.10975794945150463,0.1416870504617691
2024-01-16,DBC,XGBOOST,0.10709206368001285,0.14087878167629242
2024-01-17,DBC,XGBOOST,0.1128583133767243,0.16020379960536957
2024-01-18,DBC,XGBOOST,0.11079478913172768,0.13724468648433685
2024-01-19,DBC,XGBOOST,0.11085507802283813,0.16320067644119263
2024-01-22,DBC,XGBOOST,0.11159571430186681,0.16842731833457947
2024-01-23,DBC,XGBOOST,0.11078921720740721,0.14186899363994598
2024-01-24,DBC,XGBOOST,0.1064432403058424,0.1442670077085495
2024-01-25,DBC,XGBOOST,0.11270291026439797,0.13946102559566498
2024-01-26,DBC,XGBOOST,0.1172900300226029,0.13499712944030762
2024-01-29,DBC,XGBOOST,0.11863410860631117,0.11691521108150482
2024-01-30,DBC,XGBOOST,0.11588736429584359,0.10701486468315125
2024-01-31,DBC,XGBOOST,0.1103911865434082,0.10859204083681107
2024-02-01,DBC,XGBOOST,0.10347745768079371,0.10477215051651001
2024-02-02,DBC,XGBOOST,0.09456082670883098,0.108821801841259
2024-02-05,DBC,XGBOOST,0.09831935660653265,0.11637204885482788
2024-02-06,DBC,XGBOOST,0.10163834608384406,0.10071007162332535
2024-02-07,DBC,XGBOOST,0.1008647753415451,0.10692397505044937
2024-02-08,DBC,XGBOOST,0.09974582232985497,0.10690951347351074
2024-02-09,DBC,XGBOOST,0.10395374477536612,0.10509400814771652
2024-02-12,DBC,XGBOOST,0.10445857744545688,0.11385159939527512
2024-02-13,DBC,XGBOOST,0.11266526317927493,0.10861008614301682
2024-02-14,DBC,XGBOOST,0.10563259852828465,0.11702092736959457
2024-02-15,DBC,XGBOOST,0.10581776561994274,0.10903522372245789
2024-02-16,DBC,XGBOOST,0.1090702184999157,0.10447877645492554
2024-02-20,DBC,XGBOOST,0.1058669269483733,0.10504146665334702
2024-02-21,DBC,XGBOOST,0.10706439544820283,0.10931070148944855
2024-02-22,DBC,XGBOOST,0.10766123230172817,0.10685212910175323
2024-02-23,DBC,XGBOOST,0.09492885438786347,0.1071724221110344
2024-02-26,DBC,XGBOOST,0.09416601286240614,0.1032288521528244
2024-02-27,DBC,XGBOOST,0.09812274937333947,0.10897905379533768
2024-02-28,DBC,XGBOOST,0.09641309645958694,0.10901149362325668
2024-02-29,DBC,XGBOOST,0.10236127961092158,0.10228905826807022
2024-03-01,DBC,XGBOOST,0.10228674007325873,0.11370427161455154
2024-03-04,DBC,XGBOOST,0.10514632152946504,0.11099115014076233
2024-03-05,DBC,XGBOOST,0.10307151912894502,0.10612554848194122
2024-03-06,DBC,XGBOOST,0.1015899454171739,0.1108604371547699
2024-03-07,DBC,XGBOOST,0.10179283409713848,0.11040149629116058
2024-03-08,DBC,XGBOOST,0.0999470169873577,0.10884030163288116
2024-03-11,DBC,XGBOOST,0.10278962538603109,0.10716363787651062
2024-03-12,DBC,XGBOOST,0.10105096053189098,0.1060371920466423
2024-03-13,DBC,XGBOOST,0.09401653618165426,0.09394294023513794
2024-03-14,DBC,XGBOOST,0.09404461063782443,0.09661507606506348
2024-03-15,DBC,XGBOOST,0.0939786123163193,0.10410089790821075
2024-03-18,DBC,XGBOOST,0.09102962539384195,0.10189235210418701
2024-03-19,DBC,XGBOOST,0.10978589393976156,0.09893383085727692
2024-03-20,DBC,XGBOOST,0.1091501618567506,0.10515347868204117
2024-03-21,DBC,XGBOOST,0.10959946771018099,0.11254912614822388
2024-03-22,DBC,XGBOOST,0.10533937118670963,0.10046885162591934
2024-03-25,DBC,XGBOOST,0.10283997238701004,0.1036139726638794
2024-03-26,DBC,XGBOOST,0.09747201103929044,0.103957399725914
2024-03-27,DBC,XGBOOST,0.09786101669316573,0.09810398519039154
2024-03-28,DBC,XGBOOST,0.09079017443170657,0.10029119998216629
2024-04-01,DBC,XGBOOST,0.090273955955431,0.09737753868103027
2024-04-02,DBC,XGBOOST,0.09799361375206077,0.10040298104286194
2024-04-03,DBC,XGBOOST,0.10084742167148206,0.10911888629198074
2024-04-04,DBC,XGBOOST,0.10136071935475827,0.10420040786266327
2024-04-05,DBC,XGBOOST,0.09914138092597785,0.1298353374004364
2024-04-08,DBC,XGBOOST,0.10871041215589548,0.12171659618616104
2024-04-09,DBC,XGBOOST,0.10728510400063812,0.11168282479047775
2024-04-10,DBC,XGBOOST,0.10631036388265953,0.13317041099071503
2024-04-11,DBC,XGBOOST,0.10769804839398389,0.15514113008975983
2024-04-12,DBC,XGBOOST,0.10746418589075703,0.1499524712562561
2024-04-15,DBC,XGBOOST,0.11038531281644606,0.14688272774219513
2024-04-16,DBC,XGBOOST,0.11108013540593277,0.15580418705940247
2024-04-17,DBC,XGBOOST,0.09685226616318093,0.14239828288555145
2024-04-18,DBC,XGBOOST,0.09719585676005961,0.15026317536830902
2024-04-19,DBC,XGBOOST,0.10228961291705298,0.1574980765581131
2024-04-22,DBC,XGBOOST,0.10634367788487802,0.1578899472951889
2024-04-23,DBC,XGBOOST,0.10715024230298825,0.1490974873304367
2024-04-24,DBC,XGBOOST,0.11955149407751861,0.15571825206279755
2024-04-25,DBC,XGBOOST,0.11893018073995446,0.1554805487394333
2024-04-26,DBC,XGBOOST,0.12175251795381935,0.1533478945493698
2024-04-29,DBC,XGBOOST,0.13743041990090585,0.15167799592018127
2024-04-30,DBC,XGBOOST,0.13469938944358362,0.15888488292694092
2024-05-01,DBC,XGBOOST,0.1325062927565077,0.1531074494123459
2024-05-02,DBC,XGBOOST,0.13351586993343786,0.160504549741745
2024-05-03,DBC,XGBOOST,0.14324186430154018,0.15606233477592468
2024-05-06,DBC,XGBOOST,0.14034532960786905,0.1439448893070221
2024-05-07,DBC,XGBOOST,0.14143748620732366,0.13791930675506592
2024-05-08,DBC,XGBOOST,0.14928955937295568,0.14436021447181702
2024-05-09,DBC,XGBOOST,0.15642829895573485,0.14815200865268707
2024-05-10,DBC,XGBOOST,0.16591057903215198,0.1468326896429062
2024-05-13,DBC,XGBOOST,0.1639455688298415,0.15339775383472443
2024-05-14,DBC,XGBOOST,0.16406783034324487,0.14937065541744232
2024-05-15,DBC,XGBOOST,0.1635256195246982,0.15520541369915009
2024-05-16,DBC,XGBOOST,0.16350926201007404,0.15515033900737762
2024-05-17,DBC,XGBOOST,0.15918053554936096,0.1541537046432495
2024-05-20,DBC,XGBOOST,0.15865859892246303,0.15730568766593933
2024-05-21,DBC,XGBOOST,0.15868206710170915,0.15699952840805054
2024-05-22,DBC,XGBOOST,0.15311971534625182,0.14633546769618988
2024-05-23,DBC,XGBOOST,0.15515843113594951,0.1553981751203537
2024-05-24,DBC,XGBOOST,0.1565013225381127,0.15010137856006622
2024-05-28,DBC,XGBOOST,0.14103259225237746,0.14990901947021484
2024-05-29,DBC,XGBOOST,0.1387865658428522,0.15772956609725952
2024-05-30,DBC,XGBOOST,0.13165589639354433,0.15212471783161163
2024-05-31,DBC,XGBOOST,0.13844753263775675,0.15064428746700287
2024-06-03,DBC,XGBOOST,0.1268612823280558,0.1518617421388626
2024-06-04,DBC,XGBOOST,0.12015251475226209,0.15202724933624268
2024-06-05,DBC,XGBOOST,0.12019917984897222,0.15127506852149963
2024-06-06,DBC,XGBOOST,0.12508187321654546,0.15329201519489288
2024-06-07,DBC,XGBOOST,0.11541790747359397,0.15648359060287476
2024-06-10,DBC,XGBOOST,0.10432276165090769,0.14854584634304047
2024-06-11,DBC,XGBOOST,0.1046186292732601,0.14840900897979736
2024-06-12,DBC,XGBOOST,0.10526894089208054,0.1507779359817505
2024-06-13,DBC,XGBOOST,0.10867016317692736,0.1560620367527008
2024-06-14,DBC,XGBOOST,0.10816447948303187,0.16369669139385223
2024-06-17,DBC,XGBOOST,0.10738103460616799,0.17386168241500854
2024-06-18,DBC,XGBOOST,0.10549614409512865,0.17484340071678162
2024-06-20,DBC,XGBOOST,0.11385212866749456,0.1567123532295227
2024-06-21,DBC,XGBOOST,0.11225498785083246,0.15355184674263
2024-06-24,DBC,XGBOOST,0.11000819308660202,0.15056760609149933
2024-06-25,DBC,XGBOOST,0.10661466183262781,0.1519167423248291
2024-06-26,DBC,XGBOOST,0.10684019302455335,0.14986327290534973
2024-06-27,DBC,XGBOOST,0.1079078793700652,0.15921488404273987
2024-06-28,DBC,XGBOOST,0.10795984815861788,0.1642760932445526
2024-07-01,DBC,XGBOOST,0.09173342265006248,0.16096918284893036
2024-07-02,DBC,XGBOOST,0.12976849321090125,0.15809641778469086
2024-07-03,DBC,XGBOOST,0.13101845682253363,0.15356916189193726
2024-07-05,DBC,XGBOOST,0.1393875944025655,0.16139400005340576
2024-07-08,DBC,XGBOOST,0.13501069702680932,0.15599583089351654
2024-07-09,DBC,XGBOOST,0.13556777079062135,0.1648380160331726
2024-07-10,DBC,XGBOOST,0.14254393468084908,0.15938006341457367
2024-07-11,DBC,XGBOOST,0.14735246400776214,0.1564330905675888
2024-07-12,DBC,XGBOOST,0.15049200960056602,0.15358228981494904
2024-07-15,DBC,XGBOOST,0.15975256451450312,0.14872035384178162
2024-07-16,DBC,XGBOOST,0.16226212958495204,0.13844332098960876
2024-07-17,DBC,XGBOOST,0.1629485519587517,0.15707115828990936
2024-07-18,DBC,XGBOOST,0.16535624190951917,0.15753653645515442
2024-07-19,DBC,XGBOOST,0.159991683987426,0.15149754285812378
2024-07-22,DBC,XGBOOST,0.16022843451173624,0.14614693820476532
2024-07-23,DBC,XGBOOST,0.15778161155974885,0.14771611988544464
2024-07-24,DBC,XGBOOST,0.15841266996562794,0.16130593419075012
2024-07-25,DBC,XGBOOST,0.1579037718301093,0.1524767130613327
2024-07-26,DBC,XGBOOST,0.16780508307021863,0.15540815889835358
2024-07-29,DBC,XGBOOST,0.17066933973622603,0.15051648020744324
2024-07-30,DBC,XGBOOST,0.171312533446384,0.15214042365550995
2024-07-31,DBC,XGBOOST,0.15561272670370002,0.1605735719203949
2024-08-01,DBC,XGBOOST,0.15576531033137134,0.1802811324596405
2024-08-02,DBC,XGBOOST,0.1460116636630571,0.19761207699775696
2024-08-05,DBC,XGBOOST,0.16322985898450548,0.2096656709909439
2024-08-06,DBC,XGBOOST,0.16271177779025686,0.19608087837696075
2024-08-07,DBC,XGBOOST,0.15913945811234617,0.19607406854629517
2024-08-08,DBC,XGBOOST,0.16086368266983941,0.211046040058136
2024-08-09,DBC,XGBOOST,0.15927255614136981,0.21132616698741913
2024-08-12,DBC,XGBOOST,0.15360739757084688,0.1870315819978714
2024-08-13,DBC,XGBOOST,0.15798863640245797,0.2188083827495575
2024-08-14,DBC,XGBOOST,0.17485321601417472,0.19255821406841278
2024-08-15,DBC,XGBOOST,0.1718082387377391,0.1995953470468521
2024-08-16,DBC,XGBOOST,0.17365708058852034,0.18950596451759338
2024-08-19,DBC,XGBOOST,0.17486694736390404,0.1623058021068573
2024-08-20,DBC,XGBOOST,0.17572471005510734,0.1773315817117691
2024-08-21,DBC,XGBOOST,0.18600051094061235,0.16584309935569763
2024-08-22,DBC,XGBOOST,0.18592046415710053,0.15312813222408295
2024-08-23,DBC,XGBOOST,0.1749039498030417,0.15415845811367035
2024-08-26,DBC,XGBOOST,0.18107829586659013,0.16416212916374207
2024-08-27,DBC,XGBOOST,0.18283995443568515,0.14535056054592133
2024-08-28,DBC,XGBOOST,0.18036092268656584,0.1430513560771942
2024-08-29,DBC,XGBOOST,0.17660240949356715,0.13617950677871704
2024-08-30,DBC,XGBOOST,0.1718895036133786,0.13717064261436462
2024-09-03,DBC,XGBOOST,0.16399844060092172,0.16245979070663452
2024-09-04,DBC,XGBOOST,0.1612241595685104,0.16249597072601318
2024-09-05,DBC,XGBOOST,0.16610130392906328,0.16665880382061005
2024-09-06,DBC,XGBOOST,0.15337483376358269,0.17469194531440735
2024-09-09,DBC,XGBOOST,0.15666894449246646,0.1607569456100464
2024-09-10,DBC,XGBOOST,0.1738789916688218,0.17223547399044037
2024-09-11,DBC,XGBOOST,0.17913475337561238,0.17485706508159637
2024-09-12,DBC,XGBOOST,0.17958751996941125,0.16189423203468323
2024-09-13,DBC,XGBOOST,0.17975375300537627,0.16283641755580902
2024-09-16,DBC,XGBOOST,0.19146868940053727,0.15866415202617645
2024-09-17,DBC,XGBOOST,0.20561170751619554,0.15121017396450043
2024-09-18,DBC,XGBOOST,0.20422168373006278,0.1434646099805832
2024-09-19,DBC,XGBOOST,0.19486584488748226,0.1500391811132431
2024-09-20,DBC,XGBOOST,0.1959791489106037,0.150379478931427
2024-09-23,DBC,XGBOOST,0.19624667280443941,0.14593760669231415
2024-09-24,DBC,XGBOOST,0.1970846464193066,0.14216317236423492
2024-09-25,DBC,XGBOOST,0.1956934354337461,0.14370065927505493
2024-09-26,DBC,XGBOOST,0.1925071523469863,0.14743086695671082
2024-09-27,DBC,XGBOOST,0.19322247806774334,0.15128560364246368
2024-09-30,DBC,XGBOOST,0.21753097551450923,0.15480411052703857
2024-10-01,DBC,XGBOOST,0.20746524484279305,0.15813875198364258
2024-10-02,DBC,XGBOOST,0.21052528035973658,0.16018283367156982
2024-10-03,DBC,XGBOOST,0.2048396444518643,0.15854589641094208
2024-10-04,DBC,XGBOOST,0.20691396609374646,0.15607087314128876
2024-10-07,DBC,XGBOOST,0.21038300785369993,0.15847249329090118
2024-10-08,DBC,XGBOOST,0.1954198280443338,0.1494971662759781
2024-10-09,DBC,XGBOOST,0.19687250167277545,0.1426858752965927
2024-10-10,DBC,XGBOOST,0.1867908632382855,0.14170107245445251
2024-10-11,DBC,XGBOOST,0.19359936737541164,0.1424018293619156
2024-10-15,DBC,XGBOOST,0.18331621326303113,0.12931634485721588
2024-10-16,DBC,XGBOOST,0.1833858241249107,0.14302583038806915
2024-10-17,DBC,XGBOOST,0.18316964322454712,0.14218737185001373
2024-10-18,DBC,XGBOOST,0.1830730282135535,0.14023259282112122
2024-10-21,DBC,XGBOOST,0.20134370047672293,0.14643439650535583
2024-10-22,DBC,XGBOOST,0.1910976026126938,0.1374380886554718
2024-10-23,DBC,XGBOOST,0.19024276653728173,0.13490749895572662
2024-10-24,DBC,XGBOOST,0.19222288732023024,0.12976130843162537
2024-10-25,DBC,XGBOOST,0.19036298100384816,0.1326504796743393
2024-10-28,DBC,XGBOOST,0.171108027699658,0.13483421504497528
2024-10-29,DBC,XGBOOST,0.17096302324444976,0.13113097846508026
2024-10-30,DBC,XGBOOST,0.16552141112694402,0.1296624392271042
2024-10-31,DBC,XGBOOST,0.16336399560233095,0.12494979798793793
2024-11-01,DBC,XGBOOST,0.16110894927555885,0.1295900195837021
2024-11-04,DBC,XGBOOST,0.15407609607887268,0.11728028208017349
2024-11-05,DBC,XGBOOST,0.1523108691015626,0.13273197412490845
2024-11-06,DBC,XGBOOST,0.14829345966050508,0.15608419477939606
2024-11-07,DBC,XGBOOST,0.14367576759620493,0.15773949027061462
2024-11-08,DBC,XGBOOST,0.14024019560437995,0.16663317382335663
2024-11-12,DBC,XGBOOST,0.13388870734428487,0.18201467394828796
2024-11-13,DBC,XGBOOST,0.13426329611184185,0.17845496535301208
2024-11-14,DBC,XGBOOST,0.13418914466093856,0.16630062460899353
2024-11-15,DBC,XGBOOST,0.13440461339699145,0.1655225157737732
2024-11-18,DBC,XGBOOST,0.10962170562436312,0.1479005366563797
2024-11-19,DBC,XGBOOST,0.11274058269855075,0.14761003851890564
2024-11-20,DBC,XGBOOST,0.11278879232531658,0.14305809140205383
2024-11-21,DBC,XGBOOST,0.11209393608409003,0.14477869868278503
2024-11-22,DBC,XGBOOST,0.11206518105476958,0.15069523453712463
2024-11-25,DBC,XGBOOST,0.10316394168794042,0.1401974856853485
2024-11-26,DBC,XGBOOST,0.10359764647227994,0.1406724452972412
2024-11-27,DBC,XGBOOST,0.1032507861025456,0.13674430549144745
2024-11-29,DBC,XGBOOST,0.1078580096114319,0.1471429169178009
2024-12-02,DBC,XGBOOST,0.10483383666100343,0.14142295718193054
2024-12-03,DBC,XGBOOST,0.1029987946421418,0.14925146102905273
2024-12-04,DBC,XGBOOST,0.10274697036801463,0.15259699523448944
2024-12-05,DBC,XGBOOST,0.1023372791900159,0.1370818018913269
2024-12-06,DBC,XGBOOST,0.09712157319092479,0.13386960327625275
2024-12-09,DBC,XGBOOST,0.09364635520851515,0.13120901584625244
2024-12-10,DBC,XGBOOST,0.12947062260565947,0.12651510536670685
2024-12-11,DBC,XGBOOST,0.1253283152898557,0.1329924613237381
2024-12-12,DBC,XGBOOST,0.12356660463433057,0.1252920776605606
2024-12-13,DBC,XGBOOST,0.13190456235818,0.12980785965919495
2024-12-16,DBC,XGBOOST,0.13110475638593191,0.1404925435781479
2024-12-17,DBC,XGBOOST,0.1289603028464537,0.14748407900333405
2024-12-18,DBC,XGBOOST,0.1243135803432156,0.13928788900375366
2024-12-19,DBC,XGBOOST,0.12470544441315919,0.14253008365631104
2024-12-20,DBC,XGBOOST,0.12680366077227254,0.13434846699237823
2024-12-23,DBC,XGBOOST,0.12688716035735503,0.13517940044403076
2024-12-24,DBC,XGBOOST,0.1423406018576004,0.13446202874183655
2024-12-26,DBC,XGBOOST,0.14123476627764286,0.13477157056331635
2024-12-27,DBC,XGBOOST,0.14093092888499467,0.13766242563724518
2024-12-30,DBC,XGBOOST,0.13861279603221724,0.13902002573013306
2024-12-31,DBC,XGBOOST,0.13852327371932663,0.1431439071893692
2025-01-02,DBC,XGBOOST,0.13704505349110846,0.1436612606048584
2025-01-03,DBC,XGBOOST,0.1350230431300615,0.13824144005775452
2025-01-06,DBC,XGBOOST,0.13794813662103872,0.14024318754673004
2025-01-07,DBC,XGBOOST,0.137379883278165,0.1348135620355606
2025-01-08,DBC,XGBOOST,0.13698164297366258,0.13728463649749756
2025-01-10,DBC,XGBOOST,0.11158606527181944,0.1370786726474762
2025-01-13,DBC,XGBOOST,0.11188312846510867,0.13662007451057434
2025-01-14,DBC,XGBOOST,0.11934332049434501,0.13204358518123627
2025-01-15,DBC,XGBOOST,0.10530834891086,0.12479180842638016
2025-01-16,DBC,XGBOOST,0.10433721788275656,0.12999601662158966
2025-01-17,DBC,XGBOOST,0.1155720288322707,0.1253618746995926
2025-01-21,DBC,XGBOOST,0.116304161530399,0.12877027690410614
2025-01-22,DBC,XGBOOST,0.11601473570511904,0.12830857932567596
2025-01-23,DBC,XGBOOST,0.12734050350026666,0.12112828344106674
2025-01-24,DBC,XGBOOST,0.12830603625206724,0.1233271062374115
2025-01-27,DBC,XGBOOST,0.12197206689956497,0.142268106341362
2025-01-28,DBC,XGBOOST,0.12649922779492068,0.14942854642868042
2025-01-29,DBC,XGBOOST,0.12644208585012903,0.14781707525253296
2025-01-30,DBC,XGBOOST,0.12963970937833355,0.14700618386268616
2025-01-31,DBC,XGBOOST,0.1314782586069701,0.15214279294013977
2025-02-03,DBC,XGBOOST,0.12880432870564779,0.1492769569158554
2025-02-04,DBC,XGBOOST,0.1284696395089398,0.14913371205329895
2025-02-05,DBC,XGBOOST,0.12780948175264914,0.15189363062381744
2025-02-06,DBC,XGBOOST,0.13205913743198328,0.14763377606868744
2025-02-07,DBC,XGBOOST,0.13378804877456094,0.15335413813591003
2025-02-10,DBC,XGBOOST,0.12391438623982792,0.1536262333393097
2025-02-11,DBC,XGBOOST,0.11977503027547882,0.15952323377132416
2025-02-12,DBC,XGBOOST,0.11456909668297999,0.15346409380435944
2025-02-13,DBC,XGBOOST,0.11497375190376079,0.1618165224790573
2025-02-14,DBC,XGBOOST,0.11823011134636689,0.16224752366542816
2025-02-18,DBC,XGBOOST,0.10348833811292482,0.1621812880039215
2025-02-19,DBC,XGBOOST,0.10174480788721203,0.15987586975097656
2025-02-20,DBC,XGBOOST,0.10194896770806702,0.15778227150440216
2025-02-21,DBC,XGBOOST,0.09244556654757495,0.15863081812858582
2025-02-24,DBC,XGBOOST,0.09353015576038612,0.15523935854434967
2025-02-25,DBC,XGBOOST,0.08547350713797044,0.14064209163188934
2025-02-26,DBC,XGBOOST,0.07981181488694741,0.14610441029071808
2025-02-27,DBC,XGBOOST,0.08022592291369142,0.14850358664989471
2025-02-28,DBC,XGBOOST,0.07578743376724793,0.1536640077829361
2025-03-03,DBC,XGBOOST,0.08516364758860007,0.1546698957681656
2025-03-04,DBC,XGBOOST,0.08497194175687373,0.1478208601474762
2025-03-05,DBC,XGBOOST,0.08525267714004506,0.1483898162841797
2025-03-06,DBC,XGBOOST,0.173339113644764,0.15285135805606842
2025-03-07,DBC,XGBOOST,0.21395064340101239,0.14973311126232147
2025-03-10,DBC,XGBOOST,0.21892813647088766,0.15496978163719177
2025-03-11,DBC,XGBOOST,0.22731533386303238,0.15455883741378784
2025-03-12,DBC,XGBOOST,0.2675525566534206,0.15268303453922272
2025-03-13,DBC,XGBOOST,0.2699332020316978,0.16559088230133057
2025-03-14,DBC,XGBOOST,0.275427249128635,0.15963564813137054
2025-03-17,DBC,XGBOOST,0.27352446965634536,0.15716424584388733
2025-03-18,DBC,XGBOOST,0.2735218874228498,0.17631109058856964
2025-03-19,DBC,XGBOOST,0.27700095258644963,0.17885659635066986
2025-03-20,DBC,XGBOOST,0.2803799428147825,0.17785651981830597
2025-03-21,DBC,XGBOOST,0.28100339789646533,0.1786596029996872
2025-03-24,DBC,XGBOOST,0.2813286493020789,0.18349993228912354
2025-03-25,DBC,XGBOOST,0.28165616688674167,0.17616674304008484
2025-03-26,DBC,XGBOOST,0.2845907244550526,0.1638212352991104
2025-03-27,DBC,XGBOOST,0.28434313959044744,0.1704854518175125
2025-03-28,DBC,XGBOOST,0.2846033089782938,0.16302716732025146
2025-03-31,DBC,XGBOOST,0.280326002021033,0.16130009293556213
2025-04-01,DBC,XGBOOST,0.28496629670189316,0.1580711007118225
2025-04-02,DBC,XGBOOST,0.28433296237139644,0.15738244354724884
2025-04-03,DBC,XGBOOST,0.2508627727576448,0.18214595317840576
2025-04-04,DBC,XGBOOST,0.21556724478793426,0.32102900743484497
2025-04-07,DBC,XGBOOST,0.21460107660658528,0.2702116370201111
2025-04-08,DBC,XGBOOST,0.2027109317100213,0.2577454149723053
2025-04-09,DBC,XGBOOST,0.16425420059093257,0.2003733515739441
2025-04-10,DBC,XGBOOST,0.15908493664629697,0.22917909920215607
2025-04-11,DBC,XGBOOST,0.15272720562979222,0.2041127234697342
2025-04-14,DBC,XGBOOST,0.16128177096633564,0.2031475007534027
2025-04-15,DBC,XGBOOST,0.16244180499642685,0.20327262580394745
2025-04-16,DBC,XGBOOST,0.16165232252892342,0.2361062467098236
2025-04-17,DBC,XGBOOST,0.15771265468590454,0.19573765993118286
2025-04-21,DBC,XGBOOST,0.15490974201503085,0.19497349858283997
2025-04-22,DBC,XGBOOST,0.16064889547868974,0.19343017041683197
2025-04-23,DBC,XGBOOST,0.15811674292042102,0.19410301744937897
2025-04-24,DBC,XGBOOST,0.15619193201835693,0.18945008516311646
2025-04-25,DBC,XGBOOST,0.15743184811231495,0.19502782821655273
2025-04-28,DBC,XGBOOST,0.15944399637685994,0.18580085039138794
2025-04-29,DBC,XGBOOST,0.15277593717917234,0.18690311908721924
2025-04-30,DBC,XGBOOST,0.13688608208713687,0.18695969879627228
2025-05-01,DBC,XGBOOST,0.13953301123727124,0.19595535099506378
2025-05-02,DBC,XGBOOST,0.15679590827209655,0.19127871096134186
2025-05-05,DBC,XGBOOST,0.15546916622273865,0.18875013291835785
2025-05-06,DBC,XGBOOST,0.14879810867952376,0.17649641633033752
2025-05-07,DBC,XGBOOST,0.14037025065520123,0.16855989396572113
2025-05-08,DBC,XGBOOST,0.1361395084579149,0.16540412604808807
2025-05-09,DBC,XGBOOST,0.13429697751145891,0.15613318979740143
2025-05-12,DBC,XGBOOST,0.13333715599701082,0.1610870510339737
2025-05-13,DBC,XGBOOST,0.1343045342795141,0.16128255426883698
2025-05-14,DBC,XGBOOST,0.13249960436851652,0.15225110948085785
2025-05-15,DBC,XGBOOST,0.1622228744017191,0.15766137838363647
2025-05-16,DBC,XGBOOST,0.16143465052877315,0.16362734138965607
2025-05-19,DBC,XGBOOST,0.17216930279314968,0.16599158942699432
2025-05-20,DBC,XGBOOST,0.16939172940248143,0.16757623851299286
2025-05-21,DBC,XGBOOST,0.16829859130540492,0.1677400767803192
2025-05-22,DBC,XGBOOST,0.22291411112283918,0.17043359577655792
2025-05-23,DBC,XGBOOST,0.24206543948119233,0.16741760075092316
2025-05-27,DBC,XGBOOST,0.2394181714515353,0.16867463290691376
2025-05-28,DBC,XGBOOST,0.23887209686053973,0.16954933106899261
2025-05-29,DBC,XGBOOST,0.23880271591464336,0.1641623079776764
2025-05-30,DBC,XGBOOST,0.23628868361140898,0.14978893101215363
2025-06-02,DBC,XGBOOST,0.226263722874097,0.145920991897583
2025-06-03,DBC,XGBOOST,0.23176765570596805,0.15661457180976868
2025-06-04,DBC,XGBOOST,0.2310007838066715,0.15767839550971985
2025-06-05,DBC,XGBOOST,0.2310130491057793,0.15534216165542603
2025-06-06,DBC,XGBOOST,0.22996309294843642,0.16343559324741364
2025-06-09,DBC,XGBOOST,0.2302626204092733,0.1682083010673523
2025-06-10,DBC,XGBOOST,0.2304606801710721,0.15071889758110046
2025-06-11,DBC,XGBOOST,0.22809579450597509,0.14303116500377655
2025-06-12,DBC,XGBOOST,0.23066431071372503,0.14071793854236603
2025-06-13,DBC,XGBOOST,0.202264589352051,0.13427065312862396
2025-06-16,DBC,XGBOOST,0.20233509589116658,0.1407642811536789
2025-06-17,DBC,XGBOOST,0.18868925803942665,0.1408434510231018
2025-06-18,DBC,XGBOOST,0.188487486455573,0.13654178380966187
2025-06-20,DBC,XGBOOST,0.1869221593103702,0.13649152219295502
2025-06-23,DBC,XGBOOST,0.13010140117876393,0.13813431560993195
2025-06-24,DBC,XGBOOST,0.09359011642817762,0.12319298088550568
2025-06-25,DBC,XGBOOST,0.09311603035785969,0.1291583925485611
2025-06-26,DBC,XGBOOST,0.10126326643605046,0.12462188303470612
2025-06-27,DBC,XGBOOST,0.10456812120733451,0.1317959427833557
2025-06-30,DBC,XGBOOST,0.11214968395040643,0.13308361172676086
2025-07-01,DBC,XGBOOST,0.11228152775899064,0.13634231686592102
2025-07-02,DBC,XGBOOST,0.10330599803369925,0.14022907614707947
2025-07-03,DBC,XGBOOST,0.11883076969420014,0.14197176694869995
2025-07-07,DBC,XGBOOST,0.11936788761470843,0.13179324567317963
2025-07-08,DBC,XGBOOST,0.12184212375148969,0.1449458748102188
2025-07-09,DBC,XGBOOST,0.12188989370439987,0.14899049699306488
2025-07-10,DBC,XGBOOST,0.12261650305954981,0.18884940445423126
2025-07-11,DBC,XGBOOST,0.11133976390564625,0.13602986931800842
2025-07-14,DBC,XGBOOST,0.10862292934992689,0.1501888483762741
2025-07-15,DBC,XGBOOST,0.10915706050676686,0.1479802131652832
2025-07-16,DBC,XGBOOST,0.10876363926222196,0.15158453583717346
2025-07-17,DBC,XGBOOST,0.10515421860260513,0.15359778702259064
2025-07-18,DBC,XGBOOST,0.10460270715217787,0.16099347174167633
2025-07-21,DBC,XGBOOST,0.10499436338387774,0.1593177169561386
2025-07-22,DBC,XGBOOST,0.10733540785814077,0.14797163009643555
2025-07-23,DBC,XGBOOST,0.11659644579816295,0.13589105010032654
2025-07-24,DBC,XGBOOST,0.11912447780464265,0.14357943832874298
2025-07-25,DBC,XGBOOST,0.11495397479461665,0.14491213858127594
2025-07-28,DBC,XGBOOST,0.10991496416336596,0.1475636214017868
2025-07-29,DBC,XGBOOST,0.10066887324950134,0.15410572290420532
2025-07-30,DBC,XGBOOST,0.10098496711252929,0.1499911993741989
2025-07-31,DBC,XGBOOST,0.1008416988500864,0.16334004700183868
2025-08-01,DBC,XGBOOST,0.08249177758657578,0.1580231785774231
2025-08-04,DBC,XGBOOST,0.09828599723033325,0.1539655178785324
2025-08-05,DBC,XGBOOST,0.09859818399252,0.157711461186409
2025-08-06,DBC,XGBOOST,0.10237505964395913,0.15881559252738953
2025-08-07,DBC,XGBOOST,0.10694847034994155,0.15194642543792725
2025-08-08,DBC,XGBOOST,0.10927124134363518,0.1468430459499359
2025-08-11,DBC,XGBOOST,0.10946967956126967,0.15348580479621887
2025-08-12,DBC,XGBOOST,0.10971794958073047,0.15116505324840546
2025-08-13,DBC,XGBOOST,0.11395682449315248,0.15547862648963928
2025-08-14,DBC,XGBOOST,0.1147218741078487,0.15547259151935577
2025-08-15,DBC,XGBOOST,0.11665601611962567,0.1560375690460205
2025-08-18,DBC,XGBOOST,0.12031577212142691,0.14936946332454681
2025-08-19,DBC,XGBOOST,0.123724037895126,0.15376438200473785
2025-08-20,DBC,XGBOOST,0.12103852556870444,0.14865447580814362
2025-08-21,DBC,XGBOOST,0.12409798274951665,0.1479702740907669
2025-08-22,DBC,XGBOOST,0.12342648958016815,0.1409728229045868
2025-08-25,DBC,XGBOOST,0.12740530189237376,0.1422928273677826
2025-08-26,DBC,XGBOOST,0.12506813282245266,0.1443619579076767
2025-08-27,DBC,XGBOOST,0.12664119704050947,0.14479389786720276
2025-08-28,DBC,XGBOOST,0.12550192040677352,0.1382652372121811
2025-08-29,DBC,XGBOOST,0.1302028946330214,0.13450926542282104
2025-09-02,DBC,XGBOOST,0.11812879120176199,0.14250066876411438
2025-09-03,DBC,XGBOOST,0.11370418297690459,0.14352457225322723
2025-09-04,DBC,XGBOOST,0.11329416492155567,0.13532066345214844
2025-09-05,DBC,XGBOOST,0.10915933293047062,0.11810174584388733
2025-09-08,DBC,XGBOOST,0.11226055155453839,0.11681503802537918
2025-09-09,DBC,XGBOOST,0.11260048558181121,0.11710885167121887
2025-09-10,DBC,XGBOOST,0.11063214183600806,0.11517775058746338
2025-09-11,DBC,XGBOOST,0.11243967161585805,0.11107104271650314
2025-09-12,DBC,XGBOOST,0.13553587330611244,0.11803411692380905
2025-09-15,DBC,XGBOOST,0.13956414663744446,0.11551418900489807
2025-09-16,DBC,XGBOOST,0.1386870342211721,0.11836133152246475
2025-09-17,DBC,XGBOOST,0.13548639329911705,0.117770254611969
2025-09-18,DBC,XGBOOST,0.13486783012749462,0.11813921481370926
2025-09-19,DBC,XGBOOST,0.13203641230595423,0.12689833343029022
2025-09-22,DBC,XGBOOST,0.13693243867424465,0.13861027359962463
2025-09-23,DBC,XGBOOST,0.13632850391269744,0.1318061202764511
2025-09-24,DBC,XGBOOST,0.146360391153905,0.128481924533844
2025-09-25,DBC,XGBOOST,0.15664350872167668,0.1291443109512329
2025-09-26,DBC,XGBOOST,0.156643485927824,0.1352136731147766
2025-09-29,DBC,XGBOOST,0.15373107512919668,0.12902162969112396
2025-09-30,DBC,XGBOOST,0.15682795815108636,0.1368577778339386
2025-10-01,DBC,XGBOOST,0.15769355831556653,0.15036310255527496
2025-10-02,DBC,XGBOOST,0.15540290430986378,0.15465132892131805
2025-10-03,DBC,XGBOOST,0.15676857092933785,0.14507532119750977
2025-10-06,DBC,XGBOOST,0.15489480157661392,0.14319908618927002
2025-10-07,DBC,XGBOOST,0.15686987118133688,0.14525246620178223
2025-10-08,DBC,XGBOOST,0.15728169151422738,0.1429981142282486
2025-10-09,DBC,XGBOOST,0.15332824717822538,0.15036946535110474
2025-10-10,DBC,XGBOOST,0.12901547474468034,0.1457158327102661
2025-10-14,DBC,XGBOOST,0.11842874499179826,0.15865054726600647
2025-10-15,DBC,XGBOOST,0.12812783977275627,0.15501025319099426
2025-10-16,DBC,XGBOOST,0.1299994177959977,0.151114359498024
2025-10-17,DBC,XGBOOST,0.1296307429206159,0.1397572159767151
2025-10-20,DBC,XGBOOST,0.12651016558153044,0.14261266589164734
2025-10-21,DBC,XGBOOST,0.12084556604477271,0.145205557346344
2025-10-22,DBC,XGBOOST,0.11728540553538251,0.14441339671611786
2025-10-23,DBC,XGBOOST,0.10712283310802548,0.14146122336387634
2025-10-24,DBC,XGBOOST,0.1093510245821192,0.15106932818889618
2025-10-27,DBC,XGBOOST,0.11093980664268165,0.1456204652786255
2025-10-28,DBC,XGBOOST,0.10757850086665188,0.1494850367307663
2025-10-29,DBC,XGBOOST,0.11266988184058586,0.1520448476076126
2025-10-30,DBC,XGBOOST,0.1217503078828037,0.1448073536157608
2025-10-31,DBC,XGBOOST,0.11972319457483309,0.1479780524969101
2025-11-03,DBC,XGBOOST,0.11801326736629818,0.14632701873779297
2025-11-04,DBC,XGBOOST,0.11624960950669791,0.14577239751815796
2025-11-05,DBC,XGBOOST,0.11566836960103138,0.14245040714740753
2025-11-06,DBC,XGBOOST,0.11713971849750036,0.1478157490491867
2025-11-07,DBC,XGBOOST,0.12647302124382365,0.14788733422756195
2025-11-10,DBC,XGBOOST,0.12036239339322913,0.14257238805294037
2025-11-12,DBC,XGBOOST,0.11308546129050347,0.14200662076473236
2025-11-13,DBC,XGBOOST,0.11548457049769512,0.13910607993602753
2025-11-14,DBC,XGBOOST,0.11639706209513913,0.13472670316696167
2025-11-17,DBC,XGBOOST,0.12146742763158766,0.13492658734321594
2025-11-18,DBC,XGBOOST,0.1256721502145297,0.13840848207473755
2025-11-19,DBC,XGBOOST,0.12314971784202415,0.13701047003269196
2025-11-20,DBC,XGBOOST,0.12084735283991484,0.1361965537071228
2025-11-21,DBC,XGBOOST,0.12545740402666541,0.14906442165374756
2025-11-24,DBC,XGBOOST,0.12966230641505763,0.14604642987251282
2025-11-25,DBC,XGBOOST,0.12732099003625855,0.15964928269386292
2025-11-26,DBC,XGBOOST,0.12323806525304629,0.1579464226961136
2025-11-28,DBC,XGBOOST,0.12095934748867467,0.14934797585010529
2025-12-01,DBC,XGBOOST,0.12277401561022293,0.1420086771249771
2025-12-02,DBC,XGBOOST,0.13024995110234505,0.13576290011405945
2025-12-03,DBC,XGBOOST,0.12922052253778468,0.1303037703037262
2025-12-04,DBC,XGBOOST,0.14494062116963463,0.12553949654102325
2025-12-05,DBC,XGBOOST,0.1436808762075143,0.12980444729328156
2025-12-08,DBC,XGBOOST,0.14019260294322827,0.1289447396993637
2025-12-09,DBC,XGBOOST,0.14607107940289993,0.13201865553855896
2025-12-10,DBC,XGBOOST,0.14503529312950625,0.1309676170349121
2025-12-11,DBC,XGBOOST,0.15031152898353176,0.13459596037864685
2025-12-12,DBC,XGBOOST,0.1467578151682828,0.13766930997371674
2025-12-15,DBC,XGBOOST,0.1443066565774588,0.14333152770996094
2025-12-16,DBC,XGBOOST,0.14208861734999895,0.15104590356349945
2025-12-17,DBC,XGBOOST,0.13899101764103078,0.14134614169597626
2025-12-18,DBC,XGBOOST,0.13997777792193297,0.13753382861614227
2025-12-19,DBC,XGBOOST,0.14235993120233992,0.13423852622509003
2025-12-22,DBC,XGBOOST,0.13873246235696945,0.1328958421945572
2025-12-23,DBC,XGBOOST,0.14658003916885395,0.13390755653381348
2025-12-24,DBC,XGBOOST,0.14596296299172354,0.1305418759584427
2025-12-26,DBC,XGBOOST,0.15015018069813083,0.1273125857114792
2025-12-29,DBC,XGBOOST,0.1445427172691811,0.12761953473091125
2025-12-30,DBC,XGBOOST,0.14811367891813051,0.1240755245089531
2025-12-31,DBC,XGBOOST,0.19775986343201724,0.12431751936674118
2023-12-28,SPY,EWMA,0.09591491993423809,0.11155362739146228
2023-12-29,SPY,EWMA,0.0949116348532563,0.11057007873138083
2024-01-02,SPY,EWMA,0.11209860922934974,0.11068758090788228
2024-01-03,SPY,EWMA,0.1140896421183197,0.11218628958949714
2024-01-04,SPY,EWMA,0.11590626765293525,0.11107927924335036
2024-01-05,SPY,EWMA,0.11808435514723602,0.10933523944595239
2024-01-08,SPY,EWMA,0.10987837849724964,0.1137005477134298
2024-01-09,SPY,EWMA,0.11123023830831735,0.112205295065434
2024-01-10,SPY,EWMA,0.11080913426905808,0.1110932025104678
2024-01-11,SPY,EWMA,0.11101204380450988,0.10946998034403409
2024-01-12,SPY,EWMA,0.11133434040390817,0.10776339361582846
2024-01-16,SPY,EWMA,0.12397643491102253,0.10699237077188356
2024-01-17,SPY,EWMA,0.12302522281107733,0.10698778119625021
2024-01-18,SPY,EWMA,0.12191018603608504,0.1075504191250746
2024-01-19,SPY,EWMA,0.11899301768052407,0.11031164791397453
2024-01-22,SPY,EWMA,0.12172912304833021,0.10858402770122164
2024-01-23,SPY,EWMA,0.1215976293831696,0.10693563216222161
2024-01-24,SPY,EWMA,0.13942421402489,0.1052628822055386
2024-01-25,SPY,EWMA,0.13899659828707184,0.10414192112449133
2024-01-26,SPY,EWMA,0.13999999785744108,0.10284627123180891
2024-01-29,SPY,EWMA,0.13818684995909178,0.10270327245641644
2024-01-30,SPY,EWMA,0.13832392053303597,0.10134939804981277
2024-01-31,SPY,EWMA,0.1209489598340714,0.11191105176106156
2024-02-01,SPY,EWMA,0.11739766140886577,0.11494738782681188
2024-02-02,SPY,EWMA,0.1139185501983245,0.11582185771107492
2024-02-05,SPY,EWMA,0.12006052027320295,0.11501936760700272
2024-02-06,SPY,EWMA,0.12064465126690431,0.113259289617514
2024-02-07,SPY,EWMA,0.1219305053510737,0.11297695982289196
2024-02-08,SPY,EWMA,0.12490107189173769,0.11127368845376902
2024-02-09,SPY,EWMA,0.1239904550013427,0.11005558487844992
2024-02-12,SPY,EWMA,0.1285032155882645,0.10853391146028782
2024-02-13,SPY,EWMA,0.1157054723517266,0.11551372606273574
2024-02-14,SPY,EWMA,0.11361130904683016,0.1156581066920182
2024-02-15,SPY,EWMA,0.11564891073521767,0.11475827713268999
2024-02-16,SPY,EWMA,0.1147257199841651,0.11453504371602997
2024-02-20,SPY,EWMA,0.11247859415227139,0.11446735031291233
2024-02-21,SPY,EWMA,0.11520746840077056,0.11267266553833298
2024-02-22,SPY,EWMA,0.09364439744747563,0.12300100124151743
2024-02-23,SPY,EWMA,0.09441881858013615,0.1211164789801968
2024-02-26,SPY,EWMA,0.09382183510566719,0.12022466601332824
2024-02-27,SPY,EWMA,0.09455334341602975,0.11833156917552845
2024-02-28,SPY,EWMA,0.09719099270438311,0.1167836921731393
2024-02-29,SPY,EWMA,0.09719342076120269,0.11506936159916893
2024-03-01,SPY,EWMA,0.09338234429869864,0.11522761470438773
2024-03-04,SPY,EWMA,0.09682127038349865,0.11372718228298478
2024-03-05,SPY,EWMA,0.08795779594651104,0.11674558871409065
2024-03-06,SPY,EWMA,0.09908623870754994,0.11533359872209847
2024-03-07,SPY,EWMA,0.09974905288057681,0.11582981888338023
2024-03-08,SPY,EWMA,0.09672842458412753,0.11609996633685342
2024-03-11,SPY,EWMA,0.09652445880055396,0.11447963952388993
2024-03-12,SPY,EWMA,0.09680384182564442,0.11552650349548468
2024-03-13,SPY,EWMA,0.10029031614924368,0.11409940007558354
2024-03-14,SPY,EWMA,0.1121847563102897,0.11277380183390512
2024-03-15,SPY,EWMA,0.11834293113924033,0.11348991232896895
2024-03-18,SPY,EWMA,0.11590791415070784,0.11242995978420313
2024-03-19,SPY,EWMA,0.11457649291658932,0.11123485287652017
2024-03-20,SPY,EWMA,0.10737671601458562,0.11150755690472294
2024-03-21,SPY,EWMA,0.10793685738206112,0.10982586486725923
2024-03-22,SPY,EWMA,0.11582841392863992,0.10861008135773867
2024-03-25,SPY,EWMA,0.12582973973450154,0.10764459833894015
2024-03-26,SPY,EWMA,0.12585596551343825,0.1063916074598713
2024-03-27,SPY,EWMA,0.12075669455672124,0.10643625404775107
2024-03-28,SPY,EWMA,0.12723538162301531,0.10489748146316148
2024-04-01,SPY,EWMA,0.12844031963318647,0.1036831685467067
2024-04-02,SPY,EWMA,0.13776770484937587,0.10442238461338411
2024-04-03,SPY,EWMA,0.13748125589450252,0.10277972606521088
2024-04-04,SPY,EWMA,0.1371557386431307,0.10801167487198637
2024-04-05,SPY,EWMA,0.139391094965719,0.1095535230013845
2024-04-08,SPY,EWMA,0.14471261742763641,0.10784232557835699
2024-04-09,SPY,EWMA,0.144706093385361,0.1061439197482829
2024-04-10,SPY,EWMA,0.13994625340981326,0.10905126835036368
2024-04-11,SPY,EWMA,0.13887003492225475,0.10894403755403911
2024-04-12,SPY,EWMA,0.12848119010038334,0.11499839878145604
2024-04-15,SPY,EWMA,0.11817204647314887,0.11897551011533553
2024-04-16,SPY,EWMA,0.1178918779601819,0.11723055472582422
2024-04-17,SPY,EWMA,0.11953026333310095,0.11659601842573683
2024-04-18,SPY,EWMA,0.11953009041412906,0.11488911500733406
2024-04-19,SPY,EWMA,0.11161730712907149,0.11558884136080166
2024-04-22,SPY,EWMA,0.10968455397356229,0.1168655300552354
2024-04-23,SPY,EWMA,0.10458153823212714,0.11972423836770757
2024-04-24,SPY,EWMA,0.10582604464003872,0.11785552132790089
2024-04-25,SPY,EWMA,0.1092346436717237,0.11653932906096856
2024-04-26,SPY,EWMA,0.10718467805579833,0.1176129814544792
2024-04-29,SPY,EWMA,0.10713323688353346,0.1160926432056861
2024-04-30,SPY,EWMA,0.09081433132653646,0.12310239740299207
2024-05-01,SPY,EWMA,0.09433237658726962,0.121495095374781
2024-05-02,SPY,EWMA,0.09409208713680205,0.12243728081387352
2024-05-03,SPY,EWMA,0.08615078827024565,0.12517170011361872
2024-05-06,SPY,EWMA,0.0798057399313692,0.12614420092754475
2024-05-07,SPY,EWMA,0.08835609309242375,0.12415959822447412
2024-05-08,SPY,EWMA,0.08838428181346235,0.1222224348296174
2024-05-09,SPY,EWMA,0.08756845331567056,0.12107304411195036
2024-05-10,SPY,EWMA,0.08779363096261722,0.11916924386345155
2024-05-13,SPY,EWMA,0.08772851318175498,0.1173168876287529
2024-05-14,SPY,EWMA,0.09028967049936211,0.1159059810519803
2024-05-15,SPY,EWMA,0.08117940644382345,0.11828527234758517
2024-05-16,SPY,EWMA,0.0803143419869139,0.11682734257474331
2024-05-17,SPY,EWMA,0.08367878947264137,0.11498787067275704
2024-05-20,SPY,EWMA,0.08371617044477503,0.11317796315942193
2024-05-21,SPY,EWMA,0.08510930091643935,0.11143988085477124
2024-05-22,SPY,EWMA,0.08423959338571409,0.11031785398487123
2024-05-23,SPY,EWMA,0.0796739803063823,0.11116181668960738
2024-05-24,SPY,EWMA,0.07802824661847711,0.11053186078788478
2024-05-28,SPY,EWMA,0.07796908667114512,0.10879777289811834
2024-05-29,SPY,EWMA,0.070979130523689,0.1094597236794745
2024-05-30,SPY,EWMA,0.06711364198080214,0.10975111869279688
2024-05-31,SPY,EWMA,0.06200077603618593,0.11054788198692336
2024-06-03,SPY,EWMA,0.0642019861154092,0.10880707420619
2024-06-04,SPY,EWMA,0.06459396467984475,0.10709533652991661
2024-06-05,SPY,EWMA,0.05571951501781479,0.10970438330578812
2024-06-06,SPY,EWMA,0.055311681317217365,0.10803335964142148
2024-06-07,SPY,EWMA,0.054128744878037476,0.10654441253755746
2024-06-10,SPY,EWMA,0.06059232638571167,0.10500851467025138
2024-06-11,SPY,EWMA,0.0724025479980306,0.10341060836636931
2024-06-12,SPY,EWMA,0.07053007504400599,0.10360844556926414
2024-06-13,SPY,EWMA,0.07060020196825555,0.10198910837398625
2024-06-14,SPY,EWMA,0.07182363950250226,0.10041076779876172
2024-06-17,SPY,EWMA,0.08892385682035817,0.10047053734740313
2024-06-18,SPY,EWMA,0.09395680329005543,0.09892017033341767
2024-06-20,SPY,EWMA,0.09677129822473565,0.09812410069785565
2024-06-21,SPY,EWMA,0.10267226301314795,0.09690814969692463
2024-06-24,SPY,EWMA,0.10193382317536474,0.09627253364630818
2024-06-25,SPY,EWMA,0.13192363940994647,0.0950227698656774
2024-06-26,SPY,EWMA,0.13289278299048848,0.09352687465008337
2024-06-27,SPY,EWMA,0.13920591387268355,0.0920557694271299
2024-06-28,SPY,EWMA,0.13850746253846216,0.09180655487288081
2024-07-01,SPY,EWMA,0.1394490836858969,0.09039167005835634
2024-07-02,SPY,EWMA,0.14938365199442177,0.09026429717330711
2024-07-03,SPY,EWMA,0.15684174244953134,0.08924738980095066
2024-07-05,SPY,EWMA,0.16716263933884595,0.08863560407963299
2024-07-08,SPY,EWMA,0.19302335091622597,0.08724986121794161
2024-07-09,SPY,EWMA,0.19770503999144556,0.08589452859212382
2024-07-10,SPY,EWMA,0.19194857204304855,0.08760652840772569
2024-07-11,SPY,EWMA,0.21312526524135697,0.09106079176839764
2024-07-12,SPY,EWMA,0.21221068928474598,0.09060194429254657
2024-07-15,SPY,EWMA,0.2116321442814742,0.08922494187010394
2024-07-16,SPY,EWMA,0.22021365847055166,0.08859649137469297
2024-07-17,SPY,EWMA,0.21616646126542463,0.09787057068560158
2024-07-18,SPY,EWMA,0.22394211813448822,0.09957401806186111
2024-07-19,SPY,EWMA,0.22263528295130097,0.10033564923182135
2024-07-22,SPY,EWMA,0.2222188702714397,0.10219352715639322
2024-07-23,SPY,EWMA,0.22222591868447295,0.10086076064231245
2024-07-24,SPY,EWMA,0.20445339604592436,0.11959088247610741
2024-07-25,SPY,EWMA,0.20586894215326912,0.11870056444027002
2024-07-26,SPY,EWMA,0.20553055102171774,0.12079995558735389
2024-07-29,SPY,EWMA,0.20599528908410292,0.11889807371956237
2024-07-30,SPY,EWMA,0.2045509925333256,0.11803608784127786
2024-07-31,SPY,EWMA,0.1988846499423147,0.12426691583591268
2024-08-01,SPY,EWMA,0.19095464494332526,0.12928001543415205
2024-08-02,SPY,EWMA,0.17719994269556547,0.13791186939083006
2024-08-05,SPY,EWMA,0.15762159020322433,0.15832123201098539
2024-08-06,SPY,EWMA,0.15705465563008297,0.15848545515333304
2024-08-07,SPY,EWMA,0.15437627512817192,0.1568310528910367
2024-08-08,SPY,EWMA,0.15078217538866023,0.16811003824381154
2024-08-09,SPY,EWMA,0.1546952797089759,0.16598205658584078
2024-08-12,SPY,EWMA,0.15505424659848,0.16337934941767948
2024-08-13,SPY,EWMA,0.14866758599344576,0.16720662089018226
2024-08-14,SPY,EWMA,0.15075996279909526,0.1647552041891798
2024-08-15,SPY,EWMA,0.14000129692564903,0.1685716549184167
2024-08-16,SPY,EWMA,0.13992350015455196,0.16595426225959345
2024-08-19,SPY,EWMA,0.13604858536361433,0.1650474520071333
2024-08-20,SPY,EWMA,0.13638502784825918,0.16264950642675535
2024-08-21,SPY,EWMA,0.14844222267067045,0.160209697371096
2024-08-22,SPY,EWMA,0.14517880981958647,0.15972564009978962
2024-08-23,SPY,EWMA,0.14105501671425308,0.1594647839674847
2024-08-26,SPY,EWMA,0.14070193353155433,0.1572836490256995
2024-08-27,SPY,EWMA,0.141176951446401,0.1548077348884088
2024-08-28,SPY,EWMA,0.13925313322576116,0.15360643969561272
2024-08-29,SPY,EWMA,0.13955131900190343,0.15120610150689104
2024-08-30,SPY,EWMA,0.13660622422336938,0.15073038392125504
2024-09-03,SPY,EWMA,0.11654716252299223,0.16048423869444411
2024-09-04,SPY,EWMA,0.11584080410066537,0.1581162191086206
2024-09-05,SPY,EWMA,0.11557015487573587,0.15582908924275582
2024-09-06,SPY,EWMA,0.09455833669428937,0.160764840392902
2024-09-09,SPY,EWMA,0.09886216268222495,0.16135375793366907
2024-09-10,SPY,EWMA,0.10199361230218601,0.15924272523058638
2024-09-11,SPY,EWMA,0.09924514106870501,0.15915456221397878
2024-09-12,SPY,EWMA,0.09731507526742211,0.15814662245465533
2024-09-13,SPY,EWMA,0.09772059689375878,0.15613257890898974
2024-09-16,SPY,EWMA,0.10035638906335365,0.15368015308719557
2024-09-17,SPY,EWMA,0.10617209390487446,0.15126831574204294
2024-09-18,SPY,EWMA,0.1051497035613135,0.14928871132775295
2024-09-19,SPY,EWMA,0.0891957441183403,0.15360504025478136
2024-09-20,SPY,EWMA,0.08901034695268677,0.15142813419256604
2024-09-23,SPY,EWMA,0.0895562636886177,0.14908370727700634
2024-09-24,SPY,EWMA,0.08953760861647934,0.14680083155671309
2024-09-25,SPY,EWMA,0.09607386125699902,0.1448255630237436
2024-09-26,SPY,EWMA,0.09547410670037836,0.14274730501785113
2024-09-27,SPY,EWMA,0.09523893983139592,0.1407095985450029
2024-09-30,SPY,EWMA,0.09486864232713828,0.13870877213978786
2024-10-01,SPY,EWMA,0.0878267414942371,0.13950976151220776
2024-10-02,SPY,EWMA,0.08904893405626185,0.13732172010291824
2024-10-03,SPY,EWMA,0.11546539488952741,0.13538394486588542
2024-10-04,SPY,EWMA,0.11169537938426828,0.13517567334916533
2024-10-07,SPY,EWMA,0.10697188037646396,0.1360561817451718
2024-10-08,SPY,EWMA,0.11030459177015628,0.13603385137254873
2024-10-09,SPY,EWMA,0.13851279510071102,0.13486651864785534
2024-10-10,SPY,EWMA,0.1399081494692963,0.13300885560572645
2024-10-11,SPY,EWMA,0.13935632717080934,0.1315929676929175
2024-10-15,SPY,EWMA,0.13406952763173094,0.1319890413247297
2024-10-16,SPY,EWMA,0.13366785975628412,0.13023419506303885
2024-10-17,SPY,EWMA,0.13641657014560662,0.12821696504547178
2024-10-18,SPY,EWMA,0.1443875543931977,0.12642616314636443
2024-10-21,SPY,EWMA,0.14490284447804758,0.12468589648195198
2024-10-22,SPY,EWMA,0.14531107264448642,0.1228069612082259
2024-10-23,SPY,EWMA,0.14067343887695874,0.12418668749908428
2024-10-24,SPY,EWMA,0.141456158786216,0.12229520760215744
2024-10-25,SPY,EWMA,0.141474942559915,0.12040998196704794
2024-10-28,SPY,EWMA,0.14152626336886157,0.11869279148896399
2024-10-29,SPY,EWMA,0.14216600740290905,0.11684465655847245
2024-10-30,SPY,EWMA,0.14216802350078928,0.11550900305211222
2024-10-31,SPY,EWMA,0.11820837078276973,0.1272379571581679
2024-11-01,SPY,EWMA,0.11816339681000597,0.12576102399339487
2024-11-04,SPY,EWMA,0.11707410664678283,0.1239556347262518
2024-11-05,SPY,EWMA,0.11280681629713774,0.12640989587990661
2024-11-06,SPY,EWMA,0.0782454374168176,0.1412987559162238
2024-11-07,SPY,EWMA,0.07457634703192904,0.14022568371333202
2024-11-08,SPY,EWMA,0.07656886440157813,0.13824706780140225
2024-11-12,SPY,EWMA,0.08068937920095309,0.13668733690307064
2024-11-13,SPY,EWMA,0.0834975569813715,0.13455895849035002
2024-11-14,SPY,EWMA,0.07934715320642763,0.13422045133745028
2024-11-15,SPY,EWMA,0.06103190261797603,0.13775487709910086
2024-11-18,SPY,EWMA,0.06378888582029253,0.13591467930591183
2024-11-19,SPY,EWMA,0.1284116573433917,0.13400925371539055
2024-11-20,SPY,EWMA,0.1283867291770063,0.13190760581331706
2024-11-21,SPY,EWMA,0.13427659015233764,0.13042884356147194
2024-11-22,SPY,EWMA,0.1355503679874367,0.12850571813090503
2024-11-25,SPY,EWMA,0.1406528147277334,0.12664532946989823
2024-11-26,SPY,EWMA,0.1395414643331091,0.12516219047366753
2024-11-27,SPY,EWMA,0.14436863253241713,0.12377404085050203
2024-11-29,SPY,EWMA,0.14765648521756633,0.1226342008980099
2024-12-02,SPY,EWMA,0.14753716257357835,0.12071061685822
2024-12-03,SPY,EWMA,0.14743662329411603,0.11883310006892393
2024-12-04,SPY,EWMA,0.1532703308401107,0.11775554868519587
2024-12-05,SPY,EWMA,0.1551806515048676,0.1162193636820092
2024-12-06,SPY,EWMA,0.15924613913401003,0.11439927123858733
2024-12-09,SPY,EWMA,0.15892487761902233,0.11405331992865347
2024-12-10,SPY,EWMA,0.16675934520782557,0.1128852088616072
2024-12-11,SPY,EWMA,0.16355004016700087,0.11265188787854302
2024-12-12,SPY,EWMA,0.1635321667517067,0.11229964321787893
2024-12-13,SPY,EWMA,0.17791288090815777,0.11058417713474693
2024-12-16,SPY,EWMA,0.1769374303702228,0.10922197391446037
2024-12-17,SPY,EWMA,0.18078382888139197,0.10848149184916127
2024-12-18,SPY,EWMA,0.14498861016691197,0.13762812936269272
2024-12-19,SPY,EWMA,0.14548715968362913,0.13546263589251725
2024-12-20,SPY,EWMA,0.14129296323856422,0.13744467265177934
2024-12-23,SPY,EWMA,0.1411285054552132,0.1361902972674824
2024-12-24,SPY,EWMA,0.14596293261359006,0.137227676472905
2024-12-26,SPY,EWMA,0.149212506534159,0.1350832335078767
2024-12-27,SPY,EWMA,0.14484353651069853,0.1366849432824155
2024-12-30,SPY,EWMA,0.13845967319846583,0.13857086917363887
2024-12-31,SPY,EWMA,0.13940548937038497,0.13678186139071336
2025-01-02,SPY,EWMA,0.14176393886177058,0.13479642907454867
2025-01-03,SPY,EWMA,0.13707398792052247,0.13719036914207475
2025-01-06,SPY,EWMA,0.13639646561367016,0.1358846803984504
2025-01-07,SPY,EWMA,0.1288906400804066,0.1377322336348644
2025-01-08,SPY,EWMA,0.1343474406722921,0.1356175507849978
2025-01-10,SPY,EWMA,0.1209752682345623,0.14029131906600545
2025-01-13,SPY,EWMA,0.12105143811412197,0.1381843617411665
2025-01-14,SPY,EWMA,0.122468420669646,0.13608823112724383
2025-01-15,SPY,EWMA,0.11167026811702632,0.14328519668488196
2025-01-16,SPY,EWMA,0.11112446267738903,0.14116722533758866
2025-01-17,SPY,EWMA,0.10671198170031024,0.14156499652216567
2025-01-21,SPY,EWMA,0.10264329443904231,0.14135736370809474
2025-01-22,SPY,EWMA,0.10245344119317204,0.1397669386909691
2025-01-23,SPY,EWMA,0.11791792092653453,0.13812778317376745
2025-01-24,SPY,EWMA,0.11844904717906282,0.1364159164009501
2025-01-27,SPY,EWMA,0.10876773619439357,0.14080620276088557
2025-01-28,SPY,EWMA,0.10357690155574427,0.14038739677638795
2025-01-29,SPY,EWMA,0.11640049820378778,0.13894869651326416
2025-01-30,SPY,EWMA,0.1290769475678872,0.13739986286619568
2025-01-31,SPY,EWMA,0.14152531537914045,0.13629198916858545
2025-02-03,SPY,EWMA,0.14518749058340868,0.13567989590509358
2025-02-04,SPY,EWMA,0.14893220114358205,0.1347114226270453
2025-02-05,SPY,EWMA,0.15804527402108076,0.13295162545902664
2025-02-06,SPY,EWMA,0.1593128631050855,0.13109535723619417
2025-02-07,SPY,EWMA,0.1802802337986077,0.13195382062561564
2025-02-10,SPY,EWMA,0.17685554477867865,0.13107493938690554
2025-02-11,SPY,EWMA,0.179262801331437,0.1290112888446798
2025-02-12,SPY,EWMA,0.18231188763388523,0.12742985451162536
2025-02-13,SPY,EWMA,0.19606212526983302,0.12847885681436522
2025-02-14,SPY,EWMA,0.20001109273547565,0.1264780750771248
2025-02-18,SPY,EWMA,0.20001636205801832,0.1246297695545803
2025-02-19,SPY,EWMA,0.20593810143438135,0.12273819946124581
2025-02-20,SPY,EWMA,0.20596424502893257,0.12162597616200099
2025-02-21,SPY,EWMA,0.20012872372303614,0.12976808126209627
2025-02-24,SPY,EWMA,0.2129890891404105,0.12840373898114063
2025-02-25,SPY,EWMA,0.21314908853038533,0.12715028110629137
2025-02-26,SPY,EWMA,0.21622957223826814,0.1251601732717749
2025-02-27,SPY,EWMA,0.2098499334629244,0.13097969294317338
2025-02-28,SPY,EWMA,0.2101304336805726,0.13648111541171462
2025-03-03,SPY,EWMA,0.2056213114557326,0.14296232693943217
2025-03-04,SPY,EWMA,0.2028198508458972,0.14415714405955918
2025-03-05,SPY,EWMA,0.19997577676990194,0.14557566894659776
2025-03-06,SPY,EWMA,0.26006657358324964,0.15113649701474938
2025-03-07,SPY,EWMA,0.3274030372108872,0.14994531890317775
2025-03-10,SPY,EWMA,0.3184688047840861,0.16441673842327936
2025-03-11,SPY,EWMA,0.32055301908198264,0.16285667182828142
2025-03-12,SPY,EWMA,0.4924702515306555,0.16156797865186942
2025-03-13,SPY,EWMA,0.5152365541812697,0.16230378538879953
2025-03-14,SPY,EWMA,0.513708517978985,0.17166175597347566
2025-03-17,SPY,EWMA,0.5142736164186054,0.17084749597015028
2025-03-18,SPY,EWMA,0.5133050780115719,0.17032652956984004
2025-03-19,SPY,EWMA,0.5158889866295533,0.17108952399090954
2025-03-20,SPY,EWMA,0.5162003706901672,0.16847303950701956
2025-03-21,SPY,EWMA,0.521096038382067,0.16586835646570305
2025-03-24,SPY,EWMA,0.5263552363441533,0.17145662370671155
2025-03-25,SPY,EWMA,0.5305299483906587,0.16894677767926933
2025-03-26,SPY,EWMA,0.5364046683266049,0.16940460397432663
2025-03-27,SPY,EWMA,0.5373758046908687,0.1668211772585802
2025-03-28,SPY,EWMA,0.5327375884178915,0.1729651648981161
2025-03-31,SPY,EWMA,0.5326667064807427,0.17173302091301812
2025-04-01,SPY,EWMA,0.5325384798142789,0.16939292187016516
2025-04-02,SPY,EWMA,0.5326744134900682,0.1679771815060454
2025-04-03,SPY,EWMA,0.5008552900173643,0.21563783137053505
2025-04-04,SPY,EWMA,0.4439663381206718,0.2666211433587788
2025-04-07,SPY,EWMA,0.44601084393855595,0.2625069372249038
2025-04-08,SPY,EWMA,0.43917343723964125,0.2604120129784922
2025-04-09,SPY,EWMA,0.26572373324257387,0.3873979269796401
2025-04-10,SPY,EWMA,0.20258277112842749,0.40015336765721615
2025-04-11,SPY,EWMA,0.2221018419000746,0.3978692342509927
2025-04-14,SPY,EWMA,0.22140338488248743,0.39293118352586287
2025-04-15,SPY,EWMA,0.22015109047321987,0.3867580322453528
2025-04-16,SPY,EWMA,0.19585370800698718,0.3850738165707723
2025-04-17,SPY,EWMA,0.19516903932892923,0.3791486868762309
2025-04-21,SPY,EWMA,0.1610673750021826,0.37814375630031943
2025-04-22,SPY,EWMA,0.14973819162190966,0.38056595799033405
2025-04-23,SPY,EWMA,0.16569843963385728,0.37766452424088814
2025-04-24,SPY,EWMA,0.1540361399805229,0.3768364694345092
2025-04-25,SPY,EWMA,0.15726420587334095,0.3715547443149857
2025-04-28,SPY,EWMA,0.16948526069527087,0.36571066476535335
2025-04-29,SPY,EWMA,0.17228866746885824,0.36043636064718565
2025-04-30,SPY,EWMA,0.17205760111896237,0.3547640805543187
2025-05-01,SPY,EWMA,0.1720118084760766,0.3497628657967628
2025-05-02,SPY,EWMA,0.16650335272432126,0.3466836409427474
2025-05-05,SPY,EWMA,0.1641575010382074,0.34166449595224335
2025-05-06,SPY,EWMA,0.1592632360053639,0.33715070392758967
2025-05-07,SPY,EWMA,0.16173965224231068,0.3320451434489703
2025-05-08,SPY,EWMA,0.16327135223649766,0.32736345508707837
2025-05-09,SPY,EWMA,0.16271015844049308,0.3222398618575584
2025-05-12,SPY,EWMA,0.12067903496763864,0.32959725716845206
2025-05-13,SPY,EWMA,0.1202583277583022,0.32473796524593485
2025-05-14,SPY,EWMA,0.12065287661120125,0.3196241492300671
2025-05-15,SPY,EWMA,0.12777486643876895,0.3147328739826478
2025-05-16,SPY,EWMA,0.1301315734608339,0.3100566995769279
2025-05-19,SPY,EWMA,0.13421976738837407,0.305178690734401
2025-05-20,SPY,EWMA,0.13356180981704444,0.300704448354207
2025-05-21,SPY,EWMA,0.11742904002993193,0.3004372593944704
2025-05-22,SPY,EWMA,0.12136767220736683,0.29570997807963256
2025-05-23,SPY,EWMA,0.12143271502815368,0.29186174137602167
2025-05-27,SPY,EWMA,0.10092519947324488,0.29254436847147414
2025-05-28,SPY,EWMA,0.09944076028596958,0.28862049679987534
2025-05-29,SPY,EWMA,0.09974696512976244,0.28418466023097416
2025-05-30,SPY,EWMA,0.09932884813503765,0.2797831032644605
2025-06-02,SPY,EWMA,0.0990986999875451,0.2756612107845256
2025-06-03,SPY,EWMA,0.09864223149057173,0.2715993806436411
2025-06-04,SPY,EWMA,0.10019952746265834,0.26736229488005026
2025-06-05,SPY,EWMA,0.10317353542258108,0.2637157504839169
2025-06-06,SPY,EWMA,0.09939711691150922,0.26078605846463343
2025-06-09,SPY,EWMA,0.10035909915771475,0.25668327819011627
2025-06-10,SPY,EWMA,0.09954358851738322,0.2529155669325355
2025-06-11,SPY,EWMA,0.10000092772866773,0.24923489317615677
2025-06-12,SPY,EWMA,0.09972105822944098,0.24541252339673172
2025-06-13,SPY,EWMA,0.09019466036947844,0.24413713824256164
2025-06-16,SPY,EWMA,0.0861862889275232,0.24142032413879896
2025-06-17,SPY,EWMA,0.07785006484398833,0.23922447620573076
2025-06-18,SPY,EWMA,0.07815329505968416,0.23548056666874445
2025-06-20,SPY,EWMA,0.07600318094019531,0.23196086931042065
2025-06-23,SPY,EWMA,0.07181865590866776,0.2296557182729672
2025-06-24,SPY,EWMA,0.06826797477649471,0.2276806095442909
2025-06-25,SPY,EWMA,0.06834628453410416,0.22410982820204603
2025-06-26,SPY,EWMA,0.06558644775324937,0.22128373631326614
2025-06-27,SPY,EWMA,0.06509781970857667,0.21799208209795376
2025-06-30,SPY,EWMA,0.06586392577526451,0.21472227523896018
2025-07-01,SPY,EWMA,0.06626955736786093,0.21142774614298507
2025-07-02,SPY,EWMA,0.06750635129019071,0.2082372396277746
2025-07-03,SPY,EWMA,0.08699697225989123,0.2056321800187094
2025-07-07,SPY,EWMA,0.09839109524123761,0.20412922656217455
2025-07-08,SPY,EWMA,0.10053185714663875,0.20101731171248843
2025-07-09,SPY,EWMA,0.10186374401113382,0.19821148675870207
2025-07-10,SPY,EWMA,0.10167958107418647,0.19510941343932833
2025-07-11,SPY,EWMA,0.10361887649063652,0.19261922804541468
2025-07-14,SPY,EWMA,0.10412246020505113,0.18958664814428763
2025-07-15,SPY,EWMA,0.10766290276599562,0.18734123756677917
2025-07-16,SPY,EWMA,0.10768005877118081,0.18446122439931842
2025-07-17,SPY,EWMA,0.10647572251236379,0.18199499876855516
2025-07-18,SPY,EWMA,0.10704152193411604,0.1792573988771116
2025-07-21,SPY,EWMA,0.10713484433745231,0.17643580855139696
2025-07-22,SPY,EWMA,0.10962934282013924,0.17370699769864714
2025-07-23,SPY,EWMA,0.10645807156586193,0.1720410559983041
2025-07-24,SPY,EWMA,0.10755938688797291,0.16938140159087456
2025-07-25,SPY,EWMA,0.11961289267804441,0.1668538935807024
2025-07-28,SPY,EWMA,0.12092816239405736,0.16432898849127547
2025-07-29,SPY,EWMA,0.12105216677674333,0.1622069786915814
2025-07-30,SPY,EWMA,0.12091506243637622,0.1598555728610407
2025-07-31,SPY,EWMA,0.1199158247391699,0.15802891064632224
2025-08-01,SPY,EWMA,0.10387714885555177,0.1633329701615565
2025-08-04,SPY,EWMA,0.09628060687606392,0.16559561698324826
2025-08-05,SPY,EWMA,0.09509306496088253,0.1639428372235599
2025-08-06,SPY,EWMA,0.0957394844174268,0.1623927985885783
2025-08-07,SPY,EWMA,0.09661897155342052,0.15994308931958234
2025-08-08,SPY,EWMA,0.09360181654837323,0.15848089396160797
2025-08-11,SPY,EWMA,0.09308492116019004,0.15627019011834892
2025-08-12,SPY,EWMA,0.08647266222126768,0.15596677194640177
2025-08-13,SPY,EWMA,0.09011452201938708,0.1535943276715641
2025-08-14,SPY,EWMA,0.0901830008610953,0.15123761524393378
2025-08-15,SPY,EWMA,0.0905591184919509,0.1492607759308021
2025-08-18,SPY,EWMA,0.0909166009205396,0.14698602561298255
2025-08-19,SPY,EWMA,0.08797442436721647,0.14592874346466458
2025-08-20,SPY,EWMA,0.08722742288028895,0.14403457547478477
2025-08-21,SPY,EWMA,0.08499007975849075,0.14247847269135455
2025-08-22,SPY,EWMA,0.07076869206802168,0.14578399395942215
2025-08-25,SPY,EWMA,0.07206970079988691,0.1443904589699341
2025-08-26,SPY,EWMA,0.07347520812361638,0.1423586270985157
2025-08-27,SPY,EWMA,0.0763585524513417,0.1401434834321264
2025-08-28,SPY,EWMA,0.07769182167521856,0.13807402782291223
2025-08-29,SPY,EWMA,0.07316433228332313,0.13744073594862813
2025-09-02,SPY,EWMA,0.06526585130165108,0.13737792969140897
2025-09-03,SPY,EWMA,0.06430974838704727,0.13579710124123207
2025-09-04,SPY,EWMA,0.05987593115746621,0.13519090404223208
2025-09-05,SPY,EWMA,0.057799017851066274,0.13356506831250173
2025-09-08,SPY,EWMA,0.05810345764012421,0.13151317801946988
2025-09-09,SPY,EWMA,0.06133528355350295,0.12948072580159325
2025-09-10,SPY,EWMA,0.06314528857033493,0.12752730875315924
2025-09-11,SPY,EWMA,0.0601361609272244,0.1270299482859504
2025-09-12,SPY,EWMA,0.11796955419765216,0.12513126548423287
2025-09-15,SPY,EWMA,0.12885962599709902,0.12363530312581658
2025-09-16,SPY,EWMA,0.1288339786120433,0.12195971381074153
2025-09-17,SPY,EWMA,0.12950057598191725,0.1202733473961135
2025-09-18,SPY,EWMA,0.13112600791695045,0.11873378420338918
2025-09-19,SPY,EWMA,0.13150881020034935,0.11726242111611958
2025-09-22,SPY,EWMA,0.13561058926175845,0.11574638185405134
2025-09-23,SPY,EWMA,0.1338928513759678,0.1156430219522867
2025-09-24,SPY,EWMA,0.13484351679427806,0.11455297159389662
2025-09-25,SPY,EWMA,0.13471554198783942,0.11395280619272104
2025-09-26,SPY,EWMA,0.13610227120473695,0.11288344730153935
2025-09-29,SPY,EWMA,0.14113232729504147,0.11118823282863116
2025-09-30,SPY,EWMA,0.14096205038567275,0.10964850375372807
2025-10-01,SPY,EWMA,0.14083253175794505,0.10806661867781242
2025-10-02,SPY,EWMA,0.14762097226908003,0.10636803631407372
2025-10-03,SPY,EWMA,0.14784581491818308,0.10477174507979346
2025-10-06,SPY,EWMA,0.14756734134932623,0.10330019019351369
2025-10-07,SPY,EWMA,0.1536973730475357,0.10269198462536343
2025-10-08,SPY,EWMA,0.15277014095898128,0.10189678389664347
2025-10-09,SPY,EWMA,0.15747526941249368,0.10102135462451661
2025-10-10,SPY,EWMA,0.11986428109514802,0.12758572916688596
2025-10-14,SPY,EWMA,0.11990225556380409,0.1256593589450913
2025-10-15,SPY,EWMA,0.11945335523927698,0.1241967218511996
2025-10-16,SPY,EWMA,0.13286501996482833,0.12393117086227178
2025-10-17,SPY,EWMA,0.13167458129138854,0.12290109315208866
2025-10-20,SPY,EWMA,0.13083478598079393,0.12407476636898818
2025-10-21,SPY,EWMA,0.13386529510714162,0.12213892989901734
2025-10-22,SPY,EWMA,0.13380862130649207,0.12134441248140733
2025-10-23,SPY,EWMA,0.1416007967532943,0.12036860038677334
2025-10-24,SPY,EWMA,0.1433226124683011,0.12026906814285215
2025-10-27,SPY,EWMA,0.14712983085787606,0.12213059830424627
2025-10-28,SPY,EWMA,0.15133907721370138,0.12026863722288114
2025-10-29,SPY,EWMA,0.15378923838320843,0.1183973224834366
2025-10-30,SPY,EWMA,0.14996105020020128,0.12149798567736518
2025-10-31,SPY,EWMA,0.15045695285620636,0.11976676014823144
2025-11-03,SPY,EWMA,0.1504526549260908,0.1179070676896107
2025-11-04,SPY,EWMA,0.1442421438631058,0.12150519875795947
2025-11-05,SPY,EWMA,0.1438585269751836,0.11985615981571009
2025-11-06,SPY,EWMA,0.13756702556622796,0.12222020493358775
2025-11-07,SPY,EWMA,0.13835270258002347,0.12030907592563535
2025-11-10,SPY,EWMA,0.12727758476515083,0.12568594959060855
2025-11-12,SPY,EWMA,0.12935910032350406,0.12370877929783536
2025-11-13,SPY,EWMA,0.1203347583623272,0.13119891804037562
2025-11-14,SPY,EWMA,0.12056074561782466,0.12913825523425015
2025-11-17,SPY,EWMA,0.11545021554788557,0.12989281731930108
2025-11-18,SPY,EWMA,0.1186306515301543,0.1299622017150061
2025-11-19,SPY,EWMA,0.12056138964084155,0.12843967908565646
2025-11-20,SPY,EWMA,0.10687852432035534,0.1332964196032352
2025-11-21,SPY,EWMA,0.10413274079722719,0.13445384656033912
2025-11-24,SPY,EWMA,0.09365976408626599,0.1387143302209638
2025-11-25,SPY,EWMA,0.08940586766687655,0.13892079960426132
2025-11-26,SPY,EWMA,0.08700061392933467,0.13790623351738623
2025-11-28,SPY,EWMA,0.08667205882378452,0.13639329877266704
2025-12-01,SPY,EWMA,0.08487998221078318,0.13507223059756274
2025-12-02,SPY,EWMA,0.08940503770963246,0.13298934438217105
2025-12-03,SPY,EWMA,0.08879808773056376,0.13112708378109017
2025-12-04,SPY,EWMA,0.09178470290896676,0.1290619656035519
2025-12-05,SPY,EWMA,0.0937576163215622,0.12707007656862698
2025-12-08,SPY,EWMA,0.09387278065179513,0.1255125876852649
2025-12-09,SPY,EWMA,0.09375618179763544,0.12360871212256855
2025-12-10,SPY,EWMA,0.09374034938983009,0.12280268002265549
2025-12-11,SPY,EWMA,0.09359627230760294,0.12094313322436721
2025-12-12,SPY,EWMA,0.08412142224103006,0.1233842819377349
2025-12-15,SPY,EWMA,0.08632983671154014,0.12156810419888715
2025-12-16,SPY,EWMA,0.08549217434095335,0.11997595965007296
2025-12-17,SPY,EWMA,0.07294240004385917,0.12226833747653514
2025-12-18,SPY,EWMA,0.10428074852992539,0.1221679297498794
2025-12-19,SPY,EWMA,0.10734179735509206,0.12272586552819136
2025-12-22,SPY,EWMA,0.10667395013496248,0.12184286183676613
2025-12-23,SPY,EWMA,0.1054856850527175,0.12041521348033093
2025-12-24,SPY,EWMA,0.10629479372204263,0.11876264915030497
2025-12-26,SPY,EWMA,0.10713892131697007,0.11692320217097586
2025-12-29,SPY,EWMA,0.10614830288104406,0.11573333475919996
2025-12-30,SPY,EWMA,0.10635179157042272,0.11403585860244081
2025-12-31,SPY,EWMA,0.10306477952433298,0.11446867646779593
2023-12-28,QQQ,EWMA,0.14793403015233217,0.1426746643181462
2023-12-29,QQQ,EWMA,0.14949143537266227,0.14160106914729131
2024-01-02,QQQ,EWMA,0.15428864193854774,0.14913185957175934
2024-01-03,QQQ,EWMA,0.15083283288811514,0.1505591627113853
2024-01-04,QQQ,EWMA,0.15535201542761334,0.14918378326248075
2024-01-05,QQQ,EWMA,0.15619339239963764,0.14683766270209261
2024-01-08,QQQ,EWMA,0.14441298718195664,0.1545026249063527
2024-01-09,QQQ,EWMA,0.14680594472909791,0.1520762993773949
2024-01-10,QQQ,EWMA,0.14623241418355182,0.15040319757114673
2024-01-11,QQQ,EWMA,0.14821762295541882,0.1480396837728091
2024-01-12,QQQ,EWMA,0.15013581513825197,0.145742436003161
2024-01-16,QQQ,EWMA,0.16407676807811017,0.1435260798520581
2024-01-17,QQQ,EWMA,0.16395320276068015,0.1426868918813493
2024-01-18,QQQ,EWMA,0.1587274428182132,0.14486460142369478
2024-01-19,QQQ,EWMA,0.15023059134083236,0.1510468477283006
2024-01-22,QQQ,EWMA,0.15334753359528042,0.14869336687928675
2024-01-23,QQQ,EWMA,0.15362149411164716,0.1464452205160215
2024-01-24,QQQ,EWMA,0.18363216282235156,0.14441647839539007
2024-01-25,QQQ,EWMA,0.18428658286229177,0.14218128300999971
2024-01-26,QQQ,EWMA,0.18247554656768883,0.14186347967012394
2024-01-29,QQQ,EWMA,0.17961843390561688,0.14142430724296254
2024-01-30,QQQ,EWMA,0.178911135737215,0.14146021253411076
2024-01-31,QQQ,EWMA,0.16243040261672456,0.1519660032819051
2024-02-01,QQQ,EWMA,0.16522749189251115,0.15229698510379358
2024-02-02,QQQ,EWMA,0.15794280015678885,0.15563055999038597
2024-02-05,QQQ,EWMA,0.1727825753909349,0.15349000241672278
2024-02-06,QQQ,EWMA,0.17344272046560008,0.1515029699533929
2024-02-07,QQQ,EWMA,0.17754174918371307,0.15088709981260898
2024-02-08,QQQ,EWMA,0.18646328212790889,0.14851433426391877
2024-02-09,QQQ,EWMA,0.18388757406768752,0.1476938173549562
2024-02-12,QQQ,EWMA,0.18989585059277658,0.14644410893090623
2024-02-13,QQQ,EWMA,0.18256236737195006,0.1525708647997511
2024-02-14,QQQ,EWMA,0.17948397988817183,0.15231536270884888
2024-02-15,QQQ,EWMA,0.18470179012634977,0.14994253023069493
2024-02-16,QQQ,EWMA,0.18442710068001897,0.15078862572861174
2024-02-20,QQQ,EWMA,0.18176008019155612,0.15062305314808577
2024-02-21,QQQ,EWMA,0.18419701121937904,0.14900460170950178
2024-02-22,QQQ,EWMA,0.15548115448686023,0.16564437420220612
2024-02-23,QQQ,EWMA,0.1547976454462676,0.16363166174100596
2024-02-26,QQQ,EWMA,0.15563623953030273,0.16119699434911755
2024-02-27,QQQ,EWMA,0.15624929408441807,0.15866630393909303
2024-02-28,QQQ,EWMA,0.15483110307211817,0.15744410980522
2024-02-29,QQQ,EWMA,0.15263660639950832,0.15615410474889693
2024-03-01,QQQ,EWMA,0.14318332767493364,0.15796680629860163
2024-03-04,QQQ,EWMA,0.1459800130547106,0.15632204488979917
2024-03-05,QQQ,EWMA,0.12997171714220299,0.16379755548615962
2024-03-06,QQQ,EWMA,0.14015679748463156,0.1617773299921143
2024-03-07,QQQ,EWMA,0.1357120434050927,0.16359102070574172
2024-03-08,QQQ,EWMA,0.1251564728807901,0.1674770447460615
2024-03-11,QQQ,EWMA,0.1248069194203491,0.1654766237294425
2024-03-12,QQQ,EWMA,0.11804434046848357,0.16678669780575495
2024-03-13,QQQ,EWMA,0.1282146839733162,0.16625393926442672
2024-03-14,QQQ,EWMA,0.14103022102675916,0.1640067808940557
2024-03-15,QQQ,EWMA,0.14705142520133635,0.16559841087808616
2024-03-18,QQQ,EWMA,0.14249429595981336,0.16473757353800703
2024-03-19,QQQ,EWMA,0.14761138979868674,0.16218489232034308
2024-03-20,QQQ,EWMA,0.13961894330306027,0.16232540321930847
2024-03-21,QQQ,EWMA,0.15153508359226622,0.16001450521170976
2024-03-22,QQQ,EWMA,0.1583504832539659,0.15750045396527557
2024-03-25,QQQ,EWMA,0.17071419982311753,0.15570970422483318
2024-03-26,QQQ,EWMA,0.171826438463036,0.15381530475192348
2024-03-27,QQQ,EWMA,0.17092186360974557,0.1515045693158014
2024-03-28,QQQ,EWMA,0.18207584198965954,0.14938803304669923
2024-04-01,QQQ,EWMA,0.18271282588048118,0.14705388318279586
2024-04-02,QQQ,EWMA,0.19167727773751925,0.1473755766319702
2024-04-03,QQQ,EWMA,0.19191468198898134,0.14509641081840666
2024-04-04,QQQ,EWMA,0.19253105486330035,0.1499660219189232
2024-04-05,QQQ,EWMA,0.2016631157244084,0.15086170294091142
2024-04-08,QQQ,EWMA,0.20573409489956515,0.14849427771748788
2024-04-09,QQQ,EWMA,0.20526563520273697,0.14637011166088434
2024-04-10,QQQ,EWMA,0.2027851582351559,0.14657643009566323
2024-04-11,QQQ,EWMA,0.19442751902520705,0.15035380226305872
2024-04-12,QQQ,EWMA,0.1856478118450061,0.1555236074772698
2024-04-15,QQQ,EWMA,0.17445245174932295,0.16035701229717653
2024-04-16,QQQ,EWMA,0.17527643227444004,0.15783162723591374
2024-04-17,QQQ,EWMA,0.17365140526414485,0.15908427812668274
2024-04-18,QQQ,EWMA,0.1716531477365092,0.15729252092616028
2024-04-19,QQQ,EWMA,0.14705812318763511,0.16489688379949125
2024-04-22,QQQ,EWMA,0.14587619316030112,0.16524698138540073
2024-04-23,QQQ,EWMA,0.14042938616961925,0.1683559284377833
2024-04-24,QQQ,EWMA,0.14103936386929214,0.1660240116987385
2024-04-25,QQQ,EWMA,0.14078867801558723,0.16391951470328484
2024-04-26,QQQ,EWMA,0.13558697154663277,0.16712503794739428
2024-04-29,QQQ,EWMA,0.13556257813045997,0.16485244780084046
2024-04-30,QQQ,EWMA,0.11481185133322816,0.17092492492373038
2024-05-01,QQQ,EWMA,0.11979570414455713,0.16933265564180028
2024-05-02,QQQ,EWMA,0.11597811429912486,0.17069134995885943
2024-05-03,QQQ,EWMA,0.09739614395185332,0.17702508025089495
2024-05-06,QQQ,EWMA,0.09163478675355533,0.17663005285130892
2024-05-07,QQQ,EWMA,0.11221071466260607,0.17385780531568548
2024-05-08,QQQ,EWMA,0.11212242756651916,0.17116297903471886
2024-05-09,QQQ,EWMA,0.11279359940375647,0.16851442643060496
2024-05-10,QQQ,EWMA,0.11293612284943949,0.16591753263889292
2024-05-13,QQQ,EWMA,0.11396843505884025,0.16335527785171663
2024-05-14,QQQ,EWMA,0.11908430076767663,0.1615166078012652
2024-05-15,QQQ,EWMA,0.11014959456650895,0.16398414837406874
2024-05-16,QQQ,EWMA,0.10912536021387668,0.16170308930658436
2024-05-17,QQQ,EWMA,0.11306307268615662,0.15924317714707623
2024-05-20,QQQ,EWMA,0.1128769690226113,0.15751067497714719
2024-05-21,QQQ,EWMA,0.11937872790702095,0.15503481861103793
2024-05-22,QQQ,EWMA,0.12051036173143698,0.15266901780993622
2024-05-23,QQQ,EWMA,0.1282247064060751,0.15118587859798127
2024-05-24,QQQ,EWMA,0.12985027809207242,0.1505134160576182
2024-05-28,QQQ,EWMA,0.12974674081000623,0.14827268119782216
2024-05-29,QQQ,EWMA,0.12495240363510175,0.14792799654344121
2024-05-30,QQQ,EWMA,0.11834286196552972,0.14945307666904398
2024-05-31,QQQ,EWMA,0.1172653085450666,0.14730950129172501
2024-06-03,QQQ,EWMA,0.11974091147925774,0.14552510178119535
2024-06-04,QQQ,EWMA,0.12078315362857979,0.14331305945997722
2024-06-05,QQQ,EWMA,0.10806487982527596,0.15054287867492874
2024-06-06,QQQ,EWMA,0.10721547448480738,0.1482770109106425
2024-06-07,QQQ,EWMA,0.10641808540412032,0.14610523649669022
2024-06-10,QQQ,EWMA,0.10902520177284244,0.14397424156335076
2024-06-11,QQQ,EWMA,0.14256311984406794,0.14245642042412482
2024-06-12,QQQ,EWMA,0.13779490709999442,0.14366989934729135
2024-06-13,QQQ,EWMA,0.1372963418532563,0.1417041338478766
2024-06-14,QQQ,EWMA,0.13691765695951547,0.13971444838080171
2024-06-17,QQQ,EWMA,0.17155689666935792,0.14023170212875571
2024-06-18,QQQ,EWMA,0.17227030851706326,0.13817256863692004
2024-06-20,QQQ,EWMA,0.1729666926445,0.13897683808582217
2024-06-21,QQQ,EWMA,0.18106624895370127,0.13746830921390646
2024-06-24,QQQ,EWMA,0.17637042782757284,0.1404416951492161
2024-06-25,QQQ,EWMA,0.2155341089216165,0.1408561373306488
2024-06-26,QQQ,EWMA,0.21753746266887433,0.13863814422043627
2024-06-27,QQQ,EWMA,0.22147941265016957,0.13646577349222846
2024-06-28,QQQ,EWMA,0.2215633591456662,0.1357953963434623
2024-07-01,QQQ,EWMA,0.22377159993925724,0.13414299909019886
2024-07-02,QQQ,EWMA,0.24691074381833727,0.13416783539764157
2024-07-03,QQQ,EWMA,0.2566404169272072,0.1331628840753971
2024-07-05,QQQ,EWMA,0.26132985222198263,0.13296127083309559
2024-07-08,QQQ,EWMA,0.27443694132245006,0.13086860998602085
2024-07-09,QQQ,EWMA,0.2792517909045216,0.128896343795652
2024-07-10,QQQ,EWMA,0.27261408646608876,0.12873248453879016
2024-07-11,QQQ,EWMA,0.29687127005865926,0.1444955390360401
2024-07-12,QQQ,EWMA,0.29657492395315016,0.14262612543700695
2024-07-15,QQQ,EWMA,0.29640485789755416,0.14038886104416887
2024-07-16,QQQ,EWMA,0.3137861589459784,0.13826373125410732
2024-07-17,QQQ,EWMA,0.29816388172814884,0.16246293446985388
2024-07-18,QQQ,EWMA,0.3128298345978685,0.1607248108566634
2024-07-19,QQQ,EWMA,0.31130034092515557,0.1605308007400965
2024-07-22,QQQ,EWMA,0.3102634310655813,0.1628701755516392
2024-07-23,QQQ,EWMA,0.31009570957134497,0.16080886369296785
2024-07-24,QQQ,EWMA,0.2786833611167015,0.1894946981034612
2024-07-25,QQQ,EWMA,0.2822546651188592,0.1889248696701747
2024-07-26,QQQ,EWMA,0.2824931484944674,0.18837259863085087
2024-07-29,QQQ,EWMA,0.2854524824047546,0.18551472802434216
2024-07-30,QQQ,EWMA,0.279884035641168,0.18649079994678566
2024-07-31,QQQ,EWMA,0.2643960030511884,0.20142784791671908
2024-08-01,QQQ,EWMA,0.2481713460382236,0.20995526749666502
2024-08-02,QQQ,EWMA,0.23199085076087533,0.21679903279079857
2024-08-05,QQQ,EWMA,0.23306439750742639,0.22820887433210377
2024-08-06,QQQ,EWMA,0.23250623721540775,0.2269359242169752
2024-08-07,QQQ,EWMA,0.22731236735122895,0.22480504546507998
2024-08-08,QQQ,EWMA,0.22735025070011258,0.23870873253012684
2024-08-09,QQQ,EWMA,0.23117488703648356,0.23559152551599735
2024-08-12,QQQ,EWMA,0.23320866023946493,0.232030676420942
2024-08-13,QQQ,EWMA,0.22934242680564224,0.23895719189824868
2024-08-14,QQQ,EWMA,0.23160409857605938,0.2351951528593471
2024-08-15,QQQ,EWMA,0.21443011954727925,0.24164734966381263
2024-08-16,QQQ,EWMA,0.21496843471974567,0.23784501553033674
2024-08-19,QQQ,EWMA,0.20925945453344733,0.23655323911486859
2024-08-20,QQQ,EWMA,0.20959240213798075,0.23301188331434022
2024-08-21,QQQ,EWMA,0.22833523528995187,0.22955286468977165
2024-08-22,QQQ,EWMA,0.2205284141428248,0.2309650370972696
2024-08-23,QQQ,EWMA,0.2175078202968206,0.22905788584724793
2024-08-26,QQQ,EWMA,0.21462658271034818,0.22743414831235736
2024-08-27,QQQ,EWMA,0.21451321540402865,0.22394464933981645
2024-08-28,QQQ,EWMA,0.21044650204322604,0.2230017298364857
2024-08-29,QQQ,EWMA,0.21183270153816514,0.2195488187691476
2024-08-30,QQQ,EWMA,0.20851238621560536,0.2184670657965852
2024-09-03,QQQ,EWMA,0.18087795868458453,0.23222461933085953
2024-09-04,QQQ,EWMA,0.1800433409977717,0.2286559267073209
2024-09-05,QQQ,EWMA,0.1803154417704913,0.2250848351621745
2024-09-06,QQQ,EWMA,0.14579414244263458,0.23377451637876612
2024-09-09,QQQ,EWMA,0.1512755051576264,0.23335303477493327
2024-09-10,QQQ,EWMA,0.15557820943904618,0.2313415488914682
2024-09-11,QQQ,EWMA,0.14131666133354942,0.23573488984644358
2024-09-12,QQQ,EWMA,0.13928865787297257,0.23353127235996493
2024-09-13,QQQ,EWMA,0.13900799705520608,0.2301128668817851
2024-09-16,QQQ,EWMA,0.13865887877230776,0.22693285913044056
2024-09-17,QQQ,EWMA,0.1498267961399569,0.22335889602516548
2024-09-18,QQQ,EWMA,0.14820262681916094,0.22025535320639206
2024-09-19,QQQ,EWMA,0.12107173724505006,0.22735850227131227
2024-09-20,QQQ,EWMA,0.12219738250397541,0.22393707270157306
2024-09-23,QQQ,EWMA,0.12211839007974526,0.22045610732156157
2024-09-24,QQQ,EWMA,0.12139723491799377,0.21723235098146973
2024-09-25,QQQ,EWMA,0.1348322253526639,0.21381250692363332
2024-09-26,QQQ,EWMA,0.13526791326321413,0.21117346559358507
2024-09-27,QQQ,EWMA,0.1348903274465979,0.20874919508638323
2024-09-30,QQQ,EWMA,0.13473353570020705,0.20550620188050833
2024-10-01,QQQ,EWMA,0.12617261746340727,0.20667737604441375
2024-10-02,QQQ,EWMA,0.13062225613808023,0.20343096325423649
2024-10-03,QQQ,EWMA,0.16213278997510078,0.20027126997332775
2024-10-04,QQQ,EWMA,0.1586404738173196,0.19953046916680464
2024-10-07,QQQ,EWMA,0.15394208275718954,0.19913210975719567
2024-10-08,QQQ,EWMA,0.15144193382742252,0.19990593126693526
2024-10-09,QQQ,EWMA,0.17680218073077456,0.19764066696769103
2024-10-10,QQQ,EWMA,0.18368184789379782,0.19465056644218956
2024-10-11,QQQ,EWMA,0.18370199000699772,0.19158677432013646
2024-10-15,QQQ,EWMA,0.17410793157881105,0.19297949077538992
2024-10-16,QQQ,EWMA,0.17440254530169183,0.18995006264994155
2024-10-17,QQQ,EWMA,0.17733767051020938,0.1869587498523709
2024-10-18,QQQ,EWMA,0.19846971293129065,0.184707640578473
2024-10-21,QQQ,EWMA,0.1998309234723173,0.18181788756769504
2024-10-22,QQQ,EWMA,0.2011153388923603,0.1789546089820867
2024-10-23,QQQ,EWMA,0.19195403813424072,0.1819902842788979
2024-10-24,QQQ,EWMA,0.19056934915628415,0.1803655059121679
2024-10-25,QQQ,EWMA,0.18973292703324332,0.17814859815648362
2024-10-28,QQQ,EWMA,0.18971205738686045,0.1753547607086283
2024-10-29,QQQ,EWMA,0.18780595699613942,0.17428166600060382
2024-10-30,QQQ,EWMA,0.1880001612323039,0.1732496428617471
2024-10-31,QQQ,EWMA,0.1615487854813489,0.18572815602312787
2024-11-01,QQQ,EWMA,0.16335746265396292,0.1839384602583742
2024-11-04,QQQ,EWMA,0.1619648119833608,0.18125926119330407
2024-11-05,QQQ,EWMA,0.16166464988107915,0.1817696919831407
2024-11-06,QQQ,EWMA,0.13612667646542154,0.1932467915762948
2024-11-07,QQQ,EWMA,0.12883370178653442,0.19429080687108047
2024-11-08,QQQ,EWMA,0.13279202527122996,0.19123974933595933
2024-11-12,QQQ,EWMA,0.14621185332860917,0.18849739748947736
2024-11-13,QQQ,EWMA,0.14872299553042534,0.18571440172609352
2024-11-14,QQQ,EWMA,0.14687402352241793,0.18434215745961763
2024-11-15,QQQ,EWMA,0.1159769844871332,0.19478195434249404
2024-11-18,QQQ,EWMA,0.11915410386636074,0.19253697944951847
2024-11-19,QQQ,EWMA,0.18497817786839243,0.19026894347049708
2024-11-20,QQQ,EWMA,0.1860059418066995,0.1873192463808066
2024-11-21,QQQ,EWMA,0.1877928886486956,0.1845233853459474
2024-11-22,QQQ,EWMA,0.19012767938981598,0.18162597109554193
2024-11-25,QQQ,EWMA,0.194624268064774,0.1787731993098696
2024-11-26,QQQ,EWMA,0.19456133617784824,0.17637406086454385
2024-11-27,QQQ,EWMA,0.19918890178188467,0.17541355583873217
2024-11-29,QQQ,EWMA,0.2043215020823302,0.17404307034958139
2024-12-02,QQQ,EWMA,0.2030862120962171,0.17342859327335453
2024-12-03,QQQ,EWMA,0.2027606788898625,0.17075930887902924
2024-12-04,QQQ,EWMA,0.20652658107218477,0.1707520686574389
2024-12-05,QQQ,EWMA,0.21044747340071307,0.16854462518494354
2024-12-06,QQQ,EWMA,0.21748192804420283,0.16711523065184128
2024-12-09,QQQ,EWMA,0.21600624774902222,0.16668584354567417
2024-12-10,QQQ,EWMA,0.22252376277680797,0.16464849275336182
2024-12-11,QQQ,EWMA,0.2109647290744163,0.16830597301668385
2024-12-12,QQQ,EWMA,0.21041592516488455,0.1673011310527859
2024-12-13,QQQ,EWMA,0.22586413140064032,0.16549884912056223
2024-12-16,QQQ,EWMA,0.21898742299325946,0.16653487416460455
2024-12-17,QQQ,EWMA,0.2289327236692695,0.1649572587408197
2024-12-18,QQQ,EWMA,0.18752378993041982,0.19498517569136775
2024-12-19,QQQ,EWMA,0.19090675127047965,0.1924783222951834
2024-12-20,QQQ,EWMA,0.18914820971711735,0.19076314629024377
2024-12-23,QQQ,EWMA,0.188081125525744,0.18934508750398674
2024-12-24,QQQ,EWMA,0.2098885566575865,0.1894749656000824
2024-12-26,QQQ,EWMA,0.21762380401367337,0.1865960058057446
2024-12-27,QQQ,EWMA,0.21253263621812904,0.18827293543898593
2024-12-30,QQQ,EWMA,0.20713180217900323,0.189609129612145
2024-12-31,QQQ,EWMA,0.20444723940643716,0.18834040674047506
2025-01-02,QQQ,EWMA,0.20676615110727992,0.1854806691171335
2025-01-03,QQQ,EWMA,0.20323113250912447,0.18791923418878148
2025-01-06,QQQ,EWMA,0.19978647954625878,0.18734315725703743
2025-01-07,QQQ,EWMA,0.1883661703356258,0.19188302173062152
2025-01-08,QQQ,EWMA,0.19488402509942485,0.18886280420300186
2025-01-10,QQQ,EWMA,0.18849062672877526,0.19132364600563648
2025-01-13,QQQ,EWMA,0.18819935688460745,0.18851698205977743
2025-01-14,QQQ,EWMA,0.18794027246487993,0.18556140208187785
2025-01-15,QQQ,EWMA,0.17782739559685604,0.19346684054022162
2025-01-16,QQQ,EWMA,0.17485241185702177,0.1915834625434489
2025-01-17,QQQ,EWMA,0.16644098367086238,0.19403731954478876
2025-01-21,QQQ,EWMA,0.1657557944071955,0.19149409498326406
2025-01-22,QQQ,EWMA,0.1612624440554878,0.19128652412030703
2025-01-23,QQQ,EWMA,0.17819619890742427,0.18828652020196776
2025-01-24,QQQ,EWMA,0.1818529990885975,0.18635307783123517
2025-01-27,QQQ,EWMA,0.1544387012622354,0.20234941758430977
2025-01-28,QQQ,EWMA,0.1447260937232546,0.20320443208244685
2025-01-29,QQQ,EWMA,0.1745664962779778,0.20012719582341762
2025-01-30,QQQ,EWMA,0.1844257311153803,0.19724341271912946
2025-01-31,QQQ,EWMA,0.19850183735535623,0.1942276704442119
2025-02-03,QQQ,EWMA,0.19743459935697175,0.19267835453212642
2025-02-04,QQQ,EWMA,0.19817913902724596,0.19249752892967456
2025-02-05,QQQ,EWMA,0.21620406570618747,0.18976370571903542
2025-02-06,QQQ,EWMA,0.21750403809599303,0.187172090497961
2025-02-07,QQQ,EWMA,0.2505589994256479,0.18810938217777465
2025-02-10,QQQ,EWMA,0.24262516130602693,0.1878914945553384
2025-02-11,QQQ,EWMA,0.2498367443608055,0.18515807885806673
2025-02-12,QQQ,EWMA,0.25302870110854603,0.18224295503001386
2025-02-13,QQQ,EWMA,0.26524634341242764,0.18326499836719484
2025-02-14,QQQ,EWMA,0.26647252896444334,0.18056923053100385
2025-02-18,QQQ,EWMA,0.2679682583837877,0.17774553075512292
2025-02-19,QQQ,EWMA,0.27612964154620484,0.1749709397510267
2025-02-20,QQQ,EWMA,0.2762082267233154,0.17290849866459743
2025-02-21,QQQ,EWMA,0.27181769030751846,0.1809682471526671
2025-02-24,QQQ,EWMA,0.2855193783041056,0.18138676259939446
2025-02-25,QQQ,EWMA,0.2845476338882483,0.1820153609665359
2025-02-26,QQQ,EWMA,0.2900278262858372,0.17931328587133089
2025-02-27,QQQ,EWMA,0.274681154760026,0.19283375946017628
2025-02-28,QQQ,EWMA,0.27999207758827815,0.1954751951774263
2025-03-03,QQQ,EWMA,0.27182500764979156,0.20150997438544865
2025-03-04,QQQ,EWMA,0.27454271013297393,0.19839580358952782
2025-03-05,QQQ,EWMA,0.2710800499648258,0.19928052775953323
2025-03-06,QQQ,EWMA,0.31776846667341596,0.21006263620926238
2025-03-07,QQQ,EWMA,0.37943502100040344,0.2082865922631541
2025-03-10,QQQ,EWMA,0.3612490079461675,0.23079946452390893
2025-03-11,QQQ,EWMA,0.3638390857443592,0.22716561898312615
2025-03-12,QQQ,EWMA,0.5576652720958364,0.22688782817795392
2025-03-13,QQQ,EWMA,0.574910192843233,0.22769113104642902
2025-03-14,QQQ,EWMA,0.5718433409153606,0.23600733712149413
2025-03-17,QQQ,EWMA,0.5719059966497647,0.23344487361949373
2025-03-18,QQQ,EWMA,0.5694030514466117,0.23383203010965625
2025-03-19,QQQ,EWMA,0.575369736037488,0.23410168992733887
2025-03-20,QQQ,EWMA,0.5755200148368026,0.23046833462166427
2025-03-21,QQQ,EWMA,0.5797118464286319,0.22725839341376805
2025-03-24,QQQ,EWMA,0.582482399000269,0.2328342470480771
2025-03-25,QQQ,EWMA,0.5895202716878153,0.22987578380233534
2025-03-26,QQQ,EWMA,0.5973219632683802,0.23173208710937493
2025-03-27,QQQ,EWMA,0.5988329507077202,0.22843685398554947
2025-03-28,QQQ,EWMA,0.5910701986638923,0.23569158876186633
2025-03-31,QQQ,EWMA,0.5914767827853745,0.23204919836384286
2025-04-01,QQQ,EWMA,0.5908446057887247,0.23010151024422584
2025-04-02,QQQ,EWMA,0.5920840074996633,0.2278525976634598
2025-04-03,QQQ,EWMA,0.5558761310689808,0.2693725839333536
2025-04-04,QQQ,EWMA,0.496405816786787,0.31489704850691497
2025-04-07,QQQ,EWMA,0.4995828059036485,0.31062482671602887
2025-04-08,QQQ,EWMA,0.49126457624669484,0.3080001643449446
2025-04-09,QQQ,EWMA,0.29282938908487655,0.44815719482286226
2025-04-10,QQQ,EWMA,0.23839460067641424,0.456318392831621
2025-04-11,QQQ,EWMA,0.26584858175466936,0.45294161374294756
2025-04-14,QQQ,EWMA,0.26799923240035856,0.44649598731829937
2025-04-15,QQQ,EWMA,0.26738366498941096,0.43954233662519804
2025-04-16,QQQ,EWMA,0.23059731112557347,0.4400120174118181
2025-04-17,QQQ,EWMA,0.229073135627526,0.4331378553480357
2025-04-21,QQQ,EWMA,0.19535974449223267,0.43087972052883833
2025-04-22,QQQ,EWMA,0.18995503787128856,0.4318213522981426
2025-04-23,QQQ,EWMA,0.1968149481797719,0.43059674553366095
2025-04-24,QQQ,EWMA,0.17966620230666316,0.43162517419812646
2025-04-25,QQQ,EWMA,0.1846491526037431,0.4260911297495806
2025-04-28,QQQ,EWMA,0.19636685466036644,0.4193806141218886
2025-04-29,QQQ,EWMA,0.19900764642935745,0.41322332373785264
2025-04-30,QQQ,EWMA,0.19851972516653668,0.4067154665839567
2025-05-01,QQQ,EWMA,0.19696433233099828,0.4019642045738498
2025-05-02,QQQ,EWMA,0.19335613820627798,0.3976693841273788
2025-05-05,QQQ,EWMA,0.19067695718653455,0.39185109007982316
2025-05-06,QQQ,EWMA,0.18409288218048006,0.38666117962347646
2025-05-07,QQQ,EWMA,0.18916750898117962,0.3807098871881691
2025-05-08,QQQ,EWMA,0.18894251286739205,0.37573121139623755
2025-05-09,QQQ,EWMA,0.18838396262384544,0.36983192788711555
2025-05-12,QQQ,EWMA,0.13375514779592948,0.38010911583555196
2025-05-13,QQQ,EWMA,0.12657721311625444,0.3759452253100846
2025-05-14,QQQ,EWMA,0.12556677059228044,0.37016889718150187
2025-05-15,QQQ,EWMA,0.1351354617713354,0.3643565114047695
2025-05-16,QQQ,EWMA,0.14247018013825527,0.358661724405728
2025-05-19,QQQ,EWMA,0.14774234449334456,0.35303598312328405
2025-05-20,QQQ,EWMA,0.1470276558726066,0.34783748709560813
2025-05-21,QQQ,EWMA,0.13768933845820788,0.3453074444873777
2025-05-22,QQQ,EWMA,0.14127827420936473,0.3398696379800105
2025-05-23,QQQ,EWMA,0.14260474180691415,0.33591154294408215
2025-05-27,QQQ,EWMA,0.12081758179459667,0.33620597827546395
2025-05-28,QQQ,EWMA,0.12105203950148395,0.3313997786047417
2025-05-29,QQQ,EWMA,0.12105743478704663,0.3261808117865484
2025-05-30,QQQ,EWMA,0.12065587585198424,0.321183387045922
2025-06-02,QQQ,EWMA,0.12590229842777828,0.3165886014684804
2025-06-03,QQQ,EWMA,0.12544661202740467,0.3120321553891987
2025-06-04,QQQ,EWMA,0.12828691703881448,0.3071239990698989
2025-06-05,QQQ,EWMA,0.12829308957626553,0.30348351791017597
2025-06-06,QQQ,EWMA,0.12562376592765354,0.299516039741401
2025-06-09,QQQ,EWMA,0.12679420946894698,0.2948035041489745
2025-06-10,QQQ,EWMA,0.12648292760082283,0.29043724369569385
2025-06-11,QQQ,EWMA,0.12591113099424484,0.28628169436357304
2025-06-12,QQQ,EWMA,0.1260305141469681,0.281774591981534
2025-06-13,QQQ,EWMA,0.11354297141879789,0.28032186493351646
2025-06-16,QQQ,EWMA,0.10591253195708328,0.2780079739674593
2025-06-17,QQQ,EWMA,0.09782203570318487,0.275576232764904
2025-06-18,QQQ,EWMA,0.09820783017434924,0.2712798325877891
2025-06-20,QQQ,EWMA,0.09475907363357892,0.26746462878205574
2025-06-23,QQQ,EWMA,0.09599021734663023,0.2644114290381022
2025-06-24,QQQ,EWMA,0.08439643759176886,0.26296791939322967
2025-06-25,QQQ,EWMA,0.0843848595336557,0.2588302463588134
2025-06-26,QQQ,EWMA,0.08007425094521814,0.2555507592128273
2025-06-27,QQQ,EWMA,0.08000197561701189,0.2515456659868621
2025-06-30,QQQ,EWMA,0.07885663815937702,0.24785097441224235
2025-07-01,QQQ,EWMA,0.0697489773541582,0.2458349292602776
2025-07-02,QQQ,EWMA,0.07151176393565419,0.24233628120138925
2025-07-03,QQQ,EWMA,0.09752189716273069,0.23943877705431943
2025-07-07,QQQ,EWMA,0.1135225674792853,0.2373268687682415
2025-07-08,QQQ,EWMA,0.11693685721085112,0.23363296459512872
2025-07-09,QQQ,EWMA,0.12233328939083304,0.23036102808917494
2025-07-10,QQQ,EWMA,0.12226220357474216,0.2269704746930421
2025-07-11,QQQ,EWMA,0.1247420511039249,0.22373535924199778
2025-07-14,QQQ,EWMA,0.12565565422452388,0.2202560594571764
2025-07-15,QQQ,EWMA,0.13155250378610175,0.21681158461598615
2025-07-16,QQQ,EWMA,0.13161992976362186,0.2134160376755524
2025-07-17,QQQ,EWMA,0.12997421121027855,0.210728259263719
2025-07-18,QQQ,EWMA,0.13143660859819972,0.20759665032344823
2025-07-21,QQQ,EWMA,0.1308093915030525,0.2045055228147723
2025-07-22,QQQ,EWMA,0.13941346087569703,0.20233360029555433
2025-07-23,QQQ,EWMA,0.14055785620701228,0.19927669554165695
2025-07-24,QQQ,EWMA,0.1413683320795696,0.19613839703419855
2025-07-25,QQQ,EWMA,0.15152242669876337,0.1930518908160831
2025-07-28,QQQ,EWMA,0.15164131273617107,0.19003428284183374
2025-07-29,QQQ,EWMA,0.15207727062329773,0.1873168070611458
2025-07-30,QQQ,EWMA,0.15209379346972973,0.18437546455807904
2025-07-31,QQQ,EWMA,0.15178673513933508,0.1825989172038741
2025-08-01,QQQ,EWMA,0.1389631276367094,0.1895452649584772
2025-08-04,QQQ,EWMA,0.12800185413141776,0.1926251133273062
2025-08-05,QQQ,EWMA,0.12801907102709734,0.19103197370750818
2025-08-06,QQQ,EWMA,0.12435468547045463,0.19057807961773432
2025-08-07,QQQ,EWMA,0.12398929985888504,0.18763600570879765
2025-08-08,QQQ,EWMA,0.12083389926527609,0.18587284274658183
2025-08-11,QQQ,EWMA,0.12046050265329154,0.18346096433970693
2025-08-12,QQQ,EWMA,0.11206751981592648,0.18300002867453977
2025-08-13,QQQ,EWMA,0.11391236617572703,0.180176677645139
2025-08-14,QQQ,EWMA,0.11473319010296502,0.17751974591584274
2025-08-15,QQQ,EWMA,0.11644390870472388,0.1756352018828175
2025-08-18,QQQ,EWMA,0.11653740270620999,0.17297844466230425
2025-08-19,QQQ,EWMA,0.10342218008453935,0.17557113963932777
2025-08-20,QQQ,EWMA,0.10216982809220501,0.1739696191030636
2025-08-21,QQQ,EWMA,0.09952556276894849,0.17195710234723277
2025-08-22,QQQ,EWMA,0.08930001611183089,0.17396686140843162
2025-08-25,QQQ,EWMA,0.09331191755294597,0.17162540062932166
2025-08-26,QQQ,EWMA,0.09543833128619524,0.1691061433003263
2025-08-27,QQQ,EWMA,0.09809850209543729,0.16644458570777068
2025-08-28,QQQ,EWMA,0.09709626940879514,0.16440575645136796
2025-08-29,QQQ,EWMA,0.08377193031529485,0.1658591973445583
2025-09-02,QQQ,EWMA,0.0732199185258215,0.16534776691091568
2025-09-03,QQQ,EWMA,0.0713452413093247,0.16394356264936863
2025-09-04,QQQ,EWMA,0.06779634842558135,0.16291558407027468
2025-09-05,QQQ,EWMA,0.07197320123534275,0.16035123764587647
2025-09-08,QQQ,EWMA,0.07375915343540812,0.15815421273805685
2025-09-09,QQQ,EWMA,0.07871273170368993,0.15571999515530932
2025-09-10,QQQ,EWMA,0.0849962441555915,0.15329500627679962
2025-09-11,QQQ,EWMA,0.0851770397645822,0.15139254440040187
2025-09-12,QQQ,EWMA,0.15784985207599178,0.14923158824348878
2025-09-15,QQQ,EWMA,0.1720463872519703,0.14815155306627473
2025-09-16,QQQ,EWMA,0.17407835412343098,0.1460021230772905
2025-09-17,QQQ,EWMA,0.17521661309226666,0.14407164746758952
2025-09-18,QQQ,EWMA,0.17341388889459083,0.14328739491091022
2025-09-19,QQQ,EWMA,0.17331841141447876,0.14169675168438933
2025-09-22,QQQ,EWMA,0.1776253987090433,0.13989385513991245
2025-09-23,QQQ,EWMA,0.17551275991273035,0.13983379499940302
2025-09-24,QQQ,EWMA,0.17898779661159375,0.13843166893852046
2025-09-25,QQQ,EWMA,0.17985713262089148,0.13726332089722182
2025-09-26,QQQ,EWMA,0.18261608875477878,0.1353005899537691
2025-09-29,QQQ,EWMA,0.19100682562169377,0.13344385746179596
2025-09-30,QQQ,EWMA,0.19192156440426572,0.13137726847475437
2025-10-01,QQQ,EWMA,0.19188097652109015,0.1295969772891028
2025-10-02,QQQ,EWMA,0.20211253080179312,0.12772019047639946
2025-10-03,QQQ,EWMA,0.20117473965798408,0.12683905875543222
2025-10-06,QQQ,EWMA,0.20044226171912033,0.12588945943762886
2025-10-07,QQQ,EWMA,0.21453508302119217,0.12548327883046603
2025-10-08,QQQ,EWMA,0.21213458671732158,0.12647261919005318
2025-10-09,QQQ,EWMA,0.22341242845315795,0.12478666001073986
2025-10-10,QQQ,EWMA,0.18092890032740175,0.1605878451365673
2025-10-14,QQQ,EWMA,0.18029002491138207,0.15937768887845594
2025-10-15,QQQ,EWMA,0.17949181769364206,0.15793893237144052
2025-10-16,QQQ,EWMA,0.195397435656179,0.155923103051887
2025-10-17,QQQ,EWMA,0.19417564439013713,0.1543857961414037
2025-10-20,QQQ,EWMA,0.19113491970351723,0.15548134904837652
2025-10-21,QQQ,EWMA,0.19550075997384897,0.15307721021742177
2025-10-22,QQQ,EWMA,0.1944297021389157,0.15358556700800208
2025-10-23,QQQ,EWMA,0.20830860292775244,0.15267262758032132
2025-10-24,QQQ,EWMA,0.2060565974554666,0.15267231658563088
2025-10-27,QQQ,EWMA,0.21724803267848336,0.15706911856450903
2025-10-28,QQQ,EWMA,0.21643218938681985,0.15547034300448126
2025-10-29,QQQ,EWMA,0.21865551008758943,0.153188163915128
2025-10-30,QQQ,EWMA,0.21501744151772917,0.1583815133112248
2025-10-31,QQQ,EWMA,0.21427251708995262,0.15616541074280915
2025-11-03,QQQ,EWMA,0.21560848913090744,0.1539644920645079
2025-11-04,QQQ,EWMA,0.20280167417918843,0.16363640502349808
2025-11-05,QQQ,EWMA,0.2015267356052275,0.16178818268494424
2025-11-06,QQQ,EWMA,0.18924336602961322,0.16865187650921754
2025-11-07,QQQ,EWMA,0.18892261077780537,0.16631274998191378
2025-11-10,QQQ,EWMA,0.1724044252531196,0.1742690260467428
2025-11-12,QQQ,EWMA,0.17306803861334222,0.1716034892706641
2025-11-13,QQQ,EWMA,0.1709900472101622,0.17933540908450354
2025-11-14,QQQ,EWMA,0.17207333462418276,0.17651472728072373
2025-11-17,QQQ,EWMA,0.1690354352046874,0.1755074824540542
2025-11-18,QQQ,EWMA,0.17695306008727893,0.17612187709569638
2025-11-19,QQQ,EWMA,0.18293066845365677,0.1742214401232344
2025-11-20,QQQ,EWMA,0.16255691588937352,0.18388288314651882
2025-11-21,QQQ,EWMA,0.16176306726300316,0.1824702560183315
2025-11-24,QQQ,EWMA,0.1380927790146439,0.19347687636264543
2025-11-25,QQQ,EWMA,0.1371084420369779,0.19114452530804837
2025-11-26,QQQ,EWMA,0.13424683833463122,0.1895816834810716
2025-11-28,QQQ,EWMA,0.13284378167559813,0.1877340317471103
2025-12-01,QQQ,EWMA,0.13252443382497572,0.18515723683120766
2025-12-02,QQQ,EWMA,0.1326805238632955,0.18329098551691772
2025-12-03,QQQ,EWMA,0.13227798648961472,0.1804501906347643
2025-12-04,QQQ,EWMA,0.13581779764671037,0.17769175835286308
2025-12-05,QQQ,EWMA,0.13881244764726344,0.17510680897306893
2025-12-08,QQQ,EWMA,0.13868828661843446,0.17254886113514092
2025-12-09,QQQ,EWMA,0.14007889477384627,0.1698329831179716
2025-12-10,QQQ,EWMA,0.14397119364360839,0.1673825349237667
2025-12-11,QQQ,EWMA,0.14348504514599095,0.16518354452566586
2025-12-12,QQQ,EWMA,0.1239920192237121,0.1720734562312353
2025-12-15,QQQ,EWMA,0.12926870128914156,0.17001439502266164
2025-12-16,QQQ,EWMA,0.12959091569128073,0.16741527648595053
2025-12-17,QQQ,EWMA,0.10738576458324511,0.17298382129248466
2025-12-18,QQQ,EWMA,0.1254435702572579,0.1751620018436948
2025-12-19,QQQ,EWMA,0.12610718625064563,0.17609533180732062
2025-12-22,QQQ,EWMA,0.1276377334954606,0.17373721830343974
2025-12-23,QQQ,EWMA,0.12703208330521745,0.1713755541864609
2025-12-24,QQQ,EWMA,0.12757855899450443,0.168786619729636
2025-12-26,QQQ,EWMA,0.13142334329009392,0.16614584652698494
2025-12-29,QQQ,EWMA,0.13013755191561022,0.16427774768401612
2025-12-30,QQQ,EWMA,0.13202059264603894,0.16189479033955742
2025-12-31,QQQ,EWMA,0.13609996601113977,0.16122061515856234
2023-12-28,IWM,EWMA,0.18963327227253757,0.22171790841294806
2023-12-29,IWM,EWMA,0.18314139981770383,0.22509408544758974
2024-01-02,IWM,EWMA,0.20143427176538578,0.22286649431308214
2024-01-03,IWM,EWMA,0.18419280556973425,0.2342278848686332
2024-01-04,IWM,EWMA,0.18511392455709422,0.23074600598450237
2024-01-05,IWM,EWMA,0.19051523529785205,0.227440090720094
2024-01-08,IWM,EWMA,0.18167764760986538,0.22854785618609155
2024-01-09,IWM,EWMA,0.1792107620451064,0.22695209113187242
2024-01-10,IWM,EWMA,0.18748494038660482,0.2233924759198481
2024-01-11,IWM,EWMA,0.1929345000471686,0.2214029365423516
2024-01-12,IWM,EWMA,0.20114389861109205,0.21805723824107415
2024-01-16,IWM,EWMA,0.25131657160102455,0.21789939998645652
2024-01-17,IWM,EWMA,0.2609424948681829,0.21556565705341235
2024-01-18,IWM,EWMA,0.2742147878372816,0.21271961740815112
2024-01-19,IWM,EWMA,0.27977113529658876,0.21085559333391726
2024-01-22,IWM,EWMA,0.27616443143183345,0.21507372680189965
2024-01-23,IWM,EWMA,0.2765486779348819,0.21204043459091718
2024-01-24,IWM,EWMA,0.27560368536163266,0.21040770172308357
2024-01-25,IWM,EWMA,0.27441486165416984,0.20806010163724428
2024-01-26,IWM,EWMA,0.27502304029806873,0.2048119939721305
2024-01-29,IWM,EWMA,0.2727205931830363,0.2065148724095869
2024-01-30,IWM,EWMA,0.27258457829733806,0.20527853324174347
2024-01-31,IWM,EWMA,0.2553328649185357,0.2147699596821584
2024-02-01,IWM,EWMA,0.2540693610935129,0.21426905400393495
2024-02-02,IWM,EWMA,0.25274165374415797,0.211618954978652
2024-02-05,IWM,EWMA,0.250388897361488,0.2116950292049155
2024-02-06,IWM,EWMA,0.24995947532656138,0.20973052011089244
2024-02-07,IWM,EWMA,0.24985576475272425,0.20659341083960434
2024-02-08,IWM,EWMA,0.24636232289954407,0.20730661744185025
2024-02-09,IWM,EWMA,0.24370561495994553,0.20834211529584468
2024-02-12,IWM,EWMA,0.23582935614844563,0.21015436748415883
2024-02-13,IWM,EWMA,0.17443704446079297,0.24041098267503017
2024-02-14,IWM,EWMA,0.1722203692887855,0.24466282916646442
2024-02-15,IWM,EWMA,0.14350495226782678,0.2506658659570007
2024-02-16,IWM,EWMA,0.13641432216876276,0.2506051536116825
2024-02-20,IWM,EWMA,0.1269661068592612,0.25039949304701337
2024-02-21,IWM,EWMA,0.14144277634628818,0.2469954662780792
2024-02-22,IWM,EWMA,0.1440955999973328,0.24380114267061465
2024-02-23,IWM,EWMA,0.15502730370164283,0.23998134025731777
2024-02-26,IWM,EWMA,0.1540055062572004,0.2366287865020933
2024-02-27,IWM,EWMA,0.14654760328061392,0.23558321899053913
2024-02-28,IWM,EWMA,0.16066758567978248,0.23354101320241052
2024-02-29,IWM,EWMA,0.15964909716218656,0.23037612262377866
2024-03-01,IWM,EWMA,0.1607592135089697,0.22811270678497853
2024-03-04,IWM,EWMA,0.17471902339286036,0.22465551935751424
2024-03-05,IWM,EWMA,0.1725204609809942,0.22338899356325304
2024-03-06,IWM,EWMA,0.17454581742293956,0.22050454361673616
2024-03-07,IWM,EWMA,0.17220085003455898,0.21782637780729475
2024-03-08,IWM,EWMA,0.1734855106301751,0.2145049900906208
2024-03-11,IWM,EWMA,0.17153534471843562,0.21285178595473442
2024-03-12,IWM,EWMA,0.19685433181403394,0.20964607720954592
2024-03-13,IWM,EWMA,0.19802255603601598,0.20646508132789346
2024-03-14,IWM,EWMA,0.19791287600488425,0.2103349251436681
2024-03-15,IWM,EWMA,0.20375120298303986,0.20704292255155976
2024-03-18,IWM,EWMA,0.20331707020147874,0.20461189827464296
2024-03-19,IWM,EWMA,0.2046623738322959,0.20163290025251607
2024-03-20,IWM,EWMA,0.18800247068380538,0.20526579167166417
2024-03-21,IWM,EWMA,0.18095334651272013,0.203968141482811
2024-03-22,IWM,EWMA,0.1840047082730581,0.205382757226612
2024-03-25,IWM,EWMA,0.19554044813868815,0.20217156533073985
2024-03-26,IWM,EWMA,0.1957874990988449,0.19916527388120028
2024-03-27,IWM,EWMA,0.17547998462730274,0.20411297889148625
2024-03-28,IWM,EWMA,0.17996256029633184,0.20093513151256742
2024-04-01,IWM,EWMA,0.182233225363206,0.20024271809217656
2024-04-02,IWM,EWMA,0.18469984437582115,0.20481266492289887
2024-04-03,IWM,EWMA,0.1825934306495377,0.20221130781763008
2024-04-04,IWM,EWMA,0.19403189343798677,0.20139729396824008
2024-04-05,IWM,EWMA,0.19729716990983834,0.19836483345341935
2024-04-08,IWM,EWMA,0.2020029824913088,0.1956822098772546
2024-04-09,IWM,EWMA,0.20162736027455086,0.19278632473344065
2024-04-10,IWM,EWMA,0.17749184413508093,0.2048769487731395
2024-04-11,IWM,EWMA,0.17943309695400747,0.2024923238279799
2024-04-12,IWM,EWMA,0.1684171088914789,0.20570181100128812
2024-04-15,IWM,EWMA,0.15723784667276333,0.20645348610361602
2024-04-16,IWM,EWMA,0.1580864413910191,0.20337215162422453
2024-04-17,IWM,EWMA,0.15293852879615097,0.2020301632557431
2024-04-18,IWM,EWMA,0.15729862781777945,0.19884979306033815
2024-04-19,IWM,EWMA,0.15748181396252736,0.19585650624288495
2024-04-22,IWM,EWMA,0.1550897062777613,0.19570730508949638
2024-04-23,IWM,EWMA,0.1474163655437494,0.1985107268621449
2024-04-24,IWM,EWMA,0.1505398770656805,0.1957685248633857
2024-04-25,IWM,EWMA,0.1622959639826315,0.19337534986650104
2024-04-26,IWM,EWMA,0.16333374766264133,0.19232865273687624
2024-04-29,IWM,EWMA,0.16194168190578362,0.19064941646603054
2024-04-30,IWM,EWMA,0.15286486216146644,0.19627157111563226
2024-05-01,IWM,EWMA,0.15541387591220177,0.193314213609297
2024-05-02,IWM,EWMA,0.1453408168986182,0.19721549575771974
2024-05-03,IWM,EWMA,0.14385204225740056,0.1959730747586406
2024-05-06,IWM,EWMA,0.14407101147421364,0.1959374929978147
2024-05-07,IWM,EWMA,0.1544364778893414,0.1928902754226887
2024-05-08,IWM,EWMA,0.15519993740142274,0.1907739694001206
2024-05-09,IWM,EWMA,0.15563297130560727,0.1896083070750059
2024-05-10,IWM,EWMA,0.1545088871817414,0.18813334479485563
2024-05-13,IWM,EWMA,0.15447395737031455,0.18521030007373535
2024-05-14,IWM,EWMA,0.16009657910833416,0.18421665382516145
2024-05-15,IWM,EWMA,0.15481022716323145,0.18403988140794392
2024-05-16,IWM,EWMA,0.1619671854481092,0.18273667754558864
2024-05-17,IWM,EWMA,0.16597338773764136,0.17986266724955946
2024-05-20,IWM,EWMA,0.16583532116046526,0.177055275624214
2024-05-21,IWM,EWMA,0.16603351461594384,0.17436741175397602
2024-05-22,IWM,EWMA,0.16477925292222623,0.17368365893235296
2024-05-23,IWM,EWMA,0.15572968000608417,0.17764074565817264
2024-05-24,IWM,EWMA,0.15006300057578312,0.1773879388918841
2024-05-28,IWM,EWMA,0.15016612854851882,0.17467945317268593
2024-05-29,IWM,EWMA,0.14594047006098226,0.17720336563251793
2024-05-30,IWM,EWMA,0.1425984852730626,0.1763659910848871
2024-05-31,IWM,EWMA,0.1417270798723201,0.1750285079123967
2024-06-03,IWM,EWMA,0.14142466451907054,0.17314893226745587
2024-06-04,IWM,EWMA,0.13355568602891094,0.1744515096464112
2024-06-05,IWM,EWMA,0.12195238388635521,0.17684221950008502
2024-06-06,IWM,EWMA,0.12262700979725875,0.1753566607005452
2024-06-07,IWM,EWMA,0.11592869050438381,0.1758141760748995
2024-06-10,IWM,EWMA,0.12034385204743454,0.1733320414832846
2024-06-11,IWM,EWMA,0.17132815311169106,0.17086143101376589
2024-06-12,IWM,EWMA,0.1681923712350669,0.17353955919326602
2024-06-13,IWM,EWMA,0.1726464678028507,0.17267822437140787
2024-06-14,IWM,EWMA,0.18685004671072308,0.17574931063843538
2024-06-17,IWM,EWMA,0.19565363079542358,0.17471735835291355
2024-06-18,IWM,EWMA,0.21429733617026742,0.17204924720720038
2024-06-20,IWM,EWMA,0.21476471381978623,0.16972835065596564
2024-06-21,IWM,EWMA,0.21858562237034154,0.1671999542836941
2024-06-24,IWM,EWMA,0.2195479801877367,0.16504375045598435
2024-06-25,IWM,EWMA,0.23780547816381808,0.1626971423905957
2024-06-26,IWM,EWMA,0.23811604527366634,0.1602877789471231
2024-06-27,IWM,EWMA,0.24098659762054475,0.16035249036599242
2024-06-28,IWM,EWMA,0.247907753209203,0.158217077746814
2024-07-01,IWM,EWMA,0.24325693127907683,0.15757693295700623
2024-07-02,IWM,EWMA,0.24319180360681775,0.15539373268476955
2024-07-03,IWM,EWMA,0.27824830800793937,0.15294906130672495
2024-07-05,IWM,EWMA,0.31079441299116656,0.15114016726931287
2024-07-08,IWM,EWMA,0.33338418252383556,0.1500609060541995
2024-07-09,IWM,EWMA,0.3351136667675522,0.14822675272168012
2024-07-10,IWM,EWMA,0.33621376492871063,0.14839131091752925
2024-07-11,IWM,EWMA,0.32243475938218563,0.1756023508709602
2024-07-12,IWM,EWMA,0.31903022727394925,0.17516178809697872
2024-07-15,IWM,EWMA,0.310603773658474,0.17886498121486097
2024-07-16,IWM,EWMA,0.2890108054543658,0.19643915698016634
2024-07-17,IWM,EWMA,0.2880963029461888,0.19709529498578812
2024-07-18,IWM,EWMA,0.2993800641274737,0.20371261063324564
2024-07-19,IWM,EWMA,0.29936181600577183,0.20150488740321348
2024-07-22,IWM,EWMA,0.2969319333286491,0.2020788060231392
2024-07-23,IWM,EWMA,0.2957908193594868,0.20022125068804414
2024-07-24,IWM,EWMA,0.29114883010024367,0.20833109675872113
2024-07-25,IWM,EWMA,0.2883661790413474,0.20716376165002884
2024-07-26,IWM,EWMA,0.3052586132116309,0.20773838678062947
2024-07-29,IWM,EWMA,0.30282960658540725,0.20802056136692357
2024-07-30,IWM,EWMA,0.3035503073996943,0.2047945462347925
2024-07-31,IWM,EWMA,0.3031782552330488,0.20181468838277997
2024-08-01,IWM,EWMA,0.2803831585732765,0.2217175342590485
2024-08-02,IWM,EWMA,0.24522529296901402,0.24158098213702417
2024-08-05,IWM,EWMA,0.24214983414028543,0.25465294224471574
2024-08-06,IWM,EWMA,0.24064091797916845,0.25278517121964605
2024-08-07,IWM,EWMA,0.23653142573510197,0.2507867373140353
2024-08-08,IWM,EWMA,0.23388493120099502,0.25644706762764596
2024-08-09,IWM,EWMA,0.2338814939559526,0.2524637984028984
2024-08-12,IWM,EWMA,0.23123978630071465,0.24969587296543466
2024-08-13,IWM,EWMA,0.22415567581209028,0.2502014862658142
2024-08-14,IWM,EWMA,0.22704265449526245,0.24687215279746183
2024-08-15,IWM,EWMA,0.22531704410919703,0.25336818769377517
2024-08-16,IWM,EWMA,0.22542772066048655,0.2494409166214794
2024-08-19,IWM,EWMA,0.22331347343482932,0.2475802290223593
2024-08-20,IWM,EWMA,0.21827379521396792,0.24626417786521618
2024-08-21,IWM,EWMA,0.2249217196815529,0.24479071446626233
2024-08-22,IWM,EWMA,0.22624017910897928,0.24250313720193994
2024-08-23,IWM,EWMA,0.19787118775220866,0.2535412081724028
2024-08-26,IWM,EWMA,0.19795086475256493,0.24957705504910668
2024-08-27,IWM,EWMA,0.20095475228619997,0.24704417878954588
2024-08-28,IWM,EWMA,0.20017867498053493,0.24420554104614298
2024-08-29,IWM,EWMA,0.20002204471957025,0.2409431578322707
2024-08-30,IWM,EWMA,0.19921739869153055,0.23748069991956272
2024-09-03,IWM,EWMA,0.1703267953573702,0.25062004311221464
2024-09-04,IWM,EWMA,0.17025983621580584,0.24674181738518514
2024-09-05,IWM,EWMA,0.1712153151409211,0.24330843046727796
2024-09-06,IWM,EWMA,0.15888356505023335,0.2454745362241902
2024-09-09,IWM,EWMA,0.16334850605840515,0.241774775426899
2024-09-10,IWM,EWMA,0.16305820712392907,0.23797085910268811
2024-09-11,IWM,EWMA,0.16304445855163008,0.23440016007806058
2024-09-12,IWM,EWMA,0.1603912345383061,0.23354752500809964
2024-09-13,IWM,EWMA,0.1528712786129653,0.2395463285948998
2024-09-16,IWM,EWMA,0.15422819562655476,0.23589108958012858
2024-09-17,IWM,EWMA,0.15207947083793102,0.2330484968837142
2024-09-18,IWM,EWMA,0.16143092471928366,0.22939668371973676
2024-09-19,IWM,EWMA,0.1462827635386386,0.23202117807095746
2024-09-20,IWM,EWMA,0.14041764840634965,0.23103257839763222
2024-09-23,IWM,EWMA,0.15207192533286015,0.22783085551738175
2024-09-24,IWM,EWMA,0.15273462100943774,0.2242459510620025
2024-09-25,IWM,EWMA,0.1497436891501748,0.22390577052016944
2024-09-26,IWM,EWMA,0.14877817637362437,0.22073218214552198
2024-09-27,IWM,EWMA,0.14732406808521697,0.21784804676001862
2024-09-30,IWM,EWMA,0.1583841162622464,0.2144517662125894
2024-10-01,IWM,EWMA,0.15024848152637665,0.21509778815040603
2024-10-02,IWM,EWMA,0.15024375697188133,0.2117917820491795
2024-10-03,IWM,EWMA,0.16082074670955898,0.20947188254042268
2024-10-04,IWM,EWMA,0.15414432607341594,0.20954139929073576
2024-10-07,IWM,EWMA,0.1522446711169288,0.2076704886514895
2024-10-08,IWM,EWMA,0.16515222553215442,0.20440009859676853
2024-10-09,IWM,EWMA,0.25528760486335356,0.20123138811156652
2024-10-10,IWM,EWMA,0.2543619298687148,0.19881332062528267
2024-10-11,IWM,EWMA,0.24777569359144316,0.20321599001709262
2024-10-15,IWM,EWMA,0.26222553539877547,0.20001675973903763
2024-10-16,IWM,EWMA,0.26127094497529324,0.20140390031847807
2024-10-17,IWM,EWMA,0.2665525219308956,0.19858750430063182
2024-10-18,IWM,EWMA,0.2726064237508511,0.19569926798841386
2024-10-21,IWM,EWMA,0.2655657698630728,0.19844284984064703
2024-10-22,IWM,EWMA,0.2655716132708346,0.19572605760557346
2024-10-23,IWM,EWMA,0.2622714342225022,0.19455835303189328
2024-10-24,IWM,EWMA,0.2659738728178829,0.19156611496266446
2024-10-25,IWM,EWMA,0.26976155583734324,0.18890220689040774
2024-10-28,IWM,EWMA,0.2691547622172669,0.19115461847948664
2024-10-29,IWM,EWMA,0.2710795076583698,0.1884688602376202
2024-10-30,IWM,EWMA,0.27052635577969253,0.18558091624508202
2024-10-31,IWM,EWMA,0.2589754921525194,0.1889043939914799
2024-11-01,IWM,EWMA,0.25976962939093495,0.1865779144087303
2024-11-04,IWM,EWMA,0.2632849057045578,0.18414097588118844
2024-11-05,IWM,EWMA,0.2578067043163542,0.1882701363329989
2024-11-06,IWM,EWMA,0.17211760897469489,0.24112389339422025
2024-11-07,IWM,EWMA,0.17192548841263797,0.23794975023365839
2024-11-08,IWM,EWMA,0.17104319971312862,0.2345980894419937
2024-11-12,IWM,EWMA,0.15056041042443963,0.23771524080397585
2024-11-13,IWM,EWMA,0.15370386403207686,0.2363080473638388
2024-11-14,IWM,EWMA,0.1476343878158553,0.2363868509667956
2024-11-15,IWM,EWMA,0.13722702327348701,0.23696625641696925
2024-11-18,IWM,EWMA,0.14449322978619603,0.23326490323328056
2024-11-19,IWM,EWMA,0.21532537320906864,0.2303582582839784
2024-11-20,IWM,EWMA,0.21511624927885017,0.2267336034522297
2024-11-21,IWM,EWMA,0.2098469227639618,0.22664202698651748
2024-11-22,IWM,EWMA,0.1948426987385279,0.22802742352071914
2024-11-25,IWM,EWMA,0.1880827638033516,0.22744211827674785
2024-11-26,IWM,EWMA,0.19407101138377356,0.22546183059806835
2024-11-27,IWM,EWMA,0.19755034527383844,0.2219171805369157
2024-11-29,IWM,EWMA,0.19584473367542274,0.21848395397982265
2024-12-02,IWM,EWMA,0.19641479552384547,0.2151556637404252
2024-12-03,IWM,EWMA,0.19694375700939176,0.21326615329450269
2024-12-04,IWM,EWMA,0.20639608522440245,0.2099764917724414
2024-12-05,IWM,EWMA,0.20437504199846154,0.2100281178334377
2024-12-06,IWM,EWMA,0.20374744839577455,0.20681791828045348
2024-12-09,IWM,EWMA,0.20370159989800868,0.20433650910814255
2024-12-10,IWM,EWMA,0.21450926942497078,0.2016998250196421
2024-12-11,IWM,EWMA,0.213308040455217,0.19876606928483898
2024-12-12,IWM,EWMA,0.21761186348400754,0.19957626603728965
2024-12-13,IWM,EWMA,0.2312848408339858,0.19754997232365
2024-12-16,IWM,EWMA,0.2299864756891837,0.19502918186677326
2024-12-17,IWM,EWMA,0.2281751047880458,0.19489112569188374
2024-12-18,IWM,EWMA,0.17035713245249806,0.22986137438534857
2024-12-19,IWM,EWMA,0.17156884539480835,0.22642023624430524
2024-12-20,IWM,EWMA,0.16964595130021096,0.22481540338715286
2024-12-23,IWM,EWMA,0.16980720355820653,0.22130518278730812
2024-12-24,IWM,EWMA,0.17198412496691118,0.21956657631072632
2024-12-26,IWM,EWMA,0.16830632597499395,0.21823419638996677
2024-12-27,IWM,EWMA,0.15923899522766255,0.21846222608349314
2024-12-30,IWM,EWMA,0.1590849673075526,0.2158777890167173
2024-12-31,IWM,EWMA,0.16361557517711223,0.21257475197908784
2025-01-02,IWM,EWMA,0.17001595800511618,0.2092854919298343
2025-01-03,IWM,EWMA,0.16893125326566474,0.21056275653257037
2025-01-06,IWM,EWMA,0.17281425050258337,0.20725916025122654
2025-01-07,IWM,EWMA,0.17028321449865502,0.2051058005217885
2025-01-08,IWM,EWMA,0.17532568926736572,0.20216933231895848
2025-01-10,IWM,EWMA,0.15258769483134188,0.2077960380202658
2025-01-13,IWM,EWMA,0.15529782911878706,0.20473749095324867
2025-01-14,IWM,EWMA,0.15594715071373239,0.20455669338573076
2025-01-15,IWM,EWMA,0.14527393317846454,0.20919148636100038
2025-01-16,IWM,EWMA,0.14521605046328268,0.20599614306364705
2025-01-17,IWM,EWMA,0.14569605862611748,0.20314369771004864
2025-01-21,IWM,EWMA,0.12837581661971145,0.2068948896001206
2025-01-22,IWM,EWMA,0.13067105509480997,0.2045856233296195
2025-01-23,IWM,EWMA,0.16302661095636234,0.20171024866218706
2025-01-24,IWM,EWMA,0.1638640662423871,0.19873673386189977
2025-01-27,IWM,EWMA,0.16194151739263737,0.19756038929351769
2025-01-28,IWM,EWMA,0.16198663740076566,0.19447236609393181
2025-01-29,IWM,EWMA,0.16829211562669746,0.19152144192179654
2025-01-30,IWM,EWMA,0.16879040620920724,0.19060528324028292
2025-01-31,IWM,EWMA,0.18926864925416303,0.18938514107905957
2025-02-03,IWM,EWMA,0.18905706682921897,0.18926437247019118
2025-02-04,IWM,EWMA,0.18466907252420403,0.19038456594764536
2025-02-05,IWM,EWMA,0.17969899189423882,0.18975963166172455
2025-02-06,IWM,EWMA,0.1822763153365101,0.18705352777067139
2025-02-07,IWM,EWMA,0.1949003271280159,0.1870936694969804
2025-02-10,IWM,EWMA,0.19230349412394795,0.18458743473878525
2025-02-11,IWM,EWMA,0.19433759850814092,0.18242175685244197
2025-02-12,IWM,EWMA,0.19677635070895735,0.1813447440114995
2025-02-13,IWM,EWMA,0.21577406468272853,0.18139054647233172
2025-02-14,IWM,EWMA,0.2245694976132118,0.17854489828641953
2025-02-18,IWM,EWMA,0.2216241442009149,0.17640683646778157
2025-02-19,IWM,EWMA,0.23370942457284438,0.17390997999986155
2025-02-20,IWM,EWMA,0.23305059388901128,0.17325891650428782
2025-02-21,IWM,EWMA,0.21402327038770952,0.1885957978585604
2025-02-24,IWM,EWMA,0.23486311690071157,0.1863836334545765
2025-02-25,IWM,EWMA,0.23516461753118273,0.18357072130204305
2025-02-26,IWM,EWMA,0.2367639802502604,0.18083825948161264
2025-02-27,IWM,EWMA,0.23193395395378433,0.1822022213014458
2025-02-28,IWM,EWMA,0.23624781640130993,0.18262770395163083
2025-03-03,IWM,EWMA,0.21814243880807865,0.19409023990337668
2025-03-04,IWM,EWMA,0.21550694269835807,0.19271177214365584
2025-03-05,IWM,EWMA,0.2205099310232199,0.1928033419603773
2025-03-06,IWM,EWMA,0.31682927045068454,0.19333024884637415
2025-03-07,IWM,EWMA,0.3482592381393816,0.1909749585826065
2025-03-10,IWM,EWMA,0.3410729884087598,0.19865780765991475
2025-03-11,IWM,EWMA,0.34850087518289213,0.19570802609563584
2025-03-12,IWM,EWMA,0.46889956270408994,0.19307973614407567
2025-03-13,IWM,EWMA,0.4885836262679254,0.19303532996138406
2025-03-14,IWM,EWMA,0.48250826045703027,0.20446427797695377
2025-03-17,IWM,EWMA,0.48212117123058934,0.20549413289571292
2025-03-18,IWM,EWMA,0.4823196996724896,0.20314032818209002
2025-03-19,IWM,EWMA,0.4769507292053298,0.2058388583589238
2025-03-20,IWM,EWMA,0.47936066866728,0.20303324122018443
2025-03-21,IWM,EWMA,0.48251244219735423,0.20022328612665263
2025-03-24,IWM,EWMA,0.4833333851806606,0.21038414150007537
2025-03-25,IWM,EWMA,0.48857772321399295,0.2074522376482354
2025-03-26,IWM,EWMA,0.49541685857365847,0.20572253657304726
2025-03-27,IWM,EWMA,0.49548824520156576,0.20269122273894932
2025-03-28,IWM,EWMA,0.49139575842786415,0.20636626670570193
2025-03-31,IWM,EWMA,0.4918762152555888,0.20324804742993974
2025-04-01,IWM,EWMA,0.4922340541956149,0.2001544374879995
2025-04-02,IWM,EWMA,0.489072441606972,0.20317149571898313
2025-04-03,IWM,EWMA,0.43132965295147435,0.2691951051470401
2025-04-04,IWM,EWMA,0.39429303704923524,0.2896004763171891
2025-04-07,IWM,EWMA,0.395216418243693,0.28527195985370263
2025-04-08,IWM,EWMA,0.3776870169897067,0.2871533268733806
2025-04-09,IWM,EWMA,0.25806863043466327,0.37285268081971384
2025-04-10,IWM,EWMA,0.19462202996997835,0.38342160429083105
2025-04-11,IWM,EWMA,0.21909971222718783,0.38097966293417135
2025-04-14,IWM,EWMA,0.21818346469310385,0.37742140875238817
2025-04-15,IWM,EWMA,0.22377151118003358,0.3716834247292914
2025-04-16,IWM,EWMA,0.21691675337591973,0.366285086443669
2025-04-17,IWM,EWMA,0.2169306558206327,0.36191302518346674
2025-04-21,IWM,EWMA,0.1978981672436177,0.3594693174148184
2025-04-22,IWM,EWMA,0.18585767290183608,0.3629153202380229
2025-04-23,IWM,EWMA,0.2178023881377218,0.3604240614493199
2025-04-24,IWM,EWMA,0.20904236908345947,0.3599239134413313
2025-04-25,IWM,EWMA,0.2098401795576843,0.35428500720790973
2025-04-28,IWM,EWMA,0.22507983197399817,0.3490411912366222
2025-04-29,IWM,EWMA,0.2299960918362365,0.34409537777981347
2025-04-30,IWM,EWMA,0.22772072896860052,0.3390097729326365
2025-05-01,IWM,EWMA,0.22902294362334905,0.334280955454621
2025-05-02,IWM,EWMA,0.21659728089490776,0.3352314514386614
2025-05-05,IWM,EWMA,0.2198683243161824,0.3306293314981332
2025-05-06,IWM,EWMA,0.21511496741988073,0.3267620565534161
2025-05-07,IWM,EWMA,0.2152817831670603,0.3218067594166145
2025-05-08,IWM,EWMA,0.2126841400171391,0.3213227669416038
2025-05-09,IWM,EWMA,0.21252083558402543,0.3163060145728591
2025-05-12,IWM,EWMA,0.17746580596929365,0.3258587392600855
2025-05-13,IWM,EWMA,0.17839643188477652,0.3208071907138674
2025-05-14,IWM,EWMA,0.17553710389965146,0.31699405699164435
2025-05-15,IWM,EWMA,0.18788473035722003,0.3124010067961154
2025-05-16,IWM,EWMA,0.1902615314812082,0.3081367830907101
2025-05-19,IWM,EWMA,0.19361227679286322,0.3036620717721418
2025-05-20,IWM,EWMA,0.19449811876277998,0.2988835136926893
2025-05-21,IWM,EWMA,0.16272455198072483,0.30544909144300897
2025-05-22,IWM,EWMA,0.16681199802281052,0.30063897995742456
2025-05-23,IWM,EWMA,0.1695053979012766,0.2960449440752299
2025-05-27,IWM,EWMA,0.155730251498633,0.2996051275303958
2025-05-28,IWM,EWMA,0.15782212514514643,0.29659102117642744
2025-05-29,IWM,EWMA,0.15799504836375397,0.29200407973250325
2025-05-30,IWM,EWMA,0.15558300750030402,0.28783288959742703
2025-06-02,IWM,EWMA,0.15787945355935787,0.2834044667813276
2025-06-03,IWM,EWMA,0.1556112771777858,0.2822913410132377
2025-06-04,IWM,EWMA,0.15558263634854633,0.2780415961650651
2025-06-05,IWM,EWMA,0.16893044710689425,0.27366469716346536
2025-06-06,IWM,EWMA,0.16239213990362536,0.2726752859623862
2025-06-09,IWM,EWMA,0.1644400273970047,0.2688328134898568
2025-06-10,IWM,EWMA,0.1643849905269462,0.26482514626798276
2025-06-11,IWM,EWMA,0.17301913138483474,0.26113351555733666
2025-06-12,IWM,EWMA,0.17227759235243736,0.25745661315754553
2025-06-13,IWM,EWMA,0.1744642981597161,0.25925451351506706
2025-06-16,IWM,EWMA,0.17335830472911506,0.25704065474436344
2025-06-17,IWM,EWMA,0.17018167661844855,0.2550259142714536
2025-06-18,IWM,EWMA,0.17416878073723474,0.251345520986797
2025-06-20,IWM,EWMA,0.17505488296075913,0.24751350321902243
2025-06-23,IWM,EWMA,0.17283872491005225,0.2457145149148031
2025-06-24,IWM,EWMA,0.17496575314403356,0.2440132048919591
2025-06-25,IWM,EWMA,0.17751239972985403,0.2429241404166469
2025-06-26,IWM,EWMA,0.17037588430794434,0.24278210121844815
2025-06-27,IWM,EWMA,0.17065528171459174,0.23897864853506887
2025-06-30,IWM,EWMA,0.1732258846357353,0.23521498862977042
2025-07-01,IWM,EWMA,0.17159540028048498,0.23281232113876504
2025-07-02,IWM,EWMA,0.16839167601976812,0.23159953441939307
2025-07-03,IWM,EWMA,0.1787776299582661,0.22882540517829267
2025-07-07,IWM,EWMA,0.1906394575928908,0.2303810156042171
2025-07-08,IWM,EWMA,0.1898782550553194,0.2272066028248402
2025-07-09,IWM,EWMA,0.18549019737675992,0.22499378280335988
2025-07-10,IWM,EWMA,0.1843848666644478,0.22160276906871876
2025-07-11,IWM,EWMA,0.17834715376779472,0.22270259086089275
2025-07-14,IWM,EWMA,0.17642034349462246,0.2196252446241328
2025-07-15,IWM,EWMA,0.19119175796384696,0.22444554230763059
2025-07-16,IWM,EWMA,0.19911919139114823,0.2222539088726849
2025-07-17,IWM,EWMA,0.20182705121244005,0.22109288042694766
2025-07-18,IWM,EWMA,0.2007871218076793,0.2190491485664553
2025-07-21,IWM,EWMA,0.20004024397107004,0.21617244396441904
2025-07-22,IWM,EWMA,0.20085365573881922,0.21362309135488447
2025-07-23,IWM,EWMA,0.19378854263698322,0.21360483480527384
2025-07-24,IWM,EWMA,0.1871244902269368,0.21488447250410805
2025-07-25,IWM,EWMA,0.2305517811490476,0.21158500010809544
2025-07-28,IWM,EWMA,0.23479531961245148,0.20839673290814767
2025-07-29,IWM,EWMA,0.2337542055504575,0.20630152667796964
2025-07-30,IWM,EWMA,0.23247287774949923,0.20382673701422485
2025-07-31,IWM,EWMA,0.22754549265064386,0.20291198296790322
2025-08-01,IWM,EWMA,0.21134372356106,0.20836055934670766
2025-08-04,IWM,EWMA,0.20333264777551746,0.21407393925340015
2025-08-05,IWM,EWMA,0.20369757630167973,0.211044711970735
2025-08-06,IWM,EWMA,0.20582156453416353,0.20781276151109532
2025-08-07,IWM,EWMA,0.20429569054220428,0.20485891289392905
2025-08-08,IWM,EWMA,0.20431508125666187,0.20167437542194208
2025-08-11,IWM,EWMA,0.20681235124026176,0.1985169413206603
2025-08-12,IWM,EWMA,0.18386810055553837,0.2109267946263061
2025-08-13,IWM,EWMA,0.182727154969834,0.2133373747302017
2025-08-14,IWM,EWMA,0.1800153605618317,0.21416525944218723
2025-08-15,IWM,EWMA,0.17818436469099647,0.2115839304447908
2025-08-18,IWM,EWMA,0.17876994180885947,0.2083385708651356
2025-08-19,IWM,EWMA,0.17477584456283513,0.2066721800472423
2025-08-20,IWM,EWMA,0.18905197413800975,0.2038572662942124
2025-08-21,IWM,EWMA,0.1936721260452017,0.20068278769895792
2025-08-22,IWM,EWMA,0.1445506215870666,0.22316231966310413
2025-08-25,IWM,EWMA,0.13770161905272452,0.22256357526035728
2025-08-26,IWM,EWMA,0.14203269351960549,0.21976155753135593
2025-08-27,IWM,EWMA,0.14592748202041012,0.21673795857532574
2025-08-28,IWM,EWMA,0.14846088185756465,0.21334596337522388
2025-08-29,IWM,EWMA,0.14694746157734806,0.2108111712624619
2025-09-02,IWM,EWMA,0.14467072570817255,0.20852355331584904
2025-09-03,IWM,EWMA,0.14428847845665438,0.20538540408790346
2025-09-04,IWM,EWMA,0.13999152974040383,0.20433809721887009
2025-09-05,IWM,EWMA,0.14100248675580576,0.2012854954716451
2025-09-08,IWM,EWMA,0.14121272389288406,0.1981157230686348
2025-09-09,IWM,EWMA,0.1458009908333022,0.19627159331901461
2025-09-10,IWM,EWMA,0.1483993903324376,0.19344848398534725
2025-09-11,IWM,EWMA,0.13861474559544718,0.19589692177696175
2025-09-12,IWM,EWMA,0.17423024459868164,0.19595352169864091
2025-09-15,IWM,EWMA,0.1993630026231878,0.19297718049762197
2025-09-16,IWM,EWMA,0.20423292479236185,0.19020411835516754
2025-09-17,IWM,EWMA,0.20609273007249965,0.187218882476532
2025-09-18,IWM,EWMA,0.20469895856842807,0.19483301906484896
2025-09-19,IWM,EWMA,0.20428943936610666,0.1938600474209956
2025-09-22,IWM,EWMA,0.21468746663945615,0.19105864552953544
2025-09-23,IWM,EWMA,0.21532705018824727,0.18849062045917803
2025-09-24,IWM,EWMA,0.2196614396674725,0.18824547691120894
2025-09-25,IWM,EWMA,0.22042602752295753,0.1880173702417825
2025-09-26,IWM,EWMA,0.22232464074558778,0.1860847145170239
2025-09-29,IWM,EWMA,0.22240970170374957,0.18316101829099074
2025-09-30,IWM,EWMA,0.223849706026086,0.18027846143314558
2025-10-01,IWM,EWMA,0.22659427665455428,0.17744434476476464
2025-10-02,IWM,EWMA,0.22779657912611875,0.17511252807300381
2025-10-03,IWM,EWMA,0.22713823818610174,0.17304026805257294
2025-10-06,IWM,EWMA,0.22693613836438634,0.1704009204343488
2025-10-07,IWM,EWMA,0.23217210468158306,0.17151504627512346
2025-10-08,IWM,EWMA,0.23502224490649185,0.1705573831156674
2025-10-09,IWM,EWMA,0.24227642897396634,0.16950496593186545
2025-10-10,IWM,EWMA,0.2165439700262673,0.18927159624124698
2025-10-14,IWM,EWMA,0.18860930043570598,0.1900328714942251
2025-10-15,IWM,EWMA,0.18453124483312214,0.18857833026788448
2025-10-16,IWM,EWMA,0.19631383367069385,0.19604518945791458
2025-10-17,IWM,EWMA,0.1960209575361108,0.19406588768102434
2025-10-20,IWM,EWMA,0.191042545855226,0.19810797519006335
2025-10-21,IWM,EWMA,0.19220924632476374,0.195647690403666
2025-10-22,IWM,EWMA,0.1869760805359692,0.19749515845658724
2025-10-23,IWM,EWMA,0.1873986854162289,0.19733512485935176
2025-10-24,IWM,EWMA,0.2118306003046772,0.196799919282301
2025-10-27,IWM,EWMA,0.22363730360059283,0.19381350708081435
2025-10-28,IWM,EWMA,0.2384016538048313,0.19163018793515985
2025-10-29,IWM,EWMA,0.23885704386869158,0.19046821153900723
2025-10-30,IWM,EWMA,0.23764188250051468,0.18905266108235327
2025-10-31,IWM,EWMA,0.24154280047215126,0.18664137882404877
2025-11-03,IWM,EWMA,0.24135831948993497,0.1840031313323848
2025-11-04,IWM,EWMA,0.2403228343634597,0.18781833897962927
2025-11-05,IWM,EWMA,0.23723281128558374,0.18917898429710606
2025-11-06,IWM,EWMA,0.22723751013699725,0.19296833427867946
2025-11-07,IWM,EWMA,0.22700837151894587,0.19053594789941924
2025-11-10,IWM,EWMA,0.22499953091872618,0.18960049097523238
2025-11-12,IWM,EWMA,0.23071761618278291,0.18676755007393628
2025-11-13,IWM,EWMA,0.21098039260472665,0.20043032672685424
2025-11-14,IWM,EWMA,0.214617976590592,0.19753324711052783
2025-11-17,IWM,EWMA,0.1991396904193532,0.20183332165515047
2025-11-18,IWM,EWMA,0.20562989803495102,0.19900941981704323
2025-11-19,IWM,EWMA,0.20550914983877577,0.19589180630250538
2025-11-20,IWM,EWMA,0.18881456945049102,0.19895117718481176
2025-11-21,IWM,EWMA,0.16980794092812249,0.21239144474798707
2025-11-24,IWM,EWMA,0.16440747887257176,0.2154815051554025
2025-11-25,IWM,EWMA,0.14845762375819058,0.22049964479525305
2025-11-26,IWM,EWMA,0.14782642939103133,0.21823496624212604
2025-11-28,IWM,EWMA,0.14873021420638144,0.21525060193823423
2025-12-01,IWM,EWMA,0.14371352326933243,0.21524461793536281
2025-12-02,IWM,EWMA,0.14644631553952658,0.21195998567055627
2025-12-03,IWM,EWMA,0.13659660999142328,0.2142600905861059
2025-12-04,IWM,EWMA,0.14458861087445962,0.21197166530967945
2025-12-05,IWM,EWMA,0.15038144724256694,0.20918583405415112
2025-12-08,IWM,EWMA,0.1508937118712736,0.20590083991071936
2025-12-09,IWM,EWMA,0.15483575666048183,0.20267664666862786
2025-12-10,IWM,EWMA,0.15008854743684943,0.20244823948643617
2025-12-11,IWM,EWMA,0.1456887830668795,0.20125845012748128
2025-12-12,IWM,EWMA,0.1325669361223282,0.20383600583066
2025-12-15,IWM,EWMA,0.12919654723766502,0.20214163572377192
2025-12-16,IWM,EWMA,0.12825669343562704,0.19960061176233743
2025-12-17,IWM,EWMA,0.11797098336148278,0.19906112465441714
2025-12-18,IWM,EWMA,0.12992396544139845,0.19651561345177837
2025-12-19,IWM,EWMA,0.1420579286492992,0.19460287842787238
2025-12-22,IWM,EWMA,0.13999212023794488,0.19362678238799622
2025-12-23,IWM,EWMA,0.15707203394713784,0.19160774253230445
2025-12-24,IWM,EWMA,0.15832515175439457,0.18863785493746146
2025-12-26,IWM,EWMA,0.15596130514047193,0.18645164372081707
2025-12-29,IWM,EWMA,0.15544209096342002,0.18453892193146076
2025-12-30,IWM,EWMA,0.1511867587856729,0.1830071632575225
2025-12-31,IWM,EWMA,0.15900382672768915,0.18147191983876246
2023-12-28,EFA,EWMA,0.11730972469650228,0.12476247101195155
2023-12-29,EFA,EWMA,0.1173685310511925,0.12281623106543064
2024-01-02,EFA,EWMA,0.11143488640374143,0.12619844185867116
2024-01-03,EFA,EWMA,0.11219262526414736,0.1266828239179149
2024-01-04,EFA,EWMA,0.11667584672950737,0.12473064710524745
2024-01-05,EFA,EWMA,0.11862149357942109,0.1227736322732831
2024-01-08,EFA,EWMA,0.11451780539763802,0.1236728496999969
2024-01-09,EFA,EWMA,0.10938177573295378,0.12513196584827543
2024-01-10,EFA,EWMA,0.1074120272113331,0.1240514392362406
2024-01-11,EFA,EWMA,0.10802805711206893,0.12216106426700823
2024-01-12,EFA,EWMA,0.10724537289538671,0.12050862885955153
2024-01-16,EFA,EWMA,0.10429098442124615,0.1290387553577533
2024-01-17,EFA,EWMA,0.1042004083724165,0.13019399847714064
2024-01-18,EFA,EWMA,0.10681391388325466,0.13026915496708535
2024-01-19,EFA,EWMA,0.10676938910157834,0.12829544648509766
2024-01-22,EFA,EWMA,0.10702396562381877,0.12644569749243972
2024-01-23,EFA,EWMA,0.10585509573962588,0.12486993675703319
2024-01-24,EFA,EWMA,0.10927800125291032,0.12436924319919361
2024-01-25,EFA,EWMA,0.10923117012866712,0.12252413173255143
2024-01-26,EFA,EWMA,0.10931878191264854,0.12097152649570628
2024-01-29,EFA,EWMA,0.10821597931913128,0.11980145655330027
2024-01-30,EFA,EWMA,0.11081753277105681,0.11813002662572408
2024-01-31,EFA,EWMA,0.10849590367758144,0.11754739256910623
2024-02-01,EFA,EWMA,0.10833894705795835,0.1182944833513077
2024-02-02,EFA,EWMA,0.10371939596262808,0.11920985508358178
2024-02-05,EFA,EWMA,0.10125291610393178,0.11863112354211808
2024-02-06,EFA,EWMA,0.10623363578608766,0.11772002562889601
2024-02-07,EFA,EWMA,0.11091714237487474,0.11593677643988318
2024-02-08,EFA,EWMA,0.11188642265314949,0.11434162834338235
2024-02-09,EFA,EWMA,0.11574567988398897,0.11278497409812759
2024-02-12,EFA,EWMA,0.11746017368167261,0.11103373116120477
2024-02-13,EFA,EWMA,0.09684462017953001,0.11844369691931242
2024-02-14,EFA,EWMA,0.09936503779646598,0.12033915096846534
2024-02-15,EFA,EWMA,0.09392292039815905,0.12201664229696574
2024-02-16,EFA,EWMA,0.09423046558976228,0.120103808429026
2024-02-20,EFA,EWMA,0.09385194824741497,0.11850589648597609
2024-02-21,EFA,EWMA,0.09889484322123264,0.11664436751545068
2024-02-22,EFA,EWMA,0.09332424762164426,0.11815716044367416
2024-02-23,EFA,EWMA,0.09425995479811637,0.11629732483696348
2024-02-26,EFA,EWMA,0.09458014423326962,0.11474714134360345
2024-02-27,EFA,EWMA,0.09445333488391906,0.11300169122114806
2024-02-28,EFA,EWMA,0.09190579723987087,0.11303279921014872
2024-02-29,EFA,EWMA,0.09302575671841064,0.11132133194775139
2024-03-01,EFA,EWMA,0.09023457156891927,0.11205388085222572
2024-03-04,EFA,EWMA,0.0939096297828613,0.11086770178612425
2024-03-05,EFA,EWMA,0.09489585199119385,0.10947786562544257
2024-03-06,EFA,EWMA,0.09203471030386615,0.1116545240518238
2024-03-07,EFA,EWMA,0.082091573287065,0.1134839071763912
2024-03-08,EFA,EWMA,0.08335545741968901,0.1126277983892012
2024-03-11,EFA,EWMA,0.08054490370610747,0.11277668113549442
2024-03-12,EFA,EWMA,0.08885864945610891,0.11244050706224958
2024-03-13,EFA,EWMA,0.089638010937678,0.11075883583375863
2024-03-14,EFA,EWMA,0.1032310356539713,0.1118571980313356
2024-03-15,EFA,EWMA,0.10330833716508898,0.11013149838832041
2024-03-18,EFA,EWMA,0.10772783910401998,0.10848998946872451
2024-03-19,EFA,EWMA,0.10732356056875038,0.1067892239124962
2024-03-20,EFA,EWMA,0.09695772385729262,0.10821801286787949
2024-03-21,EFA,EWMA,0.09724335023003441,0.10667609882777387
2024-03-22,EFA,EWMA,0.10920783089235285,0.10549444011821296
2024-03-25,EFA,EWMA,0.117869950489965,0.10430724797187585
2024-03-26,EFA,EWMA,0.11762590031995836,0.10266584516694115
2024-03-27,EFA,EWMA,0.11503147336260909,0.10189315245012967
2024-03-28,EFA,EWMA,0.12002915990414247,0.10081962594530815
2024-04-01,EFA,EWMA,0.12073334377526367,0.10045427073845967
2024-04-02,EFA,EWMA,0.12618449720237657,0.10149691116602017
2024-04-03,EFA,EWMA,0.12375262839051404,0.10073202017766594
2024-04-04,EFA,EWMA,0.13134464514237773,0.10272770953510674
2024-04-05,EFA,EWMA,0.1358769140007336,0.10133324866587969
2024-04-08,EFA,EWMA,0.1369547698808696,0.10038703021912958
2024-04-09,EFA,EWMA,0.13725560441320725,0.0988522067560887
2024-04-10,EFA,EWMA,0.12782404188634472,0.10506941547810586
2024-04-11,EFA,EWMA,0.12997799859683873,0.10359566445332756
2024-04-12,EFA,EWMA,0.11262063041204874,0.11224754732138821
2024-04-15,EFA,EWMA,0.11137292639148516,0.11079585825239872
2024-04-16,EFA,EWMA,0.10324319124416964,0.1124436569438997
2024-04-17,EFA,EWMA,0.10623096815107115,0.11071032628121594
2024-04-18,EFA,EWMA,0.10866896086288164,0.10917295396040688
2024-04-19,EFA,EWMA,0.1081071715334174,0.10747765496010593
2024-04-22,EFA,EWMA,0.10408958561337918,0.11095379861717461
2024-04-23,EFA,EWMA,0.10089666690076479,0.11332262292121915
2024-04-24,EFA,EWMA,0.10841515026673075,0.11171319707887252
2024-04-25,EFA,EWMA,0.10878377529505129,0.1107942503628216
2024-04-26,EFA,EWMA,0.10892741727769852,0.11123976861294124
2024-04-29,EFA,EWMA,0.10898018928964452,0.10992044880729386
2024-04-30,EFA,EWMA,0.11502451421949438,0.1142450603855333
2024-05-01,EFA,EWMA,0.11653183565562511,0.11261887851341498
2024-05-02,EFA,EWMA,0.11228967209666516,0.11698215679956785
2024-05-03,EFA,EWMA,0.10831794259210463,0.11816621978107639
2024-05-06,EFA,EWMA,0.10688642885972761,0.11755170823214285
2024-05-07,EFA,EWMA,0.10878587061415597,0.11580420026534957
2024-05-08,EFA,EWMA,0.1085974298763521,0.114125151432722
2024-05-09,EFA,EWMA,0.11467284574668293,0.11389690004490986
2024-05-10,EFA,EWMA,0.11468449042534043,0.11212461255562797
2024-05-13,EFA,EWMA,0.12231713343045927,0.11040165117065236
2024-05-14,EFA,EWMA,0.1266472820706213,0.1101007693633689
2024-05-15,EFA,EWMA,0.1304147711722894,0.11141694511969695
2024-05-16,EFA,EWMA,0.13445256061385846,0.11135827262780941
2024-05-17,EFA,EWMA,0.13472078823298492,0.1097592404976025
2024-05-20,EFA,EWMA,0.1358563493236594,0.10804692698584649
2024-05-21,EFA,EWMA,0.13599367353912492,0.10666841188684477
2024-05-22,EFA,EWMA,0.13424372818939523,0.10919354408696204
2024-05-23,EFA,EWMA,0.13681895230777286,0.10878359315529305
2024-05-24,EFA,EWMA,0.13358620609059632,0.10903894798889996
2024-05-28,EFA,EWMA,0.13575561873269124,0.10738947537295628
2024-05-29,EFA,EWMA,0.12367694741259698,0.11567818675648905
2024-05-30,EFA,EWMA,0.11972568988327849,0.1159814420464403
2024-05-31,EFA,EWMA,0.11419534796665273,0.11678556189897715
2024-06-03,EFA,EWMA,0.11402987540471811,0.11506476016957577
2024-06-04,EFA,EWMA,0.1219804505158939,0.11342451300115504
2024-06-05,EFA,EWMA,0.12171508960732697,0.11289890426210636
2024-06-06,EFA,EWMA,0.12203205343526051,0.11130239590222633
2024-06-07,EFA,EWMA,0.11671456206027772,0.11460836290407347
2024-06-10,EFA,EWMA,0.12727646369383308,0.11288736530729554
2024-06-11,EFA,EWMA,0.11950174598297297,0.11618951545639314
2024-06-12,EFA,EWMA,0.1182471984262218,0.11862458009372939
2024-06-13,EFA,EWMA,0.11001645286776723,0.12412330201723584
2024-06-14,EFA,EWMA,0.10015734256643403,0.12621875695070064
2024-06-17,EFA,EWMA,0.10328419268634226,0.12474300258243849
2024-06-18,EFA,EWMA,0.11075204632256405,0.12326077883591614
2024-06-20,EFA,EWMA,0.11361653677980903,0.12132655302843309
2024-06-21,EFA,EWMA,0.11493485921965352,0.12109339238777553
2024-06-24,EFA,EWMA,0.11499182979120454,0.12123161294116255
2024-06-25,EFA,EWMA,0.12442315964390753,0.11948066011511466
2024-06-26,EFA,EWMA,0.12364906530593824,0.11952083296533676
2024-06-27,EFA,EWMA,0.1314190117849117,0.11765609331690756
2024-06-28,EFA,EWMA,0.13266973047900837,0.11584293011001126
2024-07-01,EFA,EWMA,0.1327455695755942,0.11411585150786972
2024-07-02,EFA,EWMA,0.14112622712741948,0.11249668121323497
2024-07-03,EFA,EWMA,0.16699088960420766,0.1150016895777094
2024-07-05,EFA,EWMA,0.1726099635385174,0.11444683825059818
2024-07-08,EFA,EWMA,0.18663646459690586,0.11378130117938996
2024-07-09,EFA,EWMA,0.18725900854044333,0.11271904906606868
2024-07-10,EFA,EWMA,0.1791197368724907,0.11721032343201392
2024-07-11,EFA,EWMA,0.19132300880674472,0.11549830371559715
2024-07-12,EFA,EWMA,0.18674640937812187,0.11682999570220008
2024-07-15,EFA,EWMA,0.1853612386013544,0.11836927328267736
2024-07-16,EFA,EWMA,0.19631715487221552,0.11701142432260164
2024-07-17,EFA,EWMA,0.1966781762776973,0.1165111439145258
2024-07-18,EFA,EWMA,0.199192733047833,0.11853748208371595
2024-07-19,EFA,EWMA,0.19877823917734716,0.11812433053485896
2024-07-22,EFA,EWMA,0.19993882741384275,0.11969608916836316
2024-07-23,EFA,EWMA,0.19909744970294188,0.11907712135804722
2024-07-24,EFA,EWMA,0.19465025386849907,0.12276993167388486
2024-07-25,EFA,EWMA,0.1943948974071352,0.12212582090482962
2024-07-26,EFA,EWMA,0.19936146659763151,0.12543049726661956
2024-07-29,EFA,EWMA,0.19938772937653962,0.12412380356796233
2024-07-30,EFA,EWMA,0.19958533184197896,0.12232443373968445
2024-07-31,EFA,EWMA,0.19547778773268945,0.1264706174771364
2024-08-01,EFA,EWMA,0.1646770912693338,0.14603508487457828
2024-08-02,EFA,EWMA,0.14931014753026997,0.15011754634745147
2024-08-05,EFA,EWMA,0.13624629737496763,0.15918988075691812
2024-08-06,EFA,EWMA,0.1393441956243842,0.15693103341804493
2024-08-07,EFA,EWMA,0.1398263867562556,0.15539215339137635
2024-08-08,EFA,EWMA,0.15215949158250527,0.16074708111643246
2024-08-09,EFA,EWMA,0.15481389414567373,0.15870726355542475
2024-08-12,EFA,EWMA,0.15650518013251494,0.15621270911214427
2024-08-13,EFA,EWMA,0.14685189418906994,0.1613139513044344
2024-08-14,EFA,EWMA,0.14866468586116108,0.15909061804088906
2024-08-15,EFA,EWMA,0.14339120980087378,0.160053200187534
2024-08-16,EFA,EWMA,0.14473926506785878,0.1581302146277618
2024-08-19,EFA,EWMA,0.14052389278430083,0.15885027680068223
2024-08-20,EFA,EWMA,0.14055802051408464,0.15677480512095426
2024-08-21,EFA,EWMA,0.1535258745039288,0.15601412952699467
2024-08-22,EFA,EWMA,0.15648472275335418,0.1548183124173205
2024-08-23,EFA,EWMA,0.1427702186067405,0.15970908945118564
2024-08-26,EFA,EWMA,0.14335896735259337,0.15807654148900685
2024-08-27,EFA,EWMA,0.1438545447833809,0.15585335818463492
2024-08-28,EFA,EWMA,0.16277093371254403,0.1540132966996295
2024-08-29,EFA,EWMA,0.16439461561067112,0.15174413642682247
2024-08-30,EFA,EWMA,0.1649870811334327,0.14935552416250353
2024-09-03,EFA,EWMA,0.15640121223942094,0.1546690889168934
2024-09-04,EFA,EWMA,0.15557448059879767,0.15292985227031142
2024-09-05,EFA,EWMA,0.15979769004974242,0.15052567904246547
2024-09-06,EFA,EWMA,0.1431640165843106,0.15791844069187097
2024-09-09,EFA,EWMA,0.14187717471787095,0.15787888134044836
2024-09-10,EFA,EWMA,0.14051390462270794,0.15609551386678142
2024-09-11,EFA,EWMA,0.13934033016841535,0.1544815884371462
2024-09-12,EFA,EWMA,0.13673166337291778,0.15358867738457355
2024-09-13,EFA,EWMA,0.13762628160306378,0.1512469473737625
2024-09-16,EFA,EWMA,0.1350477461329797,0.15028779204765333
2024-09-17,EFA,EWMA,0.1466841936583413,0.14902274300628787
2024-09-18,EFA,EWMA,0.14663112948734816,0.1470704971131647
2024-09-19,EFA,EWMA,0.12705291784378722,0.1541261378930704
2024-09-20,EFA,EWMA,0.12533621105557732,0.15480008298667403
2024-09-23,EFA,EWMA,0.13099086706206406,0.15258381251445227
2024-09-24,EFA,EWMA,0.12935967064065346,0.15082879389227966
2024-09-25,EFA,EWMA,0.13225197691086438,0.14954900732624912
2024-09-26,EFA,EWMA,0.10329808838449442,0.1583171413466054
2024-09-27,EFA,EWMA,0.10254303284866469,0.15724188231563843
2024-09-30,EFA,EWMA,0.10891582780114153,0.1553257095391501
2024-10-01,EFA,EWMA,0.10716264475772555,0.15472846698619988
2024-10-02,EFA,EWMA,0.10851073736331704,0.15250653882734608
2024-10-03,EFA,EWMA,0.10619613492297428,0.15271828629721423
2024-10-04,EFA,EWMA,0.10340269547304216,0.15105804761274058
2024-10-07,EFA,EWMA,0.10289945066303062,0.14967984805345316
2024-10-08,EFA,EWMA,0.1107518536092124,0.14742870002460218
2024-10-09,EFA,EWMA,0.120474127355923,0.14510721227210224
2024-10-10,EFA,EWMA,0.13456606082828973,0.1428895267864901
2024-10-11,EFA,EWMA,0.1399661838602174,0.14127479851059596
2024-10-15,EFA,EWMA,0.14200792056629907,0.1470617979664171
2024-10-16,EFA,EWMA,0.14143813264661023,0.14493540944024608
2024-10-17,EFA,EWMA,0.142102996246045,0.142653199015299
2024-10-18,EFA,EWMA,0.13786162274198122,0.1416501386805168
2024-10-21,EFA,EWMA,0.13677683722514553,0.14344966065089385
2024-10-22,EFA,EWMA,0.13615739146634384,0.14202959220265038
2024-10-23,EFA,EWMA,0.13275669072043214,0.14241916263156393
2024-10-24,EFA,EWMA,0.1302393600633806,0.141258825696765
2024-10-25,EFA,EWMA,0.1316386740598117,0.13927345485977624
2024-10-28,EFA,EWMA,0.12930152985631507,0.1391149158682807
2024-10-29,EFA,EWMA,0.1299772054934557,0.1372393036305849
2024-10-30,EFA,EWMA,0.13103914963482988,0.136151702298773
2024-10-31,EFA,EWMA,0.1390307909071109,0.1349119674233327
2024-11-01,EFA,EWMA,0.1392158352100954,0.133008938598217
2024-11-04,EFA,EWMA,0.14070870793522372,0.1309729462730573
2024-11-05,EFA,EWMA,0.13595138075613744,0.13218663856036314
2024-11-06,EFA,EWMA,0.12611802058422003,0.13604655580653904
2024-11-07,EFA,EWMA,0.114026832686175,0.14093605128455022
2024-11-08,EFA,EWMA,0.10178461399810187,0.14385836555839507
2024-11-12,EFA,EWMA,0.08316405717508424,0.15027292016685098
2024-11-13,EFA,EWMA,0.08702996749167519,0.1484865270228297
2024-11-14,EFA,EWMA,0.08807857457659315,0.14646207845888876
2024-11-15,EFA,EWMA,0.08786372033083813,0.14430478575609126
2024-11-18,EFA,EWMA,0.08665384518167145,0.14327767761103127
2024-11-19,EFA,EWMA,0.12523481922947496,0.14102191450753254
2024-11-20,EFA,EWMA,0.1253519813519105,0.13887079275412106
2024-11-21,EFA,EWMA,0.12554615766327049,0.13674265619835627
2024-11-22,EFA,EWMA,0.1271639546781235,0.13531098235838476
2024-11-25,EFA,EWMA,0.1263374723237488,0.13426743481702888
2024-11-26,EFA,EWMA,0.12622507723695547,0.13288377690379877
2024-11-27,EFA,EWMA,0.12454916443444183,0.13198053767479734
2024-11-29,EFA,EWMA,0.11502460005535496,0.1356278288003254
2024-12-02,EFA,EWMA,0.11407178984236817,0.13376913294026585
2024-12-03,EFA,EWMA,0.1108754469694229,0.13267621830630097
2024-12-04,EFA,EWMA,0.11283244914683996,0.13060488147835575
2024-12-05,EFA,EWMA,0.1175706487622631,0.12926595471984617
2024-12-06,EFA,EWMA,0.11747795401300136,0.1272324051749305
2024-12-09,EFA,EWMA,0.11740943240870712,0.12524666562449618
2024-12-10,EFA,EWMA,0.12450070729664726,0.1258804312233895
2024-12-11,EFA,EWMA,0.12052098072931657,0.12519480186378
2024-12-12,EFA,EWMA,0.11999644651270712,0.12565739395149988
2024-12-13,EFA,EWMA,0.1306174071478707,0.12388034633387406
2024-12-16,EFA,EWMA,0.13217373259785983,0.12221065253298176
2024-12-17,EFA,EWMA,0.13318978746273766,0.12032998909194051
2024-12-18,EFA,EWMA,0.11848818672121995,0.1365130663044999
2024-12-19,EFA,EWMA,0.11803651358670429,0.13447452347208186
2024-12-20,EFA,EWMA,0.11872005219697074,0.13242385231011128
2024-12-23,EFA,EWMA,0.11833721012397144,0.13214819471364275
2024-12-24,EFA,EWMA,0.11852873096850401,0.13070862538765216
2024-12-26,EFA,EWMA,0.1187216168588538,0.12961489813549326
2024-12-27,EFA,EWMA,0.11832470884262643,0.12758789195685522
2024-12-30,EFA,EWMA,0.11792088888656259,0.12661673797842207
2024-12-31,EFA,EWMA,0.12540768917587244,0.12465137290807721
2025-01-02,EFA,EWMA,0.13376107578866775,0.12288767085678359
2025-01-03,EFA,EWMA,0.13786898047534965,0.1218761872774904
2025-01-06,EFA,EWMA,0.13801172354678015,0.1233436673189199
2025-01-07,EFA,EWMA,0.1377687247606574,0.12140339329337466
2025-01-08,EFA,EWMA,0.1436801212672262,0.11952685847150978
2025-01-10,EFA,EWMA,0.1285752156927523,0.1246300588743921
2025-01-13,EFA,EWMA,0.12661424240215974,0.122767292892043
2025-01-14,EFA,EWMA,0.12661423534593405,0.12153387441153786
2025-01-15,EFA,EWMA,0.12602095975354305,0.12549521674767514
2025-01-16,EFA,EWMA,0.1261169156947586,0.1245054740094285
2025-01-17,EFA,EWMA,0.12680096314827954,0.12314869080773687
2025-01-21,EFA,EWMA,0.1203868711662292,0.13359798742594195
2025-01-22,EFA,EWMA,0.11954980418378373,0.13171473864698852
2025-01-23,EFA,EWMA,0.1213165670420091,0.13144865503356182
2025-01-24,EFA,EWMA,0.12069520221405407,0.13011730696489052
2025-01-27,EFA,EWMA,0.12353055383894038,0.1280851632334618
2025-01-28,EFA,EWMA,0.12300289921432488,0.12618972367512993
2025-01-29,EFA,EWMA,0.1317174139901832,0.12422192412318028
2025-01-30,EFA,EWMA,0.12690150599279756,0.12558057667398068
2025-01-31,EFA,EWMA,0.12536138549813983,0.12693830369001102
2025-02-03,EFA,EWMA,0.11473594170774075,0.12965416387285772
2025-02-04,EFA,EWMA,0.13365944006848873,0.13143638827215887
2025-02-05,EFA,EWMA,0.13954568525855568,0.1318082598786007
2025-02-06,EFA,EWMA,0.1423086245568117,0.13017532960885744
2025-02-07,EFA,EWMA,0.16553416009458566,0.13142275392869493
2025-02-10,EFA,EWMA,0.16538225086962852,0.1304567754619402
2025-02-11,EFA,EWMA,0.16628307614369453,0.12885163456590634
2025-02-12,EFA,EWMA,0.16840310571189132,0.12704987361918332
2025-02-13,EFA,EWMA,0.17511682214989277,0.1287297885395722
2025-02-14,EFA,EWMA,0.17869931575959677,0.1267024938220493
2025-02-18,EFA,EWMA,0.17757089405932688,0.1257328838597206
2025-02-19,EFA,EWMA,0.17222079533022522,0.12814899500092852
2025-02-20,EFA,EWMA,0.17568685786738453,0.12648911660657236
2025-02-21,EFA,EWMA,0.17566485727947279,0.1262670694495285
2025-02-24,EFA,EWMA,0.17560288008008865,0.12436949964467457
2025-02-25,EFA,EWMA,0.1739723501738614,0.12441983659594164
2025-02-26,EFA,EWMA,0.18108932192095858,0.12246041047265281
2025-02-27,EFA,EWMA,0.17571421382361754,0.12557381429736308
2025-02-28,EFA,EWMA,0.17920306637730374,0.12364041654549789
2025-03-03,EFA,EWMA,0.1777269154703947,0.12486049179493941
2025-03-04,EFA,EWMA,0.17785780548097244,0.12296417573837144
2025-03-05,EFA,EWMA,0.15427693638940038,0.13616143250403087
2025-03-06,EFA,EWMA,0.1668606625663449,0.13829600373885403
2025-03-07,EFA,EWMA,0.2828472658844938,0.13832474190918
2025-03-10,EFA,EWMA,0.2833341548324812,0.15373660813443257
2025-03-11,EFA,EWMA,0.2833319751771322,0.15180963045966087
2025-03-12,EFA,EWMA,0.4005877530896807,0.15044449781302252
2025-03-13,EFA,EWMA,0.40511784785307314,0.14962784339351065
2025-03-14,EFA,EWMA,0.410341175060358,0.1550271725952906
2025-03-17,EFA,EWMA,0.41013471409225954,0.1550115620003722
2025-03-18,EFA,EWMA,0.4122303290372175,0.15265076713090572
2025-03-19,EFA,EWMA,0.4117484792062911,0.15029318393046973
2025-03-20,EFA,EWMA,0.41392821142958147,0.15054806251820302
2025-03-21,EFA,EWMA,0.41383192911394334,0.14965318622512647
2025-03-24,EFA,EWMA,0.4213587688125607,0.14733537124097673
2025-03-25,EFA,EWMA,0.42109832980556816,0.14553693686724753
2025-03-26,EFA,EWMA,0.4213470665671749,0.14863280988032707
2025-03-27,EFA,EWMA,0.42152950071946627,0.1463447761726217
2025-03-28,EFA,EWMA,0.4205051315110149,0.14656655625909806
2025-03-31,EFA,EWMA,0.4187677879194909,0.14660629928901203
2025-04-01,EFA,EWMA,0.41890715943943035,0.14434046153199973
2025-04-02,EFA,EWMA,0.4192627288900266,0.14218503220571918
2025-04-03,EFA,EWMA,0.41470400135860624,0.15220376583330344
2025-04-04,EFA,EWMA,0.3170354169202381,0.24120391058263455
2025-04-07,EFA,EWMA,0.2966215370126509,0.24513431809861677
2025-04-08,EFA,EWMA,0.29659664202959424,0.24127467444516498
2025-04-09,EFA,EWMA,0.16620835262740946,0.3208920829061144
2025-04-10,EFA,EWMA,0.13956761638892057,0.3203120742255878
2025-04-11,EFA,EWMA,0.11960553225746813,0.32353479290976567
2025-04-14,EFA,EWMA,0.11778910858645698,0.3199757173747904
2025-04-15,EFA,EWMA,0.12029905295928243,0.3159697186068702
2025-04-16,EFA,EWMA,0.11996645968978185,0.3111881412677064
2025-04-17,EFA,EWMA,0.11742477182718554,0.30776329795223456
2025-04-21,EFA,EWMA,0.1139943953842975,0.303339163245477
2025-04-22,EFA,EWMA,0.09692796508411984,0.303896843234166
2025-04-23,EFA,EWMA,0.10259350276026741,0.2992462069692527
2025-04-24,EFA,EWMA,0.09604339463122223,0.2965342894760573
2025-04-25,EFA,EWMA,0.09585098142063715,0.2919864484708342
2025-04-28,EFA,EWMA,0.10418904101654834,0.2877645801362631
2025-04-29,EFA,EWMA,0.11587091673552596,0.28323587725009663
2025-04-30,EFA,EWMA,0.1155426153247175,0.278877180076893
2025-05-01,EFA,EWMA,0.11379473492473936,0.2747884104364687
2025-05-02,EFA,EWMA,0.1008619196811602,0.2749112233599559
2025-05-05,EFA,EWMA,0.10657400447236172,0.2705818225175859
2025-05-06,EFA,EWMA,0.10646212877476705,0.26646255827198984
2025-05-07,EFA,EWMA,0.10511022533938,0.2626537806069834
2025-05-08,EFA,EWMA,0.1031480515389347,0.25890569846046896
2025-05-09,EFA,EWMA,0.10306594386863986,0.25501072919228474
2025-05-12,EFA,EWMA,0.10249468935584195,0.25119068302447084
2025-05-13,EFA,EWMA,0.10328289755105237,0.24723694072782548
2025-05-14,EFA,EWMA,0.10211856859076666,0.24401653415134053
2025-05-15,EFA,EWMA,0.11061446573248253,0.2416017502086303
2025-05-16,EFA,EWMA,0.11091646556322284,0.2378019418102268
2025-05-19,EFA,EWMA,0.11652972263663713,0.2350417076668583
2025-05-20,EFA,EWMA,0.11545697313405326,0.23146831338222895
2025-05-21,EFA,EWMA,0.11807716990324028,0.22890115429896357
2025-05-22,EFA,EWMA,0.1210729637768703,0.2253949358927151
2025-05-23,EFA,EWMA,0.12810877461798742,0.22184782758535002
2025-05-27,EFA,EWMA,0.11931264948651371,0.22119561876951674
2025-05-28,EFA,EWMA,0.11761829780847698,0.22104546040461745
2025-05-29,EFA,EWMA,0.12047355119667079,0.21769399881740484
2025-05-30,EFA,EWMA,0.12049292920573948,0.21426747267743068
2025-06-02,EFA,EWMA,0.1155016769981493,0.2123302042625488
2025-06-03,EFA,EWMA,0.11159828054767634,0.2107110304966248
2025-06-04,EFA,EWMA,0.11090575824017576,0.2075311028143377
2025-06-05,EFA,EWMA,0.11848186187515893,0.204382473594905
2025-06-06,EFA,EWMA,0.12054948695319755,0.20122666649446735
2025-06-09,EFA,EWMA,0.12298100076174531,0.19813052915547308
2025-06-10,EFA,EWMA,0.12310028440852044,0.1950137296262583
2025-06-11,EFA,EWMA,0.12837066660124824,0.19217812675864152
2025-06-12,EFA,EWMA,0.12550078401355297,0.18989346575075242
2025-06-13,EFA,EWMA,0.1224560816302131,0.19135798455883554
2025-06-16,EFA,EWMA,0.12259238313822064,0.1884605029136686
2025-06-17,EFA,EWMA,0.11346103309828082,0.18942119421078066
2025-06-18,EFA,EWMA,0.11419088090650699,0.18644855964686538
2025-06-20,EFA,EWMA,0.10924278876989678,0.18562376576544903
2025-06-23,EFA,EWMA,0.10799142119479575,0.18367343906742525
2025-06-24,EFA,EWMA,0.1310333322306058,0.18344176755143124
2025-06-25,EFA,EWMA,0.1327060572358394,0.18152760594123343
2025-06-26,EFA,EWMA,0.1284206833534043,0.18085094778710445
2025-06-27,EFA,EWMA,0.13896254648246345,0.17925945826632028
2025-06-30,EFA,EWMA,0.13911910865425625,0.17646110752252853
2025-07-01,EFA,EWMA,0.14128885883165576,0.1739202637233263
2025-07-02,EFA,EWMA,0.14530702344892843,0.17122699205761935
2025-07-03,EFA,EWMA,0.14531067280963805,0.1685696714976482
2025-07-07,EFA,EWMA,0.14924334038246942,0.16946041764896716
2025-07-08,EFA,EWMA,0.14668538079337656,0.16768541549125868
2025-07-09,EFA,EWMA,0.14604538142364687,0.16594068565510103
2025-07-10,EFA,EWMA,0.14981601372424203,0.16343783508470855
2025-07-11,EFA,EWMA,0.14678166700519024,0.16377699347706773
2025-07-14,EFA,EWMA,0.1478415138437426,0.16122561610618028
2025-07-15,EFA,EWMA,0.14717296972044544,0.16191474936906627
2025-07-16,EFA,EWMA,0.14774619508560494,0.15964536719351105
2025-07-17,EFA,EWMA,0.14783440515932086,0.1572118495845541
2025-07-18,EFA,EWMA,0.14753796688092,0.15507319126877941
2025-07-21,EFA,EWMA,0.1474529451701935,0.15316121805237592
2025-07-22,EFA,EWMA,0.1469001736078656,0.15129845401864633
2025-07-23,EFA,EWMA,0.11964981620686792,0.1626912499236105
2025-07-24,EFA,EWMA,0.11869490789965793,0.16216939775829323
2025-07-25,EFA,EWMA,0.128897123688754,0.1597894333142194
2025-07-28,EFA,EWMA,0.12391203709621156,0.16473154957842945
2025-07-29,EFA,EWMA,0.12360581426113856,0.16233133493647775
2025-07-30,EFA,EWMA,0.12022233696135848,0.16130135989783567
2025-07-31,EFA,EWMA,0.11074516010820686,0.16184375329190512
2025-08-01,EFA,EWMA,0.11332022182922995,0.15948195073621457
2025-08-04,EFA,EWMA,0.11361636036656783,0.16118097784144864
2025-08-05,EFA,EWMA,0.11351656468055475,0.15865073929190082
2025-08-06,EFA,EWMA,0.11398176618034195,0.15706954011099317
2025-08-07,EFA,EWMA,0.11107612110170513,0.15631682545380463
2025-08-08,EFA,EWMA,0.1141995710479488,0.1545363931386896
2025-08-11,EFA,EWMA,0.11368820704408668,0.1528099692999207
2025-08-12,EFA,EWMA,0.10630103938479488,0.15363225946537043
2025-08-13,EFA,EWMA,0.11044472228638949,0.15179531765107082
2025-08-14,EFA,EWMA,0.1117882877473559,0.14944770202195037
2025-08-15,EFA,EWMA,0.11229134615397121,0.14763095178006902
2025-08-18,EFA,EWMA,0.11282197184112161,0.1454837996028893
2025-08-19,EFA,EWMA,0.1139102638798013,0.14323890773046227
2025-08-20,EFA,EWMA,0.11401800424873483,0.14111609303517558
2025-08-21,EFA,EWMA,0.11241145736838065,0.14055540207771378
2025-08-22,EFA,EWMA,0.09963225924567158,0.14351126343288959
2025-08-25,EFA,EWMA,0.08683252862686724,0.14722700395379903
2025-08-26,EFA,EWMA,0.08963188176361554,0.1450440292241838
2025-08-27,EFA,EWMA,0.09310258746193907,0.14309040154394917
2025-08-28,EFA,EWMA,0.09616224360919139,0.1410396886641265
2025-08-29,EFA,EWMA,0.09401330896249198,0.14016309088323087
2025-09-02,EFA,EWMA,0.08561560992136408,0.14115946323268036
2025-09-03,EFA,EWMA,0.08885505939062294,0.13896573545645932
2025-09-04,EFA,EWMA,0.08653519424164528,0.1380429780331611
2025-09-05,EFA,EWMA,0.0893036770436439,0.13626260381738214
2025-09-08,EFA,EWMA,0.08393904076605507,0.1364875775992854
2025-09-09,EFA,EWMA,0.08994337438604916,0.13492337404435933
2025-09-10,EFA,EWMA,0.09002967041113134,0.1328429940566161
2025-09-11,EFA,EWMA,0.08906229211405899,0.13343947030630568
2025-09-12,EFA,EWMA,0.11084731698069583,0.13214896122869962
2025-09-15,EFA,EWMA,0.11207828736194653,0.13097586612330855
2025-09-16,EFA,EWMA,0.11295305689800192,0.12941007062128512
2025-09-17,EFA,EWMA,0.11323842820412679,0.1281056786653503
2025-09-18,EFA,EWMA,0.1138736383925576,0.12633868956119296
2025-09-19,EFA,EWMA,0.11274972165652646,0.12511348559465454
2025-09-22,EFA,EWMA,0.11553166766810348,0.12330647313542473
2025-09-23,EFA,EWMA,0.11896142590578977,0.1216409875973717
2025-09-24,EFA,EWMA,0.11674671757788231,0.12118552458579852
2025-09-25,EFA,EWMA,0.11327838319698341,0.12127029257432606
2025-09-26,EFA,EWMA,0.11096374365074695,0.12104596058236028
2025-09-29,EFA,EWMA,0.1124226709371046,0.11946989998462941
2025-09-30,EFA,EWMA,0.1121538672308169,0.117944209541788
2025-10-01,EFA,EWMA,0.11147697440183661,0.11786224755857116
2025-10-02,EFA,EWMA,0.11274694017328653,0.11601343221525906
2025-10-03,EFA,EWMA,0.10881509071541805,0.11593616028174586
2025-10-06,EFA,EWMA,0.108417255450517,0.11414091440096717
2025-10-07,EFA,EWMA,0.11014502924219187,0.11583549016415301
2025-10-08,EFA,EWMA,0.11222304907725007,0.11413195664825761
2025-10-09,EFA,EWMA,0.10853434338640366,0.11534260789367032
2025-10-10,EFA,EWMA,0.08402415681695713,0.12574617974288688
2025-10-14,EFA,EWMA,0.08904086522626568,0.1243366418476387
2025-10-15,EFA,EWMA,0.08969698868074034,0.12300133384520541
2025-10-16,EFA,EWMA,0.09820635072306316,0.12177011410324873
2025-10-17,EFA,EWMA,0.09884586464907669,0.11989501421634992
2025-10-20,EFA,EWMA,0.10523080249281849,0.1198553762083025
2025-10-21,EFA,EWMA,0.11176903722828244,0.12020793012749982
2025-10-22,EFA,EWMA,0.11199876030205623,0.1184654031131365
2025-10-23,EFA,EWMA,0.1187170417922708,0.11714390854365175
2025-10-24,EFA,EWMA,0.13330437475409015,0.1153236445041736
2025-10-27,EFA,EWMA,0.13006067433852905,0.11480012480943624
2025-10-28,EFA,EWMA,0.13858497481798854,0.1130556579453606
2025-10-29,EFA,EWMA,0.1435318669895242,0.11276478456950119
2025-10-30,EFA,EWMA,0.14310480953177993,0.11190081988906714
2025-10-31,EFA,EWMA,0.14405664266559975,0.11040534510603789
2025-11-03,EFA,EWMA,0.14451825501983684,0.10866659386801977
2025-11-04,EFA,EWMA,0.1399280619427438,0.11107375634419253
2025-11-05,EFA,EWMA,0.1386702316868454,0.11071406002546787
2025-11-06,EFA,EWMA,0.13823371813402982,0.10919987390204858
2025-11-07,EFA,EWMA,0.13857371062130802,0.10791832895228756
2025-11-10,EFA,EWMA,0.1337456119027928,0.1098820685771237
2025-11-12,EFA,EWMA,0.13703810626127505,0.10914112760400509
2025-11-13,EFA,EWMA,0.1325488408274313,0.11212656837495741
2025-11-14,EFA,EWMA,0.13335396753104253,0.11073972489631204
2025-11-17,EFA,EWMA,0.12462629172779605,0.1152560740606048
2025-11-18,EFA,EWMA,0.11812670499719016,0.1190712284107053
2025-11-19,EFA,EWMA,0.11831020426636177,0.11741086480674637
2025-11-20,EFA,EWMA,0.10283694849562927,0.12141794703667777
2025-11-21,EFA,EWMA,0.09222404877492861,0.12783791771245015
2025-11-24,EFA,EWMA,0.09287154389680197,0.1258785075318585
2025-11-25,EFA,EWMA,0.08647877088098568,0.12855508493495724
2025-11-26,EFA,EWMA,0.08018699489470645,0.13015164988517783
2025-11-28,EFA,EWMA,0.08169813180600458,0.12838468951261192
2025-12-01,EFA,EWMA,0.07810224376025876,0.12723893355311053
2025-12-02,EFA,EWMA,0.0807167792641905,0.12553902478069617
2025-12-03,EFA,EWMA,0.08589462603275996,0.12434900162431217
2025-12-04,EFA,EWMA,0.09253191461580698,0.12254741229778728
2025-12-05,EFA,EWMA,0.09222956371228697,0.12062752805487338
2025-12-08,EFA,EWMA,0.09274126055169354,0.11916895675233431
2025-12-09,EFA,EWMA,0.09214977081524403,0.11739807910141734
2025-12-10,EFA,EWMA,0.08964226636507336,0.11931369299540294
2025-12-11,EFA,EWMA,0.08973409776449781,0.11831916775280141
2025-12-12,EFA,EWMA,0.09027226008216666,0.11770361871624214
2025-12-15,EFA,EWMA,0.0895633943668052,0.11682814303181993
2025-12-16,EFA,EWMA,0.08659017076906533,0.1160003035132693
2025-12-17,EFA,EWMA,0.07741774669503709,0.11678414293979973
2025-12-18,EFA,EWMA,0.09870964024370969,0.11644537801913434
2025-12-19,EFA,EWMA,0.10185206327408677,0.11587083821191607
2025-12-22,EFA,EWMA,0.10210119941588497,0.11414554327508147
2025-12-23,EFA,EWMA,0.10177853983055335,0.11331051958434697
2025-12-24,EFA,EWMA,0.10233723200392426,0.11152778921053809
2025-12-26,EFA,EWMA,0.11361871722250676,0.10978548660409737
2025-12-29,EFA,EWMA,0.12170939069809643,0.1086439323613855
2025-12-30,EFA,EWMA,0.12261976541267888,0.10695286455120616
2025-12-31,EFA,EWMA,0.12769596890604257,0.10626012316296007
2023-12-28,EEM,EWMA,0.14823444047177234,0.14773094388228283
2023-12-29,EEM,EWMA,0.14983178781372933,0.14550779835518518
2024-01-02,EEM,EWMA,0.14603433068249452,0.14783520113310214
2024-01-03,EEM,EWMA,0.1505975416370915,0.14664580907243244
2024-01-04,EEM,EWMA,0.1505134172511873,0.1447848501296865
2024-01-05,EEM,EWMA,0.1505181835874227,0.14251445875094765
2024-01-08,EEM,EWMA,0.17174264191925925,0.14039168519645032
2024-01-09,EEM,EWMA,0.16322999296157295,0.14436402210344154
2024-01-10,EEM,EWMA,0.16446123312190375,0.1422738172579709
2024-01-11,EEM,EWMA,0.1645183927806673,0.1404541462273396
2024-01-12,EEM,EWMA,0.16618626835101605,0.13853870985515326
2024-01-16,EEM,EWMA,0.1557703877271301,0.15304286012839585
2024-01-17,EEM,EWMA,0.14997899726695085,0.15606430609233904
2024-01-18,EEM,EWMA,0.1487772760750451,0.15563976125224824
2024-01-19,EEM,EWMA,0.14604043407344322,0.15622297434885035
2024-01-22,EEM,EWMA,0.14015162210971951,0.15566260941798896
2024-01-23,EEM,EWMA,0.13838727124466374,0.15528964540456214
2024-01-24,EEM,EWMA,0.13758842342550556,0.15605790623734783
2024-01-25,EEM,EWMA,0.13790328794005452,0.15363118438147225
2024-01-26,EEM,EWMA,0.13984352074218023,0.15121964280481395
2024-01-29,EEM,EWMA,0.13974354028525562,0.14884017793865925
2024-01-30,EEM,EWMA,0.14573312513163197,0.14828097502326784
2024-01-31,EEM,EWMA,0.14334488455043495,0.14672868357148014
2024-02-01,EEM,EWMA,0.1454307739846157,0.14696243254020247
2024-02-02,EEM,EWMA,0.1451652041062537,0.14488246086376586
2024-02-05,EEM,EWMA,0.15047496600497928,0.1426443833694238
2024-02-06,EEM,EWMA,0.13784626055744403,0.15364901497267053
2024-02-07,EEM,EWMA,0.13891792606377545,0.15123552667702841
2024-02-08,EEM,EWMA,0.13674786146024231,0.1498992382008376
2024-02-09,EEM,EWMA,0.13643182927389896,0.1479019453310996
2024-02-12,EEM,EWMA,0.13874281575893893,0.14690975889566846
2024-02-13,EEM,EWMA,0.1169467391313584,0.15484943470095675
2024-02-14,EEM,EWMA,0.11149340678224418,0.15725259172686173
2024-02-15,EEM,EWMA,0.11409571506003974,0.15518441450337828
2024-02-16,EEM,EWMA,0.1133099742291282,0.15312432645481983
2024-02-20,EEM,EWMA,0.11515852428086015,0.15071957843806222
2024-02-21,EEM,EWMA,0.12118253850718246,0.148360390124095
2024-02-22,EEM,EWMA,0.1163881115546957,0.14821711202002386
2024-02-23,EEM,EWMA,0.11954400539345539,0.1459687412796831
2024-02-26,EEM,EWMA,0.11821355948698956,0.14454160632701132
2024-02-27,EEM,EWMA,0.11817964981473103,0.14228755452782318
2024-02-28,EEM,EWMA,0.10668735061902733,0.14557560857931684
2024-02-29,EEM,EWMA,0.10700626828392552,0.14328357471061767
2024-03-01,EEM,EWMA,0.09910864301175473,0.14463413862579697
2024-03-04,EEM,EWMA,0.09875444439255708,0.14264100083012757
2024-03-05,EEM,EWMA,0.09140205563911603,0.14305419548568718
2024-03-06,EEM,EWMA,0.07951253581702951,0.145938483160349
2024-03-07,EEM,EWMA,0.07711085210442428,0.1443420158532202
2024-03-08,EEM,EWMA,0.07978735639834751,0.14219720238714667
2024-03-11,EEM,EWMA,0.08237333454818457,0.13999001018471705
2024-03-12,EEM,EWMA,0.08943721103615693,0.14045186715867936
2024-03-13,EEM,EWMA,0.09129414645429175,0.1388345414793524
2024-03-14,EEM,EWMA,0.12262519982780823,0.137813779365594
2024-03-15,EEM,EWMA,0.12282256660187715,0.13712917750800102
2024-03-18,EEM,EWMA,0.13031100281377775,0.13498902514041422
2024-03-19,EEM,EWMA,0.1296451488706214,0.1338497345703785
2024-03-20,EEM,EWMA,0.12282229450847745,0.13495859042973146
2024-03-21,EEM,EWMA,0.12268226951653026,0.13283379944945536
2024-03-22,EEM,EWMA,0.12867762386494921,0.13269199678095386
2024-03-25,EEM,EWMA,0.13258519021344892,0.13060242047845397
2024-03-26,EEM,EWMA,0.13332501730002586,0.12861756082446893
2024-03-27,EEM,EWMA,0.13343774248342774,0.12661948367142978
2024-03-28,EEM,EWMA,0.1392641511552322,0.12488039260515643
2024-04-01,EEM,EWMA,0.1432857958541264,0.12293484779977752
2024-04-02,EEM,EWMA,0.1518311171086753,0.12116023249245815
2024-04-03,EEM,EWMA,0.1518571326400876,0.11925414167344739
2024-04-04,EEM,EWMA,0.17667375103025762,0.11807514583010807
2024-04-05,EEM,EWMA,0.17885595951022953,0.11627703941686174
2024-04-08,EEM,EWMA,0.17785334735280384,0.11552385547876697
2024-04-09,EEM,EWMA,0.17816608924473584,0.11479717229803532
2024-04-10,EEM,EWMA,0.1700208129049044,0.12041545596188138
2024-04-11,EEM,EWMA,0.16923574816854864,0.11943054655714458
2024-04-12,EEM,EWMA,0.1428735683089514,0.13533881152077715
2024-04-15,EEM,EWMA,0.14001328548408037,0.13447032431278155
2024-04-16,EEM,EWMA,0.12614136040279997,0.13736821880268354
2024-04-17,EEM,EWMA,0.12691920243248073,0.13520745807336637
2024-04-18,EEM,EWMA,0.12722051838910034,0.1336617894262592
2024-04-19,EEM,EWMA,0.12321592107056206,0.13195963195663027
2024-04-22,EEM,EWMA,0.1247203533148262,0.13357655133988464
2024-04-23,EEM,EWMA,0.12896321672263525,0.1334756207021449
2024-04-24,EEM,EWMA,0.1311265795571715,0.1316906468145009
2024-04-25,EEM,EWMA,0.13637009922861046,0.1297289886635011
2024-04-26,EEM,EWMA,0.1323192989366037,0.13140291551617803
2024-04-29,EEM,EWMA,0.1298388857124971,0.13173059121248207
2024-04-30,EEM,EWMA,0.1314116922300523,0.13622940946025858
2024-05-01,EEM,EWMA,0.1323452432689868,0.13409057910742778
2024-05-02,EEM,EWMA,0.10315480675099464,0.1492040992019404
2024-05-03,EEM,EWMA,0.10505744163145109,0.14840936097461613
2024-05-06,EEM,EWMA,0.11570891518990796,0.14608132726571466
2024-05-07,EEM,EWMA,0.12894071362278964,0.14516201793432487
2024-05-08,EEM,EWMA,0.13011316557883038,0.14290593515809902
2024-05-09,EEM,EWMA,0.13595681075160637,0.14074588754266332
2024-05-10,EEM,EWMA,0.1375702124638504,0.13854747976755113
2024-05-13,EEM,EWMA,0.134825702737778,0.13744078157408468
2024-05-14,EEM,EWMA,0.13857135287575878,0.1356949494557415
2024-05-15,EEM,EWMA,0.1321877642634991,0.13587690604602193
2024-05-16,EEM,EWMA,0.13193488267341374,0.13373750775478593
2024-05-17,EEM,EWMA,0.13326401003189658,0.13180260862174906
2024-05-20,EEM,EWMA,0.1377330379010347,0.1306842964811235
2024-05-21,EEM,EWMA,0.13617208885124185,0.13056012647020243
2024-05-22,EEM,EWMA,0.1362547062880799,0.1292016970190332
2024-05-23,EEM,EWMA,0.1336213207619244,0.12953915432985647
2024-05-24,EEM,EWMA,0.13348008395017125,0.1275806172371831
2024-05-28,EEM,EWMA,0.13359149470323345,0.12578011665420194
2024-05-29,EEM,EWMA,0.12162326500736372,0.13169748485375318
2024-05-30,EEM,EWMA,0.12102182630005394,0.12998086254322228
2024-05-31,EEM,EWMA,0.11445317549696915,0.13109370738474463
2024-06-03,EEM,EWMA,0.10958311981449842,0.1321669920472587
2024-06-04,EEM,EWMA,0.10429583042090165,0.13627406419908272
2024-06-05,EEM,EWMA,0.09169319355441852,0.14124927130270953
2024-06-06,EEM,EWMA,0.09112585194256458,0.13956274216980757
2024-06-07,EEM,EWMA,0.07736820031479019,0.14139882483028457
2024-06-10,EEM,EWMA,0.0772281652516524,0.14004698914765293
2024-06-11,EEM,EWMA,0.07503647707698892,0.1382531189857203
2024-06-12,EEM,EWMA,0.07038467030453562,0.13868282531916393
2024-06-13,EEM,EWMA,0.08301460662436767,0.13676071957935948
2024-06-14,EEM,EWMA,0.08383525869346138,0.1346175319170452
2024-06-17,EEM,EWMA,0.10557912182327646,0.1334705136970446
2024-06-18,EEM,EWMA,0.1077485290850969,0.13341409006745428
2024-06-20,EEM,EWMA,0.11343045029862621,0.1315232804103957
2024-06-21,EEM,EWMA,0.11649859769662808,0.13004687313716734
2024-06-24,EEM,EWMA,0.121152267958486,0.1280188289142467
2024-06-25,EEM,EWMA,0.1317527100479504,0.12630460134231736
2024-06-26,EEM,EWMA,0.13223314622683993,0.12456086969233088
2024-06-27,EEM,EWMA,0.13770995322301216,0.1225994938678408
2024-06-28,EEM,EWMA,0.13791410780579103,0.12072079978756493
2024-07-01,EEM,EWMA,0.1382268872240618,0.1189137123212292
2024-07-02,EEM,EWMA,0.15924010066081876,0.11722237701836569
2024-07-03,EEM,EWMA,0.16150903842491088,0.12163507614321731
2024-07-05,EEM,EWMA,0.16624672792393266,0.1199969871877862
2024-07-08,EEM,EWMA,0.19033851577982652,0.11814449773983603
2024-07-09,EEM,EWMA,0.19127950417375583,0.11655489669644109
2024-07-10,EEM,EWMA,0.1915753263130992,0.11535303978623572
2024-07-11,EEM,EWMA,0.21073160675940733,0.11419385939679476
2024-07-12,EEM,EWMA,0.21141820507395537,0.11259842458262175
2024-07-15,EEM,EWMA,0.21039797495074408,0.11600904587495417
2024-07-16,EEM,EWMA,0.21390747536268243,0.1148210938181039
2024-07-17,EEM,EWMA,0.20746988361958213,0.12344856368908232
2024-07-18,EEM,EWMA,0.20952927692171752,0.12487399760581626
2024-07-19,EEM,EWMA,0.21041900400010252,0.12624003384139673
2024-07-22,EEM,EWMA,0.21105934139902965,0.12630224241490956
2024-07-23,EEM,EWMA,0.21044153035758492,0.12701387028386865
2024-07-24,EEM,EWMA,0.20245114395109817,0.13165469463984614
2024-07-25,EEM,EWMA,0.20780330607429884,0.13001060390374436
2024-07-26,EEM,EWMA,0.2125460515654163,0.1313071463095505
2024-07-29,EEM,EWMA,0.21494365810112406,0.12955914535455781
2024-07-30,EEM,EWMA,0.2137878993116865,0.1280968007290678
2024-07-31,EEM,EWMA,0.2019441679791329,0.14009076888127664
2024-08-01,EEM,EWMA,0.19047055833665638,0.1467297874481109
2024-08-02,EEM,EWMA,0.18135207318593713,0.14970462621811337
2024-08-05,EEM,EWMA,0.163378916560194,0.1669268281312575
2024-08-06,EEM,EWMA,0.16321260832631868,0.165501446452246
2024-08-07,EEM,EWMA,0.1625731458857318,0.16418898064356932
2024-08-08,EEM,EWMA,0.159097260507214,0.17435741493956666
2024-08-09,EEM,EWMA,0.16073377973451614,0.1723632468431384
2024-08-12,EEM,EWMA,0.16081963147474576,0.16991803427913496
2024-08-13,EEM,EWMA,0.15785465388529624,0.17006355785747504
2024-08-14,EEM,EWMA,0.15960813901405405,0.16814817364406204
2024-08-15,EEM,EWMA,0.15545870619454422,0.16823520773827277
2024-08-16,EEM,EWMA,0.14987366682742223,0.16843662598798853
2024-08-19,EEM,EWMA,0.14521874961368456,0.1675769444551886
2024-08-20,EEM,EWMA,0.14331779354430696,0.16679273041794268
2024-08-21,EEM,EWMA,0.16223930846372286,0.16438650297130278
2024-08-22,EEM,EWMA,0.15560870235541585,0.16603376135641945
2024-08-23,EEM,EWMA,0.14654691092458383,0.16941029905865815
2024-08-26,EEM,EWMA,0.18438778321263646,0.1688260854962948
2024-08-27,EEM,EWMA,0.19001011668724602,0.16617721630138682
2024-08-28,EEM,EWMA,0.2228240966461382,0.16470661417499322
2024-08-29,EEM,EWMA,0.223463634588916,0.16211275050867818
2024-08-30,EEM,EWMA,0.23440540611974203,0.15961808225660545
2024-09-03,EEM,EWMA,0.21863866996502548,0.16724936011801914
2024-09-04,EEM,EWMA,0.22453886063731063,0.16461599434796145
2024-09-05,EEM,EWMA,0.2323634687957508,0.16207622398285443
2024-09-06,EEM,EWMA,0.21629699683964124,0.1676068173761485
2024-09-09,EEM,EWMA,0.2162859020903969,0.1668377079649841
2024-09-10,EEM,EWMA,0.2405829193151139,0.16449568934867173
2024-09-11,EEM,EWMA,0.2430409058343867,0.16335264439722105
2024-09-12,EEM,EWMA,0.24266090632184784,0.1624861548234619
2024-09-13,EEM,EWMA,0.24293186876998585,0.16044092929966972
2024-09-16,EEM,EWMA,0.24461501485523993,0.15814180755082088
2024-09-17,EEM,EWMA,0.26026704887446783,0.1556692632944213
2024-09-18,EEM,EWMA,0.25990721390205757,0.15358855064371493
2024-09-19,EEM,EWMA,0.2513978518303482,0.16186901898555092
2024-09-20,EEM,EWMA,0.25246567717251306,0.15952791341474384
2024-09-23,EEM,EWMA,0.25381070101741315,0.15821191132598914
2024-09-24,EEM,EWMA,0.22452781791634316,0.18010973079451384
2024-09-25,EEM,EWMA,0.2222217248392403,0.18071598904613492
2024-09-26,EEM,EWMA,0.17753205736420347,0.20195749669714377
2024-09-27,EEM,EWMA,0.1775509834847181,0.1991925039432431
2024-09-30,EEM,EWMA,0.17000175491540676,0.20289939306898608
2024-10-01,EEM,EWMA,0.16767402806427228,0.20023021116364897
2024-10-02,EEM,EWMA,0.15135493155381785,0.2029356179862685
2024-10-03,EEM,EWMA,0.1480679009780012,0.20384868764734632
2024-10-04,EEM,EWMA,0.1423435031003596,0.20157953637787487
2024-10-07,EEM,EWMA,0.13991005424637404,0.1990704504908667
2024-10-08,EEM,EWMA,0.1250296920468235,0.21049001300803372
2024-10-09,EEM,EWMA,0.13071572512283255,0.20813548116298147
2024-10-10,EEM,EWMA,0.15421300918958375,0.2048611354610496
2024-10-11,EEM,EWMA,0.1745638541163775,0.20223844061040944
2024-10-15,EEM,EWMA,0.1723817319881483,0.20924193031547877
2024-10-16,EEM,EWMA,0.16916513391328442,0.20679684019280178
2024-10-17,EEM,EWMA,0.16941965246356158,0.20368244935032923
2024-10-18,EEM,EWMA,0.16311866021053062,0.20194486238186443
2024-10-21,EEM,EWMA,0.1704965048828913,0.20012841679422275
2024-10-22,EEM,EWMA,0.17060715043919167,0.1971931376910163
2024-10-23,EEM,EWMA,0.17011357647300845,0.19505558599886144
2024-10-24,EEM,EWMA,0.17010074676735124,0.19209513575534903
2024-10-25,EEM,EWMA,0.17025592262681355,0.1891232292893777
2024-10-28,EEM,EWMA,0.16887511919541706,0.18643657690323395
2024-10-29,EEM,EWMA,0.1689872876866768,0.18381947893572884
2024-10-30,EEM,EWMA,0.16708544369189252,0.18325326862614807
2024-10-31,EEM,EWMA,0.1665158946415474,0.18137247892776395
2024-11-01,EEM,EWMA,0.16740244050937358,0.1785288230512944
2024-11-04,EEM,EWMA,0.16595985704286545,0.1763705067281048
2024-11-05,EEM,EWMA,0.15719528863299898,0.17744973960147822
2024-11-06,EEM,EWMA,0.15485813788034575,0.17845969889839014
2024-11-07,EEM,EWMA,0.12922962658140594,0.185600255249726
2024-11-08,EEM,EWMA,0.12295174035420393,0.19649118704029725
2024-11-12,EEM,EWMA,0.11405396049935743,0.20074401534888364
2024-11-13,EEM,EWMA,0.11291630801972638,0.19829846564080048
2024-11-14,EEM,EWMA,0.11028873517546985,0.19566496258305272
2024-11-15,EEM,EWMA,0.11278315528204251,0.19259504478913023
2024-11-18,EEM,EWMA,0.10638185080286952,0.19252241344230084
2024-11-19,EEM,EWMA,0.135986525746181,0.1894926352023722
2024-11-20,EEM,EWMA,0.13678820742285516,0.18652107375933952
2024-11-21,EEM,EWMA,0.13765058794527457,0.18364345587981415
2024-11-22,EEM,EWMA,0.13928528447174557,0.18076107928323368
2024-11-25,EEM,EWMA,0.13970604207813925,0.17794148017868436
2024-11-26,EEM,EWMA,0.13946752772962584,0.17545414488123673
2024-11-27,EEM,EWMA,0.14029629051819903,0.1727717394486921
2024-11-29,EEM,EWMA,0.14281946291078412,0.17014819439980544
2024-12-02,EEM,EWMA,0.14203466485459063,0.1678971153036068
2024-12-03,EEM,EWMA,0.14155702096546566,0.16537903147370195
2024-12-04,EEM,EWMA,0.14591083341203778,0.1629481272311569
2024-12-05,EEM,EWMA,0.14421021834895228,0.1614685961444883
2024-12-06,EEM,EWMA,0.1458144752006727,0.15899713099112078
2024-12-09,EEM,EWMA,0.12163339048929704,0.16634214365828046
2024-12-10,EEM,EWMA,0.1230246569794683,0.17036302394319197
2024-12-11,EEM,EWMA,0.12123152864085436,0.168033289839094
2024-12-12,EEM,EWMA,0.13122033625307505,0.1660387965819116
2024-12-13,EEM,EWMA,0.14180033772827852,0.16343840135415874
2024-12-16,EEM,EWMA,0.14112464692708113,0.16162245512486512
2024-12-17,EEM,EWMA,0.14494933791645884,0.15921377255726532
2024-12-18,EEM,EWMA,0.123715274898377,0.1697669755575558
2024-12-19,EEM,EWMA,0.12332130368904709,0.16749491548024636
2024-12-20,EEM,EWMA,0.12283594300795492,0.16538272237657195
2024-12-23,EEM,EWMA,0.12336709897419806,0.16369559975919404
2024-12-24,EEM,EWMA,0.13978468102781008,0.16139765350779808
2024-12-26,EEM,EWMA,0.14201409627577244,0.1591165498786871
2024-12-27,EEM,EWMA,0.14102855990150479,0.1570313764663624
2024-12-30,EEM,EWMA,0.14903636508438292,0.1559946525793781
2024-12-31,EEM,EWMA,0.1551116100047702,0.15371112558614933
2025-01-02,EEM,EWMA,0.15772833289838203,0.15130056389233482
2025-01-03,EEM,EWMA,0.16641924095246413,0.15155949775171565
2025-01-06,EEM,EWMA,0.16668290143841144,0.14960015505142996
2025-01-07,EEM,EWMA,0.16428923998617465,0.14843411256114566
2025-01-08,EEM,EWMA,0.1629166082481096,0.14655977562690853
2025-01-10,EEM,EWMA,0.1507157431679551,0.1513144039220389
2025-01-13,EEM,EWMA,0.14848807377588236,0.1497461949976714
2025-01-14,EEM,EWMA,0.14578666861289377,0.15151698246817627
2025-01-15,EEM,EWMA,0.14157307597877938,0.1541511893475947
2025-01-16,EEM,EWMA,0.14189735582677615,0.15173326398025003
2025-01-17,EEM,EWMA,0.14129687579216496,0.15119310947646092
2025-01-21,EEM,EWMA,0.13917152712878747,0.151912125903575
2025-01-22,EEM,EWMA,0.14103192860382024,0.1495321470369163
2025-01-23,EEM,EWMA,0.1424776826073674,0.14731808307096897
2025-01-24,EEM,EWMA,0.15517753073037263,0.14610100100695997
2025-01-27,EEM,EWMA,0.13661119660992033,0.1528725243610201
2025-01-28,EEM,EWMA,0.13813849250518137,0.15194583295980577
2025-01-29,EEM,EWMA,0.15899660427251466,0.14955478511816658
2025-01-30,EEM,EWMA,0.1570927276765402,0.15448069026554503
2025-01-31,EEM,EWMA,0.15486587186586367,0.15561609713869562
2025-02-03,EEM,EWMA,0.15489753304459325,0.15454737309191574
2025-02-04,EEM,EWMA,0.17585437630867617,0.1600429827010475
2025-02-05,EEM,EWMA,0.17750248728769782,0.15774407230933707
2025-02-06,EEM,EWMA,0.17769456829625843,0.15562258016500805
2025-02-07,EEM,EWMA,0.19943072623108893,0.15322139008436153
2025-02-10,EEM,EWMA,0.1969507355449951,0.15418885606176794
2025-02-11,EEM,EWMA,0.1973005953533102,0.15232100148013264
2025-02-12,EEM,EWMA,0.19699849517384804,0.15052888086569735
2025-02-13,EEM,EWMA,0.2062303228745926,0.1489693541838909
2025-02-14,EEM,EWMA,0.21293314013495704,0.14780983865725067
2025-02-18,EEM,EWMA,0.2130409752494451,0.14617416670377872
2025-02-19,EEM,EWMA,0.21300761586530734,0.1440998564658558
2025-02-20,EEM,EWMA,0.21335040989632542,0.14352427488936265
2025-02-21,EEM,EWMA,0.21380466316118088,0.14179127538783295
2025-02-24,EEM,EWMA,0.20669351705499764,0.14722987529460532
2025-02-25,EEM,EWMA,0.20707630748885372,0.14491179431181062
2025-02-26,EEM,EWMA,0.20517276149992195,0.1448468103516376
2025-02-27,EEM,EWMA,0.19263977405569463,0.15385377667815986
2025-02-28,EEM,EWMA,0.19841870035250833,0.15654422583008884
2025-03-03,EEM,EWMA,0.19547618822332444,0.1560368255403298
2025-03-04,EEM,EWMA,0.1937463263541719,0.15544729302274163
2025-03-05,EEM,EWMA,0.16158001132249591,0.17354652824895875
2025-03-06,EEM,EWMA,0.1767655701648007,0.17200017197399042
2025-03-07,EEM,EWMA,0.2635563999201502,0.16970659192948132
2025-03-10,EEM,EWMA,0.281105332043069,0.1809450026094865
2025-03-11,EEM,EWMA,0.278107279493887,0.1795571899949362
2025-03-12,EEM,EWMA,0.37992184486981473,0.17731276842996985
2025-03-13,EEM,EWMA,0.3832274716742154,0.17498486717864342
2025-03-14,EEM,EWMA,0.3954634360021168,0.17920037962166022
2025-03-17,EEM,EWMA,0.39111000766344123,0.18192919670127475
2025-03-18,EEM,EWMA,0.3911871766383973,0.1799685201491117
2025-03-19,EEM,EWMA,0.39157973566314835,0.17716843086694023
2025-03-20,EEM,EWMA,0.39325281636042275,0.17683714213143167
2025-03-21,EEM,EWMA,0.3933514620340189,0.1748039503411541
2025-03-24,EEM,EWMA,0.3977379090806426,0.17236985953175765
2025-03-25,EEM,EWMA,0.40082867089569174,0.1699739278156683
2025-03-26,EEM,EWMA,0.40324139209328713,0.16835811440212287
2025-03-27,EEM,EWMA,0.4026408476872247,0.16616790606099768
2025-03-28,EEM,EWMA,0.397387349151037,0.1722613787019824
2025-03-31,EEM,EWMA,0.39749518590216226,0.1696094193127145
2025-04-01,EEM,EWMA,0.3974284924412415,0.167178300109166
2025-04-02,EEM,EWMA,0.39739115928636687,0.16458431575956298
2025-04-03,EEM,EWMA,0.40119735543440466,0.17273206586092543
2025-04-04,EEM,EWMA,0.33396086942024517,0.2319590875718858
2025-04-07,EEM,EWMA,0.29480600016567204,0.2488926275015855
2025-04-08,EEM,EWMA,0.2924388841272147,0.2467922119392757
2025-04-09,EEM,EWMA,0.19014723236054373,0.31280538528426105
2025-04-10,EEM,EWMA,0.17265202023578363,0.31101765858560226
2025-04-11,EEM,EWMA,0.15639613763516177,0.31956571486203456
2025-04-14,EEM,EWMA,0.15585660026228557,0.3157833309595063
2025-04-15,EEM,EWMA,0.15494905569012607,0.31081078593446226
2025-04-16,EEM,EWMA,0.1438033722428316,0.3074436122934437
2025-04-17,EEM,EWMA,0.14504466539334226,0.30357444441955495
2025-04-21,EEM,EWMA,0.14415935000143207,0.2987973383833296
2025-04-22,EEM,EWMA,0.1407706773291228,0.29731818103488294
2025-04-23,EEM,EWMA,0.14006136304675246,0.2944529956954843
2025-04-24,EEM,EWMA,0.13868499244448623,0.2915683354562988
2025-04-25,EEM,EWMA,0.13764834552259078,0.2870469669316706
2025-04-28,EEM,EWMA,0.1389708994980122,0.28255570195452656
2025-04-29,EEM,EWMA,0.14147086121075983,0.27818154783376176
2025-04-30,EEM,EWMA,0.14153199027505148,0.2738584253673267
2025-05-01,EEM,EWMA,0.15079838006512186,0.26955428714544777
2025-05-02,EEM,EWMA,0.1171213136605295,0.2762439607919308
2025-05-05,EEM,EWMA,0.11468210168563181,0.2724287939241366
2025-05-06,EEM,EWMA,0.1203626650256289,0.268585632185543
2025-05-07,EEM,EWMA,0.11050221373841042,0.2668200669612865
2025-05-08,EEM,EWMA,0.10996027668247013,0.2626595438848389
2025-05-09,EEM,EWMA,0.11103819516799183,0.2590177370113892
2025-05-12,EEM,EWMA,0.08733002780277596,0.26108908725001134
2025-05-13,EEM,EWMA,0.08773013577696823,0.2569772002925137
2025-05-14,EEM,EWMA,0.08516676271965119,0.2534487057239478
2025-05-15,EEM,EWMA,0.10569420204384038,0.24954511896784617
2025-05-16,EEM,EWMA,0.11281300454218424,0.24571537133383317
2025-05-19,EEM,EWMA,0.12427322743960388,0.24184772790340434
2025-05-20,EEM,EWMA,0.12414220400716186,0.2381743666324336
2025-05-21,EEM,EWMA,0.1258201831032526,0.23473036702561875
2025-05-22,EEM,EWMA,0.12765957432340153,0.23142528704763157
2025-05-23,EEM,EWMA,0.15413032733477666,0.22790350413366955
2025-05-27,EEM,EWMA,0.15326103856674517,0.22457643605114516
2025-05-28,EEM,EWMA,0.1516265911350065,0.22166077926031386
2025-05-29,EEM,EWMA,0.15357288260164675,0.21827995028355712
2025-05-30,EEM,EWMA,0.1432108629778041,0.2181108825165939
2025-06-02,EEM,EWMA,0.1425672690247718,0.2154052749527467
2025-06-03,EEM,EWMA,0.14260362995566842,0.21204546255741094
2025-06-04,EEM,EWMA,0.1386242591683007,0.21103237034836905
2025-06-05,EEM,EWMA,0.15087238836422068,0.20796296947516596
2025-06-06,EEM,EWMA,0.15160943059801482,0.20473828400655372
2025-06-09,EEM,EWMA,0.15012309098071167,0.20241947967586046
2025-06-10,EEM,EWMA,0.14938748955437142,0.19952054412942577
2025-06-11,EEM,EWMA,0.14986438876791952,0.19647722549715405
2025-06-12,EEM,EWMA,0.1498526419613216,0.19338538829347565
2025-06-13,EEM,EWMA,0.13711496848553814,0.19683922237099574
2025-06-16,EEM,EWMA,0.13232305658010884,0.19603081855640045
2025-06-17,EEM,EWMA,0.12046154003858801,0.19741185909876952
2025-06-18,EEM,EWMA,0.12132086712962924,0.1943496241430749
2025-06-20,EEM,EWMA,0.11783064506266752,0.19230185428609514
2025-06-23,EEM,EWMA,0.11665983918818965,0.19030867528330195
2025-06-24,EEM,EWMA,0.0853395533539787,0.19915962592993242
2025-06-25,EEM,EWMA,0.08932276869290869,0.19605132938518804
2025-06-26,EEM,EWMA,0.08887238422448145,0.19339890825617204
2025-06-27,EEM,EWMA,0.09149768295171182,0.191104669311367
2025-06-30,EEM,EWMA,0.09121953944438223,0.1881229767871861
2025-07-01,EEM,EWMA,0.09578461892632135,0.18516053061265836
2025-07-02,EEM,EWMA,0.09714298770784704,0.1823623196352675
2025-07-03,EEM,EWMA,0.0990532845051017,0.1796217200875922
2025-07-07,EEM,EWMA,0.0922287742374643,0.18258292414345287
2025-07-08,EEM,EWMA,0.09029107814347367,0.18016359801921478
2025-07-09,EEM,EWMA,0.09110790340876988,0.1775814813467359
2025-07-10,EEM,EWMA,0.09477504282839266,0.17480835174372375
2025-07-11,EEM,EWMA,0.09364665959203945,0.17261728152913472
2025-07-14,EEM,EWMA,0.09472908816132398,0.16989888710036982
2025-07-15,EEM,EWMA,0.10039657496400269,0.16797075293643884
2025-07-16,EEM,EWMA,0.10680419533720421,0.16553707468790405
2025-07-17,EEM,EWMA,0.11639996567752306,0.16329270934437887
2025-07-18,EEM,EWMA,0.11588886380180283,0.16113829932265258
2025-07-21,EEM,EWMA,0.1154588079158218,0.15914062333924872
2025-07-22,EEM,EWMA,0.11983295494119016,0.15667832190571
2025-07-23,EEM,EWMA,0.11434588655659322,0.15587760815000765
2025-07-24,EEM,EWMA,0.11295381611188036,0.15486608148544864
2025-07-25,EEM,EWMA,0.1322025018063229,0.15304704553283333
2025-07-28,EEM,EWMA,0.13150434761642593,0.1524631048803847
2025-07-29,EEM,EWMA,0.13216077126723977,0.1500927766647537
2025-07-30,EEM,EWMA,0.1311100128059437,0.1497509941571981
2025-07-31,EEM,EWMA,0.12887180393561282,0.14865334566574265
2025-08-01,EEM,EWMA,0.12674965734620508,0.14817567978437382
2025-08-04,EEM,EWMA,0.12279632520554187,0.1482762516827495
2025-08-05,EEM,EWMA,0.1230163024461532,0.1460329522421933
2025-08-06,EEM,EWMA,0.12321995081939659,0.1440879823958123
2025-08-07,EEM,EWMA,0.12680077835189035,0.1432048756456132
2025-08-08,EEM,EWMA,0.12978097860400234,0.1410842068077449
2025-08-11,EEM,EWMA,0.129484337952384,0.1393470828517662
2025-08-12,EEM,EWMA,0.12524465980881117,0.1404650429953293
2025-08-13,EEM,EWMA,0.12825196174042328,0.14125646886171517
2025-08-14,EEM,EWMA,0.11744259604401533,0.1445622203050897
2025-08-15,EEM,EWMA,0.11862540715530542,0.14228687663851855
2025-08-18,EEM,EWMA,0.11931963631572694,0.14057376925094783
2025-08-19,EEM,EWMA,0.11220337975042358,0.14099877065050725
2025-08-20,EEM,EWMA,0.11284401205351352,0.1389752336682047
2025-08-21,EEM,EWMA,0.11287497188526392,0.13711015452509745
2025-08-22,EEM,EWMA,0.09504717594280199,0.1446309988101789
2025-08-25,EEM,EWMA,0.090271479996909,0.1438327285426676
2025-08-26,EEM,EWMA,0.09095060549307764,0.14200514417551516
2025-08-27,EEM,EWMA,0.09077202482667392,0.1412320454699918
2025-08-28,EEM,EWMA,0.09219995152871989,0.13921647713301996
2025-08-29,EEM,EWMA,0.0906829824223917,0.1380217852871311
2025-09-02,EEM,EWMA,0.0894380995397242,0.1359369211926994
2025-09-03,EEM,EWMA,0.09077212857606917,0.13403933551675884
2025-09-04,EEM,EWMA,0.08708696211320417,0.13244613521300355
2025-09-05,EEM,EWMA,0.08196697030643327,0.13397216913401097
2025-09-08,EEM,EWMA,0.07951242022701803,0.13366740109909525
2025-09-09,EEM,EWMA,0.08826292312754723,0.13203888541038372
2025-09-10,EEM,EWMA,0.0890281040920086,0.13077242783558016
2025-09-11,EEM,EWMA,0.08941563098829236,0.13348060065678374
2025-09-12,EEM,EWMA,0.1653689100763887,0.131596337668163
2025-09-15,EEM,EWMA,0.19342553288162698,0.1303258272008103
2025-09-16,EEM,EWMA,0.1947404900096637,0.12907517120750814
2025-09-17,EEM,EWMA,0.202776886517197,0.1271576611045972
2025-09-18,EEM,EWMA,0.2035070661052091,0.1258927768792186
2025-09-19,EEM,EWMA,0.20320061924036056,0.1245567154227703
2025-09-22,EEM,EWMA,0.207636201537855,0.12283283750525265
2025-09-23,EEM,EWMA,0.21247717746230554,0.12098791656316893
2025-09-24,EEM,EWMA,0.21199226130445045,0.12008639256828559
2025-09-25,EEM,EWMA,0.2120372361845612,0.12020482451048613
2025-09-26,EEM,EWMA,0.21220833294101096,0.11874937153797904
2025-09-29,EEM,EWMA,0.21315087458209794,0.11868927644208281
2025-09-30,EEM,EWMA,0.21326222600165257,0.11696074314926652
2025-10-01,EEM,EWMA,0.21264149376041921,0.11628076123668193
2025-10-02,EEM,EWMA,0.21682799450905177,0.11466185002424814
2025-10-03,EEM,EWMA,0.2170893304487253,0.11287523196728194
2025-10-06,EEM,EWMA,0.21755208612695062,0.11129317289789145
2025-10-07,EEM,EWMA,0.2264945505838788,0.11305343992486182
2025-10-08,EEM,EWMA,0.226958414596971,0.11249201521584075
2025-10-09,EEM,EWMA,0.22535518314622618,0.11606670700611972
2025-10-10,EEM,EWMA,0.17519333209434684,0.15834744888257316
2025-10-14,EEM,EWMA,0.151143908263146,0.15811740372567448
2025-10-15,EEM,EWMA,0.14204480879948905,0.1619048549109793
2025-10-16,EEM,EWMA,0.14833809866264622,0.1601497413999552
2025-10-17,EEM,EWMA,0.14830441180542542,0.15765836956237178
2025-10-20,EEM,EWMA,0.14657238940805103,0.1591318283687231
2025-10-21,EEM,EWMA,0.14221318777728442,0.16042476573416814
2025-10-22,EEM,EWMA,0.1426751310594188,0.1579802056656754
2025-10-23,EEM,EWMA,0.14594160511558316,0.15706287477491976
2025-10-24,EEM,EWMA,0.142930094728084,0.15533410515857013
2025-10-27,EEM,EWMA,0.14232138273837114,0.15527484138539108
2025-10-28,EEM,EWMA,0.14353716738158367,0.15292406099570988
2025-10-29,EEM,EWMA,0.14464777711902177,0.15097289204147793
2025-10-30,EEM,EWMA,0.1411635450264078,0.15233788374520768
2025-10-31,EEM,EWMA,0.14107703486991627,0.1502763032163927
2025-11-03,EEM,EWMA,0.13858741618817963,0.14860420248882242
2025-11-04,EEM,EWMA,0.12270300224383467,0.15632249218652314
2025-11-05,EEM,EWMA,0.11781141417440433,0.15555864940329212
2025-11-06,EEM,EWMA,0.1184392499256659,0.15489313030449534
2025-11-07,EEM,EWMA,0.11822468999988361,0.15278643582696846
2025-11-10,EEM,EWMA,0.09882959083654988,0.15754301408488652
2025-11-12,EEM,EWMA,0.10859506525400633,0.15508324370473953
2025-11-13,EEM,EWMA,0.10854961442849798,0.15677110358939372
2025-11-14,EEM,EWMA,0.10875666492609536,0.1543025288709063
2025-11-17,EEM,EWMA,0.10287089342450052,0.1558514027416483
2025-11-18,EEM,EWMA,0.10443124758547728,0.15409487828782942
2025-11-19,EEM,EWMA,0.11204214469443108,0.15200544086765172
2025-11-20,EEM,EWMA,0.10409662565650442,0.15449207609457583
2025-11-21,EEM,EWMA,0.10492888365277835,0.15206049832314902
2025-11-24,EEM,EWMA,0.1007270324268152,0.15272039103599921
2025-11-25,EEM,EWMA,0.10042726912184399,0.150652410849288
2025-11-26,EEM,EWMA,0.10022762166462042,0.14962390847948145
2025-11-28,EEM,EWMA,0.10111222649638613,0.1473066439446391
2025-12-01,EEM,EWMA,0.10142276606037798,0.14501499282739588
2025-12-02,EEM,EWMA,0.1025693588956767,0.14273146951126106
2025-12-03,EEM,EWMA,0.1391100787713649,0.1404897663244856
2025-12-04,EEM,EWMA,0.14193246010959054,0.13828317410768665
2025-12-05,EEM,EWMA,0.14186634990108005,0.13759592032065884
2025-12-08,EEM,EWMA,0.14566499471796895,0.13563507589039664
2025-12-09,EEM,EWMA,0.14504242962508324,0.1336215672689597
2025-12-10,EEM,EWMA,0.14192538045538264,0.13489991012019442
2025-12-11,EEM,EWMA,0.14473696313516138,0.13362562596197888
2025-12-12,EEM,EWMA,0.13949493976875108,0.13586490756957723
2025-12-15,EEM,EWMA,0.13730484259254186,0.13400018761187962
2025-12-16,EEM,EWMA,0.1318484393300344,0.1330777336288447
2025-12-17,EEM,EWMA,0.12831337824782765,0.13243650891974015
2025-12-18,EEM,EWMA,0.13559382049942878,0.13437969332685787
2025-12-19,EEM,EWMA,0.1415033898916608,0.13501925285468847
2025-12-22,EEM,EWMA,0.14197280378283592,0.13364932322862044
2025-12-23,EEM,EWMA,0.14209297596856163,0.13230749729300048
2025-12-24,EEM,EWMA,0.1421652876704254,0.13028387000924668
2025-12-26,EEM,EWMA,0.15214229074466035,0.12943058904607033
2025-12-29,EEM,EWMA,0.14973067815891344,0.12774382571215015
2025-12-30,EEM,EWMA,0.15419680365489102,0.12606303526873522
2025-12-31,EEM,EWMA,0.1803911646011222,0.12456230089380776
2023-12-28,XLK,EWMA,0.19017730423622242,0.14374185171973103
2023-12-29,XLK,EWMA,0.1931415947035692,0.14222776818662272
2024-01-02,XLK,EWMA,0.18325769622700852,0.16097842537133217
2024-01-03,XLK,EWMA,0.1797804980214724,0.1615714432518882
2024-01-04,XLK,EWMA,0.17613335030688926,0.16062737429976956
2024-01-05,XLK,EWMA,0.1754149405486229,0.1581127329808786
2024-01-08,XLK,EWMA,0.1614892849832616,0.16968737111272003
2024-01-09,XLK,EWMA,0.1650014850959527,0.16701765430702573
2024-01-10,XLK,EWMA,0.1641290993607331,0.1656127330373517
2024-01-11,XLK,EWMA,0.16768701821406717,0.16331086014123983
2024-01-12,XLK,EWMA,0.17275761920031063,0.1608032638950775
2024-01-16,XLK,EWMA,0.18767854700968062,0.1582883260932658
2024-01-17,XLK,EWMA,0.18746932975739442,0.15688036059780563
2024-01-18,XLK,EWMA,0.17740872859495263,0.1628757093702443
2024-01-19,XLK,EWMA,0.16402550165589572,0.17039356570390488
2024-01-22,XLK,EWMA,0.1677027308409288,0.16777602990996365
2024-01-23,XLK,EWMA,0.16831325188488958,0.1651716455378817
2024-01-24,XLK,EWMA,0.20363494974751314,0.16296543071198075
2024-01-25,XLK,EWMA,0.20343751248425943,0.1604370481383278
2024-01-26,XLK,EWMA,0.19854283784311996,0.16301462214250656
2024-01-29,XLK,EWMA,0.19616368977966436,0.1615046101889297
2024-01-30,XLK,EWMA,0.19444765849488635,0.1618816066949073
2024-01-31,XLK,EWMA,0.17940535164564436,0.17233535100682212
2024-02-01,XLK,EWMA,0.18463841114435417,0.17230962606769276
2024-02-02,XLK,EWMA,0.18253978028604564,0.1711705756066627
2024-02-05,XLK,EWMA,0.20606514498218856,0.16847485152346547
2024-02-06,XLK,EWMA,0.20657262577670155,0.16690780610899705
2024-02-07,XLK,EWMA,0.2086600190862464,0.16717625168432107
2024-02-08,XLK,EWMA,0.2164912357014046,0.16455705464481993
2024-02-09,XLK,EWMA,0.21133304006097423,0.16482565284095615
2024-02-12,XLK,EWMA,0.22141757502989406,0.16477517980195205
2024-02-13,XLK,EWMA,0.21561804173662,0.17104558241945617
2024-02-14,XLK,EWMA,0.21302849416509592,0.17004778369443793
2024-02-15,XLK,EWMA,0.22045815134547747,0.16777136762959924
2024-02-16,XLK,EWMA,0.21805560327159254,0.16803410972601973
2024-02-20,XLK,EWMA,0.21436913336143812,0.16862361152159025
2024-02-21,XLK,EWMA,0.2145961005353567,0.1672839399598382
2024-02-22,XLK,EWMA,0.18398794171925295,0.1861810605831221
2024-02-23,XLK,EWMA,0.18357776831802428,0.1836383875246743
2024-02-26,XLK,EWMA,0.18567907744772832,0.18076176171947997
2024-02-27,XLK,EWMA,0.18650642458796213,0.17793345171217714
2024-02-28,XLK,EWMA,0.1860678175661057,0.17606260349499478
2024-02-29,XLK,EWMA,0.18251005566714606,0.17530147129776336
2024-03-01,XLK,EWMA,0.17050664121868922,0.17836351433319933
2024-03-04,XLK,EWMA,0.17365288104170518,0.1756784414257749
2024-03-05,XLK,EWMA,0.14885586340590243,0.18874744638487018
2024-03-06,XLK,EWMA,0.15701598965517669,0.1866411286796444
2024-03-07,XLK,EWMA,0.15178247800404596,0.18779717292459697
2024-03-08,XLK,EWMA,0.14239423744996493,0.19085080400442075
2024-03-11,XLK,EWMA,0.14321649954057863,0.18822720030872003
2024-03-12,XLK,EWMA,0.12855772962504408,0.1925756726818301
2024-03-13,XLK,EWMA,0.14386237419589035,0.192901021437871
2024-03-14,XLK,EWMA,0.15521001813185148,0.18990384688878145
2024-03-15,XLK,EWMA,0.16065729907653115,0.19265279400218274
2024-03-18,XLK,EWMA,0.15940595120176423,0.18992386631935726
2024-03-19,XLK,EWMA,0.16436496171308676,0.187266622957234
2024-03-20,XLK,EWMA,0.15976734048318128,0.1863430319859683
2024-03-21,XLK,EWMA,0.1706323525113834,0.18342454575253947
2024-03-22,XLK,EWMA,0.17632911131490717,0.18056829853889783
2024-03-25,XLK,EWMA,0.1878121669437521,0.17917419349128094
2024-03-26,XLK,EWMA,0.18952385549231696,0.17699286832868666
2024-03-27,XLK,EWMA,0.18747154047508016,0.17455925279490261
2024-03-28,XLK,EWMA,0.19392540258959334,0.1720683361373253
2024-04-01,XLK,EWMA,0.19450087660528462,0.16942152035382638
2024-04-02,XLK,EWMA,0.20590491393487648,0.16946414169231352
2024-04-03,XLK,EWMA,0.2066316466578206,0.1668723725362029
2024-04-04,XLK,EWMA,0.20990353993708577,0.1707997408526143
2024-04-05,XLK,EWMA,0.2300628334262428,0.17089418765858289
2024-04-08,XLK,EWMA,0.23438496559604852,0.16828353583626415
2024-04-09,XLK,EWMA,0.23372750833702527,0.1660815383138049
2024-04-10,XLK,EWMA,0.22990898013597755,0.16749708828056217
2024-04-11,XLK,EWMA,0.21775769915308155,0.17348638506494887
2024-04-12,XLK,EWMA,0.21051889015613817,0.17742097359096826
2024-04-15,XLK,EWMA,0.19834965446697952,0.18296435121219082
2024-04-16,XLK,EWMA,0.2001746894078825,0.1801226294089797
2024-04-17,XLK,EWMA,0.2034207630551422,0.18176342060663458
2024-04-18,XLK,EWMA,0.19753182747858902,0.1814585629565902
2024-04-19,XLK,EWMA,0.1766631249339172,0.18699728681794006
2024-04-22,XLK,EWMA,0.17780134548496315,0.18633067992125998
2024-04-23,XLK,EWMA,0.17426389900663317,0.18868387868917863
2024-04-24,XLK,EWMA,0.17440646120376985,0.1862912565576563
2024-04-25,XLK,EWMA,0.17853477343326316,0.18341300750305267
2024-04-26,XLK,EWMA,0.1772642979349741,0.1835017014074313
2024-04-29,XLK,EWMA,0.17726120071264076,0.18105092254643818
2024-04-30,XLK,EWMA,0.1537891304179741,0.18859588470940153
2024-05-01,XLK,EWMA,0.17529790252183608,0.18750462696562695
2024-05-02,XLK,EWMA,0.17099977160189617,0.18946193999891
2024-05-03,XLK,EWMA,0.14501005343084988,0.2022024562661211
2024-05-06,XLK,EWMA,0.14041424456501422,0.20153494234211042
2024-05-07,XLK,EWMA,0.15670208030152116,0.19865921878712925
2024-05-08,XLK,EWMA,0.15818575873971633,0.19563755664906682
2024-05-09,XLK,EWMA,0.15785775394273127,0.19257194248892645
2024-05-10,XLK,EWMA,0.1578013207648465,0.18974162224193913
2024-05-13,XLK,EWMA,0.16754233532791604,0.187094007147968
2024-05-14,XLK,EWMA,0.17934421165260725,0.18550327665959815
2024-05-15,XLK,EWMA,0.1665784522334347,0.19191027970731886
2024-05-16,XLK,EWMA,0.16473647782259937,0.18943689087812007
2024-05-17,XLK,EWMA,0.1681508704201251,0.18674569962964802
2024-05-20,XLK,EWMA,0.16618821601186357,0.18601514032008296
2024-05-21,XLK,EWMA,0.17459145993118105,0.18308582569510162
2024-05-22,XLK,EWMA,0.17545182918503624,0.18020774986756335
2024-05-23,XLK,EWMA,0.19801161321366456,0.17950642627417113
2024-05-24,XLK,EWMA,0.20501592800256385,0.17773869471691828
2024-05-28,XLK,EWMA,0.20535561941612335,0.17508482157091504
2024-05-29,XLK,EWMA,0.20291429473603223,0.17379619489024453
2024-05-30,XLK,EWMA,0.17928862103591042,0.18422948755528468
2024-05-31,XLK,EWMA,0.17953156489656893,0.1813436409667772
2024-06-03,XLK,EWMA,0.1794482946379969,0.17855604195435199
2024-06-04,XLK,EWMA,0.1820940702665558,0.17578047117115825
2024-06-05,XLK,EWMA,0.17049861153093868,0.18274175047513705
2024-06-06,XLK,EWMA,0.16858264131706616,0.18036821779377593
2024-06-07,XLK,EWMA,0.16945891132820345,0.17754826015927247
2024-06-10,XLK,EWMA,0.1730769792394909,0.17478233053350203
2024-06-11,XLK,EWMA,0.19575693376740108,0.17843110965658052
2024-06-12,XLK,EWMA,0.1839049276045375,0.18417944434269656
2024-06-13,XLK,EWMA,0.18258749733399274,0.1818803388096806
2024-06-14,XLK,EWMA,0.18326148493362937,0.17903774569556619
2024-06-17,XLK,EWMA,0.22675670593115377,0.179500182555807
2024-06-18,XLK,EWMA,0.22661376414290132,0.176752155406819
2024-06-20,XLK,EWMA,0.2297215446326276,0.178522812936807
2024-06-21,XLK,EWMA,0.24636527849351772,0.17613617736258316
2024-06-24,XLK,EWMA,0.2295203496454736,0.1893230748989183
2024-06-25,XLK,EWMA,0.2656387838960252,0.19193855849629796
2024-06-26,XLK,EWMA,0.2672231004152624,0.18914114449236535
2024-06-27,XLK,EWMA,0.27265908892908575,0.18621415746842426
2024-06-28,XLK,EWMA,0.27268120573136223,0.18341836341811907
2024-07-01,XLK,EWMA,0.28161704669785753,0.18120068200375813
2024-07-02,XLK,EWMA,0.3238867748468868,0.17852701864244605
2024-07-03,XLK,EWMA,0.34175771177087483,0.17846039047585902
2024-07-05,XLK,EWMA,0.3503125717345018,0.1756554211710424
2024-07-08,XLK,EWMA,0.3595522452166159,0.17329138566513297
2024-07-09,XLK,EWMA,0.36710977144104306,0.17084171072574222
2024-07-10,XLK,EWMA,0.3586055803537452,0.17134130959151347
2024-07-11,XLK,EWMA,0.3881405520389249,0.18615367605295877
2024-07-12,XLK,EWMA,0.3861773220596223,0.18420334756171614
2024-07-15,XLK,EWMA,0.3886148883813529,0.18130748412415332
2024-07-16,XLK,EWMA,0.40952699820285837,0.17913348851667754
2024-07-17,XLK,EWMA,0.3888133195816389,0.21121124606662303
2024-07-18,XLK,EWMA,0.4036530820905716,0.20789403800623138
2024-07-19,XLK,EWMA,0.3997774864953019,0.209734978230197
2024-07-22,XLK,EWMA,0.3950866447055646,0.21626165682490592
2024-07-23,XLK,EWMA,0.3950306918868071,0.2133038867326042
2024-07-24,XLK,EWMA,0.36268832660410005,0.24180068911274905
2024-07-25,XLK,EWMA,0.3712402698997657,0.23969139074693285
2024-07-26,XLK,EWMA,0.3728042509201538,0.2388725040394931
2024-07-29,XLK,EWMA,0.37572474898468,0.2353771159316115
2024-07-30,XLK,EWMA,0.3623419923978395,0.2418168917745201
2024-07-31,XLK,EWMA,0.3365620320030112,0.2661842658986087
2024-08-01,XLK,EWMA,0.3074738707099212,0.2825650281332353
2024-08-02,XLK,EWMA,0.28837880278687994,0.2883350236075962
2024-08-05,XLK,EWMA,0.3137283447905797,0.2973241203679449
2024-08-06,XLK,EWMA,0.3117863824670119,0.2962384978196027
2024-08-07,XLK,EWMA,0.30444667271146636,0.29410195236118397
2024-08-08,XLK,EWMA,0.29380466666094734,0.30976722864927336
2024-08-09,XLK,EWMA,0.2992051307213315,0.3053755078982535
2024-08-12,XLK,EWMA,0.302438247534611,0.3017645455933885
2024-08-13,XLK,EWMA,0.3069033391427574,0.30967121455311725
2024-08-14,XLK,EWMA,0.3076096006388352,0.3052054096915883
2024-08-15,XLK,EWMA,0.2908064199004398,0.31063725772632517
2024-08-16,XLK,EWMA,0.2910071199697552,0.3057538606872179
2024-08-19,XLK,EWMA,0.2841992535346821,0.3040123303041276
2024-08-20,XLK,EWMA,0.28548242635969934,0.29953077480597723
2024-08-21,XLK,EWMA,0.30502216596663234,0.29510042107245343
2024-08-22,XLK,EWMA,0.29352693411100345,0.2984307223433576
2024-08-23,XLK,EWMA,0.2876926585923451,0.2968825201324631
2024-08-26,XLK,EWMA,0.28493659471527927,0.29467985965290633
2024-08-27,XLK,EWMA,0.28436021895033103,0.29043008204889736
2024-08-28,XLK,EWMA,0.28242489311917623,0.2887683666587449
2024-08-29,XLK,EWMA,0.28258523388281603,0.28542399419770054
2024-08-30,XLK,EWMA,0.27943191390719835,0.2833075832668684
2024-09-03,XLK,EWMA,0.23605353037126636,0.3085895359009946
2024-09-04,XLK,EWMA,0.23590091942070351,0.30376002019269227
2024-09-05,XLK,EWMA,0.235340156678809,0.2989787453389784
2024-09-06,XLK,EWMA,0.2091639704657299,0.3025125407862445
2024-09-09,XLK,EWMA,0.20890365980111805,0.30199351392593976
2024-09-10,XLK,EWMA,0.21183047715476644,0.30062213283096034
2024-09-11,XLK,EWMA,0.18351920973019378,0.3109754528645046
2024-09-12,XLK,EWMA,0.1827645148844364,0.3068816143254036
2024-09-13,XLK,EWMA,0.182551278611858,0.30230653754165443
2024-09-16,XLK,EWMA,0.18468616562230064,0.29780632459240924
2024-09-17,XLK,EWMA,0.20511846561489822,0.2931973527720207
2024-09-18,XLK,EWMA,0.20066477462144727,0.2898169261670091
2024-09-19,XLK,EWMA,0.1747527996073698,0.29655673164249474
2024-09-20,XLK,EWMA,0.1732135392511658,0.2923538954793279
2024-09-23,XLK,EWMA,0.17328095155074055,0.2877644458550279
2024-09-24,XLK,EWMA,0.17273371991330677,0.2837228020779669
2024-09-25,XLK,EWMA,0.18196628669711426,0.27930137463564203
2024-09-26,XLK,EWMA,0.17638213459188148,0.2769526444735836
2024-09-27,XLK,EWMA,0.17320985748418735,0.2742530205955764
2024-09-30,XLK,EWMA,0.17314725815788498,0.269980938141687
2024-10-01,XLK,EWMA,0.14945958198550746,0.275293406756638
2024-10-02,XLK,EWMA,0.16263265864040544,0.271659451190736
2024-10-03,XLK,EWMA,0.2027565161808863,0.2675640637226673
2024-10-04,XLK,EWMA,0.20051882827423917,0.264929362754906
2024-10-07,XLK,EWMA,0.1990184771588586,0.2616884157877578
2024-10-08,XLK,EWMA,0.1940178660533972,0.2622592379972424
2024-10-09,XLK,EWMA,0.21532749515052044,0.2595670088918666
2024-10-10,XLK,EWMA,0.2232422835076777,0.25553342387970945
2024-10-11,XLK,EWMA,0.22342856396641944,0.25150942478244637
2024-10-15,XLK,EWMA,0.2034017728210674,0.25626840070561524
2024-10-16,XLK,EWMA,0.20410058844335474,0.25231129793500945
2024-10-17,XLK,EWMA,0.20464332872228,0.2484092274214107
2024-10-18,XLK,EWMA,0.22420413170342265,0.24460298522314064
2024-10-21,XLK,EWMA,0.22382471563304185,0.24096085256376826
2024-10-22,XLK,EWMA,0.22593060670599383,0.2372450997969752
2024-10-23,XLK,EWMA,0.2195533716860233,0.23747645178680635
2024-10-24,XLK,EWMA,0.22203803646243403,0.23382544150179993
2024-10-25,XLK,EWMA,0.2214750098557283,0.23048320179019405
2024-10-28,XLK,EWMA,0.2214610353936619,0.226875081280683
2024-10-29,XLK,EWMA,0.21706724359002522,0.22603490528636494
2024-10-30,XLK,EWMA,0.2148355868241238,0.2275775417791409
2024-10-31,XLK,EWMA,0.17757739068604025,0.24239056696703445
2024-11-01,XLK,EWMA,0.17844213942938958,0.2395801186548487
2024-11-04,XLK,EWMA,0.17801772802919266,0.23581310377564313
2024-11-05,XLK,EWMA,0.18201629796921884,0.23541835214465942
2024-11-06,XLK,EWMA,0.15800351346057856,0.2442964456175405
2024-11-07,XLK,EWMA,0.14687495644896864,0.2446162018853383
2024-11-08,XLK,EWMA,0.1490210352669321,0.24088487909386308
2024-11-12,XLK,EWMA,0.16445487312648624,0.2370925639879121
2024-11-13,XLK,EWMA,0.1653428148019244,0.23377868659287457
2024-11-14,XLK,EWMA,0.1651411853747068,0.23048485999222482
2024-11-15,XLK,EWMA,0.13603391325882178,0.23844390363896437
2024-11-18,XLK,EWMA,0.139518044340481,0.23481890307039088
2024-11-19,XLK,EWMA,0.1848307143618201,0.23210028955845724
2024-11-20,XLK,EWMA,0.1848113160848748,0.2284890923568096
2024-11-21,XLK,EWMA,0.18883286395718987,0.2264141342520012
2024-11-22,XLK,EWMA,0.1921471249932224,0.22285231668970126
2024-11-25,XLK,EWMA,0.19485774037430204,0.21936100242460285
2024-11-26,XLK,EWMA,0.19444657468650145,0.21620065605045843
2024-11-27,XLK,EWMA,0.1941892340145744,0.21670141153885666
2024-11-29,XLK,EWMA,0.19801885458900775,0.21463735197190578
2024-12-02,XLK,EWMA,0.1971150192658412,0.21260066906906278
2024-12-03,XLK,EWMA,0.19654700765783165,0.2093632231574934
2024-12-04,XLK,EWMA,0.19413768883628532,0.21136604686381277
2024-12-05,XLK,EWMA,0.19938034893949882,0.20890368377145696
2024-12-06,XLK,EWMA,0.21098023381519906,0.20571579596607661
2024-12-09,XLK,EWMA,0.21011000734151392,0.20374472417112774
2024-12-10,XLK,EWMA,0.21848130487336462,0.2050288346700822
2024-12-11,XLK,EWMA,0.2109919214466846,0.20527596670529363
2024-12-12,XLK,EWMA,0.2114280436964645,0.20295851829602105
2024-12-13,XLK,EWMA,0.2243083592501652,0.19995949620808628
2024-12-16,XLK,EWMA,0.2212543213230051,0.19831677314070315
2024-12-17,XLK,EWMA,0.2294359556342988,0.19631462691403162
2024-12-18,XLK,EWMA,0.19859284295292187,0.2151761964545105
2024-12-19,XLK,EWMA,0.2126744090815702,0.21180268553563816
2024-12-20,XLK,EWMA,0.2071869847902291,0.2124065998276047
2024-12-23,XLK,EWMA,0.2081949958429284,0.21086796648201123
2024-12-24,XLK,EWMA,0.2709803546645421,0.20916420288179038
2024-12-26,XLK,EWMA,0.2899363751909057,0.20587646305319093
2024-12-27,XLK,EWMA,0.2876788715228637,0.20667874018039406
2024-12-30,XLK,EWMA,0.2845458296772738,0.2069029294007934
2024-12-31,XLK,EWMA,0.2837734716652637,0.20507997525756072
2025-01-02,XLK,EWMA,0.2875778744614524,0.20196492322467358
2025-01-03,XLK,EWMA,0.28618264069888544,0.2038147310592099
2025-01-06,XLK,EWMA,0.2869437198164755,0.20343229733464535
2025-01-07,XLK,EWMA,0.27789429331036347,0.2087092892778773
2025-01-08,XLK,EWMA,0.27964123996690765,0.2054283651218054
2025-01-10,XLK,EWMA,0.27179854430537864,0.21147328690023945
2025-01-13,XLK,EWMA,0.2699039863319875,0.20895651861449532
2025-01-14,XLK,EWMA,0.2702856716397319,0.20587501945520673
2025-01-15,XLK,EWMA,0.26603046516911383,0.21035699328253082
2025-01-16,XLK,EWMA,0.2638531132468542,0.20817345733068912
2025-01-17,XLK,EWMA,0.2604365058185233,0.2095298354569125
2025-01-21,XLK,EWMA,0.2593032878382711,0.20743049699088217
2025-01-22,XLK,EWMA,0.24737619259645152,0.212984516227618
2025-01-23,XLK,EWMA,0.2656943742798531,0.20963597532093897
2025-01-24,XLK,EWMA,0.2678232607696681,0.20889661221453515
2025-01-27,XLK,EWMA,0.2029707711241893,0.2500847971871318
2025-01-28,XLK,EWMA,0.18300348404747047,0.25740877264267303
2025-01-29,XLK,EWMA,0.22328772986767395,0.25440300956781187
2025-01-30,XLK,EWMA,0.2293759146840158,0.25045783458597376
2025-01-31,XLK,EWMA,0.25185906872144465,0.24704154029648973
2025-02-03,XLK,EWMA,0.2486124905668286,0.24595798298944968
2025-02-04,XLK,EWMA,0.24831033549077958,0.24564872564766976
2025-02-05,XLK,EWMA,0.2572150787919628,0.24490498812079978
2025-02-06,XLK,EWMA,0.2645828769704918,0.2411481844062894
2025-02-07,XLK,EWMA,0.2998729662082451,0.23864229435905018
2025-02-10,XLK,EWMA,0.29068624544249033,0.23831199138961162
2025-02-11,XLK,EWMA,0.3001597866383355,0.23455881785008142
2025-02-12,XLK,EWMA,0.30369774519022713,0.23098207322584938
2025-02-13,XLK,EWMA,0.3222902349952679,0.2305049669795606
2025-02-14,XLK,EWMA,0.3238454990143377,0.2269860810029668
2025-02-18,XLK,EWMA,0.32095570461585593,0.22456828401372111
2025-02-19,XLK,EWMA,0.32767786556316103,0.22105203335215182
2025-02-20,XLK,EWMA,0.3275323722211003,0.21790197660862531
2025-02-21,XLK,EWMA,0.31891528324368,0.22863956942188904
2025-02-24,XLK,EWMA,0.327099901840352,0.2286383944097003
2025-02-25,XLK,EWMA,0.32558846628276306,0.22779642683608956
2025-02-26,XLK,EWMA,0.32942655248864966,0.22651621568169547
2025-02-27,XLK,EWMA,0.3061892506167978,0.24525303015327457
2025-02-28,XLK,EWMA,0.30993385433536025,0.24481320289639283
2025-03-03,XLK,EWMA,0.2938938530901598,0.254858051827321
2025-03-04,XLK,EWMA,0.29600907714353614,0.25086751850548644
2025-03-05,XLK,EWMA,0.29209214855113164,0.2508626438444289
2025-03-06,XLK,EWMA,0.3699046390877445,0.2578445706627908
2025-03-07,XLK,EWMA,0.4249417315243077,0.25799866548783695
2025-03-10,XLK,EWMA,0.4076031282990205,0.27917080034873276
2025-03-11,XLK,EWMA,0.4104896805012934,0.2747879056359707
2025-03-12,XLK,EWMA,0.623769951932061,0.2754417758306027
2025-03-13,XLK,EWMA,0.64222869426309,0.27503666591245823
2025-03-14,XLK,EWMA,0.6366006723590252,0.2857312575180894
2025-03-17,XLK,EWMA,0.6371208875363282,0.2823361250803949
2025-03-18,XLK,EWMA,0.6360382350151029,0.2804578105120548
2025-03-19,XLK,EWMA,0.6434191524122194,0.279221023660033
2025-03-20,XLK,EWMA,0.6433740147788916,0.2752421053224815
2025-03-21,XLK,EWMA,0.6469556863236505,0.27120727241019776
2025-03-24,XLK,EWMA,0.6499718151684777,0.2729605856186146
2025-03-25,XLK,EWMA,0.6609459988300797,0.26893900453667813
2025-03-26,XLK,EWMA,0.673234694536318,0.2714559981967289
2025-03-27,XLK,EWMA,0.6751354456601647,0.2680285448025763
2025-03-28,XLK,EWMA,0.6692825804610718,0.2712683646845198
2025-03-31,XLK,EWMA,0.6694510145952446,0.26713144018702717
2025-04-01,XLK,EWMA,0.6691300545328007,0.2643248842605954
2025-04-02,XLK,EWMA,0.6705977206994674,0.26151594018384655
2025-04-03,XLK,EWMA,0.6165157180717699,0.320883926104503
2025-04-04,XLK,EWMA,0.5546252684113007,0.3627949230063291
2025-04-07,XLK,EWMA,0.5577530002162439,0.3586366690398426
2025-04-08,XLK,EWMA,0.5477449433222153,0.35541499669207166
2025-04-09,XLK,EWMA,0.3316548465870125,0.5075754894273338
2025-04-10,XLK,EWMA,0.27267786958251927,0.5155185675336914
2025-04-11,XLK,EWMA,0.3033637209148643,0.5116668265414015
2025-04-14,XLK,EWMA,0.30764587790028747,0.5046716067772908
2025-04-15,XLK,EWMA,0.307337087241877,0.49699949690695916
2025-04-16,XLK,EWMA,0.2637056605721554,0.4978509278047545
2025-04-17,XLK,EWMA,0.25946416999829575,0.49005099595430895
2025-04-21,XLK,EWMA,0.22672686379648235,0.48653995410962786
2025-04-22,XLK,EWMA,0.22710806513924534,0.4851961356387083
2025-04-23,XLK,EWMA,0.23717297678614052,0.4856181905825142
2025-04-24,XLK,EWMA,0.21127926173225844,0.48997646100304687
2025-04-25,XLK,EWMA,0.21617847343330235,0.48420241373176115
2025-04-28,XLK,EWMA,0.22535845005607352,0.47658932881660776
2025-04-29,XLK,EWMA,0.22793041881348838,0.46929628541743923
2025-04-30,XLK,EWMA,0.22822476716156312,0.4620691374144901
2025-05-01,XLK,EWMA,0.2269293486351736,0.4566276351295123
2025-05-02,XLK,EWMA,0.22286964428326386,0.4517052606780955
2025-05-05,XLK,EWMA,0.22365431848475623,0.4449221629729165
2025-05-06,XLK,EWMA,0.21875153946001694,0.4386295169186869
2025-05-07,XLK,EWMA,0.2197218330170656,0.43254830256135807
2025-05-08,XLK,EWMA,0.2196917621082157,0.4264462288858467
2025-05-09,XLK,EWMA,0.2186447954836854,0.4197740336720481
2025-05-12,XLK,EWMA,0.1579050852638747,0.43133855494601847
2025-05-13,XLK,EWMA,0.1425730086534463,0.42786792507592236
2025-05-14,XLK,EWMA,0.14414686075949368,0.42124934322156793
2025-05-15,XLK,EWMA,0.15480484795397403,0.4146392383985549
2025-05-16,XLK,EWMA,0.16378974901562707,0.40811951075348246
2025-05-19,XLK,EWMA,0.1664416066468868,0.4018736332896367
2025-05-20,XLK,EWMA,0.16532098409965865,0.39596005894270486
2025-05-21,XLK,EWMA,0.14845095234951322,0.3943017789284813
2025-05-22,XLK,EWMA,0.1515120574038486,0.3881180295890417
2025-05-23,XLK,EWMA,0.15069172161056066,0.3836958438434876
2025-05-27,XLK,EWMA,0.133970748011099,0.3826158900321306
2025-05-28,XLK,EWMA,0.13115388877219894,0.37699276413447275
2025-05-29,XLK,EWMA,0.13227933506696415,0.37105606710969485
2025-05-30,XLK,EWMA,0.13091667682612645,0.36548011758167076
2025-06-02,XLK,EWMA,0.13850027607639956,0.3602580447599277
2025-06-03,XLK,EWMA,0.13464204579932304,0.3564096337210901
2025-06-04,XLK,EWMA,0.1384777342003917,0.3508054669959373
2025-06-05,XLK,EWMA,0.1430479737671873,0.34558214079160376
2025-06-06,XLK,EWMA,0.14170466251653965,0.34073162399006424
2025-06-09,XLK,EWMA,0.14187939377712733,0.33543667324494897
2025-06-10,XLK,EWMA,0.14386096950666602,0.33026576343377984
2025-06-11,XLK,EWMA,0.14518984120073478,0.3253379328291136
2025-06-12,XLK,EWMA,0.14403771321108533,0.3207730187873684
2025-06-13,XLK,EWMA,0.13093100733251936,0.31915353609646546
2025-06-16,XLK,EWMA,0.12274445716918132,0.3165106644246869
2025-06-17,XLK,EWMA,0.11804861933997568,0.312685706680505
2025-06-18,XLK,EWMA,0.11881465955881484,0.3077753321165494
2025-06-20,XLK,EWMA,0.11514815274869146,0.3034960424687988
2025-06-23,XLK,EWMA,0.12134792574318003,0.2998409522224498
2025-06-24,XLK,EWMA,0.10899442491830377,0.2982503326932988
2025-06-25,XLK,EWMA,0.10694734605730775,0.29398255974657383
2025-06-26,XLK,EWMA,0.10560929327193173,0.2895565687286457
2025-06-27,XLK,EWMA,0.10677141439620072,0.28524643417965
2025-06-30,XLK,EWMA,0.10363646919074955,0.2813921734892365
2025-07-01,XLK,EWMA,0.09504707995404785,0.2790143818535222
2025-07-02,XLK,EWMA,0.09662752210287232,0.2754580716829462
2025-07-03,XLK,EWMA,0.11919249694682812,0.27255986157773027
2025-07-07,XLK,EWMA,0.13485313797809648,0.27011192408101276
2025-07-08,XLK,EWMA,0.1382480188577929,0.26593950852909226
2025-07-09,XLK,EWMA,0.1420565195353961,0.2618776807737819
2025-07-10,XLK,EWMA,0.14114766297707537,0.25838043719666887
2025-07-11,XLK,EWMA,0.1427491218434356,0.2551364641201266
2025-07-14,XLK,EWMA,0.14581596541586753,0.2513125938540882
2025-07-15,XLK,EWMA,0.1518121868719499,0.2479609441409908
2025-07-16,XLK,EWMA,0.1518490744163312,0.24405710294722732
2025-07-17,XLK,EWMA,0.149980126184231,0.240837403129606
2025-07-18,XLK,EWMA,0.15315843269943774,0.23726406260996855
2025-07-21,XLK,EWMA,0.15321579280694309,0.2335697369106569
2025-07-22,XLK,EWMA,0.16311864465172055,0.2323697079290257
2025-07-23,XLK,EWMA,0.1638995949970942,0.2288871059856988
2025-07-24,XLK,EWMA,0.16353295222886607,0.2253289764565356
2025-07-25,XLK,EWMA,0.17069504102394434,0.22178216719835347
2025-07-28,XLK,EWMA,0.16828504138232478,0.21879385781280883
2025-07-29,XLK,EWMA,0.16921880976224962,0.21548324531516716
2025-07-30,XLK,EWMA,0.17018711248345839,0.21209348982746343
2025-07-31,XLK,EWMA,0.17009271741745263,0.21061483375504447
2025-08-01,XLK,EWMA,0.16013322781404538,0.21795727803791298
2025-08-04,XLK,EWMA,0.14789547143539006,0.22061710798554257
2025-08-05,XLK,EWMA,0.14653516918332163,0.21909989665335236
2025-08-06,XLK,EWMA,0.14192668477321574,0.2172121283517816
2025-08-07,XLK,EWMA,0.1419200098586677,0.21381909320695572
2025-08-08,XLK,EWMA,0.13986054603589476,0.21157688850035833
2025-08-11,XLK,EWMA,0.13782352961704245,0.20979699782414388
2025-08-12,XLK,EWMA,0.14185816298926862,0.2097847393391157
2025-08-13,XLK,EWMA,0.1422581386921318,0.20656471331509252
2025-08-14,XLK,EWMA,0.141983618723539,0.20371184299096218
2025-08-15,XLK,EWMA,0.1414853606590154,0.2023850324576381
2025-08-18,XLK,EWMA,0.1425059943042486,0.1991982600294229
2025-08-19,XLK,EWMA,0.1256638752257409,0.20350770313079714
2025-08-20,XLK,EWMA,0.13238350410033314,0.20158391201900883
2025-08-21,XLK,EWMA,0.1321818939746904,0.19884592426843814
2025-08-22,XLK,EWMA,0.13335119599971296,0.1987879394355256
2025-08-25,XLK,EWMA,0.13902645158776866,0.19591393421543177
2025-08-26,XLK,EWMA,0.1430748734865029,0.19305197423742232
2025-08-27,XLK,EWMA,0.1436893560025796,0.19034464312219684
2025-08-28,XLK,EWMA,0.14233705201983823,0.1881935211762951
2025-08-29,XLK,EWMA,0.12608973430011255,0.19127267525560293
2025-09-02,XLK,EWMA,0.11564993744970489,0.19086249859641344
2025-09-03,XLK,EWMA,0.11721203783183787,0.1884069218558928
2025-09-04,XLK,EWMA,0.11725583017801827,0.18577082895763233
2025-09-05,XLK,EWMA,0.12138115517330013,0.18284623204531197
2025-09-08,XLK,EWMA,0.12269181384410642,0.18084866115566103
2025-09-09,XLK,EWMA,0.12848312430122252,0.1780100971785944
2025-09-10,XLK,EWMA,0.12764593928796011,0.18126086330487284
2025-09-11,XLK,EWMA,0.12908815094265308,0.17845914858563355
2025-09-12,XLK,EWMA,0.20545907619992398,0.17578805793109775
2025-09-15,XLK,EWMA,0.21932164340255073,0.17417567373987874
2025-09-16,XLK,EWMA,0.22503884016700773,0.17210980223783878
2025-09-17,XLK,EWMA,0.22594355857112308,0.17003651592785604
2025-09-18,XLK,EWMA,0.2191396533884093,0.17281307697119344
2025-09-19,XLK,EWMA,0.2168222497216113,0.17152415584846648
2025-09-22,XLK,EWMA,0.2142763605572644,0.17221271955574918
2025-09-23,XLK,EWMA,0.21125548384138512,0.1724689507058747
2025-09-24,XLK,EWMA,0.21345102244619657,0.17143665141987469
2025-09-25,XLK,EWMA,0.2167875833452379,0.169087128762428
2025-09-26,XLK,EWMA,0.22199466174447396,0.16644709575258518
2025-09-29,XLK,EWMA,0.22879307318984488,0.16407903968874207
2025-09-30,XLK,EWMA,0.22989251907186473,0.16175372112887051
2025-10-01,XLK,EWMA,0.22913505793373817,0.160563962518023
2025-10-02,XLK,EWMA,0.23558543417113922,0.1582415870154722
2025-10-03,XLK,EWMA,0.2340181664980568,0.15719164139945904
2025-10-06,XLK,EWMA,0.2324888981883689,0.15620100417160232
2025-10-07,XLK,EWMA,0.2529304704788027,0.15589994895939596
2025-10-08,XLK,EWMA,0.24608225144778623,0.1590905510701334
2025-10-09,XLK,EWMA,0.25714895474619887,0.1570758506468239
2025-10-10,XLK,EWMA,0.20642119252241972,0.19756227036433133
2025-10-14,XLK,EWMA,0.20463339362188365,0.1984111670455778
2025-10-15,XLK,EWMA,0.2025861380862069,0.19690706384642456
2025-10-16,XLK,EWMA,0.22403714803519156,0.1938084393020438
2025-10-17,XLK,EWMA,0.2247180136928731,0.1907654605845004
2025-10-20,XLK,EWMA,0.2282052193779597,0.18981242534616719
2025-10-21,XLK,EWMA,0.2347105178129929,0.18683957155558148
2025-10-22,XLK,EWMA,0.2344407699529342,0.1865773246129287
2025-10-23,XLK,EWMA,0.25322461320553197,0.18640947898087276
2025-10-24,XLK,EWMA,0.24526381539994094,0.18758136050034108
2025-10-27,XLK,EWMA,0.25209973353373266,0.1902333540161019
2025-10-28,XLK,EWMA,0.24838216976130986,0.18840068063192766
2025-10-29,XLK,EWMA,0.2515705481211885,0.18587210062794826
2025-10-30,XLK,EWMA,0.2527085518838855,0.18770983349265005
2025-10-31,XLK,EWMA,0.2526244118203502,0.18478818487439364
2025-11-03,XLK,EWMA,0.25566681420262427,0.1819527400045105
2025-11-04,XLK,EWMA,0.23881711882807918,0.196471160733308
2025-11-05,XLK,EWMA,0.23877037348211513,0.193506627124459
2025-11-06,XLK,EWMA,0.228577651503874,0.19984631640113262
2025-11-07,XLK,EWMA,0.2290709071989868,0.19705037365670441
2025-11-10,XLK,EWMA,0.21094451407457246,0.2057097453351396
2025-11-12,XLK,EWMA,0.20980958228019403,0.20252551265114976
2025-11-13,XLK,EWMA,0.2168244010715254,0.21275294993566998
2025-11-14,XLK,EWMA,0.21858256229999706,0.2098304180674614
2025-11-17,XLK,EWMA,0.21120091446229655,0.2115992653865646
2025-11-18,XLK,EWMA,0.21856040001952817,0.2133557253910905
2025-11-19,XLK,EWMA,0.22405986318577759,0.2109497634686204
2025-11-20,XLK,EWMA,0.20091533272111736,0.22577166273892116
2025-11-21,XLK,EWMA,0.20107075414196768,0.22263281683974878
2025-11-24,XLK,EWMA,0.18639846039374008,0.22944587648689826
2025-11-25,XLK,EWMA,0.18639172753653388,0.2259669753246878
2025-11-26,XLK,EWMA,0.1829274472898089,0.22482340040179402
2025-11-28,XLK,EWMA,0.18229517918525132,0.2224654918976071
2025-12-01,XLK,EWMA,0.18289679442921336,0.218962206649207
2025-12-02,XLK,EWMA,0.18318480622028546,0.21718678051831944
2025-12-03,XLK,EWMA,0.1831680341716431,0.21380679656276005
2025-12-04,XLK,EWMA,0.1828230703462377,0.2105821439688714
2025-12-05,XLK,EWMA,0.18790734064163475,0.20799949319404296
2025-12-08,XLK,EWMA,0.1861359981602008,0.20535611852503546
2025-12-09,XLK,EWMA,0.19358543364581307,0.202151450538966
2025-12-10,XLK,EWMA,0.19922522661635889,0.19918604263687253
2025-12-11,XLK,EWMA,0.19934216027292834,0.1969252261108412
2025-12-12,XLK,EWMA,0.16766894045714378,0.21181707283776435
2025-12-15,XLK,EWMA,0.17002055810121733,0.21036728251897507
2025-12-16,XLK,EWMA,0.1706940871354458,0.20711261349520657
2025-12-17,XLK,EWMA,0.14628521027551092,0.21334236255476324
2025-12-18,XLK,EWMA,0.16974981749053386,0.21459753120989578
2025-12-19,XLK,EWMA,0.15896218949661703,0.2195247326409063
2025-12-22,XLK,EWMA,0.16006786026224865,0.21648118630723817
2025-12-23,XLK,EWMA,0.15886520984744212,0.21347350307150348
2025-12-24,XLK,EWMA,0.16061459512897935,0.21015424359120635
2025-12-26,XLK,EWMA,0.1675565008893194,0.20685244289757596
2025-12-29,XLK,EWMA,0.16842642125256294,0.20416051527331106
2025-12-30,XLK,EWMA,0.17855870991954967,0.20124271401975208
2025-12-31,XLK,EWMA,0.19038483834560352,0.20026002281089703
2023-12-28,XLF,EWMA,0.08857378661605272,0.129164662597139
2023-12-29,XLF,EWMA,0.09527604863804177,0.12804000285643152
2024-01-02,XLF,EWMA,0.10771831314921104,0.12616323979826696
2024-01-03,XLF,EWMA,0.10128419695479328,0.12769454879766487
2024-01-04,XLF,EWMA,0.10131787245055474,0.1258262249385978
2024-01-05,XLF,EWMA,0.10445862344742325,0.12401485955361989
2024-01-08,XLF,EWMA,0.10281755456521229,0.12266130716112987
2024-01-09,XLF,EWMA,0.10122998703488713,0.12300598350379299
2024-01-10,XLF,EWMA,0.10318422028456495,0.12107109725004833
2024-01-11,XLF,EWMA,0.10138989638038541,0.12016555174369695
2024-01-12,XLF,EWMA,0.10085561926680861,0.11868215133875051
2024-01-16,XLF,EWMA,0.11106396743328398,0.11918886705004804
2024-01-17,XLF,EWMA,0.11335630703783328,0.11764463842075017
2024-01-18,XLF,EWMA,0.12453637008061227,0.11579742282701364
2024-01-19,XLF,EWMA,0.11698679831235619,0.12112930250791858
2024-01-22,XLF,EWMA,0.1178583533328391,0.11952578137348609
2024-01-23,XLF,EWMA,0.11793212089534327,0.1176446388144279
2024-01-24,XLF,EWMA,0.12267561876417268,0.11594777013158258
2024-01-25,XLF,EWMA,0.12268413588365483,0.11445083070338309
2024-01-26,XLF,EWMA,0.12519761312199665,0.11274779777828028
2024-01-29,XLF,EWMA,0.12521105837731464,0.11098482270694415
2024-01-30,XLF,EWMA,0.11895077466199148,0.1131287299794017
2024-01-31,XLF,EWMA,0.10774912247917934,0.1185718213379886
2024-02-01,XLF,EWMA,0.10835630108021836,0.11670796252987184
2024-02-02,XLF,EWMA,0.10806007796602497,0.11504072584479186
2024-02-05,XLF,EWMA,0.10439102286679071,0.11531963410330921
2024-02-06,XLF,EWMA,0.1049687651282576,0.11350825647665548
2024-02-07,XLF,EWMA,0.10387776802558608,0.11285843054450706
2024-02-08,XLF,EWMA,0.10172850743904809,0.11221706333454555
2024-02-09,XLF,EWMA,0.10169643342355338,0.11049366210561204
2024-02-12,XLF,EWMA,0.10156440553419863,0.109044695358881
2024-02-13,XLF,EWMA,0.0847199035596693,0.11559162847653678
2024-02-14,XLF,EWMA,0.08972498291905752,0.11602023745813725
2024-02-15,XLF,EWMA,0.07107951407055126,0.12197037984588793
2024-02-16,XLF,EWMA,0.07038301552867028,0.12105959842697776
2024-02-20,XLF,EWMA,0.06911726493982558,0.11986433716175708
2024-02-21,XLF,EWMA,0.0772969565964526,0.11802995280505885
2024-02-22,XLF,EWMA,0.07288155317375748,0.11929452782688438
2024-02-23,XLF,EWMA,0.08721636300530454,0.11768806414705463
2024-02-26,XLF,EWMA,0.086200851857307,0.11754060577778556
2024-02-27,XLF,EWMA,0.08634362356121224,0.115709433555902
2024-02-28,XLF,EWMA,0.09334597813040499,0.11398914767609233
2024-02-29,XLF,EWMA,0.09359380349962175,0.11241678252262642
2024-03-01,XLF,EWMA,0.09689595493892184,0.1110059114232017
2024-03-04,XLF,EWMA,0.10036893645756095,0.10927100170532643
2024-03-05,XLF,EWMA,0.10054627739221561,0.10764668655971622
2024-03-06,XLF,EWMA,0.10968396101431425,0.10636125856350484
2024-03-07,XLF,EWMA,0.11333674919972607,0.10511762059822174
2024-03-08,XLF,EWMA,0.11379995865605583,0.10346255237708844
2024-03-11,XLF,EWMA,0.11672433640236855,0.10183355284576322
2024-03-12,XLF,EWMA,0.12944906788704508,0.10044202506696626
2024-03-13,XLF,EWMA,0.12910090286762482,0.10000399923395999
2024-03-14,XLF,EWMA,0.13452191919840167,0.10238062185640584
2024-03-15,XLF,EWMA,0.1353636655229375,0.1010548729955242
2024-03-18,XLF,EWMA,0.13445528077146013,0.10010086342363306
2024-03-19,XLF,EWMA,0.13320408217237165,0.09889900152200896
2024-03-20,XLF,EWMA,0.12497173695474927,0.10122286368478678
2024-03-21,XLF,EWMA,0.13238305575832246,0.10099513907969399
2024-03-22,XLF,EWMA,0.13594508970011984,0.10668134040118181
2024-03-25,XLF,EWMA,0.1375778237303145,0.10624529464715728
2024-03-26,XLF,EWMA,0.13693910290199232,0.10466893468730436
2024-03-27,XLF,EWMA,0.13040736647572956,0.10667711768431674
2024-03-28,XLF,EWMA,0.12798538747693564,0.10540908023810257
2024-04-01,XLF,EWMA,0.12715021577191687,0.1059474072473774
2024-04-02,XLF,EWMA,0.13003342575121896,0.10622023594804743
2024-04-03,XLF,EWMA,0.13009927210462413,0.10473458554655313
2024-04-04,XLF,EWMA,0.12549484478439699,0.1092978554589209
2024-04-05,XLF,EWMA,0.1201376427543818,0.10993557674246604
2024-04-08,XLF,EWMA,0.12872177581614272,0.10847997049187004
2024-04-09,XLF,EWMA,0.12816393659173891,0.10873932545086053
2024-04-10,XLF,EWMA,0.1163861515813262,0.11641349251337958
2024-04-11,XLF,EWMA,0.11511398214167116,0.11672689931464553
2024-04-12,XLF,EWMA,0.10137697599889729,0.12134376672233861
2024-04-15,XLF,EWMA,0.10055337429286217,0.12030789099550786
2024-04-16,XLF,EWMA,0.09512159021548156,0.1199312241263314
2024-04-17,XLF,EWMA,0.09648488144758033,0.118281773225965
2024-04-18,XLF,EWMA,0.09706095960573739,0.116853305285913
2024-04-19,XLF,EWMA,0.0899800594360119,0.1211689395061299
2024-04-22,XLF,EWMA,0.09987005218379337,0.12356729012654029
2024-04-23,XLF,EWMA,0.0999246191534992,0.12259253778732809
2024-04-24,XLF,EWMA,0.10285352153422501,0.12071009548223569
2024-04-25,XLF,EWMA,0.1134226362378559,0.12030722724596016
2024-04-26,XLF,EWMA,0.11473643542895808,0.11857093003356477
2024-04-29,XLF,EWMA,0.12230403448834812,0.11685471731379754
2024-04-30,XLF,EWMA,0.12042899493138794,0.11864328260902395
2024-05-01,XLF,EWMA,0.12159928640817497,0.11677718125956624
2024-05-02,XLF,EWMA,0.13090524740538695,0.11510315418745613
2024-05-03,XLF,EWMA,0.13366684058225428,0.11341274429336587
2024-05-06,XLF,EWMA,0.1275183788585236,0.11680468232969707
2024-05-07,XLF,EWMA,0.1273630101690705,0.1151976452057086
2024-05-08,XLF,EWMA,0.12669393113181046,0.1136464589085161
2024-05-09,XLF,EWMA,0.12481736786507099,0.11332138121703797
2024-05-10,XLF,EWMA,0.12448581850224541,0.11178678111703463
2024-05-13,XLF,EWMA,0.1298330266815499,0.11101307148635774
2024-05-14,XLF,EWMA,0.12788139489089473,0.10982006861214437
2024-05-15,XLF,EWMA,0.12377222974318235,0.10945434896137901
2024-05-16,XLF,EWMA,0.12371368515171115,0.10779939097264934
2024-05-17,XLF,EWMA,0.12528645202265076,0.1074010898772597
2024-05-20,XLF,EWMA,0.11998944778124947,0.11394050009968881
2024-05-21,XLF,EWMA,0.11917236180621722,0.11313898282705567
2024-05-22,XLF,EWMA,0.11834809591857852,0.1130135017179
2024-05-23,XLF,EWMA,0.11359046481569819,0.11874447906021793
2024-05-24,XLF,EWMA,0.11494649317796102,0.11787015256964004
2024-05-28,XLF,EWMA,0.11006111466836373,0.12059354038952776
2024-05-29,XLF,EWMA,0.10599621295071539,0.12097058771108607
2024-05-30,XLF,EWMA,0.10499343370762605,0.11997641781321645
2024-05-31,XLF,EWMA,0.09102096926541534,0.12459458134774894
2024-06-03,XLF,EWMA,0.0974202164917763,0.12414968842032527
2024-06-04,XLF,EWMA,0.09651871863904538,0.12300760951677576
2024-06-05,XLF,EWMA,0.09618038593839746,0.12128628276199047
2024-06-06,XLF,EWMA,0.09677305374467743,0.1194010671572985
2024-06-07,XLF,EWMA,0.09916710137541367,0.1181081648549074
2024-06-10,XLF,EWMA,0.0984092311800996,0.11688060696335341
2024-06-11,XLF,EWMA,0.08974572955144092,0.1196394623834667
2024-06-12,XLF,EWMA,0.08922883428187096,0.11778631473879131
2024-06-13,XLF,EWMA,0.09876171797066811,0.11594753105954471
2024-06-14,XLF,EWMA,0.10042120689114814,0.11445427316104656
2024-06-17,XLF,EWMA,0.09964660017171331,0.11539004447663763
2024-06-18,XLF,EWMA,0.11339759253915398,0.11487628219218529
2024-06-20,XLF,EWMA,0.12154921906731105,0.11392114111861021
2024-06-21,XLF,EWMA,0.12032038582640334,0.11277504974934732
2024-06-24,XLF,EWMA,0.116605254043512,0.11436094625413358
2024-06-25,XLF,EWMA,0.12510135563948072,0.11481186899824097
2024-06-26,XLF,EWMA,0.1217624876986897,0.11453761282829697
2024-06-27,XLF,EWMA,0.13005720907229015,0.11280127246163033
2024-06-28,XLF,EWMA,0.13091419902072404,0.11139812711100056
2024-07-01,XLF,EWMA,0.13457033290341797,0.1097775694770307
2024-07-02,XLF,EWMA,0.1320867047924222,0.1125220230695855
2024-07-03,XLF,EWMA,0.14370689258908037,0.11124825772725454
2024-07-05,XLF,EWMA,0.17227006561330965,0.10951754041398677
2024-07-08,XLF,EWMA,0.20258740132482356,0.10815192688978637
2024-07-09,XLF,EWMA,0.2092311553399295,0.10836204964135235
2024-07-10,XLF,EWMA,0.20875209043870374,0.1070234116584447
2024-07-11,XLF,EWMA,0.21495259232630584,0.10717850727044928
2024-07-12,XLF,EWMA,0.21517310865422593,0.10569277886068883
2024-07-15,XLF,EWMA,0.2088422349601372,0.1105994898165522
2024-07-16,XLF,EWMA,0.2067202303665912,0.1122757620450831
2024-07-17,XLF,EWMA,0.20989548903750288,0.11167882261282255
2024-07-18,XLF,EWMA,0.2083891207468516,0.11673398506828181
2024-07-19,XLF,EWMA,0.20607207961883017,0.11944033975013231
2024-07-22,XLF,EWMA,0.20603838767032776,0.11820933238908544
2024-07-23,XLF,EWMA,0.2065555823320788,0.1163587472075871
2024-07-24,XLF,EWMA,0.19957407226211832,0.12195774786511622
2024-07-25,XLF,EWMA,0.19999420109462104,0.12031301843266684
2024-07-26,XLF,EWMA,0.19497188815604824,0.1252351792999392
2024-07-29,XLF,EWMA,0.19485074603332941,0.12350167638860786
2024-07-30,XLF,EWMA,0.19178134473131864,0.12481734409071997
2024-07-31,XLF,EWMA,0.1913601963662989,0.12338538628560376
2024-08-01,XLF,EWMA,0.1838287503347371,0.12912024665294386
2024-08-02,XLF,EWMA,0.15401946919274792,0.1460855760805197
2024-08-05,XLF,EWMA,0.10101397799160558,0.16574529488087827
2024-08-06,XLF,EWMA,0.09359213753507087,0.16969320651657938
2024-08-07,XLF,EWMA,0.1083633672371108,0.16706806456611145
2024-08-08,XLF,EWMA,0.11761752359036914,0.1704932991976807
2024-08-09,XLF,EWMA,0.12551164962316355,0.16816432482421811
2024-08-12,XLF,EWMA,0.13105068259549071,0.1662619232004448
2024-08-13,XLF,EWMA,0.1318048527221099,0.16514916929273418
2024-08-14,XLF,EWMA,0.1262758775383984,0.16574255738186428
2024-08-15,XLF,EWMA,0.12309861999476242,0.16478582268852357
2024-08-16,XLF,EWMA,0.12830442056192023,0.16310413968075155
2024-08-19,XLF,EWMA,0.12824003099688755,0.16094634715479475
2024-08-20,XLF,EWMA,0.128195750767191,0.15894090417894824
2024-08-21,XLF,EWMA,0.131929994316128,0.15664891665149744
2024-08-22,XLF,EWMA,0.1315696213460652,0.15468098015250845
2024-08-23,XLF,EWMA,0.1294383323759796,0.15356558513113364
2024-08-26,XLF,EWMA,0.13367710120198997,0.15120858081754482
2024-08-27,XLF,EWMA,0.13464798263486888,0.14914618151915274
2024-08-28,XLF,EWMA,0.13557844257434248,0.14681011405407668
2024-08-29,XLF,EWMA,0.13218654977881497,0.14584041068705697
2024-08-30,XLF,EWMA,0.12828283338781263,0.14503333880090677
2024-09-03,XLF,EWMA,0.12690544868026632,0.14527744764617206
2024-09-04,XLF,EWMA,0.1269065079711784,0.14300803253421743
2024-09-05,XLF,EWMA,0.12191714935455722,0.14531033253024883
2024-09-06,XLF,EWMA,0.12224197885709875,0.15004026246981414
2024-09-09,XLF,EWMA,0.12162385585006476,0.15259634201368
2024-09-10,XLF,EWMA,0.116248871901522,0.15368861538822487
2024-09-11,XLF,EWMA,0.1174469281104521,0.15212331416832425
2024-09-12,XLF,EWMA,0.11870565079623503,0.14977702736019952
2024-09-13,XLF,EWMA,0.13405185755366958,0.14752424637863776
2024-09-16,XLF,EWMA,0.1290500925559284,0.1489750333421963
2024-09-17,XLF,EWMA,0.12847502384033715,0.14704189595072592
2024-09-18,XLF,EWMA,0.13212485832602666,0.14528435721992872
2024-09-19,XLF,EWMA,0.1284006745601729,0.14550881904913454
2024-09-20,XLF,EWMA,0.12817808247693716,0.14335938318011676
2024-09-23,XLF,EWMA,0.132825924869496,0.14131283905505537
2024-09-24,XLF,EWMA,0.1280360324878013,0.1417789178436261
2024-09-25,XLF,EWMA,0.12488262005324689,0.14097027566797207
2024-09-26,XLF,EWMA,0.12462496312176909,0.13923674476132464
2024-09-27,XLF,EWMA,0.13334005811663444,0.13713635192770363
2024-09-30,XLF,EWMA,0.13857081963475829,0.13517451248365173
2024-10-01,XLF,EWMA,0.13920204775184,0.13427964486977445
2024-10-02,XLF,EWMA,0.1394267553277791,0.13216515828747963
2024-10-03,XLF,EWMA,0.14854058639613477,0.13127783283711927
2024-10-04,XLF,EWMA,0.13777074281836618,0.13665047797136134
2024-10-07,XLF,EWMA,0.1327087730297344,0.1397700853245215
2024-10-08,XLF,EWMA,0.1348279073897653,0.13823342073254044
2024-10-09,XLF,EWMA,0.24425646338406765,0.13794928743708976
2024-10-10,XLF,EWMA,0.2536250672604005,0.13631784280670373
2024-10-11,XLF,EWMA,0.2477428478606849,0.1431703148564195
2024-10-15,XLF,EWMA,0.2517165460924721,0.14092026526195953
2024-10-16,XLF,EWMA,0.24936563104608336,0.14178218155107408
2024-10-17,XLF,EWMA,0.24998004814511957,0.1395618008813976
2024-10-18,XLF,EWMA,0.25003112376549796,0.13746281817395864
2024-10-21,XLF,EWMA,0.2470402775912891,0.13815347090333716
2024-10-22,XLF,EWMA,0.24880605849437043,0.13635026775059114
2024-10-23,XLF,EWMA,0.24932774020907256,0.13437565823922537
2024-10-24,XLF,EWMA,0.251782144925013,0.132272635756682
2024-10-25,XLF,EWMA,0.2474743040388495,0.13482629371526006
2024-10-28,XLF,EWMA,0.245781297995527,0.13635243614026085
2024-10-29,XLF,EWMA,0.24303875405924508,0.13587180819807598
2024-10-30,XLF,EWMA,0.24318321085909375,0.13403687058237398
2024-10-31,XLF,EWMA,0.23395084433341468,0.13855598665440982
2024-11-01,XLF,EWMA,0.2398935964375428,0.13656434794179573
2024-11-04,XLF,EWMA,0.23973223448480757,0.13656695502494653
2024-11-05,XLF,EWMA,0.24063148263549577,0.1365281825586862
2024-11-06,XLF,EWMA,0.1231932114696973,0.2102955412420382
2024-11-07,XLF,EWMA,0.10547359337550759,0.21364895483623106
2024-11-08,XLF,EWMA,0.11504662754470443,0.21114451636088957
2024-11-12,XLF,EWMA,0.10292629721420006,0.2083565204528092
2024-11-13,XLF,EWMA,0.10411656400128735,0.20512284316636678
2024-11-14,XLF,EWMA,0.10375537768101922,0.20232649094677313
2024-11-15,XLF,EWMA,0.10237624337726485,0.19927450065528104
2024-11-18,XLF,EWMA,0.10416000273474961,0.19615312389995934
2024-11-19,XLF,EWMA,0.1468401355956347,0.19458591604144354
2024-11-20,XLF,EWMA,0.14815615893025694,0.19199792036320248
2024-11-21,XLF,EWMA,0.15103833794884253,0.1914204036417609
2024-11-22,XLF,EWMA,0.14427787747375848,0.19009328928681504
2024-11-25,XLF,EWMA,0.14949989627225063,0.1874606676111266
2024-11-26,XLF,EWMA,0.1496756738963992,0.1845131992001868
2024-11-27,XLF,EWMA,0.15020087864215417,0.1816120009560764
2024-11-29,XLF,EWMA,0.15166898932999695,0.17876737905030113
2024-12-02,XLF,EWMA,0.14983706398007055,0.17928802523436715
2024-12-03,XLF,EWMA,0.14858300925994794,0.17843511021880304
2024-12-04,XLF,EWMA,0.15248168692430042,0.17628426603682457
2024-12-05,XLF,EWMA,0.15164881254892787,0.1735551349667104
2024-12-06,XLF,EWMA,0.15154053799166994,0.17089292665769926
2024-12-09,XLF,EWMA,0.14577207468436526,0.1735133521000088
2024-12-10,XLF,EWMA,0.16766193965469925,0.1708155746609383
2024-12-11,XLF,EWMA,0.17036799296728725,0.1681489241275756
2024-12-12,XLF,EWMA,0.17739099635455213,0.16619719758821627
2024-12-13,XLF,EWMA,0.2005143523225646,0.16364566624008295
2024-12-16,XLF,EWMA,0.20165936496038547,0.161234416399621
2024-12-17,XLF,EWMA,0.20133682836064976,0.16018540907918338
2024-12-18,XLF,EWMA,0.16376943496183416,0.17957918134199294
2024-12-19,XLF,EWMA,0.16622319074063427,0.17710956177840578
2024-12-20,XLF,EWMA,0.16067190048394592,0.1793188748038786
2024-12-23,XLF,EWMA,0.1606829934261339,0.1766092136410497
2024-12-24,XLF,EWMA,0.16013060185034436,0.17676045879290003
2024-12-26,XLF,EWMA,0.16081029202227293,0.17405705528869528
2024-12-27,XLF,EWMA,0.1572809598833139,0.1727447071861477
2024-12-30,XLF,EWMA,0.15218193775743646,0.17230897632979444
2024-12-31,XLF,EWMA,0.1555500216181593,0.16961776457194033
2025-01-02,XLF,EWMA,0.15642128710406833,0.1670985609072155
2025-01-03,XLF,EWMA,0.15647190091860289,0.16591543144687915
2025-01-06,XLF,EWMA,0.1574011057885012,0.16356567408719266
2025-01-07,XLF,EWMA,0.15696010892445708,0.16112934264896198
2025-01-08,XLF,EWMA,0.16043630141243456,0.1588488288604807
2025-01-10,XLF,EWMA,0.13050840903792763,0.17067628848327435
2025-01-13,XLF,EWMA,0.1301248102171854,0.16937411995957988
2025-01-14,XLF,EWMA,0.12869282802830578,0.17039657872037572
2025-01-15,XLF,EWMA,0.10022446508812967,0.1817341453992586
2025-01-16,XLF,EWMA,0.09883387171437873,0.17960692614123303
2025-01-17,XLF,EWMA,0.09782790480637567,0.177973864211191
2025-01-21,XLF,EWMA,0.09492118781567643,0.176281554722774
2025-01-22,XLF,EWMA,0.11056580366233601,0.17436255037010762
2025-01-23,XLF,EWMA,0.1188130818206376,0.17206869433607827
2025-01-24,XLF,EWMA,0.11935636926594637,0.16941413777898032
2025-01-27,XLF,EWMA,0.11228470540815985,0.16883309050508247
2025-01-28,XLF,EWMA,0.11235743705516112,0.16645905095130328
2025-01-29,XLF,EWMA,0.11430891815043154,0.16397539130329988
2025-01-30,XLF,EWMA,0.13157520290892016,0.16290383943452985
2025-01-31,XLF,EWMA,0.13355989312635858,0.16173573966992713
2025-02-03,XLF,EWMA,0.18487034830630947,0.15996624826129796
2025-02-04,XLF,EWMA,0.18652386121306552,0.15779035101099292
2025-02-05,XLF,EWMA,0.18937212045685933,0.15741602186233244
2025-02-06,XLF,EWMA,0.1854176387599793,0.156062911664865
2025-02-07,XLF,EWMA,0.1980890789837156,0.1549642993573143
2025-02-10,XLF,EWMA,0.1982764256146254,0.1547947795489099
2025-02-11,XLF,EWMA,0.19786160321931923,0.1523984083779476
2025-02-12,XLF,EWMA,0.19793310474990486,0.1505892459362217
2025-02-13,XLF,EWMA,0.21708768840710518,0.14899499444036987
2025-02-14,XLF,EWMA,0.22281016113582391,0.14665872662141535
2025-02-18,XLF,EWMA,0.21989039233353103,0.14524593509413455
2025-02-19,XLF,EWMA,0.22524934241841793,0.14299284775801593
2025-02-20,XLF,EWMA,0.22036777559332923,0.1484175826468282
2025-02-21,XLF,EWMA,0.2168188749483176,0.15082287429588218
2025-02-24,XLF,EWMA,0.22616199556669744,0.14882435543605238
2025-02-25,XLF,EWMA,0.22723145251465696,0.14649917262726034
2025-02-26,XLF,EWMA,0.2273368475163614,0.1443992482810168
2025-02-27,XLF,EWMA,0.2263219917477396,0.1427947483472356
2025-02-28,XLF,EWMA,0.22122834169027183,0.15081134483244793
2025-03-03,XLF,EWMA,0.22618337750804673,0.15090668374882094
2025-03-04,XLF,EWMA,0.18696200193202836,0.18044710099473202
2025-03-05,XLF,EWMA,0.1881453122071895,0.1783758262710975
2025-03-06,XLF,EWMA,0.25473892909682244,0.18161813114134745
2025-03-07,XLF,EWMA,0.3672620856450555,0.17925402517761416
2025-03-10,XLF,EWMA,0.3614076592423837,0.18676778258800245
2025-03-11,XLF,EWMA,0.36101861984587813,0.1849298985088598
2025-03-12,XLF,EWMA,0.451930863338711,0.18221218276905365
2025-03-13,XLF,EWMA,0.46257671435179265,0.179689127955296
2025-03-14,XLF,EWMA,0.45858630694045766,0.18957670779460672
2025-03-17,XLF,EWMA,0.45805227151540645,0.18980882012535724
2025-03-18,XLF,EWMA,0.458313844413089,0.18683257176834983
2025-03-19,XLF,EWMA,0.45838949301021786,0.18661304168262816
2025-03-20,XLF,EWMA,0.45855616659773396,0.1837221293469937
2025-03-21,XLF,EWMA,0.46336956750232555,0.18110348635574838
2025-03-24,XLF,EWMA,0.4754819093656134,0.18489576563923077
2025-03-25,XLF,EWMA,0.47749637733291384,0.18255425436258013
2025-03-26,XLF,EWMA,0.4800001539065559,0.17994769752170203
2025-03-27,XLF,EWMA,0.4800967519934883,0.17724298163996655
2025-03-28,XLF,EWMA,0.4759722998890621,0.18302518690003292
2025-03-31,XLF,EWMA,0.47535576618731973,0.18340872193594868
2025-04-01,XLF,EWMA,0.47547520127191273,0.180558472392835
2025-04-02,XLF,EWMA,0.4742494963350658,0.1791469902686201
2025-04-03,XLF,EWMA,0.44273292955337196,0.22610936986039223
2025-04-04,XLF,EWMA,0.33591083311502007,0.3046999848653613
2025-04-07,XLF,EWMA,0.3371179332830873,0.2999166486740526
2025-04-08,XLF,EWMA,0.33532009563203813,0.29519455376476683
2025-04-09,XLF,EWMA,0.22516987427614674,0.35979111151638377
2025-04-10,XLF,EWMA,0.19358253356955793,0.36211409566329644
2025-04-11,XLF,EWMA,0.19704367039642148,0.36009185303461755
2025-04-14,XLF,EWMA,0.19579703169498644,0.35591006970770983
2025-04-15,XLF,EWMA,0.19721433024916196,0.3504503173607314
2025-04-16,XLF,EWMA,0.18335796388773867,0.3473861668785709
2025-04-17,XLF,EWMA,0.18319685370924496,0.3420973838674466
2025-04-21,XLF,EWMA,0.15504531055055815,0.34144838528235133
2025-04-22,XLF,EWMA,0.12498162830033563,0.34951908579003177
2025-04-23,XLF,EWMA,0.14964487303680818,0.3458189360754349
2025-04-24,XLF,EWMA,0.14678757049907357,0.3418795900451204
2025-04-25,XLF,EWMA,0.14611763551809415,0.3367461140822545
2025-04-28,XLF,EWMA,0.15597716577676485,0.33157594494360293
2025-04-29,XLF,EWMA,0.15676561881634535,0.3276552966318003
2025-04-30,XLF,EWMA,0.15717292750841158,0.3225286312623081
2025-05-01,XLF,EWMA,0.15693721935650568,0.3174514127274045
2025-05-02,XLF,EWMA,0.1413102199223403,0.3175186056668204
2025-05-05,XLF,EWMA,0.13838465959850862,0.3131782716306035
2025-05-06,XLF,EWMA,0.13839444520680422,0.3087446982570959
2025-05-07,XLF,EWMA,0.13827355943367398,0.30426202860858687
2025-05-08,XLF,EWMA,0.1417755980492462,0.3002292183809878
2025-05-09,XLF,EWMA,0.14381226324721239,0.29551001897797596
2025-05-12,XLF,EWMA,0.1252831774248466,0.2957513120699902
2025-05-13,XLF,EWMA,0.12448573147173696,0.2911913383671489
2025-05-14,XLF,EWMA,0.12408666510303165,0.2868481912574567
2025-05-15,XLF,EWMA,0.14138757124271192,0.2827146863239699
2025-05-16,XLF,EWMA,0.1462216097427171,0.27854418843181095
2025-05-19,XLF,EWMA,0.1470188331367469,0.2741740672169344
2025-05-20,XLF,EWMA,0.14624841743452685,0.2705735523184877
2025-05-21,XLF,EWMA,0.12708023636951285,0.27331345092757475
2025-05-22,XLF,EWMA,0.13437864344672915,0.2690619394947854
2025-05-23,XLF,EWMA,0.14217827420324933,0.2650890123022571
2025-05-27,XLF,EWMA,0.13025739049847615,0.26512297642801147
2025-05-28,XLF,EWMA,0.129310987498234,0.2618395357027166
2025-05-29,XLF,EWMA,0.12868582349437493,0.25799513784573425
2025-05-30,XLF,EWMA,0.13105866744542127,0.25395434469968975
2025-06-02,XLF,EWMA,0.13172843372463106,0.24996031532009724
2025-06-03,XLF,EWMA,0.13203595404684063,0.2460391364599684
2025-06-04,XLF,EWMA,0.13281508782924042,0.24288036835352714
2025-06-05,XLF,EWMA,0.13853075407967644,0.23925963982351564
2025-06-06,XLF,EWMA,0.13833255744855477,0.23772682817302887
2025-06-09,XLF,EWMA,0.1363813145707257,0.2346860877199369
2025-06-10,XLF,EWMA,0.13724847225512227,0.23099188855044497
2025-06-11,XLF,EWMA,0.14372088458097174,0.2274240744361812
2025-06-12,XLF,EWMA,0.14525449177629435,0.2238531349663741
2025-06-13,XLF,EWMA,0.1388247226663612,0.22821780757567098
2025-06-16,XLF,EWMA,0.13567033620589417,0.22679634602123228
2025-06-17,XLF,EWMA,0.1355330479463715,0.22389170269946895
2025-06-18,XLF,EWMA,0.13531294758954104,0.22037310594280315
2025-06-20,XLF,EWMA,0.1365932291866265,0.2170186516005906
2025-06-23,XLF,EWMA,0.1317220588734165,0.21628520160831757
2025-06-24,XLF,EWMA,0.12474820524123018,0.21649355883921667
2025-06-25,XLF,EWMA,0.12373938178100446,0.21344195101928987
2025-06-26,XLF,EWMA,0.12349003786560482,0.21082693391946755
2025-06-27,XLF,EWMA,0.12698096863255381,0.20756029116835933
2025-06-30,XLF,EWMA,0.12581933371271573,0.20521760847865736
2025-07-01,XLF,EWMA,0.12456988169149888,0.20230075253672586
2025-07-02,XLF,EWMA,0.126564924963752,0.1992226510264461
2025-07-03,XLF,EWMA,0.13547255588887153,0.19777010204051895
2025-07-07,XLF,EWMA,0.138014067311436,0.1972465041427244
2025-07-08,XLF,EWMA,0.13520529723777586,0.1962936895443505
2025-07-09,XLF,EWMA,0.13575222387664973,0.19332811222621812
2025-07-10,XLF,EWMA,0.13873960088381995,0.19073143964766615
2025-07-11,XLF,EWMA,0.13911456011494963,0.19060086970909104
2025-07-14,XLF,EWMA,0.13607425167522733,0.1884611388671133
2025-07-15,XLF,EWMA,0.12829599728942978,0.19248153183933267
2025-07-16,XLF,EWMA,0.12757707611990232,0.1902702407034732
2025-07-17,XLF,EWMA,0.12423598667537133,0.18885590908295266
2025-07-18,XLF,EWMA,0.13011918578080378,0.18588700348584156
2025-07-21,XLF,EWMA,0.12972631409818802,0.18328515691747035
2025-07-22,XLF,EWMA,0.12835176609556195,0.18084854160747743
2025-07-23,XLF,EWMA,0.12639035985902786,0.179021230742241
2025-07-24,XLF,EWMA,0.12683806739962153,0.176278198067638
2025-07-25,XLF,EWMA,0.1379568519994038,0.1742282024251423
2025-07-28,XLF,EWMA,0.13723724135956086,0.17305909537201866
2025-07-29,XLF,EWMA,0.13820393926334723,0.1712223165621161
2025-07-30,XLF,EWMA,0.1378857457833388,0.16871340344254432
2025-07-31,XLF,EWMA,0.135164492922332,0.16724662142514143
2025-08-01,XLF,EWMA,0.11240722531605286,0.17319967101628694
2025-08-04,XLF,EWMA,0.11404342473039855,0.17265453652793947
2025-08-05,XLF,EWMA,0.11278941564422955,0.17037739558404683
2025-08-06,XLF,EWMA,0.11651823277738234,0.16818467000618703
2025-08-07,XLF,EWMA,0.12955187400248563,0.16864931092763683
2025-08-08,XLF,EWMA,0.12635095547415737,0.16800277738146854
2025-08-11,XLF,EWMA,0.12667150047058676,0.16536749233582923
2025-08-12,XLF,EWMA,0.12120883343091125,0.16605480990473573
2025-08-13,XLF,EWMA,0.13227504287294042,0.16404749236561783
2025-08-14,XLF,EWMA,0.13293512129844398,0.16183502468152455
2025-08-15,XLF,EWMA,0.1268454905673665,0.16238838337165512
2025-08-18,XLF,EWMA,0.12741274411783252,0.15983190361564617
2025-08-19,XLF,EWMA,0.13106674984376826,0.15735861791709801
2025-08-20,XLF,EWMA,0.1303260410614426,0.15538868275013887
2025-08-21,XLF,EWMA,0.12931733028762812,0.15334059154629895
2025-08-22,XLF,EWMA,0.11689091543517567,0.15716517226688712
2025-08-25,XLF,EWMA,0.11601081084705706,0.1558859681127915
2025-08-26,XLF,EWMA,0.11351104562067252,0.1545832046112576
2025-08-27,XLF,EWMA,0.11366103108305227,0.15217088943903184
2025-08-28,XLF,EWMA,0.11658903293952183,0.14977499338075223
2025-08-29,XLF,EWMA,0.11755986044328769,0.14747136083572387
2025-09-02,XLF,EWMA,0.11562585227417495,0.14712393617580294
2025-09-03,XLF,EWMA,0.12017170879788734,0.14498826921473343
2025-09-04,XLF,EWMA,0.11378115949462181,0.1451715211807633
2025-09-05,XLF,EWMA,0.09463488465642579,0.15297524342152793
2025-09-08,XLF,EWMA,0.09472231165101891,0.15056734546884068
2025-09-09,XLF,EWMA,0.09380032052279512,0.1485705630150056
2025-09-10,XLF,EWMA,0.09475836419807476,0.1466613186402276
2025-09-11,XLF,EWMA,0.07517103483924298,0.15082979076654665
2025-09-12,XLF,EWMA,0.10669524295641968,0.14918154473472447
2025-09-15,XLF,EWMA,0.11342432195075948,0.14708322770728346
2025-09-16,XLF,EWMA,0.12063500003710456,0.1450066631060959
2025-09-17,XLF,EWMA,0.11496989859088708,0.14490555078812975
2025-09-18,XLF,EWMA,0.1506938963614422,0.14262344173312472
2025-09-19,XLF,EWMA,0.15430449258500964,0.14042186183877453
2025-09-22,XLF,EWMA,0.16148882485663926,0.13836064700843642
2025-09-23,XLF,EWMA,0.16101254368824536,0.13699842595373954
2025-09-24,XLF,EWMA,0.161780525310027,0.13519999469721142
2025-09-25,XLF,EWMA,0.16206433766209757,0.13337754174817845
2025-09-26,XLF,EWMA,0.16487089479495884,0.13260997091634028
2025-09-29,XLF,EWMA,0.16450167875059554,0.13105900849113378
2025-09-30,XLF,EWMA,0.16511511901633238,0.12996397179948047
2025-10-01,XLF,EWMA,0.17282784582662508,0.13070677262227703
2025-10-02,XLF,EWMA,0.1733839663824419,0.12868775483686057
2025-10-03,XLF,EWMA,0.17144220295526988,0.12796789275151513
2025-10-06,XLF,EWMA,0.1717158446710879,0.12597952688869857
2025-10-07,XLF,EWMA,0.17308269666099868,0.1240138885441947
2025-10-08,XLF,EWMA,0.1733075775144935,0.12298538847990657
2025-10-09,XLF,EWMA,0.17332043593374782,0.12154635446299498
2025-10-10,XLF,EWMA,0.15615212513563964,0.13473610492165655
2025-10-14,XLF,EWMA,0.1487265960037986,0.13634847520884272
2025-10-15,XLF,EWMA,0.15185396836955337,0.1342012756311912
2025-10-16,XLF,EWMA,0.12008998555744092,0.1535498999151539
2025-10-17,XLF,EWMA,0.12344353616700983,0.15320923615638582
2025-10-20,XLF,EWMA,0.1339429599264031,0.15462994002586997
2025-10-21,XLF,EWMA,0.1339450611982646,0.1522132357855147
2025-10-22,XLF,EWMA,0.13400529201473385,0.15056730101052662
2025-10-23,XLF,EWMA,0.1363783209396578,0.14836926624798036
2025-10-24,XLF,EWMA,0.1365049507527938,0.14931833850857068
2025-10-27,XLF,EWMA,0.1365671132370591,0.14742733144720604
2025-10-28,XLF,EWMA,0.14356902875901506,0.14622211247550723
2025-10-29,XLF,EWMA,0.13187831563379632,0.15151131165024598
2025-10-30,XLF,EWMA,0.13365748754173573,0.14941411932215273
2025-10-31,XLF,EWMA,0.13748805505561235,0.14733477318681254
2025-11-03,XLF,EWMA,0.1364915924155799,0.14539233648639588
2025-11-04,XLF,EWMA,0.14301062553335742,0.14398861706396343
2025-11-05,XLF,EWMA,0.1427925284921528,0.14211808228129835
2025-11-06,XLF,EWMA,0.14178042920811057,0.14019092214114545
2025-11-07,XLF,EWMA,0.14105016799370307,0.1395152343995627
2025-11-10,XLF,EWMA,0.14143057462708072,0.13771080240733924
2025-11-12,XLF,EWMA,0.15644058278421552,0.13765564505494657
2025-11-13,XLF,EWMA,0.14738186132616327,0.14037394201664644
2025-11-14,XLF,EWMA,0.14067178719948945,0.14087980094212912
2025-11-17,XLF,EWMA,0.12040706571380476,0.1481877829459494
2025-11-18,XLF,EWMA,0.11981393809364305,0.1458604845423043
2025-11-19,XLF,EWMA,0.12094453936484721,0.14417591455240925
2025-11-20,XLF,EWMA,0.11318452822084864,0.14357368583519117
2025-11-21,XLF,EWMA,0.11440214817643726,0.14525320566440753
2025-11-24,XLF,EWMA,0.11451044683075672,0.14365375863593516
2025-11-25,XLF,EWMA,0.10982033568168154,0.14601047681880772
2025-11-26,XLF,EWMA,0.10979577042108009,0.14542770442712427
2025-11-28,XLF,EWMA,0.11197235776632561,0.14450726464056043
2025-12-01,XLF,EWMA,0.10669884213090197,0.14420010152462048
2025-12-02,XLF,EWMA,0.11170764963421337,0.1419523777154323
2025-12-03,XLF,EWMA,0.10344569216428391,0.14461126931126383
2025-12-04,XLF,EWMA,0.12583787737789165,0.14241104675637953
2025-12-05,XLF,EWMA,0.12586140612623836,0.14016827530830722
2025-12-08,XLF,EWMA,0.13766677151717943,0.13844409059337429
2025-12-09,XLF,EWMA,0.13625991763511008,0.13672619806432676
2025-12-10,XLF,EWMA,0.13348553226055856,0.13815188686692467
2025-12-11,XLF,EWMA,0.1231789407987533,0.14445003721615404
2025-12-12,XLF,EWMA,0.14189592696914066,0.14217937498005373
2025-12-15,XLF,EWMA,0.14186176299181477,0.13994349216950788
2025-12-16,XLF,EWMA,0.1410482537188389,0.13929148377969514
2025-12-17,XLF,EWMA,0.141129532213503,0.13712675671096175
2025-12-18,XLF,EWMA,0.1631540546080018,0.1351389394422141
2025-12-19,XLF,EWMA,0.16284300038722954,0.1336703909324474
2025-12-22,XLF,EWMA,0.15786180305563421,0.13529638679790854
2025-12-23,XLF,EWMA,0.16329059550247466,0.13318250485702474
2025-12-24,XLF,EWMA,0.1639351195187016,0.13159312706554188
2025-12-26,XLF,EWMA,0.1651230517441054,0.1298567973659225
2025-12-29,XLF,EWMA,0.16490638672997293,0.12915835755591853
2025-12-30,XLF,EWMA,0.17089891102607652,0.12751838145387803
2025-12-31,XLF,EWMA,0.16947057571637858,0.12767551895493093
2023-12-28,XLE,EWMA,0.1911116761214805,0.1894431665623572
2023-12-29,XLE,EWMA,0.19425559803104142,0.1865364552317844
2024-01-02,XLE,EWMA,0.20226611855061843,0.18617167832884118
2024-01-03,XLE,EWMA,0.1921811854791576,0.18871519505765028
2024-01-04,XLE,EWMA,0.18270842374987808,0.19248807443203825
2024-01-05,XLE,EWMA,0.18273592930482685,0.18947474169024342
2024-01-08,XLE,EWMA,0.1786313552164935,0.18924529439971216
2024-01-09,XLE,EWMA,0.1682999125119065,0.19132042296362667
2024-01-10,XLE,EWMA,0.16643177169848314,0.1899475272706525
2024-01-11,XLE,EWMA,0.17736298773770257,0.1872533533795699
2024-01-12,XLE,EWMA,0.1772057303077325,0.18745292251448314
2024-01-16,XLE,EWMA,0.15677850114917746,0.19566686383141405
2024-01-17,XLE,EWMA,0.15269443491934667,0.19353845871174566
2024-01-18,XLE,EWMA,0.17659896290083954,0.19049044398340492
2024-01-19,XLE,EWMA,0.1771802828966701,0.18798778522056228
2024-01-22,XLE,EWMA,0.18254972657338248,0.18560181517178026
2024-01-23,XLE,EWMA,0.19110533157266868,0.18293156860337945
2024-01-24,XLE,EWMA,0.1869024200682996,0.18508239763987672
2024-01-25,XLE,EWMA,0.17478926084808186,0.19309614742944628
2024-01-26,XLE,EWMA,0.17355348848505148,0.19117492590859192
2024-01-29,XLE,EWMA,0.1744228348257717,0.18821831332222844
2024-01-30,XLE,EWMA,0.17119776453409247,0.187393651875988
2024-01-31,XLE,EWMA,0.15574233274350932,0.1921467131729692
2024-02-01,XLE,EWMA,0.15948065324894664,0.18912060095248107
2024-02-02,XLE,EWMA,0.1659619948418399,0.18619400802286848
2024-02-05,XLE,EWMA,0.1664418305943645,0.18338609604492137
2024-02-06,XLE,EWMA,0.16643034956443883,0.18074644948754742
2024-02-07,XLE,EWMA,0.16796487617039182,0.17799525605594227
2024-02-08,XLE,EWMA,0.1654934057223121,0.17748409774684498
2024-02-09,XLE,EWMA,0.1541399066250103,0.18014793818233382
2024-02-12,XLE,EWMA,0.1523245117825223,0.18000935937597817
2024-02-13,XLE,EWMA,0.1511397123700742,0.17948965454589036
2024-02-14,XLE,EWMA,0.1514737305541188,0.17667745645881933
2024-02-15,XLE,EWMA,0.12502414360889805,0.19016252786868731
2024-02-16,XLE,EWMA,0.12415591393686184,0.18720148043899484
2024-02-20,XLE,EWMA,0.11746245671072587,0.18626719652749046
2024-02-21,XLE,EWMA,0.10681691171557284,0.19023087740164743
2024-02-22,XLE,EWMA,0.10690039994288116,0.18724877255609176
2024-02-23,XLE,EWMA,0.10222500028545121,0.1854952512267729
2024-02-26,XLE,EWMA,0.10387289499052049,0.18273754854846982
2024-02-27,XLE,EWMA,0.10829275321328129,0.18041753125660281
2024-02-28,XLE,EWMA,0.10721813068111945,0.17772540016420654
2024-02-29,XLE,EWMA,0.1093613774787356,0.17534229613268493
2024-03-01,XLE,EWMA,0.10702732752556357,0.17520673281361646
2024-03-04,XLE,EWMA,0.0946763106162224,0.17552677939164815
2024-03-05,XLE,EWMA,0.09458639712157108,0.1737775243042767
2024-03-06,XLE,EWMA,0.09698001179721102,0.17115371344706615
2024-03-07,XLE,EWMA,0.09809082902883126,0.16975365347164487
2024-03-08,XLE,EWMA,0.10710250505706292,0.16720793846438364
2024-03-11,XLE,EWMA,0.10694731443205407,0.1664795671071514
2024-03-12,XLE,EWMA,0.10445277974576324,0.1640853097043383
2024-03-13,XLE,EWMA,0.09832320029379533,0.16640755864249598
2024-03-14,XLE,EWMA,0.12011250367801449,0.16543086865849832
2024-03-15,XLE,EWMA,0.12791530781430796,0.16284105936440335
2024-03-18,XLE,EWMA,0.1337476837645345,0.16031615845532643
2024-03-19,XLE,EWMA,0.12968509091317817,0.1598286574108025
2024-03-20,XLE,EWMA,0.13024100769472696,0.15768712248235855
2024-03-21,XLE,EWMA,0.13496245284103017,0.1555241287583536
2024-03-22,XLE,EWMA,0.1355507659968129,0.15362074806077924
2024-03-25,XLE,EWMA,0.13341675030000807,0.15242545282321135
2024-03-26,XLE,EWMA,0.1289304156257035,0.15274477626430163
2024-03-27,XLE,EWMA,0.1264525808726566,0.1516029451430273
2024-03-28,XLE,EWMA,0.12739006544667925,0.1509949743700482
2024-04-01,XLE,EWMA,0.12697622052778285,0.1491856077533522
2024-04-02,XLE,EWMA,0.1586666332238906,0.15001196299727435
2024-04-03,XLE,EWMA,0.1633985836171782,0.1479923308682587
2024-04-04,XLE,EWMA,0.16600279925141273,0.1460730094470607
2024-04-05,XLE,EWMA,0.1591054755671611,0.1452675469490416
2024-04-08,XLE,EWMA,0.16295560238891696,0.1455435712681338
2024-04-09,XLE,EWMA,0.16276028811836793,0.1434655307943664
2024-04-10,XLE,EWMA,0.1616134863204909,0.1412061308381508
2024-04-11,XLE,EWMA,0.17104524197166196,0.13937418352070832
2024-04-12,XLE,EWMA,0.16284993350652455,0.14735148863202172
2024-04-15,XLE,EWMA,0.160085373876224,0.14865671551350196
2024-04-16,XLE,EWMA,0.15747563730941982,0.149318644498203
2024-04-17,XLE,EWMA,0.15744630180722735,0.14749488720037668
2024-04-18,XLE,EWMA,0.1573718890117982,0.14572589955075427
2024-04-19,XLE,EWMA,0.15946037784448394,0.14645771763609539
2024-04-22,XLE,EWMA,0.15912342072157587,0.14478056608406376
2024-04-23,XLE,EWMA,0.15804370431827372,0.14287518285568196
2024-04-24,XLE,EWMA,0.17042873725855553,0.1406649179816531
2024-04-25,XLE,EWMA,0.1701868390674083,0.13864907294062082
2024-04-26,XLE,EWMA,0.16909190128286672,0.14000141550399323
2024-04-29,XLE,EWMA,0.17199201382373738,0.13853780726875314
2024-04-30,XLE,EWMA,0.14927289040453187,0.16290413235812168
2024-05-01,XLE,EWMA,0.13966563144096777,0.1670585167681396
2024-05-02,XLE,EWMA,0.16469395067731749,0.16513458197611985
2024-05-03,XLE,EWMA,0.1903451566038073,0.16253635951230352
2024-05-06,XLE,EWMA,0.1896909244936481,0.16130999885512678
2024-05-07,XLE,EWMA,0.1897686314904758,0.1588334434326093
2024-05-08,XLE,EWMA,0.19140511966793125,0.1564108173775329
2024-05-09,XLE,EWMA,0.18330241029913896,0.15801261628741112
2024-05-10,XLE,EWMA,0.18615172060547963,0.15656484887768254
2024-05-13,XLE,EWMA,0.186121075542451,0.15439170113145473
2024-05-14,XLE,EWMA,0.18848427266144865,0.15197075517901207
2024-05-15,XLE,EWMA,0.1892185633690559,0.149642124406984
2024-05-16,XLE,EWMA,0.18992470846194867,0.14760369916538907
2024-05-17,XLE,EWMA,0.18053659616904022,0.14991930426977226
2024-05-20,XLE,EWMA,0.1822637220312592,0.14905367512728543
2024-05-21,XLE,EWMA,0.19713745869753915,0.1475517252483255
2024-05-22,XLE,EWMA,0.18686599101069082,0.15549781999996215
2024-05-23,XLE,EWMA,0.2059566280815472,0.15515056703293967
2024-05-24,XLE,EWMA,0.2060363895934258,0.1527832880616998
2024-05-28,XLE,EWMA,0.2057614023180444,0.1531871682615217
2024-05-29,XLE,EWMA,0.1954970057603364,0.1587879677874805
2024-05-30,XLE,EWMA,0.19568811773908498,0.1565651425992801
2024-05-31,XLE,EWMA,0.17392983839903206,0.16900941439028047
2024-06-03,XLE,EWMA,0.14475075575663965,0.18246108648422443
2024-06-04,XLE,EWMA,0.1400795778239686,0.18140037533058667
2024-06-05,XLE,EWMA,0.1526088663773113,0.17855183076119785
2024-06-06,XLE,EWMA,0.15328968362216042,0.17651292878217567
2024-06-07,XLE,EWMA,0.15590462456620308,0.17400083017848939
2024-06-10,XLE,EWMA,0.1554032998463799,0.1727618193923483
2024-06-11,XLE,EWMA,0.15976817451412814,0.17009989600705852
2024-06-12,XLE,EWMA,0.154438644960212,0.16988166867697152
2024-06-13,XLE,EWMA,0.15721938711238254,0.16885286202978458
2024-06-14,XLE,EWMA,0.15317209504539014,0.1671614301491351
2024-06-17,XLE,EWMA,0.15525801495302385,0.16487357788373552
2024-06-18,XLE,EWMA,0.1552714228715363,0.16294208174205208
2024-06-20,XLE,EWMA,0.15189152816320736,0.16901203507561552
2024-06-21,XLE,EWMA,0.15223636052340028,0.16703878326883687
2024-06-24,XLE,EWMA,0.13749202787144432,0.1789813293465285
2024-06-25,XLE,EWMA,0.13711549694049371,0.17625137372545752
2024-06-26,XLE,EWMA,0.1461558840880897,0.17580149869738138
2024-06-27,XLE,EWMA,0.14630692640436585,0.1731496400638111
2024-06-28,XLE,EWMA,0.1494651736176794,0.17074126048302202
2024-07-01,XLE,EWMA,0.15902043225098417,0.16805474464590234
2024-07-02,XLE,EWMA,0.15931318616014728,0.16543137093768284
2024-07-03,XLE,EWMA,0.18703139267475008,0.16324156313380558
2024-07-05,XLE,EWMA,0.2013813582375587,0.16678870376484814
2024-07-08,XLE,EWMA,0.21464799364776893,0.16499572728981812
2024-07-09,XLE,EWMA,0.21465970463882345,0.16411348518996605
2024-07-10,XLE,EWMA,0.21357117237217385,0.16282409722072327
2024-07-11,XLE,EWMA,0.22463719543755192,0.16302979873079348
2024-07-12,XLE,EWMA,0.22458323622592863,0.1606257711745234
2024-07-15,XLE,EWMA,0.21801643708862042,0.16351844452271055
2024-07-16,XLE,EWMA,0.21901662481864365,0.16132049479147914
2024-07-17,XLE,EWMA,0.21657334702117192,0.16087863848911188
2024-07-18,XLE,EWMA,0.22183259195191452,0.15836549695408914
2024-07-19,XLE,EWMA,0.2190052116894684,0.15936337929331165
2024-07-22,XLE,EWMA,0.21973263038803803,0.15801257059288848
2024-07-23,XLE,EWMA,0.23269145787293374,0.16207384803145197
2024-07-24,XLE,EWMA,0.23285187964583434,0.159523178631131
2024-07-25,XLE,EWMA,0.2235083232334732,0.16421369000276162
2024-07-26,XLE,EWMA,0.23050877315220436,0.16181089508884058
2024-07-29,XLE,EWMA,0.23121886774838984,0.16125514827782733
2024-07-30,XLE,EWMA,0.2258176836021603,0.16428204237048566
2024-07-31,XLE,EWMA,0.22551093408641418,0.16199317239643943
2024-08-01,XLE,EWMA,0.21082485921280206,0.1770303540392149
2024-08-02,XLE,EWMA,0.18681616361815953,0.18872005173786063
2024-08-05,XLE,EWMA,0.1919097640512074,0.19507189936199804
2024-08-06,XLE,EWMA,0.1985224466551529,0.19318816291298035
2024-08-07,XLE,EWMA,0.2001259714025967,0.19072780816047083
2024-08-08,XLE,EWMA,0.18776740186971985,0.1978694692137663
2024-08-09,XLE,EWMA,0.18999360005348306,0.1948985482143744
2024-08-12,XLE,EWMA,0.1962371533483747,0.19239321958852498
2024-08-13,XLE,EWMA,0.1960484943672288,0.19120788203589256
2024-08-14,XLE,EWMA,0.19816163573298293,0.18902200018428467
2024-08-15,XLE,EWMA,0.19331466902702427,0.18911930233941773
2024-08-16,XLE,EWMA,0.19976697014382697,0.18616950772484261
2024-08-19,XLE,EWMA,0.20508594920757947,0.18418131913044755
2024-08-20,XLE,EWMA,0.18310440902192462,0.19619028526938156
2024-08-21,XLE,EWMA,0.18817059234655115,0.19320584238936123
2024-08-22,XLE,EWMA,0.18809716445302682,0.1903608019990743
2024-08-23,XLE,EWMA,0.18560159757726302,0.19211717578518103
2024-08-26,XLE,EWMA,0.1824768967424978,0.19069983277659633
2024-08-27,XLE,EWMA,0.19237034979757434,0.18962383651616757
2024-08-28,XLE,EWMA,0.2026155882130675,0.18750184519218477
2024-08-29,XLE,EWMA,0.21113306788264383,0.1881358022323225
2024-08-30,XLE,EWMA,0.21254593956313056,0.1854297105791797
2024-09-03,XLE,EWMA,0.20957768209284292,0.19585283105808335
2024-09-04,XLE,EWMA,0.20445479680866943,0.1963744735874639
2024-09-05,XLE,EWMA,0.20796910089908716,0.19423307136399415
2024-09-06,XLE,EWMA,0.20011145137485303,0.1938353453747872
2024-09-09,XLE,EWMA,0.19986102050298646,0.192292574821711
2024-09-10,XLE,EWMA,0.21491871657343573,0.19454087367304052
2024-09-11,XLE,EWMA,0.2093431729728914,0.19265235097849928
2024-09-12,XLE,EWMA,0.2088677689557282,0.1920311145643428
2024-09-13,XLE,EWMA,0.2089170166118055,0.19007063707880792
2024-09-16,XLE,EWMA,0.20793072726880876,0.19041450728201295
2024-09-17,XLE,EWMA,0.24167408108748686,0.19165005305592814
2024-09-18,XLE,EWMA,0.2419430823688641,0.18875513118433707
2024-09-19,XLE,EWMA,0.23927897268124151,0.18891851734924647
2024-09-20,XLE,EWMA,0.23952094346741934,0.18604381507565115
2024-09-23,XLE,EWMA,0.23634894627707623,0.18633729122487283
2024-09-24,XLE,EWMA,0.23615449143764422,0.18356083341375798
2024-09-25,XLE,EWMA,0.22474555234726906,0.1890123256486236
2024-09-26,XLE,EWMA,0.21038886237416188,0.19369506143033502
2024-09-27,XLE,EWMA,0.1998661050803946,0.19957930806762655
2024-09-30,XLE,EWMA,0.20059386462556558,0.19750162524061976
2024-10-01,XLE,EWMA,0.19100586221212912,0.20439048602152846
2024-10-02,XLE,EWMA,0.18681676349042559,0.20295444797684206
2024-10-03,XLE,EWMA,0.1755827917218321,0.20505378272681601
2024-10-04,XLE,EWMA,0.17089952887517434,0.20301917270750047
2024-10-07,XLE,EWMA,0.18424129664528135,0.199892975021669
2024-10-08,XLE,EWMA,0.16256580200915405,0.211750189800953
2024-10-09,XLE,EWMA,0.20925186812293467,0.20892149525933773
2024-10-10,XLE,EWMA,0.20903238667896765,0.20625996955324372
2024-10-11,XLE,EWMA,0.2092101961655816,0.20349135751299352
2024-10-15,XLE,EWMA,0.1706902638605926,0.22160538028471463
2024-10-16,XLE,EWMA,0.17161558587950876,0.21848145138794503
2024-10-17,XLE,EWMA,0.1714700712090706,0.21538550256975864
2024-10-18,XLE,EWMA,0.17079716039566278,0.2122615601571557
2024-10-21,XLE,EWMA,0.17370760206087665,0.2091316375329576
2024-10-22,XLE,EWMA,0.17699171554196386,0.20591627243536703
2024-10-23,XLE,EWMA,0.17615519597715712,0.20326648706010098
2024-10-24,XLE,EWMA,0.17631669682323703,0.20006688039458093
2024-10-25,XLE,EWMA,0.17584146739176465,0.19692103786974233
2024-10-28,XLE,EWMA,0.19228960810296544,0.19466915271397045
2024-10-29,XLE,EWMA,0.18028075037515248,0.19629071086394967
2024-10-30,XLE,EWMA,0.18109566015992654,0.1933567935647229
2024-10-31,XLE,EWMA,0.1808916429963878,0.19121495223091753
2024-11-01,XLE,EWMA,0.1846714034484424,0.18897066354659076
2024-11-04,XLE,EWMA,0.17764786551561243,0.1924593579977387
2024-11-05,XLE,EWMA,0.20112197864034348,0.190302499647251
2024-11-06,XLE,EWMA,0.15117004608565726,0.2131902203196432
2024-11-07,XLE,EWMA,0.16178308920308795,0.210515835198377
2024-11-08,XLE,EWMA,0.15914953176728402,0.20773431022501315
2024-11-12,XLE,EWMA,0.15793142303539995,0.205330746302297
2024-11-13,XLE,EWMA,0.15516976721593959,0.20290797375793504
2024-11-14,XLE,EWMA,0.15347334835200063,0.19981984198455302
2024-11-15,XLE,EWMA,0.1676172684616438,0.19685000549717444
2024-11-18,XLE,EWMA,0.15486612820090398,0.19650861170204914
2024-11-19,XLE,EWMA,0.17830107831898903,0.19474734221396311
2024-11-20,XLE,EWMA,0.16761490326962633,0.1931266897900454
2024-11-21,XLE,EWMA,0.16981009618160745,0.19088200896671564
2024-11-22,XLE,EWMA,0.17339791024549142,0.18788013714579
2024-11-25,XLE,EWMA,0.17446283048586939,0.19473492651033825
2024-11-26,XLE,EWMA,0.17464365249042377,0.19181176302490138
2024-11-27,XLE,EWMA,0.17499064313434992,0.1888966266885059
2024-11-29,XLE,EWMA,0.17240299726168015,0.18612886943027496
2024-12-02,XLE,EWMA,0.18352175376349641,0.18615723137939794
2024-12-03,XLE,EWMA,0.19176792255327332,0.18324578941188271
2024-12-04,XLE,EWMA,0.1810083687161636,0.19359203846056577
2024-12-05,XLE,EWMA,0.17969901899286847,0.19084296008082255
2024-12-06,XLE,EWMA,0.17647613990464836,0.19389882929235944
2024-12-09,XLE,EWMA,0.1766615063758455,0.1908786199075318
2024-12-10,XLE,EWMA,0.17626246273843724,0.1887265008426585
2024-12-11,XLE,EWMA,0.1919822735934796,0.18586144558753145
2024-12-12,XLE,EWMA,0.19261325325363896,0.1841452744752972
2024-12-13,XLE,EWMA,0.196727990245985,0.18163266903833672
2024-12-16,XLE,EWMA,0.17466734528201366,0.18835885483911372
2024-12-17,XLE,EWMA,0.1699934103018998,0.186120166588684
2024-12-18,XLE,EWMA,0.11803296846871031,0.19935839135387473
2024-12-19,XLE,EWMA,0.13708906129499404,0.19694873206858515
2024-12-20,XLE,EWMA,0.1360445918604536,0.19700668223029769
2024-12-23,XLE,EWMA,0.1456038654788747,0.19527277025380574
2024-12-24,XLE,EWMA,0.15357170117679397,0.19444961503190933
2024-12-26,XLE,EWMA,0.15967228336817654,0.19140815260203564
2024-12-27,XLE,EWMA,0.159313656010719,0.18845267369440163
2024-12-30,XLE,EWMA,0.1590594912926782,0.1855409779514179
2024-12-31,XLE,EWMA,0.189981324050285,0.1871800618758986
2025-01-02,XLE,EWMA,0.18699868799984817,0.18767568885194583
2025-01-03,XLE,EWMA,0.1979492167141329,0.18686861189925716
2025-01-06,XLE,EWMA,0.19666599224819062,0.18427185694460452
2025-01-07,XLE,EWMA,0.20675734305415844,0.18375396611737974
2025-01-08,XLE,EWMA,0.2067481281032991,0.1808988743342077
2025-01-10,XLE,EWMA,0.22015197401731884,0.17846374096787623
2025-01-13,XLE,EWMA,0.20943848157671324,0.18510238420411282
2025-01-14,XLE,EWMA,0.2234746723736466,0.18437896282785027
2025-01-15,XLE,EWMA,0.2180794191652705,0.1855342903524659
2025-01-16,XLE,EWMA,0.21665936013609507,0.1833622626346567
2025-01-17,XLE,EWMA,0.221004624356478,0.18131011776853018
2025-01-21,XLE,EWMA,0.22292622837384618,0.17944565384401123
2025-01-22,XLE,EWMA,0.2154004425874425,0.18501010066087165
2025-01-23,XLE,EWMA,0.22789208846938225,0.1823959037314358
2025-01-24,XLE,EWMA,0.22539915730752996,0.18194665645846453
2025-01-27,XLE,EWMA,0.22828428972606735,0.18170779697151604
2025-01-28,XLE,EWMA,0.22663535972944765,0.18092204784428662
2025-01-29,XLE,EWMA,0.2273561494279216,0.17818645323350674
2025-01-30,XLE,EWMA,0.23330212501821362,0.17595363057041036
2025-01-31,XLE,EWMA,0.24618411050638137,0.19052477673003745
2025-02-03,XLE,EWMA,0.2474191605512915,0.1885259183130825
2025-02-04,XLE,EWMA,0.23849584212329272,0.19476724978728946
2025-02-05,XLE,EWMA,0.2387526944556161,0.19177599643028526
2025-02-06,XLE,EWMA,0.24018818781906212,0.19587648752879067
2025-02-07,XLE,EWMA,0.24188752032182181,0.1927928485621159
2025-02-10,XLE,EWMA,0.2286055660699793,0.1995109090902131
2025-02-11,XLE,EWMA,0.22696156571092702,0.19753358555565434
2025-02-12,XLE,EWMA,0.21196635191778165,0.20649564097020545
2025-02-13,XLE,EWMA,0.23613763208337635,0.20437026493472443
2025-02-14,XLE,EWMA,0.24240583594899698,0.20145435610597562
2025-02-18,XLE,EWMA,0.23760786764432426,0.20176106581763714
2025-02-19,XLE,EWMA,0.24302467066758282,0.19961315194199292
2025-02-20,XLE,EWMA,0.2412190088556947,0.19781648207160166
2025-02-21,XLE,EWMA,0.22976951598963735,0.20416877990987461
2025-02-24,XLE,EWMA,0.23271989940336027,0.2009538094546941
2025-02-25,XLE,EWMA,0.2250718812569441,0.2020825532799767
2025-02-26,XLE,EWMA,0.22332156276124754,0.1995132437200115
2025-02-27,XLE,EWMA,0.2275415013871853,0.1969974490441354
2025-02-28,XLE,EWMA,0.22321496726146373,0.19862929897759526
2025-03-03,XLE,EWMA,0.17822021268849642,0.21965172722649903
2025-03-04,XLE,EWMA,0.17134013649413873,0.2176382955923183
2025-03-05,XLE,EWMA,0.15657602432192494,0.2175796904467485
2025-03-06,XLE,EWMA,0.3459992324386952,0.21451420731458112
2025-03-07,XLE,EWMA,0.4831439526649574,0.21716815351873167
2025-03-10,XLE,EWMA,0.48098799364145695,0.21494512758156178
2025-03-11,XLE,EWMA,0.48512831278840984,0.2125890135548496
2025-03-12,XLE,EWMA,0.5633133152193861,0.20975615557958777
2025-03-13,XLE,EWMA,0.6085040450275856,0.20719976788150332
2025-03-14,XLE,EWMA,0.6051678393098892,0.22028069816284307
2025-03-17,XLE,EWMA,0.6008396913117536,0.22112660226356484
2025-03-18,XLE,EWMA,0.6003636211460545,0.21766059906594198
2025-03-19,XLE,EWMA,0.5969601473835106,0.21852002250435004
2025-03-20,XLE,EWMA,0.6051063399908219,0.21518775958612277
2025-03-21,XLE,EWMA,0.609341178237487,0.21304724466670566
2025-03-24,XLE,EWMA,0.6168543969061122,0.21165036900898238
2025-03-25,XLE,EWMA,0.6158522548355843,0.2084577058366197
2025-03-26,XLE,EWMA,0.6196097133346722,0.20555036381131403
2025-03-27,XLE,EWMA,0.6196776468696151,0.2047495522089868
2025-03-28,XLE,EWMA,0.6213939382954744,0.20220599930582947
2025-03-31,XLE,EWMA,0.6184901625073869,0.2009420024598311
2025-04-01,XLE,EWMA,0.6211937592756841,0.19818031219543375
2025-04-02,XLE,EWMA,0.621704922785696,0.19505933303133655
2025-04-03,XLE,EWMA,0.5603496200981778,0.30093433249465773
2025-04-04,XLE,EWMA,0.4434572856319862,0.39780989150769114
2025-04-07,XLE,EWMA,0.4425717669143689,0.3916010974651654
2025-04-08,XLE,EWMA,0.4328174890970693,0.3891296968938341
2025-04-09,XLE,EWMA,0.34287326295214293,0.4421950498755763
2025-04-10,XLE,EWMA,0.2351867664409177,0.4716238438266036
2025-04-11,XLE,EWMA,0.23669725437195255,0.47109638482322747
2025-04-14,XLE,EWMA,0.2396094127125895,0.4640848556994296
2025-04-15,XLE,EWMA,0.24154405507570853,0.4568007225658081
2025-04-16,XLE,EWMA,0.24099221521430203,0.45071773735174236
2025-04-17,XLE,EWMA,0.23103704687327173,0.44911176685400933
2025-04-21,XLE,EWMA,0.213013367731904,0.44725072815924455
2025-04-22,XLE,EWMA,0.2003619929330633,0.44702104362885237
2025-04-23,XLE,EWMA,0.21234951984433742,0.439980954470756
2025-04-24,XLE,EWMA,0.2048241964254514,0.43587663245083735
2025-04-25,XLE,EWMA,0.2051624937783231,0.4290138815929645
2025-04-28,XLE,EWMA,0.20599426979140012,0.4229033837057052
2025-04-29,XLE,EWMA,0.21066645326515088,0.416272623151608
2025-04-30,XLE,EWMA,0.18712624170769046,0.4161376559592989
2025-05-01,XLE,EWMA,0.1901134925891012,0.409892123362371
2025-05-02,XLE,EWMA,0.1887485148048078,0.40598384243465785
2025-05-05,XLE,EWMA,0.1793647244909045,0.4023567248346763
2025-05-06,XLE,EWMA,0.19505113443521435,0.3960622374191429
2025-05-07,XLE,EWMA,0.19515647783014495,0.38987003116472363
2025-05-08,XLE,EWMA,0.20071077582600974,0.3859274589618536
2025-05-09,XLE,EWMA,0.19798569946764535,0.38113492969557267
2025-05-12,XLE,EWMA,0.18614841299131704,0.3823910587219615
2025-05-13,XLE,EWMA,0.18652917192924492,0.378388659303608
2025-05-14,XLE,EWMA,0.18527096506786084,0.3728644144398587
2025-05-15,XLE,EWMA,0.1940877843869204,0.36716367638326614
2025-05-16,XLE,EWMA,0.19444413011184253,0.36141710757541823
2025-05-19,XLE,EWMA,0.18854285739354734,0.35765401032685507
2025-05-20,XLE,EWMA,0.1865245812867733,0.35293679192902555
2025-05-21,XLE,EWMA,0.17038684586268452,0.35103321143561994
2025-05-22,XLE,EWMA,0.1988776169247247,0.3455985873355685
2025-05-23,XLE,EWMA,0.20688732256017403,0.34036465593242676
2025-05-27,XLE,EWMA,0.20663948306576743,0.3360676803220498
2025-05-28,XLE,EWMA,0.20408889765648505,0.33248755614039716
2025-05-29,XLE,EWMA,0.2052796380789612,0.32810465040807274
2025-05-30,XLE,EWMA,0.20330718667298672,0.3237293761927131
2025-06-02,XLE,EWMA,0.20043337818929843,0.3210328178300046
2025-06-03,XLE,EWMA,0.20463121713055324,0.31785564485124607
2025-06-04,XLE,EWMA,0.18747853479274568,0.3175175634281874
2025-06-05,XLE,EWMA,0.19267115609386828,0.3125172746084798
2025-06-06,XLE,EWMA,0.2029923157716487,0.31233162232672046
2025-06-09,XLE,EWMA,0.2051744968614074,0.30747011854452105
2025-06-10,XLE,EWMA,0.19863984055886946,0.30666945564210946
2025-06-11,XLE,EWMA,0.1938713911801279,0.3043287634876671
2025-06-12,XLE,EWMA,0.1992175683640255,0.29962528222354806
2025-06-13,XLE,EWMA,0.19733480094030195,0.2984052154933664
2025-06-16,XLE,EWMA,0.19938965855237945,0.29395995274370046
2025-06-17,XLE,EWMA,0.19762400038135358,0.2901851380745715
2025-06-18,XLE,EWMA,0.19830418605763706,0.2865064894919574
2025-06-20,XLE,EWMA,0.19663674841080597,0.28307402614243954
2025-06-23,XLE,EWMA,0.17643139810559877,0.28871407198563437
2025-06-24,XLE,EWMA,0.17822380990297046,0.2867627207030493
2025-06-25,XLE,EWMA,0.1782076992144849,0.28254420017078763
2025-06-26,XLE,EWMA,0.17279028669652327,0.2808387352733016
2025-06-27,XLE,EWMA,0.17509533751338907,0.27689457533913236
2025-06-30,XLE,EWMA,0.17507314419055361,0.27307332841466525
2025-07-01,XLE,EWMA,0.18354978503368036,0.26956678801108236
2025-07-02,XLE,EWMA,0.17505754231372792,0.26932348695380254
2025-07-03,XLE,EWMA,0.18738449698730683,0.2650824321374183
2025-07-07,XLE,EWMA,0.18455144037226112,0.26259186779224913
2025-07-08,XLE,EWMA,0.15489261395913037,0.26834904162103684
2025-07-09,XLE,EWMA,0.15680160730122186,0.2647497906412085
2025-07-10,XLE,EWMA,0.15280857561997882,0.2611776379699937
2025-07-11,XLE,EWMA,0.15409243161739655,0.2572055929431893
2025-07-14,XLE,EWMA,0.15220868722716166,0.25556962042871034
2025-07-15,XLE,EWMA,0.14697082630147837,0.25529129683050694
2025-07-16,XLE,EWMA,0.15094044876676185,0.2526070940024782
2025-07-17,XLE,EWMA,0.14902622206992575,0.24914832580103263
2025-07-18,XLE,EWMA,0.1463904769476944,0.24640419145661488
2025-07-21,XLE,EWMA,0.14311526439795366,0.24433852632651207
2025-07-22,XLE,EWMA,0.1420490414996471,0.24085467115438652
2025-07-23,XLE,EWMA,0.13343718894354012,0.2409438011676551
2025-07-24,XLE,EWMA,0.13323886577565458,0.2378491721707678
2025-07-25,XLE,EWMA,0.15153308933277537,0.23444634840382172
2025-07-28,XLE,EWMA,0.14644085160609818,0.2326593145625373
2025-07-29,XLE,EWMA,0.14208882107751786,0.23028804036979672
2025-07-30,XLE,EWMA,0.13762447335956063,0.23079432834454552
2025-07-31,XLE,EWMA,0.13751715911465817,0.2277984864420493
2025-08-01,XLE,EWMA,0.11522727037670315,0.23056542587467307
2025-08-04,XLE,EWMA,0.11386607107402512,0.2270151390514631
2025-08-05,XLE,EWMA,0.14572778942190792,0.22347393387193842
2025-08-06,XLE,EWMA,0.1406692627470433,0.22144460746608413
2025-08-07,XLE,EWMA,0.15970110622335984,0.21818040506042527
2025-08-08,XLE,EWMA,0.1593185887880098,0.2155888695854852
2025-08-11,XLE,EWMA,0.15582294185845524,0.21329744669029882
2025-08-12,XLE,EWMA,0.1649319227749615,0.21046653551767708
2025-08-13,XLE,EWMA,0.16164355321403726,0.2097584923372137
2025-08-14,XLE,EWMA,0.16382468702008368,0.20647280298932347
2025-08-15,XLE,EWMA,0.16474381265675334,0.20322106102501367
2025-08-18,XLE,EWMA,0.17043289068498724,0.20071390406075412
2025-08-19,XLE,EWMA,0.1702148863884665,0.19755839374260445
2025-08-20,XLE,EWMA,0.17014592876323575,0.1958726936355302
2025-08-21,XLE,EWMA,0.17781572738604712,0.1937020136421436
2025-08-22,XLE,EWMA,0.1631889133330177,0.19850543890665454
2025-08-25,XLE,EWMA,0.1738075689170013,0.19543462199394973
2025-08-26,XLE,EWMA,0.1786398545756141,0.1924899671925248
2025-08-27,XLE,EWMA,0.17722719449157331,0.1915966037118249
2025-08-28,XLE,EWMA,0.1780354377507282,0.18941033012773556
2025-08-29,XLE,EWMA,0.19100972347809592,0.1867613594350949
2025-09-02,XLE,EWMA,0.1949246051783361,0.1838203239745371
2025-09-03,XLE,EWMA,0.17598421913883278,0.19309200761357728
2025-09-04,XLE,EWMA,0.17877224562149457,0.1907489333020716
2025-09-05,XLE,EWMA,0.163829359234348,0.19620517369055165
2025-09-08,XLE,EWMA,0.16373415052509138,0.19325342319711608
2025-09-09,XLE,EWMA,0.16331299817093417,0.1906323666350631
2025-09-10,XLE,EWMA,0.15398465327951127,0.1934572003361583
2025-09-11,XLE,EWMA,0.16185475973883848,0.1904203624812233
2025-09-12,XLE,EWMA,0.19127286922510403,0.1883935331589055
2025-09-15,XLE,EWMA,0.19836654733444417,0.18577379161371885
2025-09-16,XLE,EWMA,0.18761596504080857,0.18823824108666484
2025-09-17,XLE,EWMA,0.18710772658413616,0.1853077058806889
2025-09-18,XLE,EWMA,0.19073448343000737,0.1827668011066553
2025-09-19,XLE,EWMA,0.18920064234928669,0.1842553996303003
2025-09-22,XLE,EWMA,0.19359321363966547,0.1814133420254904
2025-09-23,XLE,EWMA,0.1822142928251423,0.18444656692581307
2025-09-24,XLE,EWMA,0.18200624003712623,0.18455813638780755
2025-09-25,XLE,EWMA,0.1858613565411855,0.18286866067917812
2025-09-26,XLE,EWMA,0.184202074084344,0.18122040272714388
2025-09-29,XLE,EWMA,0.17425179299280436,0.18717156258156226
2025-09-30,XLE,EWMA,0.17409905619059696,0.1871723790870046
2025-10-01,XLE,EWMA,0.17670095465375396,0.18423895116408187
2025-10-02,XLE,EWMA,0.1743593425277863,0.1838708481073968
2025-10-03,XLE,EWMA,0.17538246181795342,0.181476392340719
2025-10-06,XLE,EWMA,0.17425315064868582,0.1790240575219151
2025-10-07,XLE,EWMA,0.1776595426972936,0.17621940949078105
2025-10-08,XLE,EWMA,0.1773394014557051,0.17441441296174182
2025-10-09,XLE,EWMA,0.1743177006195989,0.17619783885282664
2025-10-10,XLE,EWMA,0.14161008946162285,0.19187629202672815
2025-10-14,XLE,EWMA,0.1425704384798115,0.1888641069266708
2025-10-15,XLE,EWMA,0.15450179779828568,0.18589053307605558
2025-10-16,XLE,EWMA,0.1449112595354181,0.18567038140990352
2025-10-17,XLE,EWMA,0.15217545758236287,0.1845731171019825
2025-10-20,XLE,EWMA,0.16805162110814933,0.18440227440687812
2025-10-21,XLE,EWMA,0.16854726671735581,0.18156892734720076
2025-10-22,XLE,EWMA,0.17250509757440238,0.18248478762743123
2025-10-23,XLE,EWMA,0.17182563907256598,0.1834241138239996
2025-10-24,XLE,EWMA,0.1688904265376183,0.18286892237795993
2025-10-27,XLE,EWMA,0.16923193083630236,0.18011462700407802
2025-10-28,XLE,EWMA,0.166262157894242,0.17967986035666664
2025-10-29,XLE,EWMA,0.16632670982290879,0.17814513078710312
2025-10-30,XLE,EWMA,0.16985004682295998,0.17610178063343107
2025-10-31,XLE,EWMA,0.17104263871467626,0.17458822596818718
2025-11-03,XLE,EWMA,0.17889502071644936,0.17183890434458343
2025-11-04,XLE,EWMA,0.18322970552943843,0.17180632639694418
2025-11-05,XLE,EWMA,0.18332296456778177,0.16930206175032653
2025-11-06,XLE,EWMA,0.1828769653370477,0.16890691652374448
2025-11-07,XLE,EWMA,0.18229600374286015,0.1708924866955889
2025-11-10,XLE,EWMA,0.18084912245906073,0.16985413523904178
2025-11-12,XLE,EWMA,0.17163537319662603,0.17222507131884182
2025-11-13,XLE,EWMA,0.17565958208464869,0.16962629163850987
2025-11-14,XLE,EWMA,0.16597556405862623,0.17315366315231315
2025-11-17,XLE,EWMA,0.18814050090834486,0.17871974676227204
2025-11-18,XLE,EWMA,0.20336841200828423,0.17718697794241417
2025-11-19,XLE,EWMA,0.2046986033864516,0.17844744795123368
2025-11-20,XLE,EWMA,0.20090484098116013,0.1785441264410609
2025-11-21,XLE,EWMA,0.20315420122228217,0.1766704681968193
2025-11-24,XLE,EWMA,0.2042326485656587,0.17405719872116202
2025-11-25,XLE,EWMA,0.20312831027696482,0.17217488878713225
2025-11-26,XLE,EWMA,0.20191176442653305,0.17086911754222062
2025-11-28,XLE,EWMA,0.19922663359712844,0.172086345785976
2025-12-01,XLE,EWMA,0.1980516566288458,0.1713193164506023
2025-12-02,XLE,EWMA,0.19345637875529897,0.1728362677866125
2025-12-03,XLE,EWMA,0.19643379047348092,0.17764529504187124
2025-12-04,XLE,EWMA,0.2178446852555177,0.1751141587769707
2025-12-05,XLE,EWMA,0.23944264452864414,0.17291898337473005
2025-12-08,XLE,EWMA,0.23962197887893366,0.1732688658186354
2025-12-09,XLE,EWMA,0.26300072102133,0.17130023240542677
2025-12-10,XLE,EWMA,0.2608626729779988,0.17084586524617038
2025-12-11,XLE,EWMA,0.26166728422988805,0.16888218800379992
2025-12-12,XLE,EWMA,0.26253580370414925,0.16877871505788633
2025-12-15,XLE,EWMA,0.2696391973773185,0.16739301341097387
2025-12-16,XLE,EWMA,0.24249649334688875,0.1861575776828292
2025-12-17,XLE,EWMA,0.23381276729960349,0.19387523929610848
2025-12-18,XLE,EWMA,0.2248688920479209,0.19502946827697165
2025-12-19,XLE,EWMA,0.23469408403509248,0.19196527016958406
2025-12-22,XLE,EWMA,0.23407378029557635,0.19135619501014717
2025-12-23,XLE,EWMA,0.2340224089078798,0.18928659593008046
2025-12-24,XLE,EWMA,0.23276545531374043,0.1864797040130705
2025-12-26,XLE,EWMA,0.2306328181927444,0.1838343396705114
2025-12-29,XLE,EWMA,0.23034213050035068,0.18294167711941048
2025-12-30,XLE,EWMA,0.23057423790504766,0.181275694269732
2025-12-31,XLE,EWMA,0.22710170038096472,0.17916931487136292
2023-12-28,XLV,EWMA,0.09100928175032912,0.11484398705953511
2023-12-29,XLV,EWMA,0.0910405274593397,0.11303730277191691
2024-01-02,XLV,EWMA,0.06925679058201889,0.12003554313525146
2024-01-03,XLV,EWMA,0.08123746542945957,0.11852934759457902
2024-01-04,XLV,EWMA,0.08059736567869427,0.11702566727642762
2024-01-05,XLV,EWMA,0.0806228054277794,0.11541429798840934
2024-01-08,XLV,EWMA,0.08342903512848746,0.11531419777931588
2024-01-09,XLV,EWMA,0.08339883027304135,0.11364098868314526
2024-01-10,XLV,EWMA,0.0832521429278066,0.11210563972133428
2024-01-11,XLV,EWMA,0.08326791840781021,0.11058352888288803
2024-01-12,XLV,EWMA,0.08218039069697661,0.10950748576197532
2024-01-16,XLV,EWMA,0.08683328889506689,0.10989550099494844
2024-01-17,XLV,EWMA,0.0899114550084894,0.10859599041635032
2024-01-18,XLV,EWMA,0.09176581983965111,0.10696735400973241
2024-01-19,XLV,EWMA,0.09169223395443082,0.10530269945981227
2024-01-22,XLV,EWMA,0.0933233434678744,0.10399770780387305
2024-01-23,XLV,EWMA,0.09286495863816069,0.10252634003896989
2024-01-24,XLV,EWMA,0.08924197216830164,0.10506488674455636
2024-01-25,XLV,EWMA,0.08782999775412743,0.10364518366965114
2024-01-26,XLV,EWMA,0.0922041893565593,0.10287631945576738
2024-01-29,XLV,EWMA,0.09249964737658478,0.10260303335633922
2024-01-30,XLV,EWMA,0.09601087635663351,0.10102801859594061
2024-01-31,XLV,EWMA,0.10195663565609532,0.09970649318219703
2024-02-01,XLV,EWMA,0.09867677594827648,0.10338808210416113
2024-02-02,XLV,EWMA,0.09868719094541725,0.10211119960458086
2024-02-05,XLV,EWMA,0.10336314723885107,0.10060508945968381
2024-02-06,XLV,EWMA,0.09914508613170647,0.10235433479143839
2024-02-07,XLV,EWMA,0.09990124598072224,0.1007732719933225
2024-02-08,XLV,EWMA,0.09993870097918132,0.09968289270405363
2024-02-09,XLV,EWMA,0.09989674162959856,0.09835735037715068
2024-02-12,XLV,EWMA,0.10081219112714426,0.09681264539812875
2024-02-13,XLV,EWMA,0.0951151535386718,0.10006594039692611
2024-02-14,XLV,EWMA,0.09234759509364662,0.1005924577559634
2024-02-15,XLV,EWMA,0.09024769905187285,0.10028827558181805
2024-02-16,XLV,EWMA,0.0894718383150889,0.09880066886781284
2024-02-20,XLV,EWMA,0.09161154371218289,0.09828446503904249
2024-02-21,XLV,EWMA,0.09182080927969558,0.09675156399628135
2024-02-22,XLV,EWMA,0.08136270597666335,0.09927596880556813
2024-02-23,XLV,EWMA,0.07916061887495805,0.09802756318227883
2024-02-26,XLV,EWMA,0.0774238968967141,0.09852514790344385
2024-02-27,XLV,EWMA,0.07835741009074552,0.09768920921682829
2024-02-28,XLV,EWMA,0.08933935502174602,0.09791377394544046
2024-02-29,XLV,EWMA,0.08294645110471109,0.10003393043136997
2024-03-01,XLV,EWMA,0.08222011714672187,0.10180151659524567
2024-03-04,XLV,EWMA,0.09972853649628347,0.10053267741421738
2024-03-05,XLV,EWMA,0.09629918457171345,0.10196050691133442
2024-03-06,XLV,EWMA,0.10521460241948906,0.10161620742612579
2024-03-07,XLV,EWMA,0.10937738549612093,0.10046191825771594
2024-03-08,XLV,EWMA,0.10962303009849075,0.09927977032033965
2024-03-11,XLV,EWMA,0.11085795593002365,0.09784493883316528
2024-03-12,XLV,EWMA,0.11526389983625072,0.09677803685480894
2024-03-13,XLV,EWMA,0.1153218593575719,0.09634403741281754
2024-03-14,XLV,EWMA,0.1245371928425243,0.09572589373529454
2024-03-15,XLV,EWMA,0.12437790748867752,0.09523302990951792
2024-03-18,XLV,EWMA,0.12449496073990224,0.09377123966920177
2024-03-19,XLV,EWMA,0.12014395388968052,0.09369407431087938
2024-03-20,XLV,EWMA,0.12047263253925518,0.09266387005004117
2024-03-21,XLV,EWMA,0.12179462393567118,0.09121179275125688
2024-03-22,XLV,EWMA,0.12371918081264228,0.08999915417209546
2024-03-25,XLV,EWMA,0.13479579468750613,0.08879502492572047
2024-03-26,XLV,EWMA,0.13358891541931003,0.08776331519953415
2024-03-27,XLV,EWMA,0.12228742770496724,0.09299069459571266
2024-03-28,XLV,EWMA,0.12233494370733228,0.09157786912110237
2024-04-01,XLV,EWMA,0.12207229181497688,0.09415192023310862
2024-04-02,XLV,EWMA,0.11104755739273084,0.10354191318002173
2024-04-03,XLV,EWMA,0.11160516931779707,0.1019958951196444
2024-04-04,XLV,EWMA,0.09986887500622627,0.10860460894713182
2024-04-05,XLV,EWMA,0.09427491166857402,0.10981529559373043
2024-04-08,XLV,EWMA,0.09536206698633065,0.1084922619577511
2024-04-09,XLV,EWMA,0.09935143357198228,0.10723206090740293
2024-04-10,XLV,EWMA,0.09050201032565143,0.1106656513650809
2024-04-11,XLV,EWMA,0.09366214536807962,0.10945952330369335
2024-04-12,XLV,EWMA,0.07269530055389986,0.11521558207241733
2024-04-15,XLV,EWMA,0.07208830115123328,0.11345203690441982
2024-04-16,XLV,EWMA,0.07244166681225946,0.11171479462290101
2024-04-17,XLV,EWMA,0.08414306823288396,0.10998621160326245
2024-04-18,XLV,EWMA,0.08471178586181956,0.1082743756965739
2024-04-19,XLV,EWMA,0.08465259648168573,0.10732016057976444
2024-04-22,XLV,EWMA,0.08611627126261173,0.10635969291867577
2024-04-23,XLV,EWMA,0.07631249364233035,0.11121369414197907
2024-04-24,XLV,EWMA,0.0741415466427792,0.10978460896388736
2024-04-25,XLV,EWMA,0.08193295296438345,0.1095614906976854
2024-04-26,XLV,EWMA,0.08382037297577162,0.10785274707401998
2024-04-29,XLV,EWMA,0.09661564682982494,0.10666037389239072
2024-04-30,XLV,EWMA,0.1012549072590077,0.10498816128008949
2024-05-01,XLV,EWMA,0.10113139769520386,0.1034926940755256
2024-05-02,XLV,EWMA,0.11273510597997256,0.10187240024902017
2024-05-03,XLV,EWMA,0.11457956191538592,0.1005521654059919
2024-05-06,XLV,EWMA,0.11429678558785832,0.09965021121881786
2024-05-07,XLV,EWMA,0.11204908324409389,0.10073435076866666
2024-05-08,XLV,EWMA,0.11095808907971712,0.09967915496039358
2024-05-09,XLV,EWMA,0.10774272664775364,0.1008694558231232
2024-05-10,XLV,EWMA,0.10809548967813115,0.09938392953352565
2024-05-13,XLV,EWMA,0.10951239933747654,0.09789886414364311
2024-05-14,XLV,EWMA,0.10934551026796639,0.09694861697273012
2024-05-15,XLV,EWMA,0.095937769123711,0.10331277294193023
2024-05-16,XLV,EWMA,0.09586042440797683,0.1018585766389116
2024-05-17,XLV,EWMA,0.09562861373175709,0.10029423628766528
2024-05-20,XLV,EWMA,0.0954879186873124,0.09908005215609328
2024-05-21,XLV,EWMA,0.09602949037146927,0.09755000767558195
2024-05-22,XLV,EWMA,0.0963403833148055,0.09604727468339294
2024-05-23,XLV,EWMA,0.0888717788212815,0.10014816288516744
2024-05-24,XLV,EWMA,0.08871148633555148,0.09916987142659876
2024-05-28,XLV,EWMA,0.07614133322943373,0.1037122490676683
2024-05-29,XLV,EWMA,0.06908090131749682,0.10437301592280245
2024-05-30,XLV,EWMA,0.06954137001683752,0.1027495053198455
2024-05-31,XLV,EWMA,0.05538568012502553,0.10912537398219871
2024-06-03,XLV,EWMA,0.05191714217185561,0.10904307754674486
2024-06-04,XLV,EWMA,0.05753680219921355,0.1075409464532343
2024-06-05,XLV,EWMA,0.06210769529904819,0.10643305488219239
2024-06-06,XLV,EWMA,0.060703307796726766,0.1050123860371811
2024-06-07,XLV,EWMA,0.06340530427963802,0.10336322905596178
2024-06-10,XLV,EWMA,0.07099220705520867,0.10206201602759363
2024-06-11,XLV,EWMA,0.07340322124444236,0.10141516206878802
2024-06-12,XLV,EWMA,0.07535357510134959,0.10012332150008936
2024-06-13,XLV,EWMA,0.07678476282227076,0.09862578798811208
2024-06-14,XLV,EWMA,0.09003983712551632,0.09710459966836742
2024-06-17,XLV,EWMA,0.0900961908687205,0.0956732752296777
2024-06-18,XLV,EWMA,0.12601448180471755,0.09419457383971723
2024-06-20,XLV,EWMA,0.1266826400767167,0.09303387451118933
2024-06-21,XLV,EWMA,0.12775242406414758,0.09177455807287692
2024-06-24,XLV,EWMA,0.12646317845842686,0.0914633422631566
2024-06-25,XLV,EWMA,0.12858259750931947,0.09069293925974817
2024-06-26,XLV,EWMA,0.12938680278123363,0.09004517470052845
2024-06-27,XLV,EWMA,0.12997018068171906,0.08884000040716396
2024-06-28,XLV,EWMA,0.1297478545733074,0.08751779957350717
2024-07-01,XLV,EWMA,0.12705595879667236,0.08779543541480489
2024-07-02,XLV,EWMA,0.12705885507092185,0.08710160364323728
2024-07-03,XLV,EWMA,0.12525807481726128,0.08842898097981831
2024-07-05,XLV,EWMA,0.1248079807271733,0.08971751830459823
2024-07-08,XLV,EWMA,0.16230379797372174,0.08837308620821974
2024-07-09,XLV,EWMA,0.1622344829052191,0.08797618319258776
2024-07-10,XLV,EWMA,0.1634998376203889,0.09026564170343718
2024-07-11,XLV,EWMA,0.17979091261681068,0.09065641471540538
2024-07-12,XLV,EWMA,0.17932073826139452,0.09052621011340639
2024-07-15,XLV,EWMA,0.17941274047188785,0.08994773136858723
2024-07-16,XLV,EWMA,0.17740896003549303,0.0960794715414232
2024-07-17,XLV,EWMA,0.17714836737047532,0.09502137153986176
2024-07-18,XLV,EWMA,0.15496756123781147,0.1153912335430688
2024-07-19,XLV,EWMA,0.15451684155130235,0.11427768990287793
2024-07-22,XLV,EWMA,0.1546377534587886,0.11335435253499865
2024-07-23,XLV,EWMA,0.15460353036107585,0.11164137045893165
2024-07-24,XLV,EWMA,0.15274493659102342,0.11185821303889729
2024-07-25,XLV,EWMA,0.1508117511404953,0.11137499404157321
2024-07-26,XLV,EWMA,0.1504530749505885,0.11042572078257745
2024-07-29,XLV,EWMA,0.15062270418640986,0.10869196963520715
2024-07-30,XLV,EWMA,0.15058961230184936,0.10698061129994454
2024-07-31,XLV,EWMA,0.14924384378463185,0.10608543393977052
2024-08-01,XLV,EWMA,0.14611137175941835,0.10760863959811331
2024-08-02,XLV,EWMA,0.1466082130735415,0.10626621040898074
2024-08-05,XLV,EWMA,0.10012114499080822,0.1306140044453175
2024-08-06,XLV,EWMA,0.10154698966425546,0.12915987087739123
2024-08-07,XLV,EWMA,0.10834166787180137,0.13044665999090435
2024-08-08,XLV,EWMA,0.0837439751130724,0.14216588474499242
2024-08-09,XLV,EWMA,0.0851453953059982,0.14043949503825182
2024-08-12,XLV,EWMA,0.08318585198877779,0.13881530557884736
2024-08-13,XLV,EWMA,0.07608611723493265,0.14027351778346198
2024-08-14,XLV,EWMA,0.07609998463978429,0.1382505493569171
2024-08-15,XLV,EWMA,0.07393412700336535,0.13683299674636126
2024-08-16,XLV,EWMA,0.07671969002151069,0.13467898023588734
2024-08-19,XLV,EWMA,0.08517972928767896,0.1332412666211063
2024-08-20,XLV,EWMA,0.08453016964885829,0.13134979974611538
2024-08-21,XLV,EWMA,0.08521546227444686,0.12928266817907633
2024-08-22,XLV,EWMA,0.0866942984205347,0.12726704542175515
2024-08-23,XLV,EWMA,0.0855579038109057,0.12551896250788375
2024-08-26,XLV,EWMA,0.08580603265199739,0.12367326231144099
2024-08-27,XLV,EWMA,0.09190681250880398,0.12172572123105171
2024-08-28,XLV,EWMA,0.09284174042238624,0.11981182319737449
2024-08-29,XLV,EWMA,0.09225659183726216,0.11793910146664431
2024-08-30,XLV,EWMA,0.09184426521169307,0.11705652117827223
2024-09-03,XLV,EWMA,0.09313272543385145,0.1156382696034953
2024-09-04,XLV,EWMA,0.09316995185121411,0.11417836738207227
2024-09-05,XLV,EWMA,0.08573566689605004,0.12014083998617563
2024-09-06,XLV,EWMA,0.08531139553897724,0.11888030866021063
2024-09-09,XLV,EWMA,0.08143013840219317,0.11826218662593703
2024-09-10,XLV,EWMA,0.08226977112939705,0.11681976553415219
2024-09-11,XLV,EWMA,0.09104594480250054,0.11554060407890723
2024-09-12,XLV,EWMA,0.09044277317104213,0.11395151138303254
2024-09-13,XLV,EWMA,0.09447819324633797,0.11218956318529583
2024-09-16,XLV,EWMA,0.0931513370240173,0.1115904004031111
2024-09-17,XLV,EWMA,0.09603999814771211,0.1145196288661305
2024-09-18,XLV,EWMA,0.09676035929225568,0.11294796986143173
2024-09-19,XLV,EWMA,0.09726168878413109,0.11143313486630381
2024-09-20,XLV,EWMA,0.09859667481822629,0.11057365083072597
2024-09-23,XLV,EWMA,0.10642594873330001,0.1090980890889424
2024-09-24,XLV,EWMA,0.10637462019615139,0.10764226607742687
2024-09-25,XLV,EWMA,0.10224909077304861,0.109822345325032
2024-09-26,XLV,EWMA,0.10309950819051383,0.10842751866844022
2024-09-27,XLV,EWMA,0.1041633308224815,0.10674913312603213
2024-09-30,XLV,EWMA,0.10051518909867888,0.10646188193438434
2024-10-01,XLV,EWMA,0.09972986037937395,0.1060274461340095
2024-10-02,XLV,EWMA,0.0997232000017186,0.10456834571074208
2024-10-03,XLV,EWMA,0.09915537057700971,0.10616244781653035
2024-10-04,XLV,EWMA,0.10237298727045802,0.10451427415727957
2024-10-07,XLV,EWMA,0.10352758108037681,0.10360983114314708
2024-10-08,XLV,EWMA,0.10540829855350396,0.10313790756007701
2024-10-09,XLV,EWMA,0.09696359646330312,0.10534355760104593
2024-10-10,XLV,EWMA,0.10166842821893984,0.10430801629889716
2024-10-11,XLV,EWMA,0.10149844569719262,0.10453332275164379
2024-10-15,XLV,EWMA,0.10210795645372622,0.10883745661060236
2024-10-16,XLV,EWMA,0.10061333856679988,0.10739634373795351
2024-10-17,XLV,EWMA,0.11121830781805726,0.10700380974427777
2024-10-18,XLV,EWMA,0.12116170737376601,0.10619285806534072
2024-10-21,XLV,EWMA,0.11832573934384359,0.10967734504735915
2024-10-22,XLV,EWMA,0.11832994754084122,0.10800125742877593
2024-10-23,XLV,EWMA,0.1297735634692984,0.10700778819702039
2024-10-24,XLV,EWMA,0.13404444999295675,0.10671363109194584
2024-10-25,XLV,EWMA,0.13364634221225408,0.10590649815447202
2024-10-28,XLV,EWMA,0.1379806187722878,0.10442837996418203
2024-10-29,XLV,EWMA,0.13972789478048048,0.10294196306208622
2024-10-30,XLV,EWMA,0.14128890612005077,0.1013682317475081
2024-10-31,XLV,EWMA,0.1384640207512083,0.10202929128199473
2024-11-01,XLV,EWMA,0.13692798459111374,0.10227219854604495
2024-11-04,XLV,EWMA,0.1350968336577404,0.10192934523172686
2024-11-05,XLV,EWMA,0.13230495385418448,0.10297781291823602
2024-11-06,XLV,EWMA,0.1375823211632801,0.1015141752073055
2024-11-07,XLV,EWMA,0.13496211933364388,0.10230094431296657
2024-11-08,XLV,EWMA,0.13210396620665016,0.10288376246988543
2024-11-12,XLV,EWMA,0.1311409301216031,0.10833400831193865
2024-11-13,XLV,EWMA,0.132975629218481,0.10677571722905478
2024-11-14,XLV,EWMA,0.12258417084445129,0.11325288387149174
2024-11-15,XLV,EWMA,0.1116971854814887,0.12170501522600856
2024-11-18,XLV,EWMA,0.1115401111096203,0.1199784284433915
2024-11-19,XLV,EWMA,0.11958045634237864,0.11849302567310897
2024-11-20,XLV,EWMA,0.1107562968864952,0.12254369010782949
2024-11-21,XLV,EWMA,0.11735154579471026,0.12339007239401728
2024-11-22,XLV,EWMA,0.12461422133965867,0.12156711622662954
2024-11-25,XLV,EWMA,0.12076756069417205,0.12252618995399193
2024-11-26,XLV,EWMA,0.1186678951962158,0.12176099070476858
2024-11-27,XLV,EWMA,0.11567064608614205,0.12093256716767344
2024-11-29,XLV,EWMA,0.11859953532109842,0.11941232194541712
2024-12-02,XLV,EWMA,0.12024818972695675,0.1176119423347752
2024-12-03,XLV,EWMA,0.1208339540952364,0.11589235236701897
2024-12-04,XLV,EWMA,0.1288972050014895,0.11406894261983723
2024-12-05,XLV,EWMA,0.12499839780657139,0.1163132197374188
2024-12-06,XLV,EWMA,0.1264443134046438,0.1153256791860293
2024-12-09,XLV,EWMA,0.12769176247681766,0.11398288242102145
2024-12-10,XLV,EWMA,0.12824464589433557,0.11259840278986065
2024-12-11,XLV,EWMA,0.12908802994599156,0.11648514462318119
2024-12-12,XLV,EWMA,0.1313074024269226,0.11618828113188387
2024-12-13,XLV,EWMA,0.13214959745142324,0.11441432033502148
2024-12-16,XLV,EWMA,0.12476321506608462,0.11641627863316821
2024-12-17,XLV,EWMA,0.12759309662252466,0.11461660537206791
2024-12-18,XLV,EWMA,0.12774169134637473,0.1176418869737092
2024-12-19,XLV,EWMA,0.12371058473477267,0.1168127600223475
2024-12-20,XLV,EWMA,0.1245361406025557,0.12211190543137541
2024-12-23,XLV,EWMA,0.12130177448512507,0.12453198104209726
2024-12-24,XLV,EWMA,0.14095767335768858,0.12352565741305097
2024-12-26,XLV,EWMA,0.14525377179478552,0.12191483208345388
2024-12-27,XLV,EWMA,0.1461049076763679,0.12039761519582264
2024-12-30,XLV,EWMA,0.13852077430185325,0.1224930798209406
2024-12-31,XLV,EWMA,0.14054623955487103,0.12107542735714653
2025-01-02,XLV,EWMA,0.14011337534630533,0.11926898966248688
2025-01-03,XLV,EWMA,0.1396577333957964,0.12144346347465389
2025-01-06,XLV,EWMA,0.14132127280610254,0.11960321442025906
2025-01-07,XLV,EWMA,0.1476687576679221,0.11888602680052805
2025-01-08,XLV,EWMA,0.14952951305113577,0.11818814942156268
2025-01-10,XLV,EWMA,0.1472030120667642,0.1171563525172647
2025-01-13,XLV,EWMA,0.14233463386827264,0.12149855414992705
2025-01-14,XLV,EWMA,0.1357546295735327,0.12278675253729032
2025-01-15,XLV,EWMA,0.1357237333166136,0.12157301886916158
2025-01-16,XLV,EWMA,0.14299469524361527,0.12031523083944459
2025-01-17,XLV,EWMA,0.1404016745378076,0.11973761222493116
2025-01-21,XLV,EWMA,0.13596868617109775,0.1270081549253608
2025-01-22,XLV,EWMA,0.13606250317696242,0.12515626602099947
2025-01-23,XLV,EWMA,0.13111367150474318,0.12871380299590346
2025-01-24,XLV,EWMA,0.1336354759716397,0.1267387506895944
2025-01-27,XLV,EWMA,0.11216048051680237,0.13881375134870572
2025-01-28,XLV,EWMA,0.11234552919203673,0.13844014217506725
2025-01-29,XLV,EWMA,0.11116563769475078,0.13751229869180429
2025-01-30,XLV,EWMA,0.11127127387587375,0.13871423324711296
2025-01-31,XLV,EWMA,0.11114028058902431,0.13700420870844482
2025-02-03,XLV,EWMA,0.1162489350430993,0.13512323877861893
2025-02-04,XLV,EWMA,0.12062534955957205,0.13336880444720947
2025-02-05,XLV,EWMA,0.11675676150153247,0.1335298499564694
2025-02-06,XLV,EWMA,0.1115224336560191,0.13436012083746046
2025-02-07,XLV,EWMA,0.11746250848904166,0.13310124052863345
2025-02-10,XLV,EWMA,0.12420266600179818,0.13106591100419987
2025-02-11,XLV,EWMA,0.1290626246304593,0.12916739508086042
2025-02-12,XLV,EWMA,0.13017994019480617,0.12723935034649192
2025-02-13,XLV,EWMA,0.13256479632671503,0.12562081965288135
2025-02-14,XLV,EWMA,0.13434337323489642,0.12765207071588797
2025-02-18,XLV,EWMA,0.1339939523151195,0.12577243254166356
2025-02-19,XLV,EWMA,0.1261057589521233,0.1288696357631108
2025-02-20,XLV,EWMA,0.12450229879207679,0.12763988812831736
2025-02-21,XLV,EWMA,0.12337242225551798,0.1267362921402793
2025-02-24,XLV,EWMA,0.12296265478687633,0.12655021160594343
2025-02-25,XLV,EWMA,0.1267047952307247,0.12648097097177358
2025-02-26,XLV,EWMA,0.12502351775277315,0.12653146568798174
2025-02-27,XLV,EWMA,0.1247103721393958,0.12523402706309494
2025-02-28,XLV,EWMA,0.11638410753966265,0.12702992383606185
2025-03-03,XLV,EWMA,0.12194702326795828,0.1254068302366927
2025-03-04,XLV,EWMA,0.1339104154195319,0.12672443511275416
2025-03-05,XLV,EWMA,0.1306072712952655,0.12741900255473007
2025-03-06,XLV,EWMA,0.1326038735731044,0.12583122705340424
2025-03-07,XLV,EWMA,0.23411803740847886,0.12386758099402624
2025-03-10,XLV,EWMA,0.23307007240138977,0.1261557179143139
2025-03-11,XLV,EWMA,0.2331371490116328,0.12816272505603027
2025-03-12,XLV,EWMA,0.28542006895469696,0.12925823184145951
2025-03-13,XLV,EWMA,0.300353217298018,0.12801427046714753
2025-03-14,XLV,EWMA,0.30460244963039385,0.12795759975607007
2025-03-17,XLV,EWMA,0.30428211049943665,0.13085642002720235
2025-03-18,XLV,EWMA,0.3042765299897722,0.1287970272620886
2025-03-19,XLV,EWMA,0.30500045944066545,0.1267710312588656
2025-03-20,XLV,EWMA,0.3046930258541297,0.12477811681907748
2025-03-21,XLV,EWMA,0.311178943561966,0.12311103034175723
2025-03-24,XLV,EWMA,0.3193570814088679,0.1229206218211767
2025-03-25,XLV,EWMA,0.31927318138694033,0.12650567281617342
2025-03-26,XLV,EWMA,0.3240010966128088,0.1249292261804269
2025-03-27,XLV,EWMA,0.32475001637038076,0.12305267806254952
2025-03-28,XLV,EWMA,0.3255309198102597,0.12141223149089547
2025-03-31,XLV,EWMA,0.32338231001128964,0.1229651259972524
2025-04-01,XLV,EWMA,0.3197247661466974,0.131672865247303
2025-04-02,XLV,EWMA,0.33176349917817904,0.13109195057301112
2025-04-03,XLV,EWMA,0.3360895899826289,0.13091336951966837
2025-04-04,XLV,EWMA,0.26698239814176167,0.20220337657754545
2025-04-07,XLV,EWMA,0.28542152625485256,0.19930274311806784
2025-04-08,XLV,EWMA,0.28352192004387183,0.19770081387566077
2025-04-09,XLV,EWMA,0.2385594339234445,0.23162879694971514
2025-04-10,XLV,EWMA,0.22015142912516708,0.24015517041322196
2025-04-11,XLV,EWMA,0.23175743383784905,0.24084425117425184
2025-04-14,XLV,EWMA,0.2500991970310721,0.2400686472184117
2025-04-15,XLV,EWMA,0.2611370355639501,0.23671069266307454
2025-04-16,XLV,EWMA,0.26602531916321903,0.2343224459650317
2025-04-17,XLV,EWMA,0.27685553415509206,0.23095322457884063
2025-04-21,XLV,EWMA,0.26769309057319235,0.2341275535553615
2025-04-22,XLV,EWMA,0.2593505064916144,0.2376658591206585
2025-04-23,XLV,EWMA,0.2712697691992035,0.23463823524285043
2025-04-24,XLV,EWMA,0.2671264904564319,0.23401655149106299
2025-04-25,XLV,EWMA,0.26575458269243535,0.23089444453988636
2025-04-28,XLV,EWMA,0.2713950388585286,0.22764949304931686
2025-04-29,XLV,EWMA,0.2701649655564282,0.2245985569168576
2025-04-30,XLV,EWMA,0.26921486808809403,0.22247721930295422
2025-05-01,XLV,EWMA,0.2532981773520601,0.23191171583925257
2025-05-02,XLV,EWMA,0.24704226177068372,0.23195204935840286
2025-05-05,XLV,EWMA,0.24753147075793605,0.2283821645689781
2025-05-06,XLV,EWMA,0.22770563233120275,0.23728215537840566
2025-05-07,XLV,EWMA,0.22572983135574887,0.23493563983838722
2025-05-08,XLV,EWMA,0.2263777599018148,0.23225632114426228
2025-05-09,XLV,EWMA,0.2227529600732018,0.23011023224837812
2025-05-12,XLV,EWMA,0.20854881542403975,0.2379457117650793
2025-05-13,XLV,EWMA,0.17483546845286663,0.2482585251090103
2025-05-14,XLV,EWMA,0.14828819576623736,0.2518425501984114
2025-05-15,XLV,EWMA,0.1459317946519636,0.25165782928946023
2025-05-16,XLV,EWMA,0.13071906484142193,0.2551844026858368
2025-05-19,XLV,EWMA,0.14060047134043105,0.25301457419092904
2025-05-20,XLV,EWMA,0.14028303151403262,0.2492210011338175
2025-05-21,XLV,EWMA,0.11288013497267213,0.2531637368612266
2025-05-22,XLV,EWMA,0.1086173459559618,0.2497763932047994
2025-05-23,XLV,EWMA,0.1153018628800612,0.24584349217346238
2025-05-27,XLV,EWMA,0.10570371712336465,0.2458881200579272
2025-05-28,XLV,EWMA,0.10334215744070167,0.24224879132589425
2025-05-29,XLV,EWMA,0.10196663294092989,0.23950615233382777
2025-05-30,XLV,EWMA,0.10380283575680266,0.2359153662879811
2025-06-02,XLV,EWMA,0.11369969603512355,0.23224852398263127
2025-06-03,XLV,EWMA,0.12091734422108845,0.22878481287143762
2025-06-04,XLV,EWMA,0.12087604179641431,0.22532606671189193
2025-06-05,XLV,EWMA,0.12529890772190513,0.22178172699323442
2025-06-06,XLV,EWMA,0.12187120636891528,0.22018826954392923
2025-06-09,XLV,EWMA,0.12215517324763601,0.21674490715999783
2025-06-10,XLV,EWMA,0.11745088338183138,0.21589855582346665
2025-06-11,XLV,EWMA,0.12152925326756354,0.21250795715772774
2025-06-12,XLV,EWMA,0.11806676519612046,0.21033343835502197
2025-06-13,XLV,EWMA,0.13313004204579912,0.20749686739476428
2025-06-16,XLV,EWMA,0.14109529621852396,0.2043991092631021
2025-06-17,XLV,EWMA,0.13416467418201714,0.20633049593550867
2025-06-18,XLV,EWMA,0.13610984572415502,0.20310090854884066
2025-06-20,XLV,EWMA,0.13653819990568147,0.20022475070893778
2025-06-23,XLV,EWMA,0.15193851500008768,0.1971755460800841
2025-06-24,XLV,EWMA,0.1625843998992437,0.19740342302439867
2025-06-25,XLV,EWMA,0.16342838507773447,0.1943272821831048
2025-06-26,XLV,EWMA,0.16415134208439475,0.19141805279177168
2025-06-27,XLV,EWMA,0.16738581780145,0.18847791755561846
2025-06-30,XLV,EWMA,0.16756175584616229,0.1864507409837642
2025-07-01,XLV,EWMA,0.15887465067895248,0.18775612487250995
2025-07-02,XLV,EWMA,0.18429403431348665,0.1869940769084399
2025-07-03,XLV,EWMA,0.18582322826986036,0.1840709407397273
2025-07-07,XLV,EWMA,0.19213573915137067,0.18270981753623636
2025-07-08,XLV,EWMA,0.19152322334541635,0.18031753761582964
2025-07-09,XLV,EWMA,0.19702431527252795,0.1778121613822839
2025-07-10,XLV,EWMA,0.19751403594637476,0.1758218255784307
2025-07-11,XLV,EWMA,0.20049555949079234,0.17468842517239005
2025-07-14,XLV,EWMA,0.20074778886148262,0.17196749085364244
2025-07-15,XLV,EWMA,0.19319759033455045,0.17660024487892165
2025-07-16,XLV,EWMA,0.19668091968449194,0.17754424207160713
2025-07-17,XLV,EWMA,0.19300558108344054,0.17752840228249459
2025-07-18,XLV,EWMA,0.19923877091683598,0.17555051824709814
2025-07-21,XLV,EWMA,0.19795287138104423,0.1733327734898789
2025-07-22,XLV,EWMA,0.1889268193035041,0.17891531489208912
2025-07-23,XLV,EWMA,0.17587718361224045,0.18522352961483649
2025-07-24,XLV,EWMA,0.1757566065795367,0.1826603373324668
2025-07-25,XLV,EWMA,0.1771204889356501,0.1803402063466323
2025-07-28,XLV,EWMA,0.1820995327974458,0.17930746929225638
2025-07-29,XLV,EWMA,0.18143032243208881,0.17739645166644638
2025-07-30,XLV,EWMA,0.18123846741654423,0.17466405759888318
2025-07-31,XLV,EWMA,0.1458736727193793,0.18904619095465985
2025-08-01,XLV,EWMA,0.14658668935214844,0.18692298618357092
2025-08-04,XLV,EWMA,0.1397208281975565,0.188717006370116
2025-08-05,XLV,EWMA,0.14022510935234486,0.1859939318586645
2025-08-06,XLV,EWMA,0.1255273941378414,0.18754712599152254
2025-08-07,XLV,EWMA,0.11386195977753938,0.1869416100715631
2025-08-08,XLV,EWMA,0.11261229549652746,0.18615820554769066
2025-08-11,XLV,EWMA,0.11271327602217526,0.18330794534693365
2025-08-12,XLV,EWMA,0.11968254097165965,0.18171940797843714
2025-08-13,XLV,EWMA,0.12183117516309326,0.1846916738727978
2025-08-14,XLV,EWMA,0.13094150260271714,0.18234934683714848
2025-08-15,XLV,EWMA,0.12264315352770809,0.1853601869738172
2025-08-18,XLV,EWMA,0.12226142900906369,0.1826182237056373
2025-08-19,XLV,EWMA,0.12037803688038608,0.18050005773568606
2025-08-20,XLV,EWMA,0.1190072302042908,0.178151789729732
2025-08-21,XLV,EWMA,0.1184667832517412,0.17572315230798294
2025-08-22,XLV,EWMA,0.11451527202864413,0.17423170840421512
2025-08-25,XLV,EWMA,0.10202914887935635,0.176665192697557
2025-08-26,XLV,EWMA,0.10088316687535226,0.17463358434822765
2025-08-27,XLV,EWMA,0.11703723172121183,0.17191453578883198
2025-08-28,XLV,EWMA,0.1226176749701834,0.1696717365498016
2025-08-29,XLV,EWMA,0.12007162907867477,0.16809690280376569
2025-09-02,XLV,EWMA,0.1475082951382825,0.16545185779149157
2025-09-03,XLV,EWMA,0.179351130587036,0.16353292104105002
2025-09-04,XLV,EWMA,0.17998972819753187,0.16122232243828752
2025-09-05,XLV,EWMA,0.18281488301334325,0.1588797788641189
2025-09-08,XLV,EWMA,0.18448804445686776,0.15640375812436122
2025-09-09,XLV,EWMA,0.18424996065152144,0.15450059885243927
2025-09-10,XLV,EWMA,0.17932506308320298,0.15455216490593748
2025-09-11,XLV,EWMA,0.17162992194482338,0.15913315474322734
2025-09-12,XLV,EWMA,0.17495838563837995,0.1604986599072415
2025-09-15,XLV,EWMA,0.17113293338938515,0.1600265326412953
2025-09-16,XLV,EWMA,0.17097866424127448,0.15750871470307717
2025-09-17,XLV,EWMA,0.17099179275182452,0.15509737989383363
2025-09-18,XLV,EWMA,0.17153250215832744,0.15272045390480923
2025-09-19,XLV,EWMA,0.17184653642696285,0.15039132129514324
2025-09-22,XLV,EWMA,0.17393498241070932,0.14803254749383934
2025-09-23,XLV,EWMA,0.17393138149774304,0.14580039888230723
2025-09-24,XLV,EWMA,0.17221063961125083,0.14403078553458132
2025-09-25,XLV,EWMA,0.1555890986897049,0.14942533836264174
2025-09-26,XLV,EWMA,0.15467151671184814,0.14991441431082722
2025-09-29,XLV,EWMA,0.154729638682113,0.14777335979365627
2025-09-30,XLV,EWMA,0.1390376075091438,0.15963820057936634
2025-10-01,XLV,EWMA,0.09849968824767491,0.17735839520926008
2025-10-02,XLV,EWMA,0.09841621868279776,0.17487860041096012
2025-10-03,XLV,EWMA,0.08953905547416495,0.17420079399673244
2025-10-06,XLV,EWMA,0.08796682502126228,0.17250990554751078
2025-10-07,XLV,EWMA,0.08931570970873465,0.16981643686829984
2025-10-08,XLV,EWMA,0.09003619706113841,0.16714288431520619
2025-10-09,XLV,EWMA,0.08964044484827892,0.16488081594401194
2025-10-10,XLV,EWMA,0.06955509224462378,0.1684030407596861
2025-10-14,XLV,EWMA,0.10391877422029261,0.16581242245389938
2025-10-15,XLV,EWMA,0.11114076848314483,0.1632043409854475
2025-10-16,XLV,EWMA,0.11050037843502367,0.1608323948028695
2025-10-17,XLV,EWMA,0.1147808418754687,0.15905436497200207
2025-10-20,XLV,EWMA,0.11179916267513072,0.15867002749789524
2025-10-21,XLV,EWMA,0.11249498594939338,0.1561865392056842
2025-10-22,XLV,EWMA,0.11277614345039642,0.15415427355305786
2025-10-23,XLV,EWMA,0.11633052419990259,0.1517610540827138
2025-10-24,XLV,EWMA,0.13417857149839565,0.14944978012606527
2025-10-27,XLV,EWMA,0.13424489968659395,0.1471092071934617
2025-10-28,XLV,EWMA,0.14607118980744574,0.14647344191478082
2025-10-29,XLV,EWMA,0.13808287647813577,0.147710732436038
2025-10-30,XLV,EWMA,0.1420636532165867,0.14542201063895716
2025-10-31,XLV,EWMA,0.1574269119330177,0.14318608097409113
2025-11-03,XLV,EWMA,0.16100663049173689,0.14093460146549155
2025-11-04,XLV,EWMA,0.1610234879346335,0.1390477725272748
2025-11-05,XLV,EWMA,0.16562517985477512,0.13706530108359088
2025-11-06,XLV,EWMA,0.1674300790261167,0.1349203755765959
2025-11-07,XLV,EWMA,0.1751333010227612,0.13279592180917857
2025-11-10,XLV,EWMA,0.17820134750848138,0.13195753207952768
2025-11-12,XLV,EWMA,0.16232221668279032,0.1345658774326307
2025-11-13,XLV,EWMA,0.16260760874243144,0.13261185744644152
2025-11-14,XLV,EWMA,0.16673854830138043,0.13229711780362946
2025-11-17,XLV,EWMA,0.17439988570042952,0.13038397704997104
2025-11-18,XLV,EWMA,0.17356275378632122,0.12891071342708524
2025-11-19,XLV,EWMA,0.1733886039433133,0.12721363715992717
2025-11-20,XLV,EWMA,0.17291005133361806,0.12693382836597297
2025-11-21,XLV,EWMA,0.15813119636103193,0.1363180054269185
2025-11-24,XLV,EWMA,0.15770555547060927,0.13432669953053247
2025-11-25,XLV,EWMA,0.1358859906034499,0.14390525490736006
2025-11-26,XLV,EWMA,0.13601038972580226,0.14226569560662772
2025-11-28,XLV,EWMA,0.13511426014454989,0.14149533600568792
2025-12-01,XLV,EWMA,0.12350987668986955,0.14735154712740886
2025-12-02,XLV,EWMA,0.12328507834222761,0.14659579486089824
2025-12-03,XLV,EWMA,0.12324950669675606,0.1445665975361005
2025-12-04,XLV,EWMA,0.1203376587618188,0.14455986041962673
2025-12-05,XLV,EWMA,0.13619424872747457,0.14307762067410876
2025-12-08,XLV,EWMA,0.12879406787874642,0.14545979708331083
2025-12-09,XLV,EWMA,0.12871322335696786,0.14607744170386788
2025-12-10,XLV,EWMA,0.12403946321033618,0.14903665710924885
2025-12-11,XLV,EWMA,0.12085670011072591,0.14865012669076594
2025-12-12,XLV,EWMA,0.12221658394510031,0.14642280935729698
2025-12-15,XLV,EWMA,0.11602601081428464,0.1479655272538339
2025-12-16,XLV,EWMA,0.10693852101474013,0.1511859466950918
2025-12-17,XLV,EWMA,0.11116201762832013,0.14901668505233492
2025-12-18,XLV,EWMA,0.11168133852310215,0.14667053099682792
2025-12-19,XLV,EWMA,0.12645959142262822,0.14523976631557653
2025-12-22,XLV,EWMA,0.12493342041933207,0.14375607482393246
2025-12-23,XLV,EWMA,0.12640099161364757,0.14178764559188398
2025-12-24,XLV,EWMA,0.1258874827447416,0.140004252049924
2025-12-26,XLV,EWMA,0.14048442569510602,0.13780171676264477
2025-12-29,XLV,EWMA,0.14272632977761968,0.13586500954990924
2025-12-30,XLV,EWMA,0.14304536384551908,0.1338489379249009
2025-12-31,XLV,EWMA,0.1435379036077015,0.13310847747345692
2023-12-28,TLT,EWMA,0.12886500951146054,0.19501607461471507
2023-12-29,TLT,EWMA,0.13264094757387263,0.19452039711013683
2024-01-02,TLT,EWMA,0.13757384744913045,0.19265281327533784
2024-01-03,TLT,EWMA,0.15456411566225983,0.18974500007521547
2024-01-04,TLT,EWMA,0.1653774780159504,0.19270576517085616
2024-01-05,TLT,EWMA,0.1773203674793194,0.19205378626714212
2024-01-08,TLT,EWMA,0.17724678128478497,0.190659355919062
2024-01-09,TLT,EWMA,0.1767043623223023,0.18883272836151455
2024-01-10,TLT,EWMA,0.17708104799535643,0.1865100707396463
2024-01-11,TLT,EWMA,0.17539568907058894,0.1840685468683077
2024-01-12,TLT,EWMA,0.17560069405599454,0.18134556871202706
2024-01-16,TLT,EWMA,0.1749993009161958,0.1858362889654485
2024-01-17,TLT,EWMA,0.17637650823510717,0.1829793371728603
2024-01-18,TLT,EWMA,0.17459416854800885,0.18203503989235445
2024-01-19,TLT,EWMA,0.17526237706108416,0.17940589104136545
2024-01-22,TLT,EWMA,0.17369072005943798,0.17735666302388234
2024-01-23,TLT,EWMA,0.1732663103288868,0.17602227175453758
2024-01-24,TLT,EWMA,0.1732603609106203,0.17399792075947654
2024-01-25,TLT,EWMA,0.17835931498528473,0.1722951742105476
2024-01-26,TLT,EWMA,0.17856107812232622,0.16966091268409056
2024-01-29,TLT,EWMA,0.17495936907834522,0.17006478215769896
2024-01-30,TLT,EWMA,0.17319031327431664,0.16916108354513915
2024-01-31,TLT,EWMA,0.1711909203728179,0.16847734325889763
2024-02-01,TLT,EWMA,0.15587819205349465,0.17373490345154932
2024-02-02,TLT,EWMA,0.13619103952889955,0.18331779101647855
2024-02-05,TLT,EWMA,0.1252988393519196,0.1897117490109718
2024-02-06,TLT,EWMA,0.12237563058392598,0.18868012739968287
2024-02-07,TLT,EWMA,0.12082126012404108,0.18626106872693038
2024-02-08,TLT,EWMA,0.11868740768391371,0.18407906643311034
2024-02-09,TLT,EWMA,0.11829155772776205,0.18126323421675022
2024-02-12,TLT,EWMA,0.12301985955838646,0.17844428929441639
2024-02-13,TLT,EWMA,0.10569073111949431,0.18205453039400252
2024-02-14,TLT,EWMA,0.12006248191414164,0.17988533061168388
2024-02-15,TLT,EWMA,0.11865129611353707,0.17773502374764677
2024-02-16,TLT,EWMA,0.11725834374221364,0.17561645470033296
2024-02-20,TLT,EWMA,0.11762656581225044,0.17288813078257495
2024-02-21,TLT,EWMA,0.11443523418916673,0.1711982280534766
2024-02-22,TLT,EWMA,0.11347385695258386,0.16918904603345225
2024-02-23,TLT,EWMA,0.10845713699780593,0.17085444107521755
2024-02-26,TLT,EWMA,0.1094845865654498,0.1683690737220983
2024-02-27,TLT,EWMA,0.10644546160497947,0.16685398629340792
2024-02-28,TLT,EWMA,0.10966257373760702,0.16526389785161769
2024-02-29,TLT,EWMA,0.10724769974773807,0.16387046110969608
2024-03-01,TLT,EWMA,0.12461902162034406,0.16217957739992792
2024-03-04,TLT,EWMA,0.1252347612229127,0.16008197760056414
2024-03-05,TLT,EWMA,0.11197615777287681,0.16228972681297402
2024-03-06,TLT,EWMA,0.11321618993255804,0.16039899398865204
2024-03-07,TLT,EWMA,0.12143800561910217,0.15794473356275032
2024-03-08,TLT,EWMA,0.12166689223948608,0.15561224098969922
2024-03-11,TLT,EWMA,0.12819217207024108,0.15319582449544272
2024-03-12,TLT,EWMA,0.1456356204333275,0.15285194839502217
2024-03-13,TLT,EWMA,0.14556994989996885,0.15113553337985786
2024-03-14,TLT,EWMA,0.13926225239340695,0.15499646574746664
2024-03-15,TLT,EWMA,0.14815408202300218,0.1525554243877961
2024-03-18,TLT,EWMA,0.1490267090501572,0.15033963517046892
2024-03-19,TLT,EWMA,0.15545370868524205,0.14824203253362772
2024-03-20,TLT,EWMA,0.1557506969767492,0.14590737084283
2024-03-21,TLT,EWMA,0.1563533132506645,0.14377287460473945
2024-03-22,TLT,EWMA,0.15035499399386035,0.14408828317316008
2024-03-25,TLT,EWMA,0.15039502181092684,0.14252394461147333
2024-03-26,TLT,EWMA,0.15006869402139578,0.14050585709631158
2024-03-27,TLT,EWMA,0.1429962640026267,0.14099544605155462
2024-03-28,TLT,EWMA,0.14615348633258005,0.13881215857148596
2024-04-01,TLT,EWMA,0.13963027174088485,0.14660135543653158
2024-04-02,TLT,EWMA,0.14107487584490078,0.1450179229891009
2024-04-03,TLT,EWMA,0.1449273446708929,0.14273597723030582
2024-04-04,TLT,EWMA,0.14294003291474694,0.14208256632917143
2024-04-05,TLT,EWMA,0.14138575052439212,0.14501105726220864
2024-04-08,TLT,EWMA,0.14230911850316494,0.1427357888796998
2024-04-09,TLT,EWMA,0.13984948184127854,0.14317197951108826
2024-04-10,TLT,EWMA,0.11709193989844356,0.15331462225036668
2024-04-11,TLT,EWMA,0.11683770967632004,0.1512207038909863
2024-04-12,TLT,EWMA,0.11747301156298291,0.1499222174469223
2024-04-15,TLT,EWMA,0.10192656975615624,0.15313119303230321
2024-04-16,TLT,EWMA,0.09898729661135136,0.15143239917488469
2024-04-17,TLT,EWMA,0.10251088464576605,0.1531137448323173
2024-04-18,TLT,EWMA,0.09992282697856297,0.15109176685424594
2024-04-19,TLT,EWMA,0.10430461222220751,0.14933075101705484
2024-04-22,TLT,EWMA,0.10490352094956389,0.14698707271844835
2024-04-23,TLT,EWMA,0.10567186071386662,0.14473103813250648
2024-04-24,TLT,EWMA,0.10060050498300074,0.14342846751635938
2024-04-25,TLT,EWMA,0.09992355624220438,0.14207493118350412
2024-04-26,TLT,EWMA,0.09928544908566007,0.1410737891344606
2024-04-29,TLT,EWMA,0.11187533781577061,0.14140579995980734
2024-04-30,TLT,EWMA,0.11650131897820681,0.1407868053409638
2024-05-01,TLT,EWMA,0.11850945458241137,0.1405942474642862
2024-05-02,TLT,EWMA,0.11982184081994206,0.13913839689043617
2024-05-03,TLT,EWMA,0.12755476793355996,0.14022981007636118
2024-05-06,TLT,EWMA,0.13260920710945268,0.1385433994497141
2024-05-07,TLT,EWMA,0.13324051500277637,0.13751065532167306
2024-05-08,TLT,EWMA,0.1307129692398652,0.13636739858098215
2024-05-09,TLT,EWMA,0.14860521594380507,0.13498253602529017
2024-05-10,TLT,EWMA,0.14923753726023103,0.13374392364719437
2024-05-13,TLT,EWMA,0.15306125601915319,0.1318750291152808
2024-05-14,TLT,EWMA,0.15394800272425604,0.13080988453833528
2024-05-15,TLT,EWMA,0.15510298740503806,0.13418375568173702
2024-05-16,TLT,EWMA,0.1569638246235042,0.13212646178109638
2024-05-17,TLT,EWMA,0.1596289103766981,0.13154839996484155
2024-05-20,TLT,EWMA,0.16097994882285813,0.12976330569077862
2024-05-21,TLT,EWMA,0.163409929810681,0.12850777061930538
2024-05-22,TLT,EWMA,0.1634895767845788,0.12651453796261933
2024-05-23,TLT,EWMA,0.16103751177907918,0.1259059634413448
2024-05-24,TLT,EWMA,0.1609910542760538,0.12419247820921855
2024-05-28,TLT,EWMA,0.16092352465931262,0.12877779265124364
2024-05-29,TLT,EWMA,0.15222717843160458,0.13096291213266975
2024-05-30,TLT,EWMA,0.16760730258604503,0.13206936294235194
2024-05-31,TLT,EWMA,0.17863824514654816,0.13150684248469907
2024-06-03,TLT,EWMA,0.1710430940490236,0.13707782464092588
2024-06-04,TLT,EWMA,0.17244750723263763,0.1385203280435195
2024-06-05,TLT,EWMA,0.17302595581097838,0.13757759442261502
2024-06-06,TLT,EWMA,0.1731671127462331,0.13557599559231595
2024-06-07,TLT,EWMA,0.15999857234039574,0.14389808766475395
2024-06-10,TLT,EWMA,0.1578309147759472,0.14293301857339838
2024-06-11,TLT,EWMA,0.15736663886856458,0.143565831522715
2024-06-12,TLT,EWMA,0.15603851271633293,0.14270333864331491
2024-06-13,TLT,EWMA,0.15323850224886604,0.14579519840196964
2024-06-14,TLT,EWMA,0.15871474232707045,0.14496665985116902
2024-06-17,TLT,EWMA,0.15436971417975626,0.14605125887896722
2024-06-18,TLT,EWMA,0.1532879015649395,0.1455802298168999
2024-06-20,TLT,EWMA,0.15289040026103837,0.14492872866428547
2024-06-21,TLT,EWMA,0.1531387251739212,0.1426675211743611
2024-06-24,TLT,EWMA,0.15219573969256525,0.14069929326496025
2024-06-25,TLT,EWMA,0.15593419860269253,0.13849866490179144
2024-06-26,TLT,EWMA,0.15158833792752407,0.1428755384830077
2024-06-27,TLT,EWMA,0.1536042364303072,0.140955878338311
2024-06-28,TLT,EWMA,0.13780882504314185,0.14886805626356234
2024-07-01,TLT,EWMA,0.11940616643214957,0.15433465722163414
2024-07-02,TLT,EWMA,0.12121143719893278,0.1536507370131925
2024-07-03,TLT,EWMA,0.1169069682045395,0.15571889336819292
2024-07-05,TLT,EWMA,0.15396335588425114,0.1549213737380128
2024-07-08,TLT,EWMA,0.15409098512513844,0.1525612525302865
2024-07-09,TLT,EWMA,0.17791734075123525,0.15077011992312925
2024-07-10,TLT,EWMA,0.18102350095216632,0.14860694206538644
2024-07-11,TLT,EWMA,0.18074029902668284,0.14853551305215598
2024-07-12,TLT,EWMA,0.18308277937971337,0.14653896078088482
2024-07-15,TLT,EWMA,0.1766602993107137,0.14827010223735873
2024-07-16,TLT,EWMA,0.17207581359712468,0.15077644318625294
2024-07-17,TLT,EWMA,0.1726751541997609,0.14841154861735145
2024-07-18,TLT,EWMA,0.17300382766043593,0.14796817966369222
2024-07-19,TLT,EWMA,0.17045685451472845,0.14673712658377855
2024-07-22,TLT,EWMA,0.16935335560334744,0.14470869500356495
2024-07-23,TLT,EWMA,0.16943775067909997,0.14250277020481897
2024-07-24,TLT,EWMA,0.1613389586756968,0.14359357984082902
2024-07-25,TLT,EWMA,0.16778801089450898,0.14321934073654027
2024-07-26,TLT,EWMA,0.16738044814223427,0.14257415573400578
2024-07-29,TLT,EWMA,0.16824408517535597,0.14102420358839268
2024-07-30,TLT,EWMA,0.16885822806853254,0.13911589155319828
2024-07-31,TLT,EWMA,0.16665281951052413,0.13949729236516095
2024-08-01,TLT,EWMA,0.16550809251546253,0.13895916536359454
2024-08-02,TLT,EWMA,0.1286697145951312,0.1596046373313085
2024-08-05,TLT,EWMA,0.14094168356451278,0.15734575456743854
2024-08-06,TLT,EWMA,0.12152877099515454,0.1695474446751923
2024-08-07,TLT,EWMA,0.11811178540660681,0.1685288590693541
2024-08-08,TLT,EWMA,0.114426310630038,0.1671136507200282
2024-08-09,TLT,EWMA,0.11128236036588417,0.16634489709800496
2024-08-12,TLT,EWMA,0.11253416104169661,0.1638676584925019
2024-08-13,TLT,EWMA,0.11160389579228844,0.16205472700350082
2024-08-14,TLT,EWMA,0.11262257302148067,0.16006668596074078
2024-08-15,TLT,EWMA,0.1070511185779465,0.1598356234095516
2024-08-16,TLT,EWMA,0.11002672603333004,0.15743960992988085
2024-08-19,TLT,EWMA,0.11228679324199067,0.15522592225541695
2024-08-20,TLT,EWMA,0.12021597776250614,0.1538455944935345
2024-08-21,TLT,EWMA,0.12102940865322348,0.1514505063429673
2024-08-22,TLT,EWMA,0.11588037513343438,0.15252049361712416
2024-08-23,TLT,EWMA,0.11420542230557064,0.15083387758754177
2024-08-26,TLT,EWMA,0.11373225067553969,0.1488682346410937
2024-08-27,TLT,EWMA,0.11774593931820126,0.14676648493019223
2024-08-28,TLT,EWMA,0.11789916653355437,0.14461309430723493
2024-08-29,TLT,EWMA,0.1183502801843114,0.1428622150717107
2024-08-30,TLT,EWMA,0.11248479900249592,0.14434210453986562
2024-09-03,TLT,EWMA,0.10015812186177772,0.1485601769390618
2024-09-04,TLT,EWMA,0.09385988021587886,0.1498036903894634
2024-09-05,TLT,EWMA,0.0959912812469619,0.14789963731913863
2024-09-06,TLT,EWMA,0.10358125389018051,0.1456478733476628
2024-09-09,TLT,EWMA,0.10272023878946879,0.14355945864510727
2024-09-10,TLT,EWMA,0.09785676000468736,0.14207788174523947
2024-09-11,TLT,EWMA,0.09810438529918576,0.14002759454851113
2024-09-12,TLT,EWMA,0.0979686701384448,0.13897177839791397
2024-09-13,TLT,EWMA,0.09570609171470558,0.13682179801753627
2024-09-16,TLT,EWMA,0.08535179699942604,0.13630208525884102
2024-09-17,TLT,EWMA,0.10192484178264777,0.1354249164133525
2024-09-18,TLT,EWMA,0.09820679571206244,0.13892360961139202
2024-09-19,TLT,EWMA,0.10996372100212416,0.1373006005902011
2024-09-20,TLT,EWMA,0.11051942987267797,0.13581002033102785
2024-09-23,TLT,EWMA,0.12293474393141236,0.13392922937737445
2024-09-24,TLT,EWMA,0.12338773218343393,0.13184753640718858
2024-09-25,TLT,EWMA,0.12185451968150118,0.1322115867511093
2024-09-26,TLT,EWMA,0.12495437284254568,0.13023649298058024
2024-09-27,TLT,EWMA,0.12179062485931982,0.12884509781823456
2024-09-30,TLT,EWMA,0.12165843198624494,0.1277159677774534
2024-10-01,TLT,EWMA,0.1168592435622824,0.12708412158003451
2024-10-02,TLT,EWMA,0.11729885220500438,0.1276558465183916
2024-10-03,TLT,EWMA,0.11556093092131292,0.12861883573412777
2024-10-04,TLT,EWMA,0.11783278691036657,0.131274314218394
2024-10-07,TLT,EWMA,0.13175602711248388,0.13078515569329738
2024-10-08,TLT,EWMA,0.13342235008440367,0.1288712683441441
2024-10-09,TLT,EWMA,0.1633186289572263,0.12768243796139173
2024-10-10,TLT,EWMA,0.17109464535607632,0.1260098478215936
2024-10-11,TLT,EWMA,0.17766816768605898,0.12437190284095712
2024-10-15,TLT,EWMA,0.1784126250639585,0.12757570027559337
2024-10-16,TLT,EWMA,0.17861390090558002,0.12622401061413716
2024-10-17,TLT,EWMA,0.17398026457428142,0.13170069934826328
2024-10-18,TLT,EWMA,0.17375950053562741,0.12969448952493925
2024-10-21,TLT,EWMA,0.1638232126093334,0.13605823839062117
2024-10-22,TLT,EWMA,0.16509898128868564,0.1340578269777762
2024-10-23,TLT,EWMA,0.16518688110384674,0.13201600164550076
2024-10-24,TLT,EWMA,0.16302958631183168,0.1316528391849892
2024-10-25,TLT,EWMA,0.16222683968353255,0.13022287941409066
2024-10-28,TLT,EWMA,0.1869386064624024,0.12824820291825148
2024-10-29,TLT,EWMA,0.18757944252249517,0.12645225299378107
2024-10-30,TLT,EWMA,0.18883024302284587,0.12496403281906049
2024-10-31,TLT,EWMA,0.1919486963157775,0.12320752948019692
2024-11-01,TLT,EWMA,0.18338754345755004,0.12680378711881035
2024-11-04,TLT,EWMA,0.17959522664144958,0.1331925720091051
2024-11-05,TLT,EWMA,0.18245798143368105,0.1321830319752942
2024-11-06,TLT,EWMA,0.14775871392900153,0.15050809645166038
2024-11-07,TLT,EWMA,0.14288279395761902,0.153103128342907
2024-11-08,TLT,EWMA,0.1420544754257162,0.15539548309311454
2024-11-12,TLT,EWMA,0.13489098882748393,0.15820499562642773
2024-11-13,TLT,EWMA,0.1379836205355016,0.15750008406468383
2024-11-14,TLT,EWMA,0.14212176916201047,0.15626587477303783
2024-11-15,TLT,EWMA,0.1420925097522335,0.15386785812163503
2024-11-18,TLT,EWMA,0.14219802385860866,0.15166017262158726
2024-11-19,TLT,EWMA,0.1481729650335446,0.15024194678749608
2024-11-20,TLT,EWMA,0.1570156164155049,0.14802122198313428
2024-11-21,TLT,EWMA,0.1588483644601717,0.1456905995231776
2024-11-22,TLT,EWMA,0.16153119959478998,0.14345443814827674
2024-11-25,TLT,EWMA,0.12903832660590372,0.15921802957625728
2024-11-26,TLT,EWMA,0.12904242453627454,0.1570758666031354
2024-11-27,TLT,EWMA,0.12609449792000285,0.15584981920565624
2024-11-29,TLT,EWMA,0.12317749996774521,0.156007926217061
2024-12-02,TLT,EWMA,0.12171448070980735,0.1536543254174816
2024-12-03,TLT,EWMA,0.12192628896120072,0.15334461505163371
2024-12-04,TLT,EWMA,0.11095061709449823,0.15375280301556363
2024-12-05,TLT,EWMA,0.10901313272978538,0.15139162038332366
2024-12-06,TLT,EWMA,0.11016518158940668,0.14903095078913592
2024-12-09,TLT,EWMA,0.11048593187494005,0.1492109657231159
2024-12-10,TLT,EWMA,0.11086868319705905,0.14751161070338464
2024-12-11,TLT,EWMA,0.10968320367063662,0.14762758424460434
2024-12-12,TLT,EWMA,0.10500743323652936,0.14910747747560996
2024-12-13,TLT,EWMA,0.12348461689434087,0.1492169087554687
2024-12-16,TLT,EWMA,0.12360447345243834,0.147261523267461
2024-12-17,TLT,EWMA,0.12331490757311726,0.14521391561621422
2024-12-18,TLT,EWMA,0.1218514312190003,0.1467324904745786
2024-12-19,TLT,EWMA,0.11062016015241682,0.14975466331378823
2024-12-20,TLT,EWMA,0.11151092334815067,0.1487358256403645
2024-12-23,TLT,EWMA,0.10843218445913856,0.1480624528483343
2024-12-24,TLT,EWMA,0.11551559436049758,0.1465984275245769
2024-12-26,TLT,EWMA,0.11552627197677211,0.14430487675670722
2024-12-27,TLT,EWMA,0.11154780522590095,0.14333812827333842
2024-12-30,TLT,EWMA,0.10874555466345039,0.14354896533097167
2024-12-31,TLT,EWMA,0.10967203367710672,0.14175976940918755
2025-01-02,TLT,EWMA,0.11289894801664345,0.13999151935932952
2025-01-03,TLT,EWMA,0.1123514465588206,0.13789734489555847
2025-01-06,TLT,EWMA,0.12315721416579592,0.13601703364540102
2025-01-07,TLT,EWMA,0.11333699846081767,0.13671667832004794
2025-01-08,TLT,EWMA,0.11762953528277664,0.13481772496588929
2025-01-10,TLT,EWMA,0.11475654369393642,0.13343663269098247
2025-01-13,TLT,EWMA,0.11851653095041956,0.1313935024193005
2025-01-14,TLT,EWMA,0.13037524763540992,0.12932434595515296
2025-01-15,TLT,EWMA,0.1294218139257575,0.13762990974495845
2025-01-16,TLT,EWMA,0.13004002545930857,0.13600169252332425
2025-01-17,TLT,EWMA,0.13822441516427544,0.1340722818991249
2025-01-21,TLT,EWMA,0.134823402738461,0.1347575627385821
2025-01-22,TLT,EWMA,0.1336766582852163,0.13326451102589312
2025-01-23,TLT,EWMA,0.13533206948321247,0.13263000613759815
2025-01-24,TLT,EWMA,0.13502505113997743,0.13141828405467518
2025-01-27,TLT,EWMA,0.14150941749480106,0.13397232358931158
2025-01-28,TLT,EWMA,0.1418155781802046,0.13186468611769636
2025-01-29,TLT,EWMA,0.1449518134583731,0.1298675919711614
2025-01-30,TLT,EWMA,0.14932116309574892,0.12835689795507568
2025-01-31,TLT,EWMA,0.1455918054385977,0.1275312517218522
2025-02-03,TLT,EWMA,0.1539992474327411,0.12780383177182517
2025-02-04,TLT,EWMA,0.15793601282359623,0.1261287874965836
2025-02-05,TLT,EWMA,0.148390320539641,0.13239593616471157
2025-02-06,TLT,EWMA,0.14893356558291646,0.13033034203080687
2025-02-07,TLT,EWMA,0.15076497538740607,0.1296739815904364
2025-02-10,TLT,EWMA,0.15298189214245822,0.12793375753721123
2025-02-11,TLT,EWMA,0.1527125121203732,0.12719432790241256
2025-02-12,TLT,EWMA,0.14476809412637368,0.1307034417058069
2025-02-13,TLT,EWMA,0.13643441056716005,0.1371544333118053
2025-02-14,TLT,EWMA,0.13631024408841086,0.13581287119191712
2025-02-18,TLT,EWMA,0.12763360271366014,0.13775492636962217
2025-02-19,TLT,EWMA,0.1282403616509948,0.13565109602839406
2025-02-20,TLT,EWMA,0.12809394189896864,0.13396791817880055
2025-02-21,TLT,EWMA,0.12465062059372535,0.13610021869954816
2025-02-24,TLT,EWMA,0.13033226784953253,0.13415460579622554
2025-02-25,TLT,EWMA,0.11383418805986034,0.14002325537202795
2025-02-26,TLT,EWMA,0.11278417672669001,0.1385202167898283
2025-02-27,TLT,EWMA,0.11093954244874248,0.13820776933325452
2025-02-28,TLT,EWMA,0.11351947162903318,0.13968689376212512
2025-03-03,TLT,EWMA,0.11837318751129136,0.1378340785601506
2025-03-04,TLT,EWMA,0.11462011759238039,0.14088302703642824
2025-03-05,TLT,EWMA,0.11051629287898418,0.1408337154711391
2025-03-06,TLT,EWMA,0.11038102494679658,0.1390327835638421
2025-03-07,TLT,EWMA,0.11449166028604861,0.13721872276528188
2025-03-10,TLT,EWMA,0.1575586053231603,0.13793191985109976
2025-03-11,TLT,EWMA,0.1695587047938776,0.13748397336875176
2025-03-12,TLT,EWMA,0.17012328241587177,0.13647935689105634
2025-03-13,TLT,EWMA,0.19243878180696594,0.1364301162788743
2025-03-14,TLT,EWMA,0.19391173015353397,0.13523750389550224
2025-03-17,TLT,EWMA,0.19502619453413242,0.13374996731289954
2025-03-18,TLT,EWMA,0.1956768291727773,0.13165309472218703
2025-03-19,TLT,EWMA,0.19585921555524766,0.1302464164397604
2025-03-20,TLT,EWMA,0.19743324370338114,0.12819530970013965
2025-03-21,TLT,EWMA,0.2048361837845756,0.12747812399471334
2025-03-24,TLT,EWMA,0.20454200153776494,0.12895442243591138
2025-03-25,TLT,EWMA,0.20844871424570705,0.12692433657855717
2025-03-26,TLT,EWMA,0.21137752915427754,0.12628681358901256
2025-03-27,TLT,EWMA,0.21285165177148105,0.12453519901119717
2025-03-28,TLT,EWMA,0.20813839088637323,0.12861062064995266
2025-03-31,TLT,EWMA,0.20725938491908868,0.12939613139617143
2025-04-01,TLT,EWMA,0.20623985377565832,0.12935737818943824
2025-04-02,TLT,EWMA,0.2067070641130615,0.12737994547439752
2025-04-03,TLT,EWMA,0.20811707552429512,0.12583864099582415
2025-04-04,TLT,EWMA,0.20266863210806269,0.12695079019932232
2025-04-07,TLT,EWMA,0.17510350029257055,0.15307005468788315
2025-04-08,TLT,EWMA,0.1627361792931484,0.15986458389340596
2025-04-09,TLT,EWMA,0.1657333777323118,0.15832925379580529
2025-04-10,TLT,EWMA,0.13145303348813758,0.17387166455845332
2025-04-11,TLT,EWMA,0.13460460532178178,0.1721016924369536
2025-04-14,TLT,EWMA,0.13239150440809228,0.17086030356829907
2025-04-15,TLT,EWMA,0.13295776569551215,0.1685764548787665
2025-04-16,TLT,EWMA,0.1355836409724821,0.16678890996350967
2025-04-17,TLT,EWMA,0.13297443931115133,0.1658692115246289
2025-04-21,TLT,EWMA,0.11717572821095817,0.1699964194605414
2025-04-22,TLT,EWMA,0.11822176824290577,0.16835919430983184
2025-04-23,TLT,EWMA,0.12606850524010493,0.16831617727263304
2025-04-24,TLT,EWMA,0.12055417500309766,0.1685155345503993
2025-04-25,TLT,EWMA,0.11630637070357946,0.1672047840493532
2025-04-28,TLT,EWMA,0.12641203799717018,0.16550372500998414
2025-04-29,TLT,EWMA,0.12060104387693434,0.16447885203995447
2025-04-30,TLT,EWMA,0.12561413038097158,0.16363260968388885
2025-05-01,TLT,EWMA,0.12544311834800173,0.1617170604411104
2025-05-02,TLT,EWMA,0.12401226499566041,0.1620291143247038
2025-05-05,TLT,EWMA,0.12299130937801594,0.16014871687194904
2025-05-06,TLT,EWMA,0.1367032257379677,0.1579853931163592
2025-05-07,TLT,EWMA,0.1356688259237306,0.1560244124703463
2025-05-08,TLT,EWMA,0.13742209002903005,0.1565756844739658
2025-05-09,TLT,EWMA,0.13733661132365302,0.15421832332097235
2025-05-12,TLT,EWMA,0.1349084456734377,0.15376754008978544
2025-05-13,TLT,EWMA,0.13443664202153208,0.15161984020229488
2025-05-14,TLT,EWMA,0.1377247032917779,0.150091759363844
2025-05-15,TLT,EWMA,0.13994895239617142,0.15024121726775472
2025-05-16,TLT,EWMA,0.1444215826718701,0.14818461340037847
2025-05-19,TLT,EWMA,0.1505258383754104,0.1459839976637314
2025-05-20,TLT,EWMA,0.14780003409511897,0.14481979051839433
2025-05-21,TLT,EWMA,0.132010442700103,0.1495916399523099
2025-05-22,TLT,EWMA,0.13148551431778485,0.148402583672927
2025-05-23,TLT,EWMA,0.13301911798054306,0.14628736681870808
2025-05-27,TLT,EWMA,0.1252126827500624,0.1499223820988775
2025-05-28,TLT,EWMA,0.12411785529243646,0.14791045152201995
2025-05-29,TLT,EWMA,0.12391402967886031,0.14822120943646858
2025-05-30,TLT,EWMA,0.1278790394903457,0.14599164059138647
2025-06-02,TLT,EWMA,0.12153053201492116,0.14582951307767142
2025-06-03,TLT,EWMA,0.12444379799526314,0.14356362069243842
2025-06-04,TLT,EWMA,0.11561807410891173,0.14887130875975568
2025-06-05,TLT,EWMA,0.1210482860247608,0.14654800619190153
2025-06-06,TLT,EWMA,0.11139658817840839,0.14846534638376346
2025-06-09,TLT,EWMA,0.11674049656429475,0.14619706821152786
2025-06-10,TLT,EWMA,0.11573913623218253,0.14475347533885116
2025-06-11,TLT,EWMA,0.12655206675243422,0.14278147772008556
2025-06-12,TLT,EWMA,0.1185912338675449,0.1445294823473657
2025-06-13,TLT,EWMA,0.11628461298473591,0.14485959843495644
2025-06-16,TLT,EWMA,0.11080768450580814,0.14525194350484802
2025-06-17,TLT,EWMA,0.10116968607645818,0.1471873364329789
2025-06-18,TLT,EWMA,0.10110855357875329,0.14495749928425777
2025-06-20,TLT,EWMA,0.10642758290155208,0.14276466311405167
2025-06-23,TLT,EWMA,0.10803856136231692,0.14081919121390213
2025-06-24,TLT,EWMA,0.10627458832423775,0.14004942207933124
2025-06-25,TLT,EWMA,0.10611354988426885,0.1378725913794412
2025-06-26,TLT,EWMA,0.10710398183835668,0.136340987985717
2025-06-27,TLT,EWMA,0.10718441626695366,0.13552759818447446
2025-06-30,TLT,EWMA,0.11845248217459406,0.13603403155538407
2025-07-01,TLT,EWMA,0.11914427767108351,0.13400333071174914
2025-07-02,TLT,EWMA,0.11731445911996524,0.13330352287183478
2025-07-03,TLT,EWMA,0.12519645265358692,0.13278848008584318
2025-07-07,TLT,EWMA,0.11929560108769298,0.13346723325614465
2025-07-08,TLT,EWMA,0.11904948640607349,0.13140098640830009
2025-07-09,TLT,EWMA,0.11685777628717678,0.13266784416548572
2025-07-10,TLT,EWMA,0.11717052199292688,0.13058808636695454
2025-07-11,TLT,EWMA,0.10588987865991424,0.13433531126803555
2025-07-14,TLT,EWMA,0.10523088322408643,0.13231458984984304
2025-07-15,TLT,EWMA,0.10338553160667444,0.13155077594885362
2025-07-16,TLT,EWMA,0.10627326368726167,0.12959580229988926
2025-07-17,TLT,EWMA,0.11095431363879141,0.12755698811689564
2025-07-18,TLT,EWMA,0.11492357310982675,0.12567416660873773
2025-07-21,TLT,EWMA,0.11159053543361978,0.12638094607900544
2025-07-22,TLT,EWMA,0.11142882934839521,0.1255709134707273
2025-07-23,TLT,EWMA,0.10943013686607429,0.1245781403826805
2025-07-24,TLT,EWMA,0.11095182672250863,0.12269920478662012
2025-07-25,TLT,EWMA,0.11178648598562851,0.12209138555091724
2025-07-28,TLT,EWMA,0.10947187374039989,0.12153495982324165
2025-07-29,TLT,EWMA,0.09168246119431753,0.12856524339692438
2025-07-30,TLT,EWMA,0.08985040684674922,0.12746993030143164
2025-07-31,TLT,EWMA,0.09276309430022898,0.1254672505708216
2025-08-01,TLT,EWMA,0.08088322877586131,0.12943428910147894
2025-08-04,TLT,EWMA,0.08321712759472359,0.12753020977898236
2025-08-05,TLT,EWMA,0.0926973305997521,0.12569490455785198
2025-08-06,TLT,EWMA,0.09531151583727873,0.1250550772619781
2025-08-07,TLT,EWMA,0.10936259486871194,0.12324791170911777
2025-08-08,TLT,EWMA,0.11620967127856237,0.12205139694137632
2025-08-11,TLT,EWMA,0.11904942251698088,0.12015013782165666
2025-08-12,TLT,EWMA,0.11763474449892226,0.1192142145326778
2025-08-13,TLT,EWMA,0.11660831362400499,0.1194587139451445
2025-08-14,TLT,EWMA,0.11386450369346786,0.11961143737597249
2025-08-15,TLT,EWMA,0.10879033429582108,0.11949345007896668
2025-08-18,TLT,EWMA,0.10704361248331043,0.1178824096913238
2025-08-19,TLT,EWMA,0.10780748962310192,0.11718518946506322
2025-08-20,TLT,EWMA,0.11661425006455771,0.11549118008972831
2025-08-21,TLT,EWMA,0.1148501314127043,0.11455441759818306
2025-08-22,TLT,EWMA,0.11423219981207133,0.11462048507710991
2025-08-25,TLT,EWMA,0.1149954782243439,0.11314085315272077
2025-08-26,TLT,EWMA,0.11638168558590425,0.11137530111931272
2025-08-27,TLT,EWMA,0.11611002739012424,0.10967561785121296
2025-08-28,TLT,EWMA,0.11482672723779659,0.10945877313814814
2025-08-29,TLT,EWMA,0.11303635232368954,0.10967966222300024
2025-09-02,TLT,EWMA,0.10910634723167287,0.10994811482785609
2025-09-03,TLT,EWMA,0.10410664225532539,0.11256685778372238
2025-09-04,TLT,EWMA,0.10190492901106375,0.11272441891466153
2025-09-05,TLT,EWMA,0.08873925389000309,0.11831961468822386
2025-09-08,TLT,EWMA,0.08033174974646713,0.12147187939092345
2025-09-09,TLT,EWMA,0.08062970527883667,0.12109949488101342
2025-09-10,TLT,EWMA,0.07798387220810127,0.11990808865461473
2025-09-11,TLT,EWMA,0.07378448065185218,0.11901482034377998
2025-09-12,TLT,EWMA,0.09262526922167809,0.11819054238748124
2025-09-15,TLT,EWMA,0.09245280395891464,0.11637621354385635
2025-09-16,TLT,EWMA,0.09280034000402694,0.11457232666604635
2025-09-17,TLT,EWMA,0.09266015887652188,0.11325230953785968
2025-09-18,TLT,EWMA,0.08639696925403391,0.11594951222347584
2025-09-19,TLT,EWMA,0.08621911316188482,0.11436015149653443
2025-09-22,TLT,EWMA,0.08453990149055994,0.11318001220822484
2025-09-23,TLT,EWMA,0.08315972422001103,0.1128346208283097
2025-09-24,TLT,EWMA,0.08074257816109162,0.11177257331191874
2025-09-25,TLT,EWMA,0.08634274085069507,0.11002403599450677
2025-09-26,TLT,EWMA,0.08597297767804797,0.10836749195309324
2025-09-29,TLT,EWMA,0.08272976268344573,0.10877415340570737
2025-09-30,TLT,EWMA,0.0812631461177168,0.10754463718950157
2025-10-01,TLT,EWMA,0.09126196261185371,0.1059886023271601
2025-10-02,TLT,EWMA,0.09406913983918637,0.10450029518733181
2025-10-03,TLT,EWMA,0.09452361612399428,0.10312270011836831
2025-10-06,TLT,EWMA,0.08989401868924796,0.10432378588019056
2025-10-07,TLT,EWMA,0.08817511376700958,0.1037437096004198
2025-10-08,TLT,EWMA,0.09723989264227416,0.10211141698110286
2025-10-09,TLT,EWMA,0.10219125959340948,0.10057585340282856
2025-10-10,TLT,EWMA,0.0844043097007238,0.10796019046086157
2025-10-14,TLT,EWMA,0.08531202784102226,0.10643132045172393
2025-10-15,TLT,EWMA,0.0853149292777988,0.1051572066256383
2025-10-16,TLT,EWMA,0.08500900397523226,0.10506156808512512
2025-10-17,TLT,EWMA,0.08670365764151106,0.10368579345904896
2025-10-20,TLT,EWMA,0.08580589749711204,0.10233351640454029
2025-10-21,TLT,EWMA,0.08284213580253424,0.10124963235793792
2025-10-22,TLT,EWMA,0.08248815141695924,0.09967195298156624
2025-10-23,TLT,EWMA,0.08220845863060929,0.10069692463233541
2025-10-24,TLT,EWMA,0.08332728360928475,0.09912503064512287
2025-10-27,TLT,EWMA,0.08527447997965924,0.09778612541889309
2025-10-28,TLT,EWMA,0.08524317208721571,0.09633918243062344
2025-10-29,TLT,EWMA,0.07952583532619911,0.09990183786627038
2025-10-30,TLT,EWMA,0.07857358740506473,0.10004144790470827
2025-10-31,TLT,EWMA,0.08985038792884005,0.09896469121123803
2025-11-03,TLT,EWMA,0.08958380253122956,0.09775673351588704
2025-11-04,TLT,EWMA,0.0898299628528981,0.09635523664195464
2025-11-05,TLT,EWMA,0.08300882358330716,0.09999763659184596
2025-11-06,TLT,EWMA,0.077314126108801,0.1014782240793826
2025-11-07,TLT,EWMA,0.07770875370516808,0.10011701006618949
2025-11-10,TLT,EWMA,0.07795165867609392,0.09855008285477636
2025-11-12,TLT,EWMA,0.07679347078571336,0.09708986197121727
2025-11-13,TLT,EWMA,0.07876387046774773,0.0984834279070593
2025-11-14,TLT,EWMA,0.07690529003016697,0.09825151943489402
2025-11-17,TLT,EWMA,0.07923057127193017,0.0969771636122255
2025-11-18,TLT,EWMA,0.07924055287810201,0.09545303143429787
2025-11-19,TLT,EWMA,0.08119414283198001,0.09410757243396467
2025-11-20,TLT,EWMA,0.08058844236147202,0.09331197679217068
2025-11-21,TLT,EWMA,0.07961485249230736,0.09222701371831055
2025-11-24,TLT,EWMA,0.07643682422877776,0.0920984173209744
2025-11-25,TLT,EWMA,0.07954990485340828,0.09087066888215849
2025-11-26,TLT,EWMA,0.07743333751968588,0.09015920614751637
2025-11-28,TLT,EWMA,0.07821654061702327,0.08992280484303423
2025-12-01,TLT,EWMA,0.06531976523570449,0.09544439453372812
2025-12-02,TLT,EWMA,0.07066350701451925,0.09395359909732671
2025-12-03,TLT,EWMA,0.06943280888415293,0.09282354471349809
2025-12-04,TLT,EWMA,0.07033986729520791,0.09259718316738252
2025-12-05,TLT,EWMA,0.06887927641144088,0.09198871194866211
2025-12-08,TLT,EWMA,0.07121233389222868,0.090923380518832
2025-12-09,TLT,EWMA,0.07342224114720587,0.08957821436767885
2025-12-10,TLT,EWMA,0.07603282183373411,0.08894156525621764
2025-12-11,TLT,EWMA,0.07661699602153281,0.08759866308763113
2025-12-12,TLT,EWMA,0.06789256576380386,0.0901302839753327
2025-12-15,TLT,EWMA,0.07047841128102127,0.08877732349939395
2025-12-16,TLT,EWMA,0.06824885841962995,0.088954181385235
2025-12-17,TLT,EWMA,0.0716433644158825,0.08756860779148265
2025-12-18,TLT,EWMA,0.08375521680134919,0.08735679808305818
2025-12-19,TLT,EWMA,0.08786042054124468,0.08655018598083077
2025-12-22,TLT,EWMA,0.08889642636410333,0.08534796597433683
2025-12-23,TLT,EWMA,0.08922518622107398,0.08417934804325788
2025-12-24,TLT,EWMA,0.0882372929233335,0.08470624906061847
2025-12-26,TLT,EWMA,0.0903716380675739,0.08384940333055586
2025-12-29,TLT,EWMA,0.08961254621717131,0.0832568867894695
2025-12-30,TLT,EWMA,0.08927223672256449,0.0821996375486034
2025-12-31,TLT,EWMA,0.08684989631646652,0.08381122882193408
2023-12-28,LQD,EWMA,0.07366931661848569,0.10047142159308046
2023-12-29,LQD,EWMA,0.07399992364769244,0.10001370972772859
2024-01-02,LQD,EWMA,0.07054867317155873,0.10111875487448686
2024-01-03,LQD,EWMA,0.07482079190721717,0.1000085240604918
2024-01-04,LQD,EWMA,0.07969535206369664,0.10019289841882133
2024-01-05,LQD,EWMA,0.08634617344885491,0.09941079498887037
2024-01-08,LQD,EWMA,0.0843125485720398,0.09967279949134401
2024-01-09,LQD,EWMA,0.08469300918855156,0.09812440982065841
2024-01-10,LQD,EWMA,0.0864503238775251,0.09679086400221894
2024-01-11,LQD,EWMA,0.0831020062504516,0.09630145228126462
2024-01-12,LQD,EWMA,0.08245328287119284,0.0948314277003246
2024-01-16,LQD,EWMA,0.08380424996239558,0.09852827450946966
2024-01-17,LQD,EWMA,0.0859348972524208,0.09731051024983267
2024-01-18,LQD,EWMA,0.08702022193014589,0.09605606135522834
2024-01-19,LQD,EWMA,0.08765407501928245,0.09454967199205173
2024-01-22,LQD,EWMA,0.08797318593071991,0.09324797569182286
2024-01-23,LQD,EWMA,0.08751299170705308,0.09257869075770828
2024-01-24,LQD,EWMA,0.08760313726094535,0.09138346889978226
2024-01-25,LQD,EWMA,0.08472951620851424,0.09154598158741695
2024-01-26,LQD,EWMA,0.08485450786692336,0.09063204906435839
2024-01-29,LQD,EWMA,0.0831542652148546,0.08975234655022857
2024-01-30,LQD,EWMA,0.08190864736616046,0.08861655290619905
2024-01-31,LQD,EWMA,0.08120658995522609,0.08736385073420407
2024-02-01,LQD,EWMA,0.07906829283976512,0.08810608559192404
2024-02-02,LQD,EWMA,0.07315377480770778,0.09124488817880178
2024-02-05,LQD,EWMA,0.06814903342561253,0.09429961728971344
2024-02-06,LQD,EWMA,0.06574165489156586,0.09394633217945715
2024-02-07,LQD,EWMA,0.065436872162976,0.09297290343850907
2024-02-08,LQD,EWMA,0.062398194911071306,0.09282414287773955
2024-02-09,LQD,EWMA,0.06204987606566898,0.09146470625431283
2024-02-12,LQD,EWMA,0.06349407571604954,0.09002484220704061
2024-02-13,LQD,EWMA,0.047354460819553156,0.09399938973383984
2024-02-14,LQD,EWMA,0.05365565728060998,0.09348191268903078
2024-02-15,LQD,EWMA,0.05222201480947999,0.0925586732971958
2024-02-16,LQD,EWMA,0.05079018909152358,0.09169453233506117
2024-02-20,LQD,EWMA,0.05043845349594632,0.0907286292363417
2024-02-21,LQD,EWMA,0.04966946844474113,0.08959576294301991
2024-02-22,LQD,EWMA,0.04964035953258958,0.08829078930559446
2024-02-23,LQD,EWMA,0.049964438463196446,0.08727250620193827
2024-02-26,LQD,EWMA,0.05022122352319013,0.08639258186835891
2024-02-27,LQD,EWMA,0.049832132855765675,0.08512831133473303
2024-02-28,LQD,EWMA,0.05466827898788347,0.08378816260123302
2024-02-29,LQD,EWMA,0.055027891224815266,0.08250813854702325
2024-03-01,LQD,EWMA,0.06262806850833057,0.08292523274604587
2024-03-04,LQD,EWMA,0.062499514285145996,0.08182515585253375
2024-03-05,LQD,EWMA,0.059165555397217004,0.08187646515989812
2024-03-06,LQD,EWMA,0.05840087747194018,0.08085100571617204
2024-03-07,LQD,EWMA,0.05911010919740317,0.07978823231461984
2024-03-08,LQD,EWMA,0.05866582185125651,0.07857244272760781
2024-03-11,LQD,EWMA,0.06221032062612784,0.07733989906077376
2024-03-12,LQD,EWMA,0.07892158345329557,0.07681620522307059
2024-03-13,LQD,EWMA,0.079006174396767,0.07570441685348073
2024-03-14,LQD,EWMA,0.07618577367353602,0.07755242262190466
2024-03-15,LQD,EWMA,0.08464029236787135,0.07633293023899321
2024-03-18,LQD,EWMA,0.08497509374272597,0.07529093846150445
2024-03-19,LQD,EWMA,0.08709196499461108,0.07452554004315735
2024-03-20,LQD,EWMA,0.08640813654730344,0.07350903070972378
2024-03-21,LQD,EWMA,0.08623569685406385,0.07244168937816292
2024-03-22,LQD,EWMA,0.08561056975621698,0.07185200772786969
2024-03-25,LQD,EWMA,0.08594406713764334,0.07147903369962888
2024-03-26,LQD,EWMA,0.0864183870112678,0.07036603143106233
2024-03-27,LQD,EWMA,0.08087559597119505,0.07173705119592666
2024-03-28,LQD,EWMA,0.08328095539256912,0.07070226398251465
2024-04-01,LQD,EWMA,0.07994985611540431,0.0749294126427558
2024-04-02,LQD,EWMA,0.08160444067596807,0.07387308810706264
2024-04-03,LQD,EWMA,0.08351978312068102,0.07273251151906639
2024-04-04,LQD,EWMA,0.08700668238328677,0.07165245716885546
2024-04-05,LQD,EWMA,0.08986886079604461,0.07159620823511739
2024-04-08,LQD,EWMA,0.09046172378138921,0.07046864102142102
2024-04-09,LQD,EWMA,0.08848343592431557,0.07086105210843287
2024-04-10,LQD,EWMA,0.07182046122999633,0.08044940906863084
2024-04-11,LQD,EWMA,0.07131842191380743,0.07932428255773552
2024-04-12,LQD,EWMA,0.07224235879194492,0.07843416412575421
2024-04-15,LQD,EWMA,0.05835621624453128,0.08279800606245111
2024-04-16,LQD,EWMA,0.056535340016439437,0.0818306927189776
2024-04-17,LQD,EWMA,0.06107229265512013,0.08237091045862006
2024-04-18,LQD,EWMA,0.06078305733102725,0.08117154300229038
2024-04-19,LQD,EWMA,0.06220390955284877,0.08002692494999944
2024-04-22,LQD,EWMA,0.06229710046446226,0.07921827152917937
2024-04-23,LQD,EWMA,0.062293180463093636,0.07820545433707254
2024-04-24,LQD,EWMA,0.06030056460244263,0.07758728154891925
2024-04-25,LQD,EWMA,0.06181344328386583,0.07666883896152794
2024-04-26,LQD,EWMA,0.0613012927477785,0.07644764935289015
2024-04-29,LQD,EWMA,0.06499459095907476,0.07633674892055017
2024-04-30,LQD,EWMA,0.06482934493890523,0.07652030390863779
2024-05-01,LQD,EWMA,0.06663149777604306,0.0764041116060167
2024-05-02,LQD,EWMA,0.06497231849684146,0.07734236405987513
2024-05-03,LQD,EWMA,0.0648420757006588,0.07864706620559538
2024-05-06,LQD,EWMA,0.06545699958569015,0.077775785856603
2024-05-07,LQD,EWMA,0.06615340049888405,0.07655486011105367
2024-05-08,LQD,EWMA,0.06523674329371393,0.07573162159110004
2024-05-09,LQD,EWMA,0.07397511199196397,0.07465329403350274
2024-05-10,LQD,EWMA,0.0733645910096813,0.07406777196265381
2024-05-13,LQD,EWMA,0.07466442230921991,0.07290680757848422
2024-05-14,LQD,EWMA,0.07684298865634497,0.07219510951959092
2024-05-15,LQD,EWMA,0.07230579968093825,0.0750865046813959
2024-05-16,LQD,EWMA,0.07187213606065163,0.07411475960098851
2024-05-17,LQD,EWMA,0.07366413909602272,0.07333148146833139
2024-05-20,LQD,EWMA,0.0749417914590069,0.07220636641962211
2024-05-21,LQD,EWMA,0.07625458385493045,0.07117964408703965
2024-05-22,LQD,EWMA,0.07588473128646213,0.07023595974352541
2024-05-23,LQD,EWMA,0.07352053319886666,0.07032598293726394
2024-05-24,LQD,EWMA,0.07332941268503869,0.06960054273572754
2024-05-28,LQD,EWMA,0.07270084680017597,0.07063274047492638
2024-05-29,LQD,EWMA,0.0690350399349236,0.07110500253850478
2024-05-30,LQD,EWMA,0.07135434327861821,0.07215469139316359
2024-05-31,LQD,EWMA,0.0733188120028266,0.07206246539280128
2024-06-03,LQD,EWMA,0.07272637573717604,0.07335735035168389
2024-06-04,LQD,EWMA,0.07616628987271752,0.07287371104099455
2024-06-05,LQD,EWMA,0.07746857051859918,0.07216801149514628
2024-06-06,LQD,EWMA,0.07740907007456488,0.07111164287069566
2024-06-07,LQD,EWMA,0.06979496173930853,0.07487650475251625
2024-06-10,LQD,EWMA,0.06931372025845803,0.07397175786865762
2024-06-11,LQD,EWMA,0.07009930172244254,0.0737153018349933
2024-06-12,LQD,EWMA,0.06817632765818603,0.07436136942975231
2024-06-13,LQD,EWMA,0.06998451653718009,0.07413987549460659
2024-06-14,LQD,EWMA,0.07267166830109865,0.07297503090873096
2024-06-17,LQD,EWMA,0.07000579265487915,0.07333827981984342
2024-06-18,LQD,EWMA,0.07067309531331631,0.0731148463646943
2024-06-20,LQD,EWMA,0.07093026503443095,0.07277704626126197
2024-06-21,LQD,EWMA,0.07099657988601157,0.07163250908387264
2024-06-24,LQD,EWMA,0.07102460925171804,0.0705222990057489
2024-06-25,LQD,EWMA,0.07446078964091993,0.06945040013542766
2024-06-26,LQD,EWMA,0.07298201526984638,0.07030634838449337
2024-06-27,LQD,EWMA,0.07509724969042972,0.06936015188344433
2024-06-28,LQD,EWMA,0.0705715578835858,0.07079015148427772
2024-07-01,LQD,EWMA,0.065675316964938,0.07168443860698871
2024-07-02,LQD,EWMA,0.06507277910936154,0.07282667853139967
2024-07-03,LQD,EWMA,0.06153264102811722,0.07447637617576397
2024-07-05,LQD,EWMA,0.06737330196188432,0.07453971916351405
2024-07-08,LQD,EWMA,0.0685912460258006,0.07338358866434665
2024-07-09,LQD,EWMA,0.07321620400038299,0.07251631683076668
2024-07-10,LQD,EWMA,0.0755256190636394,0.07159308718670629
2024-07-11,LQD,EWMA,0.07341311417597188,0.07176695500480462
2024-07-12,LQD,EWMA,0.07445224424088435,0.07114808303333546
2024-07-15,LQD,EWMA,0.07123330408935771,0.07213671484094573
2024-07-16,LQD,EWMA,0.0724555977223566,0.07250207191524878
2024-07-17,LQD,EWMA,0.07351446057024569,0.0713628857502661
2024-07-18,LQD,EWMA,0.07242892234842166,0.07159605179746255
2024-07-19,LQD,EWMA,0.07039099596300419,0.07143211817643767
2024-07-22,LQD,EWMA,0.07004157150613327,0.07035563996298111
2024-07-23,LQD,EWMA,0.0695613835756417,0.06931462530791406
2024-07-24,LQD,EWMA,0.06301177548515972,0.07053794692547295
2024-07-25,LQD,EWMA,0.06641509054096423,0.07025769560958713
2024-07-26,LQD,EWMA,0.06655486636644704,0.07070747704651045
2024-07-29,LQD,EWMA,0.06740391838895692,0.06975633948686706
2024-07-30,LQD,EWMA,0.06790619252770812,0.0686653395899225
2024-07-31,LQD,EWMA,0.06712461607756856,0.06917347491533697
2024-08-01,LQD,EWMA,0.06734360656791144,0.06848979571411543
2024-08-02,LQD,EWMA,0.05982806612175272,0.07191882272967703
2024-08-05,LQD,EWMA,0.059616117072979063,0.07146763826887656
2024-08-06,LQD,EWMA,0.05656121115762497,0.07332818982706936
2024-08-07,LQD,EWMA,0.05368833043941968,0.07362826750069938
2024-08-08,LQD,EWMA,0.054051689350149895,0.07246876845733974
2024-08-09,LQD,EWMA,0.052521281739186576,0.07247970608951763
2024-08-12,LQD,EWMA,0.05267545182664227,0.07145325452905374
2024-08-13,LQD,EWMA,0.04862170071964152,0.07247933818144528
2024-08-14,LQD,EWMA,0.04748692649521174,0.07201370389699946
2024-08-15,LQD,EWMA,0.04562676181376084,0.07177244929967705
2024-08-16,LQD,EWMA,0.04662588213790209,0.07088549408174037
2024-08-19,LQD,EWMA,0.04664834134385088,0.06987867364668136
2024-08-20,LQD,EWMA,0.049967108169691375,0.06892669846077727
2024-08-21,LQD,EWMA,0.0497011630915339,0.06792472934474737
2024-08-22,LQD,EWMA,0.04620685106351631,0.06839223348001902
2024-08-23,LQD,EWMA,0.04346830174467288,0.06864033525442159
2024-08-26,LQD,EWMA,0.04298474268698064,0.06786230453218989
2024-08-27,LQD,EWMA,0.04897850984931962,0.06697789386525888
2024-08-28,LQD,EWMA,0.04805107613436134,0.06644345857811233
2024-08-29,LQD,EWMA,0.048558169666083666,0.06577626698786802
2024-08-30,LQD,EWMA,0.04825438798726916,0.06548437551594322
2024-09-03,LQD,EWMA,0.049645009317426325,0.06479202105216353
2024-09-04,LQD,EWMA,0.04702198746590354,0.06556747911096912
2024-09-05,LQD,EWMA,0.05057545651412528,0.06549792627766411
2024-09-06,LQD,EWMA,0.05424644031258908,0.06459393879346385
2024-09-09,LQD,EWMA,0.05616601896996337,0.06367277623641968
2024-09-10,LQD,EWMA,0.055631011569474594,0.06285784708848209
2024-09-11,LQD,EWMA,0.055702117835092956,0.061891808895418676
2024-09-12,LQD,EWMA,0.05571806602293345,0.06111156406123035
2024-09-13,LQD,EWMA,0.053922259751447536,0.06043528234049983
2024-09-16,LQD,EWMA,0.050358477026910715,0.06021221769469646
2024-09-17,LQD,EWMA,0.05453500127085131,0.05933866784860665
2024-09-18,LQD,EWMA,0.05485743908724178,0.06021585180909677
2024-09-19,LQD,EWMA,0.05982818333358981,0.05926789735131697
2024-09-20,LQD,EWMA,0.05945110614456268,0.058334860597067426
2024-09-23,LQD,EWMA,0.06790681553880046,0.057792792650979974
2024-09-24,LQD,EWMA,0.06710810969424236,0.05692568062738786
2024-09-25,LQD,EWMA,0.06550117652502428,0.059165729072849935
2024-09-26,LQD,EWMA,0.06722435288877436,0.05826580241107905
2024-09-27,LQD,EWMA,0.064358435206717,0.058084180016363805
2024-09-30,LQD,EWMA,0.06432509569492387,0.057880657087387155
2024-10-01,LQD,EWMA,0.0608161003901498,0.05811357273027444
2024-10-02,LQD,EWMA,0.060799852119429135,0.05781068774010872
2024-10-03,LQD,EWMA,0.0580845033609087,0.06032473376691335
2024-10-04,LQD,EWMA,0.05812029099914056,0.061632742021762534
2024-10-07,LQD,EWMA,0.06418655042560145,0.06251163653663773
2024-10-08,LQD,EWMA,0.06650642064975942,0.06174324790526126
2024-10-09,LQD,EWMA,0.07504709468946562,0.061069389090767166
2024-10-10,LQD,EWMA,0.08781076292651761,0.06020031941327929
2024-10-11,LQD,EWMA,0.08890073320451174,0.05925666224364521
2024-10-15,LQD,EWMA,0.0919353623548526,0.05982826580083855
2024-10-16,LQD,EWMA,0.09102607243996143,0.05944328561673829
2024-10-17,LQD,EWMA,0.08821409159129986,0.06237897346854181
2024-10-18,LQD,EWMA,0.08837258687924203,0.06149401520131576
2024-10-21,LQD,EWMA,0.08167607884681607,0.06695973206572747
2024-10-22,LQD,EWMA,0.08214592721077547,0.06590752098854767
2024-10-23,LQD,EWMA,0.08171986073861982,0.0654401623769033
2024-10-24,LQD,EWMA,0.0808884357986164,0.0651004160976423
2024-10-25,LQD,EWMA,0.08067023560042985,0.06434160791154017
2024-10-28,LQD,EWMA,0.09219167476121534,0.06334257458377221
2024-10-29,LQD,EWMA,0.09273297860858598,0.06249324665206737
2024-10-30,LQD,EWMA,0.0933148038767745,0.06156876881474825
2024-10-31,LQD,EWMA,0.0949229475624122,0.06077912383222784
2024-11-01,LQD,EWMA,0.09188796281462022,0.06148618674000889
2024-11-04,LQD,EWMA,0.09037556605947464,0.06441874812403424
2024-11-05,LQD,EWMA,0.09040031114760454,0.06495635668447393
2024-11-06,LQD,EWMA,0.08036260789364094,0.07011428237750861
2024-11-07,LQD,EWMA,0.07025365494365018,0.07695140216793402
2024-11-08,LQD,EWMA,0.07038476231618378,0.07638160222107282
2024-11-12,LQD,EWMA,0.06194534108698799,0.07933063884262566
2024-11-13,LQD,EWMA,0.06409049041717887,0.07869497055010836
2024-11-14,LQD,EWMA,0.06780977498933516,0.07745601495038577
2024-11-15,LQD,EWMA,0.06788154080742936,0.07627091968981502
2024-11-18,LQD,EWMA,0.06768837448095599,0.07531584002501787
2024-11-19,LQD,EWMA,0.0811503882910881,0.07442756544214654
2024-11-20,LQD,EWMA,0.08285204109909863,0.07351074373366183
2024-11-21,LQD,EWMA,0.08428420054637709,0.07239982775569775
2024-11-22,LQD,EWMA,0.08466334681370562,0.0713401576118971
2024-11-25,LQD,EWMA,0.07136985132301563,0.07853373854302623
2024-11-26,LQD,EWMA,0.07138329872034666,0.07765976614260897
2024-11-27,LQD,EWMA,0.07041540106194324,0.07708843738691301
2024-11-29,LQD,EWMA,0.06812124426522169,0.07769369374850224
2024-12-02,LQD,EWMA,0.06743660661538406,0.07654484600998465
2024-12-03,LQD,EWMA,0.06716447164048972,0.07613104180001161
2024-12-04,LQD,EWMA,0.06328938005246577,0.0759905096954768
2024-12-05,LQD,EWMA,0.06316427998465143,0.07481788494222598
2024-12-06,LQD,EWMA,0.06212050711812997,0.07382359169547655
2024-12-09,LQD,EWMA,0.06343208086379311,0.07313341867978185
2024-12-10,LQD,EWMA,0.064909006687137,0.07217495442890437
2024-12-11,LQD,EWMA,0.06492727608567356,0.0715344740608635
2024-12-12,LQD,EWMA,0.06444226502047933,0.0722712395274269
2024-12-13,LQD,EWMA,0.07887353561162014,0.0728298902201611
2024-12-16,LQD,EWMA,0.07915749772361787,0.07179548399284905
2024-12-17,LQD,EWMA,0.0793182702264805,0.07066705130506738
2024-12-18,LQD,EWMA,0.06952872178237769,0.0776141594345497
2024-12-19,LQD,EWMA,0.06757309642245522,0.07761835714756199
2024-12-20,LQD,EWMA,0.06634163422964512,0.07745284911828727
2024-12-23,LQD,EWMA,0.06579609831559088,0.07652507656746603
2024-12-24,LQD,EWMA,0.06928527706370678,0.07600868248152269
2024-12-26,LQD,EWMA,0.06953897799275936,0.07491275400880197
2024-12-27,LQD,EWMA,0.06778961031720063,0.07448453154478088
2024-12-30,LQD,EWMA,0.06660629100919023,0.07454082738376888
2024-12-31,LQD,EWMA,0.0670678033246374,0.07360775137682056
2025-01-02,LQD,EWMA,0.06721698460504745,0.07246451930361862
2025-01-03,LQD,EWMA,0.06665133514281306,0.07152039931345776
2025-01-06,LQD,EWMA,0.06923439390115885,0.0706227283454883
2025-01-07,LQD,EWMA,0.06688343121821354,0.07042326140898829
2025-01-08,LQD,EWMA,0.06968830948753202,0.06960722169531641
2025-01-10,LQD,EWMA,0.06517817323339677,0.06999863589734467
2025-01-13,LQD,EWMA,0.06470544567538646,0.06913785293209539
2025-01-14,LQD,EWMA,0.06887597433963626,0.06827247424430882
2025-01-15,LQD,EWMA,0.06121988733911578,0.07591064517430021
2025-01-16,LQD,EWMA,0.06212929514973258,0.07500179414509951
2025-01-17,LQD,EWMA,0.06448579601876754,0.07389029720105056
2025-01-21,LQD,EWMA,0.06143989243236691,0.07465983810513244
2025-01-22,LQD,EWMA,0.06047107413781703,0.07398494448229466
2025-01-23,LQD,EWMA,0.060875352945662514,0.07289918987191213
2025-01-24,LQD,EWMA,0.06107161033757607,0.0720075680498006
2025-01-27,LQD,EWMA,0.06208335796845129,0.07353012346197647
2025-01-28,LQD,EWMA,0.06163060040672808,0.07248635622250446
2025-01-29,LQD,EWMA,0.06391888331977244,0.0714400271528044
2025-01-30,LQD,EWMA,0.06496534331289568,0.07059245749522443
2025-01-31,LQD,EWMA,0.06335226836029749,0.07008718928936124
2025-02-03,LQD,EWMA,0.06542353936811861,0.06913211174832187
2025-02-04,LQD,EWMA,0.06706250482045763,0.06826094220908646
2025-02-05,LQD,EWMA,0.06433944512110074,0.06987408264607824
2025-02-06,LQD,EWMA,0.06422077030517384,0.0690281347553243
2025-02-07,LQD,EWMA,0.06258283745277494,0.06912306427931034
2025-02-10,LQD,EWMA,0.06771952177974774,0.0680369933595262
2025-02-11,LQD,EWMA,0.06814468764388423,0.06727306938838092
2025-02-12,LQD,EWMA,0.065255275932906,0.06791210669147905
2025-02-13,LQD,EWMA,0.05991435524556728,0.07037994749929777
2025-02-14,LQD,EWMA,0.058813776975057006,0.07008200900513707
2025-02-18,LQD,EWMA,0.05691763147162484,0.0700009228549205
2025-02-19,LQD,EWMA,0.05993023166846037,0.06891210960301218
2025-02-20,LQD,EWMA,0.06018209472153505,0.06813697429217194
2025-02-21,LQD,EWMA,0.059616257361667924,0.06771433186319953
2025-02-24,LQD,EWMA,0.061323090452454335,0.06696141127635197
2025-02-25,LQD,EWMA,0.05467420301873114,0.06895919719247566
2025-02-26,LQD,EWMA,0.055532097983920156,0.0680087579731577
2025-02-27,LQD,EWMA,0.05391638489370987,0.06826620821877924
2025-02-28,LQD,EWMA,0.05609264352445808,0.06807713907507681
2025-03-03,LQD,EWMA,0.055248480409394445,0.06738738480115415
2025-03-04,LQD,EWMA,0.05583177213463378,0.06723262749624681
2025-03-05,LQD,EWMA,0.055110436318841174,0.06699133633306434
2025-03-06,LQD,EWMA,0.05369209268211725,0.06667246923491967
2025-03-07,LQD,EWMA,0.05349305700421547,0.06583016892408114
2025-03-10,LQD,EWMA,0.08796986213940652,0.06538800424531944
2025-03-11,LQD,EWMA,0.09577311850663565,0.06716646652706909
2025-03-12,LQD,EWMA,0.11399662291664937,0.06667001311495366
2025-03-13,LQD,EWMA,0.12823461606138015,0.06619138384534322
2025-03-14,LQD,EWMA,0.1282561993434568,0.0651701058175814
2025-03-17,LQD,EWMA,0.1304026404158557,0.06436632773566552
2025-03-18,LQD,EWMA,0.13181056931597268,0.06365499984850148
2025-03-19,LQD,EWMA,0.13083041888417785,0.06459072081789327
2025-03-20,LQD,EWMA,0.130826381157618,0.0637906012317314
2025-03-21,LQD,EWMA,0.13558805906196175,0.0629725932799351
2025-03-24,LQD,EWMA,0.13570531532737548,0.06331177537564697
2025-03-25,LQD,EWMA,0.1368948320940716,0.062359890481006056
2025-03-26,LQD,EWMA,0.1416244544406475,0.06251138385457274
2025-03-27,LQD,EWMA,0.14279990593689185,0.06162696965086994
2025-03-28,LQD,EWMA,0.14142401562083057,0.06290967408888402
2025-03-31,LQD,EWMA,0.1414950057627069,0.062105993088813295
2025-04-01,LQD,EWMA,0.14185556202324456,0.06181865981249595
2025-04-02,LQD,EWMA,0.1419382382440904,0.06108350919114235
2025-04-03,LQD,EWMA,0.1420685790094551,0.06013851408160557
2025-04-04,LQD,EWMA,0.1420833317927855,0.05934023531286168
2025-04-07,LQD,EWMA,0.12334385732572781,0.08077393956076154
2025-04-08,LQD,EWMA,0.11330064470072493,0.08675271600365815
2025-04-09,LQD,EWMA,0.09921802019055635,0.09794175156861801
2025-04-10,LQD,EWMA,0.07589092226072167,0.10742392867124008
2025-04-11,LQD,EWMA,0.07589053716096678,0.10573989221491406
2025-04-14,LQD,EWMA,0.07325243819588326,0.10577977952530615
2025-04-15,LQD,EWMA,0.0735703796917719,0.10535587222724821
2025-04-16,LQD,EWMA,0.07643232379028987,0.10443788439438671
2025-04-17,LQD,EWMA,0.07640403725525846,0.10285685971323356
2025-04-21,LQD,EWMA,0.06400803969737463,0.10551922574383162
2025-04-22,LQD,EWMA,0.06478712065167475,0.10417892467829931
2025-04-23,LQD,EWMA,0.075596092205653,0.1034113558124021
2025-04-24,LQD,EWMA,0.06816851907199449,0.1058479214372665
2025-04-25,LQD,EWMA,0.0649975533217145,0.1051829354769011
2025-04-28,LQD,EWMA,0.07281841384182826,0.10368508422864764
2025-04-29,LQD,EWMA,0.07254031152414817,0.1022024314431669
2025-04-30,LQD,EWMA,0.07279685181917718,0.10158674349974382
2025-05-01,LQD,EWMA,0.072282869282483,0.10052789905513475
2025-05-02,LQD,EWMA,0.07249883574159832,0.09919555843678235
2025-05-05,LQD,EWMA,0.07223332838011158,0.09771428514309315
2025-05-06,LQD,EWMA,0.07613523995676388,0.0963341446586562
2025-05-07,LQD,EWMA,0.07701568443630691,0.09498245041057615
2025-05-08,LQD,EWMA,0.07803414871703876,0.09458191835800243
2025-05-09,LQD,EWMA,0.0785538465852148,0.09309656866182461
2025-05-12,LQD,EWMA,0.07880587473170479,0.09163101084515334
2025-05-13,LQD,EWMA,0.07932361324289869,0.09022384443146472
2025-05-14,LQD,EWMA,0.07797359970880885,0.08990174379218685
2025-05-15,LQD,EWMA,0.07878781586077285,0.09081128879542226
2025-05-16,LQD,EWMA,0.07906576544124835,0.08952764348855019
2025-05-19,LQD,EWMA,0.07976990327934112,0.08811767273792584
2025-05-20,LQD,EWMA,0.07897082461475367,0.08701281944277657
2025-05-21,LQD,EWMA,0.06518425834774841,0.09115124407071035
2025-05-22,LQD,EWMA,0.06383692167804791,0.09098472912858101
2025-05-23,LQD,EWMA,0.06498151639839314,0.08958877307725314
2025-05-27,LQD,EWMA,0.0590041327880759,0.09177224468573772
2025-05-28,LQD,EWMA,0.058408121170390216,0.09060999141585616
2025-05-29,LQD,EWMA,0.057904845982202,0.09002571720314279
2025-05-30,LQD,EWMA,0.05979731895112056,0.08892152078860152
2025-06-02,LQD,EWMA,0.058026598512233,0.08795106938475081
2025-06-03,LQD,EWMA,0.05818593106465121,0.08656943434567578
2025-06-04,LQD,EWMA,0.05484408507175975,0.08744369188894291
2025-06-05,LQD,EWMA,0.058371836763349255,0.08661004737331242
2025-06-06,LQD,EWMA,0.054529565415711904,0.08707062560825737
2025-06-09,LQD,EWMA,0.05684051362784983,0.08607362093104291
2025-06-10,LQD,EWMA,0.056584307455190136,0.08494382353002736
2025-06-11,LQD,EWMA,0.06074622985818905,0.08399227663700273
2025-06-12,LQD,EWMA,0.057496806325126305,0.08392290928517278
2025-06-13,LQD,EWMA,0.054734385786254974,0.08458005952916675
2025-06-16,LQD,EWMA,0.05449080946903274,0.08344929427348409
2025-06-17,LQD,EWMA,0.05382454486478515,0.08261127085262651
2025-06-18,LQD,EWMA,0.05410441257117231,0.081317471925812
2025-06-20,LQD,EWMA,0.05556051001174026,0.08004747308813011
2025-06-23,LQD,EWMA,0.05551034799403179,0.0790068238807214
2025-06-24,LQD,EWMA,0.05356181547584173,0.07865743936069844
2025-06-25,LQD,EWMA,0.05366177418793569,0.07757548647907755
2025-06-26,LQD,EWMA,0.053286135976638595,0.07685539198462388
2025-06-27,LQD,EWMA,0.05346285741965554,0.07590842066164237
2025-06-30,LQD,EWMA,0.0550729185191057,0.07596851907420184
2025-07-01,LQD,EWMA,0.05657741770124314,0.07478529248819714
2025-07-02,LQD,EWMA,0.05659391758618263,0.07365029837788849
2025-07-03,LQD,EWMA,0.06408959480114212,0.07299321531038908
2025-07-07,LQD,EWMA,0.05948864937642771,0.0741375052833187
2025-07-08,LQD,EWMA,0.05785858629465152,0.07352987612667584
2025-07-09,LQD,EWMA,0.05526863705839026,0.07393496212114098
2025-07-10,LQD,EWMA,0.05558330413357765,0.07277454541874911
2025-07-11,LQD,EWMA,0.05173202939790867,0.07390442693674136
2025-07-14,LQD,EWMA,0.051626992980535046,0.07275503075231742
2025-07-15,LQD,EWMA,0.04878965542753239,0.07240468615269792
2025-07-16,LQD,EWMA,0.05095273721722647,0.07138174899821367
2025-07-17,LQD,EWMA,0.053474189445591985,0.07053732981141508
2025-07-18,LQD,EWMA,0.05398325922551812,0.06957355686139821
2025-07-21,LQD,EWMA,0.05356614533074451,0.06920581237453442
2025-07-22,LQD,EWMA,0.053273460041761825,0.06834338221638832
2025-07-23,LQD,EWMA,0.05269515767272874,0.06749974173154741
2025-07-24,LQD,EWMA,0.054585716473338056,0.06663804906602216
2025-07-25,LQD,EWMA,0.05981673153652942,0.0660793828812541
2025-07-28,LQD,EWMA,0.06023342872670327,0.06539252787840516
2025-07-29,LQD,EWMA,0.05610553508759301,0.06667678385943179
2025-07-30,LQD,EWMA,0.05389391554303748,0.06670492487846118
2025-07-31,LQD,EWMA,0.05396890594211635,0.06565537738584122
2025-08-01,LQD,EWMA,0.04671341165971466,0.06875330748120567
2025-08-04,LQD,EWMA,0.04779747799744354,0.06773576174296467
2025-08-05,LQD,EWMA,0.05246320391693759,0.06666904560039223
2025-08-06,LQD,EWMA,0.057602216528211,0.06567477877400832
2025-08-07,LQD,EWMA,0.06115691791344229,0.06480739987150004
2025-08-08,LQD,EWMA,0.059944229806240756,0.06466270658275651
2025-08-11,LQD,EWMA,0.060815673475208346,0.06371219812889761
2025-08-12,LQD,EWMA,0.061217670393320135,0.06271783057691291
2025-08-13,LQD,EWMA,0.06068458607863491,0.06312074547358269
2025-08-14,LQD,EWMA,0.059315691635979446,0.06318792765973594
2025-08-15,LQD,EWMA,0.05899785010642194,0.06240231454596222
2025-08-18,LQD,EWMA,0.058420896880740814,0.061760250632231145
2025-08-19,LQD,EWMA,0.05949673912551127,0.06086759280699373
2025-08-20,LQD,EWMA,0.06058993880661529,0.0599089937639325
2025-08-21,LQD,EWMA,0.05821998926622898,0.060167941685863965
2025-08-22,LQD,EWMA,0.05395930783001455,0.06279798476578685
2025-08-25,LQD,EWMA,0.05257822688466709,0.06244786213399346
2025-08-26,LQD,EWMA,0.05552717990284074,0.061468720522801626
2025-08-27,LQD,EWMA,0.056252400992212535,0.06050141812641376
2025-08-28,LQD,EWMA,0.05621529063923734,0.05962363402872772
2025-08-29,LQD,EWMA,0.05461207223794627,0.059805757098592344
2025-09-02,LQD,EWMA,0.052738568055533765,0.05977039169786407
2025-09-03,LQD,EWMA,0.050791827620295535,0.060921442541131396
2025-09-04,LQD,EWMA,0.04602934177846301,0.06253645608566417
2025-09-05,LQD,EWMA,0.041134471526819885,0.06367951051085485
2025-09-08,LQD,EWMA,0.041242942653666806,0.06312059996576239
2025-09-09,LQD,EWMA,0.041169453047922445,0.06257831395705428
2025-09-10,LQD,EWMA,0.040129775030904036,0.06188070106048059
2025-09-11,LQD,EWMA,0.03667805201246054,0.061799543742078925
2025-09-12,LQD,EWMA,0.037864495827471145,0.06131879310951897
2025-09-15,LQD,EWMA,0.038201761745917794,0.06066455283819674
2025-09-16,LQD,EWMA,0.039914072009936304,0.05993669532137558
2025-09-17,LQD,EWMA,0.03928857717917326,0.059472740857413844
2025-09-18,LQD,EWMA,0.039412749659293436,0.05908845629971925
2025-09-19,LQD,EWMA,0.04010501401132461,0.058318843743700784
2025-09-22,LQD,EWMA,0.03988408686870602,0.05798157680484815
2025-09-23,LQD,EWMA,0.03960384321241327,0.057194238081109725
2025-09-24,LQD,EWMA,0.03568889669869201,0.05778718847430213
2025-09-25,LQD,EWMA,0.035200617149769305,0.05723796101207335
2025-09-26,LQD,EWMA,0.03528564876273057,0.056394254409876665
2025-09-29,LQD,EWMA,0.034231647036416804,0.05607412467661141
2025-09-30,LQD,EWMA,0.03370667581241462,0.05535687917540387
2025-10-01,LQD,EWMA,0.03876009995326232,0.05535170134794208
2025-10-02,LQD,EWMA,0.04335916436070618,0.05455106945500319
2025-10-03,LQD,EWMA,0.045496036853222795,0.053951487444964724
2025-10-06,LQD,EWMA,0.045047901270365946,0.054155069506493674
2025-10-07,LQD,EWMA,0.044773364437498714,0.05344889254305874
2025-10-08,LQD,EWMA,0.04575364953526004,0.05283681235798415
2025-10-09,LQD,EWMA,0.049145920901423994,0.052444412038484677
2025-10-10,LQD,EWMA,0.048642065461531526,0.05205244257869934
2025-10-14,LQD,EWMA,0.04764422994893581,0.05184440032318038
2025-10-15,LQD,EWMA,0.04771374673680612,0.05105030320424949
2025-10-16,LQD,EWMA,0.048986324778321544,0.05066137769421965
2025-10-17,LQD,EWMA,0.04932635383129445,0.05036943936312916
2025-10-20,LQD,EWMA,0.04763504475343292,0.05006508797549289
2025-10-21,LQD,EWMA,0.04772115453485998,0.04929045471321574
2025-10-22,LQD,EWMA,0.04738567820646153,0.048526497669672604
2025-10-23,LQD,EWMA,0.047991938429165645,0.048036131657147214
2025-10-24,LQD,EWMA,0.049624882951185764,0.04738755627989644
2025-10-27,LQD,EWMA,0.0516439818995617,0.046743433987966244
2025-10-28,LQD,EWMA,0.052925463567210514,0.04603012244757699
2025-10-29,LQD,EWMA,0.050610843903655826,0.04855918688454384
2025-10-30,LQD,EWMA,0.04692936588275747,0.05040895852459059
2025-10-31,LQD,EWMA,0.048753256054766554,0.05100958297143029
2025-11-03,LQD,EWMA,0.04755526801066754,0.05079797649608041
2025-11-04,LQD,EWMA,0.04790855045806305,0.05014089246167832
2025-11-05,LQD,EWMA,0.04697099029478033,0.050065188695303124
2025-11-06,LQD,EWMA,0.04365741997032658,0.051436323543934355
2025-11-07,LQD,EWMA,0.04371815838525014,0.050961508174305455
2025-11-10,LQD,EWMA,0.043972937431546615,0.05017795404420083
2025-11-12,LQD,EWMA,0.04495273867411192,0.049474221476762045
2025-11-13,LQD,EWMA,0.046720862331314304,0.05063882328339957
2025-11-14,LQD,EWMA,0.04573795244689514,0.05036004911257207
2025-11-17,LQD,EWMA,0.04630187347690394,0.04962253710344366
2025-11-18,LQD,EWMA,0.04655122530699922,0.04887308424577331
2025-11-19,LQD,EWMA,0.048250144023287214,0.04810854526808463
2025-11-20,LQD,EWMA,0.04922188489728259,0.0475378293998508
2025-11-21,LQD,EWMA,0.04763725990474194,0.04786809898461155
2025-11-24,LQD,EWMA,0.04549787473722826,0.04838269468298528
2025-11-25,LQD,EWMA,0.046601887263305865,0.04818905974378473
2025-11-26,LQD,EWMA,0.04476171717927349,0.04825187726766055
2025-11-28,LQD,EWMA,0.04476512053671402,0.04782021368159941
2025-12-01,LQD,EWMA,0.04048270213557116,0.049600195598068435
2025-12-02,LQD,EWMA,0.0432714716620289,0.048843739958315154
2025-12-03,LQD,EWMA,0.04234434839617297,0.04844936717384401
2025-12-04,LQD,EWMA,0.04327114307025703,0.04799725155604168
2025-12-05,LQD,EWMA,0.04312133091261009,0.047338538971136004
2025-12-08,LQD,EWMA,0.04245514453082366,0.04697244232141067
2025-12-09,LQD,EWMA,0.04348293754402598,0.04636611093587836
2025-12-10,LQD,EWMA,0.042249426415848126,0.047435565701250446
2025-12-11,LQD,EWMA,0.04213615578163063,0.04688613678894021
2025-12-12,LQD,EWMA,0.035984549031494346,0.049190070845401654
2025-12-15,LQD,EWMA,0.03665238186781776,0.048553978490239805
2025-12-16,LQD,EWMA,0.03657274057877749,0.04823896086502662
2025-12-17,LQD,EWMA,0.03804346738024268,0.047571509850014015
2025-12-18,LQD,EWMA,0.04182925712018325,0.04803474116718388
2025-12-19,LQD,EWMA,0.04627703268931525,0.04784626926499778
2025-12-22,LQD,EWMA,0.04663980078565987,0.04709494634896801
2025-12-23,LQD,EWMA,0.046584956345679183,0.04644041080249814
2025-12-24,LQD,EWMA,0.04465921906969126,0.04697126067151662
2025-12-26,LQD,EWMA,0.0448614354371224,0.04623559552960196
2025-12-29,LQD,EWMA,0.04490429598393288,0.04563639846050967
2025-12-30,LQD,EWMA,0.04472276228802037,0.04507144493493283
2025-12-31,LQD,EWMA,0.04201345834137648,0.04600466593968033
2023-12-28,HYG,EWMA,0.05513583017192733,0.06759803747313094
2023-12-29,HYG,EWMA,0.0534237385505941,0.06804288072321026
2024-01-02,HYG,EWMA,0.05298585502531354,0.06811030716133432
2024-01-03,HYG,EWMA,0.05520774196318089,0.06781482479157129
2024-01-04,HYG,EWMA,0.055921564393460646,0.06804088748647459
2024-01-05,HYG,EWMA,0.05898110512609226,0.0669698308993695
2024-01-08,HYG,EWMA,0.057051821986733045,0.0673130577390368
2024-01-09,HYG,EWMA,0.05709298225907495,0.0662825307148442
2024-01-10,HYG,EWMA,0.056848874709442596,0.06529174480498558
2024-01-11,HYG,EWMA,0.056160343635394544,0.06459016008586214
2024-01-12,HYG,EWMA,0.056604689843097085,0.06357315879684035
2024-01-16,HYG,EWMA,0.059415185975343295,0.06578687845085082
2024-01-17,HYG,EWMA,0.05900491874777098,0.0662453328306821
2024-01-18,HYG,EWMA,0.05980626839429142,0.06533459924527366
2024-01-19,HYG,EWMA,0.06067701028501882,0.06437256427338091
2024-01-22,HYG,EWMA,0.06104987771143069,0.06335952739281961
2024-01-23,HYG,EWMA,0.06127908988840912,0.06257038198047124
2024-01-24,HYG,EWMA,0.06342174853438208,0.06166527346467643
2024-01-25,HYG,EWMA,0.057399884440061874,0.06378717125568636
2024-01-26,HYG,EWMA,0.05851244465396992,0.06293426866254667
2024-01-29,HYG,EWMA,0.05813577628483606,0.062072841460845456
2024-01-30,HYG,EWMA,0.057977627016631235,0.06136872926141042
2024-01-31,HYG,EWMA,0.05739335856557417,0.06121099200295049
2024-02-01,HYG,EWMA,0.05520317941381991,0.06191496203693444
2024-02-02,HYG,EWMA,0.05252554607648468,0.06270111286462376
2024-02-05,HYG,EWMA,0.04939361645995093,0.0634434879264767
2024-02-06,HYG,EWMA,0.04855924972765673,0.06307373079875092
2024-02-07,HYG,EWMA,0.04841159681398711,0.062161405794935544
2024-02-08,HYG,EWMA,0.0483000633815104,0.06125881875233256
2024-02-09,HYG,EWMA,0.047928911173166056,0.06044320083514879
2024-02-12,HYG,EWMA,0.04703699496058773,0.05999756598553688
2024-02-13,HYG,EWMA,0.034666021550990675,0.06369201431437518
2024-02-14,HYG,EWMA,0.03815563093488762,0.06351697920426919
2024-02-15,HYG,EWMA,0.03655289122099453,0.06312996458800582
2024-02-16,HYG,EWMA,0.03517953116246371,0.06286868404337145
2024-02-20,HYG,EWMA,0.036943173104339935,0.062066484229150426
2024-02-21,HYG,EWMA,0.03700695723797595,0.06139997555945053
2024-02-22,HYG,EWMA,0.034205937238860486,0.061700390551512004
2024-02-23,HYG,EWMA,0.03468535029060768,0.060730680533609145
2024-02-26,HYG,EWMA,0.03272581219295628,0.06066106471018805
2024-02-27,HYG,EWMA,0.03318595901401393,0.05976275384851094
2024-02-28,HYG,EWMA,0.03719447621854868,0.058839181936704676
2024-02-29,HYG,EWMA,0.03835650949342187,0.05805120167487862
2024-03-01,HYG,EWMA,0.03973227572570928,0.05788072189097367
2024-03-04,HYG,EWMA,0.040249045269113874,0.057010505660023775
2024-03-05,HYG,EWMA,0.040188779579677536,0.0562246688612796
2024-03-06,HYG,EWMA,0.0393627762038939,0.05562001311938299
2024-03-07,HYG,EWMA,0.039234593575831145,0.05477346899158383
2024-03-08,HYG,EWMA,0.04017733845444994,0.053916505561634596
2024-03-11,HYG,EWMA,0.04084338014176685,0.053099145926693965
2024-03-12,HYG,EWMA,0.0515839837677054,0.052274443201435206
2024-03-13,HYG,EWMA,0.051533729761340026,0.051452552323818006
2024-03-14,HYG,EWMA,0.04892904060560676,0.05275135964419774
2024-03-15,HYG,EWMA,0.05274553626016174,0.051995257255663875
2024-03-18,HYG,EWMA,0.0525345314587429,0.05148199123579256
2024-03-19,HYG,EWMA,0.05010522755916072,0.051664420750871055
2024-03-20,HYG,EWMA,0.04800549205260753,0.051466170007485934
2024-03-21,HYG,EWMA,0.04906257633424435,0.050748147523053934
2024-03-22,HYG,EWMA,0.054098344870405754,0.05014245401048226
2024-03-25,HYG,EWMA,0.05638340076505095,0.04968095259442161
2024-03-26,HYG,EWMA,0.05671934282683776,0.04910081847530146
2024-03-27,HYG,EWMA,0.05290579705076131,0.050207859182759745
2024-03-28,HYG,EWMA,0.05431955024531114,0.04999637178491067
2024-04-01,HYG,EWMA,0.05387780889555837,0.050804692386176985
2024-04-02,HYG,EWMA,0.059472749475561804,0.050314704224772695
2024-04-03,HYG,EWMA,0.06267915199789399,0.04954417662890172
2024-04-04,HYG,EWMA,0.06648338664127718,0.048851146643642644
2024-04-05,HYG,EWMA,0.06780523091504406,0.04818750048003588
2024-04-08,HYG,EWMA,0.0674944200022241,0.04780167960697748
2024-04-09,HYG,EWMA,0.0671960982016837,0.047317861408711435
2024-04-10,HYG,EWMA,0.058927821560826134,0.05311838046706876
2024-04-11,HYG,EWMA,0.05867355015934918,0.0523489385189267
2024-04-12,HYG,EWMA,0.05906464548345985,0.051545597024497625
2024-04-15,HYG,EWMA,0.05419721506030372,0.05321532793181305
2024-04-16,HYG,EWMA,0.051920877257232635,0.05308679166415938
2024-04-17,HYG,EWMA,0.054541376852879624,0.052442128304098584
2024-04-18,HYG,EWMA,0.05606875348628334,0.051695670470172664
2024-04-19,HYG,EWMA,0.05613639477967153,0.05120050771290176
2024-04-22,HYG,EWMA,0.053689201951636,0.0527950313210559
2024-04-23,HYG,EWMA,0.05261038905550096,0.05315174168779936
2024-04-24,HYG,EWMA,0.052599140584856936,0.05273255174787914
2024-04-25,HYG,EWMA,0.05379434306420055,0.052255490892155046
2024-04-26,HYG,EWMA,0.05404658989244497,0.05216034875821405
2024-04-29,HYG,EWMA,0.055591457848764556,0.051961993274481484
2024-04-30,HYG,EWMA,0.04962933636349189,0.055263479333913096
2024-05-01,HYG,EWMA,0.04823029267741072,0.05634889866417955
2024-05-02,HYG,EWMA,0.04483598283275744,0.05792762068486574
2024-05-03,HYG,EWMA,0.04374771467812036,0.058007101069445344
2024-05-06,HYG,EWMA,0.04365633931817797,0.05712902910772953
2024-05-07,HYG,EWMA,0.04505796304194841,0.05623713093292113
2024-05-08,HYG,EWMA,0.04461883052643157,0.055894170991040375
2024-05-09,HYG,EWMA,0.04578302455651369,0.055014727777906614
2024-05-10,HYG,EWMA,0.045399088565016864,0.05441275263510151
2024-05-13,HYG,EWMA,0.04549396266517879,0.053578928448052204
2024-05-14,HYG,EWMA,0.04716443263070097,0.05285392837471283
2024-05-15,HYG,EWMA,0.042725284825084364,0.054228496142303406
2024-05-16,HYG,EWMA,0.04426616285202461,0.053951215556290705
2024-05-17,HYG,EWMA,0.044309626998914525,0.05310729974478292
2024-05-20,HYG,EWMA,0.045552262228971,0.05227189807202484
2024-05-21,HYG,EWMA,0.04551560005367409,0.051553818204520235
2024-05-22,HYG,EWMA,0.04466157663289065,0.05124455164830558
2024-05-23,HYG,EWMA,0.04258542892900186,0.05153329906818189
2024-05-24,HYG,EWMA,0.04124958162691174,0.051566471063657346
2024-05-28,HYG,EWMA,0.03907347597457923,0.05214924625326651
2024-05-29,HYG,EWMA,0.03681248697706795,0.052066940639144126
2024-05-30,HYG,EWMA,0.03630818736315033,0.05244312248800433
2024-05-31,HYG,EWMA,0.03445755223104624,0.05244824691985377
2024-06-03,HYG,EWMA,0.03407991763821481,0.05221791817343143
2024-06-04,HYG,EWMA,0.03588042649731402,0.05145375442802829
2024-06-05,HYG,EWMA,0.035611380334182596,0.05128804454077704
2024-06-06,HYG,EWMA,0.03485603119602578,0.05082026497123263
2024-06-07,HYG,EWMA,0.03352808889996933,0.05069171601248602
2024-06-10,HYG,EWMA,0.03410559472354738,0.04992573974560895
2024-06-11,HYG,EWMA,0.035668725455037395,0.04922048158833524
2024-06-12,HYG,EWMA,0.03424170220053019,0.04952780281728209
2024-06-13,HYG,EWMA,0.03417550182257488,0.04877283132976601
2024-06-14,HYG,EWMA,0.0314104518082624,0.049475008883789834
2024-06-17,HYG,EWMA,0.03235398985312182,0.04870664811084112
2024-06-18,HYG,EWMA,0.032995211424166185,0.048576524315748465
2024-06-20,HYG,EWMA,0.03306486275697859,0.04789669711509261
2024-06-21,HYG,EWMA,0.03473259663371435,0.04719708204822277
2024-06-24,HYG,EWMA,0.03414599591610689,0.046618663415976605
2024-06-25,HYG,EWMA,0.03703748579844913,0.0459628123006462
2024-06-26,HYG,EWMA,0.0355449617266133,0.045795865090928575
2024-06-27,HYG,EWMA,0.03655670636266548,0.04514196551110087
2024-06-28,HYG,EWMA,0.035051092760705935,0.04509379357914834
2024-07-01,HYG,EWMA,0.034831574380032634,0.04439871437082176
2024-07-02,HYG,EWMA,0.03550701098538445,0.04426183362067102
2024-07-03,HYG,EWMA,0.03600710065477732,0.04447630111251678
2024-07-05,HYG,EWMA,0.037769017977192176,0.044364889001044044
2024-07-08,HYG,EWMA,0.0444980443160513,0.04371296378877918
2024-07-09,HYG,EWMA,0.04598327710679824,0.04325690052513849
2024-07-10,HYG,EWMA,0.04578451559174044,0.042913655965837516
2024-07-11,HYG,EWMA,0.046292246592773575,0.043139320520033865
2024-07-12,HYG,EWMA,0.045593223579375126,0.04282887861093274
2024-07-15,HYG,EWMA,0.045610692173933425,0.04217629486745463
2024-07-16,HYG,EWMA,0.046474121179849975,0.04247977023427992
2024-07-17,HYG,EWMA,0.04641152771253348,0.04212774978746296
2024-07-18,HYG,EWMA,0.04546346537527452,0.042136540408813324
2024-07-19,HYG,EWMA,0.046027120873772275,0.04163778778226089
2024-07-22,HYG,EWMA,0.04486958367150581,0.04193508104313448
2024-07-23,HYG,EWMA,0.045186535929659835,0.04129723968585706
2024-07-24,HYG,EWMA,0.04312563845125481,0.04200279789661645
2024-07-25,HYG,EWMA,0.04374811465766228,0.04135318568281424
2024-07-26,HYG,EWMA,0.045829312256220896,0.0414029893483265
2024-07-29,HYG,EWMA,0.046600191735968674,0.04095121876220677
2024-07-30,HYG,EWMA,0.04658858898377227,0.040306277725820766
2024-07-31,HYG,EWMA,0.04574499441794503,0.040574975195264956
2024-08-01,HYG,EWMA,0.044444379027532926,0.0406894585279179
2024-08-02,HYG,EWMA,0.041706517648430946,0.041466857620578584
2024-08-05,HYG,EWMA,0.03632599390048233,0.044756659851949744
2024-08-06,HYG,EWMA,0.03626190553835723,0.04514940692150099
2024-08-07,HYG,EWMA,0.03704500437059446,0.044669044740167016
2024-08-08,HYG,EWMA,0.03643934162793516,0.04519213365566825
2024-08-09,HYG,EWMA,0.03652491349544585,0.04451197955706029
2024-08-12,HYG,EWMA,0.03802791728376532,0.0438140283813561
2024-08-13,HYG,EWMA,0.035626832794057796,0.044640043367424165
2024-08-14,HYG,EWMA,0.03551222288337886,0.044062710012398844
2024-08-15,HYG,EWMA,0.036190805109342555,0.04337497121056943
2024-08-16,HYG,EWMA,0.035707567018964465,0.04327390448730851
2024-08-19,HYG,EWMA,0.03564519301117089,0.04267148384293821
2024-08-20,HYG,EWMA,0.035087473682453,0.04224423431734686
2024-08-21,HYG,EWMA,0.03555724350033074,0.04181259021651578
2024-08-22,HYG,EWMA,0.03461698681888094,0.041532058204512244
2024-08-23,HYG,EWMA,0.03219069401554142,0.04285692077865418
2024-08-26,HYG,EWMA,0.03066786308262202,0.04291748129835598
2024-08-27,HYG,EWMA,0.03141383995872354,0.04224258353354115
2024-08-28,HYG,EWMA,0.03123513147903739,0.041719669255631926
2024-08-29,HYG,EWMA,0.031798384363314953,0.041071993276503176
2024-08-30,HYG,EWMA,0.032222864821297756,0.0404571393121251
2024-09-03,HYG,EWMA,0.02828407039559114,0.04153123950936507
2024-09-04,HYG,EWMA,0.02657078665437059,0.041793452612815536
2024-09-05,HYG,EWMA,0.027017319659575916,0.04184789263422908
2024-09-06,HYG,EWMA,0.02690505388738766,0.041563358003005556
2024-09-09,HYG,EWMA,0.030910861766434955,0.04118916278612083
2024-09-10,HYG,EWMA,0.030808016676158893,0.04119213582019013
2024-09-11,HYG,EWMA,0.030731730569237694,0.04061534148165385
2024-09-12,HYG,EWMA,0.030582854950545066,0.04002492084995862
2024-09-13,HYG,EWMA,0.030449071211637344,0.03981404318585682
2024-09-16,HYG,EWMA,0.029245698665956995,0.039488032974188174
2024-09-17,HYG,EWMA,0.029266919906599177,0.03889793211706329
2024-09-18,HYG,EWMA,0.029748125026043067,0.03828595341648094
2024-09-19,HYG,EWMA,0.028235057505773493,0.038176811090538956
2024-09-20,HYG,EWMA,0.029225847965551256,0.03759032212182643
2024-09-23,HYG,EWMA,0.03187919883201622,0.03778310425052607
2024-09-24,HYG,EWMA,0.03215508653315104,0.037234809168139836
2024-09-25,HYG,EWMA,0.03354063050418832,0.03702727997602791
2024-09-26,HYG,EWMA,0.034807960296848996,0.0365318480636457
2024-09-27,HYG,EWMA,0.03332611902280498,0.036284830409973254
2024-09-30,HYG,EWMA,0.034898292272919615,0.035971307673136076
2024-10-01,HYG,EWMA,0.03493441052930655,0.03557533734184794
2024-10-02,HYG,EWMA,0.035318938447693224,0.03505295960144448
2024-10-03,HYG,EWMA,0.03564956780999055,0.03554609576823887
2024-10-04,HYG,EWMA,0.03555309211247608,0.03531477923916488
2024-10-07,HYG,EWMA,0.03383578550616129,0.03726138145666373
2024-10-08,HYG,EWMA,0.034215621012778696,0.03709607212747376
2024-10-09,HYG,EWMA,0.034605595955232014,0.036636145154011354
2024-10-10,HYG,EWMA,0.037356195891113546,0.03615081610274866
2024-10-11,HYG,EWMA,0.03673381807785098,0.036129648499516484
2024-10-15,HYG,EWMA,0.040173227400907105,0.035615963987280966
2024-10-16,HYG,EWMA,0.039714233314977324,0.03524674821227107
2024-10-17,HYG,EWMA,0.040107452069598065,0.03512988080911943
2024-10-18,HYG,EWMA,0.039120515350343506,0.035007063481641267
2024-10-21,HYG,EWMA,0.036844837578013,0.036660740987588626
2024-10-22,HYG,EWMA,0.03663923490783488,0.03640131040291708
2024-10-23,HYG,EWMA,0.03452629952623256,0.036996873695715415
2024-10-24,HYG,EWMA,0.03330982114550965,0.037193686671537454
2024-10-25,HYG,EWMA,0.03300897398287407,0.036779694688816915
2024-10-28,HYG,EWMA,0.03434955213865848,0.03675902280968993
2024-10-29,HYG,EWMA,0.035329353598467485,0.03618034204724815
2024-10-30,HYG,EWMA,0.03562504570538698,0.0360693440602041
2024-10-31,HYG,EWMA,0.03364289716884145,0.036476102514887435
2024-11-01,HYG,EWMA,0.03380350635394333,0.03590225119432852
2024-11-04,HYG,EWMA,0.03306160544749274,0.036100795130258184
2024-11-05,HYG,EWMA,0.03274963845097229,0.03624160630667791
2024-11-06,HYG,EWMA,0.03288233021130555,0.03590391797443358
2024-11-07,HYG,EWMA,0.03007456452475393,0.03699509171906201
2024-11-08,HYG,EWMA,0.03021290728106897,0.03655599830354185
2024-11-12,HYG,EWMA,0.025039261419655876,0.038124168014626966
2024-11-13,HYG,EWMA,0.027616659650462134,0.03752501514407596
2024-11-14,HYG,EWMA,0.028629557599596386,0.03758557970764316
2024-11-15,HYG,EWMA,0.029089085679777884,0.037011027998767466
2024-11-18,HYG,EWMA,0.02991693991334441,0.03670723050861153
2024-11-19,HYG,EWMA,0.04751544275357105,0.03628117762902866
2024-11-20,HYG,EWMA,0.04757132096738917,0.035749920601184426
2024-11-21,HYG,EWMA,0.053096348208624265,0.035187069140573644
2024-11-22,HYG,EWMA,0.05387737130339989,0.034671850662550255
2024-11-25,HYG,EWMA,0.053342560159913274,0.03544933807478952
2024-11-26,HYG,EWMA,0.05386035232015404,0.03547865956769482
2024-11-27,HYG,EWMA,0.05388719576507703,0.03569276578523526
2024-11-29,HYG,EWMA,0.053579713970654384,0.035398945766110475
2024-12-02,HYG,EWMA,0.05358756821539619,0.0349220316623669
2024-12-03,HYG,EWMA,0.054487220165024886,0.03439599001183914
2024-12-04,HYG,EWMA,0.054018357828941384,0.0342807478752839
2024-12-05,HYG,EWMA,0.05445674760258253,0.033960299100456705
2024-12-06,HYG,EWMA,0.05510668866626719,0.03358243675716805
2024-12-09,HYG,EWMA,0.05532112668916067,0.03341175936532573
2024-12-10,HYG,EWMA,0.05789836655407896,0.032885923625998806
2024-12-11,HYG,EWMA,0.05783127369381201,0.032372632539029486
2024-12-12,HYG,EWMA,0.05760011956913335,0.03308483258741106
2024-12-13,HYG,EWMA,0.06520129879843431,0.03378477440484853
2024-12-16,HYG,EWMA,0.06499587419036168,0.03356729141573691
2024-12-17,HYG,EWMA,0.06446638671925799,0.033724437015961256
2024-12-18,HYG,EWMA,0.05118668426035504,0.04429937036262288
2024-12-19,HYG,EWMA,0.05138499892737991,0.043675297167280705
2024-12-20,HYG,EWMA,0.04742863650516063,0.04653156510589241
2024-12-23,HYG,EWMA,0.04574842496029781,0.046426852071328184
2024-12-24,HYG,EWMA,0.04492519995945476,0.046562980402381646
2024-12-26,HYG,EWMA,0.04457602735991625,0.04634188735749478
2024-12-27,HYG,EWMA,0.04225892841541734,0.04668911856469552
2024-12-30,HYG,EWMA,0.04239160162968835,0.04610991953376735
2024-12-31,HYG,EWMA,0.04342982509542388,0.04538740740532683
2025-01-02,HYG,EWMA,0.04343875852084742,0.045144594307351786
2025-01-03,HYG,EWMA,0.04432579953845277,0.04459799816408764
2025-01-06,HYG,EWMA,0.04474095896552519,0.044115950609715356
2025-01-07,HYG,EWMA,0.043089853644743166,0.044520794443158915
2025-01-08,HYG,EWMA,0.045126358205829026,0.043934195707720676
2025-01-10,HYG,EWMA,0.04003726984215903,0.04575596423515182
2025-01-13,HYG,EWMA,0.040084433566322755,0.045040789831938946
2025-01-14,HYG,EWMA,0.04140584981813746,0.044475388196449826
2025-01-15,HYG,EWMA,0.03219593683379383,0.05004350027394748
2025-01-16,HYG,EWMA,0.03219444109306338,0.0493099824690196
2025-01-17,HYG,EWMA,0.03249267478778255,0.04855790394495812
2025-01-21,HYG,EWMA,0.031418090444868395,0.04821834066122695
2025-01-22,HYG,EWMA,0.030815251833816816,0.04772222546751489
2025-01-23,HYG,EWMA,0.03162967402464075,0.04703688802728768
2025-01-24,HYG,EWMA,0.03168066435345681,0.04634205358334535
2025-01-27,HYG,EWMA,0.032661973759726445,0.0456220902167171
2025-01-28,HYG,EWMA,0.03276256990274139,0.04495854097153202
2025-01-29,HYG,EWMA,0.03357200084299718,0.04434216569312394
2025-01-30,HYG,EWMA,0.03423657550804442,0.04384706971732788
2025-01-31,HYG,EWMA,0.034310068911138164,0.04367816514789646
2025-02-03,HYG,EWMA,0.033823874470804635,0.043219753809549774
2025-02-04,HYG,EWMA,0.03227665584770261,0.043279220315959696
2025-02-05,HYG,EWMA,0.03409983954483536,0.043060399916411626
2025-02-06,HYG,EWMA,0.03410542328823154,0.0427297989321475
2025-02-07,HYG,EWMA,0.03498396297373908,0.04319092462616592
2025-02-10,HYG,EWMA,0.036496391556114,0.042785549753913014
2025-02-11,HYG,EWMA,0.03677857734427489,0.04215775028825934
2025-02-12,HYG,EWMA,0.04110375605463594,0.04205028518749635
2025-02-13,HYG,EWMA,0.04117454825903845,0.043082993398655685
2025-02-14,HYG,EWMA,0.041988773174310094,0.04245773980677903
2025-02-18,HYG,EWMA,0.04229883681803275,0.04193786134447585
2025-02-19,HYG,EWMA,0.048672399204304106,0.04129263028956601
2025-02-20,HYG,EWMA,0.04887743119653692,0.04064897537696901
2025-02-21,HYG,EWMA,0.048712302733699614,0.04049715590891485
2025-02-24,HYG,EWMA,0.04963171546465942,0.03994785196985043
2025-02-25,HYG,EWMA,0.04879650506934301,0.039782113275402674
2025-02-26,HYG,EWMA,0.05037657556354419,0.03924995675860655
2025-02-27,HYG,EWMA,0.050385689353882435,0.039160683797838575
2025-02-28,HYG,EWMA,0.04920857090103455,0.039115347647654286
2025-03-03,HYG,EWMA,0.0492532105871748,0.03913078116406459
2025-03-04,HYG,EWMA,0.05021395622670697,0.03853754916068125
2025-03-05,HYG,EWMA,0.05083510831443042,0.037933393471507156
2025-03-06,HYG,EWMA,0.06605138998225629,0.03905676506462901
2025-03-07,HYG,EWMA,0.08125908809658403,0.03864540813225575
2025-03-10,HYG,EWMA,0.08483038262608567,0.03966674278165679
2025-03-11,HYG,EWMA,0.08521755055352777,0.040361223448714866
2025-03-12,HYG,EWMA,0.1314834086433746,0.039848359886909046
2025-03-13,HYG,EWMA,0.14227712964840336,0.04224829298892256
2025-03-14,HYG,EWMA,0.1415596401678197,0.04359173102831136
2025-03-17,HYG,EWMA,0.1426809530224986,0.043414925086781714
2025-03-18,HYG,EWMA,0.14325060248264768,0.04304710724191626
2025-03-19,HYG,EWMA,0.14064325914755446,0.0461025019187004
2025-03-20,HYG,EWMA,0.14275949649466965,0.04560251309459315
2025-03-21,HYG,EWMA,0.14392711841416542,0.04513491212808312
2025-03-24,HYG,EWMA,0.1443159312050923,0.04508396645994755
2025-03-25,HYG,EWMA,0.14585155799564106,0.04442031531101773
2025-03-26,HYG,EWMA,0.14909143319527982,0.04528690608019737
2025-03-27,HYG,EWMA,0.14895009648900348,0.0449092277217841
2025-03-28,HYG,EWMA,0.14878216825102852,0.04448001376813024
2025-03-31,HYG,EWMA,0.149000694707873,0.043904427937836076
2025-04-01,HYG,EWMA,0.15011309812380952,0.043695466402957954
2025-04-02,HYG,EWMA,0.1499994968795027,0.04335509278127502
2025-04-03,HYG,EWMA,0.14292591101377303,0.05529530694030081
2025-04-04,HYG,EWMA,0.131577846451317,0.06708380556534824
2025-04-07,HYG,EWMA,0.12649763139518666,0.06961619677706932
2025-04-08,HYG,EWMA,0.12430224692997596,0.069269824639529
2025-04-09,HYG,EWMA,0.08459399067949776,0.10256030549122465
2025-04-10,HYG,EWMA,0.055208611690083696,0.11062077721061352
2025-04-11,HYG,EWMA,0.06249200936651421,0.10937068434065052
2025-04-14,HYG,EWMA,0.061461947715164014,0.10874912695043311
2025-04-15,HYG,EWMA,0.06424043868663047,0.10739518503469692
2025-04-16,HYG,EWMA,0.06398662508410427,0.10570532935976286
2025-04-17,HYG,EWMA,0.06197446453077087,0.10543086151148445
2025-04-21,HYG,EWMA,0.056301975300057615,0.10501844624716068
2025-04-22,HYG,EWMA,0.05607781244487959,0.1040203407773706
2025-04-23,HYG,EWMA,0.061141661179134804,0.10339964272495385
2025-04-24,HYG,EWMA,0.05332910696269927,0.10478207205945327
2025-04-25,HYG,EWMA,0.05335199987385981,0.10314684820621331
2025-04-28,HYG,EWMA,0.057055958075026815,0.10152441514075035
2025-04-29,HYG,EWMA,0.056710370547605415,0.10014437873893878
2025-04-30,HYG,EWMA,0.05244967367746258,0.09983134684549952
2025-05-01,HYG,EWMA,0.05242154674374884,0.09830768545874399
2025-05-02,HYG,EWMA,0.051829859039359286,0.09708310007679753
2025-05-05,HYG,EWMA,0.051862270659289646,0.09557325734844753
2025-05-06,HYG,EWMA,0.051685228543490176,0.09411328910670806
2025-05-07,HYG,EWMA,0.052792583504707204,0.09264832501986137
2025-05-08,HYG,EWMA,0.052762514729536844,0.09120091847474188
2025-05-09,HYG,EWMA,0.05276817107290914,0.08977092130915577
2025-05-12,HYG,EWMA,0.04092330974958144,0.09232348158570784
2025-05-13,HYG,EWMA,0.040632706048855875,0.09093055581550108
2025-05-14,HYG,EWMA,0.03797739870712589,0.09028078269725319
2025-05-15,HYG,EWMA,0.03956056116420589,0.0889470736821126
2025-05-16,HYG,EWMA,0.03994134671933157,0.08756319165963682
2025-05-19,HYG,EWMA,0.04017084895261762,0.08623262445988453
2025-05-20,HYG,EWMA,0.04029314041678856,0.08492075610785939
2025-05-21,HYG,EWMA,0.0315878272868468,0.08593611615988685
2025-05-22,HYG,EWMA,0.031518548570595356,0.08472805081512455
2025-05-23,HYG,EWMA,0.03191864327715398,0.0834080055796889
2025-05-27,HYG,EWMA,0.025959701273092422,0.08365514091578691
2025-05-28,HYG,EWMA,0.026564174555111997,0.08239408451701284
2025-05-29,HYG,EWMA,0.026869348288959358,0.08115215339695092
2025-05-30,HYG,EWMA,0.029025478955035336,0.07988245776215988
2025-06-02,HYG,EWMA,0.02980725550733543,0.07864550160670197
2025-06-03,HYG,EWMA,0.02979668446325289,0.0775099795970502
2025-06-04,HYG,EWMA,0.029552184245553826,0.07638695755050899
2025-06-05,HYG,EWMA,0.03142373437949008,0.07555517931232908
2025-06-06,HYG,EWMA,0.03217859645852367,0.07438325400201434
2025-06-09,HYG,EWMA,0.033000497127365094,0.0732119891327342
2025-06-10,HYG,EWMA,0.03299909956889582,0.07226257102045927
2025-06-11,HYG,EWMA,0.03353037640072987,0.07115577000058036
2025-06-12,HYG,EWMA,0.033471654042436336,0.07005844012868767
2025-06-13,HYG,EWMA,0.033445469850475175,0.06964889532293524
2025-06-16,HYG,EWMA,0.03387057187013728,0.0687005428145125
2025-06-17,HYG,EWMA,0.033286204382508074,0.06776075952671413
2025-06-18,HYG,EWMA,0.03324409576479722,0.06676592331315027
2025-06-20,HYG,EWMA,0.03207783409545305,0.06614586566894151
2025-06-23,HYG,EWMA,0.03200822149357715,0.06521484508461424
2025-06-24,HYG,EWMA,0.030964756321092923,0.0644772509573156
2025-06-25,HYG,EWMA,0.03146543138651241,0.06350843865171418
2025-06-26,HYG,EWMA,0.03012842351249855,0.06282645186244748
2025-06-27,HYG,EWMA,0.03012815530577536,0.061922133091348426
2025-06-30,HYG,EWMA,0.027114877264311655,0.06160263881708457
2025-07-01,HYG,EWMA,0.027860590027484523,0.06088546459808026
2025-07-02,HYG,EWMA,0.027152753690888865,0.06001952182355416
2025-07-03,HYG,EWMA,0.027065052672875803,0.05907474927791015
2025-07-07,HYG,EWMA,0.026482558576025987,0.05923839931579786
2025-07-08,HYG,EWMA,0.025904537076895513,0.05855819091932229
2025-07-09,HYG,EWMA,0.02449927354706708,0.05796936907706809
2025-07-10,HYG,EWMA,0.024498697595960767,0.05722664575876252
2025-07-11,HYG,EWMA,0.02382160142169325,0.056544327858916464
2025-07-14,HYG,EWMA,0.023812076037018105,0.05565881711887819
2025-07-15,HYG,EWMA,0.02120512184819634,0.055637556811562426
2025-07-16,HYG,EWMA,0.02118235466971212,0.05511726634446672
2025-07-17,HYG,EWMA,0.023957173816511048,0.054270693540993155
2025-07-18,HYG,EWMA,0.02372737404264631,0.0534752220372946
2025-07-21,HYG,EWMA,0.023748501032125766,0.05268924544438409
2025-07-22,HYG,EWMA,0.023164873952467708,0.05197009393879812
2025-07-23,HYG,EWMA,0.02321154808435284,0.05115193185164011
2025-07-24,HYG,EWMA,0.02380292055505541,0.050595604830645236
2025-07-25,HYG,EWMA,0.036994388961719075,0.04979986453088565
2025-07-28,HYG,EWMA,0.03787602731901543,0.04909515393023358
2025-07-29,HYG,EWMA,0.03842565481650885,0.04832366021361024
2025-07-30,HYG,EWMA,0.03724647750620555,0.0481078339655351
2025-07-31,HYG,EWMA,0.03725047986195771,0.04735427514411208
2025-08-01,HYG,EWMA,0.03825102910545971,0.046619025500424204
2025-08-04,HYG,EWMA,0.0371413059917462,0.04662677044004383
2025-08-05,HYG,EWMA,0.037953913834498657,0.04597455464416388
2025-08-06,HYG,EWMA,0.03875009299905739,0.04527548714638596
2025-08-07,HYG,EWMA,0.03830796170777456,0.04475018669147028
2025-08-08,HYG,EWMA,0.03833308746763721,0.04405349070043229
2025-08-11,HYG,EWMA,0.03878124411209721,0.04337532940490106
2025-08-12,HYG,EWMA,0.038294230833446796,0.042997183109439105
2025-08-13,HYG,EWMA,0.03819726183088249,0.042739714745474534
2025-08-14,HYG,EWMA,0.03685563942731492,0.04296445214437902
2025-08-15,HYG,EWMA,0.03771471522582923,0.04229687037852035
2025-08-18,HYG,EWMA,0.03771136620366753,0.04176182715297761
2025-08-19,HYG,EWMA,0.03804420199630254,0.04114433341467402
2025-08-20,HYG,EWMA,0.03822929303759611,0.04055116938662135
2025-08-21,HYG,EWMA,0.03697612818282039,0.04039206517783612
2025-08-22,HYG,EWMA,0.025465441789530415,0.04527611588588972
2025-08-25,HYG,EWMA,0.024192252619319315,0.045109709454443314
2025-08-26,HYG,EWMA,0.024315435241390397,0.044672909077490705
2025-08-27,HYG,EWMA,0.026667671557291606,0.044015683295499465
2025-08-28,HYG,EWMA,0.027388197156502432,0.04332261878357682
2025-08-29,HYG,EWMA,0.026625350815438976,0.04315440228253654
2025-09-02,HYG,EWMA,0.02619497706626016,0.04269041546699474
2025-09-03,HYG,EWMA,0.025381066001980524,0.042513250080512516
2025-09-04,HYG,EWMA,0.024046723958818617,0.04230738593780802
2025-09-05,HYG,EWMA,0.02454314852515938,0.041641392559124434
2025-09-08,HYG,EWMA,0.024529893863663107,0.04101421084227347
2025-09-09,HYG,EWMA,0.024529973045864805,0.0406278174354509
2025-09-10,HYG,EWMA,0.025178684903059356,0.039994562533911364
2025-09-11,HYG,EWMA,0.025669894820398186,0.03974930064787426
2025-09-12,HYG,EWMA,0.03266064711904911,0.03935740508622173
2025-09-15,HYG,EWMA,0.03877102276327044,0.03927865178964601
2025-09-16,HYG,EWMA,0.03900263335479785,0.038833292426124016
2025-09-17,HYG,EWMA,0.04060549175154311,0.03845588090770947
2025-09-18,HYG,EWMA,0.04177353243055314,0.038155668881605306
2025-09-19,HYG,EWMA,0.042922658794268015,0.03755783006026242
2025-09-22,HYG,EWMA,0.043466586329983646,0.03697059072118467
2025-09-23,HYG,EWMA,0.043706611706319884,0.03656268822328084
2025-09-24,HYG,EWMA,0.043584228724430636,0.03635650818446646
2025-09-25,HYG,EWMA,0.04300003112426859,0.03693301447459987
2025-09-26,HYG,EWMA,0.04348454196692297,0.03663466373422269
2025-09-29,HYG,EWMA,0.043897204145235555,0.036247913497101616
2025-09-30,HYG,EWMA,0.04407054853797283,0.03574722062864316
2025-10-01,HYG,EWMA,0.04513918421602749,0.03541728898440586
2025-10-02,HYG,EWMA,0.04560310944536127,0.0349352571329462
2025-10-03,HYG,EWMA,0.04543981450845392,0.034652054606496015
2025-10-06,HYG,EWMA,0.04672187435787505,0.0341083551496078
2025-10-07,HYG,EWMA,0.046604795071617446,0.033826803902653975
2025-10-08,HYG,EWMA,0.04648041583057865,0.033676260216381745
2025-10-09,HYG,EWMA,0.045252275104348816,0.0342720137263531
2025-10-10,HYG,EWMA,0.03929919823332293,0.037688687982618894
2025-10-14,HYG,EWMA,0.03478839771264889,0.03722854029040256
2025-10-15,HYG,EWMA,0.033981160398807546,0.037710132764078474
2025-10-16,HYG,EWMA,0.03475496438083101,0.03853278025791871
2025-10-17,HYG,EWMA,0.0334498869108101,0.03860985080392717
2025-10-20,HYG,EWMA,0.032981761452115205,0.038365360661032834
2025-10-21,HYG,EWMA,0.0326844576065501,0.03803332648711234
2025-10-22,HYG,EWMA,0.032603554969298204,0.03755647241127243
2025-10-23,HYG,EWMA,0.03148335060503829,0.037454051899959075
2025-10-24,HYG,EWMA,0.03235644550255338,0.03756161762750408
2025-10-27,HYG,EWMA,0.032662378825078664,0.03749860161071486
2025-10-28,HYG,EWMA,0.03493808540338599,0.037075876468393956
2025-10-29,HYG,EWMA,0.033031055940907224,0.037647716299651246
2025-10-30,HYG,EWMA,0.0320805074209843,0.03746756503564015
2025-10-31,HYG,EWMA,0.03298109569558911,0.03687807992915114
2025-11-03,HYG,EWMA,0.030845691410875075,0.037366431815414415
2025-11-04,HYG,EWMA,0.030828807732205192,0.03678037415516816
2025-11-05,HYG,EWMA,0.03079496842800666,0.03631229653428835
2025-11-06,HYG,EWMA,0.03085268419130399,0.03575478785701416
2025-11-07,HYG,EWMA,0.0326130029026019,0.03527128542315883
2025-11-10,HYG,EWMA,0.03100556155313397,0.035916653420713325
2025-11-12,HYG,EWMA,0.03185514048424278,0.03584772582271822
2025-11-13,HYG,EWMA,0.028509690087494977,0.03716227485598448
2025-11-14,HYG,EWMA,0.028498719795894117,0.036586293692735514
2025-11-17,HYG,EWMA,0.02740130289117856,0.03627932680546381
2025-11-18,HYG,EWMA,0.02814494481179783,0.035720272379733596
2025-11-19,HYG,EWMA,0.02922190879131977,0.035194212841135955
2025-11-20,HYG,EWMA,0.029147352143458607,0.03467572257843471
2025-11-21,HYG,EWMA,0.027331687011508378,0.035448954282283084
2025-11-24,HYG,EWMA,0.026063975213738256,0.03569261419107828
2025-11-25,HYG,EWMA,0.024111563358111526,0.03634934577619603
2025-11-26,HYG,EWMA,0.024146366627829922,0.035840723938098784
2025-11-28,HYG,EWMA,0.024134010905789822,0.03528310162481661
2025-12-01,HYG,EWMA,0.02300309954601387,0.03519459975810093
2025-12-02,HYG,EWMA,0.022802447784554623,0.03495251075361566
2025-12-03,HYG,EWMA,0.022705175853518184,0.034446347940773295
2025-12-04,HYG,EWMA,0.02417704959244345,0.03393051350129885
2025-12-05,HYG,EWMA,0.02414999100320802,0.03340493752088556
2025-12-08,HYG,EWMA,0.0219014309836935,0.03375639771023179
2025-12-09,HYG,EWMA,0.021127009763763478,0.03342101323941946
2025-12-10,HYG,EWMA,0.018363089778586885,0.03408707995088294
2025-12-11,HYG,EWMA,0.018258444581769187,0.033565592828736786
2025-12-12,HYG,EWMA,0.016240890438725383,0.03354515805119089
2025-12-15,HYG,EWMA,0.01634860934232036,0.03302982837956455
2025-12-16,HYG,EWMA,0.01643732884018915,0.03253332757969098
2025-12-17,HYG,EWMA,0.015142808158188319,0.03226714309342105
2025-12-18,HYG,EWMA,0.016754203665407415,0.032563420024838564
2025-12-19,HYG,EWMA,0.01894355978508707,0.032111407021596726
2025-12-22,HYG,EWMA,0.01891249019291395,0.03166045040622365
2025-12-23,HYG,EWMA,0.01917709919356682,0.031195781729558305
2025-12-24,HYG,EWMA,0.018394681832566737,0.031035037987600975
2025-12-26,HYG,EWMA,0.01821834104268087,0.030624603246863953
2025-12-29,HYG,EWMA,0.019494019971619217,0.03014375566117672
2025-12-30,HYG,EWMA,0.019335225594065326,0.029737219039073077
2025-12-31,HYG,EWMA,0.019057538822815877,0.029486136854769647
2023-12-28,GLD,EWMA,0.09529490958322409,0.13522354427969294
2023-12-29,GLD,EWMA,0.0955648149286664,0.13329642080131174
2024-01-02,GLD,EWMA,0.09536060845615033,0.13152712259447105
2024-01-03,GLD,EWMA,0.09822898486955683,0.13199522885605386
2024-01-04,GLD,EWMA,0.10417741010062406,0.12992145620923104
2024-01-05,GLD,EWMA,0.10586921794876747,0.12788140967978884
2024-01-08,GLD,EWMA,0.10393402458661453,0.1280419906228857
2024-01-09,GLD,EWMA,0.10394439273057121,0.12602545812192492
2024-01-10,GLD,EWMA,0.10362810718928485,0.12425487137153891
2024-01-11,GLD,EWMA,0.10439757947076465,0.12239220809511626
2024-01-12,GLD,EWMA,0.09800385777571405,0.12330200049936357
2024-01-16,GLD,EWMA,0.10423062152195943,0.12459393447370543
2024-01-17,GLD,EWMA,0.09706079104905314,0.1266423238684786
2024-01-18,GLD,EWMA,0.09543611027163518,0.12675912065661127
2024-01-19,GLD,EWMA,0.09578656994875474,0.12500633998335117
2024-01-22,GLD,EWMA,0.09755277987174817,0.12355468133262419
2024-01-23,GLD,EWMA,0.09650257280435338,0.12205567065216108
2024-01-24,GLD,EWMA,0.0915655775059799,0.12246494059225362
2024-01-25,GLD,EWMA,0.0926372217991274,0.1210415209314515
2024-01-26,GLD,EWMA,0.09303561470972455,0.11915673294667686
2024-01-29,GLD,EWMA,0.08966100979980905,0.11886173838157492
2024-01-30,GLD,EWMA,0.0897665161714341,0.11702771570445239
2024-01-31,GLD,EWMA,0.0915867722199968,0.11522429041767826
2024-02-01,GLD,EWMA,0.10735858203559664,0.11680254840486794
2024-02-02,GLD,EWMA,0.11345892440190367,0.11836619539615342
2024-02-05,GLD,EWMA,0.11076316428999458,0.11762957505160876
2024-02-06,GLD,EWMA,0.11221968865171796,0.11664015569112256
2024-02-07,GLD,EWMA,0.11215208337711885,0.11481333516393764
2024-02-08,GLD,EWMA,0.11278777880471938,0.11305193010364896
2024-02-09,GLD,EWMA,0.10966546708319252,0.11185920625814694
2024-02-12,GLD,EWMA,0.11965280449741207,0.11035696504670972
2024-02-13,GLD,EWMA,0.1015039583149541,0.115308102194292
2024-02-14,GLD,EWMA,0.1045622609567505,0.11349319330161345
2024-02-15,GLD,EWMA,0.10722114645713371,0.11345373350142239
2024-02-16,GLD,EWMA,0.10746682908804306,0.11218218079516747
2024-02-20,GLD,EWMA,0.10827828373854333,0.11172531260705695
2024-02-21,GLD,EWMA,0.11178485829303587,0.10996586483769187
2024-02-22,GLD,EWMA,0.11248596697009544,0.10823762652674697
2024-02-23,GLD,EWMA,0.11963144141244611,0.10763461081143527
2024-02-26,GLD,EWMA,0.11801539536960674,0.10617162639351956
2024-02-27,GLD,EWMA,0.11689484547682012,0.10455987123882642
2024-02-28,GLD,EWMA,0.11742953096929899,0.10301369942224957
2024-02-29,GLD,EWMA,0.12170034978325653,0.10231005267798865
2024-03-01,GLD,EWMA,0.11144990544426803,0.11292694779947421
2024-03-04,GLD,EWMA,0.10951617625292734,0.1188287384588455
2024-03-05,GLD,EWMA,0.11071439366599052,0.11765026912306742
2024-03-06,GLD,EWMA,0.11437843850993565,0.11725343571448217
2024-03-07,GLD,EWMA,0.1243464082089002,0.11591529928339395
2024-03-08,GLD,EWMA,0.12347087918673381,0.11552618591399731
2024-03-11,GLD,EWMA,0.12347607775568034,0.11370914969237952
2024-03-12,GLD,EWMA,0.12120709869295537,0.11770355609152194
2024-03-13,GLD,EWMA,0.13273422029691137,0.11678668289102997
2024-03-14,GLD,EWMA,0.14408188266805633,0.11616709819240877
2024-03-15,GLD,EWMA,0.15028092167321772,0.11513464041738165
2024-03-18,GLD,EWMA,0.15040262291169468,0.11332169120998686
2024-03-19,GLD,EWMA,0.15536072576057575,0.11178251054818952
2024-03-20,GLD,EWMA,0.1531027148497752,0.11377963780211495
2024-03-21,GLD,EWMA,0.15188491925119563,0.11225692891645535
2024-03-22,GLD,EWMA,0.17984564533479236,0.11375341409853533
2024-03-25,GLD,EWMA,0.18115608592028204,0.11207762713504309
2024-03-26,GLD,EWMA,0.18211056141336285,0.11042769664855741
2024-03-27,GLD,EWMA,0.18178795870096237,0.10985735015494419
2024-03-28,GLD,EWMA,0.17811161245390067,0.11250612931279523
2024-04-01,GLD,EWMA,0.17648407597695073,0.11303742402475316
2024-04-02,GLD,EWMA,0.18625449018124407,0.1164965263492328
2024-04-03,GLD,EWMA,0.18643109150563292,0.1159083602860641
2024-04-04,GLD,EWMA,0.18553325593165204,0.1165609609600933
2024-04-05,GLD,EWMA,0.17487456047770705,0.12153129127071186
2024-04-08,GLD,EWMA,0.1776719614329625,0.11994700317003558
2024-04-09,GLD,EWMA,0.17692874775951742,0.11824146773638008
2024-04-10,GLD,EWMA,0.17415657751804559,0.12163218553271057
2024-04-11,GLD,EWMA,0.16915786763081828,0.12818154865647968
2024-04-12,GLD,EWMA,0.1648968541957832,0.13439645943929943
2024-04-15,GLD,EWMA,0.15509106403746506,0.13936592693475688
2024-04-16,GLD,EWMA,0.15857430445563805,0.13729083250406388
2024-04-17,GLD,EWMA,0.16337203605475056,0.13832099718626903
2024-04-18,GLD,EWMA,0.16358438446086393,0.1361504240803412
2024-04-19,GLD,EWMA,0.17346461057845136,0.13400766082813378
2024-04-22,GLD,EWMA,0.1448852268683582,0.15310150677987497
2024-04-23,GLD,EWMA,0.14451880038447498,0.1512096416471828
2024-04-24,GLD,EWMA,0.1616863393908962,0.14919536101538033
2024-04-25,GLD,EWMA,0.17741498064479785,0.14730353164002602
2024-04-26,GLD,EWMA,0.17703711678760253,0.1450308421019303
2024-04-29,GLD,EWMA,0.18079857127602175,0.14317679638014846
2024-04-30,GLD,EWMA,0.16810201055529514,0.15361795179552817
2024-05-01,GLD,EWMA,0.16547594853811687,0.15278321370692713
2024-05-02,GLD,EWMA,0.1666041086324078,0.1508927202284537
2024-05-03,GLD,EWMA,0.16912076656514913,0.1486251952524917
2024-05-06,GLD,EWMA,0.16878489031864574,0.1485498607717598
2024-05-07,GLD,EWMA,0.17280179821155955,0.14718775351809157
2024-05-08,GLD,EWMA,0.17368267203580764,0.14534685628222782
2024-05-09,GLD,EWMA,0.2109423781468751,0.14864991420814685
2024-05-10,GLD,EWMA,0.21158797248571082,0.14741612398151066
2024-05-13,GLD,EWMA,0.20859042532174416,0.1495883181054582
2024-05-14,GLD,EWMA,0.20631252105601203,0.14852779700524218
2024-05-15,GLD,EWMA,0.20142319590731764,0.14944327244274203
2024-05-16,GLD,EWMA,0.2078324387680854,0.14799340268645578
2024-05-17,GLD,EWMA,0.19781137419565514,0.1512150384342139
2024-05-20,GLD,EWMA,0.19780461482835654,0.14891596664509335
2024-05-21,GLD,EWMA,0.20438320889200412,0.146944644514626
2024-05-22,GLD,EWMA,0.2013599578986911,0.15571082912202194
2024-05-23,GLD,EWMA,0.1891243959700729,0.16471043955392836
2024-05-24,GLD,EWMA,0.1898907696163,0.16211655324522015
2024-05-28,GLD,EWMA,0.18794774322718574,0.1617893236254518
2024-05-29,GLD,EWMA,0.1904769133082322,0.161902497671156
2024-05-30,GLD,EWMA,0.19031242167738904,0.15938056951048868
2024-05-31,GLD,EWMA,0.18942910887413264,0.15798867834501945
2024-06-03,GLD,EWMA,0.1865475380033046,0.1571801648863368
2024-06-04,GLD,EWMA,0.1879431347370636,0.1571518625990142
2024-06-05,GLD,EWMA,0.18930129657571743,0.15777880916929096
2024-06-06,GLD,EWMA,0.19311475434428083,0.1563194030502291
2024-06-07,GLD,EWMA,0.13837332340909486,0.18590767931638308
2024-06-10,GLD,EWMA,0.13577396483852094,0.18474599784962437
2024-06-11,GLD,EWMA,0.14749847744385877,0.1819797282831618
2024-06-12,GLD,EWMA,0.14778865955178094,0.17922995414642584
2024-06-13,GLD,EWMA,0.14291548543789523,0.17802346546971684
2024-06-14,GLD,EWMA,0.15134562166070237,0.1787697785974202
2024-06-17,GLD,EWMA,0.15096972308205495,0.17668041474145804
2024-06-18,GLD,EWMA,0.15440130958006668,0.17419244000147197
2024-06-20,GLD,EWMA,0.16558246743676722,0.1746375642229574
2024-06-21,GLD,EWMA,0.15386326611038312,0.17789411046252276
2024-06-24,GLD,EWMA,0.15378248096084124,0.1753815645365013
2024-06-25,GLD,EWMA,0.15304007021118282,0.17327830657975107
2024-06-26,GLD,EWMA,0.16073907492319175,0.17260914534488978
2024-06-27,GLD,EWMA,0.1601116314522779,0.17277612430653486
2024-06-28,GLD,EWMA,0.16034910428647262,0.17005637738625087
2024-07-01,GLD,EWMA,0.16327418374300223,0.16749809764882345
2024-07-02,GLD,EWMA,0.17308709075735312,0.16486477137590583
2024-07-03,GLD,EWMA,0.17109796095198976,0.16504494413043472
2024-07-05,GLD,EWMA,0.16582770614814593,0.166235338740679
2024-07-08,GLD,EWMA,0.16614687179218768,0.167939439786175
2024-07-09,GLD,EWMA,0.16914786179917224,0.16531812116257508
2024-07-10,GLD,EWMA,0.16877092953045952,0.16291895849113391
2024-07-11,GLD,EWMA,0.1661656074487226,0.1670074166285785
2024-07-12,GLD,EWMA,0.16632912759978788,0.16446832005956571
2024-07-15,GLD,EWMA,0.17639786178298467,0.16196863595908045
2024-07-16,GLD,EWMA,0.16203666652429377,0.16744022603364253
2024-07-17,GLD,EWMA,0.16384460300977258,0.16581428030470122
2024-07-18,GLD,EWMA,0.16256980352936082,0.16475718058879085
2024-07-19,GLD,EWMA,0.1650603661824982,0.17105818747800225
2024-07-22,GLD,EWMA,0.16551134395746414,0.1683705905848281
2024-07-23,GLD,EWMA,0.16552871549051032,0.1658873226064313
2024-07-24,GLD,EWMA,0.16471623837146698,0.16373806619565479
2024-07-25,GLD,EWMA,0.15976344847603624,0.1676103077452353
2024-07-26,GLD,EWMA,0.1604723111569598,0.16740856620220318
2024-07-29,GLD,EWMA,0.15980986312472098,0.16486432382832314
2024-07-30,GLD,EWMA,0.15754030407709885,0.16437512014441816
2024-07-31,GLD,EWMA,0.1495748710665663,0.16867878755739565
2024-08-01,GLD,EWMA,0.14919850705830612,0.1665574943483761
2024-08-02,GLD,EWMA,0.15195351421227093,0.16416140089562312
2024-08-05,GLD,EWMA,0.14434665140247915,0.16612653809306663
2024-08-06,GLD,EWMA,0.13978592375113919,0.16529302535332813
2024-08-07,GLD,EWMA,0.14099654842894668,0.16271715552568855
2024-08-08,GLD,EWMA,0.13651917925157275,0.1656576753087644
2024-08-09,GLD,EWMA,0.13682816009606874,0.163111041531805
2024-08-12,GLD,EWMA,0.12472374385390259,0.1666946259412031
2024-08-13,GLD,EWMA,0.1247390802602291,0.1642707676160411
2024-08-14,GLD,EWMA,0.13281475185707153,0.1638262615131366
2024-08-15,GLD,EWMA,0.13559074763461468,0.16135562186364544
2024-08-16,GLD,EWMA,0.11422010077715149,0.16930722710916213
2024-08-19,GLD,EWMA,0.11642737487408222,0.1669038511846727
2024-08-20,GLD,EWMA,0.12023050964577932,0.1643737803594772
2024-08-21,GLD,EWMA,0.1308054133833865,0.1620031378756166
2024-08-22,GLD,EWMA,0.12618252002685218,0.16390968351392687
2024-08-23,GLD,EWMA,0.1218650019591966,0.1638690306168455
2024-08-26,GLD,EWMA,0.12867194544485414,0.161357567071091
2024-08-27,GLD,EWMA,0.1295190825308736,0.15884941687222276
2024-08-28,GLD,EWMA,0.12462351658616841,0.15818194646988115
2024-08-29,GLD,EWMA,0.13043550979109356,0.15606103103266852
2024-08-30,GLD,EWMA,0.13133577116010584,0.15544877716868377
2024-09-03,GLD,EWMA,0.13163490626741095,0.1537625702722837
2024-09-04,GLD,EWMA,0.13174906675882372,0.15134463674266332
2024-09-05,GLD,EWMA,0.13099806224031293,0.15035000902204687
2024-09-06,GLD,EWMA,0.12674898611220553,0.14992184226887645
2024-09-09,GLD,EWMA,0.12866512500811905,0.147840172193081
2024-09-10,GLD,EWMA,0.1332637319101569,0.1458120063376612
2024-09-11,GLD,EWMA,0.13535858806241735,0.14371712717562765
2024-09-12,GLD,EWMA,0.12425771063659104,0.14860625944545705
2024-09-13,GLD,EWMA,0.125175848675199,0.14809234868756596
2024-09-16,GLD,EWMA,0.1255394201835672,0.14585707305823273
2024-09-17,GLD,EWMA,0.12304738889299219,0.1449968283608366
2024-09-18,GLD,EWMA,0.1181911057470584,0.14503277617996344
2024-09-19,GLD,EWMA,0.10878059453888717,0.14810220860226905
2024-09-20,GLD,EWMA,0.10630405734891869,0.1489175673035966
2024-09-23,GLD,EWMA,0.10654725858206725,0.14657249989439702
2024-09-24,GLD,EWMA,0.10229576330743971,0.1479838624954005
2024-09-25,GLD,EWMA,0.1129600687046684,0.1460336301177093
2024-09-26,GLD,EWMA,0.11455110487986653,0.14394376695983824
2024-09-27,GLD,EWMA,0.10936079154367015,0.14457049786696508
2024-09-30,GLD,EWMA,0.10346228043525933,0.14503383985435087
2024-10-01,GLD,EWMA,0.10389941394016813,0.14479264906044503
2024-10-02,GLD,EWMA,0.10432093034440931,0.14260039592892534
2024-10-03,GLD,EWMA,0.12204538124689555,0.14054684835321982
2024-10-04,GLD,EWMA,0.12309907146476554,0.13875082674008438
2024-10-07,GLD,EWMA,0.12173838729279832,0.1373127273879633
2024-10-08,GLD,EWMA,0.11684799709181985,0.13744481850503082
2024-10-09,GLD,EWMA,0.16419079874029285,0.13658471794077282
2024-10-10,GLD,EWMA,0.17133048100360299,0.13554615688677712
2024-10-11,GLD,EWMA,0.16984165328908696,0.1360453040173053
2024-10-15,GLD,EWMA,0.19186257274031793,0.13400470843341925
2024-10-16,GLD,EWMA,0.19289012897194988,0.13222276711173328
2024-10-17,GLD,EWMA,0.19059992568351491,0.13067026698515785
2024-10-18,GLD,EWMA,0.18440822199082588,0.13086429362216484
2024-10-21,GLD,EWMA,0.19998555554015476,0.12896945361951503
2024-10-22,GLD,EWMA,0.19854848972230793,0.12920357703177437
2024-10-23,GLD,EWMA,0.19670452239165134,0.13339968218118137
2024-10-24,GLD,EWMA,0.19710309859728528,0.13227715933396386
2024-10-25,GLD,EWMA,0.20308624247906754,0.13019393800549203
2024-10-28,GLD,EWMA,0.2279446450897847,0.1282688611302093
2024-10-29,GLD,EWMA,0.22334269369226287,0.1286169627869832
2024-10-30,GLD,EWMA,0.22206281480851184,0.12690509982720222
2024-10-31,GLD,EWMA,0.22014286081254925,0.13459002448336327
2024-11-01,GLD,EWMA,0.22147812455886018,0.13349738427303703
2024-11-04,GLD,EWMA,0.22160173482849116,0.13139629350011167
2024-11-05,GLD,EWMA,0.22180690496853933,0.12933840965747212
2024-11-06,GLD,EWMA,0.19500165009878717,0.15620139821252732
2024-11-07,GLD,EWMA,0.18507487403485073,0.15954299379278994
2024-11-08,GLD,EWMA,0.1880164025983524,0.1585661795587835
2024-11-12,GLD,EWMA,0.17058047537995186,0.15831149347793189
2024-11-13,GLD,EWMA,0.1757543043426006,0.15864176435018434
2024-11-14,GLD,EWMA,0.1822244340363367,0.15634451434181393
2024-11-15,GLD,EWMA,0.1818285373920636,0.153975067499206
2024-11-18,GLD,EWMA,0.17100955593721173,0.1602942958897513
2024-11-19,GLD,EWMA,0.18186907151199816,0.1594319431471543
2024-11-20,GLD,EWMA,0.18050217212832897,0.15746250809037798
2024-11-21,GLD,EWMA,0.1820700247655238,0.1562838482877563
2024-11-22,GLD,EWMA,0.17501705492337033,0.15712374122049994
2024-11-25,GLD,EWMA,0.14028972275142457,0.17787450186192835
2024-11-26,GLD,EWMA,0.14228148210005945,0.17510833638569348
2024-11-27,GLD,EWMA,0.1440830282003019,0.1724014898710805
2024-11-29,GLD,EWMA,0.14032250214874797,0.1710793871367305
2024-12-02,GLD,EWMA,0.13940549564198873,0.17058128375618006
2024-12-03,GLD,EWMA,0.14761721320535973,0.16793442556302385
2024-12-04,GLD,EWMA,0.15001657741866806,0.16541229888504988
2024-12-05,GLD,EWMA,0.14767586792414056,0.16441499291973877
2024-12-06,GLD,EWMA,0.14898720801763188,0.16182643813870962
2024-12-09,GLD,EWMA,0.14595846640945714,0.16137828514816246
2024-12-10,GLD,EWMA,0.14225586672395196,0.1624499942792275
2024-12-11,GLD,EWMA,0.14169598796770771,0.1615391060216795
2024-12-12,GLD,EWMA,0.13356402940492068,0.16531008149414422
2024-12-13,GLD,EWMA,0.12800664207946547,0.16676838058266055
2024-12-16,GLD,EWMA,0.1296683306533404,0.16422266501818625
2024-12-17,GLD,EWMA,0.13052588457086572,0.16211409561240045
2024-12-18,GLD,EWMA,0.11573968274743034,0.16886391356840075
2024-12-19,GLD,EWMA,0.1158927960102723,0.16626115350505105
2024-12-20,GLD,EWMA,0.1134724002957182,0.16621902141522404
2024-12-23,GLD,EWMA,0.1109607030730083,0.1641823005570626
2024-12-24,GLD,EWMA,0.12076863670835769,0.1616838912409887
2024-12-26,GLD,EWMA,0.1218621209299904,0.1601907876177583
2024-12-27,GLD,EWMA,0.11922140128251485,0.15895189176473976
2024-12-30,GLD,EWMA,0.12492400721708863,0.15672072531413067
2024-12-31,GLD,EWMA,0.12460592580976147,0.15521442372919653
2025-01-02,GLD,EWMA,0.11897050473370015,0.15718403973115164
2025-01-03,GLD,EWMA,0.11421217783107986,0.15651722830566484
2025-01-06,GLD,EWMA,0.11294171489604149,0.1541160610553653
2025-01-07,GLD,EWMA,0.11528857672914519,0.15240694437408034
2025-01-08,GLD,EWMA,0.11532350378256492,0.15060714816153334
2025-01-10,GLD,EWMA,0.12297088785269754,0.15028569020181418
2025-01-13,GLD,EWMA,0.11527837393164173,0.1510031598254054
2025-01-14,GLD,EWMA,0.11574773955624056,0.14919313912729654
2025-01-15,GLD,EWMA,0.11697276476252479,0.14804170617266765
2025-01-16,GLD,EWMA,0.1345730676151819,0.14665407370943612
2025-01-17,GLD,EWMA,0.13873500693400853,0.14544991041857133
2025-01-21,GLD,EWMA,0.13264402795124816,0.14871274560278525
2025-01-22,GLD,EWMA,0.13285034908160806,0.1467454164542874
2025-01-23,GLD,EWMA,0.1326368781934663,0.14465854489044166
2025-01-24,GLD,EWMA,0.13242886572298163,0.14300979318697993
2025-01-27,GLD,EWMA,0.1365772990060189,0.14466538798062586
2025-01-28,GLD,EWMA,0.1350168807810297,0.1438932315301754
2025-01-29,GLD,EWMA,0.14791966954140645,0.14237706674838513
2025-01-30,GLD,EWMA,0.14238987929623345,0.14530791431745924
2025-01-31,GLD,EWMA,0.14872765037970048,0.1430221099149058
2025-02-03,GLD,EWMA,0.15031151263035905,0.14113633838325546
2025-02-04,GLD,EWMA,0.14727738512376956,0.14069447963866463
2025-02-05,GLD,EWMA,0.14779264829050756,0.13896091031628924
2025-02-06,GLD,EWMA,0.14724467432536464,0.1374290974771207
2025-02-07,GLD,EWMA,0.15116929479031138,0.13526627486423382
2025-02-10,GLD,EWMA,0.1447442084141096,0.1393575608212294
2025-02-11,GLD,EWMA,0.14473884685240573,0.13822002162989663
2025-02-12,GLD,EWMA,0.15691257249041377,0.1360864246884675
2025-02-13,GLD,EWMA,0.15372240411003443,0.13559325113943657
2025-02-14,GLD,EWMA,0.14239184029329666,0.1420360314443026
2025-02-18,GLD,EWMA,0.13679798471246593,0.1455071280724333
2025-02-19,GLD,EWMA,0.1369890419452313,0.1433061508175325
2025-02-20,GLD,EWMA,0.1373708903771409,0.14113923353251576
2025-02-21,GLD,EWMA,0.14151993226509627,0.13920064868502396
2025-02-24,GLD,EWMA,0.14215541611754312,0.13730583296995152
2025-02-25,GLD,EWMA,0.13224716180472013,0.14190732919865542
2025-02-26,GLD,EWMA,0.13257513332804816,0.13967431663138055
2025-02-27,GLD,EWMA,0.122371179834991,0.14551748227769815
2025-02-28,GLD,EWMA,0.11798252708913577,0.14475119710368786
2025-03-03,GLD,EWMA,0.11926725852580199,0.14639222176333266
2025-03-04,GLD,EWMA,0.11956587123898336,0.14550350087456035
2025-03-05,GLD,EWMA,0.11957001163182857,0.14321786455077648
2025-03-06,GLD,EWMA,0.12051389317156534,0.14219895829045004
2025-03-07,GLD,EWMA,0.1538371412969972,0.13998164414435643
2025-03-10,GLD,EWMA,0.17174136438255072,0.14066412806720216
2025-03-11,GLD,EWMA,0.16820272089743327,0.14155291996438119
2025-03-12,GLD,EWMA,0.2095758562362875,0.1395631878767379
2025-03-13,GLD,EWMA,0.2168838867782537,0.1445003821669311
2025-03-14,GLD,EWMA,0.2237416972886681,0.14229412248013826
2025-03-17,GLD,EWMA,0.22626195600906562,0.14038257659188538
2025-03-18,GLD,EWMA,0.22431971486820104,0.1407067335638745
2025-03-19,GLD,EWMA,0.2467684267843171,0.1385760643916971
2025-03-20,GLD,EWMA,0.2479798866539732,0.1367798006442789
2025-03-21,GLD,EWMA,0.25986535976376707,0.1376896956639324
2025-03-24,GLD,EWMA,0.26747759371258883,0.13669879319771747
2025-03-25,GLD,EWMA,0.28798786096744056,0.13474406800088112
2025-03-26,GLD,EWMA,0.28946327709864555,0.13283101141427311
2025-03-27,GLD,EWMA,0.2930790144022197,0.13463670015023113
2025-03-28,GLD,EWMA,0.29512456985799046,0.13332258625229632
2025-03-31,GLD,EWMA,0.29661300513530214,0.13538907229718308
2025-04-01,GLD,EWMA,0.2984922773321067,0.1338829416967621
2025-04-02,GLD,EWMA,0.31017532003366555,0.13178091842689757
2025-04-03,GLD,EWMA,0.30885846111792276,0.13187775150040792
2025-04-04,GLD,EWMA,0.30788605390156604,0.14849719114761692
2025-04-07,GLD,EWMA,0.3016393066407567,0.1597372138313589
2025-04-08,GLD,EWMA,0.31178644722596666,0.15777083904127137
2025-04-09,GLD,EWMA,0.30318539566839314,0.18403103913044078
2025-04-10,GLD,EWMA,0.2935398141316163,0.1913610363207298
2025-04-11,GLD,EWMA,0.30630245972402353,0.19370740481869092
2025-04-14,GLD,EWMA,0.3058577599786174,0.19225440085074552
2025-04-15,GLD,EWMA,0.3148009877059678,0.1893382331457714
2025-04-16,GLD,EWMA,0.29718103215707237,0.20316924429090613
2025-04-17,GLD,EWMA,0.2994222365988251,0.20128932819945414
2025-04-21,GLD,EWMA,0.27996512328492923,0.21176392811468903
2025-04-22,GLD,EWMA,0.28628653894811873,0.21486270368144955
2025-04-23,GLD,EWMA,0.27427783250169396,0.225516925810792
2025-04-24,GLD,EWMA,0.27086556516903315,0.22425086341489037
2025-04-25,GLD,EWMA,0.2793168164770922,0.22425204682816938
2025-04-28,GLD,EWMA,0.28155119914549764,0.222930548978563
2025-04-29,GLD,EWMA,0.27960698531539996,0.22239978081260436
2025-04-30,GLD,EWMA,0.27911771091495546,0.22078556690509082
2025-05-01,GLD,EWMA,0.26904922445085505,0.226950065780523
2025-05-02,GLD,EWMA,0.2835731946809088,0.22337584590039508
2025-05-05,GLD,EWMA,0.26699156877360675,0.23294698511307785
2025-05-06,GLD,EWMA,0.24816692558446637,0.23960682947444595
2025-05-07,GLD,EWMA,0.24295659164292766,0.24141144996287542
2025-05-08,GLD,EWMA,0.2370903894393577,0.24589766477569835
2025-05-09,GLD,EWMA,0.2362510680166406,0.24244009043797085
2025-05-12,GLD,EWMA,0.21081835287953776,0.2536479468587581
2025-05-13,GLD,EWMA,0.211062746448007,0.24978565268449004
2025-05-14,GLD,EWMA,0.19625622147162503,0.25383364863327906
2025-05-15,GLD,EWMA,0.19407907948194897,0.2533608324617128
2025-05-16,GLD,EWMA,0.19650241254167647,0.2521234968839552
2025-05-19,GLD,EWMA,0.19309989946636846,0.2504034647825588
2025-05-20,GLD,EWMA,0.18499960305141955,0.25112669180267766
2025-05-21,GLD,EWMA,0.18356100796697983,0.24767487002957606
2025-05-22,GLD,EWMA,0.18014179275104092,0.2456089361497563
2025-05-23,GLD,EWMA,0.17294693056640553,0.24816225067101447
2025-05-27,GLD,EWMA,0.1618542841141585,0.25006445549162537
2025-05-28,GLD,EWMA,0.16165004682249096,0.24635605908267977
2025-05-29,GLD,EWMA,0.17328785407565533,0.24279591302110998
2025-05-30,GLD,EWMA,0.17737406021897656,0.2400528158747185
2025-06-02,GLD,EWMA,0.15255714808987472,0.2462458696375902
2025-06-03,GLD,EWMA,0.15081094523826669,0.24429217028723527
2025-06-04,GLD,EWMA,0.15073601804152986,0.24079585061348976
2025-06-05,GLD,EWMA,0.14986734400098264,0.23779481696895394
2025-06-06,GLD,EWMA,0.14670277325864228,0.2378393340908311
2025-06-09,GLD,EWMA,0.1465968644708784,0.23429641788525757
2025-06-10,GLD,EWMA,0.1468393314529522,0.23062405813605516
2025-06-11,GLD,EWMA,0.1496134126344665,0.22728070395901823
2025-06-12,GLD,EWMA,0.14291334031577999,0.22576204674493683
2025-06-13,GLD,EWMA,0.13380509820822753,0.22440764371337482
2025-06-16,GLD,EWMA,0.12663215406777834,0.225582276893751
2025-06-17,GLD,EWMA,0.12668747902850946,0.22204988460383326
2025-06-18,GLD,EWMA,0.12593241201210958,0.21940976646486643
2025-06-20,GLD,EWMA,0.13749627098140324,0.21600984107387175
2025-06-23,GLD,EWMA,0.14090648938791886,0.2126651997544342
2025-06-24,GLD,EWMA,0.13605662455097475,0.21471500634316487
2025-06-25,GLD,EWMA,0.1380899172331176,0.21142454808505604
2025-06-26,GLD,EWMA,0.1423527899678634,0.20816791439529894
2025-06-27,GLD,EWMA,0.12752678819472152,0.21167936269142737
2025-06-30,GLD,EWMA,0.12080136274825821,0.2108762998869388
2025-07-01,GLD,EWMA,0.1314394449306785,0.2088387053156805
2025-07-02,GLD,EWMA,0.13223562246625772,0.20596099841154294
2025-07-03,GLD,EWMA,0.1499134625411716,0.2038867867513254
2025-07-07,GLD,EWMA,0.15117509821254488,0.20067577162286163
2025-07-08,GLD,EWMA,0.14541085016848487,0.19997897477537033
2025-07-09,GLD,EWMA,0.14529312921470178,0.19715564095297755
2025-07-10,GLD,EWMA,0.14772651047601532,0.1941087643238932
2025-07-11,GLD,EWMA,0.14435765414826407,0.19268268612340292
2025-07-14,GLD,EWMA,0.1534421950267135,0.19006398953687972
2025-07-15,GLD,EWMA,0.1526788546267393,0.18756235968912932
2025-07-16,GLD,EWMA,0.1520387137402754,0.1850177441508489
2025-07-17,GLD,EWMA,0.15360580715398847,0.18227936307794146
2025-07-18,GLD,EWMA,0.15331068991017416,0.17949428740759865
2025-07-21,GLD,EWMA,0.14210449170525533,0.18127417351449854
2025-07-22,GLD,EWMA,0.13736355617970797,0.17991532360572896
2025-07-23,GLD,EWMA,0.1373105017953379,0.18123944362958613
2025-07-24,GLD,EWMA,0.13621175066203464,0.17947339423004297
2025-07-25,GLD,EWMA,0.1374916631175363,0.1788373457225735
2025-07-28,GLD,EWMA,0.13548198067467618,0.17706939120054424
2025-07-29,GLD,EWMA,0.13729826185567617,0.17442486505192775
2025-07-30,GLD,EWMA,0.11891604569580963,0.1786142737201315
2025-07-31,GLD,EWMA,0.11934996233329968,0.1768468876819367
2025-08-01,GLD,EWMA,0.10286796574720104,0.18288328259407463
2025-08-04,GLD,EWMA,0.12847868696423942,0.18059206920103435
2025-08-05,GLD,EWMA,0.12978742997661746,0.17774802350681831
2025-08-06,GLD,EWMA,0.13116418955787734,0.17512991676366776
2025-08-07,GLD,EWMA,0.13511438780294716,0.17371862706759703
2025-08-08,GLD,EWMA,0.13789376775316164,0.17101086684034336
2025-08-11,GLD,EWMA,0.12294479239582715,0.17364828040751634
2025-08-12,GLD,EWMA,0.12160670384155955,0.17095089807127845
2025-08-13,GLD,EWMA,0.12323230669547841,0.16842746568176484
2025-08-14,GLD,EWMA,0.11738125130022435,0.1668461893137926
2025-08-15,GLD,EWMA,0.11830245248840646,0.16422187183165313
2025-08-18,GLD,EWMA,0.11639048418536713,0.16171178843908618
2025-08-19,GLD,EWMA,0.1193396147767504,0.15994142826634575
2025-08-20,GLD,EWMA,0.12175608932127423,0.1599060017735257
2025-08-21,GLD,EWMA,0.12014320037629866,0.15773903771802347
2025-08-22,GLD,EWMA,0.12631112916128928,0.15796475049305236
2025-08-25,GLD,EWMA,0.1231373206537283,0.1556908670597514
2025-08-26,GLD,EWMA,0.1334632119513387,0.15440912957083391
2025-08-27,GLD,EWMA,0.13309331323822998,0.15202609750606122
2025-08-28,GLD,EWMA,0.13280976285404592,0.1507951782266264
2025-08-29,GLD,EWMA,0.13811560987786806,0.15039145152039018
2025-09-02,GLD,EWMA,0.12112102996299702,0.16041834234030902
2025-09-03,GLD,EWMA,0.12081145852935031,0.15875806909601237
2025-09-04,GLD,EWMA,0.11997690752893196,0.1572920414508906
2025-09-05,GLD,EWMA,0.11605710785841644,0.15804658386583992
2025-09-08,GLD,EWMA,0.1249130819469668,0.15762068166628096
2025-09-09,GLD,EWMA,0.12254417522989657,0.15570140937010338
2025-09-10,GLD,EWMA,0.1293369526274724,0.15328909472530663
2025-09-11,GLD,EWMA,0.1532517222857177,0.15125772268310025
2025-09-12,GLD,EWMA,0.15424353276731867,0.14887759872964257
2025-09-15,GLD,EWMA,0.16780359323189173,0.14826268873710505
2025-09-16,GLD,EWMA,0.167383888370343,0.14593406440869172
2025-09-17,GLD,EWMA,0.16413401103969202,0.14642919529430568
2025-09-18,GLD,EWMA,0.16825158851356387,0.14514445426765038
2025-09-19,GLD,EWMA,0.19382207987328456,0.1448444580414538
2025-09-22,GLD,EWMA,0.2168158852957304,0.14849514596851743
2025-09-23,GLD,EWMA,0.34142176909869815,0.14620677639022192
2025-09-24,GLD,EWMA,0.3381916481020895,0.14763689942861477
2025-09-25,GLD,EWMA,0.3381956975698276,0.1453965189570372
2025-09-26,GLD,EWMA,0.3393666458727919,0.14340601361979166
2025-09-29,GLD,EWMA,0.35482917355941135,0.14630452928205423
2025-09-30,GLD,EWMA,0.35540029365665565,0.1448236023612302
2025-10-01,GLD,EWMA,0.3558435461164358,0.14260931007642239
2025-10-02,GLD,EWMA,0.3613067095864003,0.14155338412847634
2025-10-03,GLD,EWMA,0.3615546597832176,0.14005051225474568
2025-10-06,GLD,EWMA,0.3558070741398997,0.14454789926484218
2025-10-07,GLD,EWMA,0.3611200236248878,0.14234235115203717
2025-10-08,GLD,EWMA,0.3585072222472645,0.14454425202775315
2025-10-09,GLD,EWMA,0.35228750022717353,0.1555700360929093
2025-10-10,GLD,EWMA,0.351084132215319,0.15427632030911992
2025-10-14,GLD,EWMA,0.35326571995286743,0.1521823605408054
2025-10-15,GLD,EWMA,0.3525100102820834,0.1544863931441499
2025-10-16,GLD,EWMA,0.34242023876752353,0.16107809935886971
2025-10-17,GLD,EWMA,0.34190748408920574,0.1716375365916951
2025-10-20,GLD,EWMA,0.31319088715910975,0.19082247676691919
2025-10-21,GLD,EWMA,0.21120864106573933,0.2732969184536979
2025-10-22,GLD,EWMA,0.2113246019207162,0.2690860857764947
2025-10-23,GLD,EWMA,0.2107138935278594,0.2648778645130154
2025-10-24,GLD,EWMA,0.21048866460724328,0.2612364582962164
2025-10-27,GLD,EWMA,0.1903490235719916,0.27092578019098573
2025-10-28,GLD,EWMA,0.18760252833968413,0.2677475891839436
2025-10-29,GLD,EWMA,0.18733858541383647,0.26389752384016246
2025-10-30,GLD,EWMA,0.18048406526977656,0.26474916454109493
2025-10-31,GLD,EWMA,0.17827274827827533,0.2613210063920218
2025-11-03,GLD,EWMA,0.18130642289684099,0.25720777906048115
2025-11-04,GLD,EWMA,0.16574286253976153,0.2586727349566508
2025-11-05,GLD,EWMA,0.16306039092854685,0.25633054447051284
2025-11-06,GLD,EWMA,0.16326003332310057,0.25237840516601906
2025-11-07,GLD,EWMA,0.16379918604325247,0.24879741712234618
2025-11-10,GLD,EWMA,0.13611575369825113,0.25515201069984283
2025-11-12,GLD,EWMA,0.12974873076114854,0.25411753848813046
2025-11-13,GLD,EWMA,0.1261409745497854,0.25184683881665354
2025-11-14,GLD,EWMA,0.1022803351510027,0.2542761396100663
2025-11-17,GLD,EWMA,0.08834615066102976,0.25288954338725494
2025-11-18,GLD,EWMA,0.08926831998779179,0.24949325875644077
2025-11-19,GLD,EWMA,0.09089955483446654,0.24556579015783148
2025-11-20,GLD,EWMA,0.09034372355266981,0.24173910934835388
2025-11-21,GLD,EWMA,0.11235339019442633,0.23805957183649276
2025-11-24,GLD,EWMA,0.10924515251474916,0.2377897844659198
2025-11-25,GLD,EWMA,0.11215595963472991,0.2341067587817433
2025-11-26,GLD,EWMA,0.11457365156336435,0.2311096717852436
2025-11-28,GLD,EWMA,0.2038950670671636,0.22937283001927664
2025-12-01,GLD,EWMA,0.203494415665193,0.22588746840632304
2025-12-02,GLD,EWMA,0.20350840619635732,0.22362602884077368
2025-12-03,GLD,EWMA,0.2037804847025641,0.22024554392966295
2025-12-04,GLD,EWMA,0.22151136432150112,0.21680134969790904
2025-12-05,GLD,EWMA,0.22260012133479837,0.2136174025369392
2025-12-08,GLD,EWMA,0.22642384257601017,0.21059540202108776
2025-12-09,GLD,EWMA,0.2264756736548183,0.20751973823370964
2025-12-10,GLD,EWMA,0.22693417924568973,0.20438023397173752
2025-12-11,GLD,EWMA,0.23203919961555997,0.20271121794687566
2025-12-12,GLD,EWMA,0.23256004579655384,0.1997663754948705
2025-12-15,GLD,EWMA,0.2336676276896519,0.19664906687028277
2025-12-16,GLD,EWMA,0.23599668089540413,0.1936208430591192
2025-12-17,GLD,EWMA,0.2368642757786476,0.19143634663227463
2025-12-18,GLD,EWMA,0.2656661249999886,0.18875555589774293
2025-12-19,GLD,EWMA,0.267546191171409,0.18580258936909488
2025-12-22,GLD,EWMA,0.2640748978854899,0.19178359742409046
2025-12-23,GLD,EWMA,0.2642782423821694,0.19099066291418612
2025-12-24,GLD,EWMA,0.2639312460046464,0.18904516956134684
2025-12-26,GLD,EWMA,0.27117943921170035,0.18766976056217757
2025-12-29,GLD,EWMA,0.21763388840649375,0.2273394264356496
2025-12-30,GLD,EWMA,0.2165316444624226,0.22377249546839764
2025-12-31,GLD,EWMA,0.4740791630944094,0.2213913219694636
2023-12-28,DBC,EWMA,0.11933869054682526,0.1591120425540705
2023-12-29,DBC,EWMA,0.1189798862396259,0.15709931525348203
2024-01-02,DBC,EWMA,0.1218789425046417,0.15588304644645318
2024-01-03,DBC,EWMA,0.12231206153676225,0.15833738041760734
2024-01-04,DBC,EWMA,0.1274331622888782,0.15635770213439923
2024-01-05,DBC,EWMA,0.12697762420220976,0.15480227653440354
2024-01-08,DBC,EWMA,0.11626793576547614,0.1570841028148553
2024-01-09,DBC,EWMA,0.11448306681930043,0.15644375064033905
2024-01-10,DBC,EWMA,0.11266046158727779,0.15483915207947677
2024-01-11,DBC,EWMA,0.11032888675518512,0.1542224847332062
2024-01-12,DBC,EWMA,0.10975794945150463,0.1523215386640471
2024-01-16,DBC,EWMA,0.10709206368001285,0.1515172531276096
2024-01-17,DBC,EWMA,0.1128583133767243,0.14913420968105207
2024-01-18,DBC,EWMA,0.11079478913172768,0.14823308073814534
2024-01-19,DBC,EWMA,0.11085507802283813,0.14592623583882258
2024-01-22,DBC,EWMA,0.11159571430186681,0.14428145816490656
2024-01-23,DBC,EWMA,0.11078921720740721,0.14302477801324606
2024-01-24,DBC,EWMA,0.1064432403058424,0.1429992539787685
2024-01-25,DBC,EWMA,0.11270291026439797,0.14240696433353842
2024-01-26,DBC,EWMA,0.1172900300226029,0.140697277971257
2024-01-29,DBC,EWMA,0.11863410860631117,0.14054297456605414
2024-01-30,DBC,EWMA,0.11588736429584359,0.13960500104782542
2024-01-31,DBC,EWMA,0.1103911865434082,0.14066276455603294
2024-02-01,DBC,EWMA,0.10347745768079371,0.14238575079223367
2024-02-02,DBC,EWMA,0.09456082670883098,0.14333514933500346
2024-02-05,DBC,EWMA,0.09831935660653265,0.14177649227508884
2024-02-06,DBC,EWMA,0.10163834608384406,0.14008523565068765
2024-02-07,DBC,EWMA,0.1008647753415451,0.13862973592319783
2024-02-08,DBC,EWMA,0.09974582232985497,0.1374296805890614
2024-02-09,DBC,EWMA,0.10395374477536612,0.13552097841056715
2024-02-12,DBC,EWMA,0.10445857744545688,0.1333987544278872
2024-02-13,DBC,EWMA,0.11266526317927493,0.1322463759334482
2024-02-14,DBC,EWMA,0.10563259852828465,0.13264767731328814
2024-02-15,DBC,EWMA,0.10581776561994274,0.13081108152040577
2024-02-16,DBC,EWMA,0.1090702184999157,0.12899033377320293
2024-02-20,DBC,EWMA,0.1058669269483733,0.127720184999847
2024-02-21,DBC,EWMA,0.10706439544820283,0.1263927348441151
2024-02-22,DBC,EWMA,0.10766123230172817,0.12471949127312842
2024-02-23,DBC,EWMA,0.09492885438786347,0.12900105102089326
2024-02-26,DBC,EWMA,0.09416601286240614,0.12996999197821818
2024-02-27,DBC,EWMA,0.09812274937333947,0.12995514980629622
2024-02-28,DBC,EWMA,0.09641309645958694,0.12835275753833567
2024-02-29,DBC,EWMA,0.10236127961092158,0.12636183201594636
2024-03-01,DBC,EWMA,0.10228674007325873,0.1252729337277991
2024-03-04,DBC,EWMA,0.10514632152946504,0.12366105099561508
2024-03-05,DBC,EWMA,0.10307151912894502,0.1235270681813943
2024-03-06,DBC,EWMA,0.1015899454171739,0.12386793798786055
2024-03-07,DBC,EWMA,0.10179283409713848,0.12216531546011572
2024-03-08,DBC,EWMA,0.0999470169873577,0.12055994083770702
2024-03-11,DBC,EWMA,0.10278962538603109,0.12107425101084392
2024-03-12,DBC,EWMA,0.10105096053189098,0.11943175867732238
2024-03-13,DBC,EWMA,0.09401653618165426,0.12361015285254076
2024-03-14,DBC,EWMA,0.09404461063782443,0.12187630376390117
2024-03-15,DBC,EWMA,0.0939786123163193,0.12023493952564411
2024-03-18,DBC,EWMA,0.09102962539384195,0.12068818703320476
2024-03-19,DBC,EWMA,0.10978589393976156,0.11884948822047992
2024-03-20,DBC,EWMA,0.1091501618567506,0.11738684500875785
2024-03-21,DBC,EWMA,0.10959946771018099,0.11568615047640829
2024-03-22,DBC,EWMA,0.10533937118670963,0.11588836270753423
2024-03-25,DBC,EWMA,0.10283997238701004,0.11613773462731902
2024-03-26,DBC,EWMA,0.09747201103929044,0.11680063388182031
2024-03-27,DBC,EWMA,0.09786101669316573,0.11502159905024927
2024-03-28,DBC,EWMA,0.09079017443170657,0.11758082954243437
2024-04-01,DBC,EWMA,0.090273955955431,0.11626480999890906
2024-04-02,DBC,EWMA,0.09799361375206077,0.1166668481844084
2024-04-03,DBC,EWMA,0.10084742167148206,0.11869933957852258
2024-04-04,DBC,EWMA,0.10136071935475827,0.11686662537933151
2024-04-05,DBC,EWMA,0.09914138092597785,0.11544800818192251
2024-04-08,DBC,EWMA,0.10871041215589548,0.11377383953272854
2024-04-09,DBC,EWMA,0.10728510400063812,0.1136946678139559
2024-04-10,DBC,EWMA,0.10631036388265953,0.1123824463575485
2024-04-11,DBC,EWMA,0.10769804839398389,0.11096030009576056
2024-04-12,DBC,EWMA,0.10746418589075703,0.1092131512666123
2024-04-15,DBC,EWMA,0.11038531281644606,0.10749351207754493
2024-04-16,DBC,EWMA,0.11108013540593277,0.10614007534654081
2024-04-17,DBC,EWMA,0.09685226616318093,0.11468382997681976
2024-04-18,DBC,EWMA,0.09719585676005961,0.11292411840529204
2024-04-19,DBC,EWMA,0.10228961291705298,0.11170382926948566
2024-04-22,DBC,EWMA,0.10634367788487802,0.10996850520018996
2024-04-23,DBC,EWMA,0.10715024230298825,0.1086643275671143
2024-04-24,DBC,EWMA,0.11955149407751861,0.10712523530156996
2024-04-25,DBC,EWMA,0.11893018073995446,0.10623906845374008
2024-04-26,DBC,EWMA,0.12175251795381935,0.10456661423983113
2024-04-29,DBC,EWMA,0.13743041990090585,0.10304517849250722
2024-04-30,DBC,EWMA,0.13469938944358362,0.1083520877058836
2024-05-01,DBC,EWMA,0.1325062927565077,0.11470385771004063
2024-05-02,DBC,EWMA,0.13351586993343786,0.11330569780071786
2024-05-03,DBC,EWMA,0.14324186430154018,0.11156886777017011
2024-05-06,DBC,EWMA,0.14034532960786905,0.11401968915803878
2024-05-07,DBC,EWMA,0.14143748620732366,0.11228837534580137
2024-05-08,DBC,EWMA,0.14928955937295568,0.11162182077606811
2024-05-09,DBC,EWMA,0.15642829895573485,0.11031403903164541
2024-05-10,DBC,EWMA,0.16591057903215198,0.10873694445337616
2024-05-13,DBC,EWMA,0.1639455688298415,0.10835753126604082
2024-05-14,DBC,EWMA,0.16406783034324487,0.10748648553963151
2024-05-15,DBC,EWMA,0.1635256195246982,0.10613317474079649
2024-05-16,DBC,EWMA,0.16350926201007404,0.1046232882076957
2024-05-17,DBC,EWMA,0.15918053554936096,0.10641370237009495
2024-05-20,DBC,EWMA,0.15865859892246303,0.10706833875118052
2024-05-21,DBC,EWMA,0.15868206710170915,0.10640143430723856
2024-05-22,DBC,EWMA,0.15311971534625182,0.11305739456862962
2024-05-23,DBC,EWMA,0.15515843113594951,0.11235167893282051
2024-05-24,DBC,EWMA,0.1565013225381127,0.1120783530659307
2024-05-28,DBC,EWMA,0.14103259225237746,0.12028627362754864
2024-05-29,DBC,EWMA,0.1387865658428522,0.12265354023389591
2024-05-30,DBC,EWMA,0.13165589639354433,0.1267107987576022
2024-05-31,DBC,EWMA,0.13844753263775675,0.12547072523571567
2024-06-03,DBC,EWMA,0.1268612823280558,0.1297973711527169
2024-06-04,DBC,EWMA,0.12015251475226209,0.13057427135396577
2024-06-05,DBC,EWMA,0.12019917984897222,0.12904884573465972
2024-06-06,DBC,EWMA,0.12508187321654546,0.13256463157862966
2024-06-07,DBC,EWMA,0.11541790747359397,0.13639061833379362
2024-06-10,DBC,EWMA,0.10432276165090769,0.14056211204211236
2024-06-11,DBC,EWMA,0.1046186292732601,0.13838841981034905
2024-06-12,DBC,EWMA,0.10526894089208054,0.13657830549640546
2024-06-13,DBC,EWMA,0.10867016317692736,0.1344503417109835
2024-06-14,DBC,EWMA,0.10816447948303187,0.1327757983906019
2024-06-17,DBC,EWMA,0.10738103460616799,0.1310652964065438
2024-06-18,DBC,EWMA,0.10549614409512865,0.13099858662702868
2024-06-20,DBC,EWMA,0.11385212866749456,0.12904343394944096
2024-06-21,DBC,EWMA,0.11225498785083246,0.12917688795198956
2024-06-24,DBC,EWMA,0.11000819308660202,0.1291353106712208
2024-06-25,DBC,EWMA,0.10661466183262781,0.1299643069898153
2024-06-26,DBC,EWMA,0.10684019302455335,0.12800880035365125
2024-06-27,DBC,EWMA,0.1079078793700652,0.12679476808176143
2024-06-28,DBC,EWMA,0.10795984815861788,0.12542473997874912
2024-07-01,DBC,EWMA,0.09173342265006248,0.12846714827319433
2024-07-02,DBC,EWMA,0.12976849321090125,0.1264641727542911
2024-07-03,DBC,EWMA,0.13101845682253363,0.12525351159630732
2024-07-05,DBC,EWMA,0.1393875944025655,0.12359218785038249
2024-07-08,DBC,EWMA,0.13501069702680932,0.12798684283894524
2024-07-09,DBC,EWMA,0.13556777079062135,0.12752958515088272
2024-07-10,DBC,EWMA,0.14254393468084908,0.12552128026849857
2024-07-11,DBC,EWMA,0.14735246400776214,0.12389767390489252
2024-07-12,DBC,EWMA,0.15049200960056602,0.12246194897490868
2024-07-15,DBC,EWMA,0.15975256451450312,0.12226975041425876
2024-07-16,DBC,EWMA,0.16226212958495204,0.12053209742280782
2024-07-17,DBC,EWMA,0.1629485519587517,0.11863599664217367
2024-07-18,DBC,EWMA,0.16535624190951917,0.1184525126374625
2024-07-19,DBC,EWMA,0.159991683987426,0.12221152530000881
2024-07-22,DBC,EWMA,0.16022843451173624,0.12068939066120818
2024-07-23,DBC,EWMA,0.15778161155974885,0.12114798060075409
2024-07-24,DBC,EWMA,0.15841266996562794,0.11925150415518043
2024-07-25,DBC,EWMA,0.1579037718301093,0.11772160369832929
2024-07-26,DBC,EWMA,0.16780508307021863,0.11876719442304857
2024-07-29,DBC,EWMA,0.17066933973622603,0.11725585064068071
2024-07-30,DBC,EWMA,0.171312533446384,0.11552416403136645
2024-07-31,DBC,EWMA,0.15561272670370002,0.13219635884503558
2024-08-01,DBC,EWMA,0.15576531033137134,0.1339382002980713
2024-08-02,DBC,EWMA,0.1460116636630571,0.14061724401913164
2024-08-05,DBC,EWMA,0.16322985898450548,0.13840526910071793
2024-08-06,DBC,EWMA,0.16271177779025686,0.13751044112218958
2024-08-07,DBC,EWMA,0.15913945811234617,0.13872116619690364
2024-08-08,DBC,EWMA,0.16086368266983941,0.13963152640598786
2024-08-09,DBC,EWMA,0.15927255614136981,0.13878559296566595
2024-08-12,DBC,EWMA,0.15360739757084688,0.14261360126283434
2024-08-13,DBC,EWMA,0.15798863640245797,0.14257324689468512
2024-08-14,DBC,EWMA,0.17485321601417472,0.14119698529806565
2024-08-15,DBC,EWMA,0.1718082387377391,0.14118408775156013
2024-08-16,DBC,EWMA,0.17365708058852034,0.13986726290556123
2024-08-19,DBC,EWMA,0.17486694736390404,0.1382761482313803
2024-08-20,DBC,EWMA,0.17572471005510734,0.1363870794810037
2024-08-21,DBC,EWMA,0.18600051094061235,0.134703924618302
2024-08-22,DBC,EWMA,0.18592046415710053,0.1325837395059861
2024-08-23,DBC,EWMA,0.1749039498030417,0.14059306034405028
2024-08-26,DBC,EWMA,0.18107829586659013,0.1416129550620265
2024-08-27,DBC,EWMA,0.18283995443568515,0.13999880801109532
2024-08-28,DBC,EWMA,0.18036092268656584,0.14165624166135507
2024-08-29,DBC,EWMA,0.17660240949356715,0.14334058385102422
2024-08-30,DBC,EWMA,0.1718895036133786,0.14431636414078636
2024-09-03,DBC,EWMA,0.16399844060092172,0.15199325949065623
2024-09-04,DBC,EWMA,0.1612241595685104,0.150569787752261
2024-09-05,DBC,EWMA,0.16610130392906328,0.1485745960191646
2024-09-06,DBC,EWMA,0.15337483376358269,0.15012011531827035
2024-09-09,DBC,EWMA,0.15666894449246646,0.14829844452853624
2024-09-10,DBC,EWMA,0.1738789916688218,0.1504153128019777
2024-09-11,DBC,EWMA,0.17913475337561238,0.15118055163968436
2024-09-12,DBC,EWMA,0.17958751996941125,0.15967505758686443
2024-09-13,DBC,EWMA,0.17975375300537627,0.15736128190380705
2024-09-16,DBC,EWMA,0.19146868940053727,0.15658819032469962
2024-09-17,DBC,EWMA,0.20561170751619554,0.15553394518048141
2024-09-18,DBC,EWMA,0.20422168373006278,0.1539837005017496
2024-09-19,DBC,EWMA,0.19486584488748226,0.15991034437362087
2024-09-20,DBC,EWMA,0.1959791489106037,0.15739195009367773
2024-09-23,DBC,EWMA,0.19624667280443941,0.15491911821978493
2024-09-24,DBC,EWMA,0.1970846464193066,0.15927284352789361
2024-09-25,DBC,EWMA,0.1956934354337461,0.15872698877632938
2024-09-26,DBC,EWMA,0.1925071523469863,0.1583041895601884
2024-09-27,DBC,EWMA,0.19322247806774334,0.1564347127552825
2024-09-30,DBC,EWMA,0.21753097551450923,0.15410734901930995
2024-10-01,DBC,EWMA,0.20746524484279305,0.15918545924738026
2024-10-02,DBC,EWMA,0.21052528035973658,0.15817464919425245
2024-10-03,DBC,EWMA,0.2048396444518643,0.16018325485864832
2024-10-04,DBC,EWMA,0.20691396609374646,0.157706253357631
2024-10-07,DBC,EWMA,0.21038300785369993,0.15902263750946882
2024-10-08,DBC,EWMA,0.1954198280443338,0.1716081731301195
2024-10-09,DBC,EWMA,0.19687250167277545,0.17100374152537595
2024-10-10,DBC,EWMA,0.1867908632382855,0.17640656802394736
2024-10-11,DBC,EWMA,0.19359936737541164,0.17363028815185538
2024-10-15,DBC,EWMA,0.18331621326303113,0.1802016058787064
2024-10-16,DBC,EWMA,0.1833858241249107,0.17758403547613066
2024-10-17,DBC,EWMA,0.18316964322454712,0.1748065324683713
2024-10-18,DBC,EWMA,0.1830730282135535,0.17280802904385892
2024-10-21,DBC,EWMA,0.20134370047672293,0.17027496508843704
2024-10-22,DBC,EWMA,0.1910976026126938,0.17408685465280957
2024-10-23,DBC,EWMA,0.19024276653728173,0.17232543015917884
2024-10-24,DBC,EWMA,0.19222288732023024,0.16963947957908482
2024-10-25,DBC,EWMA,0.19036298100384816,0.16791835098240682
2024-10-28,DBC,EWMA,0.171108027699658,0.18266375829711493
2024-10-29,DBC,EWMA,0.17096302324444976,0.17985388473495123
2024-10-30,DBC,EWMA,0.16552141112694402,0.18049276607034567
2024-10-31,DBC,EWMA,0.16336399560233095,0.17853151815623988
2024-11-01,DBC,EWMA,0.16110894927555885,0.17845481508862046
2024-11-04,DBC,EWMA,0.15407609607887268,0.18170239430901863
2024-11-05,DBC,EWMA,0.1523108691015626,0.17948806602854567
2024-11-06,DBC,EWMA,0.14829345966050508,0.17970704958034417
2024-11-07,DBC,EWMA,0.14367576759620493,0.17890380879373932
2024-11-08,DBC,EWMA,0.14024019560437995,0.18177732698272703
2024-11-12,DBC,EWMA,0.13388870734428487,0.17961726391404034
2024-11-13,DBC,EWMA,0.13426329611184185,0.17702307599586983
2024-11-14,DBC,EWMA,0.13418914466093856,0.1742530613642014
2024-11-15,DBC,EWMA,0.13440461339699145,0.17206977051598638
2024-11-18,DBC,EWMA,0.10962170562436312,0.1809188761102552
2024-11-19,DBC,EWMA,0.11274058269855075,0.17821836479875394
2024-11-20,DBC,EWMA,0.11278879232531658,0.17543571783225845
2024-11-21,DBC,EWMA,0.11209393608409003,0.1736356353800829
2024-11-22,DBC,EWMA,0.11206518105476958,0.17090135264943263
2024-11-25,DBC,EWMA,0.10316394168794042,0.1733571231840235
2024-11-26,DBC,EWMA,0.10359764647227994,0.17062900960046126
2024-11-27,DBC,EWMA,0.1032507861025456,0.1686910362713767
2024-11-29,DBC,EWMA,0.1078580096114319,0.1660488138668904
2024-12-02,DBC,EWMA,0.10483383666100343,0.164724891200314
2024-12-03,DBC,EWMA,0.1029987946421418,0.16520863213400064
2024-12-04,DBC,EWMA,0.10274697036801463,0.16337350880203438
2024-12-05,DBC,EWMA,0.1023372791900159,0.16085091354032255
2024-12-06,DBC,EWMA,0.09712157319092479,0.15978963124717344
2024-12-09,DBC,EWMA,0.09364635520851515,0.15959355709198036
2024-12-10,DBC,EWMA,0.12947062260565947,0.1571945030544618
2024-12-11,DBC,EWMA,0.1253283152898557,0.15851126297233414
2024-12-12,DBC,EWMA,0.12356660463433057,0.15653407376581224
2024-12-13,DBC,EWMA,0.13190456235818,0.1540875471206331
2024-12-16,DBC,EWMA,0.13110475638593191,0.15250992173636407
2024-12-17,DBC,EWMA,0.1289603028464537,0.15136036525092705
2024-12-18,DBC,EWMA,0.1243135803432156,0.15111073154603716
2024-12-19,DBC,EWMA,0.12470544441315919,0.1487331384680536
2024-12-20,DBC,EWMA,0.12680366077227254,0.14756151182631358
2024-12-23,DBC,EWMA,0.12688716035735503,0.14525646607411336
2024-12-24,DBC,EWMA,0.1423406018576004,0.14386858533466873
2024-12-26,DBC,EWMA,0.14123476627764286,0.14184662888862568
2024-12-27,DBC,EWMA,0.14093092888499467,0.14022940806896636
2024-12-30,DBC,EWMA,0.13861279603221724,0.14017332594428725
2024-12-31,DBC,EWMA,0.13852327371932663,0.1385847685234235
2025-01-02,DBC,EWMA,0.13704505349110846,0.13877040687946504
2025-01-03,DBC,EWMA,0.1350230431300615,0.13760278283712934
2025-01-06,DBC,EWMA,0.13794813662103872,0.13547389938874255
2025-01-07,DBC,EWMA,0.137379883278165,0.13378065179432283
2025-01-08,DBC,EWMA,0.13698164297366258,0.13189044958288826
2025-01-10,DBC,EWMA,0.11158606527181944,0.14828756953339958
2025-01-13,DBC,EWMA,0.11188312846510867,0.14678618262159537
2025-01-14,DBC,EWMA,0.11934332049434501,0.14460490951473934
2025-01-15,DBC,EWMA,0.10530834891086,0.14780563080955894
2025-01-16,DBC,EWMA,0.10433721788275656,0.1466188745474994
2025-01-17,DBC,EWMA,0.1155720288322707,0.14539612888571546
2025-01-21,DBC,EWMA,0.116304161530399,0.1442953031640171
2025-01-22,DBC,EWMA,0.11601473570511904,0.14218247226944372
2025-01-23,DBC,EWMA,0.12734050350026666,0.1406440307953638
2025-01-24,DBC,EWMA,0.12830603625206724,0.13844889916941924
2025-01-27,DBC,EWMA,0.12197206689956497,0.14393808267585673
2025-01-28,DBC,EWMA,0.12649922779492068,0.14167195940188015
2025-01-29,DBC,EWMA,0.12644208585012903,0.13947261077347417
2025-01-30,DBC,EWMA,0.12963970937833355,0.13727649857020077
2025-01-31,DBC,EWMA,0.1314782586069701,0.13530929522404136
2025-02-03,DBC,EWMA,0.12880432870564779,0.13459761664327738
2025-02-04,DBC,EWMA,0.1284696395089398,0.13257066359494743
2025-02-05,DBC,EWMA,0.12780948175264914,0.13205925719271208
2025-02-06,DBC,EWMA,0.13205913743198328,0.12998212075312646
2025-02-07,DBC,EWMA,0.13378804877456094,0.12793757669331288
2025-02-10,DBC,EWMA,0.12391438623982792,0.131536810585973
2025-02-11,DBC,EWMA,0.11977503027547882,0.1306857885179288
2025-02-12,DBC,EWMA,0.11456909668297999,0.13325212013047366
2025-02-13,DBC,EWMA,0.11497375190376079,0.1316129730862033
2025-02-14,DBC,EWMA,0.11823011134636689,0.12955274499943814
2025-02-18,DBC,EWMA,0.10348833811292482,0.1329571078301873
2025-02-19,DBC,EWMA,0.10174480788721203,0.1320626700376509
2025-02-20,DBC,EWMA,0.10194896770806702,0.1299873196360099
2025-02-21,DBC,EWMA,0.09244556654757495,0.1352069271137713
2025-02-24,DBC,EWMA,0.09353015576038612,0.13372724946477033
2025-02-25,DBC,EWMA,0.08547350713797044,0.13591812799237252
2025-02-26,DBC,EWMA,0.07981181488694741,0.13621247561882108
2025-02-27,DBC,EWMA,0.08022592291369142,0.13409492177044469
2025-02-28,DBC,EWMA,0.07578743376724793,0.13389791708782953
2025-03-03,DBC,EWMA,0.08516364758860007,0.13304008675070492
2025-03-04,DBC,EWMA,0.08497194175687373,0.13125674118844333
2025-03-05,DBC,EWMA,0.08525267714004506,0.1294229458055364
2025-03-06,DBC,EWMA,0.173339113644764,0.12814482438782915
2025-03-07,DBC,EWMA,0.21395064340101239,0.1285307845157446
2025-03-10,DBC,EWMA,0.21892813647088766,0.12778786410256474
2025-03-11,DBC,EWMA,0.22731533386303238,0.1267397624712666
2025-03-12,DBC,EWMA,0.2675525566534206,0.12474383746316647
2025-03-13,DBC,EWMA,0.2699332020316978,0.1232129877852345
2025-03-14,DBC,EWMA,0.275427249128635,0.1222485994415839
2025-03-17,DBC,EWMA,0.27352446965634536,0.12175732420825398
2025-03-18,DBC,EWMA,0.2735218874228498,0.12005563810222745
2025-03-19,DBC,EWMA,0.27700095258644963,0.11937228007311772
2025-03-20,DBC,EWMA,0.2803799428147825,0.11755404875574085
2025-03-21,DBC,EWMA,0.28100339789646533,0.11703870293034944
2025-03-24,DBC,EWMA,0.2813286493020789,0.11556893000647463
2025-03-25,DBC,EWMA,0.28165616688674167,0.11378091862931784
2025-03-26,DBC,EWMA,0.2845907244550526,0.1120962209999327
2025-03-27,DBC,EWMA,0.28434313959044744,0.11052363229055842
2025-03-28,DBC,EWMA,0.2846033089782938,0.10923820840249523
2025-03-31,DBC,EWMA,0.280326002021033,0.11395086314928274
2025-04-01,DBC,EWMA,0.28496629670189316,0.11215927725560099
2025-04-02,DBC,EWMA,0.28433296237139644,0.11143811981649404
2025-04-03,DBC,EWMA,0.2508627727576448,0.16014034109114106
2025-04-04,DBC,EWMA,0.21556724478793426,0.18770195195372785
2025-04-07,DBC,EWMA,0.21460107660658528,0.18900237437367146
2025-04-08,DBC,EWMA,0.2027109317100213,0.19463557233645656
2025-04-09,DBC,EWMA,0.16425420059093257,0.21913052404901795
2025-04-10,DBC,EWMA,0.15908493664629697,0.21787315323370018
2025-04-11,DBC,EWMA,0.15272720562979222,0.21915192983958312
2025-04-14,DBC,EWMA,0.16128177096633564,0.2157564286455215
2025-04-15,DBC,EWMA,0.16244180499642685,0.21238299939762603
2025-04-16,DBC,EWMA,0.16165232252892342,0.2124584093797254
2025-04-17,DBC,EWMA,0.15771265468590454,0.2114205247000345
2025-04-21,DBC,EWMA,0.15490974201503085,0.20926976205964212
2025-04-22,DBC,EWMA,0.16064889547868974,0.20653194122021112
2025-04-23,DBC,EWMA,0.15811674292042102,0.20420429016188815
2025-04-24,DBC,EWMA,0.15619193201835693,0.20280958907746924
2025-04-25,DBC,EWMA,0.15743184811231495,0.19968490669695993
2025-04-28,DBC,EWMA,0.15944399637685994,0.19707494252630237
2025-04-29,DBC,EWMA,0.15277593717917234,0.19692846042915219
2025-04-30,DBC,EWMA,0.13688608208713687,0.20007136382059515
2025-05-01,DBC,EWMA,0.13953301123727124,0.1977189564929704
2025-05-02,DBC,EWMA,0.15679590827209655,0.1952447079056762
2025-05-05,DBC,EWMA,0.15546916622273865,0.19260494155967234
2025-05-06,DBC,EWMA,0.14879810867952376,0.1948652983248525
2025-05-07,DBC,EWMA,0.14037025065520123,0.19454291360751583
2025-05-08,DBC,EWMA,0.1361395084579149,0.1954729033314526
2025-05-09,DBC,EWMA,0.13429697751145891,0.19378312302484774
2025-05-12,DBC,EWMA,0.13333715599701082,0.19174145518506483
2025-05-13,DBC,EWMA,0.1343045342795141,0.19367737421307532
2025-05-14,DBC,EWMA,0.13249960436851652,0.19121131799381585
2025-05-15,DBC,EWMA,0.1622228744017191,0.19021304809958023
2025-05-16,DBC,EWMA,0.16143465052877315,0.18747768439785528
2025-05-19,DBC,EWMA,0.17216930279314968,0.18454980612370775
2025-05-20,DBC,EWMA,0.16939172940248143,0.18523899111982145
2025-05-21,DBC,EWMA,0.16829859130540492,0.18236589279995094
2025-05-22,DBC,EWMA,0.22291411112283918,0.18006564196859035
2025-05-23,DBC,EWMA,0.24206543948119233,0.17796016179032517
2025-05-27,DBC,EWMA,0.2394181714515353,0.176913499288437
2025-05-28,DBC,EWMA,0.23887209686053973,0.17433309348481654
2025-05-29,DBC,EWMA,0.23880271591464336,0.17211952738795416
2025-05-30,DBC,EWMA,0.23628868361140898,0.17056612432429133
2025-06-02,DBC,EWMA,0.226263722874097,0.17831349079710632
2025-06-03,DBC,EWMA,0.23176765570596805,0.17646537228755713
2025-06-04,DBC,EWMA,0.2310007838066715,0.1740224717578609
2025-06-05,DBC,EWMA,0.2310130491057793,0.17176807283982207
2025-06-06,DBC,EWMA,0.22996309294843642,0.17042054442371488
2025-06-09,DBC,EWMA,0.2302626204092733,0.16774259738051558
2025-06-10,DBC,EWMA,0.2304606801710721,0.16527687769032912
2025-06-11,DBC,EWMA,0.22809579450597509,0.16845564209925032
2025-06-12,DBC,EWMA,0.23066431071372503,0.16581892293241193
2025-06-13,DBC,EWMA,0.202264589352051,0.18292698738759205
2025-06-16,DBC,EWMA,0.20233509589116658,0.1803809442568349
2025-06-17,DBC,EWMA,0.18868925803942665,0.18557784760791016
2025-06-18,DBC,EWMA,0.188487486455573,0.18265819827837718
2025-06-20,DBC,EWMA,0.1869221593103702,0.1799679728524762
2025-06-23,DBC,EWMA,0.13010140117876393,0.2092309767536741
2025-06-24,DBC,EWMA,0.09359011642817762,0.2178084390942319
2025-06-25,DBC,EWMA,0.09311603035785969,0.21442739634532618
2025-06-26,DBC,EWMA,0.10126326643605046,0.2112666738569353
2025-06-27,DBC,EWMA,0.10456812120733451,0.2084753953742508
2025-06-30,DBC,EWMA,0.11214968395040643,0.20519374439991123
2025-07-01,DBC,EWMA,0.11228152775899064,0.20250315628304774
2025-07-02,DBC,EWMA,0.10330599803369925,0.2041967580165318
2025-07-03,DBC,EWMA,0.11883076969420014,0.20101279855465237
2025-07-07,DBC,EWMA,0.11936788761470843,0.19790339155834674
2025-07-08,DBC,EWMA,0.12184212375148969,0.19490068369842195
2025-07-09,DBC,EWMA,0.12188989370439987,0.19196907441668917
2025-07-10,DBC,EWMA,0.12261650305954981,0.18925489734255388
2025-07-11,DBC,EWMA,0.11133976390564625,0.18942147177568774
2025-07-14,DBC,EWMA,0.10862292934992689,0.18829712004468532
2025-07-15,DBC,EWMA,0.10915706050676686,0.1854623121670134
2025-07-16,DBC,EWMA,0.10876363926222196,0.18255238291742515
2025-07-17,DBC,EWMA,0.10515421860260513,0.18085000419590472
2025-07-18,DBC,EWMA,0.10460270715217787,0.17801925214596226
2025-07-21,DBC,EWMA,0.10499436338387774,0.1754323928393251
2025-07-22,DBC,EWMA,0.10733540785814077,0.17282032290011023
2025-07-23,DBC,EWMA,0.11659644579816295,0.17036304921154133
2025-07-24,DBC,EWMA,0.11912447780464265,0.16768167284763066
2025-07-25,DBC,EWMA,0.11495397479461665,0.16783493433832314
2025-07-28,DBC,EWMA,0.10991496416336596,0.16753581125078085
2025-07-29,DBC,EWMA,0.10066887324950134,0.1683930252185701
2025-07-30,DBC,EWMA,0.10098496711252929,0.1659792446484385
2025-07-31,DBC,EWMA,0.1008416988500864,0.16541097608188338
2025-08-01,DBC,EWMA,0.08249177758657578,0.16936259340160154
2025-08-04,DBC,EWMA,0.09828599723033325,0.1670133825088832
2025-08-05,DBC,EWMA,0.09859818399252,0.16612847158586885
2025-08-06,DBC,EWMA,0.10237505964395913,0.16360512199812857
2025-08-07,DBC,EWMA,0.10694847034994155,0.16133758837825302
2025-08-08,DBC,EWMA,0.10927124134363518,0.15879836675860304
2025-08-11,DBC,EWMA,0.10946967956126967,0.15636311114152188
2025-08-12,DBC,EWMA,0.10971794958073047,0.15428703715880207
2025-08-13,DBC,EWMA,0.11395682449315248,0.1518854188145863
2025-08-14,DBC,EWMA,0.1147218741078487,0.15001481748283096
2025-08-15,DBC,EWMA,0.11665601611962567,0.1478869415242186
2025-08-18,DBC,EWMA,0.12031577212142691,0.1455981954103008
2025-08-19,DBC,EWMA,0.123724037895126,0.1448421130341787
2025-08-20,DBC,EWMA,0.12103852556870444,0.14614283535894768
2025-08-21,DBC,EWMA,0.12409798274951665,0.144833419704739
2025-08-22,DBC,EWMA,0.12342648958016815,0.14299632002396837
2025-08-25,DBC,EWMA,0.12740530189237376,0.14137800352135463
2025-08-26,DBC,EWMA,0.12506813282245266,0.14092628364904505
2025-08-27,DBC,EWMA,0.12664119704050947,0.13872658979791694
2025-08-28,DBC,EWMA,0.12550192040677352,0.13764221039755895
2025-08-29,DBC,EWMA,0.1302028946330214,0.13550683150992815
2025-09-02,DBC,EWMA,0.11812879120176199,0.1404033897737417
2025-09-03,DBC,EWMA,0.11370418297690459,0.1408142740424109
2025-09-04,DBC,EWMA,0.11329416492155567,0.1402399997884555
2025-09-05,DBC,EWMA,0.10915933293047062,0.14000212613861931
2025-09-08,DBC,EWMA,0.11226055155453839,0.13908365839299336
2025-09-09,DBC,EWMA,0.11260048558181121,0.1370675936335761
2025-09-10,DBC,EWMA,0.11063214183600806,0.13608983923135776
2025-09-11,DBC,EWMA,0.11243967161585805,0.13584067736058333
2025-09-12,DBC,EWMA,0.13553587330611244,0.13460410598814768
2025-09-15,DBC,EWMA,0.13956414663744446,0.1345766278433749
2025-09-16,DBC,EWMA,0.1386870342211721,0.13505280814117332
2025-09-17,DBC,EWMA,0.13548639329911705,0.13677414720149325
2025-09-18,DBC,EWMA,0.13486783012749462,0.13535652426430933
2025-09-19,DBC,EWMA,0.13203641230595423,0.13531699066421923
2025-09-22,DBC,EWMA,0.13693243867424465,0.1331869720707122
2025-09-23,DBC,EWMA,0.13632850391269744,0.13406686230527762
2025-09-24,DBC,EWMA,0.146360391153905,0.13305984473605026
2025-09-25,DBC,EWMA,0.15664350872167668,0.13215125266945052
2025-09-26,DBC,EWMA,0.156643485927824,0.1300761620072076
2025-09-29,DBC,EWMA,0.15373107512919668,0.13058877035822786
2025-09-30,DBC,EWMA,0.15682795815108636,0.1291623043456292
2025-10-01,DBC,EWMA,0.15769355831556653,0.1272788665059089
2025-10-02,DBC,EWMA,0.15540290430986378,0.12681127776362264
2025-10-03,DBC,EWMA,0.15676857092933785,0.12508806549637305
2025-10-06,DBC,EWMA,0.15489480157661392,0.12620328341395906
2025-10-07,DBC,EWMA,0.15686987118133688,0.12457725698987605
2025-10-08,DBC,EWMA,0.15728169151422738,0.12262871039633978
2025-10-09,DBC,EWMA,0.15332824717822538,0.12384046304061837
2025-10-10,DBC,EWMA,0.12901547474468034,0.13628106260827974
2025-10-14,DBC,EWMA,0.11842874499179826,0.1375503818911641
2025-10-15,DBC,EWMA,0.12812783977275627,0.13590334802690818
2025-10-16,DBC,EWMA,0.1299994177959977,0.13381112651430108
2025-10-17,DBC,EWMA,0.1296307429206159,0.13170727828700873
2025-10-20,DBC,EWMA,0.12651016558153044,0.1328665195023775
2025-10-21,DBC,EWMA,0.12084556604477271,0.13376821129916167
2025-10-22,DBC,EWMA,0.11728540553538251,0.1392293459529043
2025-10-23,DBC,EWMA,0.10712283310802548,0.14482268963950212
2025-10-24,DBC,EWMA,0.1093510245821192,0.14254191812431832
2025-10-27,DBC,EWMA,0.11093980664268165,0.1404934143274094
2025-10-28,DBC,EWMA,0.10757850086665188,0.1408648211398203
2025-10-29,DBC,EWMA,0.11266988184058586,0.1394020533037743
2025-10-30,DBC,EWMA,0.1217503078828037,0.13720758395038415
2025-10-31,DBC,EWMA,0.11972319457483309,0.13635096742026984
2025-11-03,DBC,EWMA,0.11801326736629818,0.13558400347995744
2025-11-04,DBC,EWMA,0.11624960950669791,0.13513935035841818
2025-11-05,DBC,EWMA,0.11566836960103138,0.1333698816211387
2025-11-06,DBC,EWMA,0.11713971849750036,0.1312974904841032
2025-11-07,DBC,EWMA,0.12647302124382365,0.12932858284150894
2025-11-10,DBC,EWMA,0.12036239339322913,0.13056326111019181
2025-11-12,DBC,EWMA,0.11308546129050347,0.13276088770565042
2025-11-13,DBC,EWMA,0.11548457049769512,0.13159695903099206
2025-11-14,DBC,EWMA,0.11639706209513913,0.12964122524995172
2025-11-17,DBC,EWMA,0.12146742763158766,0.12767451556706022
2025-11-18,DBC,EWMA,0.1256721502145297,0.1276384130731488
2025-11-19,DBC,EWMA,0.12314971784202415,0.12895989355494114
2025-11-20,DBC,EWMA,0.12084735283991484,0.12982454058915438
2025-11-21,DBC,EWMA,0.12545740402666541,0.12904329009899335
2025-11-24,DBC,EWMA,0.12966230641505763,0.12784580467714218
2025-11-25,DBC,EWMA,0.12732099003625855,0.12663406099963506
2025-11-26,DBC,EWMA,0.12323806525304629,0.1283242175827022
2025-11-28,DBC,EWMA,0.12095934748867467,0.13147695207772903
2025-12-01,DBC,EWMA,0.12277401561022293,0.12955257818131566
2025-12-02,DBC,EWMA,0.13024995110234505,0.12820835082101262
2025-12-03,DBC,EWMA,0.12922052253778468,0.1267985581576885
2025-12-04,DBC,EWMA,0.14494062116963463,0.12494426685664305
2025-12-05,DBC,EWMA,0.1436808762075143,0.12392799406185138
2025-12-08,DBC,EWMA,0.14019260294322827,0.1273880479193292
2025-12-09,DBC,EWMA,0.14607107940289993,0.1255666450640766
2025-12-10,DBC,EWMA,0.14503529312950625,0.12466647898512213
2025-12-11,DBC,EWMA,0.15031152898353176,0.12275211635416766
2025-12-12,DBC,EWMA,0.1467578151682828,0.12316728468751517
2025-12-15,DBC,EWMA,0.1443066565774588,0.12198779646526677
2025-12-16,DBC,EWMA,0.14208861734999895,0.12328720430689023
2025-12-17,DBC,EWMA,0.13899101764103078,0.12607054829992778
2025-12-18,DBC,EWMA,0.13997777792193297,0.12561362647640606
2025-12-19,DBC,EWMA,0.14235993120233992,0.12527506158682455
2025-12-22,DBC,EWMA,0.13873246235696945,0.1283242058828923
2025-12-23,DBC,EWMA,0.14658003916885395,0.1297737988744163
2025-12-24,DBC,EWMA,0.14596296299172354,0.12777172953620253
2025-12-26,DBC,EWMA,0.15015018069813083,0.12593597713495985
2025-12-29,DBC,EWMA,0.1445427172691811,0.1270799667980076
2025-12-30,DBC,EWMA,0.14811367891813051,0.12626136872157886
2025-12-31,DBC,EWMA,0.19775986343201724,0.12950911981263216
